#pragma once
// Auto-generated by scripts/convert_sprite.py from 'firmware/assets/gemini_pass.png'.
// 240x240 x1 frames, 115200 bytes RGB565. Do not hand-edit.
#include <cstdint>
#include "SpritePlayer.hpp"

static const uint16_t FairPass_data[] = {
    0x20e4, 0x20e4, 0x20e4, 0x20e4, 0x20e4, 0x20e4, 0x20e4, 0x20e3, 0x20e3, 0x20e4, 0x20e4, 0x20e4,
    0x20e4, 0x20e4, 0x20e4, 0x20e4, 0x20e4, 0x20e4, 0x20e4, 0x20e4, 0x20e4, 0x20e4, 0x20e4, 0x20e4,
    0x20e4, 0x20e4, 0x20e4, 0x20e4, 0x20e4, 0x2104, 0x2104, 0x2104, 0x2104, 0x2103, 0x18e3, 0x2103,
    0x2103, 0x2104, 0x20e4, 0x20e4, 0x20e4, 0x20e4, 0x20e4, 0x20e4, 0x20e4, 0x20e4, 0x20e3, 0x20e4,
    0x20e4, 0x20e4, 0x20e4, 0x2104, 0x2104, 0x2104, 0x20e4, 0x20e4, 0x2104, 0x20e4, 0x20e4, 0x20e4,
    0x2104, 0x2104, 0x20e4, 0x20e4, 0x20e4, 0x20e4, 0x20e4, 0x20e4, 0x20e4, 0x20e4, 0x20e4, 0x20e4,
    0x20e4, 0x20e4, 0x20e4, 0x20e4, 0x2104, 0x20e4, 0x20e4, 0x20e4, 0x2104, 0x2104, 0x2103, 0x20e4,
    0x20e4, 0x2104, 0x2104, 0x2104, 0x2104, 0x2104, 0x20e4, 0x20e4, 0x20e4, 0x20e4, 0x20e4, 0x20e4,
    0x20e4, 0x20e4, 0x20e4, 0x20e4, 0x2104, 0x20e4, 0x20e3, 0x20e3, 0x20e3, 0x20e4, 0x2104, 0x2104,
    0x18e3, 0x18e3, 0x18e3, 0x2104, 0x2103, 0x2104, 0x20e4, 0x20e4, 0x20e4, 0x20e4, 0x20e4, 0x20e4,
    0x20e4, 0x20e4, 0x20e4, 0x20e4, 0x20e4, 0x20e4, 0x20e4, 0x20e4, 0x20e3, 0x20e3, 0x2104, 0x2104,
    0x2104, 0x2104, 0x20e4, 0x2104, 0x2104, 0x20e4, 0x2104, 0x20e4, 0x20e4, 0x20e4, 0x20e4, 0x20e4,
    0x20e4, 0x20e3, 0x2104, 0x20e4, 0x20e4, 0x20e4, 0x20e4, 0x20e4, 0x20e3, 0x20e4, 0x2104, 0x2104,
    0x1903, 0x2103, 0x2104, 0x2104, 0x1904, 0x2104, 0x2104, 0x20e4, 0x2104, 0x20e4, 0x20e4, 0x20e4,
    0x20e4, 0x20e4, 0x20e4, 0x20e4, 0x20e4, 0x20e3, 0x20e4, 0x20e4, 0x20e4, 0x2103, 0x20e4, 0x20e4,
    0x2104, 0x2103, 0x2104, 0x18e3, 0x1904, 0x18e3, 0x2104, 0x2104, 0x20e4, 0x20e4, 0x20e4, 0x20e3,
    0x20e4, 0x20e3, 0x20e4, 0x20e3, 0x20e4, 0x20e4, 0x20e4, 0x20e4, 0x20e4, 0x20e3, 0x20e3, 0x20e4,
    0x20e4, 0x2104, 0x2103, 0x20e4, 0x2104, 0x20e3, 0x2104, 0x2103, 0x2104, 0x20e4, 0x20e3, 0x20e3,
    0x18e3, 0x2104, 0x20e3, 0x20e4, 0x20e4, 0x20e4, 0x20e3, 0x20e4, 0x20e4, 0x20e4, 0x20e4, 0x20e4,
    0x20e4, 0x20e4, 0x20e4, 0x20e4, 0x20e4, 0x20e4, 0x20e3, 0x20e3, 0x20e3, 0x20e4, 0x20e4, 0x20e4,
    0x20e4, 0x20e4, 0x20e4, 0x20e3, 0x20e4, 0x18e3, 0x18e3, 0x18e3, 0x20e4, 0x20e4, 0x2104, 0x20e4,
    0x20e4, 0x20e4, 0x20e4, 0x20e4, 0x20e4, 0x20e4, 0x20e4, 0x20e4, 0x20e4, 0x20e4, 0x20e4, 0x20e4,
    0x20e4, 0x20e4, 0x20e4, 0x20e4, 0x20e4, 0x2104, 0x2104, 0x2104, 0x2104, 0x2104, 0x2104, 0x2104,
    0x2104, 0x20e4, 0x20e4, 0x20e4, 0x20e4, 0x20e4, 0x20e4, 0x20e3, 0x20e4, 0x20e4, 0x20e4, 0x20e4,
    0x20e4, 0x20e4, 0x20e4, 0x20e4, 0x2104, 0x20e4, 0x20e4, 0x2104, 0x2104, 0x2104, 0x2104, 0x2103,
    0x2104, 0x20e4, 0x20e4, 0x20e4, 0x20e4, 0x20e4, 0x20e4, 0x20e4, 0x20e4, 0x20e4, 0x20e4, 0x20e4,
    0x20e4, 0x20e4, 0x20e4, 0x20e4, 0x20e4, 0x20e4, 0x20e4, 0x20e4, 0x2104, 0x2104, 0x2104, 0x2104,
    0x2103, 0x2104, 0x2103, 0x2104, 0x2104, 0x20e3, 0x20e4, 0x20e4, 0x20e4, 0x20e4, 0x20e4, 0x20e4,
    0x20e4, 0x20e4, 0x20e4, 0x20e4, 0x20e4, 0x20e4, 0x20e4, 0x20e4, 0x1903, 0x2104, 0x2104, 0x1903,
    0x2103, 0x2103, 0x1904, 0x2103, 0x2104, 0x2104, 0x20e4, 0x20e4, 0x20e4, 0x20e4, 0x20e4, 0x20e4,
    0x18e3, 0x2104, 0x20e4, 0x20e4, 0x20e4, 0x20e4, 0x20e4, 0x20e4, 0x20e4, 0x20e4, 0x1903, 0x2104,
    0x2104, 0x2104, 0x2103, 0x2103, 0x2104, 0x2104, 0x20e4, 0x20e4, 0x20e4, 0x20e4, 0x20e4, 0x20e4,
    0x20e4, 0x20e3, 0x20e4, 0x20e4, 0x20e4, 0x20e4, 0x20e4, 0x20e4, 0x20e4, 0x20e4, 0x2104, 0x20e4,
    0x20e4, 0x20e4, 0x20e4, 0x20e4, 0x2104, 0x2104, 0x20e4, 0x2104, 0x20e4, 0x20e4, 0x20e4, 0x20e4,
    0x20e3, 0x20e4, 0x20e4, 0x20e4, 0x20e4, 0x20e4, 0x20e4, 0x20e4, 0x20e4, 0x20e4, 0x20e4, 0x18e4,
    0x2104, 0x2104, 0x2103, 0x2104, 0x18e3, 0x2104, 0x2104, 0x2104, 0x2104, 0x20e4, 0x20e4, 0x20e4,
    0x20e4, 0x20e3, 0x20e3, 0x20e3, 0x18e3, 0x20e4, 0x20e4, 0x20e4, 0x20e4, 0x20e4, 0x20e4, 0x20e4,
    0x20e4, 0x2104, 0x20e4, 0x2104, 0x20e3, 0x2103, 0x2103, 0x2103, 0x20e3, 0x2104, 0x20e4, 0x20e4,
    0x20e3, 0x2104, 0x20e3, 0x20e3, 0x20e3, 0x20e3, 0x20e3, 0x20e4, 0x20e4, 0x20e4, 0x20e3, 0x20e4,
    0x20e4, 0x20e3, 0x20e3, 0x20e3, 0x20e3, 0x20e4, 0x20e4, 0x20e4, 0x2104, 0x20e4, 0x20e4, 0x20e4,
    0x20e4, 0x20e4, 0x20e4, 0x20e3, 0x20e4, 0x2104, 0x20e4, 0x20e4, 0x20e4, 0x20e4, 0x20e4, 0x20e4,
    0x20e4, 0x20e4, 0x20e4, 0x2104, 0x20e4, 0x2104, 0x20e4, 0x20e4, 0x20e4, 0x20e4, 0x20e4, 0x20e4,
    0x20e4, 0x20e4, 0x20e4, 0x20e4, 0x20e4, 0x18e3, 0x18e3, 0x18e3, 0x20e3, 0x20e3, 0x18e3, 0x18e3,
    0x2104, 0x18e3, 0x20e4, 0x2104, 0x20e4, 0x20e4, 0x20e4, 0x20e4, 0x20e4, 0x20e3, 0x20e3, 0x20e4,
    0x20e4, 0x20e4, 0x20e4, 0x20e4, 0x20e4, 0x20e4, 0x18e3, 0x18e3, 0x2104, 0x2104, 0x2104, 0x2104,
    0x18e3, 0x20e3, 0x20e4, 0x20e4, 0x20e4, 0x20e4, 0x20e4, 0x20e4, 0x20e4, 0x20e4, 0x20e4, 0x20e4,
    0x20e4, 0x20e4, 0x20e4, 0x20e4, 0x20e4, 0x20e4, 0x20e4, 0x20e4, 0x18e3, 0x18e3, 0x1903, 0x2104,
    0x18e3, 0x18e3, 0x2104, 0x2104, 0x2104, 0x2104, 0x20e4, 0x20e4, 0x20e4, 0x2104, 0x20e4, 0x20e4,
    0x20e4, 0x20e4, 0x20e4, 0x20e4, 0x20e4, 0x20e4, 0x20e4, 0x18e3, 0x18e3, 0x18e3, 0x18e3, 0x2103,
    0x18e3, 0x18e3, 0x18e3, 0x2104, 0x20e3, 0x2104, 0x20e4, 0x20e4, 0x20e4, 0x20e4, 0x20e4, 0x20e4,
    0x20e4, 0x20e4, 0x2104, 0x2104, 0x20e4, 0x20e4, 0x20e4, 0x20e4, 0x2104, 0x2104, 0x18e3, 0x18e3,
    0x20e4, 0x20e4, 0x18e3, 0x18e3, 0x18e3, 0x2104, 0x20e4, 0x20e4, 0x20e4, 0x2104, 0x20e4, 0x20e4,
    0x20e4, 0x20e4, 0x20e4, 0x20e4, 0x20e4, 0x20e4, 0x20e4, 0x20e4, 0x20e3, 0x18e3, 0x2104, 0x18e3,
    0x18e3, 0x18e3, 0x18e3, 0x18e3, 0x18e3, 0x18e3, 0x2104, 0x2104, 0x20e4, 0x20e4, 0x20e4, 0x20e4,
    0x20e4, 0x20e4, 0x20e4, 0x20e4, 0x20e4, 0x20e4, 0x20e4, 0x20e4, 0x20e4, 0x20e4, 0x2103, 0x20e3,
    0x18e3, 0x18e3, 0x20e4, 0x18e3, 0x18e3, 0x18e3, 0x18e3, 0x2103, 0x2104, 0x20e3, 0x20e4, 0x20e4,
    0x20e4, 0x20e4, 0x20e4, 0x20e3, 0x20e3, 0x20e4, 0x20e4, 0x20e4, 0x20e4, 0x20e4, 0x20e4, 0x20e4,
    0x2103, 0x18e3, 0x18e3, 0x18e3, 0x18e3, 0x18e3, 0x18e3, 0x18e3, 0x2104, 0x2104, 0x20e4, 0x20e4,
    0x20e4, 0x20e3, 0x20e3, 0x20e3, 0x20e3, 0x20e3, 0x20e3, 0x20e3, 0x20e4, 0x20e4, 0x20e3, 0x20e4,
    0x2104, 0x18e3, 0x20e3, 0x20e3, 0x20e3, 0x20e4, 0x20e4, 0x20e4, 0x20e4, 0x20e4, 0x20e4, 0x20e4,
    0x20e4, 0x20e4, 0x20e3, 0x18e3, 0x20e3, 0x20e3, 0x20e3, 0x20e4, 0x20e4, 0x20e4, 0x20e4, 0x20e4,
    0x20e4, 0x20e4, 0x20e4, 0x20e4, 0x20e4, 0x20e4, 0x20e4, 0x20e4, 0x20e4, 0x20e4, 0x20e4, 0x20e4,
    0x20e4, 0x20e4, 0x20e4, 0x20e4, 0x20e4, 0x2104, 0x3147, 0x20e4, 0x2103, 0x18e3, 0x2906, 0x28e5,
    0x20e4, 0x20e3, 0x20e4, 0x20e4, 0x20e4, 0x20e4, 0x20e4, 0x20e4, 0x20e4, 0x20e4, 0x20e4, 0x20e4,
    0x20e4, 0x20e4, 0x20e4, 0x20e4, 0x20e4, 0x18e3, 0x20e4, 0x3126, 0x20e4, 0x2104, 0x2104, 0x28e4,
    0x20e4, 0x20e4, 0x20e4, 0x2104, 0x20e4, 0x2104, 0x20e4, 0x20e4, 0x20e4, 0x20e4, 0x20e4, 0x20e4,
    0x20e4, 0x2104, 0x20e4, 0x2104, 0x2104, 0x20e4, 0x2104, 0x2104, 0x3946, 0x20e4, 0x2104, 0x18e4,
    0x28e5, 0x3126, 0x2104, 0x2104, 0x2104, 0x2104, 0x20e3, 0x20e4, 0x20e4, 0x20e4, 0x20e4, 0x20e4,
    0x20e4, 0x20e4, 0x2104, 0x20e4, 0x20e4, 0x20e4, 0x20e4, 0x20e4, 0x2104, 0x3126, 0x20c4, 0x20e4,
    0x18e3, 0x3126, 0x3126, 0x20e4, 0x18e3, 0x2104, 0x20e4, 0x20e4, 0x20e4, 0x20e4, 0x20e4, 0x20e4,
    0x20e4, 0x20e4, 0x20e4, 0x20e4, 0x20e4, 0x20e4, 0x20e4, 0x20e4, 0x2104, 0x20e4, 0x2905, 0x28e5,
    0x2104, 0x20e4, 0x20e4, 0x2905, 0x20e4, 0x20e3, 0x20e3, 0x20e3, 0x20e4, 0x2104, 0x20e4, 0x20e4,
    0x20e4, 0x20e4, 0x20e4, 0x20e4, 0x20e4, 0x20e4, 0x20e4, 0x2104, 0x20e4, 0x2104, 0x2104, 0x28e5,
    0x2905, 0x2104, 0x18e3, 0x20c4, 0x3967, 0x20e4, 0x2104, 0x2103, 0x20e3, 0x2103, 0x20e4, 0x2104,
    0x20e4, 0x20e4, 0x20e4, 0x20e4, 0x20e4, 0x20e4, 0x20e4, 0x20e4, 0x20e4, 0x20e4, 0x20e3, 0x18e3,
    0x28e5, 0x20c4, 0x18e3, 0x20e3, 0x20e4, 0x3946, 0x2104, 0x2104, 0x20e4, 0x20e4, 0x20e4, 0x20e4,
    0x20e4, 0x20e4, 0x20e4, 0x20e4, 0x20e3, 0x20e4, 0x20e4, 0x20e4, 0x20e4, 0x20e4, 0x20e4, 0x2104,
    0x20e3, 0x28e5, 0x28e5, 0x2104, 0x20e3, 0x20e4, 0x3126, 0x2104, 0x18e3, 0x20e4, 0x20e4, 0x20e4,
    0x20e3, 0x20e4, 0x20e3, 0x20e3, 0x20e4, 0x20e4, 0x20e4, 0x20e4, 0x20e4, 0x20e4, 0x20e4, 0x18e3,
    0x20e4, 0x20e3, 0x20e3, 0x20e4, 0x20e3, 0x20e4, 0x20e4, 0x20e4, 0x20e4, 0x20e4, 0x20e4, 0x20e4,
    0x20e3, 0x20e3, 0x20e3, 0x20e3, 0x20e3, 0x2104, 0x20e4, 0x20e4, 0x20e4, 0x20e4, 0x20e4, 0x2104,
    0x20e3, 0x20c3, 0x20e4, 0x18e3, 0x20e3, 0x20e4, 0x20e4, 0x18e3, 0x20e3, 0x20e4, 0x20e4, 0x20e4,
    0x20e3, 0x18e3, 0x20c3, 0x2104, 0x1903, 0x3988, 0x59eb, 0x5a0a, 0x20c4, 0x3147, 0x51ea, 0x51ca,
    0x20c4, 0x18e3, 0x20e4, 0x20e4, 0x18e3, 0x18e4, 0x20e4, 0x20e4, 0x20e4, 0x20e4, 0x20e3, 0x20e4,
    0x20e4, 0x2103, 0x2104, 0x20e4, 0x18e3, 0x2104, 0x41a8, 0x51ea, 0x51ca, 0x28e5, 0x49ea, 0x51ca,
    0x51ea, 0x20c4, 0x20e3, 0x20e3, 0x20e3, 0x2103, 0x2104, 0x2103, 0x2103, 0x2104, 0x2104, 0x2104,
    0x18e4, 0x2104, 0x18e3, 0x20e3, 0x20c4, 0x18e3, 0x18e4, 0x41a8, 0x51ea, 0x51ea, 0x20e4, 0x3967,
    0x51ca, 0x51ca, 0x28e5, 0x2104, 0x20e4, 0x20e4, 0x18e3, 0x20e4, 0x20e4, 0x20e4, 0x20e4, 0x2104,
    0x18e3, 0x2104, 0x2104, 0x18e3, 0x18e3, 0x18c4, 0x20e4, 0x18e3, 0x20e4, 0x59eb, 0x51ea, 0x20e4,
    0x2905, 0x51ca, 0x51eb, 0x20e4, 0x18e3, 0x20e4, 0x20c4, 0x18e3, 0x20e3, 0x2104, 0x2104, 0x20e4,
    0x2104, 0x18e3, 0x2104, 0x20e4, 0x18e3, 0x2104, 0x20c4, 0x18e4, 0x18e4, 0x2905, 0x520b, 0x51ca,
    0x20e5, 0x3126, 0x51ca, 0x5a0b, 0x28e4, 0x18e3, 0x18e3, 0x20e4, 0x18e3, 0x18e3, 0x18e3, 0x2103,
    0x20e3, 0x20e4, 0x20e3, 0x18e3, 0x18e3, 0x20e4, 0x20e3, 0x18c3, 0x18e3, 0x18e3, 0x20e4, 0x51ea,
    0x51ea, 0x49e9, 0x28e5, 0x51ca, 0x59eb, 0x41a9, 0x2104, 0x20e3, 0x20e4, 0x2104, 0x18e3, 0x2104,
    0x18e3, 0x2104, 0x2104, 0x2104, 0x2104, 0x20e3, 0x20e3, 0x18e3, 0x18e3, 0x20e4, 0x18e3, 0x20c4,
    0x51cb, 0x51eb, 0x3967, 0x20a3, 0x51ca, 0x51eb, 0x4188, 0x18e3, 0x18e3, 0x20e4, 0x18e3, 0x18e3,
    0x18e3, 0x20e3, 0x20e4, 0x2104, 0x2104, 0x18e3, 0x20e4, 0x18e4, 0x2104, 0x18e3, 0x20e4, 0x18e3,
    0x20c4, 0x51eb, 0x51ca, 0x3967, 0x28e5, 0x51ea, 0x59eb, 0x41a8, 0x2103, 0x2103, 0x20e4, 0x18e3,
    0x18e3, 0x18e3, 0x20e3, 0x20e4, 0x20e3, 0x20e3, 0x20e3, 0x20e4, 0x20e3, 0x1903, 0x18c3, 0x18c3,
    0x18e3, 0x18e3, 0x18e3, 0x20e4, 0x20e4, 0x20e4, 0x20e4, 0x20e4, 0x20e4, 0x20e4, 0x20e4, 0x20e3,
    0x20e4, 0x20e3, 0x20e3, 0x20e3, 0x20e4, 0x20e3, 0x20e4, 0x20e4, 0x20e4, 0x20e4, 0x2104, 0x20e3,
    0x20e4, 0x41a8, 0x5a6b, 0x20e4, 0x18e4, 0x20e4, 0x20e4, 0x20e3, 0x2104, 0x20e3, 0x20e4, 0x20e4,
    0x20e4, 0x20c4, 0x28e5, 0x2905, 0x2104, 0x41a8, 0x4989, 0x4168, 0x520a, 0x51ca, 0x28e5, 0x51ea,
    0x20c4, 0x18e3, 0x41a8, 0x524a, 0x20c4, 0x20e4, 0x20e4, 0x2104, 0x20e4, 0x20e3, 0x20e4, 0x18e4,
    0x20e4, 0x20e4, 0x20c4, 0x49e8, 0x41c8, 0x18e3, 0x49e9, 0x49a9, 0x28c4, 0x51ca, 0x51ea, 0x20c5,
    0x520a, 0x20c4, 0x2104, 0x41c8, 0x524b, 0x20e4, 0x20e4, 0x20e4, 0x20e4, 0x18e3, 0x2104, 0x20e4,
    0x20e4, 0x20e4, 0x20e4, 0x20c4, 0x3947, 0x3125, 0x18e3, 0x4a0a, 0x51ea, 0x28e5, 0x51ca, 0x49ca,
    0x20c5, 0x51ea, 0x2905, 0x18e3, 0x41a8, 0x49e9, 0x20e4, 0x20e4, 0x20e4, 0x18e4, 0x18e3, 0x2104,
    0x2104, 0x20e4, 0x20e4, 0x20e4, 0x20c4, 0x3126, 0x41a8, 0x18e3, 0x28e4, 0x49c9, 0x3106, 0x49c9,
    0x49a9, 0x20a4, 0x51ca, 0x20c4, 0x18e3, 0x49e9, 0x49e9, 0x20c4, 0x20e4, 0x20e4, 0x2104, 0x2104,
    0x20e4, 0x20e4, 0x20e4, 0x18e4, 0x20e4, 0x20e4, 0x522a, 0x4a09, 0x2104, 0x2926, 0x51ea, 0x20a4,
    0x49aa, 0x49aa, 0x28e5, 0x51ca, 0x3125, 0x18e3, 0x3987, 0x522a, 0x20c4, 0x20e4, 0x20e4, 0x18e4,
    0x20e3, 0x1903, 0x18e4, 0x20e3, 0x20e4, 0x20e3, 0x20c4, 0x41a8, 0x41c8, 0x18e3, 0x2105, 0x51ea,
    0x20a4, 0x49c9, 0x51ca, 0x3147, 0x51ca, 0x49e9, 0x1903, 0x2905, 0x3967, 0x20e4, 0x20e4, 0x20e4,
    0x20e4, 0x2103, 0x2104, 0x2104, 0x20e4, 0x20e4, 0x20c4, 0x20e4, 0x4a09, 0x49e9, 0x2104, 0x20e4,
    0x51ca, 0x28c5, 0x51ca, 0x49a9, 0x28e5, 0x51ca, 0x49e9, 0x18e3, 0x41c8, 0x3967, 0x20c4, 0x20e4,
    0x20e4, 0x20e4, 0x20e3, 0x18e3, 0x20e3, 0x20e4, 0x20e4, 0x20e4, 0x2104, 0x522a, 0x3988, 0x18e3,
    0x20c4, 0x5a0b, 0x28e5, 0x51ca, 0x51ea, 0x4188, 0x51ea, 0x41c9, 0x18e3, 0x2925, 0x3147, 0x20c4,
    0x2104, 0x20e4, 0x2104, 0x20e3, 0x1904, 0x2104, 0x20e4, 0x20e4, 0x20e4, 0x20e4, 0x4a09, 0x41c8,
    0x18c3, 0x2103, 0x2103, 0x20e4, 0x20e4, 0x20e4, 0x20e4, 0x20e4, 0x20e4, 0x20e4, 0x20e4, 0x20e4,
    0x20e3, 0x20e3, 0x20e3, 0x20e3, 0x20e4, 0x20e4, 0x20e4, 0x20e3, 0x20e4, 0x20e4, 0x2104, 0x18e3,
    0x2104, 0x522a, 0x520a, 0x520a, 0x5a4b, 0x51ea, 0x4168, 0x20c3, 0x18e4, 0x3147, 0x51ea, 0x520a,
    0x520a, 0x520a, 0x5a4b, 0x20e4, 0x2103, 0x20e4, 0x524a, 0x20e4, 0x51ea, 0x520a, 0x2904, 0x41c8,
    0x2104, 0x20e3, 0x41c8, 0x51ea, 0x49c9, 0x49e9, 0x522a, 0x3967, 0x2905, 0x18e3, 0x41a8, 0x49a9,
    0x49ea, 0x520a, 0x520a, 0x522a, 0x2905, 0x18e3, 0x18e4, 0x522a, 0x20e4, 0x51ea, 0x520a, 0x20e4,
    0x49e9, 0x20e4, 0x2104, 0x39a7, 0x49c9, 0x520a, 0x520a, 0x49e9, 0x4188, 0x2905, 0x20e3, 0x3967,
    0x4188, 0x522b, 0x522a, 0x51ea, 0x520a, 0x28e5, 0x2104, 0x20e4, 0x5a4a, 0x20e4, 0x51ca, 0x51ea,
    0x20e4, 0x49e9, 0x20e3, 0x2104, 0x41a8, 0x5a4b, 0x522a, 0x522b, 0x520a, 0x4168, 0x2905, 0x20e3,
    0x3126, 0x49c9, 0x520a, 0x520a, 0x522a, 0x5a2b, 0x2905, 0x2104, 0x2104, 0x5229, 0x20e4, 0x49c9,
    0x51ea, 0x20e4, 0x5229, 0x20e4, 0x18e4, 0x3967, 0x520a, 0x49c9, 0x49c9, 0x520a, 0x4188, 0x3967,
    0x20e4, 0x3967, 0x41a9, 0x49e9, 0x49e9, 0x4a0a, 0x520a, 0x3987, 0x18e3, 0x20e4, 0x524a, 0x20e4,
    0x51ea, 0x51ca, 0x20e4, 0x5209, 0x20e3, 0x2104, 0x3126, 0x522b, 0x51ea, 0x522a, 0x49e9, 0x4188,
    0x3987, 0x20e4, 0x20e4, 0x4188, 0x522a, 0x520a, 0x520a, 0x5a4b, 0x41a8, 0x20e4, 0x20e4, 0x5a4a,
    0x20e4, 0x49c9, 0x51ca, 0x28e4, 0x524a, 0x20e4, 0x20e4, 0x20e4, 0x524b, 0x520a, 0x5a2b, 0x522a,
    0x49a9, 0x41a8, 0x2104, 0x20c4, 0x49c9, 0x49e9, 0x520a, 0x49ea, 0x51ea, 0x41e8, 0x2104, 0x20e4,
    0x5229, 0x20c4, 0x49c9, 0x51ea, 0x20c4, 0x4a09, 0x18c3, 0x2104, 0x2104, 0x5a6b, 0x51ea, 0x49e9,
    0x49e9, 0x4188, 0x41a8, 0x18e3, 0x2925, 0x49a9, 0x5209, 0x49e9, 0x520a, 0x41a8, 0x49e9, 0x18e3,
    0x2104, 0x4a09, 0x2925, 0x51ea, 0x51ea, 0x20e4, 0x524a, 0x20e4, 0x2103, 0x20e4, 0x49ea, 0x520a,
    0x49e9, 0x49e9, 0x520a, 0x3988, 0x20e3, 0x20e4, 0x520a, 0x5a4b, 0x5a4b, 0x522a, 0x51ea, 0x4a09,
    0x20e3, 0x18e3, 0x2103, 0x2104, 0x20e4, 0x20e4, 0x20e4, 0x20e4, 0x20e3, 0x20e4, 0x20e4, 0x20e4,
    0x20e4, 0x20e3, 0x20e3, 0x20e4, 0x20e4, 0x20e4, 0x20e4, 0x20e3, 0x20e4, 0x20e4, 0x2104, 0x20e3,
    0x2904, 0x2104, 0x522a, 0x2104, 0x3125, 0x20c4, 0x520a, 0x2905, 0x20e4, 0x520b, 0x520a, 0x20e4,
    0x2104, 0x20e4, 0x2905, 0x20e4, 0x3166, 0x20e4, 0x2103, 0x20a3, 0x41a8, 0x49c9, 0x2104, 0x2104,
    0x20e4, 0x20e4, 0x20e4, 0x522a, 0x20e4, 0x2104, 0x20e4, 0x51ea, 0x522a, 0x20e4, 0x520a, 0x4a0a,
    0x18c3, 0x2905, 0x20e4, 0x28e5, 0x20e4, 0x3166, 0x20e4, 0x20e3, 0x20e4, 0x51ea, 0x51ea, 0x20e4,
    0x20e4, 0x20e4, 0x3966, 0x20e4, 0x524b, 0x20e4, 0x3146, 0x20e4, 0x51ea, 0x4a0a, 0x20e4, 0x520a,
    0x49c9, 0x18c4, 0x3146, 0x20c4, 0x2905, 0x20c4, 0x3126, 0x2104, 0x2103, 0x20c4, 0x522a, 0x520a,
    0x20e4, 0x20e3, 0x18c3, 0x3146, 0x2104, 0x4a09, 0x20e4, 0x3146, 0x20e4, 0x51ea, 0x4188, 0x20e4,
    0x520a, 0x51ea, 0x20c4, 0x2925, 0x20e4, 0x41c8, 0x20e4, 0x3166, 0x18e4, 0x2103, 0x20c4, 0x522a,
    0x51ea, 0x20c3, 0x20e3, 0x18c3, 0x3125, 0x20c4, 0x41c8, 0x20e4, 0x20e4, 0x18c3, 0x51ea, 0x520a,
    0x2104, 0x522b, 0x5a2b, 0x20c4, 0x3987, 0x2905, 0x39a7, 0x20e4, 0x3987, 0x18c3, 0x2103, 0x20e4,
    0x5a2b, 0x520a, 0x20c4, 0x18e3, 0x18c3, 0x3166, 0x20e4, 0x49e9, 0x2104, 0x2925, 0x20c4, 0x520a,
    0x520a, 0x20e4, 0x3987, 0x520a, 0x20c4, 0x3987, 0x20e4, 0x49e9, 0x20e4, 0x2905, 0x20e3, 0x2103,
    0x20e3, 0x520a, 0x520a, 0x20c4, 0x20e3, 0x20e4, 0x3987, 0x2104, 0x20e4, 0x20e4, 0x2905, 0x20c4,
    0x41c9, 0x51ea, 0x2104, 0x49e9, 0x51ea, 0x20e4, 0x3166, 0x2104, 0x522a, 0x20e4, 0x3146, 0x20e4,
    0x2104, 0x20e4, 0x520a, 0x51ea, 0x20e4, 0x18e3, 0x18e3, 0x3966, 0x20a3, 0x20e4, 0x20c4, 0x18c3,
    0x18a3, 0x49c9, 0x520b, 0x18c3, 0x520a, 0x51ea, 0x20e4, 0x41a7, 0x20e4, 0x4a09, 0x20c4, 0x2925,
    0x20e4, 0x2104, 0x2104, 0x520a, 0x520a, 0x20c4, 0x2103, 0x18e3, 0x3966, 0x18c4, 0x3146, 0x20e4,
    0x20e4, 0x20e4, 0x520a, 0x5a0a, 0x20e4, 0x2905, 0x51eb, 0x20c3, 0x3166, 0x20e4, 0x522a, 0x20e4,
    0x3146, 0x18e4, 0x2104, 0x20e4, 0x20e3, 0x20e4, 0x20e4, 0x20e4, 0x20e4, 0x20e4, 0x20e4, 0x20e4,
    0x20e3, 0x20e3, 0x20e3, 0x20e4, 0x20e4, 0x20e4, 0x20e4, 0x20e4, 0x2104, 0x20e4, 0x20e4, 0x20e4,
    0x49c8, 0x5a2a, 0x3126, 0x2905, 0x3147, 0x20e4, 0x522b, 0x20c4, 0x20e4, 0x4a0a, 0x41c8, 0x49e9,
    0x28e5, 0x520a, 0x3947, 0x3987, 0x49e8, 0x18c4, 0x3126, 0x49c9, 0x20c3, 0x3987, 0x522a, 0x2905,
    0x3166, 0x49e9, 0x49e9, 0x3967, 0x2905, 0x3126, 0x20e4, 0x520a, 0x49e9, 0x20e4, 0x524b, 0x41e9,
    0x2925, 0x2905, 0x41e9, 0x28e5, 0x3146, 0x4a09, 0x20c3, 0x20e4, 0x520a, 0x20e4, 0x3967, 0x51ea,
    0x20e4, 0x2905, 0x4a29, 0x3987, 0x3967, 0x3126, 0x3126, 0x20e4, 0x520a, 0x4a0a, 0x2104, 0x522a,
    0x522a, 0x2925, 0x20c4, 0x49c9, 0x30e5, 0x2905, 0x524a, 0x20e4, 0x20e5, 0x520a, 0x2905, 0x39a8,
    0x51ea, 0x20e4, 0x2104, 0x524b, 0x4a0a, 0x20c4, 0x2925, 0x3147, 0x20c4, 0x522a, 0x28e4, 0x20e4,
    0x524b, 0x5a4b, 0x3966, 0x2905, 0x41c8, 0x20a4, 0x2905, 0x4a29, 0x20e4, 0x20c4, 0x49c9, 0x20e4,
    0x2925, 0x520a, 0x28e5, 0x20e4, 0x526a, 0x49c9, 0x28c5, 0x3987, 0x2905, 0x18a3, 0x522a, 0x5a6b,
    0x2104, 0x5a8b, 0x5a4b, 0x20e4, 0x3126, 0x3987, 0x28c5, 0x41c9, 0x41e8, 0x20e4, 0x20c4, 0x520a,
    0x28e4, 0x2905, 0x51ea, 0x20c4, 0x2104, 0x524a, 0x3967, 0x28e5, 0x3967, 0x28e5, 0x3146, 0x5a6b,
    0x5a6b, 0x20e4, 0x20e4, 0x522a, 0x20e4, 0x3146, 0x41a8, 0x3126, 0x522a, 0x4a09, 0x20c4, 0x20c4,
    0x4a0a, 0x41a8, 0x20e4, 0x520a, 0x20c4, 0x20e4, 0x49e9, 0x49c8, 0x41a8, 0x49e8, 0x28e5, 0x41c8,
    0x41c8, 0x49e9, 0x18e3, 0x3146, 0x520a, 0x2104, 0x3126, 0x3967, 0x3146, 0x4167, 0x41a7, 0x2905,
    0x20c4, 0x49ea, 0x3166, 0x20e4, 0x51e9, 0x20e4, 0x20e3, 0x524a, 0x3967, 0x3967, 0x41c8, 0x28e4,
    0x2925, 0x4a09, 0x5a2a, 0x20e3, 0x41c8, 0x520a, 0x20e4, 0x3146, 0x3987, 0x3967, 0x524a, 0x41c8,
    0x2104, 0x20e4, 0x520a, 0x3125, 0x20e4, 0x49c9, 0x20c4, 0x20e4, 0x524a, 0x41c8, 0x3947, 0x41c8,
    0x28e5, 0x39a7, 0x5a4a, 0x49ea, 0x18e4, 0x20c4, 0x520a, 0x20e4, 0x3967, 0x3967, 0x3967, 0x524b,
    0x3967, 0x20e4, 0x2104, 0x20e4, 0x20e4, 0x20e4, 0x20e4, 0x20e4, 0x20e4, 0x20e4, 0x20e4, 0x20e4,
    0x20e4, 0x18e3, 0x18e3, 0x20e4, 0x20e3, 0x20e4, 0x20e4, 0x20e4, 0x18e4, 0x20e3, 0x20e4, 0x20c3,
    0x3125, 0x520a, 0x5229, 0x20e4, 0x20e4, 0x20e4, 0x522b, 0x522a, 0x4a09, 0x522a, 0x49e9, 0x2904,
    0x20e4, 0x2104, 0x49e9, 0x3947, 0x4188, 0x51ea, 0x51ea, 0x20a4, 0x20c4, 0x28e5, 0x51ea, 0x51ea,
    0x522a, 0x3967, 0x3126, 0x41c8, 0x20e4, 0x20e4, 0x20e4, 0x522a, 0x5a4a, 0x5a4b, 0x5a4b, 0x5a6b,
    0x20e4, 0x18e4, 0x20e4, 0x41a8, 0x2905, 0x3147, 0x520a, 0x51ea, 0x4188, 0x28e5, 0x28e5, 0x51ea,
    0x59eb, 0x520a, 0x3967, 0x3126, 0x4a0a, 0x20e4, 0x2104, 0x2104, 0x5a6b, 0x5a6b, 0x5a4b, 0x522a,
    0x51e9, 0x20e4, 0x20e4, 0x2105, 0x520a, 0x3147, 0x3147, 0x520b, 0x51ea, 0x4189, 0x2905, 0x2925,
    0x49ca, 0x49aa, 0x49e9, 0x3126, 0x49c9, 0x4a09, 0x20e4, 0x20e4, 0x2104, 0x524b, 0x5a6b, 0x522a,
    0x522a, 0x5a4b, 0x20e4, 0x20e4, 0x20e4, 0x524b, 0x3967, 0x3967, 0x49ea, 0x49aa, 0x3947, 0x20e4,
    0x28e5, 0x49c9, 0x51ca, 0x520a, 0x3967, 0x3947, 0x49e9, 0x18c4, 0x20c3, 0x20e4, 0x522a, 0x522a,
    0x5a4b, 0x5a6b, 0x5a8c, 0x2104, 0x20e3, 0x20e4, 0x4a09, 0x28e5, 0x3126, 0x520a, 0x51ea, 0x520a,
    0x3125, 0x2905, 0x4188, 0x51ca, 0x520a, 0x3125, 0x3146, 0x4a09, 0x2104, 0x20e4, 0x20e4, 0x522a,
    0x5a4b, 0x49e9, 0x524b, 0x520a, 0x20e4, 0x2104, 0x2104, 0x524a, 0x41a8, 0x3146, 0x520a, 0x51ca,
    0x49ca, 0x3125, 0x2905, 0x4168, 0x51ca, 0x51ea, 0x3125, 0x3146, 0x41a8, 0x20e4, 0x20e4, 0x20e4,
    0x524b, 0x524a, 0x522a, 0x4a09, 0x522a, 0x20e4, 0x20e4, 0x20e4, 0x524a, 0x49e9, 0x3146, 0x49e9,
    0x51ca, 0x49ea, 0x28e5, 0x2905, 0x3126, 0x51ca, 0x5a2b, 0x3146, 0x3126, 0x520a, 0x20e4, 0x2104,
    0x20e4, 0x524a, 0x524a, 0x5a4b, 0x522a, 0x524b, 0x20c4, 0x2104, 0x2104, 0x41c8, 0x49c9, 0x3146,
    0x51ea, 0x51ea, 0x5a0b, 0x2905, 0x28e4, 0x3106, 0x51ca, 0x520a, 0x3967, 0x3967, 0x522a, 0x2104,
    0x20e4, 0x2104, 0x49e9, 0x5a4b, 0x41c8, 0x524a, 0x520a, 0x20c4, 0x2104, 0x2105, 0x41c8, 0x520a,
    0x20c4, 0x18a3, 0x18e3, 0x20e4, 0x20e4, 0x20e4, 0x20e4, 0x20e4, 0x20e4, 0x20e3, 0x20e4, 0x20e4,
    0x20e4, 0x20e3, 0x20e3, 0x20e4, 0x20e4, 0x20e4, 0x20e3, 0x20e4, 0x2104, 0x18e3, 0x2103, 0x20e4,
    0x51ea, 0x28c5, 0x20e4, 0x20e4, 0x28e4, 0x49e9, 0x20e4, 0x51ea, 0x51ea, 0x3947, 0x2904, 0x49e9,
    0x2104, 0x2905, 0x28e5, 0x4188, 0x51ea, 0x49ea, 0x51ea, 0x28c5, 0x49a9, 0x4168, 0x5a2b, 0x5a2b,
    0x520a, 0x51ea, 0x3106, 0x20e4, 0x20e4, 0x20c4, 0x49c9, 0x20c4, 0x522a, 0x520a, 0x520a, 0x20e4,
    0x522a, 0x20e4, 0x20e4, 0x20c4, 0x3127, 0x520a, 0x520a, 0x51ea, 0x3106, 0x51ea, 0x5a0b, 0x3947,
    0x520a, 0x51ea, 0x51ea, 0x3126, 0x20e4, 0x20e4, 0x20e4, 0x4188, 0x2105, 0x520a, 0x51ca, 0x520a,
    0x20e4, 0x49e9, 0x20c4, 0x20e4, 0x20c4, 0x3106, 0x49c9, 0x51ea, 0x51ca, 0x20a4, 0x5a2b, 0x520b,
    0x20a4, 0x51ea, 0x51ea, 0x49a9, 0x20c5, 0x20c4, 0x20e4, 0x20c4, 0x4a09, 0x20e4, 0x5a0a, 0x51ca,
    0x41c8, 0x20e4, 0x49e9, 0x20e4, 0x20e4, 0x20c4, 0x3967, 0x49ca, 0x51ea, 0x51ea, 0x28a5, 0x49a9,
    0x4168, 0x3947, 0x51ea, 0x51ea, 0x51ea, 0x3126, 0x20c4, 0x20c4, 0x20c4, 0x49e9, 0x20c4, 0x520a,
    0x51ea, 0x522a, 0x20e4, 0x524a, 0x20e4, 0x20e4, 0x20a4, 0x28c5, 0x49c9, 0x51ea, 0x520a, 0x30e6,
    0x5a2b, 0x5a2a, 0x28a5, 0x5a0b, 0x51ea, 0x51ca, 0x30e5, 0x20c4, 0x20e4, 0x28e4, 0x49e9, 0x2104,
    0x520a, 0x51ea, 0x520a, 0x20e4, 0x524a, 0x28e4, 0x20e4, 0x20c4, 0x28c5, 0x49a9, 0x520a, 0x51ea,
    0x3947, 0x5a2b, 0x5a2b, 0x28e5, 0x51ea, 0x520a, 0x51ea, 0x3947, 0x20c4, 0x20e4, 0x20e4, 0x41a8,
    0x20c4, 0x522a, 0x51e9, 0x5a2a, 0x20e4, 0x41a8, 0x20c4, 0x20c4, 0x20c4, 0x3126, 0x49a9, 0x51ea,
    0x51eb, 0x3906, 0x520a, 0x49ca, 0x28c5, 0x51ea, 0x51ea, 0x520b, 0x3126, 0x20c4, 0x20e4, 0x20e4,
    0x522a, 0x20c4, 0x49e9, 0x520a, 0x5a4b, 0x20c4, 0x4a09, 0x20c4, 0x2104, 0x20e4, 0x28e5, 0x51ea,
    0x520a, 0x51ea, 0x3927, 0x49a9, 0x49a9, 0x28c5, 0x5a0b, 0x520b, 0x51ea, 0x3127, 0x28c4, 0x20e4,
    0x28e5, 0x49e9, 0x20e4, 0x49e9, 0x49c9, 0x51ea, 0x28e4, 0x522a, 0x20c4, 0x20e4, 0x28e5, 0x20c5,
    0x4168, 0x18a3, 0x18e3, 0x2103, 0x20e3, 0x20e4, 0x20e3, 0x20e4, 0x20e4, 0x20e4, 0x20e4, 0x20e4,
    0x20e4, 0x20e4, 0x2104, 0x20e4, 0x2103, 0x20e3, 0x18c3, 0x20c4, 0x20e4, 0x20e3, 0x18e3, 0x20c4,
    0x49e9, 0x51e9, 0x520a, 0x520a, 0x520a, 0x2905, 0x20e4, 0x28e4, 0x28e4, 0x20c4, 0x20e4, 0x20a4,
    0x522a, 0x522a, 0x51ea, 0x49e9, 0x28c4, 0x20e4, 0x28c4, 0x3146, 0x28e5, 0x28e5, 0x49e9, 0x20e4,
    0x20e5, 0x3106, 0x51ea, 0x520a, 0x520a, 0x49e9, 0x2104, 0x28e4, 0x20e4, 0x20e4, 0x20e4, 0x2104,
    0x20c4, 0x520a, 0x520a, 0x520a, 0x520a, 0x20c5, 0x20e4, 0x20e4, 0x3988, 0x20c5, 0x2925, 0x3167,
    0x20e5, 0x20e4, 0x2905, 0x51ea, 0x520b, 0x520a, 0x520a, 0x20e4, 0x2925, 0x20e5, 0x2906, 0x20e5,
    0x2105, 0x20e5, 0x49ea, 0x49ea, 0x51ea, 0x49ca, 0x3126, 0x20e4, 0x20e5, 0x3167, 0x20e5, 0x20e5,
    0x3167, 0x20c4, 0x20e5, 0x3967, 0x49ea, 0x51ea, 0x51ea, 0x4a0a, 0x2105, 0x2105, 0x20e5, 0x2905,
    0x20e4, 0x20e4, 0x18a4, 0x520a, 0x520a, 0x49ea, 0x49ea, 0x28e6, 0x2905, 0x20e5, 0x3988, 0x2906,
    0x3147, 0x41c9, 0x20e5, 0x2105, 0x20c5, 0x4a0a, 0x51ea, 0x520b, 0x49ea, 0x2105, 0x2105, 0x20c5,
    0x20e5, 0x20c4, 0x20e4, 0x20c4, 0x522b, 0x4a0a, 0x49eb, 0x520b, 0x2906, 0x20e4, 0x20a2, 0x3965,
    0x3124, 0x28e2, 0x3123, 0x20c2, 0x28e2, 0x20a1, 0x4985, 0x4986, 0x49c6, 0x49a6, 0x28e2, 0x20e1,
    0x28e2, 0x3123, 0x20e2, 0x20e1, 0x20c1, 0x51e7, 0x51e7, 0x49a6, 0x4985, 0x3903, 0x1881, 0x20c1,
    0x28c2, 0x20c2, 0x2081, 0x3123, 0x2902, 0x28e2, 0x3123, 0x49a5, 0x49a6, 0x51e7, 0x49c6, 0x28c2,
    0x2102, 0x20a1, 0x20c1, 0x28c2, 0x2922, 0x20c1, 0x41a6, 0x51e7, 0x5a07, 0x49a6, 0x3924, 0x20c2,
    0x20c1, 0x3103, 0x28e3, 0x3944, 0x3964, 0x28e2, 0x20c1, 0x28e2, 0x49c6, 0x51e7, 0x51e7, 0x5a07,
    0x28e2, 0x2902, 0x28c2, 0x28e2, 0x20a1, 0x20e2, 0x20c1, 0x41a6, 0x49c6, 0x5208, 0x51e7, 0x3103,
    0x20c1, 0x20a1, 0x3923, 0x3103, 0x20c1, 0x28c2, 0x20a1, 0x28e2, 0x20a1, 0x49a6, 0x51c7, 0x5207,
    0x51e7, 0x3103, 0x20e1, 0x20c1, 0x28e2, 0x20c1, 0x28e2, 0x28e2, 0x51e7, 0x5a07, 0x51e7, 0x49a6,
    0x4165, 0x20c3, 0x18e4, 0x20c4, 0x2104, 0x20e4, 0x18c4, 0x2104, 0x2104, 0x20e4, 0x20e4, 0x20e3,
    0x20e4, 0x20e3, 0x20e4, 0x20e4, 0x20e4, 0x2104, 0x51ea, 0x520a, 0x49c9, 0x520a, 0x2905, 0x20e4,
    0x41c7, 0x41a7, 0x41a7, 0x41a7, 0x41a7, 0x41a7, 0x41a7, 0x4187, 0x4187, 0x3987, 0x41a7, 0x3987,
    0x3987, 0x3987, 0x4187, 0x41a8, 0x3987, 0x41a8, 0x4187, 0x41a7, 0x3987, 0x3987, 0x41a7, 0x41a8,
    0x41a8, 0x3987, 0x3988, 0x3987, 0x3987, 0x3988, 0x3988, 0x3987, 0x41a8, 0x41a8, 0x3988, 0x3988,
    0x3988, 0x3968, 0x3167, 0x3167, 0x3988, 0x3167, 0x3167, 0x3988, 0x3988, 0x3188, 0x3167, 0x3188,
    0x3168, 0x3167, 0x3167, 0x3167, 0x3167, 0x3167, 0x3167, 0x3187, 0x3168, 0x3188, 0x3167, 0x3167,
    0x3168, 0x3167, 0x3167, 0x3167, 0x2967, 0x3167, 0x2967, 0x3168, 0x3187, 0x3167, 0x3167, 0x3168,
    0x3167, 0x2967, 0x2947, 0x3168, 0x3168, 0x3168, 0x2967, 0x3168, 0x3167, 0x3167, 0x3168, 0x3168,
    0x3168, 0x3168, 0x3168, 0x3147, 0x2968, 0x2968, 0x3168, 0x3168, 0x2967, 0x3168, 0x3147, 0x3168,
    0x2947, 0x3168, 0x3168, 0x3168, 0x3168, 0x3168, 0x3168, 0x2968, 0x3168, 0x3168, 0x3168, 0x3168,
    0x3168, 0x3168, 0x3168, 0x3168, 0x3168, 0x3168, 0x3168, 0x3168, 0x3148, 0x4188, 0xff7a, 0xff77,
    0xff57, 0xff57, 0xff57, 0xff57, 0xff77, 0xff57, 0xff57, 0xff57, 0xff57, 0xff57, 0xff57, 0xff57,
    0xff56, 0xff57, 0xff57, 0xff57, 0xff56, 0xff57, 0xf757, 0xff57, 0xff57, 0xff57, 0xff56, 0xff57,
    0xff57, 0xff57, 0xff77, 0xff57, 0xff57, 0xff56, 0xff57, 0xff57, 0xff57, 0xff56, 0xff56, 0xff57,
    0xff57, 0xf757, 0xff57, 0xf757, 0xff57, 0xff57, 0xff57, 0xff57, 0xff36, 0xff57, 0xff56, 0xff57,
    0xff57, 0xff57, 0xff56, 0xff57, 0xff57, 0xff57, 0xff56, 0xff57, 0xff57, 0xff57, 0xff57, 0xff57,
    0xff77, 0xff57, 0xff57, 0xff57, 0xff57, 0xff77, 0xff57, 0xff57, 0xff57, 0xff57, 0xff57, 0xff57,
    0xff57, 0xff57, 0xff56, 0xff56, 0xf757, 0xf757, 0xff57, 0xff57, 0xff57, 0xff77, 0xf736, 0xff57,
    0xff57, 0xf757, 0xff57, 0xff57, 0xff57, 0xff57, 0xff57, 0xff56, 0xff57, 0xf756, 0xf756, 0xff56,
    0xff97, 0x3984, 0x18c4, 0x49ea, 0x49c9, 0x51ea, 0x51ca, 0x20e4, 0x20e3, 0x20e4, 0x20e4, 0x20e4,
    0x20e4, 0x18e3, 0x2103, 0x20e4, 0x2104, 0x20e4, 0x51ea, 0x28e5, 0x2904, 0x20e4, 0x524a, 0x20e4,
    0x41a7, 0x41a7, 0x41a7, 0x41c7, 0x41a8, 0x41a7, 0x41a7, 0x41a7, 0x41a8, 0x41a7, 0x41a7, 0x3987,
    0x3988, 0x3987, 0x3987, 0x41a7, 0x41a7, 0x41a7, 0x3987, 0x39a7, 0x3987, 0x41a8, 0x3987, 0x3987,
    0x3987, 0x3987, 0x3987, 0x3987, 0x4187, 0x3987, 0x3987, 0x3987, 0x3987, 0x3987, 0x3988, 0x3967,
    0x3968, 0x3988, 0x3988, 0x3988, 0x3167, 0x3168, 0x3167, 0x3988, 0x3187, 0x3168, 0x3167, 0x3187,
    0x3187, 0x3187, 0x3187, 0x3168, 0x3167, 0x3168, 0x3188, 0x3168, 0x3167, 0x3167, 0x3167, 0x3167,
    0x3167, 0x3167, 0x3168, 0x3168, 0x3167, 0x3168, 0x3167, 0x3167, 0x3168, 0x3168, 0x3168, 0x2967,
    0x2947, 0x3167, 0x3168, 0x3168, 0x3168, 0x3168, 0x3168, 0x3168, 0x3168, 0x3168, 0x3168, 0x3168,
    0x2967, 0x3168, 0x2968, 0x2948, 0x3168, 0x3168, 0x3168, 0x3168, 0x3168, 0x2947, 0x3168, 0x3168,
    0x3188, 0x3148, 0x3168, 0x3168, 0x3168, 0x3168, 0x3168, 0x3168, 0x3148, 0x3168, 0x3168, 0x3168,
    0x3168, 0x2968, 0x3168, 0x3168, 0x3168, 0x3168, 0x3188, 0x3168, 0x2968, 0x4188, 0xff5a, 0xf736,
    0xff36, 0xff36, 0xff36, 0xf736, 0xff36, 0xf736, 0xf736, 0xf736, 0xff36, 0xff36, 0xf736, 0xff36,
    0xff36, 0xf716, 0xf736, 0xf736, 0xf736, 0xff36, 0xf736, 0xf736, 0xf736, 0xf736, 0xf736, 0xff36,
    0xf736, 0xff36, 0xf736, 0xff36, 0xff36, 0xff36, 0xf736, 0xff36, 0xff36, 0xf736, 0xf736, 0xf736,
    0xf736, 0xff36, 0xff36, 0xff36, 0xf736, 0xff36, 0xf736, 0xff36, 0xff36, 0xff36, 0xff36, 0xf736,
    0xf736, 0xf736, 0xf736, 0xf736, 0xff36, 0xf736, 0xf736, 0xff36, 0xf736, 0xf736, 0xff36, 0xf736,
    0xf736, 0xf736, 0xf736, 0xff36, 0xff36, 0xf736, 0xf736, 0xf736, 0xf736, 0xf736, 0xf736, 0xf736,
    0xf736, 0xf736, 0xf736, 0xf736, 0xf736, 0xf736, 0xf736, 0xf736, 0xff36, 0xf736, 0xf736, 0xf736,
    0xf736, 0xff36, 0xf736, 0xff36, 0xf736, 0xf736, 0xf736, 0xf736, 0xf736, 0xf736, 0xf736, 0xf736,
    0xff56, 0x3964, 0x49e9, 0x20c4, 0x20e4, 0x28e4, 0x51ea, 0x20e4, 0x18c3, 0x20e3, 0x20e4, 0x20e4,
    0x20e3, 0x20e3, 0x20e3, 0x20e4, 0x20e4, 0x2104, 0x520a, 0x3146, 0x49e9, 0x20e4, 0x3146, 0x28e5,
    0x41a7, 0x41a7, 0x41a8, 0x41a7, 0x41c7, 0x49c7, 0x49a7, 0x49c7, 0x41a7, 0x41a7, 0x41a7, 0x3987,
    0x41a7, 0x3987, 0x41a7, 0x41a8, 0x41a7, 0x41a7, 0x41a8, 0x41a7, 0x41a8, 0x41a7, 0x3987, 0x3988,
    0x3988, 0x41a8, 0x3988, 0x3987, 0x3967, 0x3987, 0x3987, 0x3987, 0x3987, 0x3988, 0x3988, 0x3988,
    0x3988, 0x3988, 0x3188, 0x3167, 0x3188, 0x3167, 0x3988, 0x3167, 0x3188, 0x3988, 0x3167, 0x3167,
    0x3187, 0x3167, 0x3187, 0x3167, 0x3188, 0x3188, 0x3188, 0x3168, 0x3167, 0x3168, 0x2947, 0x3168,
    0x3168, 0x3168, 0x3188, 0x3168, 0x3168, 0x3168, 0x3168, 0x3168, 0x3167, 0x2967, 0x3167, 0x2967,
    0x3167, 0x3147, 0x3168, 0x3167, 0x3168, 0x3168, 0x3188, 0x3168, 0x3168, 0x3168, 0x3188, 0x3168,
    0x3168, 0x3147, 0x3168, 0x3168, 0x3168, 0x3168, 0x3168, 0x2968, 0x3168, 0x3168, 0x3168, 0x3168,
    0x3168, 0x3168, 0x3168, 0x3188, 0x3168, 0x3148, 0x3168, 0x3168, 0x3168, 0x3168, 0x3168, 0x3168,
    0x3168, 0x3168, 0x3168, 0x3168, 0x3168, 0x3188, 0x3188, 0x3168, 0x3168, 0x41a8, 0xff5a, 0xff56,
    0xf736, 0xf736, 0xf736, 0xf736, 0xf736, 0xf736, 0xff36, 0xf736, 0xf736, 0xf736, 0xf736, 0xf736,
    0xf736, 0xf736, 0xf736, 0xf736, 0xf736, 0xf736, 0xf736, 0xf736, 0xf736, 0xf736, 0xf736, 0xf736,
    0xf736, 0xf736, 0xf736, 0xf736, 0xf736, 0xf736, 0xf736, 0xf736, 0xf736, 0xf736, 0xf736, 0xf736,
    0xff36, 0xf736, 0xf736, 0xff36, 0xf736, 0xf736, 0xf736, 0xf736, 0xf736, 0xff36, 0xff36, 0xf736,
    0xf736, 0xf736, 0xf736, 0xf736, 0xf736, 0xf736, 0xf736, 0xf736, 0xf736, 0xf736, 0xf736, 0xf736,
    0xf736, 0xf736, 0xf736, 0xf736, 0xf736, 0xf736, 0xf736, 0xf736, 0xf736, 0xf736, 0xf736, 0xf736,
    0xf736, 0xf736, 0xf736, 0xf736, 0xff36, 0xf736, 0xf736, 0xf736, 0xf736, 0xf736, 0xff36, 0xf736,
    0xf736, 0xf736, 0xf736, 0xf736, 0xf736, 0xf736, 0xf736, 0xf736, 0xf736, 0xf736, 0xf736, 0xff36,
    0xff77, 0x41a5, 0x28e4, 0x2104, 0x49e8, 0x3987, 0x51ea, 0x20e4, 0x20e3, 0x20e3, 0x20e4, 0x20e4,
    0x20e4, 0x20e4, 0x20e4, 0x20e4, 0x2103, 0x20e4, 0x522a, 0x2104, 0x3967, 0x20e4, 0x20e4, 0x49e9,
    0x41a7, 0x41a7, 0x41a7, 0x41a7, 0x41a7, 0x49c8, 0x49c7, 0x49e7, 0x49a7, 0x41a8, 0x3987, 0x3987,
    0x41a8, 0x41a7, 0x41a8, 0x41a7, 0x41c8, 0x41a7, 0x41a7, 0x41a7, 0x41a7, 0x3987, 0x41a7, 0x3987,
    0x3987, 0x41a8, 0x41a7, 0x41a8, 0x41a7, 0x41a7, 0x41a8, 0x3987, 0x3987, 0x3987, 0x3988, 0x3988,
    0x3967, 0x3988, 0x3988, 0x3187, 0x3988, 0x3187, 0x3188, 0x3167, 0x3988, 0x3987, 0x3167, 0x3167,
    0x3188, 0x3167, 0x3188, 0x3167, 0x3188, 0x3168, 0x3988, 0x3168, 0x3168, 0x3167, 0x3168, 0x3168,
    0x3167, 0x3167, 0x3188, 0x3167, 0x3167, 0x3167, 0x3167, 0x3167, 0x3168, 0x3167, 0x3167, 0x3167,
    0x3167, 0x3167, 0x3168, 0x3168, 0x3168, 0x3168, 0x3168, 0x3168, 0x3168, 0x3168, 0x3168, 0x3168,
    0x3168, 0x3168, 0x3168, 0x3168, 0x3168, 0x3168, 0x3168, 0x3168, 0x3168, 0x3168, 0x3168, 0x3168,
    0x3168, 0x3188, 0x3168, 0x3168, 0x3188, 0x3168, 0x3188, 0x3168, 0x3168, 0x3168, 0x3188, 0x3188,
    0x3168, 0x3168, 0x3188, 0x3168, 0x3168, 0x3168, 0x3188, 0x3168, 0x3168, 0x4188, 0xff5a, 0xff36,
    0xf736, 0xff36, 0xf736, 0xf736, 0xf736, 0xf736, 0xf736, 0xf736, 0xf736, 0xff36, 0xf736, 0xf736,
    0xf736, 0xf736, 0xf736, 0xf736, 0xf736, 0xf736, 0xf736, 0xf736, 0xf736, 0xf736, 0xf736, 0xf736,
    0xf736, 0xf736, 0xf736, 0xf736, 0xf736, 0xf736, 0xf736, 0xf736, 0xf736, 0xf736, 0xf736, 0xf736,
    0xf736, 0xf736, 0xf736, 0xf736, 0xf736, 0xf736, 0xf736, 0xf736, 0xf736, 0xf736, 0xf736, 0xf736,
    0xf736, 0xf736, 0xf736, 0xf736, 0xf736, 0xf736, 0xf736, 0xf736, 0xf736, 0xf736, 0xf736, 0xf736,
    0xf736, 0xf736, 0xf736, 0xf736, 0xf736, 0xf736, 0xf736, 0xf736, 0xf736, 0xf736, 0xf736, 0xf736,
    0xf736, 0xf736, 0xf736, 0xf736, 0xf736, 0xf736, 0xf736, 0xf736, 0xf736, 0xf736, 0xf736, 0xf736,
    0xf736, 0xf736, 0xf736, 0xf736, 0xf736, 0xf736, 0xf736, 0xf736, 0xf736, 0xf736, 0xf736, 0xf736,
    0xff57, 0x5a48, 0x20e4, 0x20e4, 0x3126, 0x20e4, 0x49e9, 0x20e4, 0x20e3, 0x2104, 0x20e4, 0x20e4,
    0x20e4, 0x20e3, 0x20e4, 0x18e3, 0x2104, 0x4a09, 0x51c9, 0x41c8, 0x5209, 0x3126, 0x2905, 0x51e9,
    0x41a7, 0x41a7, 0x49a7, 0x41a7, 0x41a7, 0x49c8, 0x49c7, 0x49c7, 0x41c7, 0x41a7, 0x41a7, 0x3987,
    0x41a7, 0x41a7, 0x41a7, 0x41c8, 0x41c8, 0x41a7, 0x41a7, 0x41a8, 0x41a7, 0x41a7, 0x41a8, 0x41a7,
    0x41c8, 0x41a7, 0x41a7, 0x41a7, 0x41a8, 0x41a7, 0x41a7, 0x41a7, 0x3987, 0x3987, 0x39a8, 0x3988,
    0x3988, 0x3988, 0x3988, 0x39a8, 0x3988, 0x3988, 0x3988, 0x3988, 0x3968, 0x3187, 0x3988, 0x3968,
    0x3167, 0x3188, 0x3187, 0x3988, 0x3188, 0x3167, 0x3187, 0x3167, 0x3167, 0x3168, 0x3167, 0x3167,
    0x3168, 0x3188, 0x3188, 0x3167, 0x3168, 0x3167, 0x3188, 0x3168, 0x3168, 0x3167, 0x3168, 0x3188,
    0x3167, 0x3168, 0x3167, 0x3168, 0x3168, 0x3168, 0x3168, 0x3168, 0x3168, 0x3168, 0x3167, 0x3168,
    0x3168, 0x3188, 0x3168, 0x3168, 0x3168, 0x3168, 0x3167, 0x3168, 0x3188, 0x3168, 0x3168, 0x3168,
    0x3168, 0x3168, 0x3188, 0x3168, 0x3188, 0x3168, 0x3168, 0x3168, 0x3188, 0x3188, 0x3188, 0x3188,
    0x3168, 0x3188, 0x3168, 0x3188, 0x3168, 0x3188, 0x3188, 0x3188, 0x3168, 0x4188, 0xff3a, 0xff36,
    0xf736, 0xf736, 0xf736, 0xf736, 0xff36, 0xf736, 0xf736, 0xf736, 0xf736, 0xf736, 0xf736, 0xf736,
    0xf736, 0xf736, 0xf736, 0xf736, 0xf736, 0xf736, 0xf736, 0xf736, 0xf736, 0xf736, 0xf736, 0xf736,
    0xf736, 0xf736, 0xf736, 0xf736, 0xf736, 0xf736, 0xff36, 0xf736, 0xf736, 0xf736, 0xf736, 0xf736,
    0xf736, 0xf736, 0xf736, 0xf736, 0xf736, 0xf736, 0xf736, 0xf736, 0xf736, 0xf736, 0xf736, 0xf736,
    0xf736, 0xf736, 0xf736, 0xf736, 0xf736, 0xf736, 0xf736, 0xf736, 0xf736, 0xf736, 0xf736, 0xf736,
    0xf736, 0xf736, 0xf736, 0xf736, 0xf736, 0xf736, 0xf736, 0xf736, 0xf736, 0xf736, 0xf736, 0xf736,
    0xf736, 0xf736, 0xf736, 0xf736, 0xf736, 0xf736, 0xf736, 0xf736, 0xf736, 0xf736, 0xf736, 0xf736,
    0xf736, 0xf736, 0xf736, 0xf736, 0xf736, 0xf736, 0xf736, 0xf736, 0xf736, 0xf736, 0xf736, 0xf736,
    0xff57, 0x5a48, 0x2905, 0x3146, 0x5209, 0x41c8, 0x5a0a, 0x520a, 0x20e3, 0x18e3, 0x2104, 0x20e4,
    0x20e4, 0x20e4, 0x20e4, 0x20e3, 0x20c4, 0x4188, 0x49e9, 0x20e4, 0x5a4b, 0x49c9, 0x28e5, 0x49e9,
    0x41c7, 0x41a7, 0x49a7, 0x41c7, 0x41a7, 0x49c7, 0x49a7, 0x49c7, 0x41a7, 0x41c7, 0x41a7, 0x41a7,
    0x3987, 0x3987, 0x3987, 0x41a7, 0x41a7, 0x41a7, 0x41a7, 0x39a7, 0x41a7, 0x41a7, 0x41a7, 0x41a7,
    0x41a8, 0x41a8, 0x3987, 0x41a8, 0x41a8, 0x41a7, 0x41a7, 0x41a7, 0x41a8, 0x41a8, 0x3987, 0x41a8,
    0x3988, 0x39a8, 0x3988, 0x3968, 0x3988, 0x3988, 0x3987, 0x3988, 0x3988, 0x3187, 0x3988, 0x3167,
    0x3988, 0x3188, 0x3188, 0x3167, 0x3188, 0x3167, 0x3168, 0x3188, 0x3168, 0x3168, 0x3168, 0x3168,
    0x3168, 0x3168, 0x3168, 0x3168, 0x3188, 0x3168, 0x3188, 0x3168, 0x3168, 0x3168, 0x3188, 0x3167,
    0x3167, 0x3168, 0x3168, 0x3188, 0x3168, 0x3168, 0x3188, 0x3168, 0x3168, 0x3168, 0x3188, 0x3168,
    0x3188, 0x3168, 0x3168, 0x3168, 0x3168, 0x3168, 0x3168, 0x3168, 0x3168, 0x3168, 0x3168, 0x3168,
    0x3168, 0x3168, 0x3168, 0x3188, 0x3168, 0x3168, 0x3188, 0x3168, 0x3188, 0x3188, 0x3168, 0x3189,
    0x3168, 0x3168, 0x3168, 0x3168, 0x3188, 0x3188, 0x3188, 0x3188, 0x3148, 0x4188, 0xff5a, 0xff36,
    0xf736, 0xf736, 0xf736, 0xf736, 0xf736, 0xf736, 0xf736, 0xf736, 0xf736, 0xf736, 0xf736, 0xf736,
    0xf736, 0xf736, 0xf736, 0xf736, 0xf736, 0xf736, 0xff36, 0xf736, 0xf736, 0xf736, 0xf736, 0xf736,
    0xf736, 0xf736, 0xf736, 0xf736, 0xf736, 0xf736, 0xf736, 0xf736, 0xf736, 0xf736, 0xf736, 0xf736,
    0xf736, 0xf736, 0xf736, 0xf736, 0xf736, 0xf736, 0xf736, 0xf736, 0xf736, 0xf736, 0xf736, 0xf736,
    0xf736, 0xf736, 0xf736, 0xf736, 0xf736, 0xf736, 0xf736, 0xf736, 0xf736, 0xf736, 0xf736, 0xf736,
    0xf736, 0xf736, 0xf736, 0xf736, 0xf736, 0xf736, 0xf736, 0xf736, 0xf736, 0xf736, 0xf736, 0xf736,
    0xf736, 0xf736, 0xf736, 0xf736, 0xf736, 0xf736, 0xf736, 0xf736, 0xf736, 0xf736, 0xf736, 0xf736,
    0xf736, 0xf736, 0xf736, 0xf736, 0xf736, 0xf736, 0xff36, 0xf736, 0xf736, 0xf736, 0xf736, 0xf736,
    0xff57, 0x5a27, 0x30e6, 0x4188, 0x4a09, 0x20e4, 0x49e9, 0x3947, 0x20c3, 0x2104, 0x18e3, 0x20e4,
    0x20e4, 0x20e4, 0x20e4, 0x2103, 0x18e3, 0x20e4, 0x20e4, 0x20e4, 0x1884, 0x28e5, 0x4148, 0x4167,
    0x41c7, 0x41a7, 0x41a7, 0x41a7, 0x49a7, 0x49c7, 0x49c7, 0x49c7, 0x41a7, 0x41c8, 0x526a, 0x62cc,
    0x62ab, 0x630c, 0x6b2d, 0x7b6e, 0x41a7, 0x41a7, 0x4187, 0x41a8, 0x3987, 0x41a7, 0x41a8, 0x41a8,
    0x4187, 0x39a7, 0x41a7, 0x41a7, 0x41a8, 0x41a7, 0x41a7, 0x41a8, 0x4187, 0x41a8, 0x3988, 0x3967,
    0x3988, 0x3988, 0x3147, 0x3987, 0x8c72, 0x3988, 0x3987, 0x3988, 0x3987, 0x39a8, 0x3988, 0x3167,
    0x3187, 0x5acd, 0x5acd, 0x5aec, 0x5aed, 0x630d, 0x630e, 0x420a, 0x3168, 0x3167, 0x3167, 0x3167,
    0x3168, 0x3188, 0x3188, 0x2126, 0x2926, 0x2106, 0x2946, 0x2947, 0x3167, 0x3168, 0x3188, 0x3188,
    0x3168, 0x3168, 0x3167, 0x3188, 0x3188, 0x3187, 0x3167, 0x3188, 0x3168, 0x3168, 0x3168, 0x3188,
    0x3168, 0x3168, 0x3188, 0x3168, 0x2926, 0x2947, 0x2947, 0x3167, 0x2947, 0x3168, 0x3168, 0x2967,
    0x3188, 0x3168, 0x3188, 0x3168, 0x3168, 0x3188, 0x2927, 0x3188, 0x39c9, 0x3168, 0x3189, 0x3168,
    0x3168, 0x3188, 0x3168, 0x3168, 0x3168, 0x3188, 0x3188, 0x3188, 0x3168, 0x4188, 0xff5a, 0xf736,
    0xf736, 0xf736, 0xf736, 0xf736, 0xf736, 0xf736, 0xf736, 0xf736, 0xf736, 0xff36, 0xf736, 0xf736,
    0xf736, 0xf736, 0xf736, 0xf736, 0xf736, 0xf736, 0xf736, 0xf736, 0xf736, 0xf736, 0xf736, 0xf736,
    0xf736, 0xf736, 0xf736, 0xf736, 0xf736, 0xf736, 0xf736, 0xf736, 0xf736, 0xf736, 0xf736, 0xf736,
    0xf736, 0xf736, 0xf736, 0xf736, 0xf736, 0xf736, 0xf736, 0xf736, 0xf736, 0xf736, 0xf736, 0xf736,
    0xf736, 0xf736, 0xf736, 0xf736, 0xf736, 0xf736, 0xf736, 0xf736, 0xf736, 0xf736, 0xf736, 0xf736,
    0xf736, 0xf736, 0xf736, 0xf736, 0xf736, 0xf736, 0xf736, 0xf736, 0xf736, 0xf736, 0xf736, 0xf736,
    0xf736, 0xf736, 0xf736, 0xf736, 0xf736, 0xf736, 0xf736, 0xf736, 0xf736, 0xf736, 0xf736, 0xf736,
    0xf736, 0xf736, 0xf736, 0xf736, 0xf736, 0xf736, 0xf736, 0xf736, 0xf736, 0xf736, 0xf736, 0xf736,
    0xff57, 0x41a5, 0x4147, 0x20c4, 0x20c4, 0x20e4, 0x20e4, 0x20c4, 0x20e4, 0x18e3, 0x18e3, 0x20e3,
    0x2104, 0x20e4, 0x20e4, 0x2103, 0x2103, 0x2103, 0x2103, 0x20e4, 0x41a8, 0x49c9, 0x51ea, 0x3125,
    0x49c7, 0x41a7, 0x49a7, 0x41a7, 0x49c7, 0x49c7, 0x49c7, 0x49a7, 0x41a7, 0xa4d3, 0xce59, 0xce59,
    0xce59, 0xce59, 0xd659, 0x4a08, 0x3987, 0x41a7, 0x41a7, 0x41c8, 0x41a7, 0x41a7, 0x41a7, 0x41c8,
    0x8c11, 0x9c92, 0x41c8, 0x41a7, 0x41a7, 0x4187, 0x41a7, 0x41a8, 0x41a7, 0x3987, 0x3967, 0x3146,
    0x3967, 0x3988, 0x2926, 0xce5a, 0xce9a, 0xc5d8, 0x3988, 0x3967, 0x3988, 0x3988, 0x3988, 0x39a8,
    0x3167, 0xce59, 0xce59, 0xce59, 0xc639, 0xce59, 0xd69a, 0x738f, 0x3188, 0x3188, 0x3167, 0x3167,
    0x3188, 0x31a8, 0x3167, 0xd69b, 0xce5a, 0xce7a, 0xce5a, 0x2106, 0x2967, 0x3168, 0x3168, 0x3188,
    0x3988, 0x3168, 0x3188, 0x39a8, 0x5aac, 0x3188, 0x3167, 0x9cd4, 0x2947, 0x3168, 0x2967, 0x3168,
    0x3168, 0x3188, 0x3168, 0x3168, 0xad56, 0xc639, 0xce79, 0xce59, 0xa4f4, 0x3188, 0x3168, 0x3188,
    0x3168, 0x3168, 0x3188, 0x3168, 0x3188, 0x3168, 0x2947, 0xdebc, 0xc639, 0x3188, 0x3168, 0x3188,
    0x3168, 0x3188, 0x3168, 0x3188, 0x3189, 0x3188, 0x3188, 0x3188, 0x3168, 0x4188, 0xff5a, 0xff36,
    0xf736, 0xf736, 0xff36, 0xf736, 0xf736, 0xf736, 0xf736, 0xf736, 0xf736, 0xf736, 0xf736, 0xf736,
    0xf736, 0xf736, 0xff36, 0xf736, 0xf736, 0xf736, 0xff36, 0xf736, 0xf736, 0xf736, 0xf736, 0xf736,
    0xf736, 0xf736, 0xf736, 0xf736, 0xf736, 0xf736, 0xf736, 0xf736, 0xf736, 0xf736, 0xf736, 0xf736,
    0xf736, 0xf736, 0xf736, 0xf736, 0xf736, 0xf736, 0xf736, 0xff36, 0xf736, 0xf736, 0xf736, 0xf736,
    0xf736, 0xf736, 0xf736, 0xf736, 0xf736, 0xf736, 0xf736, 0xf736, 0xf736, 0xf736, 0xff36, 0xf736,
    0xf736, 0xf736, 0xf736, 0xf736, 0xf736, 0xf736, 0xff36, 0xf736, 0xf736, 0xf736, 0xff36, 0xf736,
    0xf736, 0xf736, 0xf736, 0xf736, 0xf736, 0xf736, 0xf736, 0xf736, 0xf736, 0xf736, 0xf736, 0xf736,
    0xf736, 0xf736, 0xf736, 0xf736, 0xf736, 0xf736, 0xf736, 0xf736, 0xf736, 0xf736, 0xf736, 0xf736,
    0xff56, 0x4184, 0x51ea, 0x49c9, 0x3166, 0x2905, 0x2103, 0x18e3, 0x20e4, 0x18e4, 0x20e4, 0x20e4,
    0x2104, 0x20e3, 0x18e3, 0x20e3, 0x49c9, 0x49e9, 0x20a3, 0x2104, 0x2104, 0x520a, 0x520a, 0x2925,
    0x49c7, 0x49c7, 0x49c7, 0x49c7, 0x49c7, 0x49c7, 0x49a7, 0x49c7, 0x41c8, 0x3986, 0x3966, 0x3966,
    0x3986, 0x3987, 0x3987, 0x41a7, 0x3987, 0x41a7, 0x41a7, 0x41c8, 0x41c8, 0x41a8, 0x41a8, 0x3987,
    0xbdb6, 0x8c51, 0x3987, 0x4187, 0x41a8, 0x41a7, 0x41a8, 0x39a7, 0x41a8, 0x3146, 0xd67a, 0xc5f8,
    0x3166, 0x3988, 0x9cd4, 0xc638, 0xc638, 0xc618, 0x3988, 0x3967, 0x3988, 0x41a8, 0x3988, 0x3988,
    0x3167, 0xc639, 0xce59, 0xce59, 0xc639, 0xce59, 0xd67a, 0x736f, 0x3187, 0x3187, 0x3188, 0x3167,
    0x3188, 0x2926, 0x630d, 0xc639, 0x2925, 0x3166, 0x94b3, 0xc639, 0x3167, 0x3188, 0x3167, 0x3168,
    0x3167, 0x3188, 0x3167, 0x2926, 0x2967, 0xad36, 0x2926, 0x3188, 0xad56, 0x3188, 0x3188, 0x3167,
    0x3168, 0x3168, 0x2947, 0x2946, 0xc639, 0x9cf4, 0x3187, 0xce5a, 0xce39, 0x3188, 0x3188, 0x3168,
    0x3168, 0x3188, 0x3168, 0x3168, 0x3168, 0x39a8, 0xc618, 0x7bb0, 0xce3a, 0x3188, 0x3188, 0x3188,
    0x3188, 0x3168, 0x3188, 0x3168, 0x3188, 0x3188, 0x3188, 0x3188, 0x3168, 0x4188, 0xff5a, 0xff36,
    0xf736, 0xf736, 0xf736, 0xf736, 0xf736, 0xf736, 0xf736, 0xf736, 0xff36, 0xf736, 0xf736, 0xf736,
    0xf736, 0xf736, 0xff36, 0xf736, 0xf736, 0xf736, 0xff36, 0xf736, 0xf736, 0xf736, 0xf736, 0xf736,
    0xf736, 0xf736, 0xf736, 0xf736, 0xf736, 0xf736, 0xf736, 0xf736, 0xf736, 0xf736, 0xf736, 0xf736,
    0xf736, 0xf736, 0xf736, 0xf736, 0xf736, 0xf736, 0xf736, 0xf736, 0xf736, 0xf736, 0xf736, 0xf736,
    0xf736, 0xf736, 0xf736, 0xf736, 0xf736, 0xf736, 0xf736, 0xf736, 0xf736, 0xf736, 0xf736, 0xf736,
    0xf736, 0xf736, 0xf736, 0xf736, 0xf736, 0xf736, 0xf736, 0xf736, 0xf736, 0xf736, 0xf736, 0xf736,
    0xf736, 0xf736, 0xf736, 0xf736, 0xf736, 0xf736, 0xf736, 0xf736, 0xf736, 0xf736, 0xf736, 0xf736,
    0xf736, 0xf736, 0xf736, 0xf736, 0xf736, 0xf736, 0xf736, 0xf736, 0xf736, 0xf736, 0xf736, 0xf736,
    0xff56, 0x3984, 0x51ea, 0x520a, 0x20e4, 0x2104, 0x28e5, 0x51ea, 0x49e9, 0x2104, 0x18e3, 0x2104,
    0x2104, 0x2103, 0x18e3, 0x20e4, 0x51c9, 0x51ea, 0x49c9, 0x20e3, 0x28e4, 0x51ca, 0x51ea, 0x3125,
    0x49c7, 0x49c7, 0x49c8, 0x49a7, 0x49c7, 0x49c7, 0x49c7, 0x41a7, 0x41a7, 0x6b0d, 0xce39, 0xd679,
    0xd679, 0xd679, 0xd67a, 0x6b0d, 0x41a7, 0x41a8, 0x41a7, 0x41a7, 0x41a7, 0x41a7, 0x3987, 0xb555,
    0xad55, 0x8c51, 0x9432, 0x4187, 0x41a7, 0x41a8, 0x41a7, 0x41a7, 0x41a8, 0x3147, 0xd679, 0xce79,
    0xce59, 0xce59, 0xc618, 0xc638, 0xce38, 0xc5f8, 0x3967, 0x3967, 0x41a8, 0x41a8, 0x4188, 0x3988,
    0x3147, 0xc619, 0xce39, 0xce59, 0xce59, 0xc659, 0xd69a, 0x738f, 0x3167, 0x3188, 0x3187, 0x3188,
    0x3187, 0x2947, 0xce5a, 0xc618, 0xbdd8, 0x2926, 0xce59, 0xc5f8, 0x3167, 0x3187, 0x3167, 0x3188,
    0x3188, 0x3168, 0x3188, 0x2926, 0x3167, 0xbdb8, 0xad56, 0x3168, 0x9cb4, 0x3188, 0x3168, 0x3168,
    0x3168, 0x3168, 0x2947, 0x7bb0, 0xce59, 0xc639, 0x7bb0, 0xc619, 0xc639, 0x2926, 0x3188, 0x3188,
    0x3168, 0x3168, 0x3168, 0x3168, 0x2967, 0xce39, 0x9cd4, 0xce39, 0x2947, 0x2947, 0x3188, 0x3188,
    0x3188, 0x3168, 0x3188, 0x3188, 0x3189, 0x3188, 0x3188, 0x31a9, 0x3168, 0x4188, 0xff5a, 0xff36,
    0xf736, 0xf736, 0xf736, 0xf736, 0xf736, 0xf736, 0xf736, 0xf736, 0xf736, 0xf736, 0xf736, 0xf736,
    0xf736, 0xf736, 0xf736, 0xf736, 0xf736, 0xf736, 0xf736, 0xf736, 0xf736, 0xf736, 0xff36, 0xf736,
    0xf736, 0xff36, 0xf736, 0xf736, 0xf736, 0xf736, 0xf736, 0xf736, 0xf736, 0xff36, 0xf736, 0xf736,
    0xf736, 0xf736, 0xf736, 0xf736, 0xf736, 0xf736, 0xf736, 0xf736, 0xf736, 0xf736, 0xf736, 0xf736,
    0xf736, 0xf736, 0xf736, 0xf736, 0xf736, 0xf736, 0xf736, 0xf736, 0xf736, 0xf736, 0xf736, 0xf736,
    0xf736, 0xf736, 0xf736, 0xf736, 0xf736, 0xf736, 0xf736, 0xf736, 0xf736, 0xf736, 0xf736, 0xf736,
    0xf736, 0xf736, 0xf736, 0xf736, 0xf736, 0xf736, 0xf736, 0xf736, 0xf736, 0xf736, 0xf736, 0xf736,
    0xf736, 0xf736, 0xf736, 0xf736, 0xf736, 0xf736, 0xf736, 0xf736, 0xf736, 0xf736, 0xf736, 0xf736,
    0xff56, 0x41a5, 0x51ca, 0x51ca, 0x20c4, 0x20e4, 0x49e9, 0x5a0b, 0x59eb, 0x20e4, 0x18e4, 0x20e4,
    0x18e3, 0x2103, 0x2103, 0x2104, 0x51ea, 0x51ea, 0x20c3, 0x20c3, 0x520a, 0x28c5, 0x49c9, 0x2905,
    0x49e8, 0x49c7, 0x49c7, 0x49c7, 0x49c7, 0x49c7, 0x49c7, 0x49c7, 0x49c7, 0x49c7, 0x8bef, 0xad35,
    0xb535, 0xb555, 0xb556, 0xbd76, 0x3987, 0x41a8, 0x41c8, 0x41c7, 0x41c8, 0x41c8, 0x41c8, 0xa4b3,
    0xad55, 0x9cb2, 0x7b8f, 0x41a8, 0x41a7, 0x41a8, 0x41a7, 0x41a8, 0x41a7, 0x3966, 0xce79, 0xce59,
    0xd67a, 0x738f, 0xc618, 0xce38, 0xce58, 0xce18, 0x3987, 0x3987, 0x41a8, 0x4188, 0x4188, 0x3988,
    0x3967, 0xc638, 0xce59, 0xce39, 0xce59, 0xce59, 0xd69a, 0x7bb0, 0x3188, 0x3167, 0x3188, 0x3187,
    0x3187, 0x2947, 0xbd97, 0xce59, 0xb556, 0x9cd3, 0xce59, 0xce39, 0x3167, 0x3188, 0x3167, 0x3168,
    0x39a8, 0x3188, 0x39a8, 0x2926, 0x2906, 0x632d, 0xc5f8, 0x3168, 0xa515, 0x3188, 0x3168, 0x3168,
    0x3168, 0x3188, 0x3168, 0x4a2a, 0xce39, 0xce3a, 0x9cd5, 0xc619, 0xc618, 0x3188, 0x3187, 0x3188,
    0x3168, 0x3168, 0x3188, 0x3188, 0x3188, 0xd67a, 0xc619, 0xb597, 0x3168, 0x3188, 0x3188, 0x3188,
    0x3188, 0x3188, 0x3188, 0x3188, 0x3188, 0x3168, 0x3188, 0x3188, 0x3168, 0x4188, 0xff39, 0xff36,
    0xf736, 0xf736, 0xf736, 0xf736, 0xf736, 0xf736, 0xf736, 0xf736, 0xf736, 0xf736, 0xf736, 0xf736,
    0xf736, 0xf736, 0xff36, 0xf736, 0xf736, 0xf736, 0xf736, 0xff36, 0xff36, 0xff37, 0xff36, 0xff56,
    0xff56, 0xff57, 0xf736, 0xff37, 0xf736, 0xf736, 0xff57, 0xff36, 0xff36, 0xff36, 0xf716, 0xf736,
    0xf736, 0xf736, 0xf736, 0xf716, 0xff56, 0xf736, 0xf716, 0xf736, 0xf716, 0xff37, 0xff37, 0xff37,
    0xf736, 0xf716, 0xf736, 0xf736, 0xf736, 0xf736, 0xff36, 0xf736, 0xf736, 0xff36, 0xf736, 0xf715,
    0xff37, 0xff37, 0xff56, 0xf716, 0xf736, 0xf736, 0xff36, 0xff36, 0xff36, 0xf716, 0xf736, 0xff36,
    0xf715, 0xf736, 0xf736, 0xf716, 0xf736, 0xff36, 0xf736, 0xf736, 0xf736, 0xf736, 0xf736, 0xf736,
    0xf736, 0xf736, 0xf736, 0xf736, 0xf736, 0xf736, 0xff36, 0xf736, 0xf736, 0xf736, 0xf736, 0xf736,
    0xff56, 0x41c5, 0x51ea, 0x2084, 0x520a, 0x20c4, 0x20c4, 0x5a2b, 0x520a, 0x20e4, 0x18e3, 0x20e4,
    0x2104, 0x2104, 0x18e3, 0x2103, 0x20e4, 0x51ea, 0x51c9, 0x49ea, 0x20c4, 0x20e4, 0x51c9, 0x3146,
    0x49c7, 0x49c7, 0x49c7, 0x49c7, 0x49c8, 0x49c7, 0x49c7, 0x51e7, 0x51c8, 0x49e8, 0xd69a, 0xd679,
    0xd679, 0xd67a, 0xd67a, 0xde9a, 0x4187, 0x49c8, 0x49c7, 0x41a7, 0x41c7, 0x41c8, 0x41c8, 0x41a7,
    0xad55, 0x9c92, 0x41a7, 0x41a7, 0x41a7, 0x41a7, 0x41c8, 0x41a8, 0x41c8, 0x3987, 0xce39, 0xd65a,
    0x3987, 0x3987, 0x3147, 0xce59, 0xce59, 0xd69b, 0x41a8, 0x3987, 0x41a7, 0x41a8, 0x41a8, 0x41a8,
    0x3987, 0xce59, 0xce79, 0xce59, 0xce59, 0xce59, 0xd69a, 0x7bd0, 0x3188, 0x3188, 0x3188, 0x3188,
    0x3188, 0x2946, 0x3167, 0xce5a, 0xce7a, 0xce7a, 0xc639, 0x526a, 0x3188, 0x3988, 0x3188, 0x39a8,
    0x3188, 0x3188, 0x31a8, 0x8411, 0x2926, 0x39a8, 0x3167, 0x4a2a, 0x3147, 0x3188, 0x3188, 0x3168,
    0x3188, 0x3167, 0x3168, 0x3188, 0xce7a, 0xce59, 0xce59, 0xce59, 0xce3a, 0x3167, 0x3188, 0x3167,
    0x3188, 0x3188, 0x3168, 0x3188, 0x3188, 0x39a8, 0x4a4b, 0x3168, 0x3168, 0x3168, 0x3188, 0x3188,
    0x3188, 0x3188, 0x3188, 0x3188, 0x3168, 0x3188, 0x3188, 0x3188, 0x3188, 0x41a9, 0xff39, 0xff36,
    0xf736, 0xf736, 0xf736, 0xf736, 0xf736, 0xf736, 0xf736, 0xf736, 0xff36, 0xf736, 0xf736, 0xf736,
    0xf736, 0xf736, 0xf736, 0xff36, 0xf736, 0xf736, 0xf736, 0xff36, 0xff37, 0xac8f, 0xff58, 0xf737,
    0xff36, 0x72c8, 0xff38, 0xbd10, 0xff57, 0xf717, 0xff59, 0xff37, 0x72c8, 0xff56, 0xf737, 0xb4cf,
    0xf736, 0xff38, 0xff59, 0xb4d0, 0xf737, 0xf737, 0x834a, 0xf736, 0xa46d, 0xeeb7, 0xff19, 0x93eb,
    0xf737, 0x7b49, 0xff37, 0x93ac, 0xf736, 0xf736, 0x72e9, 0xff59, 0xff38, 0xf736, 0xf736, 0xf716,
    0xff38, 0xff39, 0xb4f0, 0xf736, 0xf736, 0x7ae9, 0xff37, 0xf736, 0xff37, 0xff39, 0xf718, 0xff36,
    0xff18, 0xff38, 0xa48e, 0xf736, 0xff36, 0xf736, 0xf736, 0xf736, 0xf736, 0xf736, 0xf736, 0xf736,
    0xf736, 0xf736, 0xf736, 0xf736, 0xf736, 0xf736, 0xf736, 0xf736, 0xf736, 0xf736, 0xf736, 0xf736,
    0xff56, 0x41a5, 0x51ca, 0x20c4, 0x18c4, 0x51ea, 0x51eb, 0x51ea, 0x20c4, 0x2104, 0x18e3, 0x20e4,
    0x18e3, 0x2104, 0x2103, 0x2103, 0x3125, 0x51ea, 0x51ea, 0x49e9, 0x2905, 0x28e5, 0x51ea, 0x2925,
    0x51e7, 0x49e7, 0x49c7, 0x49c7, 0x49c7, 0x51e7, 0x49e7, 0x51e7, 0x49c7, 0xbd96, 0xce39, 0xce38,
    0xce38, 0xc618, 0xce18, 0x5208, 0x49c8, 0x49a7, 0x49c7, 0x49c7, 0x49c7, 0x41c8, 0x41c8, 0x41c8,
    0x3987, 0x4a09, 0x41a7, 0x41c8, 0x41a7, 0x41a8, 0x41a8, 0x41c8, 0x41a8, 0x41a8, 0x41c8, 0x3987,
    0x41a8, 0x41a7, 0x41c8, 0x83f0, 0xce59, 0x3987, 0x4187, 0x41c8, 0x3987, 0x4188, 0x41a8, 0x39a8,
    0x3987, 0xc639, 0xce39, 0xc618, 0xc618, 0xc618, 0xce79, 0x8411, 0x3988, 0x3988, 0x3188, 0x3188,
    0x3988, 0x3188, 0x3187, 0x2966, 0x8c11, 0xa4f4, 0x3167, 0x3988, 0x31a8, 0x3188, 0x3988, 0x3188,
    0x3188, 0x3188, 0x3188, 0x3167, 0x3187, 0xc5f9, 0x7bb0, 0x3187, 0x3168, 0x3188, 0x3188, 0x3188,
    0x3188, 0x3168, 0x3188, 0x3188, 0x3188, 0x630d, 0xb597, 0x4a2a, 0x3188, 0x3188, 0x3168, 0x3168,
    0x3188, 0x3168, 0x3188, 0x3188, 0xb577, 0x3168, 0x3188, 0x3188, 0x3188, 0x3188, 0x3189, 0x3188,
    0x3188, 0x3168, 0x3188, 0x3168, 0x3989, 0x3188, 0x3188, 0x3188, 0x3168, 0x41a9, 0xff39, 0xff36,
    0xf736, 0xf736, 0xf736, 0xf736, 0xf736, 0xf736, 0xf736, 0xf736, 0xf736, 0xf736, 0xf736, 0xf736,
    0xf736, 0xf736, 0xf736, 0xf736, 0xf736, 0xf736, 0xff36, 0xf736, 0xf737, 0xa46f, 0x9c0b, 0xf736,
    0xff56, 0xff38, 0x93cc, 0xff37, 0xf736, 0xf716, 0xf6d8, 0xeeb6, 0x72a8, 0xff36, 0xff37, 0xb4cf,
    0xff36, 0xff38, 0xff19, 0x834a, 0xf737, 0xf736, 0x834a, 0xff36, 0xff36, 0xeeb6, 0xff17, 0xf736,
    0xff38, 0xff38, 0xff36, 0xff58, 0xff37, 0xf716, 0x7aea, 0xff19, 0xff37, 0xff36, 0xf736, 0xff36,
    0xff38, 0xff39, 0xc572, 0xf736, 0xf717, 0xff39, 0xcdb3, 0xff36, 0xf737, 0x72e9, 0xff59, 0xff36,
    0xff37, 0x7b09, 0xff38, 0xf736, 0xf736, 0xf736, 0xf736, 0xf736, 0xf716, 0xf736, 0xf736, 0xf736,
    0xf736, 0xf736, 0xf736, 0xf736, 0xf736, 0xf736, 0xf736, 0xf736, 0xf736, 0xf736, 0xf736, 0xf736,
    0xff56, 0x41a5, 0x51ea, 0x28e4, 0x28e4, 0x49c9, 0x51ea, 0x51ea, 0x28e4, 0x2103, 0x18e3, 0x20e4,
    0x2103, 0x2104, 0x18e3, 0x20e4, 0x51ca, 0x49c9, 0x2905, 0x20e4, 0x520a, 0x3126, 0x41a8, 0x3125,
    0x49e7, 0x49c7, 0x49c7, 0x49c7, 0x51c7, 0x51e7, 0x51e7, 0x49c7, 0x49e7, 0x51e8, 0x51e8, 0x49e7,
    0x51e7, 0x51e7, 0x51e7, 0x51c7, 0x51c7, 0x51e7, 0x51e7, 0x51e7, 0x49c7, 0x49c7, 0x49c7, 0x49c8,
    0x41a7, 0x41a7, 0x41c8, 0x41c8, 0x41c8, 0x41c8, 0x41a8, 0x41a8, 0x41a7, 0x41c8, 0x41a7, 0x41a8,
    0x3988, 0x39a7, 0x41a8, 0x41a8, 0x41c8, 0x3987, 0x41a8, 0x41a8, 0x39a7, 0x41a8, 0x41a8, 0x41a8,
    0x41a8, 0x41c8, 0x41a8, 0x41a7, 0x41a7, 0x41a8, 0x39a8, 0x3987, 0x39a8, 0x3188, 0x31a8, 0x3188,
    0x3188, 0x3188, 0x3188, 0x3188, 0x3167, 0x3988, 0x3188, 0x3188, 0x3188, 0x39a8, 0x3988, 0x3188,
    0x3988, 0x3188, 0x3187, 0x3188, 0x39a8, 0x3168, 0x3167, 0x3188, 0x3187, 0x3188, 0x3188, 0x3188,
    0x3188, 0x3188, 0x3188, 0x3187, 0x3187, 0x3188, 0x3188, 0x3188, 0x3188, 0x3188, 0x3168, 0x3168,
    0x3188, 0x3188, 0x3168, 0x3188, 0x3188, 0x3188, 0x3188, 0x31a9, 0x3188, 0x3168, 0x3188, 0x3188,
    0x3188, 0x3188, 0x3188, 0x3188, 0x3188, 0x39a9, 0x3188, 0x3188, 0x3188, 0x41a8, 0xff5a, 0xff36,
    0xf736, 0xf736, 0xf736, 0xf736, 0xf736, 0xf736, 0xf736, 0xf736, 0xf736, 0xf736, 0xf736, 0xf736,
    0xf736, 0xf736, 0xf736, 0xf736, 0xf736, 0xf736, 0xf736, 0xf736, 0xff57, 0xac8f, 0xff37, 0xff56,
    0xff57, 0xff59, 0xb4d0, 0xff38, 0xff36, 0xf717, 0xff39, 0xff37, 0x72a8, 0xf736, 0xff37, 0xaccf,
    0xf736, 0xff38, 0xff39, 0xff39, 0xff38, 0xff37, 0x834a, 0xff36, 0xf736, 0xf6d7, 0xff38, 0xf736,
    0xff38, 0xeeb7, 0xff56, 0xff58, 0xf737, 0xff36, 0x72ea, 0xa44e, 0xff17, 0xff36, 0xf736, 0xf716,
    0xff38, 0xff5a, 0xf716, 0xf736, 0xacaf, 0xcdb2, 0x72c9, 0xf736, 0xff57, 0xf737, 0xd5b4, 0xff36,
    0xf716, 0xff37, 0x8b8c, 0xf716, 0xff36, 0xf736, 0xf736, 0xf736, 0xf736, 0xf736, 0xf736, 0xf736,
    0xf736, 0xf736, 0xf736, 0xf736, 0xf736, 0xf736, 0xf736, 0xf736, 0xf736, 0xf736, 0xf736, 0xf736,
    0xff56, 0x41c5, 0x3106, 0x4188, 0x49e9, 0x20e4, 0x20c4, 0x51ea, 0x51ea, 0x2104, 0x18e3, 0x20e3,
    0x2104, 0x2104, 0x18e3, 0x20e4, 0x5a0a, 0x5a2b, 0x49e9, 0x2104, 0x28e4, 0x51ca, 0x51ea, 0x3125,
    0x49c7, 0x49e7, 0x49c7, 0x49c7, 0x5208, 0x51e7, 0x51e8, 0x51e7, 0x51e7, 0x51e7, 0x51e8, 0x51e7,
    0x49c7, 0x51e7, 0x51e7, 0x5207, 0x51e7, 0x51e7, 0x51e7, 0x51e7, 0x51c7, 0x51e7, 0x51e7, 0x49e8,
    0x41c8, 0x41c8, 0x41a8, 0x41c8, 0x41a7, 0x41a7, 0x4187, 0x49c8, 0x41a7, 0x41a8, 0x41a8, 0x41a8,
    0x41a8, 0x41a8, 0x41c8, 0x41c8, 0x39a7, 0x41c8, 0x41a8, 0x41a7, 0x41a7, 0x41a7, 0x49c8, 0x41a8,
    0x4187, 0x41a8, 0x41c8, 0x41a8, 0x41c7, 0x41a8, 0x39a8, 0x39c8, 0x3188, 0x39a8, 0x3188, 0x39a8,
    0x3188, 0x3988, 0x3988, 0x3188, 0x3988, 0x39a8, 0x39a8, 0x3988, 0x39a8, 0x3988, 0x39a8, 0x3988,
    0x3988, 0x3187, 0x39a8, 0x3988, 0x3188, 0x3188, 0x3188, 0x3188, 0x3188, 0x3188, 0x3188, 0x3188,
    0x3188, 0x3188, 0x3188, 0x39a8, 0x3188, 0x3188, 0x3188, 0x3188, 0x3188, 0x3188, 0x3188, 0x3188,
    0x3188, 0x3168, 0x3188, 0x3188, 0x3188, 0x3188, 0x3168, 0x3188, 0x31a9, 0x3189, 0x3188, 0x3168,
    0x3188, 0x3188, 0x3188, 0x3189, 0x3188, 0x3189, 0x3189, 0x3989, 0x3168, 0x41a9, 0xff39, 0xff36,
    0xf736, 0xf736, 0xf736, 0xf736, 0xf736, 0xf736, 0xf736, 0xf736, 0xf736, 0xf736, 0xf736, 0xf736,
    0xf736, 0xf736, 0xf736, 0xf736, 0xf736, 0xf736, 0xf736, 0xf736, 0xeed6, 0x7b4a, 0xcdd3, 0xff58,
    0xf717, 0x93cc, 0xf6f7, 0x6a67, 0xf737, 0xf6f7, 0xcdb3, 0xff37, 0x6268, 0xf736, 0xf6f6, 0x7b2a,
    0xf736, 0xc571, 0xac8f, 0x7b09, 0xff37, 0xf717, 0x6aa8, 0xf737, 0xf736, 0xcdb3, 0xd5d3, 0xf736,
    0xf716, 0x8bab, 0xe696, 0x836a, 0xf736, 0xf717, 0x72c8, 0xff37, 0xb4cf, 0xf716, 0xf736, 0xf716,
    0xc592, 0xbd31, 0xff36, 0xf717, 0x834a, 0xff36, 0xb511, 0xf6f6, 0xff58, 0xbd31, 0x7b29, 0xf736,
    0xe676, 0xd5d4, 0x72e8, 0xf716, 0xf736, 0xf736, 0xf736, 0xf736, 0xf736, 0xf736, 0xf736, 0xf736,
    0xf736, 0xf736, 0xf736, 0xf736, 0xf736, 0xf736, 0xf736, 0xf736, 0xff36, 0xf736, 0xf736, 0xf736,
    0xff57, 0x49c6, 0x49a9, 0x51ca, 0x20e4, 0x2104, 0x51e9, 0x5a0b, 0x51ea, 0x20e4, 0x18e3, 0x20e4,
    0x2104, 0x1903, 0x18e3, 0x2104, 0x20c4, 0x41a7, 0x28e4, 0x2104, 0x2905, 0x520a, 0x51ea, 0x3145,
    0x49e8, 0x49e8, 0x51e8, 0x5208, 0x51e7, 0x5207, 0x51e7, 0x51e8, 0x51e7, 0x51e7, 0x5207, 0x51e7,
    0x5207, 0x5207, 0x5207, 0x5207, 0x5207, 0x5208, 0x51e7, 0x51e7, 0x51e7, 0x51e7, 0x51e7, 0x51e8,
    0x41c7, 0x41c8, 0x41a8, 0x49c8, 0x41a8, 0x41c8, 0x41a8, 0x49a8, 0x41a8, 0x41c8, 0x41c8, 0x41a8,
    0x41c8, 0x41c8, 0x41c8, 0x41c8, 0x41a8, 0x41a8, 0x41c8, 0x41a7, 0x41c7, 0x41c8, 0x41a8, 0x41a8,
    0x41c7, 0x49c7, 0x49c8, 0x49c8, 0x41c8, 0x41c8, 0x39a8, 0x39a8, 0x3987, 0x39a8, 0x3988, 0x3988,
    0x39a8, 0x31a8, 0x3188, 0x39a8, 0x39a8, 0x39a8, 0x39a8, 0x39a8, 0x39a8, 0x39c8, 0x41c8, 0x41c8,
    0x39a8, 0x3188, 0x3188, 0x3188, 0x39a8, 0x3188, 0x3188, 0x3188, 0x3188, 0x3188, 0x3188, 0x3188,
    0x3188, 0x3188, 0x3168, 0x3188, 0x3168, 0x3188, 0x3188, 0x3168, 0x3168, 0x3188, 0x3188, 0x3188,
    0x3188, 0x3188, 0x31a8, 0x3188, 0x3188, 0x3188, 0x3188, 0x3188, 0x3188, 0x3188, 0x3188, 0x3188,
    0x3188, 0x3168, 0x3168, 0x3188, 0x3188, 0x39a8, 0x3188, 0x3188, 0x3168, 0x41a9, 0xff5a, 0xff36,
    0xf736, 0xf736, 0xf736, 0xf736, 0xff36, 0xff36, 0xf736, 0xf736, 0xf736, 0xf736, 0xff36, 0xf736,
    0xf736, 0xf736, 0xff36, 0xf736, 0xf736, 0xf736, 0xff36, 0xff36, 0xf736, 0xf736, 0xf736, 0xf736,
    0xff36, 0xf736, 0xff36, 0xf736, 0xff36, 0xf736, 0xf736, 0xff36, 0xff57, 0xf736, 0xf736, 0xff36,
    0xf736, 0xf736, 0xf736, 0xf736, 0xff36, 0xf716, 0xff36, 0xff36, 0xf736, 0xff36, 0xf736, 0xf736,
    0xf736, 0xf736, 0xf736, 0xf736, 0xf736, 0xf736, 0xf736, 0xf736, 0xf736, 0xf736, 0xf736, 0xff36,
    0xf736, 0xff36, 0xff36, 0xf736, 0xf736, 0xf736, 0xf736, 0xff36, 0xf736, 0xf736, 0xff36, 0xf736,
    0xf736, 0xf736, 0xff36, 0xf736, 0xf736, 0xff36, 0xf736, 0xf736, 0xf736, 0xf736, 0xf736, 0xf736,
    0xf736, 0xf736, 0xf736, 0xf736, 0xf736, 0xf736, 0xf736, 0xf736, 0xf736, 0xf736, 0xf736, 0xf736,
    0xff56, 0x49e6, 0x51ea, 0x51e9, 0x2104, 0x18e3, 0x20e4, 0x3967, 0x20e4, 0x20e3, 0x18e3, 0x20e3,
    0x18e3, 0x2103, 0x2103, 0x2104, 0x2104, 0x2104, 0x2104, 0x2104, 0x3967, 0x3126, 0x51ca, 0x4166,
    0x51e8, 0x51e7, 0x51e7, 0x5208, 0x51e7, 0x5208, 0x5228, 0x5a08, 0x5207, 0x59e7, 0x5a08, 0x5a07,
    0x5207, 0x5a28, 0x5207, 0x5207, 0x5208, 0x51e8, 0x51e7, 0x5208, 0x51e8, 0x51e7, 0x51e8, 0x51e8,
    0x51e7, 0x49a7, 0x41c8, 0x41c8, 0x41c8, 0x49c8, 0x41c8, 0x49c8, 0x41a8, 0x41c8, 0x41a7, 0x41a8,
    0x41c8, 0x49c8, 0x49c8, 0x49c8, 0x49c8, 0x41a7, 0x49c8, 0x49c7, 0x41a8, 0x41a8, 0x41a8, 0x49c8,
    0x49c8, 0x41c8, 0x49c8, 0x49e8, 0x49e8, 0x41c8, 0x41a8, 0x41c8, 0x41c7, 0x41c8, 0x39a8, 0x3988,
    0x39a8, 0x39a8, 0x3988, 0x39a8, 0x39a8, 0x39a8, 0x39a8, 0x39a8, 0x39a8, 0x39a8, 0x3988, 0x41a8,
    0x3988, 0x39a8, 0x31a8, 0x39a8, 0x31a8, 0x3188, 0x3188, 0x31a8, 0x3188, 0x31a8, 0x3188, 0x3188,
    0x3188, 0x3188, 0x3188, 0x3188, 0x3188, 0x3188, 0x3188, 0x3188, 0x3188, 0x3188, 0x3188, 0x3188,
    0x31a8, 0x3188, 0x3188, 0x3188, 0x3188, 0x3988, 0x3188, 0x3189, 0x3188, 0x3188, 0x31a8, 0x3188,
    0x3188, 0x3188, 0x3188, 0x3988, 0x31a9, 0x31a8, 0x39a9, 0x3188, 0x3168, 0x49a9, 0xff39, 0xff36,
    0xf736, 0xf736, 0xf736, 0xf736, 0xf736, 0xf736, 0xf736, 0xf736, 0xff36, 0xf736, 0xf736, 0xf736,
    0xf736, 0xf736, 0xf736, 0xf736, 0xf736, 0xf736, 0xf736, 0xf736, 0xf736, 0xf736, 0xf736, 0xf736,
    0xf736, 0xf736, 0xf736, 0xf736, 0xf736, 0xf736, 0xf736, 0xf736, 0xf736, 0xf736, 0xf736, 0xf736,
    0xf736, 0xf736, 0xf736, 0xf736, 0xf736, 0xf736, 0xff36, 0xff36, 0xf736, 0xf736, 0xff36, 0xf736,
    0xf736, 0xf736, 0xf736, 0xf736, 0xf736, 0xf736, 0xf736, 0xf736, 0xf736, 0xf736, 0xff36, 0xf736,
    0xf736, 0xf736, 0xf736, 0xf736, 0xf736, 0xf736, 0xf736, 0xf736, 0xf736, 0xf736, 0xf736, 0xf736,
    0xf736, 0xf736, 0xf736, 0xf736, 0xf736, 0xf716, 0xf736, 0xf736, 0xf736, 0xf736, 0xf736, 0xf736,
    0xf736, 0xf736, 0xf736, 0xf736, 0xf736, 0xf736, 0xf736, 0xf736, 0xf736, 0xf736, 0xf736, 0xf736,
    0xff56, 0x49e6, 0x5a2b, 0x3126, 0x3146, 0x20e4, 0x1903, 0x18e3, 0x2104, 0x18e3, 0x18e3, 0x18e3,
    0x20e3, 0x2104, 0x20e4, 0x20e4, 0x20e4, 0x20e4, 0x2104, 0x20e4, 0x28c5, 0x2905, 0x4148, 0x5209,
    0x51e7, 0x51e7, 0x51e7, 0x5207, 0x5207, 0x5a08, 0x5a08, 0x5a07, 0x5a07, 0x5a08, 0x5a08, 0x5a48,
    0x5a07, 0x5a07, 0x5a28, 0x5a27, 0x51e7, 0x51e8, 0x5207, 0x5228, 0x51e7, 0x51e7, 0x51e7, 0x51e7,
    0x51e8, 0x51e7, 0x41c8, 0x41e8, 0x41a8, 0x49c8, 0x41c8, 0x41c8, 0x41c8, 0x41c8, 0x41c8, 0x41c8,
    0x41c8, 0x41c8, 0x41c8, 0x49c8, 0x41a8, 0x41a8, 0x49c7, 0x49c8, 0x41c8, 0x41c8, 0x49c8, 0x49c8,
    0x49e8, 0x41c8, 0x41a7, 0x41c8, 0x41a8, 0x41c8, 0x49e8, 0x4a08, 0x4a08, 0x49e8, 0x41a8, 0x39a8,
    0x3987, 0x39a8, 0x39a8, 0x39a8, 0x41c8, 0x41c8, 0x41c8, 0x3988, 0x39a8, 0x39a8, 0x39a8, 0x3988,
    0x39a8, 0x3187, 0x3188, 0x3188, 0x3188, 0x31a8, 0x3188, 0x3188, 0x3188, 0x3188, 0x31a8, 0x3188,
    0x3188, 0x3188, 0x3188, 0x3188, 0x3188, 0x3188, 0x3188, 0x3188, 0x3988, 0x3188, 0x3188, 0x3188,
    0x3188, 0x39a8, 0x3188, 0x3188, 0x3188, 0x3168, 0x3188, 0x3188, 0x3188, 0x3988, 0x3188, 0x3188,
    0x3988, 0x3988, 0x39a9, 0x3988, 0x3188, 0x31a8, 0x31a8, 0x39a8, 0x3188, 0x49c9, 0xff39, 0xff36,
    0xf736, 0xf736, 0xf736, 0xff36, 0xf736, 0xff36, 0xf736, 0xff36, 0xf736, 0xff36, 0xf736, 0xf736,
    0xf736, 0xf736, 0xf736, 0xf736, 0xf736, 0xf736, 0xf736, 0xff36, 0xff36, 0xf736, 0xf736, 0xf736,
    0xf736, 0xf736, 0xf736, 0xf736, 0xff36, 0xf736, 0xf736, 0xf736, 0xf736, 0xf736, 0xf736, 0xf736,
    0xf736, 0xf736, 0xf736, 0xf736, 0xf736, 0xf736, 0xf736, 0xf736, 0xf736, 0xf736, 0xf736, 0xf736,
    0xf736, 0xf736, 0xf736, 0xf736, 0xf736, 0xf736, 0xf736, 0xf736, 0xff36, 0xf736, 0xff36, 0xff36,
    0xf736, 0xf736, 0xf736, 0xf736, 0xf736, 0xf736, 0xf736, 0xf736, 0xf736, 0xf736, 0xf736, 0xf736,
    0xf736, 0xf736, 0xf736, 0xf736, 0xf736, 0xf736, 0xf736, 0xf736, 0xf736, 0xf736, 0xf736, 0xf736,
    0xf736, 0xf736, 0xf736, 0xf736, 0xf736, 0xf736, 0xf736, 0xf736, 0xf736, 0xf736, 0xf736, 0xf736,
    0xff56, 0x5a47, 0x3967, 0x2905, 0x41c8, 0x20e4, 0x20c4, 0x20c4, 0x20e3, 0x18e3, 0x18e3, 0x20e3,
    0x20e4, 0x20e4, 0x20e4, 0x20e3, 0x20c3, 0x4188, 0x51e9, 0x20e4, 0x520a, 0x4188, 0x28e4, 0x5a09,
    0x51e7, 0x5207, 0x5208, 0x5208, 0x5207, 0x5207, 0x5207, 0x5a08, 0x5a08, 0x5a08, 0x5a08, 0x5207,
    0x5207, 0x5a27, 0x5a27, 0x5a48, 0x5207, 0x5a08, 0x5a08, 0x51e7, 0x5207, 0x51e7, 0x51e8, 0x51c7,
    0x51e7, 0x5208, 0x49c7, 0x41c8, 0x41c8, 0x49c8, 0x41e8, 0x41c8, 0x41c8, 0x41c8, 0x41c8, 0x41c8,
    0x41c8, 0x49c8, 0x41c8, 0x41c8, 0x41c8, 0x49c8, 0x41c8, 0x41a7, 0x41a8, 0x51e8, 0x51c8, 0x4a08,
    0x49e7, 0x49e7, 0x49e8, 0x41c8, 0x41c8, 0x41c8, 0x4a08, 0x5228, 0x5228, 0x5208, 0x5228, 0x49e8,
    0x49e8, 0x49e8, 0x41c8, 0x39a8, 0x49c8, 0x41c7, 0x49e8, 0x41c8, 0x39c8, 0x39a8, 0x39a8, 0x3188,
    0x39a8, 0x39a8, 0x31a8, 0x3188, 0x39a8, 0x3188, 0x31a8, 0x3188, 0x3188, 0x3188, 0x31a8, 0x39a8,
    0x31a8, 0x3188, 0x3188, 0x3188, 0x3188, 0x3988, 0x3988, 0x3188, 0x3168, 0x3188, 0x3188, 0x3188,
    0x39a8, 0x3188, 0x3188, 0x3188, 0x3188, 0x3188, 0x3188, 0x3188, 0x3188, 0x3188, 0x3188, 0x39a8,
    0x31a8, 0x3188, 0x31a8, 0x3188, 0x39a8, 0x39a8, 0x39a8, 0x39a8, 0x3988, 0x49c9, 0xff39, 0xf736,
    0xf736, 0xf736, 0xf736, 0xf736, 0xf736, 0xf736, 0xff36, 0xf736, 0xf736, 0xff16, 0xf736, 0xf736,
    0xf736, 0xf736, 0xf736, 0xf736, 0xf736, 0xf736, 0xf736, 0xf736, 0xf736, 0xf736, 0xf736, 0xff36,
    0xf736, 0xff36, 0xf716, 0xf736, 0xf736, 0xf736, 0xf736, 0xf736, 0xf736, 0xf736, 0xf736, 0xf736,
    0xf736, 0xf736, 0xf736, 0xf736, 0xf736, 0xf736, 0xf736, 0xf736, 0xf736, 0xf736, 0xf736, 0xf736,
    0xf736, 0xf736, 0xf736, 0xf736, 0xf736, 0xf736, 0xff36, 0xf736, 0xf736, 0xf736, 0xff36, 0xf736,
    0xf736, 0xf716, 0xf736, 0xf736, 0xf736, 0xf736, 0xf736, 0xf736, 0xf736, 0xf736, 0xf736, 0xf736,
    0xf736, 0xf736, 0xf736, 0xf736, 0xf736, 0xf736, 0xf736, 0xf736, 0xf736, 0xf736, 0xf736, 0xf736,
    0xf736, 0xf736, 0xf736, 0xf736, 0xf736, 0xf736, 0xf736, 0xf736, 0xf736, 0xf736, 0xf736, 0xf736,
    0xff56, 0x6268, 0x28c4, 0x41a8, 0x3126, 0x18a3, 0x522a, 0x5a2b, 0x20c4, 0x2104, 0x18e3, 0x20e4,
    0x20e4, 0x20e4, 0x20e4, 0x20e4, 0x2103, 0x2925, 0x520a, 0x3146, 0x520a, 0x2925, 0x20c4, 0x5a09,
    0x5207, 0x5207, 0x51e7, 0x5207, 0x5a08, 0x5a07, 0x5a07, 0x5207, 0x5a08, 0x5a08, 0x5a07, 0x5a48,
    0x5a48, 0x5a28, 0x5a28, 0x5a48, 0x5a28, 0x5208, 0x5207, 0x5a28, 0x51e8, 0x51e8, 0x51e8, 0x51e8,
    0x51e8, 0x51e8, 0x51e8, 0x49a7, 0x49c8, 0x49c8, 0x49c8, 0x41c8, 0x41c8, 0x41c8, 0x41c8, 0x41c8,
    0x41c8, 0x41c8, 0x41c8, 0x41c8, 0x49e8, 0x49e8, 0x41c8, 0x49c8, 0x49c8, 0x49e8, 0x49e8, 0x49c7,
    0x49e7, 0x49e7, 0x5208, 0x49e8, 0x49e7, 0x5228, 0x5208, 0x5207, 0x5208, 0x5208, 0x5208, 0x49e8,
    0x49e8, 0x4a08, 0x41c8, 0x41c8, 0x49c8, 0x41c8, 0x41c8, 0x39c8, 0x39c8, 0x39c8, 0x39a8, 0x31a8,
    0x39a8, 0x39a8, 0x31a8, 0x3188, 0x39a8, 0x3188, 0x31a8, 0x3188, 0x31a8, 0x39a8, 0x3188, 0x3188,
    0x39a8, 0x39a8, 0x39a8, 0x3988, 0x3188, 0x3188, 0x3188, 0x3188, 0x3188, 0x3988, 0x39a8, 0x31a8,
    0x3188, 0x39a8, 0x39a8, 0x31a8, 0x39a8, 0x31a8, 0x3188, 0x39a9, 0x3988, 0x39a8, 0x31a8, 0x39a9,
    0x31a8, 0x31a8, 0x3188, 0x39a8, 0x39a8, 0x39a8, 0x39a8, 0x39c8, 0x41a8, 0x5a2a, 0xff5a, 0xff36,
    0xf736, 0xf736, 0xf736, 0xf736, 0xf736, 0xf736, 0xf736, 0xf736, 0xf736, 0xff36, 0xf736, 0xf736,
    0xf736, 0xf736, 0xf736, 0xf736, 0xf736, 0xf736, 0xf736, 0xf736, 0xf736, 0xf736, 0xf736, 0xf736,
    0xf736, 0xf736, 0xf736, 0xf736, 0xf736, 0xff36, 0xf736, 0xf736, 0xf736, 0xf736, 0xf736, 0xf736,
    0xf736, 0xf736, 0xf736, 0xf736, 0xf736, 0xf736, 0xf736, 0xff36, 0xf736, 0xf736, 0xf736, 0xf736,
    0xf736, 0xf736, 0xf736, 0xf736, 0xf736, 0xf736, 0xf736, 0xf736, 0xff36, 0xff36, 0xf736, 0xf736,
    0xf736, 0xf736, 0xf736, 0xf736, 0xf736, 0xf736, 0xf736, 0xf736, 0xf736, 0xf736, 0xf736, 0xf736,
    0xf736, 0xff36, 0xf736, 0xf736, 0xf736, 0xff36, 0xf736, 0xf736, 0xf736, 0xf736, 0xf736, 0xf736,
    0xf736, 0xf736, 0xf736, 0xff36, 0xf736, 0xf736, 0xf736, 0xff36, 0xf736, 0xf736, 0xf736, 0xf736,
    0xff57, 0x6288, 0x20c4, 0x2104, 0x4a09, 0x2905, 0x49e9, 0x2905, 0x20e3, 0x2104, 0x18e3, 0x20e4,
    0x20e4, 0x20e4, 0x20e4, 0x20e4, 0x20e3, 0x18e3, 0x520a, 0x20e4, 0x28e5, 0x20e4, 0x2104, 0x51e9,
    0x5208, 0x5208, 0x5208, 0x5207, 0x59e7, 0x5a08, 0x5208, 0x5207, 0x5a08, 0x5a28, 0x5a28, 0x5a27,
    0x5a48, 0x5a68, 0x5a48, 0x5a48, 0x5207, 0x5a28, 0x5228, 0x5207, 0x51e8, 0x5208, 0x51e8, 0x51e8,
    0x51e8, 0x51e8, 0x51e7, 0x49c8, 0x49c8, 0x49c8, 0x49c8, 0x41c8, 0x41c8, 0x41c8, 0x41c8, 0x41c8,
    0x41c8, 0x41c8, 0x41c7, 0x49c8, 0x49c8, 0x49c8, 0x49e8, 0x49c8, 0x51e8, 0x49e8, 0x49c7, 0x49e7,
    0x49e7, 0x51e8, 0x5208, 0x49e8, 0x5208, 0x5208, 0x5208, 0x5207, 0x51e8, 0x41c8, 0x41c8, 0x41c8,
    0x49e8, 0x49e8, 0x41c8, 0x41c8, 0x39a8, 0x39a8, 0x31a8, 0x39a8, 0x39a8, 0x39a8, 0x39a8, 0x31a8,
    0x3188, 0x3988, 0x39a8, 0x3188, 0x39a8, 0x3188, 0x39a8, 0x3188, 0x39a8, 0x2967, 0x3188, 0x31a8,
    0x31a8, 0x3188, 0x3188, 0x3188, 0x3188, 0x3188, 0x3188, 0x3188, 0x3988, 0x39a8, 0x39a8, 0x3188,
    0x3187, 0x3988, 0x31a8, 0x39a8, 0x3188, 0x3188, 0x39a8, 0x3988, 0x3188, 0x3988, 0x31a8, 0x39a8,
    0x39a9, 0x3988, 0x3988, 0x3988, 0x41a9, 0x39a8, 0x39a8, 0x39a8, 0x5208, 0x5a29, 0xff39, 0xff36,
    0xff36, 0xf736, 0xf736, 0xf736, 0xf736, 0xff57, 0xff37, 0xff37, 0xff58, 0xff38, 0xff37, 0xff57,
    0xff57, 0xff58, 0xff58, 0xff58, 0xff58, 0xff38, 0xff58, 0xff57, 0xff57, 0xff57, 0xff58, 0xff58,
    0xff57, 0xff57, 0xff38, 0xff57, 0xff57, 0xff57, 0xff57, 0xff57, 0xff37, 0xff57, 0xff57, 0xff37,
    0xff57, 0xff57, 0xff37, 0xff57, 0xff57, 0xff38, 0xff57, 0xff58, 0xff58, 0xff57, 0xff37, 0xff38,
    0xff37, 0xff58, 0xff57, 0xff57, 0xff58, 0xff38, 0xff57, 0xff57, 0xff58, 0xff57, 0xff57, 0xff57,
    0xff37, 0xff57, 0xff57, 0xff57, 0xff57, 0xff57, 0xff37, 0xff57, 0xff57, 0xff57, 0xff57, 0xff57,
    0xff37, 0xff57, 0xff57, 0xff58, 0xff57, 0xff58, 0xff37, 0xff58, 0xff37, 0xff58, 0xff57, 0xff37,
    0xff37, 0xff37, 0xff38, 0xff37, 0xff38, 0xff58, 0xff37, 0xff36, 0xf736, 0xf736, 0xf736, 0xf736,
    0xff56, 0x5a27, 0x20c4, 0x2904, 0x28e4, 0x20e4, 0x520a, 0x20e3, 0x18e3, 0x20e4, 0x20e4, 0x20e3,
    0x20e4, 0x20e4, 0x20e4, 0x20e4, 0x2104, 0x20e3, 0x520a, 0x2905, 0x5209, 0x20e4, 0x3966, 0x3105,
    0x5a28, 0x5208, 0x5a08, 0x5208, 0x5a08, 0x5228, 0x5207, 0x5228, 0x5a28, 0x5a27, 0x5a28, 0x5a48,
    0x5207, 0x5a48, 0x5a07, 0x5227, 0x5a28, 0x5a28, 0x5227, 0x5207, 0x5208, 0x5208, 0x5228, 0x51e8,
    0x51e8, 0x59e8, 0x51e8, 0x49c8, 0x49e8, 0x41e8, 0x49c8, 0x41c8, 0x41c8, 0x41c8, 0x41c8, 0x41c8,
    0x49c8, 0x49c8, 0x49c8, 0x49c8, 0x49c8, 0x49c8, 0x49e8, 0x51e8, 0x49c8, 0x49e7, 0x49c7, 0x49e8,
    0x49c7, 0x49e7, 0x49e7, 0x49e7, 0x5208, 0x5208, 0x5207, 0x5207, 0x41a8, 0x41c8, 0x41c8, 0x41c8,
    0x39a8, 0x41c8, 0x39a8, 0x39a8, 0x39a8, 0x39a8, 0x31a8, 0x3188, 0x39c8, 0x39a8, 0x3188, 0x3188,
    0x3988, 0x39a8, 0x3187, 0x3188, 0x3188, 0x3188, 0x31a8, 0x3188, 0x3188, 0x3187, 0x3188, 0x39a8,
    0x3188, 0x39a8, 0x39a9, 0x3189, 0x3188, 0x3188, 0x3188, 0x3988, 0x3988, 0x3988, 0x39a8, 0x3187,
    0x39a8, 0x3988, 0x39a8, 0x3188, 0x31a8, 0x39a9, 0x39a8, 0x3188, 0x3188, 0x3188, 0x3988, 0x31a8,
    0x3188, 0x39a8, 0x39a8, 0x39a8, 0x39a8, 0x39a8, 0x39c8, 0x41c8, 0x5a28, 0x6229, 0xff39, 0xf736,
    0xf736, 0xf736, 0xf736, 0xf736, 0xff56, 0xff57, 0xff57, 0xff57, 0xff57, 0xff57, 0xff57, 0xff57,
    0xff57, 0xff57, 0xff57, 0xff57, 0xff57, 0xff57, 0xff57, 0xff57, 0xff57, 0xff57, 0xff57, 0xff57,
    0xff57, 0xff57, 0xff57, 0xff57, 0xff57, 0xff57, 0xff57, 0xff57, 0xff57, 0xff57, 0xff57, 0xff57,
    0xff57, 0xff57, 0xff57, 0xff57, 0xff57, 0xff57, 0xff57, 0xff57, 0xff57, 0xff57, 0xff57, 0xff57,
    0xff57, 0xff57, 0xff57, 0xff57, 0xff57, 0xff57, 0xff57, 0xff57, 0xff57, 0xff57, 0xff57, 0xff57,
    0xff57, 0xff57, 0xff57, 0xff57, 0xff57, 0xff57, 0xff57, 0xff57, 0xff57, 0xff57, 0xff57, 0xff57,
    0xff57, 0xff57, 0xff57, 0xff57, 0xff57, 0xff57, 0xff57, 0xff57, 0xff57, 0xff57, 0xff57, 0xff57,
    0xff57, 0xff57, 0xff57, 0xff57, 0xff57, 0xff57, 0xff57, 0xf736, 0xf736, 0xf736, 0xf736, 0xf736,
    0xff77, 0x4184, 0x3125, 0x20e3, 0x3966, 0x2905, 0x520a, 0x20e4, 0x18e3, 0x20e4, 0x20e3, 0x20e4,
    0x20e4, 0x20e4, 0x20e4, 0x20e4, 0x2103, 0x2104, 0x520a, 0x20e4, 0x20e4, 0x20c3, 0x3987, 0x2904,
    0x5a48, 0x5a07, 0x5207, 0x5207, 0x5a28, 0x5a28, 0x5a28, 0x5207, 0x5228, 0x5a27, 0x5207, 0x5a48,
    0x5a48, 0x5a28, 0x5a48, 0x5a48, 0x5a48, 0x5a28, 0x5a27, 0x5a28, 0x5207, 0x5207, 0x5a28, 0x5207,
    0x51e8, 0x5208, 0x5208, 0x5208, 0x41c8, 0x41a7, 0x3125, 0xffff, 0xffff, 0xffff, 0xffff, 0xffff,
    0x3166, 0x3987, 0xffdf, 0xffff, 0xffff, 0xffff, 0xffff, 0xffff, 0xffff, 0x49e7, 0x49e7, 0xffbe,
    0xffff, 0xffff, 0xffdf, 0x49e7, 0x51e7, 0x9430, 0xffde, 0xffff, 0xde9a, 0xe6fc, 0xffff, 0xffff,
    0xffff, 0xffff, 0xffff, 0xffff, 0x2946, 0x3188, 0x3188, 0xffdf, 0xffff, 0xffff, 0xffff, 0xffff,
    0xffff, 0xffdf, 0xffff, 0xffff, 0x5aab, 0x3167, 0x3188, 0x3187, 0x3187, 0x2946, 0xf7bf, 0x31a8,
    0x3187, 0x3188, 0x3188, 0x39a8, 0x3188, 0x3188, 0x39a9, 0x39a8, 0x39a8, 0x39a8, 0x39a8, 0x3988,
    0x39a8, 0x3988, 0x31a8, 0x31a8, 0x39a9, 0x39a8, 0x39a9, 0x31a8, 0x39a8, 0x31a8, 0x3988, 0x39a8,
    0x39a8, 0x39a9, 0x39a9, 0x39a8, 0x41e8, 0x5249, 0x49e8, 0x5208, 0x5a48, 0x5a49, 0xff5a, 0xf736,
    0xf736, 0xf736, 0xf736, 0xf736, 0xf736, 0xf736, 0xf736, 0xf736, 0xf736, 0xf736, 0xf736, 0xf736,
    0xf736, 0xf736, 0xf736, 0xf736, 0xf736, 0xf736, 0xf736, 0xf736, 0xf736, 0xf736, 0xf736, 0xf736,
    0xf736, 0xf736, 0xf736, 0xf736, 0xf736, 0xf736, 0xf736, 0xf736, 0xf736, 0xf736, 0xf736, 0xf736,
    0xf736, 0xf736, 0xff56, 0xf736, 0xf736, 0xf736, 0xff56, 0xf736, 0xf736, 0xf736, 0xf736, 0xf736,
    0xf736, 0xf736, 0xff56, 0xf736, 0xf736, 0xf736, 0xf736, 0xf736, 0xff56, 0xf736, 0xf736, 0xf736,
    0xf736, 0xf736, 0xf736, 0xf736, 0xf736, 0xf736, 0xf736, 0xf736, 0xf736, 0xf736, 0xf736, 0xf736,
    0xf736, 0xf736, 0xf736, 0xf736, 0xf736, 0xf736, 0xf736, 0xf736, 0xf736, 0xf736, 0xf736, 0xf736,
    0xf736, 0xff36, 0xf736, 0xf736, 0xf736, 0xf736, 0xf736, 0xf736, 0xf736, 0xf736, 0xf736, 0xf716,
    0xf756, 0x41a4, 0x3146, 0x20e4, 0x2104, 0x2905, 0x520a, 0x20e3, 0x20e3, 0x20e4, 0x20e3, 0x20e3,
    0x20e4, 0x20e4, 0x20e4, 0x20e4, 0x2103, 0x2104, 0x522b, 0x51ea, 0x520a, 0x49c9, 0x20c4, 0x2904,
    0x5a28, 0x5207, 0x5a28, 0x5a28, 0x5a08, 0x5a28, 0x5a28, 0x5207, 0x5207, 0x5a28, 0x5228, 0x5207,
    0x5a28, 0x5228, 0x5a48, 0x5a68, 0x5a28, 0x5a68, 0x5a28, 0x5a48, 0x5a48, 0x5a28, 0x5a48, 0x5a48,
    0x5208, 0x5208, 0x5208, 0x5208, 0x39a7, 0xffff, 0xffff, 0x41c8, 0x41c8, 0x41a7, 0x41a7, 0xc5f8,
    0xad55, 0x49e8, 0x3986, 0xffff, 0xffff, 0x41a7, 0x49e8, 0x41c8, 0xffff, 0xad34, 0x41a6, 0x49e7,
    0xef5d, 0xffff, 0x41c7, 0x49e7, 0x5207, 0x4a08, 0x41a7, 0xc5f7, 0x41a7, 0x41c8, 0x2945, 0xffff,
    0x3987, 0x39a7, 0x3987, 0x3187, 0xffff, 0x2104, 0x3187, 0xffdf, 0x39a7, 0x3166, 0x2925, 0xffff,
    0xffdf, 0x2905, 0x3166, 0x52ab, 0x39c7, 0x3188, 0x738f, 0x7bf0, 0x31a7, 0xffff, 0x4a6a, 0x39a7,
    0x2946, 0xf79f, 0x3188, 0x3188, 0x3188, 0x31a8, 0x3188, 0x39a8, 0x39a8, 0x39a8, 0x31a8, 0x39a8,
    0x39a8, 0x39a8, 0x31a8, 0x39a8, 0x3988, 0x39a9, 0x3988, 0x39a8, 0x39a8, 0x39a8, 0x39a8, 0x39a9,
    0x39a8, 0x39a8, 0x39a8, 0x41c8, 0x5a48, 0x5a28, 0x5a48, 0x6269, 0x6248, 0x6249, 0xff3a, 0xff56,
    0xf736, 0xf736, 0xf736, 0xf736, 0xf736, 0xf736, 0xf736, 0xf736, 0xf736, 0xf736, 0xf736, 0xf736,
    0xf736, 0xf736, 0xf736, 0xf736, 0xf736, 0xf736, 0xf736, 0xf736, 0xf736, 0xf736, 0xf736, 0xf736,
    0xf736, 0xf736, 0xf736, 0xf736, 0xff36, 0xf736, 0xf736, 0xf736, 0xf736, 0xf736, 0xf736, 0xf736,
    0xf736, 0xf736, 0xf736, 0xf736, 0xf736, 0xf736, 0xf736, 0xf736, 0xf736, 0xf736, 0xf736, 0xf736,
    0xf736, 0xf736, 0xf736, 0xf736, 0xf736, 0xf736, 0xf736, 0xf716, 0xf736, 0xf736, 0xf736, 0xf736,
    0xf736, 0xf736, 0xf736, 0xf736, 0xf736, 0xf736, 0xf736, 0xf736, 0xf736, 0xf736, 0xf736, 0xf736,
    0xf736, 0xf736, 0xf736, 0xf736, 0xf736, 0xf736, 0xf736, 0xf736, 0xf736, 0xf736, 0xf736, 0xf736,
    0xf736, 0xf736, 0xf736, 0xf736, 0xf736, 0xf736, 0xf736, 0xf736, 0xf736, 0xf736, 0xf736, 0xf716,
    0xff56, 0x3984, 0x3967, 0x522a, 0x520a, 0x51ea, 0x520a, 0x20e4, 0x20e3, 0x20e4, 0x20e3, 0x20e3,
    0x20e4, 0x20e4, 0x20e4, 0x2104, 0x18e3, 0x2104, 0x41c8, 0x51ea, 0x2905, 0x41a8, 0x49c9, 0x3104,
    0x5a28, 0x5207, 0x5208, 0x5a08, 0x5a28, 0x5a28, 0x5a08, 0x5208, 0x5208, 0x5208, 0x5a28, 0x5207,
    0x5a48, 0x5228, 0x5a28, 0x5a28, 0x5a28, 0x5a28, 0x5a27, 0x5a48, 0x5a28, 0x5a48, 0x5a48, 0x5a48,
    0x5208, 0x5208, 0x51e8, 0x41c8, 0xad35, 0xc638, 0x41c8, 0x41c8, 0x41c8, 0x41c8, 0x49e8, 0x39a7,
    0xffdf, 0x49e8, 0x3986, 0xffff, 0xffff, 0x3987, 0x49c8, 0x49c8, 0x41c8, 0xffff, 0x3165, 0x41a7,
    0x3987, 0xffff, 0xa4f3, 0x49c7, 0x49e7, 0x49e7, 0xd69a, 0x3145, 0x41c8, 0x41c8, 0x2946, 0xffff,
    0x3987, 0x39a8, 0x39a8, 0x39a8, 0xef7e, 0xffff, 0x3187, 0xffdf, 0x3987, 0x3187, 0x2926, 0xffff,
    0xffff, 0x2946, 0x3187, 0x39e8, 0x39c8, 0x2946, 0x2966, 0x2947, 0x8411, 0x3166, 0xdedb, 0xce7a,
    0x3167, 0x39a8, 0xffff, 0x3188, 0x39a8, 0x3188, 0x3188, 0x39a8, 0x39a8, 0x31a8, 0x39a8, 0x31a8,
    0x39a8, 0x3988, 0x31a8, 0x39a8, 0x39c9, 0x39a9, 0x3988, 0x39a8, 0x39a8, 0x39a9, 0x39a8, 0x39a8,
    0x39a8, 0x39a8, 0x41e9, 0x5228, 0x5a48, 0x5a48, 0x5a48, 0x5a48, 0x6248, 0x6229, 0xff39, 0xff36,
    0xf736, 0xff36, 0xf736, 0xf736, 0xf736, 0xf736, 0xf736, 0xf736, 0xf736, 0xf736, 0xf736, 0xf736,
    0xf736, 0xf736, 0xf736, 0xf736, 0xf736, 0xf736, 0xf736, 0xf736, 0xf736, 0xf736, 0xf736, 0xf716,
    0xf736, 0xf736, 0xf736, 0xf736, 0xf736, 0xf736, 0xf736, 0xf736, 0xf736, 0xf736, 0xf736, 0xf736,
    0xf736, 0xf736, 0xf736, 0xff36, 0xf736, 0xff36, 0xf736, 0xf736, 0xf736, 0xff36, 0xf736, 0xf736,
    0xf736, 0xf736, 0xff36, 0xf736, 0xf736, 0xf736, 0xf736, 0xf736, 0xf736, 0xf736, 0xf736, 0xf736,
    0xf736, 0xf736, 0xf736, 0xf736, 0xf736, 0xf736, 0xf736, 0xf736, 0xf736, 0xf736, 0xf736, 0xf736,
    0xf736, 0xf736, 0xf736, 0xf736, 0xf736, 0xf736, 0xf736, 0xf736, 0xf736, 0xf736, 0xf736, 0xf736,
    0xf736, 0xf736, 0xf736, 0xf736, 0xf736, 0xf736, 0xf736, 0xf736, 0xf736, 0xf736, 0xf736, 0xff36,
    0xff56, 0x3984, 0x5a0a, 0x520a, 0x20c4, 0x41a8, 0x3146, 0x2103, 0x20e4, 0x20e4, 0x20e3, 0x20e4,
    0x20e4, 0x20e4, 0x20e4, 0x20e4, 0x2103, 0x2103, 0x20e3, 0x2103, 0x20e3, 0x3987, 0x51ca, 0x3125,
    0x5a28, 0x5a07, 0x5a28, 0x5a28, 0x5207, 0x5207, 0x5207, 0x5a28, 0x5a28, 0x5a28, 0x5a28, 0x5a48,
    0x5a28, 0x5a28, 0x5a28, 0x5a28, 0x5a48, 0x5a28, 0x5a48, 0x5a48, 0x5a48, 0x5a48, 0x5a48, 0x5228,
    0x49e8, 0x49e8, 0x41c7, 0x3986, 0xffff, 0x736e, 0x41c8, 0x41c8, 0x41c8, 0x41e8, 0x41e8, 0x49c8,
    0x41c7, 0x49c7, 0x39a7, 0xffff, 0xffff, 0x4187, 0x49c8, 0x49c8, 0x41a7, 0xffff, 0x3166, 0x41a7,
    0x41a7, 0xffdf, 0xbdb6, 0x41a6, 0x49e7, 0x41c7, 0xffdf, 0x39a7, 0x41a7, 0x41c8, 0x2966, 0xffff,
    0x39c8, 0x39a8, 0x39c8, 0x3987, 0xef5d, 0xffff, 0x3187, 0x3167, 0x3987, 0x3188, 0x2926, 0xffff,
    0xffdf, 0x2966, 0x3167, 0x31a8, 0x39a8, 0xffff, 0x2967, 0x2946, 0x9cb3, 0xffdf, 0xe71c, 0xef7e,
    0x3187, 0x3187, 0x2946, 0x2946, 0x39a8, 0x31a8, 0x39a8, 0x39c8, 0x39a8, 0x39a8, 0x39a8, 0x39c8,
    0x39a8, 0x39a8, 0x39a8, 0x31a8, 0x3188, 0x39a8, 0x39a8, 0x3989, 0x39a8, 0x39a8, 0x39a8, 0x39c8,
    0x39c8, 0x39a8, 0x5a49, 0x5a48, 0x6248, 0x5a48, 0x6248, 0x5a48, 0x6248, 0x6249, 0xff39, 0xff36,
    0xf736, 0xf736, 0xf736, 0xf736, 0xf736, 0xf736, 0xf736, 0xf736, 0xf736, 0xf736, 0xf736, 0xf736,
    0xf736, 0xf736, 0xf736, 0xf736, 0xf736, 0xf736, 0xf736, 0xf736, 0xf736, 0xf736, 0xf736, 0xf736,
    0xf736, 0xf736, 0xf736, 0xf736, 0xf736, 0xf736, 0xf736, 0xf736, 0xf736, 0xf736, 0xf736, 0xf736,
    0xf736, 0xf736, 0xf736, 0xf736, 0xff36, 0xf736, 0xf736, 0xf736, 0xf736, 0xf736, 0xf736, 0xf736,
    0xf736, 0xf736, 0xf736, 0xf736, 0xf736, 0xf736, 0xf736, 0xf736, 0xf736, 0xf736, 0xf736, 0xf736,
    0xf736, 0xf736, 0xf736, 0xf736, 0xf736, 0xf736, 0xf736, 0xf736, 0xf736, 0xf736, 0xf736, 0xf736,
    0xf736, 0xf736, 0xf736, 0xf736, 0xff36, 0xf736, 0xf736, 0xf736, 0xf736, 0xf736, 0xf736, 0xf736,
    0xf736, 0xf736, 0xf736, 0xf736, 0xf736, 0xf736, 0xf736, 0xf736, 0xf736, 0xf736, 0xf736, 0xf736,
    0xff57, 0x41a5, 0x5a0b, 0x49e9, 0x2103, 0x18e3, 0x20e4, 0x20e3, 0x20e3, 0x20e3, 0x20e4, 0x20e3,
    0x20e4, 0x20e4, 0x20e4, 0x20e4, 0x2104, 0x2103, 0x2925, 0x524a, 0x522a, 0x49c9, 0x49c9, 0x3125,
    0x5a28, 0x5a28, 0x5a28, 0x5a28, 0x5a28, 0x5a28, 0x5207, 0x5a28, 0x5a28, 0x5208, 0x5228, 0x5a28,
    0x5a07, 0x5a48, 0x5a28, 0x5a28, 0x5a48, 0x5a48, 0x5a48, 0x5a48, 0x5a48, 0x5a48, 0x5a48, 0x5208,
    0x4a08, 0x49e8, 0x49c8, 0xffff, 0xffff, 0x3987, 0x49e8, 0x49e8, 0x41c8, 0x49e8, 0x49e8, 0x4a09,
    0x41e8, 0x49e8, 0x3987, 0xffff, 0xffff, 0x39a7, 0x49c7, 0x41c8, 0x39a7, 0xffff, 0x3166, 0x41c7,
    0x41c8, 0x3986, 0xffdf, 0x3165, 0x49e8, 0xdedb, 0x3986, 0x39a8, 0x41c8, 0x41c8, 0x3146, 0xffff,
    0x41e8, 0x39c8, 0x39c8, 0x39c8, 0xf7bf, 0xffff, 0x3187, 0x39a8, 0x39a8, 0x3188, 0x2946, 0xffff,
    0xffdf, 0x2946, 0x3167, 0x39a8, 0x39a8, 0xffbf, 0x39c8, 0x9cd3, 0x2126, 0x2926, 0xdefc, 0x3188,
    0xd69a, 0x39a8, 0x3187, 0x3167, 0x3188, 0x3188, 0x39a8, 0x39a8, 0x39a8, 0x39c8, 0x39a8, 0x39a8,
    0x39a8, 0x39a8, 0x39a8, 0x39a8, 0x39a8, 0x39a8, 0x39a8, 0x39c9, 0x39a8, 0x39a9, 0x39c8, 0x39c8,
    0x39a8, 0x41a8, 0x5a49, 0x6248, 0x6268, 0x6268, 0x6268, 0x6248, 0x6269, 0x6269, 0xff39, 0xf736,
    0xf736, 0xf736, 0xf736, 0xf736, 0xf736, 0xf736, 0xf736, 0xf736, 0xf736, 0xf736, 0xf736, 0xf736,
    0xf736, 0xf736, 0xf736, 0xf736, 0xf736, 0xf736, 0xf736, 0xf736, 0xf736, 0xf736, 0xf736, 0xf736,
    0xf736, 0xff36, 0xf736, 0xf736, 0xf736, 0xf736, 0xf736, 0xff36, 0xf736, 0xf736, 0xf736, 0xf736,
    0xf736, 0xf736, 0xf736, 0xf736, 0xf736, 0xf736, 0xf736, 0xf736, 0xf736, 0xf736, 0xf736, 0xf736,
    0xf736, 0xf736, 0xf736, 0xf736, 0xf736, 0xf736, 0xf736, 0xf736, 0xf736, 0xf736, 0xf736, 0xf736,
    0xf736, 0xf736, 0xf736, 0xf736, 0xf736, 0xf736, 0xf736, 0xf736, 0xf736, 0xf736, 0xf736, 0xf736,
    0xf736, 0xf736, 0xf736, 0xf736, 0xf736, 0xf736, 0xf736, 0xf736, 0xf736, 0xf736, 0xf736, 0xff36,
    0xf736, 0xf736, 0xf736, 0xf736, 0xf736, 0xf736, 0xf736, 0xf736, 0xf736, 0xf736, 0xf736, 0xf736,
    0xff56, 0x4184, 0x522a, 0x520a, 0x49e8, 0x522a, 0x41a8, 0x20e4, 0x20e3, 0x20e3, 0x20e3, 0x20e4,
    0x20e4, 0x20e4, 0x20e4, 0x20e4, 0x2103, 0x20e4, 0x520a, 0x5a2b, 0x522a, 0x520a, 0x2905, 0x3145,
    0x5a28, 0x5a28, 0x5a28, 0x5a28, 0x5a28, 0x5208, 0x5a28, 0x5a28, 0x5a28, 0x5a28, 0x5a48, 0x5a28,
    0x5a28, 0x5a08, 0x5a28, 0x5a48, 0x5a48, 0x5a48, 0x5a48, 0x5a48, 0x5a48, 0x5a48, 0x5a48, 0x5a48,
    0x5a49, 0x5209, 0x49e9, 0xffff, 0xffdf, 0x3987, 0x41c8, 0x4a09, 0x49e8, 0x49e8, 0x49e8, 0x4a09,
    0x49e8, 0x49e8, 0x3987, 0xffff, 0xffff, 0x3165, 0x3165, 0x2924, 0xffdf, 0x5249, 0x41a7, 0x41c8,
    0x41c7, 0x41a7, 0x4a49, 0xffff, 0x4a29, 0x6b2d, 0x39a7, 0x41c8, 0x41c8, 0x41c8, 0x2946, 0xffff,
    0x41e8, 0x3166, 0x3146, 0x6b2d, 0xffff, 0x2946, 0x3187, 0x39a8, 0x39a8, 0x39a8, 0x2946, 0xffff,
    0xffdf, 0x2946, 0x3187, 0x3188, 0xef7d, 0x6b4d, 0xce59, 0xbdf8, 0x6b4d, 0x2926, 0x2926, 0x528b,
    0x8c52, 0xef7d, 0xdefc, 0x83f0, 0x39e8, 0x39a8, 0x39c8, 0x39a9, 0x39a8, 0x39a8, 0x31a8, 0x39a8,
    0x39a8, 0x39a8, 0x39a9, 0x39a8, 0x39a9, 0x39a9, 0x39c9, 0x39a8, 0x39a8, 0x39a9, 0x39c8, 0x39c8,
    0x39c9, 0x41e8, 0x5a69, 0x6268, 0x6268, 0x6289, 0x6268, 0x6289, 0x6268, 0x6a8a, 0xff19, 0xf736,
    0xff36, 0xf736, 0xf736, 0xf736, 0xf736, 0xf736, 0xf736, 0xf736, 0xff36, 0xf736, 0xf736, 0xf736,
    0xf736, 0xf736, 0xf736, 0xf736, 0xf736, 0xf736, 0xf736, 0xf736, 0xf736, 0xf736, 0xf736, 0xf736,
    0xf736, 0xf736, 0xf736, 0xf736, 0xf736, 0xf736, 0xf736, 0xf736, 0xf736, 0xf736, 0xf736, 0xf736,
    0xf736, 0xf736, 0xf736, 0xff36, 0xf736, 0xf736, 0xf736, 0xf736, 0xf736, 0xf736, 0xf736, 0xf736,
    0xf736, 0xf736, 0xf736, 0xf736, 0xf736, 0xf736, 0xf736, 0xf736, 0xf736, 0xf736, 0xf736, 0xf736,
    0xf736, 0xf736, 0xf736, 0xf736, 0xf736, 0xf736, 0xf736, 0xf736, 0xf736, 0xf736, 0xf736, 0xf736,
    0xf736, 0xf736, 0xf736, 0xff36, 0xf736, 0xf736, 0xf736, 0xf736, 0xf736, 0xf736, 0xff36, 0xf736,
    0xf736, 0xf736, 0xf736, 0xf736, 0xf736, 0xf736, 0xf736, 0xf736, 0xf736, 0xf736, 0xff36, 0xf736,
    0xff56, 0x3984, 0x20e4, 0x520a, 0x49c9, 0x5a2b, 0x51ca, 0x20e4, 0x20e3, 0x20e3, 0x20e4, 0x20e4,
    0x20e3, 0x20e4, 0x20e4, 0x20e4, 0x2103, 0x20e4, 0x520a, 0x20e4, 0x2104, 0x20e4, 0x522a, 0x3145,
    0x5a48, 0x5a28, 0x5a28, 0x5a28, 0x5a28, 0x5a28, 0x5a28, 0x5a28, 0x5a28, 0x5a28, 0x5a28, 0x5a28,
    0x5a28, 0x5a28, 0x5a48, 0x5a28, 0x5a28, 0x5a48, 0x5a48, 0x5a48, 0x5a28, 0x5a68, 0x5a48, 0x5a28,
    0x5a48, 0x5208, 0x49e9, 0xffff, 0xffff, 0x3987, 0x41e8, 0x49e8, 0x49e9, 0x49e9, 0x4a09, 0x4a09,
    0x4a09, 0x41c8, 0x3966, 0xffff, 0xffde, 0xef5d, 0xffff, 0x8c51, 0x39c7, 0x41a8, 0x41c8, 0x41c7,
    0x41c8, 0x41c8, 0x41c8, 0xef7d, 0xffdf, 0x3987, 0x39c8, 0x41c8, 0x41e9, 0x39a8, 0x2925, 0xffff,
    0x41e8, 0x94b3, 0x9cd3, 0x9492, 0x31a7, 0x39a8, 0x39c8, 0x39a8, 0x39c8, 0x39a8, 0x2966, 0xffff,
    0xffbf, 0x2946, 0x3988, 0x3187, 0xd69a, 0x41e8, 0x738e, 0xffdf, 0x2104, 0x2966, 0x3167, 0x2946,
    0x18c4, 0xffdf, 0xffff, 0x39c7, 0x31a7, 0x31a8, 0x39a9, 0x39c8, 0x39c9, 0x39a8, 0x39a8, 0x39a9,
    0x31a8, 0x39a8, 0x3188, 0x39c9, 0x39a8, 0x39c9, 0x39a9, 0x39c9, 0x39a8, 0x39a8, 0x39a8, 0x39c9,
    0x39c9, 0x41c9, 0x5208, 0x6269, 0x6268, 0x6268, 0x6268, 0x6288, 0x6268, 0x626a, 0xff39, 0xff36,
    0xf736, 0xf736, 0xf736, 0xf736, 0xf736, 0xf736, 0xf736, 0xf736, 0xf736, 0xf736, 0xf736, 0xf736,
    0xf736, 0xf736, 0xf736, 0xf736, 0xf736, 0xf736, 0xf736, 0xf736, 0xf736, 0xf736, 0xf736, 0xf736,
    0xf736, 0xf736, 0xf736, 0xf736, 0xf736, 0xf736, 0xf736, 0xf736, 0xf736, 0xf736, 0xf736, 0xf736,
    0xf736, 0xf736, 0xf736, 0xf736, 0xf736, 0xf736, 0xf736, 0xf736, 0xf736, 0xf736, 0xf736, 0xf736,
    0xf736, 0xf736, 0xf736, 0xf736, 0xf736, 0xf736, 0xf736, 0xf736, 0xf736, 0xf736, 0xf736, 0xf736,
    0xf736, 0xf736, 0xf736, 0xf736, 0xf736, 0xf736, 0xf736, 0xf736, 0xf736, 0xf736, 0xf736, 0xf736,
    0xf736, 0xf736, 0xf736, 0xf736, 0xf736, 0xf736, 0xf736, 0xf736, 0xf736, 0xf736, 0xf736, 0xf736,
    0xf736, 0xf736, 0xf736, 0xf736, 0xf736, 0xf736, 0xf736, 0xf736, 0xf736, 0xf736, 0xf736, 0xf736,
    0xff56, 0x41a4, 0x49c8, 0x28e4, 0x2104, 0x20e4, 0x520a, 0x20e4, 0x18e3, 0x18e3, 0x18e3, 0x18e4,
    0x20e4, 0x20e4, 0x20e4, 0x20e4, 0x20e3, 0x2104, 0x5a4b, 0x3146, 0x5209, 0x2104, 0x3146, 0x4166,
    0x5a28, 0x5a28, 0x5a28, 0x5a28, 0x5a28, 0x5a48, 0x5a28, 0x5a28, 0x5a28, 0x5a28, 0x5a28, 0x5a28,
    0x5a48, 0x5a48, 0x5a48, 0x5a28, 0x5a28, 0x5a28, 0x5a48, 0x5a48, 0x5a68, 0x5a68, 0x5a48, 0x5a28,
    0x5a28, 0x49e8, 0x49e8, 0xffdf, 0xffdf, 0x3987, 0x49e8, 0x49e9, 0x49e9, 0x4a09, 0x4a09, 0x49e9,
    0x41e8, 0x49e8, 0x3186, 0xffff, 0xffdf, 0x3166, 0xffdf, 0xffff, 0x41c8, 0x41a8, 0x41c8, 0x41c8,
    0x49e8, 0x41c8, 0x41c8, 0xdebb, 0xffff, 0x41a7, 0x41c8, 0x41c9, 0x39c8, 0x41c9, 0x2926, 0xffdf,
    0x3187, 0x3167, 0x3167, 0x3188, 0x31a7, 0x39a8, 0x39c8, 0x39c8, 0x39c8, 0x39c9, 0x2966, 0xffff,
    0xf7bf, 0x2946, 0x31a8, 0x31a8, 0x39a8, 0xf77e, 0x3987, 0xb5b6, 0x3167, 0x3167, 0xc639, 0x39a8,
    0xad56, 0x73af, 0x2946, 0x39a7, 0x3188, 0x31a8, 0x39a9, 0x39a8, 0x39c8, 0x39c8, 0x31a8, 0x39a9,
    0x39c8, 0x39a8, 0x39a9, 0x39a9, 0x39a8, 0x39c8, 0x39c9, 0x39a9, 0x39c8, 0x39a9, 0x39a9, 0x39c9,
    0x39c9, 0x39c8, 0x5229, 0x6268, 0x6268, 0x6268, 0x6288, 0x6a88, 0x6a89, 0x626a, 0xff39, 0xff36,
    0xf736, 0xf736, 0xf736, 0xf736, 0xf736, 0xf736, 0xf736, 0xf736, 0xf736, 0xf736, 0xf736, 0xf736,
    0xf736, 0xf736, 0xf716, 0xf736, 0xf736, 0xf736, 0xf736, 0xf736, 0xf736, 0xf736, 0xf736, 0xf736,
    0xf736, 0xf736, 0xf736, 0xf736, 0xf736, 0xf736, 0xf736, 0xf736, 0xf736, 0xf736, 0xf736, 0xf736,
    0xf736, 0xf736, 0xf736, 0xf736, 0xf736, 0xf736, 0xf736, 0xff36, 0xf736, 0xf736, 0xf736, 0xf736,
    0xf736, 0xf736, 0xf736, 0xf736, 0xf736, 0xf736, 0xf736, 0xf736, 0xf736, 0xf736, 0xf736, 0xff36,
    0xf736, 0xf736, 0xf736, 0xf736, 0xf736, 0xf736, 0xf736, 0xf736, 0xf736, 0xf736, 0xf736, 0xf736,
    0xf736, 0xf736, 0xf736, 0xf736, 0xf736, 0xf736, 0xf736, 0xf736, 0xf736, 0xf736, 0xf736, 0xf736,
    0xf736, 0xf736, 0xf736, 0xf736, 0xf736, 0xf736, 0xf736, 0xf736, 0xf736, 0xf736, 0xf736, 0xf736,
    0xff57, 0x41a5, 0x3146, 0x20e4, 0x41c8, 0x2905, 0x520a, 0x20e4, 0x20e3, 0x18e3, 0x18e3, 0x20e4,
    0x20e4, 0x20e4, 0x20e3, 0x20e4, 0x20e4, 0x20e4, 0x520a, 0x2104, 0x3967, 0x20e4, 0x20e4, 0x51c8,
    0x5a48, 0x5a28, 0x5a49, 0x5a28, 0x5a28, 0x5a28, 0x5a28, 0x5a28, 0x5a28, 0x5a48, 0x5a48, 0x5a28,
    0x5a48, 0x5a48, 0x5a48, 0x5a27, 0x5a28, 0x5a28, 0x5a48, 0x5a48, 0x5a48, 0x5a48, 0x5a48, 0x5a28,
    0x4a09, 0x49e9, 0x49e9, 0x3987, 0xffff, 0x528a, 0x4a09, 0x4a09, 0x4a09, 0x4a08, 0x49e8, 0x49e8,
    0xa4b3, 0x49e8, 0x3967, 0xffff, 0xffff, 0x3987, 0x41a7, 0xbdb7, 0xffdf, 0x5229, 0x41c8, 0x41e8,
    0x41e8, 0x49e8, 0x41c8, 0xe6fc, 0xffff, 0x41e8, 0x41c8, 0x41e8, 0x41e9, 0x41e8, 0x2926, 0xffdf,
    0x39a7, 0x39a8, 0x39a8, 0x39c8, 0x39c8, 0x39c8, 0x39c9, 0x39c9, 0x39c8, 0x39e9, 0x2947, 0xffff,
    0xffdf, 0x3146, 0x41c9, 0x39a8, 0x39c8, 0xffdf, 0x39a8, 0x2966, 0xe6fc, 0xffdf, 0xef7d, 0xc638,
    0x3166, 0x3167, 0x3167, 0x3187, 0x39a8, 0x39a9, 0x39a8, 0x39a9, 0x39a9, 0x39a9, 0x39a8, 0x39c9,
    0x39c9, 0x39a9, 0x39a8, 0x39c8, 0x39c9, 0x39a9, 0x39c9, 0x3988, 0x39a9, 0x39ea, 0x39c9, 0x39ca,
    0x39c9, 0x41c9, 0x5a49, 0x6268, 0x6a88, 0x6a88, 0x6288, 0x6268, 0x6288, 0x6a8a, 0xff59, 0xff36,
    0xf736, 0xf736, 0xff36, 0xf736, 0xf736, 0xf736, 0xf736, 0xf736, 0xf736, 0xf736, 0xf736, 0xf736,
    0xf736, 0xf736, 0xf736, 0xf736, 0xf736, 0xf736, 0xf736, 0xf736, 0xf736, 0xf736, 0xf736, 0xf736,
    0xf736, 0xf736, 0xf736, 0xf736, 0xff36, 0xf736, 0xf736, 0xf736, 0xf736, 0xf736, 0xf736, 0xf736,
    0xf736, 0xf736, 0xf736, 0xf736, 0xf736, 0xf736, 0xf736, 0xf736, 0xf736, 0xf736, 0xf736, 0xff36,
    0xf736, 0xf736, 0xf736, 0xf736, 0xf736, 0xf736, 0xf736, 0xf736, 0xf736, 0xf736, 0xf736, 0xf736,
    0xf736, 0xf736, 0xf736, 0xf736, 0xf736, 0xf736, 0xf736, 0xf736, 0xf736, 0xf736, 0xf736, 0xf736,
    0xf736, 0xf736, 0xf736, 0xf736, 0xf736, 0xf736, 0xf736, 0xf736, 0xf736, 0xf736, 0xf736, 0xf736,
    0xf736, 0xf736, 0xf736, 0xf736, 0xf736, 0xf736, 0xf736, 0xf736, 0xf736, 0xf736, 0xf736, 0xf736,
    0xff56, 0x5a47, 0x20c3, 0x20c3, 0x2905, 0x2104, 0x51ea, 0x20c3, 0x18e3, 0x18e3, 0x20e3, 0x18e4,
    0x20e3, 0x20e3, 0x20e4, 0x20e4, 0x20e3, 0x41c8, 0x51ea, 0x3987, 0x524a, 0x20c4, 0x20e4, 0x51e8,
    0x5a48, 0x5a48, 0x5a48, 0x5a48, 0x5a48, 0x5a28, 0x5a28, 0x5a28, 0x5a48, 0x5a48, 0x5a48, 0x5a48,
    0x5a48, 0x5a28, 0x5a48, 0x5a48, 0x5a28, 0x5a28, 0x5a68, 0x5228, 0x5208, 0x5229, 0x5a49, 0x4a08,
    0x4a09, 0x49e9, 0x49e8, 0x49e8, 0x3987, 0xf79e, 0x41c7, 0x49e8, 0x41c8, 0x49e8, 0x41c8, 0x3987,
    0xffbf, 0x4a09, 0x41a8, 0xffff, 0xffff, 0x3987, 0x41a7, 0x3987, 0xef5d, 0xffbf, 0x3166, 0x41a8,
    0x41c8, 0x41c8, 0x41c8, 0xe73d, 0xffff, 0x39a7, 0x39c8, 0x41c8, 0x39c8, 0x39c8, 0x2926, 0xffdf,
    0x31a7, 0x3188, 0x39a8, 0x39c8, 0x39c8, 0x41c9, 0x39c9, 0x39c9, 0x39e9, 0x41e9, 0x3167, 0xffff,
    0xffdf, 0x3167, 0x39a8, 0x39a8, 0x39c9, 0x2926, 0x2105, 0x39c8, 0x2926, 0x39c7, 0xbdd7, 0x9492,
    0x39c8, 0x39c8, 0xffff, 0x39a8, 0x39c9, 0x3988, 0x39a9, 0x39a9, 0x39a9, 0x39a8, 0x39a8, 0x39a8,
    0x39a9, 0x39a8, 0x39c8, 0x39c9, 0x39c8, 0x39c9, 0x39a9, 0x39c9, 0x39a9, 0x39c9, 0x39c9, 0x39c9,
    0x39c9, 0x41e8, 0x6289, 0x6a68, 0x6a88, 0x6a88, 0x6288, 0x6a88, 0x6a68, 0x6a6a, 0xff39, 0xf736,
    0xf736, 0xf736, 0xf736, 0xf736, 0xf736, 0xf736, 0xff36, 0xf736, 0xf736, 0xf736, 0xf736, 0xf736,
    0xf736, 0xf736, 0xf736, 0xf736, 0xf736, 0xf736, 0xf736, 0xf736, 0xf736, 0xf736, 0xf736, 0xf736,
    0xf736, 0xff36, 0xf736, 0xf716, 0xff36, 0xf736, 0xf736, 0xf736, 0xf736, 0xf736, 0xf736, 0xf736,
    0xf736, 0xf736, 0xf736, 0xff56, 0xf736, 0xff36, 0xff36, 0xff37, 0xff37, 0xf716, 0xff37, 0xff37,
    0xff17, 0xf737, 0xf717, 0xf736, 0xf716, 0xf736, 0xff56, 0xff56, 0xf736, 0xf716, 0xf736, 0xf736,
    0xf736, 0xf736, 0xff36, 0xf736, 0xf736, 0xf736, 0xf736, 0xf736, 0xf736, 0xf736, 0xf736, 0xf736,
    0xf736, 0xf736, 0xff36, 0xf716, 0xff36, 0xff36, 0xf736, 0xf736, 0xf736, 0xf736, 0xf736, 0xf736,
    0xf736, 0xf736, 0xf736, 0xf736, 0xf736, 0xf736, 0xf736, 0xf736, 0xf736, 0xf736, 0xf736, 0xf736,
    0xff57, 0x5a48, 0x20c4, 0x20e4, 0x4a09, 0x4a09, 0x51ea, 0x4a09, 0x18c3, 0x20e3, 0x20e3, 0x20e3,
    0x20e4, 0x20e4, 0x20e4, 0x20e3, 0x20c3, 0x4188, 0x4a09, 0x20e4, 0x5a4a, 0x522a, 0x20c4, 0x51c8,
    0x5a48, 0x5a48, 0x5a48, 0x5a48, 0x5a48, 0x5a28, 0x5a28, 0x5a48, 0x5a68, 0x5a48, 0x6268, 0x5a48,
    0x6248, 0x6248, 0x5a48, 0x5a68, 0x5a48, 0x5a48, 0x5a48, 0x5208, 0x5208, 0x4a08, 0x4a09, 0x4a09,
    0x4a09, 0x4a09, 0x49c8, 0x49e8, 0x41c8, 0x41c8, 0xffff, 0x9492, 0x9451, 0x8c30, 0x8c30, 0xffdf,
    0x4a29, 0x41c8, 0x6b2d, 0xffff, 0xffff, 0x8c51, 0x41a7, 0x41a8, 0x3987, 0xf79e, 0xffdf, 0x7baf,
    0x41e8, 0x41e8, 0x734e, 0xffff, 0xffff, 0x62ec, 0x41e9, 0x39c8, 0x41e9, 0x4a29, 0x632d, 0xffde,
    0x738f, 0x4209, 0x39c9, 0x41e9, 0x41e9, 0x41c8, 0x41e9, 0x41e9, 0x39a8, 0x39c8, 0x5acc, 0xffff,
    0xffff, 0x738f, 0x39a8, 0x39c8, 0x39a8, 0x39a8, 0x4229, 0xd69a, 0x528a, 0xffff, 0x738e, 0x6b4d,
    0x630d, 0xffdf, 0x41e9, 0x3188, 0x31a8, 0x39a9, 0x39c9, 0x39c9, 0x39c9, 0x39c8, 0x39a8, 0x41c9,
    0x39a9, 0x39c9, 0x39c9, 0x39c8, 0x39a8, 0x39a9, 0x39c8, 0x39c9, 0x39e9, 0x39c9, 0x39c9, 0x39e9,
    0x41c9, 0x41e9, 0x5a49, 0x6a69, 0x6268, 0x6a88, 0x6a89, 0x6289, 0x6288, 0x6a8a, 0xff5a, 0xff36,
    0xf736, 0xf736, 0xf736, 0xf736, 0xf736, 0xf736, 0xf736, 0xf736, 0xff36, 0xf736, 0xf736, 0xf736,
    0xf736, 0xf736, 0xf736, 0xf736, 0xf736, 0xf736, 0xf736, 0xf736, 0xf736, 0xf736, 0xf716, 0xf736,
    0xf736, 0xff36, 0xf736, 0xff36, 0xff36, 0xf736, 0xf736, 0xf736, 0xf736, 0xf736, 0xf736, 0xf736,
    0xf736, 0xf736, 0xf716, 0xff37, 0xf717, 0xa46d, 0x9c2c, 0xd5f3, 0xf717, 0xff58, 0xff58, 0xff58,
    0xff58, 0xff78, 0xff58, 0xff38, 0xcdb2, 0x940c, 0xaccf, 0xf6f7, 0xf736, 0xf716, 0xff36, 0xf736,
    0xff36, 0xf736, 0xf736, 0xf736, 0xf736, 0xf736, 0xf736, 0xf736, 0xf736, 0xf736, 0xf736, 0xf736,
    0xf736, 0xf736, 0xff36, 0xf736, 0xff36, 0xff36, 0xf736, 0xf736, 0xf736, 0xf736, 0xf736, 0xf736,
    0xf736, 0xf736, 0xf736, 0xf736, 0xf736, 0xf736, 0xf736, 0xf736, 0xf736, 0xf736, 0xf736, 0xf736,
    0xff57, 0x6268, 0x20a4, 0x49c9, 0x41a8, 0x2104, 0x49e9, 0x5209, 0x20c3, 0x18e3, 0x18e3, 0x20e3,
    0x2103, 0x20e4, 0x20e4, 0x20e4, 0x18e3, 0x2104, 0x2104, 0x2104, 0x4a09, 0x20c4, 0x3947, 0x51e8,
    0x5a48, 0x5a48, 0x5a48, 0x5a28, 0x5a28, 0x5a48, 0x5a28, 0x6249, 0x5229, 0x5229, 0x5a29, 0x5a48,
    0x5a48, 0x6268, 0x5a48, 0x6268, 0x5a68, 0x5a48, 0x5a48, 0x6249, 0x5229, 0x4a09, 0x4a09, 0x4a09,
    0x4a09, 0x4a09, 0x49e8, 0x49e9, 0x41e8, 0x41c8, 0x49e8, 0x41e8, 0x4208, 0x41c8, 0x41c8, 0x41c8,
    0x41e8, 0x41e8, 0x41e8, 0x41e8, 0x41e8, 0x41e8, 0x41c8, 0x41c8, 0x49c8, 0x41c8, 0x41e8, 0x4a09,
    0x41c8, 0x41e9, 0x41c8, 0x41e8, 0x41e8, 0x39e9, 0x39e8, 0x39e8, 0x39c8, 0x39e8, 0x39c8, 0x39a8,
    0x39c8, 0x39c9, 0x39c9, 0x39c9, 0x39e9, 0x41e9, 0x41e9, 0x41e9, 0x39e9, 0x39e9, 0x39c8, 0x39c8,
    0x39c8, 0x39c9, 0x39c8, 0x39c9, 0x39c8, 0x39c9, 0x39c8, 0x39c9, 0x39e9, 0x39a8, 0xdedc, 0x41e9,
    0x39c8, 0x39c8, 0x39c9, 0x39c9, 0x39c9, 0x39c9, 0x39a8, 0x39c9, 0x39c9, 0x39c9, 0x39c9, 0x41a9,
    0x39c8, 0x39c9, 0x39c9, 0x39c9, 0x39c9, 0x39c8, 0x39c9, 0x39c9, 0x39ea, 0x39c9, 0x39c9, 0x39c9,
    0x41e9, 0x41e9, 0x4a29, 0x6269, 0x6289, 0x6a88, 0x6a88, 0x6a89, 0x6a88, 0x6a8a, 0xff39, 0xff36,
    0xf736, 0xf736, 0xf736, 0xf736, 0xf736, 0xf736, 0xf736, 0xf736, 0xff36, 0xf736, 0xf736, 0xf736,
    0xf736, 0xf736, 0xf736, 0xf736, 0xf736, 0xf736, 0xf736, 0xf736, 0xf736, 0xf736, 0xf736, 0xf736,
    0xf736, 0xff36, 0xf736, 0xf736, 0xf736, 0xf736, 0xf736, 0xf736, 0xf736, 0xf736, 0xf716, 0xff37,
    0xf6f7, 0x9c2c, 0xff58, 0xff37, 0xf716, 0xff37, 0xff57, 0xff37, 0xff57, 0xff58, 0xff78, 0xff79,
    0xff59, 0xff78, 0xff58, 0xff57, 0xff57, 0xff56, 0xff36, 0xf736, 0xff57, 0xff18, 0x93eb, 0xeeb6,
    0xf737, 0xff36, 0xf736, 0xff36, 0xf736, 0xf736, 0xf736, 0xf736, 0xf736, 0xf736, 0xf736, 0xf736,
    0xf736, 0xf736, 0xff36, 0xf736, 0xff36, 0xf736, 0xf736, 0xf736, 0xf736, 0xf736, 0xf736, 0xf736,
    0xf736, 0xf736, 0xf736, 0xf736, 0xf736, 0xf736, 0xff36, 0xf736, 0xf736, 0xf736, 0xf736, 0xf736,
    0xff57, 0x49c5, 0x3927, 0x20c4, 0x49e9, 0x20e4, 0x20e4, 0x20e3, 0x18e3, 0x2104, 0x18e4, 0x18e3,
    0x20e3, 0x20e4, 0x2103, 0x20e4, 0x2103, 0x2103, 0x2103, 0x20e4, 0x41a7, 0x41a8, 0x51ea, 0x3105,
    0x5a69, 0x5a49, 0x5a68, 0x5a48, 0x6248, 0x5a48, 0x6249, 0x5a48, 0x5209, 0x4a09, 0x4a09, 0x5228,
    0x6268, 0x5a48, 0x5a48, 0x6269, 0x5a48, 0x5a48, 0x5a48, 0x5a49, 0x4a09, 0x4a29, 0x4a09, 0x4a09,
    0x4a09, 0x4a29, 0x4a09, 0x49e9, 0x49e8, 0x41e8, 0x41e9, 0x41c8, 0x39a7, 0x39a7, 0x3987, 0x3987,
    0x41c8, 0x49e9, 0x39a7, 0x39a7, 0x39a7, 0x41c8, 0x49e8, 0x49e8, 0x49e8, 0x41a8, 0x41a8, 0x41a7,
    0x41c8, 0x41e9, 0x39a8, 0x3987, 0x39a8, 0x31a8, 0x39c9, 0x41e9, 0x39c9, 0x31a8, 0x3167, 0x3187,
    0x3187, 0x39c8, 0x41e9, 0x39e9, 0x41e9, 0x39e9, 0x4209, 0x41e9, 0x39e9, 0x39e9, 0x3187, 0x3188,
    0x3187, 0x3187, 0x39a8, 0x39c8, 0x39c9, 0x39c9, 0x39c8, 0x39c9, 0x41e9, 0x39a8, 0x39a8, 0x31a8,
    0x39c8, 0x39c8, 0x39c9, 0x39c9, 0x39c9, 0x39c9, 0x39c9, 0x39c9, 0x39c8, 0x41c9, 0x41c9, 0x39c9,
    0x41c9, 0x39c9, 0x39c9, 0x39c9, 0x39c9, 0x39e9, 0x39c9, 0x41e9, 0x39c9, 0x39c9, 0x41c9, 0x39e9,
    0x41e9, 0x41e9, 0x41e9, 0x5a49, 0x6269, 0x6a89, 0x6a88, 0x6a88, 0x6a89, 0x6a8a, 0xff39, 0xff36,
    0xf736, 0xf736, 0xf736, 0xf736, 0xf736, 0xf736, 0xf736, 0xff36, 0xf736, 0xf736, 0xf736, 0xf736,
    0xf736, 0xff36, 0xf736, 0xf736, 0xf736, 0xf736, 0xf736, 0xf736, 0xf736, 0xf736, 0xf736, 0xf736,
    0xf736, 0xf736, 0xf736, 0xf736, 0xf736, 0xff36, 0xff36, 0xff36, 0xff36, 0xf737, 0xa44d, 0xeed6,
    0xff57, 0xf736, 0xff57, 0xff37, 0xff38, 0xcd94, 0x7b0c, 0x6a6a, 0x6a6b, 0x6a6b, 0x6a6b, 0x6a6b,
    0x6a8b, 0x6a8b, 0x6a8b, 0x6a6b, 0x6269, 0x7b2b, 0xde56, 0xff59, 0xff37, 0xff36, 0xff57, 0xff57,
    0xd5f3, 0xc551, 0xf737, 0xf736, 0xf736, 0xff36, 0xf736, 0xf736, 0xf736, 0xf736, 0xf736, 0xf736,
    0xf736, 0xf736, 0xff36, 0xf736, 0xff36, 0xf736, 0xf736, 0xf736, 0xf736, 0xf736, 0xf736, 0xf736,
    0xf736, 0xf736, 0xf736, 0xf736, 0xf736, 0xf736, 0xf736, 0xf736, 0xf736, 0xf736, 0xf736, 0xf736,
    0xff57, 0x49e5, 0x51ea, 0x3106, 0x4a09, 0x20e4, 0x20e3, 0x20e3, 0x20e3, 0x18e3, 0x20e4, 0x18e3,
    0x2104, 0x2103, 0x18e3, 0x20e3, 0x3987, 0x520a, 0x2905, 0x20e4, 0x20c4, 0x520a, 0x51ea, 0x2925,
    0x5229, 0x5208, 0x6268, 0x6269, 0x6248, 0x6248, 0x6248, 0x6249, 0x5229, 0x5229, 0x5229, 0x5229,
    0x5208, 0x5a49, 0x6269, 0x6269, 0x5a48, 0x5a69, 0x5228, 0x5a49, 0x4a09, 0x4a09, 0x4a29, 0x4a29,
    0x4a09, 0x4a29, 0x4a09, 0x4a29, 0x4a09, 0x4a09, 0x4a09, 0x49e8, 0x41e8, 0x49e8, 0x49e9, 0x49e8,
    0x4a09, 0x4a09, 0x4208, 0x4a08, 0x4a08, 0x41e8, 0x4a09, 0x4a09, 0x4a09, 0x4a09, 0x49e8, 0x4208,
    0x41e9, 0x4209, 0x4209, 0x41e8, 0x41e9, 0x41e9, 0x41e9, 0x41e9, 0x41e9, 0x41e9, 0x41e9, 0x39e9,
    0x39c9, 0x39e9, 0x39e9, 0x41e9, 0x41e9, 0x4209, 0x41e9, 0x41e9, 0x41e9, 0x41e9, 0x39e9, 0x39e9,
    0x41e9, 0x39c9, 0x41e9, 0x41e9, 0x39e9, 0x39e9, 0x41e9, 0x39c9, 0x39c9, 0x39e9, 0x39c9, 0x39c9,
    0x39c9, 0x39c9, 0x39a8, 0x39c9, 0x39c9, 0x41c9, 0x41c9, 0x41c9, 0x41c9, 0x39c9, 0x41c9, 0x39e9,
    0x41c9, 0x39c9, 0x39c9, 0x39ca, 0x39c9, 0x39c9, 0x39c9, 0x39c9, 0x39c9, 0x39ea, 0x41e9, 0x41ea,
    0x420a, 0x41e9, 0x41e9, 0x41e9, 0x5229, 0x5a69, 0x6289, 0x6aa9, 0x6a89, 0x6a8a, 0xff39, 0xf736,
    0xf736, 0xf736, 0xf736, 0xf736, 0xff36, 0xf736, 0xf736, 0xf736, 0xf736, 0xf736, 0xf736, 0xf736,
    0xf736, 0xf736, 0xf736, 0xf736, 0xf736, 0xf736, 0xf716, 0xf736, 0xf736, 0xf736, 0xff36, 0xf736,
    0xf736, 0xf736, 0xf736, 0xf736, 0xf736, 0xf736, 0xff57, 0xf716, 0xb4ef, 0xff38, 0xff37, 0xff37,
    0xff37, 0xff19, 0x7b2c, 0x6a6b, 0x6a8c, 0x72cd, 0x5a2a, 0x3946, 0x28c4, 0x28e4, 0x28e4, 0x28e4,
    0x2904, 0x2904, 0x2905, 0x28e5, 0x3946, 0x5a4b, 0x6aac, 0x6a8c, 0x728b, 0x93ce, 0xff5a, 0xff57,
    0xff36, 0xff16, 0xff38, 0xde34, 0xf737, 0xff36, 0xf736, 0xf736, 0xff36, 0xff36, 0xf736, 0xf736,
    0xf736, 0xf736, 0xff36, 0xf736, 0xf736, 0xf736, 0xf736, 0xf736, 0xf736, 0xf736, 0xf736, 0xff36,
    0xf736, 0xf736, 0xf736, 0xf736, 0xf736, 0xf736, 0xf736, 0xf736, 0xf736, 0xf736, 0xf736, 0xf736,
    0xff56, 0x3984, 0x51c9, 0x520a, 0x20e4, 0x2104, 0x20a3, 0x520a, 0x3967, 0x20e3, 0x18e3, 0x18e3,
    0x2103, 0x2104, 0x18e3, 0x2104, 0x51ca, 0x520a, 0x49a8, 0x20e3, 0x2104, 0x51ea, 0x520a, 0x3105,
    0x5a29, 0x5a49, 0x6268, 0x6268, 0x6248, 0x6248, 0x5a48, 0x6269, 0x5209, 0x4a09, 0x4a09, 0x49e8,
    0x4a09, 0x5208, 0x49e8, 0x5209, 0x5229, 0x5249, 0x5229, 0x4a09, 0x4a09, 0x4a09, 0x4a09, 0x4a09,
    0x49e9, 0x4a09, 0x4a09, 0x49e9, 0x49e9, 0x4a09, 0x4a09, 0x4209, 0x4a09, 0x41e8, 0x41e9, 0x41e9,
    0x41e8, 0x49e8, 0x4a09, 0x4a09, 0x4a09, 0x4a08, 0x49e8, 0x4a09, 0x49e8, 0x4a09, 0x41e9, 0x4a09,
    0x4209, 0x4209, 0x4209, 0x41e9, 0x41e9, 0x39e9, 0x39e9, 0x39e8, 0x41e9, 0x39e9, 0x41e9, 0x39c9,
    0x39e9, 0x41e9, 0x41e9, 0x39e9, 0x41e9, 0x41e9, 0x4209, 0x41e9, 0x39e9, 0x39c9, 0x39c8, 0x39c9,
    0x39c9, 0x41e9, 0x39e9, 0x41e9, 0x39c9, 0x39c8, 0x39e9, 0x39e9, 0x39c9, 0x39c8, 0x39c8, 0x39c8,
    0x39c9, 0x39c9, 0x41c9, 0x39c9, 0x39c8, 0x39a8, 0x41c9, 0x41c9, 0x39c9, 0x39c9, 0x39a9, 0x39c8,
    0x39a8, 0x39c9, 0x39c9, 0x39e9, 0x39c9, 0x39c9, 0x39a9, 0x39c9, 0x39c9, 0x39c9, 0x41ea, 0x41ea,
    0x41e9, 0x41ea, 0x41e9, 0x41e9, 0x4a09, 0x4a09, 0x6289, 0x6a88, 0x6a89, 0x6a8a, 0xff19, 0xf736,
    0xf736, 0xf736, 0xf736, 0xf736, 0xf736, 0xf736, 0xf736, 0xf736, 0xf736, 0xf736, 0xf736, 0xf736,
    0xf736, 0xf736, 0xf736, 0xf736, 0xf736, 0xf736, 0xf736, 0xf736, 0xf736, 0xf736, 0xff36, 0xf736,
    0xf736, 0xf736, 0xf736, 0xff36, 0xf736, 0xf716, 0xde34, 0xf6f7, 0xf736, 0xff36, 0xff37, 0xcdb5,
    0x6249, 0x6a8c, 0x626c, 0x3145, 0x2903, 0x4122, 0x48e1, 0x48e1, 0x4102, 0x3144, 0x3185, 0x2103,
    0x2103, 0x20e3, 0x2102, 0x2923, 0x2945, 0x31a6, 0x2945, 0x2945, 0x49a7, 0x7a49, 0x7a6a, 0x726a,
    0xe636, 0xff37, 0xff56, 0xff57, 0xd5f3, 0xf6f7, 0xff37, 0xf736, 0xf736, 0xf736, 0xf736, 0xf736,
    0xf736, 0xf736, 0xff36, 0xf736, 0xf736, 0xf736, 0xf736, 0xf736, 0xf736, 0xf736, 0xf736, 0xf736,
    0xf736, 0xf736, 0xf736, 0xf736, 0xf736, 0xf736, 0xf736, 0xf736, 0xf736, 0xf736, 0xf736, 0xf716,
    0xff56, 0x49e5, 0x51ea, 0x51ea, 0x20e4, 0x2104, 0x520a, 0x5a0b, 0x59eb, 0x20e4, 0x20e3, 0x20e4,
    0x2103, 0x2103, 0x18e3, 0x2104, 0x51ea, 0x522a, 0x20e4, 0x20e3, 0x51e9, 0x30e6, 0x520a, 0x3925,
    0x6269, 0x6269, 0x5a28, 0x5a69, 0x5a49, 0x5249, 0x5a29, 0x736d, 0x736d, 0x734d, 0x6b0c, 0x6aec,
    0x62cb, 0x62ec, 0x62cb, 0x6aec, 0x524a, 0x5229, 0x6b2d, 0x736e, 0x6b2d, 0x4a09, 0x4a09, 0x4a09,
    0x4a09, 0x7b8e, 0x738e, 0x736e, 0x4a09, 0x49e8, 0x4a09, 0x4a09, 0x5229, 0x7b8f, 0x7b8f, 0x6b4d,
    0x62eb, 0x62ec, 0x62ec, 0x4209, 0x4a09, 0x4a09, 0x524a, 0x6b2d, 0x6b2d, 0x630c, 0x41e8, 0x4a09,
    0x4a09, 0x4209, 0x41e8, 0x526a, 0x6b6e, 0x6b4d, 0x62ec, 0x5a8b, 0x526a, 0x526a, 0x41e9, 0x41e9,
    0x41e9, 0x39c8, 0x8c31, 0x4209, 0x39c9, 0x39c9, 0x632d, 0x632d, 0x630d, 0x630d, 0x5aab, 0x39a8,
    0x39c9, 0x41e9, 0x41e9, 0x41e9, 0x39c9, 0x62ec, 0x6b6e, 0x6b4d, 0x632d, 0x5aeb, 0x52ab, 0x5aab,
    0x41e8, 0x39e9, 0x39a8, 0x39c8, 0xef5e, 0xce59, 0x41c9, 0x41e9, 0x41c9, 0x41e9, 0x630d, 0x632d,
    0x630d, 0x630c, 0x4a09, 0x6b2d, 0x6b2d, 0x6b4e, 0x6b0d, 0x630d, 0x632d, 0x62cc, 0x4209, 0x420a,
    0x4a09, 0x4a09, 0x4a29, 0x4a09, 0x4209, 0x4a09, 0x6289, 0x6aa8, 0x72a9, 0x6a8a, 0xff39, 0xf736,
    0xf736, 0xff36, 0xf736, 0xf736, 0xf736, 0xf736, 0xf736, 0xf736, 0xf736, 0xf736, 0xf736, 0xf736,
    0xf736, 0xf736, 0xf736, 0xf736, 0xf736, 0xf736, 0xf736, 0xf736, 0xf736, 0xf736, 0xf736, 0xff36,
    0xf736, 0xf736, 0xff36, 0xf736, 0xff18, 0xd614, 0xf736, 0xff36, 0xff59, 0x6229, 0x6a4c, 0x6a8c,
    0x6aed, 0x6b2d, 0x6b6d, 0x632b, 0x8c2e, 0x92e8, 0x8a03, 0x69a3, 0x2880, 0x4a28, 0x4a68, 0x4248,
    0x4228, 0x4a48, 0x18a1, 0x9cd1, 0x94b1, 0xb575, 0xad54, 0xad54, 0xbd74, 0x9a45, 0xb265, 0xaaa7,
    0x7a6a, 0x728c, 0x72aa, 0xff38, 0xff57, 0xff36, 0xeeb6, 0xff38, 0xff36, 0xf736, 0xf736, 0xff36,
    0xf736, 0xf736, 0xf736, 0xf736, 0xf736, 0xf736, 0xf736, 0xf736, 0xf736, 0xf736, 0xf736, 0xf736,
    0xf736, 0xf736, 0xf736, 0xf736, 0xf736, 0xf736, 0xf736, 0xf736, 0xf736, 0xf736, 0xf736, 0xf736,
    0xff56, 0x49c5, 0x4168, 0x3967, 0x520a, 0x20e4, 0x20c4, 0x51ea, 0x51ea, 0x20e4, 0x20e3, 0x20e4,
    0x2103, 0x2103, 0x2104, 0x2103, 0x20c4, 0x49a9, 0x51c9, 0x51ea, 0x2905, 0x28e4, 0x5a2b, 0x3966,
    0x6269, 0x6269, 0x5a49, 0x5a29, 0x5a69, 0x5a49, 0x5a49, 0x41c7, 0x83ef, 0xffdf, 0x39a6, 0x41c7,
    0x41c7, 0xd679, 0xffff, 0x4a08, 0x4a09, 0x5229, 0x41e8, 0xce59, 0x3166, 0x41c8, 0x49e8, 0xffdf,
    0xf77d, 0x41c7, 0x41e8, 0x41c8, 0xffff, 0xf79e, 0x4a08, 0x4a09, 0x41e8, 0xd69a, 0xffff, 0x3986,
    0x3187, 0x3166, 0xf79e, 0xffdf, 0x4208, 0x49e8, 0x41e8, 0x39a7, 0xffff, 0x31a7, 0x4209, 0x4229,
    0x4209, 0x4209, 0x41e9, 0x39a7, 0xf79e, 0xffff, 0x3166, 0x3186, 0x31a7, 0x632d, 0xffdf, 0x39a7,
    0x39c8, 0x41e9, 0xffff, 0x41e8, 0x41e9, 0xef7e, 0xffff, 0x31a7, 0x31a7, 0x31a7, 0xf7be, 0x2125,
    0x39c8, 0x41e9, 0x4209, 0x41e9, 0x41e9, 0x39c8, 0xffff, 0xc618, 0x3166, 0x2966, 0x2966, 0xffdf,
    0x9cf3, 0x39c8, 0x41e9, 0x39c8, 0xffff, 0xffff, 0x41e9, 0x41e9, 0x41e9, 0x4209, 0x39c7, 0x4208,
    0xffff, 0x41c7, 0x5208, 0x49c7, 0x6b2c, 0xffff, 0x39a6, 0x39a7, 0x39a7, 0xffdf, 0xffff, 0x41e9,
    0x6289, 0x6289, 0x6289, 0x5a6a, 0x4a2a, 0x4a2a, 0x5a6a, 0x62a9, 0x6aa9, 0x6a8a, 0xff39, 0xf736,
    0xf736, 0xf736, 0xf736, 0xf736, 0xf736, 0xf736, 0xf736, 0xf736, 0xf736, 0xf736, 0xf736, 0xf736,
    0xf736, 0xf736, 0xff36, 0xf736, 0xf736, 0xf736, 0xf736, 0xf736, 0xf736, 0xf736, 0xf736, 0xf716,
    0xf736, 0xff36, 0xf717, 0x9c2c, 0xff38, 0xff57, 0xff58, 0x93ce, 0x6a8c, 0x5a0a, 0x20c4, 0x20e3,
    0x2103, 0x20e4, 0x2103, 0x2103, 0x2103, 0x18a1, 0x3123, 0x4a48, 0x4228, 0x4a48, 0x4a48, 0x4a48,
    0x4a48, 0x4a28, 0x4228, 0x18c2, 0x2103, 0x2924, 0x2924, 0x2124, 0x2103, 0x28e2, 0x30e3, 0x30e2,
    0x2903, 0x2904, 0x628c, 0x728b, 0xc553, 0xff37, 0xff36, 0xff38, 0xde14, 0xf716, 0xf736, 0xf736,
    0xf736, 0xff36, 0xf736, 0xf736, 0xf736, 0xf736, 0xf736, 0xf736, 0xf736, 0xf736, 0xf736, 0xf736,
    0xff36, 0xf736, 0xf736, 0xf736, 0xf736, 0xf736, 0xf736, 0xf736, 0xf736, 0xf736, 0xf716, 0xf736,
    0xff56, 0x49e5, 0x5a2b, 0x20c4, 0x2905, 0x51ea, 0x51c9, 0x520a, 0x20e4, 0x2103, 0x20e4, 0x20e4,
    0x2103, 0x2103, 0x18e3, 0x1903, 0x20e4, 0x51ca, 0x51ca, 0x49e9, 0x20e4, 0x20c4, 0x4168, 0x4186,
    0x6289, 0x6248, 0x6269, 0x5a49, 0x5a49, 0x5a48, 0x5a48, 0x5208, 0x736d, 0xffde, 0x41c7, 0x4a08,
    0x4a08, 0xce59, 0xffff, 0x4a09, 0x4a29, 0x4a09, 0x4a09, 0xd6ba, 0x41a7, 0x41c8, 0x5a8a, 0xf79e,
    0x41c8, 0x49e9, 0x5229, 0x41c8, 0x41c8, 0xb596, 0x7bcf, 0x4a09, 0x4a09, 0xd69a, 0xffff, 0x41e8,
    0x41c8, 0x4a09, 0x39a7, 0xffdf, 0x39c8, 0x4a09, 0x4209, 0x41e8, 0xffff, 0x41e8, 0x4209, 0x4209,
    0x4209, 0x4209, 0x41e9, 0x39c8, 0xef7e, 0xffdf, 0x39c8, 0x41e9, 0x39c8, 0x41e9, 0xe71c, 0xffff,
    0x39a7, 0x41e9, 0x3186, 0x39a7, 0x39e8, 0xffff, 0x39a7, 0x39c8, 0x39c8, 0x39a8, 0x2946, 0x20e4,
    0x39c9, 0x41e9, 0x41e9, 0x4209, 0x41e9, 0x39a8, 0xffff, 0xc638, 0x3167, 0x39a8, 0x39a8, 0x2925,
    0xffff, 0x41e9, 0x39a8, 0x5acc, 0xbdd7, 0xffff, 0x39c8, 0x41e9, 0x41e9, 0x4208, 0x4a08, 0x4a28,
    0xffdf, 0x5228, 0x5207, 0x5228, 0x7b8d, 0xffff, 0x5a49, 0x5229, 0x49e8, 0x5229, 0xffff, 0x41c6,
    0x6a89, 0x6aa9, 0x6aa9, 0x6aa9, 0x5a8a, 0x5249, 0x5249, 0x5a48, 0x72c9, 0x728a, 0xff39, 0xf736,
    0xf736, 0xf736, 0xf736, 0xf736, 0xf736, 0xf736, 0xf736, 0xf736, 0xf736, 0xf736, 0xf736, 0xf736,
    0xf736, 0xf736, 0xf736, 0xf736, 0xf736, 0xf736, 0xf736, 0xf736, 0xf736, 0xf736, 0xf736, 0xf736,
    0xf736, 0xf737, 0xa46d, 0xf737, 0xff57, 0xff5a, 0x728c, 0x72cd, 0x28e4, 0x2103, 0x20e3, 0x20e3,
    0x20e3, 0x2103, 0x2104, 0x18c2, 0x4227, 0x4a48, 0x4a48, 0x4a48, 0x4a48, 0x4a48, 0x4a48, 0x4a69,
    0x31a6, 0x4a48, 0x4a49, 0x4228, 0x2104, 0x2104, 0x2104, 0x2104, 0x2103, 0x2103, 0x2123, 0x2924,
    0x2924, 0x2924, 0x2924, 0x28c4, 0x6a8c, 0x6229, 0xff59, 0xff56, 0xff37, 0x8369, 0xf716, 0xf736,
    0xf736, 0xf736, 0xff36, 0xf736, 0xf736, 0xf736, 0xf736, 0xf736, 0xf736, 0xf736, 0xf736, 0xf736,
    0xf736, 0xf736, 0xf736, 0xf736, 0xf736, 0xf736, 0xf736, 0xf736, 0xf736, 0xf736, 0xf736, 0xf736,
    0xff57, 0x5226, 0x51c9, 0x20c4, 0x20e4, 0x520a, 0x51ca, 0x51ea, 0x20c4, 0x2104, 0x18e3, 0x2104,
    0x2103, 0x2103, 0x18e3, 0x20e3, 0x51ea, 0x520a, 0x20c4, 0x20c4, 0x520a, 0x4188, 0x49a9, 0x41a6,
    0x6289, 0x6269, 0x6248, 0x5a69, 0x5a29, 0x6269, 0x6269, 0x5a49, 0x49e7, 0xffff, 0xdeba, 0x49e8,
    0x4a28, 0x4a08, 0xffff, 0x41e8, 0x5229, 0x49e8, 0x41a7, 0x9471, 0x41e8, 0x41e8, 0xffff, 0x3186,
    0x4a08, 0x49e8, 0x4a08, 0x4a09, 0x49e8, 0x41c8, 0xffbf, 0x4a09, 0x4a29, 0xce59, 0xffdf, 0x41e8,
    0x41c8, 0x4a09, 0x39a7, 0xffff, 0x39c8, 0x4209, 0x41e9, 0x4208, 0xffff, 0x4208, 0x4209, 0x4209,
    0x4209, 0x41e9, 0x41e9, 0x39c8, 0xf77e, 0xffdf, 0x39c8, 0x39c8, 0x41e9, 0x41e9, 0x39c8, 0xffff,
    0x3187, 0x4209, 0x9cf4, 0x4209, 0x4208, 0xffff, 0x39e8, 0x3187, 0x39c8, 0x39a8, 0x39a8, 0x39c8,
    0x41e9, 0x420a, 0x4209, 0x4209, 0x4209, 0x39a8, 0xffff, 0xce58, 0x3187, 0x39a8, 0x39c8, 0x39a8,
    0x3166, 0x4209, 0x39a8, 0xc639, 0x41e8, 0xffff, 0x39c7, 0x41e9, 0x5229, 0x5208, 0x5207, 0x5228,
    0xfffe, 0x5a27, 0x5a07, 0x5a28, 0x7bad, 0xffff, 0x5a48, 0x6268, 0x5a49, 0x5228, 0xffff, 0x49e6,
    0x6a88, 0x6aa9, 0x72a9, 0x72c9, 0x6aa9, 0x6aa9, 0x62a9, 0x6aca, 0x6aa9, 0x6aaa, 0xff39, 0xff36,
    0xf736, 0xf736, 0xf736, 0xf736, 0xf736, 0xf736, 0xf736, 0xf736, 0xf736, 0xf736, 0xf736, 0xff36,
    0xf736, 0xf736, 0xff36, 0xf736, 0xf736, 0xf736, 0xf736, 0xf736, 0xf736, 0xf736, 0xf736, 0xf736,
    0xff37, 0x9c2c, 0xff56, 0xf737, 0xde16, 0x6a6b, 0x59c8, 0x28e3, 0x20e2, 0x20e2, 0x18c2, 0x18c2,
    0x18a2, 0x18c2, 0x31c6, 0x4a68, 0x4a68, 0x4a68, 0x4a68, 0x4a48, 0x4a48, 0x4208, 0x3185, 0x4a48,
    0x4a48, 0x4a48, 0x4a48, 0x4228, 0x20e3, 0x18c2, 0x18e3, 0x18e3, 0x20e3, 0x20e2, 0x20e2, 0x2903,
    0x2903, 0x2923, 0x2902, 0x20e3, 0x20e3, 0x51e9, 0x6a6b, 0xff3a, 0xff37, 0xff37, 0xb510, 0xf716,
    0xff36, 0xf716, 0xf736, 0xf736, 0xf736, 0xf736, 0xf736, 0xf736, 0xf736, 0xf736, 0xf736, 0xf736,
    0xf736, 0xf736, 0xf736, 0xf736, 0xf736, 0xf736, 0xf736, 0xf736, 0xf736, 0xff36, 0xff36, 0xf736,
    0xff57, 0x4a05, 0x28c5, 0x3967, 0x520a, 0x20c4, 0x20c4, 0x51ea, 0x520a, 0x2103, 0x20e3, 0x20e4,
    0x2103, 0x2103, 0x18e3, 0x20e4, 0x5a0b, 0x51ea, 0x522b, 0x2104, 0x2905, 0x5a2b, 0x520a, 0x4166,
    0x6a69, 0x6268, 0x6269, 0x6269, 0x626a, 0x5a48, 0x6268, 0x5a48, 0x5228, 0xffbe, 0xdedb, 0x5228,
    0x5228, 0x4a28, 0xffff, 0x39c7, 0x4a08, 0x4a08, 0x3986, 0x9451, 0x41c7, 0x8c31, 0xffff, 0x4a08,
    0x5229, 0x5229, 0x524a, 0x5229, 0x4a08, 0x4a08, 0xffff, 0xe71c, 0x49e9, 0xce59, 0xffdf, 0x4209,
    0x41c8, 0x4a09, 0x39c8, 0xffff, 0x31a7, 0x4209, 0x4209, 0x4208, 0xffff, 0x4a29, 0x4209, 0x422a,
    0x420a, 0x4209, 0x4209, 0x39e8, 0xf79e, 0xffff, 0x41e8, 0x39c8, 0x4209, 0x41e9, 0x4a2a, 0x528a,
    0xffff, 0x39c8, 0x39e8, 0x39e9, 0x41e9, 0xc618, 0xffdf, 0xffdf, 0x2946, 0x31a7, 0x39e8, 0x4209,
    0x4209, 0x4209, 0x420a, 0x4a2a, 0x41e9, 0x31a8, 0xffff, 0xce59, 0x3187, 0x31a8, 0x3187, 0x6b4d,
    0x41e9, 0x39c9, 0x3187, 0x4228, 0x41e8, 0x630c, 0xdefb, 0x4209, 0x5228, 0x5a48, 0x5a48, 0x5a69,
    0xffff, 0x5a48, 0x5a48, 0x6268, 0x83ae, 0xffff, 0x6289, 0x6268, 0x5a68, 0x5227, 0xffde, 0x51e6,
    0x72a9, 0x6aa9, 0x72c9, 0x72c9, 0x6aa9, 0x72a9, 0x6ac9, 0x6aa9, 0x6269, 0x626a, 0xff39, 0xf736,
    0xf736, 0xf736, 0xf736, 0xf736, 0xf736, 0xf736, 0xf736, 0xf736, 0xf736, 0xf736, 0xf736, 0xf736,
    0xf736, 0xf736, 0xf736, 0xff36, 0xf736, 0xf736, 0xff36, 0xf736, 0xf736, 0xff36, 0xff36, 0xff38,
    0xff38, 0xf736, 0xff39, 0x6229, 0x7209, 0xaa87, 0xbaa4, 0xcac4, 0xcae5, 0xc306, 0xc48e, 0xdeba,
    0xd6ba, 0x18c2, 0x4248, 0x39c7, 0x39e7, 0x31a6, 0x3165, 0x4228, 0x4a68, 0x4228, 0x4a49, 0x4a68,
    0x4a48, 0x4a48, 0x4a48, 0x4207, 0x2103, 0xc617, 0x6b4c, 0xe6d9, 0xbb48, 0xd2c5, 0xd2c5, 0xd2a4,
    0xd2e5, 0xcac4, 0xbae6, 0xeeb9, 0xb532, 0xb511, 0xc553, 0x72ac, 0x6a89, 0xff38, 0xff57, 0xee76,
    0xff37, 0xf736, 0xf736, 0xf736, 0xf736, 0xf736, 0xf736, 0xf736, 0xf736, 0xf736, 0xf736, 0xf736,
    0xf736, 0xf736, 0xf736, 0xf736, 0xf736, 0xf736, 0xf736, 0xf736, 0xf716, 0xf736, 0xf716, 0xf736,
    0xff57, 0x49c5, 0x51ca, 0x5a0b, 0x20c4, 0x20e4, 0x520a, 0x51ea, 0x5a0b, 0x20e4, 0x18e3, 0x18e3,
    0x20e3, 0x2103, 0x18e3, 0x20e4, 0x522b, 0x520a, 0x39a7, 0x2124, 0x2904, 0x520a, 0x5a2b, 0x3965,
    0x6a69, 0x6269, 0x6269, 0x6a89, 0x6269, 0x6a89, 0x6289, 0x6288, 0x5a48, 0x5a49, 0xffff, 0x4a08,
    0x5248, 0xffde, 0x4a28, 0xffff, 0x49e7, 0x49e8, 0xffde, 0x49e7, 0x41c8, 0x8c71, 0xffff, 0x4a08,
    0x5229, 0x5229, 0x5229, 0x5229, 0x5228, 0x4a08, 0xffff, 0xe71c, 0x41c8, 0xce59, 0xffdf, 0x3166,
    0x3166, 0x3166, 0xffff, 0xffff, 0x41e8, 0x4209, 0x4209, 0x4208, 0xffff, 0x4209, 0x420a, 0x422a,
    0x4209, 0x422a, 0x4209, 0x39e9, 0xf79e, 0xffdf, 0x39e8, 0x39c8, 0x41e9, 0x422a, 0x4209, 0x528a,
    0xffff, 0x39e8, 0x39e9, 0x41e9, 0x41e9, 0x39a8, 0x4a49, 0xf7be, 0xffde, 0xf7bf, 0xd67a, 0x39e8,
    0x4209, 0x4209, 0x422a, 0x422a, 0x39e9, 0x39a8, 0xffff, 0xf7be, 0xffff, 0xffdf, 0xffff, 0x738e,
    0x39c8, 0x41e9, 0x3187, 0x4a29, 0x41e8, 0x4209, 0xffff, 0x4a08, 0x5228, 0x5a28, 0x5a48, 0x5a89,
    0xffde, 0x6268, 0x6268, 0x6268, 0x83ce, 0xffff, 0x4a07, 0x49c6, 0x49c6, 0xffde, 0xef5c, 0x6aa9,
    0x72c9, 0x72a9, 0x72a9, 0x72a9, 0x72c9, 0x72a9, 0x72e9, 0x72ca, 0x6aca, 0x6a8a, 0xff39, 0xff36,
    0xf736, 0xf736, 0xf736, 0xf736, 0xf736, 0xf736, 0xf736, 0xf736, 0xf736, 0xf736, 0xf736, 0xf736,
    0xf736, 0xf736, 0xf736, 0xf736, 0xf736, 0xf736, 0xff36, 0xf736, 0xf736, 0xf736, 0xff38, 0xff38,
    0xf716, 0xf717, 0x6a6b, 0x6a2a, 0x6942, 0x8160, 0x9180, 0x9180, 0x99a0, 0xa180, 0x8a02, 0x942f,
    0x9cd2, 0x0861, 0x4207, 0x4228, 0x4228, 0x4207, 0x4248, 0x4a68, 0x4a48, 0x4a68, 0x4a49, 0x4a49,
    0x4a48, 0x4a48, 0x4a48, 0x4207, 0x4a48, 0x4207, 0x39e7, 0x20e2, 0xcaa4, 0xf260, 0xfa40, 0xfa60,
    0xf260, 0xf260, 0xda82, 0xf71a, 0xbd72, 0xc550, 0xd5d3, 0xb554, 0x72cc, 0x728b, 0xff38, 0xff36,
    0xeed7, 0xff38, 0xff56, 0xf736, 0xf736, 0xf736, 0xf736, 0xf736, 0xf736, 0xf736, 0xf736, 0xf736,
    0xf736, 0xf736, 0xf736, 0xf736, 0xf736, 0xf716, 0xf736, 0xf736, 0xf736, 0xf736, 0xf736, 0xf736,
    0xff56, 0x49c5, 0x520a, 0x5a2b, 0x20e4, 0x18e3, 0x3987, 0x520a, 0x49e9, 0x2104, 0x18e3, 0x20e3,
    0x2103, 0x2103, 0x18e3, 0x18e3, 0x18e3, 0x2103, 0x2103, 0x2904, 0x41c8, 0x41a8, 0x51ea, 0x3146,
    0x626a, 0x6268, 0x6268, 0x6289, 0x6269, 0x6288, 0x6a89, 0x6268, 0x5a48, 0x5a48, 0xffff, 0x4a07,
    0x5228, 0xf79d, 0x41e7, 0xffde, 0x41c7, 0x49e8, 0xffbe, 0x5228, 0x49e8, 0x8c71, 0xffff, 0x4a28,
    0x5249, 0x5249, 0x5249, 0x5249, 0x5249, 0x5229, 0xffff, 0xe6fb, 0x41c8, 0xce79, 0xfffe, 0xce59,
    0xffde, 0xdedb, 0x41e8, 0x4209, 0x4209, 0x4a29, 0x41e9, 0x4208, 0xffff, 0x4208, 0x4209, 0x422a,
    0x422a, 0x4209, 0x4209, 0x39e9, 0xf77e, 0xffff, 0x39e8, 0x41e8, 0x420a, 0x4209, 0x420a, 0x528a,
    0xffff, 0x39e9, 0x41e9, 0x41e9, 0x41e9, 0x39c8, 0x3188, 0x3187, 0x4209, 0xffff, 0xffff, 0x39a7,
    0x4209, 0x422a, 0x420a, 0x4209, 0x4209, 0x39a8, 0xffff, 0xce79, 0x31a8, 0x39c8, 0x3187, 0x7bcf,
    0x41e9, 0x41e9, 0xd6ba, 0x4229, 0x41c8, 0x41c8, 0xffde, 0xffde, 0x5228, 0x5a48, 0x5a48, 0x5a89,
    0xffff, 0x6289, 0x6288, 0x6268, 0x940f, 0xffff, 0xc5f7, 0xffde, 0xffbe, 0x62ca, 0x6288, 0x72a9,
    0x72c9, 0x72c9, 0x72c9, 0x72c9, 0x72a9, 0x72c9, 0x72c9, 0x6ac9, 0x6aaa, 0x6a8a, 0xff39, 0xff36,
    0xf736, 0xf736, 0xf736, 0xf736, 0xf736, 0xf736, 0xf716, 0xf736, 0xf736, 0xf736, 0xf736, 0xf736,
    0xf736, 0xf736, 0xf736, 0xf736, 0xf736, 0xf736, 0xf736, 0xf736, 0xf736, 0xff37, 0xff38, 0xf736,
    0xff38, 0x6229, 0x6acc, 0xee56, 0xaa64, 0xb201, 0xb1e0, 0xb1e0, 0xc221, 0xd241, 0xca62, 0xedb2,
    0xded9, 0x0881, 0x4228, 0x4a48, 0x4a48, 0x4228, 0x4a48, 0x4a49, 0x4a49, 0x4a49, 0x4a49, 0x4a49,
    0x4a49, 0x4a48, 0x4a48, 0x4a48, 0x4228, 0x18e3, 0x4228, 0x4a47, 0xd2a3, 0xfa60, 0xfa40, 0xfa40,
    0xfa60, 0xf240, 0xc283, 0xef1a, 0xb552, 0xbd52, 0xc5b2, 0xce57, 0xdedb, 0x6a8b, 0x728b, 0xff58,
    0xff36, 0xe675, 0xf717, 0xf736, 0xf736, 0xf736, 0xf736, 0xf736, 0xf736, 0xf736, 0xf716, 0xf736,
    0xf736, 0xf736, 0xf736, 0xf736, 0xf736, 0xf736, 0xf736, 0xf736, 0xf736, 0xf736, 0xf736, 0xf736,
    0xff56, 0x49c5, 0x51ea, 0x3946, 0x524a, 0x20c3, 0x20e3, 0x20e3, 0x18e3, 0x2103, 0x18e3, 0x18e3,
    0x2103, 0x2103, 0x2103, 0x18e3, 0x20e3, 0x18e3, 0x2104, 0x2104, 0x5a4a, 0x3106, 0x49c9, 0x41c9,
    0x5229, 0x6269, 0x6268, 0x6288, 0x6289, 0x6289, 0x6a89, 0x6288, 0x6288, 0x6288, 0x5248, 0xffff,
    0x5a89, 0x3985, 0x41c7, 0xf79d, 0xffde, 0x6b2c, 0x4a28, 0x5228, 0x49e8, 0x7b8e, 0xffdf, 0x41c7,
    0x5249, 0x5249, 0x5249, 0x5249, 0x5249, 0x4a28, 0xffff, 0xce59, 0x41c8, 0xce58, 0xffff, 0x41e8,
    0x7bf0, 0xffff, 0x2945, 0x4a09, 0x41e8, 0x4229, 0x4209, 0x39e8, 0xffff, 0x4209, 0x4209, 0x4a4a,
    0x420a, 0x4209, 0x4229, 0x41e9, 0xf79e, 0xffff, 0x39e8, 0x41e8, 0x4209, 0x422a, 0x4209, 0x52ab,
    0xe73d, 0x41e9, 0x4209, 0x4209, 0x41e9, 0x41e9, 0x39e8, 0x39c8, 0x39c8, 0x39a8, 0x18e4, 0xffff,
    0x4209, 0x4209, 0x422a, 0x422a, 0x4209, 0x39a8, 0xffff, 0xd67a, 0x39c9, 0x39c9, 0x41e9, 0x39e8,
    0x39e9, 0x39c8, 0xf79e, 0xe71c, 0xe71d, 0xef3d, 0xf7be, 0xffde, 0x5a68, 0x6268, 0x6268, 0x62cb,
    0xffff, 0x6289, 0x6288, 0x6268, 0x8c0f, 0xffde, 0x5207, 0xce38, 0xffde, 0xa4d2, 0x6aa9, 0x72c9,
    0x72e9, 0x72c9, 0x72c9, 0x72c9, 0x72c9, 0x72c9, 0x72c9, 0x72c9, 0x6aa9, 0x6a8a, 0xff39, 0xff36,
    0xf736, 0xf736, 0xf736, 0xf736, 0xf736, 0xf736, 0xf736, 0xf736, 0xf736, 0xf736, 0xf736, 0xf736,
    0xf736, 0xf736, 0xf736, 0xf736, 0xf736, 0xf736, 0xf736, 0xff56, 0xff37, 0x93eb, 0xff36, 0xff38,
    0x6a6a, 0x5a09, 0xf79d, 0xdeb8, 0xdc8c, 0xd241, 0xe261, 0xf260, 0xf260, 0xfa80, 0xfa80, 0xe366,
    0xe614, 0x10a1, 0x4248, 0x4a48, 0x4a48, 0x4a48, 0x4a48, 0x4a48, 0x4a49, 0x4a49, 0x4a48, 0x4a49,
    0x4a48, 0x4a48, 0x4a48, 0x4a68, 0x4a48, 0x39e7, 0x4a68, 0x5268, 0xdaa2, 0xfa60, 0xfa40, 0xfa40,
    0xfa60, 0xf260, 0xe48c, 0xc616, 0xbd93, 0xb531, 0xc552, 0xd678, 0xdefa, 0xf77c, 0x7249, 0x6a89,
    0xff58, 0xff36, 0xbd10, 0xf736, 0xff36, 0xf736, 0xf736, 0xf736, 0xf736, 0xf736, 0xf716, 0xf736,
    0xf736, 0xf736, 0xf736, 0xf736, 0xf736, 0xf736, 0xf736, 0xf736, 0xf736, 0xf736, 0xf736, 0xf736,
    0xff56, 0x49c5, 0x4188, 0x28c4, 0x5209, 0x20c3, 0x20e3, 0x2103, 0x18e3, 0x2104, 0x18e3, 0x20e3,
    0x20e4, 0x20e4, 0x20e4, 0x2104, 0x20e3, 0x41a8, 0x5a4a, 0x2904, 0x5a4a, 0x5a4b, 0x28e4, 0x522a,
    0x524b, 0x524a, 0x5249, 0x6289, 0x6289, 0x6aa8, 0x6aa9, 0x6a88, 0x6aa8, 0x6aa9, 0x4a06, 0xffff,
    0x6b4c, 0x39a6, 0x41c7, 0xdeba, 0xffff, 0x6b4d, 0x5249, 0x5249, 0x5229, 0x4a28, 0xdeba, 0x6b2c,
    0x5249, 0x5229, 0x5249, 0x5249, 0x5229, 0x41e7, 0xce38, 0x4a08, 0x4a09, 0xce79, 0xffff, 0x4a29,
    0x4209, 0xad55, 0xffff, 0xf7bf, 0x41e8, 0x4209, 0x41e9, 0x39a7, 0xffff, 0x39e8, 0x39e9, 0x4209,
    0x4209, 0x4a49, 0xf7bf, 0x39e8, 0xf79e, 0xffff, 0x39e8, 0x4209, 0x39e9, 0x4209, 0x41e8, 0xffff,
    0x41e8, 0x4209, 0x422a, 0x420a, 0x4a6a, 0x41e8, 0x39e9, 0x41e9, 0x39e9, 0x41e9, 0x2966, 0xffff,
    0x4209, 0x4209, 0x420a, 0x420a, 0x420a, 0x39e9, 0xffff, 0xd69a, 0x39e9, 0x4209, 0x4209, 0x41e9,
    0x39c9, 0xd69b, 0x39a8, 0x39c8, 0x41c8, 0x41e8, 0x62ec, 0xffde, 0x630b, 0x6268, 0x6268, 0x62eb,
    0xffff, 0x6289, 0x6a88, 0x6a69, 0x83ad, 0xffde, 0x5a48, 0x6288, 0x5248, 0xffff, 0xce17, 0x6aa9,
    0x72a9, 0x72a9, 0x72e9, 0x72c9, 0x72c9, 0x72c9, 0x72c9, 0x72c9, 0x6aa9, 0x6a8a, 0xff39, 0xf736,
    0xf736, 0xf736, 0xf736, 0xf736, 0xf736, 0xf736, 0xf736, 0xf736, 0xf736, 0xf736, 0xf736, 0xff36,
    0xf736, 0xf736, 0xf736, 0xf736, 0xf736, 0xf736, 0xf736, 0xf737, 0xa44d, 0xff36, 0xff59, 0x728b,
    0x7b2e, 0xfffe, 0xd6b8, 0xe71a, 0xde35, 0xb306, 0xb9e0, 0xfa80, 0xfa60, 0xfa60, 0xf280, 0xeaa2,
    0xed0f, 0x20a1, 0x4a48, 0x4a49, 0x4a48, 0x4a48, 0x4a68, 0x4a48, 0x4a49, 0x4a49, 0x4a48, 0x4a48,
    0x4a49, 0x4a48, 0x4a48, 0x4248, 0x4228, 0x4a48, 0x4a68, 0x2880, 0xf2a2, 0xfa60, 0xfa60, 0xfa40,
    0xfa60, 0xe241, 0xfeb6, 0xd677, 0xd614, 0xc571, 0xcd91, 0xef5b, 0xdefa, 0xf696, 0xca83, 0x89e7,
    0x6a49, 0xff38, 0xff57, 0x93ec, 0xf716, 0xf736, 0xf736, 0xf736, 0xf736, 0xf716, 0xf736, 0xf736,
    0xf736, 0xf736, 0xf736, 0xf736, 0xf736, 0xf716, 0xf736, 0xf736, 0xf736, 0xf736, 0xf716, 0xf736,
    0xff56, 0x6248, 0x28c5, 0x41a8, 0x5a4a, 0x20e4, 0x520a, 0x522a, 0x20e3, 0x2103, 0x18e3, 0x20e3,
    0x20e4, 0x20e4, 0x20e4, 0x20e4, 0x2104, 0x522a, 0x5a2a, 0x49c8, 0x2905, 0x3967, 0x28e4, 0x522a,
    0x524b, 0x4a4b, 0x4a4b, 0x524a, 0x5a69, 0x6a89, 0x6288, 0x6aa9, 0x6ac9, 0x62a8, 0x6289, 0xffff,
    0xce58, 0x5227, 0x4a27, 0x4a28, 0xffff, 0xdedb, 0x5228, 0x5249, 0x5249, 0x5249, 0x49e7, 0xffbe,
    0xce18, 0x5a69, 0x5a8a, 0x5a49, 0x4a08, 0xffde, 0x41c7, 0x4a09, 0x4a29, 0xce79, 0xffff, 0x4a29,
    0x4a09, 0x4209, 0xa515, 0xffff, 0xb596, 0x4209, 0x4209, 0x39e8, 0xffff, 0x4229, 0x4229, 0x4a4a,
    0x4a4a, 0xffff, 0x528a, 0x4229, 0xf79e, 0xffff, 0x4229, 0x4229, 0x4209, 0x4a6a, 0xef5d, 0x2925,
    0x4209, 0x420a, 0x4a2a, 0x4209, 0x41e9, 0xffdf, 0x4a4a, 0x4229, 0x4229, 0x4229, 0x3a08, 0xa514,
    0x4209, 0x420a, 0x4209, 0x420a, 0x420a, 0x39c8, 0xffff, 0xd67a, 0x4209, 0x4209, 0x420a, 0x4209,
    0x39c8, 0xdedb, 0x39c8, 0x39c8, 0x41e8, 0x39c9, 0x41e8, 0xffdf, 0xc637, 0x5a68, 0x6269, 0x6b0c,
    0xffff, 0x6289, 0x6268, 0x6268, 0x83ce, 0xffde, 0x5a68, 0x6268, 0x6268, 0xe6da, 0xffff, 0x9450,
    0x6aa9, 0x72c9, 0x72c9, 0x72e9, 0x72ea, 0x7aea, 0x72c9, 0x72c9, 0x72a9, 0x6aaa, 0xff39, 0xff36,
    0xf736, 0xf736, 0xf736, 0xf736, 0xf736, 0xf736, 0xf736, 0xf736, 0xf736, 0xf736, 0xf736, 0xf736,
    0xf736, 0xf736, 0xf736, 0xf736, 0xf736, 0xf736, 0xf736, 0xa44d, 0xff37, 0xf737, 0x6a4a, 0x5a2a,
    0xffff, 0xffff, 0xce78, 0xf7bd, 0xf79c, 0xd571, 0xc242, 0xfa80, 0xfa60, 0xea60, 0xd2c4, 0x6900,
    0x5101, 0x20c1, 0x4a48, 0x4a68, 0x4a68, 0x4a48, 0x4a48, 0x4a48, 0x4a48, 0x4a48, 0x4a48, 0x4a48,
    0x4a69, 0x4228, 0x18e3, 0x4a68, 0x4a48, 0x4a68, 0x52a9, 0xddd4, 0xf2a1, 0xfa60, 0xfa60, 0xfa40,
    0xf240, 0xd283, 0xeed8, 0xd698, 0xd636, 0xbd30, 0xc571, 0xbdd6, 0xe71b, 0xdc4b, 0xf280, 0xda83,
    0x8228, 0x72ca, 0xff37, 0xff38, 0xf6d7, 0xf736, 0xf736, 0xff36, 0xf716, 0xf736, 0xf736, 0xf736,
    0xf736, 0xf736, 0xf736, 0xf736, 0xf736, 0xf716, 0xf736, 0xf736, 0xf736, 0xff36, 0xf716, 0xf736,
    0xff57, 0x6268, 0x28e4, 0x3967, 0x2905, 0x41c8, 0x51e9, 0x5209, 0x2104, 0x2103, 0x18e3, 0x20e4,
    0x20e4, 0x20e4, 0x20e3, 0x20e3, 0x20e4, 0x20e3, 0x522a, 0x2904, 0x41c8, 0x2104, 0x20e4, 0x4a0a,
    0x526b, 0x4a6b, 0x4a4b, 0x4a4b, 0x524b, 0x522a, 0x6289, 0x6aa9, 0x6aa8, 0x6aa8, 0x6288, 0xffbd,
    0xce17, 0x5227, 0x5227, 0x4a08, 0xffff, 0xd69a, 0x5249, 0x5a69, 0x5249, 0x5249, 0x5249, 0x5229,
    0x3986, 0xffff, 0xffdf, 0xffbe, 0x8c50, 0x41c7, 0x4a09, 0x4a29, 0xad55, 0xffff, 0xffff, 0xffff,
    0x4a29, 0x4209, 0x4209, 0x2945, 0xffdf, 0xffdf, 0x5acc, 0xffdf, 0xffdf, 0xffdf, 0xffdf, 0xffff,
    0xffff, 0xffff, 0x39c8, 0x94b3, 0xffff, 0xffff, 0xffff, 0xffdf, 0xffdf, 0xf77e, 0x31a7, 0x4209,
    0x4a2a, 0x420a, 0x4a2a, 0x420a, 0x4a2a, 0xffff, 0xffff, 0xffff, 0xffff, 0xffdf, 0xf7bf, 0x41e9,
    0x420a, 0x420a, 0x420a, 0x422a, 0x4209, 0xffdf, 0xffff, 0xffff, 0xffff, 0x4a4a, 0x4229, 0x41e9,
    0xffdf, 0xf7be, 0xffdf, 0x39a7, 0x41e9, 0x4209, 0xffdf, 0xffdf, 0xffff, 0xffde, 0xffde, 0xffff,
    0xffff, 0xfffe, 0x732b, 0xffbd, 0xffde, 0xffde, 0xffde, 0x6a88, 0x6a88, 0x5a68, 0x62ea, 0xfffe,
    0xffbd, 0x6aa8, 0x72c9, 0x72c9, 0x7aea, 0x72c9, 0x72c9, 0x72c9, 0x7aea, 0x72aa, 0xff19, 0xff36,
    0xff36, 0xf736, 0xf736, 0xf736, 0xf736, 0xf736, 0xf736, 0xf736, 0xf736, 0xf736, 0xf736, 0xf736,
    0xf736, 0xf736, 0xf736, 0xf736, 0xf736, 0xf736, 0xff38, 0xff57, 0xff56, 0xe677, 0x6a4b, 0xf77d,
    0xffde, 0xffde, 0xffff, 0xffde, 0xef7c, 0xd677, 0xa2a6, 0xdaa3, 0xd262, 0xbaa4, 0x51a4, 0x4a48,
    0x4a48, 0x2144, 0x4a68, 0x4a48, 0x4a48, 0x4a48, 0x4a28, 0x4a48, 0x4a48, 0x4228, 0x4a48, 0x4207,
    0x1082, 0x4a48, 0x4a48, 0x4a49, 0x4a68, 0x4a69, 0x0860, 0xdd10, 0xfa81, 0xfa60, 0xfa60, 0xfa40,
    0xea20, 0xdbc9, 0xbdb4, 0xce77, 0xe6f8, 0xbd51, 0xbd50, 0xef3b, 0xff5a, 0xd262, 0xfa60, 0xfa40,
    0xd284, 0x7a6a, 0xd5f5, 0xff57, 0xff18, 0xf717, 0xf736, 0xf736, 0xf716, 0xf736, 0xf736, 0xf736,
    0xf736, 0xf716, 0xf736, 0xf736, 0xf736, 0xf736, 0xf736, 0xf736, 0xf716, 0xf736, 0xf716, 0xf736,
    0xff57, 0x5a27, 0x20c4, 0x18c4, 0x2905, 0x20e4, 0x522a, 0x20e4, 0x18e3, 0x2103, 0x2104, 0x2104,
    0x20e4, 0x20e4, 0x20e4, 0x20e3, 0x2103, 0x2104, 0x522a, 0x3146, 0x41a8, 0x20e4, 0x2905, 0x49ea,
    0x4a4b, 0x4a4b, 0x4a6c, 0x4a4c, 0x4a4c, 0x4a4b, 0x524b, 0x628a, 0x6ac9, 0x6aa8, 0x6aa8, 0x6267,
    0x5226, 0x5a47, 0x6268, 0x4a08, 0x5248, 0x5249, 0x5a89, 0x5a69, 0x5a69, 0x5a89, 0x5a69, 0x5249,
    0x49e8, 0x4a08, 0x41e8, 0x49e8, 0x5229, 0x4a09, 0x524a, 0x4a09, 0x4a29, 0x4208, 0x41e8, 0x4a4a,
    0x4a29, 0x4a29, 0x4208, 0x4229, 0x39c8, 0x39c8, 0x41e9, 0x39c8, 0x39c8, 0x39a7, 0x39c8, 0x39a8,
    0x39c8, 0x41e9, 0x4209, 0x39e8, 0x39c8, 0x39e8, 0x39c8, 0x31a8, 0x39c8, 0x31a8, 0x4209, 0x422a,
    0x4a2a, 0x4a2a, 0x4a4a, 0x4a4a, 0x422a, 0x31a8, 0x39e9, 0x39e8, 0x39c8, 0x39a8, 0x4209, 0x422a,
    0x422a, 0x422a, 0x422a, 0x420a, 0x422a, 0x39c9, 0x41e9, 0x39e9, 0x39c9, 0x4209, 0x422a, 0x4209,
    0x39e9, 0x31a7, 0x39c8, 0x39a8, 0x4209, 0x4209, 0x49e7, 0x5208, 0x5a28, 0x5a48, 0x5a48, 0x5a48,
    0x5a48, 0x6248, 0x5a27, 0x5a28, 0x6227, 0x6247, 0x6248, 0x72a9, 0x72a9, 0x6a89, 0x6268, 0x6268,
    0x6a88, 0x72a9, 0x72c9, 0x72ea, 0x7aea, 0x72ea, 0x72a9, 0x7ae9, 0x7ae9, 0x72aa, 0xff39, 0xff36,
    0xf736, 0xf736, 0xf736, 0xf736, 0xf736, 0xf736, 0xf736, 0xf736, 0xf736, 0xf736, 0xf736, 0xf736,
    0xf716, 0xf736, 0xff36, 0xf736, 0xf736, 0xf716, 0xf6f7, 0xff56, 0xff39, 0x722b, 0xeeba, 0xd6ba,
    0xef5c, 0xd6ba, 0xe71b, 0xdeda, 0xdeda, 0xbdf6, 0x838c, 0x89a1, 0x9180, 0x6941, 0x5248, 0x4a48,
    0x4248, 0x4228, 0x4228, 0x2965, 0x2965, 0x2945, 0x2103, 0x18c2, 0x2944, 0x4228, 0x4228, 0x4228,
    0x4a28, 0x4248, 0x4a48, 0x4a48, 0x3185, 0x0881, 0x1081, 0x7141, 0xf260, 0xfa60, 0xfa60, 0xfa60,
    0xe261, 0xfeb7, 0xe73b, 0xb594, 0xb593, 0xc5d4, 0xbd52, 0xd698, 0xb3cb, 0xda82, 0xe281, 0xe282,
    0xdaa2, 0xb2c7, 0x728b, 0xff38, 0xff57, 0xbcf0, 0xf736, 0xf736, 0xf736, 0xf716, 0xf736, 0xf736,
    0xf736, 0xf736, 0xf736, 0xf736, 0xf736, 0xf736, 0xf736, 0xf736, 0xf736, 0xf716, 0xff36, 0xf716,
    0xff56, 0x49c5, 0x2905, 0x20e3, 0x3946, 0x3146, 0x5a2a, 0x20e4, 0x20e3, 0x2103, 0x18e3, 0x20e3,
    0x20e4, 0x20e4, 0x20e4, 0x20e4, 0x20e4, 0x2104, 0x520a, 0x20c4, 0x20a3, 0x20e4, 0x522a, 0x3167,
    0x4a4b, 0x4a6b, 0x4a4b, 0x4a8c, 0x424b, 0x526c, 0x4a4b, 0x526b, 0x628a, 0x6aa9, 0x6aa8, 0x6a88,
    0x6aa8, 0x6288, 0x6269, 0x524a, 0x526a, 0x5a69, 0x5a69, 0x5a69, 0x5a69, 0x5a8a, 0x5a8a, 0x5a69,
    0x5a69, 0x5a69, 0x5249, 0x5249, 0x526a, 0x526a, 0x524a, 0x524a, 0x524a, 0x4a49, 0x4a4a, 0x4a49,
    0x4a4a, 0x4a4a, 0x4a6a, 0x4a4a, 0x422a, 0x4a2a, 0x4a2a, 0x4a2a, 0x4209, 0x4229, 0x4209, 0x4209,
    0x4229, 0x4a4a, 0x4a4a, 0x422a, 0x422a, 0x4229, 0x4209, 0x4209, 0x4209, 0x4229, 0x4a2a, 0x4a2a,
    0x4a4a, 0x4a4a, 0x4a4a, 0x4a4a, 0x4a4a, 0x422a, 0x4209, 0x4209, 0x4229, 0x4209, 0x422a, 0x4a2a,
    0x4a2a, 0x4a2a, 0x4a2a, 0x4a4a, 0x422a, 0x422a, 0x4209, 0x422a, 0x4209, 0x4229, 0x4a4a, 0x422a,
    0x4209, 0x41e9, 0x4209, 0x4209, 0x4209, 0x4a29, 0x5a69, 0x6269, 0x6268, 0x6288, 0x6289, 0x6269,
    0x6269, 0x6a68, 0x6a88, 0x6a68, 0x6a88, 0x6aa9, 0x72a9, 0x72c9, 0x6aa8, 0x72a9, 0x6aa9, 0x72c9,
    0x72c9, 0x72a9, 0x7ae9, 0x7aea, 0x7aea, 0x72e9, 0x72c9, 0x72e9, 0x72c9, 0x72aa, 0xff39, 0xff36,
    0xf736, 0xf736, 0xf736, 0xf736, 0xf736, 0xf736, 0xf736, 0xf736, 0xf736, 0xf736, 0xf736, 0xf736,
    0xf736, 0xf736, 0xf736, 0xf736, 0xff36, 0xe695, 0xf736, 0xff17, 0x6209, 0x9207, 0xbb07, 0xffbc,
    0xf79d, 0xffde, 0xded9, 0xffde, 0xffde, 0xffde, 0xb554, 0xfdd2, 0xda61, 0xdac4, 0x61e5, 0x4a69,
    0x4248, 0x4a48, 0x4a48, 0x4a48, 0x4a48, 0x4228, 0x4228, 0x4a48, 0x4a28, 0x4248, 0x4248, 0x4248,
    0x4248, 0x4228, 0x4a48, 0x0841, 0x632c, 0x2144, 0x18c2, 0x6121, 0xf281, 0xfa60, 0xfa60, 0xfa60,
    0xe2c3, 0xc553, 0xad74, 0x8c2f, 0xad32, 0xad31, 0x9c8f, 0x9c4f, 0x7161, 0x9140, 0x9120, 0x9960,
    0x9160, 0x8160, 0x71c6, 0x728a, 0xff37, 0xff37, 0xff58, 0xff36, 0xf736, 0xff36, 0xff36, 0xf736,
    0xf736, 0xf736, 0xf736, 0xf736, 0xf736, 0xf736, 0xf736, 0xf736, 0xf736, 0xf716, 0xf736, 0xf736,
    0xff56, 0x41c5, 0x522a, 0x20e4, 0x20c3, 0x20c4, 0x5a0a, 0x20e4, 0x18e3, 0x2104, 0x18e3, 0x20e3,
    0x20e4, 0x20e4, 0x20e4, 0x20e4, 0x20e4, 0x2104, 0x520a, 0x3126, 0x3987, 0x41c8, 0x20e4, 0x2946,
    0x424b, 0x4a6c, 0x4a4b, 0x4a4c, 0x528d, 0x4a4c, 0x4a6c, 0x4a4b, 0x526b, 0x626a, 0x6aa8, 0x6ac9,
    0x6aa8, 0x62a9, 0x5249, 0x4a6a, 0x4a6a, 0x526a, 0x5a8a, 0x5a8a, 0x628a, 0x628a, 0x628a, 0x628a,
    0x5a8a, 0x5a8a, 0x5a89, 0x5a8a, 0x528a, 0x5a6a, 0x5a8a, 0x5a6b, 0x526a, 0x526a, 0x526a, 0x4a4a,
    0x526a, 0x526a, 0x4a6a, 0x4a4a, 0x4a4a, 0x4a4a, 0x4a4a, 0x4a4a, 0x4a4a, 0x4a4a, 0x4a2a, 0x4a2a,
    0x4a4a, 0x422a, 0x4a4a, 0x4a4a, 0x4a4a, 0x422a, 0x4a2a, 0x4a2a, 0x4209, 0x4a4a, 0x4a2a, 0x4a2a,
    0x4a4a, 0x4a6b, 0x4a6b, 0x4a4b, 0x4a4a, 0x4a4a, 0x4a4a, 0x422a, 0x4229, 0x4a2a, 0x4a4a, 0x4a4a,
    0x4a4a, 0x4a2a, 0x4a4a, 0x4a4a, 0x4a4b, 0x4a4a, 0x4a4a, 0x422a, 0x422a, 0x4a2a, 0x4a4a, 0x4a4a,
    0x422a, 0x4a2a, 0x4a2a, 0x4229, 0x4a4a, 0x4a29, 0x6289, 0x6a89, 0x6aa9, 0x6aa9, 0x6289, 0x628a,
    0x6a89, 0x72a9, 0x6aa9, 0x6a88, 0x72a8, 0x72a9, 0x72c9, 0x72ca, 0x72c9, 0x72c9, 0x72c9, 0x72e9,
    0x7aea, 0x72a9, 0x7aea, 0x7aea, 0x72c9, 0x7aea, 0x7ae9, 0x72c9, 0x7aea, 0x72aa, 0xff39, 0xf736,
    0xf736, 0xf736, 0xf736, 0xf736, 0xf736, 0xf736, 0xf736, 0xff36, 0xf736, 0xf716, 0xf736, 0xf736,
    0xf736, 0xf736, 0xff36, 0xff36, 0xff37, 0xe675, 0xff57, 0xcd74, 0x7a2a, 0xda84, 0xea61, 0xe4ad,
    0xff9c, 0xef9d, 0xce78, 0xe73b, 0xe73b, 0xf7bd, 0xb5d6, 0xff7b, 0xd305, 0xf281, 0xb263, 0x59e5,
    0x4a48, 0x4248, 0x4a48, 0x4a48, 0x4a48, 0x4a48, 0x4a48, 0x4a48, 0x4a48, 0x4a48, 0x4a48, 0x4a69,
    0x18e3, 0x31a5, 0x8c50, 0x7bef, 0x738d, 0x39e7, 0x2944, 0x5901, 0xf260, 0xfa60, 0xfa60, 0xfa60,
    0xdba8, 0xf75b, 0xf79c, 0xe6d9, 0xbd93, 0xbd30, 0xbd0f, 0xe4ef, 0xda82, 0xea81, 0xf281, 0xf2a1,
    0xeaa1, 0xdaa2, 0xc368, 0x728b, 0xff5a, 0xff57, 0x8b8a, 0xf716, 0xf736, 0xf736, 0xf736, 0xf736,
    0xf736, 0xf736, 0xf736, 0xf736, 0xf736, 0xf736, 0xf736, 0xf736, 0xf736, 0xff36, 0xf736, 0xf736,
    0xff57, 0x41c4, 0x20e4, 0x5209, 0x3987, 0x49e9, 0x5a0a, 0x20e3, 0x20e3, 0x2104, 0x2104, 0x20e3,
    0x20e3, 0x20e4, 0x20e4, 0x20e4, 0x2104, 0x2104, 0x520a, 0x520a, 0x49e9, 0x49c8, 0x524a, 0x2966,
    0x4a6b, 0x424c, 0x4a4b, 0x4a6c, 0x4a6c, 0x4a6d, 0x4a6c, 0x4a4c, 0x4a6c, 0x526b, 0x628a, 0x6ac9,
    0x6ac9, 0x62aa, 0x526a, 0x526a, 0x526a, 0x528b, 0x62ab, 0x5a8a, 0x62aa, 0x62aa, 0x62aa, 0x5a8a,
    0x5a8a, 0x5aaa, 0x5a8a, 0x5a8a, 0x5a8a, 0x5a8b, 0x5a8a, 0x528a, 0x528a, 0x526a, 0x528a, 0x528b,
    0x528b, 0x528b, 0x528b, 0x526b, 0x526b, 0x4a6a, 0x4a6b, 0x4a4a, 0x4a6a, 0x4a4a, 0x4a4a, 0x4a4b,
    0x4a4a, 0x4a4b, 0x4a4b, 0x4a4b, 0x4a4b, 0x4a4a, 0x4a4a, 0x4a4a, 0x4a4b, 0x4a2a, 0x4a4b, 0x4a6b,
    0x4a4b, 0x4a6b, 0x4a6b, 0x4a6b, 0x4a4a, 0x4a4a, 0x4a4a, 0x4a4a, 0x4a4a, 0x4a4a, 0x4a6b, 0x4a4a,
    0x4a4a, 0x4a4b, 0x4a4a, 0x4a4b, 0x4a4a, 0x4a4a, 0x4a2a, 0x4a2a, 0x4a2a, 0x4a4a, 0x4a2a, 0x4a4a,
    0x4a4a, 0x4a4a, 0x524a, 0x526a, 0x5269, 0x628a, 0x6aaa, 0x6289, 0x6aaa, 0x72ca, 0x62aa, 0x6aaa,
    0x72a9, 0x72a9, 0x72c9, 0x72c9, 0x72c9, 0x72c9, 0x72c9, 0x72c9, 0x72e9, 0x72ea, 0x7aea, 0x7ae9,
    0x7ae9, 0x7ae9, 0x7aea, 0x7b0a, 0x7ae9, 0x7ae9, 0x72c9, 0x7b0a, 0x72ea, 0x72ca, 0xff39, 0xff36,
    0xf736, 0xff36, 0xf736, 0xf736, 0xf736, 0xf736, 0xf736, 0xf736, 0xf736, 0xf736, 0xf736, 0xf736,
    0xf736, 0xf736, 0xf736, 0xf736, 0xcd92, 0xff37, 0xff59, 0x724b, 0xb246, 0xea41, 0xfa60, 0xda62,
    0xfe34, 0xef5b, 0xdeda, 0xdefa, 0xe71b, 0xe71b, 0xce58, 0xf7bd, 0xfef8, 0xf281, 0xf281, 0xcac5,
    0x40a0, 0x39c6, 0x4228, 0x4228, 0x4a48, 0x4a49, 0x4a68, 0x4a68, 0x39e7, 0x10a2, 0x52aa, 0x8430,
    0x840f, 0x7bcf, 0x6b6d, 0x632c, 0x6b6d, 0x630b, 0x39a6, 0x3060, 0xea61, 0xf260, 0xfa60, 0xfa60,
    0xfe14, 0xf7bd, 0xdeda, 0xd6b8, 0xc593, 0xc571, 0xd571, 0xca63, 0xf240, 0xfa60, 0xfa60, 0xfa80,
    0xf280, 0xd2a3, 0xe5b1, 0x7b2c, 0x6a6a, 0xff58, 0xff38, 0xff38, 0xff36, 0xf736, 0xf736, 0xf736,
    0xf736, 0xf736, 0xf736, 0xf736, 0xf736, 0xf736, 0xf716, 0xf716, 0xf736, 0xf736, 0xf736, 0xf716,
    0xff57, 0x41a4, 0x5a4b, 0x49e9, 0x5a4b, 0x520a, 0x520a, 0x20e4, 0x18e3, 0x18e3, 0x2104, 0x20e3,
    0x20e4, 0x20e4, 0x20e4, 0x20e4, 0x20e3, 0x2103, 0x18e3, 0x20e3, 0x20e3, 0x41a7, 0x51ea, 0x3167,
    0x52ad, 0x424c, 0x4a6c, 0x4a6c, 0x4a6c, 0x4a6c, 0x4a6d, 0x52ad, 0x424c, 0x4a4b, 0x4a6b, 0x62cb,
    0x62aa, 0x5a6a, 0x528a, 0x528a, 0x528b, 0x528b, 0x62ab, 0x62aa, 0x62aa, 0x62ca, 0x62aa, 0x62aa,
    0x62aa, 0x62ca, 0x62ca, 0x62ab, 0x5aaa, 0x5aab, 0x5aab, 0x528b, 0x528b, 0x528b, 0x528b, 0x4a6a,
    0x528b, 0x52ab, 0x52ab, 0x528b, 0x528b, 0x528b, 0x528b, 0x526b, 0x528b, 0x4a6b, 0x4a6b, 0x526b,
    0x526b, 0x4a6b, 0x4a4a, 0x528b, 0x4a6b, 0x4a6a, 0x4a6a, 0x526b, 0x4a4b, 0x4a6b, 0x4a6b, 0x4a4a,
    0x526b, 0x528b, 0x4a6b, 0x528b, 0x4a6b, 0x4a6b, 0x4a6b, 0x4a6b, 0x4a6a, 0x4a6a, 0x4a6b, 0x4a6b,
    0x526b, 0x4a6b, 0x4a6b, 0x4a6b, 0x4a4b, 0x4a6b, 0x4a4a, 0x4a4a, 0x4a4a, 0x4a4a, 0x4a6b, 0x4a4a,
    0x4a4a, 0x528b, 0x62aa, 0x6aaa, 0x6aaa, 0x6a89, 0x6aca, 0x6aca, 0x72ea, 0x72ea, 0x6aca, 0x72ea,
    0x72c9, 0x72c9, 0x72e9, 0x7ae9, 0x72e9, 0x7aea, 0x72e9, 0x72ea, 0x7b0a, 0x7b0a, 0x7b0a, 0x7ae9,
    0x7aea, 0x7b09, 0x7aea, 0x7b0a, 0x7aea, 0x7ae9, 0x7b09, 0x7b0a, 0x7ae9, 0x7aca, 0xff19, 0xff36,
    0xf736, 0xf736, 0xf736, 0xf736, 0xf736, 0xf736, 0xf736, 0xf736, 0xf736, 0xf736, 0xf736, 0xf736,
    0xf736, 0xf736, 0xf736, 0xf717, 0xff38, 0xff37, 0x830c, 0x724b, 0xab08, 0xb2c6, 0xaac6, 0xaae7,
    0x9ae8, 0xa4d1, 0xad54, 0xb5b6, 0xd6ba, 0xd6ba, 0xe73c, 0xef7d, 0xe6fa, 0xe3a8, 0xf2a2, 0xea81,
    0xcae5, 0x1861, 0x18c2, 0x20e3, 0x2103, 0x2924, 0x3185, 0x39c6, 0x4a69, 0x6b4d, 0x738e, 0x738e,
    0x738e, 0x630c, 0x39c7, 0x0861, 0x0000, 0x0000, 0x0000, 0x20e3, 0xa329, 0xcbab, 0xc349, 0xc328,
    0xbd32, 0xe6fb, 0xef5c, 0xd657, 0xcdd4, 0xbd51, 0xe571, 0xea81, 0xf240, 0xfa60, 0xfa60, 0xfa60,
    0xeaa2, 0xfe12, 0xd655, 0xe6d9, 0x72cc, 0xcd94, 0xff57, 0xc551, 0xf717, 0xff36, 0xf736, 0xf736,
    0xf736, 0xf736, 0xf736, 0xf736, 0xf736, 0xf716, 0xf736, 0xf736, 0xf736, 0xf736, 0xf736, 0xf736,
    0xff57, 0x4184, 0x5a0a, 0x522a, 0x18e3, 0x18c3, 0x18e3, 0x18e4, 0x18e3, 0x18e3, 0x20e4, 0x18e3,
    0x20e4, 0x20e4, 0x20e4, 0x20e4, 0x20e4, 0x2104, 0x20e4, 0x20c4, 0x20c3, 0x49c8, 0x520b, 0x2947,
    0x4a6c, 0x424c, 0x4a6c, 0x4a8c, 0x4a6d, 0x4a4b, 0x4a6c, 0x4a6c, 0x4a4c, 0x4a6d, 0x4a4b, 0x4a6b,
    0x62aa, 0x62aa, 0x5a8a, 0x5aab, 0x5a8b, 0x52ab, 0x5aab, 0x5aab, 0x62cb, 0x62ca, 0x62cb, 0x62cb,
    0x62ca, 0x62ab, 0x62cb, 0x62ab, 0x5aab, 0x528b, 0x528b, 0x52ab, 0x528b, 0x528b, 0x528b, 0x528b,
    0x526b, 0x52ab, 0x526a, 0x528b, 0x528b, 0x528b, 0x528b, 0x52ab, 0x528b, 0x526a, 0x526b, 0x526b,
    0x526b, 0x4a4a, 0x4a6b, 0x526b, 0x526b, 0x4a6b, 0x4a6b, 0x526b, 0x4a6b, 0x528b, 0x528b, 0x528b,
    0x528b, 0x528b, 0x4a6b, 0x4a6b, 0x4a6b, 0x4a6b, 0x4a6b, 0x4a6b, 0x4a6b, 0x4a6b, 0x4a6b, 0x4a6b,
    0x528b, 0x4a6b, 0x4a6b, 0x4a4a, 0x4a6b, 0x4a4a, 0x4a6b, 0x4a4a, 0x4a6b, 0x4a6a, 0x4a6a, 0x4a6b,
    0x526b, 0x5aab, 0x6aaa, 0x6aca, 0x6aca, 0x72ea, 0x6aca, 0x72ca, 0x72eb, 0x730b, 0x72eb, 0x72c9,
    0x72c8, 0x72c9, 0x7ae9, 0x7ae9, 0x72e9, 0x7ae9, 0x7aea, 0x7b0a, 0x7b0a, 0x7b0a, 0x7b0a, 0x7aea,
    0x7b0a, 0x7b09, 0x7b09, 0x7b0a, 0x7ae9, 0x7b0a, 0x7ae9, 0x7aea, 0x7aea, 0x72ca, 0xff39, 0xff36,
    0xf736, 0xf736, 0xf736, 0xf736, 0xf736, 0xf736, 0xf736, 0xf736, 0xf736, 0xf736, 0xf736, 0xf736,
    0xf736, 0xf736, 0xf716, 0xcdd3, 0xff37, 0xff37, 0x728c, 0x9431, 0x9450, 0x9470, 0x9471, 0x9471,
    0x9491, 0x9491, 0x9cd3, 0x94b2, 0x9cd3, 0x94b2, 0x8c71, 0x840f, 0x632c, 0x6a67, 0x60e0, 0x70e0,
    0x7961, 0x1000, 0x18a2, 0x18c3, 0x2124, 0x2124, 0x18c2, 0x0841, 0x0020, 0x0841, 0x0840, 0x0020,
    0x0020, 0x0000, 0xe71c, 0x0020, 0x0000, 0x0000, 0x0000, 0x39e7, 0x5aaa, 0x9492, 0x9cd2, 0x9cb2,
    0x9491, 0x9491, 0x9491, 0x8c50, 0x8c2f, 0x8c4f, 0xa40d, 0xc327, 0xcac5, 0xdaa3, 0xe2a3, 0xe282,
    0xec8b, 0xde34, 0xd635, 0xef5b, 0xbd35, 0x6a6b, 0xf716, 0xff37, 0xff58, 0xff36, 0xf736, 0xf736,
    0xf736, 0xf736, 0xf716, 0xf736, 0xf736, 0xf716, 0xf736, 0xf736, 0xf716, 0xf716, 0xf736, 0xf736,
    0xff57, 0x41a4, 0x5a0b, 0x522a, 0x2104, 0x3146, 0x20e4, 0x20e3, 0x20e4, 0x2103, 0x20e4, 0x20e3,
    0x20e4, 0x20e4, 0x20e3, 0x20e3, 0x20e4, 0x20e4, 0x520a, 0x51ea, 0x3967, 0x522a, 0x5a6b, 0x2966,
    0x4a8c, 0x424c, 0x4a6d, 0x4a6c, 0x4a6c, 0x4a6c, 0x528d, 0x4a6d, 0x4a6c, 0x426d, 0x4a6c, 0x4a4c,
    0x526b, 0x6aca, 0x6aea, 0x62aa, 0x5a8b, 0x5aab, 0x52ab, 0x5acc, 0x5acb, 0x62cb, 0x62aa, 0x62cb,
    0x62cb, 0x5acb, 0x5aab, 0x5aaa, 0x5a8a, 0x528b, 0x528a, 0x528a, 0x526a, 0x5269, 0x528a, 0x528a,
    0x528b, 0x52ab, 0x528b, 0x52aa, 0x52ab, 0x52ab, 0x528b, 0x528b, 0x528a, 0x528b, 0x528a, 0x528a,
    0x4a4a, 0x4a6b, 0x4a6b, 0x4a6a, 0x526a, 0x528b, 0x526a, 0x528a, 0x526b, 0x528b, 0x528a, 0x526b,
    0x526b, 0x526a, 0x4a6a, 0x4a6a, 0x4a6a, 0x4a6a, 0x4a4a, 0x4a6a, 0x528b, 0x4a6b, 0x4a6b, 0x526b,
    0x526b, 0x4a6a, 0x4a49, 0x4a49, 0x4a49, 0x4a4a, 0x4a4a, 0x4a4a, 0x4a4a, 0x4a6a, 0x4a6b, 0x526a,
    0x5a69, 0x628a, 0x6aaa, 0x6aa9, 0x6ac9, 0x72c9, 0x72ea, 0x72eb, 0x7b0b, 0x7b0b, 0x72ea, 0x7ae9,
    0x7ac9, 0x7ae9, 0x7aea, 0x7b0a, 0x7aea, 0x7b0a, 0x72e9, 0x7b0a, 0x7b0a, 0x7aea, 0x7aea, 0x7aea,
    0x7aea, 0x7b0a, 0x7b0a, 0x7b0a, 0x7aea, 0x7aea, 0x7aea, 0x7aea, 0x72aa, 0x72cb, 0xff19, 0xff36,
    0xf736, 0xf736, 0xf736, 0xf736, 0xf736, 0xf736, 0xf736, 0xf736, 0xf736, 0xf736, 0xf736, 0xf736,
    0xf736, 0xf736, 0xf716, 0xc571, 0xff36, 0xff39, 0x624b, 0x8c30, 0x94b2, 0x94b2, 0x94d2, 0x9cf3,
    0x9cf3, 0xa534, 0xad54, 0xad74, 0xad54, 0xad54, 0xa513, 0x8c71, 0x73ae, 0x5aca, 0x39a6, 0x1881,
    0x1860, 0x10a2, 0x0000, 0x0000, 0x0000, 0x0000, 0xbdf7, 0x0000, 0x0020, 0x0020, 0xa513, 0x0020,
    0x0020, 0x738e, 0xa514, 0x9cb2, 0x0000, 0x0000, 0x18c3, 0x528a, 0x5aeb, 0x9491, 0xa534, 0xa4f3,
    0x94b2, 0x94b2, 0x94b2, 0x94b2, 0x9491, 0x9491, 0x9491, 0x9450, 0x942f, 0x93ee, 0x9bed, 0x9bcd,
    0x8bed, 0x8c0e, 0x840e, 0xa533, 0xce17, 0x72ac, 0xff38, 0xf736, 0x8349, 0xf737, 0xf736, 0xf736,
    0xf736, 0xf736, 0xf736, 0xf736, 0xf716, 0xff36, 0xf736, 0xf736, 0xf736, 0xf716, 0xf736, 0xf736,
    0xff56, 0x3984, 0x522a, 0x5a4a, 0x3967, 0x51ea, 0x520a, 0x20e3, 0x2103, 0x2103, 0x2104, 0x2104,
    0x20e3, 0x18e3, 0x20e3, 0x20e4, 0x18e3, 0x20e4, 0x5a2b, 0x3946, 0x2925, 0x5209, 0x20e4, 0x2967,
    0x4a6d, 0x424c, 0x4a6d, 0x4a6c, 0x426c, 0x426c, 0x4a4b, 0x4a8d, 0x4a8c, 0x4a6d, 0x426c, 0x4a6c,
    0x4a4c, 0x5aab, 0x6aea, 0x6b0b, 0x62ab, 0x5aab, 0x5a8b, 0x5aac, 0x5aab, 0x5aab, 0x62cb, 0x5acb,
    0x5aab, 0x5aab, 0xd657, 0x4a27, 0xdeb8, 0x528a, 0x41e6, 0x7bac, 0x526a, 0x7b8c, 0x528b, 0x5aa8,
    0x4a48, 0x528b, 0x4a6a, 0xd677, 0x528a, 0x41e6, 0xa4f1, 0x528b, 0xc5f6, 0x528b, 0x4a27, 0x41e6,
    0xce37, 0x528a, 0x526b, 0x4a6a, 0xc5d4, 0x4a69, 0x41e6, 0x4a27, 0x528b, 0x528b, 0xdeb8, 0x528a,
    0x528b, 0x4227, 0x5a88, 0xad33, 0x4a8a, 0x39a6, 0x41e6, 0x738c, 0x4a6a, 0x528b, 0x528a, 0xa4b1,
    0x4a6a, 0x4208, 0x41c6, 0x6b2a, 0xa513, 0x4a6a, 0xde98, 0x4a69, 0x62c9, 0x4a48, 0x4a49, 0xc5f6,
    0x49e6, 0xd636, 0x6aca, 0x6ac8, 0x6aa7, 0x6aa9, 0x6266, 0x730b, 0x7b0b, 0x7aea, 0x7aea, 0x7b09,
    0x7b09, 0x7b0a, 0x72ea, 0x7aea, 0x72ca, 0x7aea, 0x7b0a, 0x72ea, 0x7b0b, 0x832b, 0x7aea, 0x7aea,
    0x7aea, 0x7b0a, 0x72ca, 0x7aeb, 0x7b0b, 0x72ca, 0x72eb, 0x72ca, 0x72ca, 0x6aaa, 0xff19, 0xf736,
    0xf716, 0xf736, 0xf736, 0xff36, 0xf736, 0xf736, 0xf736, 0xf736, 0xf736, 0xf736, 0xf736, 0xf736,
    0xf736, 0xf736, 0xf717, 0xf718, 0xf716, 0x6228, 0x7b6f, 0x9492, 0x73cf, 0x8430, 0x8c71, 0x94b2,
    0x94b2, 0x94d2, 0xa4f3, 0xa513, 0xa533, 0x9d13, 0x94b2, 0x8c50, 0x7bcf, 0x5acb, 0x4a48, 0x2103,
    0x18c2, 0x18e3, 0x0000, 0x0000, 0x0000, 0x9cd3, 0x18a2, 0x4208, 0x0020, 0x18e3, 0x8430, 0x9cd3,
    0x0020, 0x0000, 0x0000, 0x0841, 0x632c, 0x8c71, 0x52aa, 0x5b0b, 0x5aeb, 0x94b2, 0x9cd3, 0x94b2,
    0x8c70, 0x8c51, 0x8c71, 0x8c71, 0x9491, 0x8c91, 0x8c91, 0x8c71, 0x8451, 0x8450, 0x8431, 0x8430,
    0x8430, 0x8430, 0x8410, 0x840f, 0x7bef, 0x6acc, 0xbd32, 0xff57, 0xff18, 0xff37, 0xf736, 0xf736,
    0xf736, 0xf736, 0xff36, 0xf736, 0xf736, 0xf736, 0xf716, 0xf736, 0xf736, 0xf736, 0xf736, 0xf736,
    0xff56, 0x3983, 0x20e4, 0x49c9, 0x3146, 0x3106, 0x520a, 0x20e4, 0x18e3, 0x18e3, 0x20e4, 0x20e4,
    0x20e3, 0x20e3, 0x20e4, 0x2104, 0x2103, 0x20e3, 0x4a09, 0x28e4, 0x3125, 0x2924, 0x5209, 0x3188,
    0x4a8d, 0x4a8c, 0x4a8d, 0x4a6d, 0x4a6c, 0x4a6d, 0x424c, 0x4a6c, 0x4a6d, 0x4a6c, 0x4a8d, 0x4a8c,
    0x4a6c, 0x4a6b, 0x6aeb, 0x72ea, 0x6aeb, 0x62cb, 0x62cb, 0x5aab, 0x5acb, 0x52ab, 0x5aac, 0x52ab,
    0x52ab, 0x528a, 0x5247, 0x528b, 0x4a07, 0x4a07, 0x4a48, 0x4a06, 0x62e9, 0x7bad, 0x528b, 0x5ac8,
    0x5269, 0x528b, 0x528b, 0xce15, 0x528a, 0x4a48, 0x5226, 0x83ed, 0xc5b5, 0x528b, 0x5247, 0x5aa8,
    0x4208, 0x4a6a, 0x528b, 0x4a6b, 0xbdb4, 0x62ea, 0x62a9, 0x5247, 0x528b, 0x5268, 0x5267, 0x4a47,
    0x4a8a, 0xd636, 0x526a, 0x528b, 0x528b, 0x4a27, 0x7309, 0x5289, 0x528b, 0x528b, 0x5289, 0xb552,
    0x4a69, 0x4a4a, 0x4a49, 0x6b2b, 0x4a4a, 0x4a4a, 0xe6b7, 0x6b0b, 0x8c0c, 0x4a48, 0x62c9, 0x5268,
    0x526a, 0x732a, 0x6289, 0x6aa8, 0x5a46, 0x6267, 0x6aa8, 0x72eb, 0x72ea, 0x7aea, 0x7b0a, 0x7b0a,
    0x7b2a, 0x7b0a, 0x7b0a, 0x730a, 0x72ca, 0x72eb, 0x730c, 0x6acb, 0x7b2b, 0x7b0b, 0x7b0a, 0x7aea,
    0x7aea, 0x72eb, 0x72ca, 0x72ea, 0x72eb, 0x7aeb, 0x72eb, 0x72ca, 0x7b0b, 0x6aab, 0xff3a, 0xff36,
    0xf736, 0xf736, 0xff36, 0xf736, 0xf736, 0xf736, 0xf736, 0xf736, 0xf736, 0xf736, 0xf736, 0xf736,
    0xf736, 0xff36, 0xe655, 0xf716, 0xf718, 0x622b, 0x83f0, 0x9492, 0x9492, 0x8c51, 0x632d, 0x7c10,
    0x7c10, 0x8430, 0x8431, 0x8430, 0x8430, 0x7c10, 0x8410, 0x73cf, 0x632c, 0x52aa, 0x4a49, 0x2104,
    0x18c3, 0x18c3, 0x18c2, 0x0000, 0x0000, 0x0020, 0x2103, 0x39c6, 0x2965, 0x4208, 0x7bcf, 0x94b2,
    0x8c71, 0x9cf3, 0xa514, 0xad55, 0xad54, 0x8c50, 0x52aa, 0x6b4c, 0x8410, 0x94b2, 0x8c51, 0x73ae,
    0x6b4d, 0x632c, 0x6b6d, 0x73cf, 0x73cf, 0x7bcf, 0x73cf, 0x7bef, 0x7bcf, 0x7bcf, 0x7bef, 0x7bcf,
    0x73ae, 0x73ae, 0x73ae, 0x73ae, 0x7bce, 0x7bcf, 0x728b, 0xff37, 0xf737, 0xcdd3, 0xf736, 0xf736,
    0xf736, 0xf736, 0xf736, 0xf736, 0xf736, 0xf736, 0xf716, 0xf716, 0xf736, 0xf736, 0xf736, 0xf736,
    0xff56, 0x5206, 0x5a6a, 0x2925, 0x39a7, 0x20a3, 0x520a, 0x20e4, 0x18e3, 0x2103, 0x2104, 0x20e4,
    0x20e3, 0x20e4, 0x20e4, 0x20e3, 0x20e4, 0x2104, 0x4a09, 0x2905, 0x3966, 0x2904, 0x2905, 0x41c9,
    0x4a8d, 0x528c, 0x4a8d, 0x4a6d, 0x4a6c, 0x4a8d, 0x4a6d, 0x4a8c, 0x4a8d, 0x4a8d, 0x426c, 0x4a8d,
    0x4a6c, 0x4a6d, 0x5a8b, 0x6aea, 0x730b, 0x62ab, 0x62ab, 0x62cc, 0x52ab, 0x52ab, 0x52ac, 0x52ab,
    0x52ab, 0x528a, 0x5a88, 0x528b, 0x5247, 0x4a48, 0x4a48, 0x5aaa, 0x944f, 0x83cd, 0x528b, 0x62c9,
    0x4a48, 0x526a, 0x528a, 0xc5f4, 0x528a, 0x4a48, 0x5269, 0x7b8c, 0xb532, 0x528b, 0x5268, 0x4a27,
    0x4a28, 0x528b, 0x528b, 0x528b, 0xb593, 0x528a, 0x5268, 0x4a47, 0x4a6a, 0xce36, 0x6b0a, 0xd677,
    0x528a, 0xd677, 0x4a6a, 0x528b, 0x528b, 0x4207, 0x4a05, 0x6b2b, 0x528b, 0x528b, 0xad12, 0x62c9,
    0x4a27, 0x4a4a, 0x4a49, 0x6b2a, 0x4a4a, 0x4a4a, 0xde98, 0x5aab, 0x734a, 0x4a48, 0x5247, 0x5248,
    0x526a, 0x838b, 0x6289, 0x6288, 0x6288, 0xd5f4, 0x6a88, 0x72eb, 0x72ca, 0x72ea, 0x7b0a, 0x832b,
    0x7b2a, 0x7b0a, 0x7b0a, 0x72ea, 0x72eb, 0x72eb, 0x6acb, 0x62ab, 0x72eb, 0x7aea, 0x7aeb, 0x72ca,
    0x72eb, 0x72eb, 0x72eb, 0x72cb, 0x62ab, 0x6aab, 0x62ab, 0x6aab, 0x62cb, 0x6aac, 0xff3a, 0xf736,
    0xf736, 0xf736, 0xf736, 0xf736, 0xff36, 0xf736, 0xf736, 0xf736, 0xf736, 0xf736, 0xf736, 0xf736,
    0xff36, 0xf736, 0x838a, 0xff36, 0xcdb5, 0x624b, 0x7baf, 0x9492, 0x9cd2, 0x9cf3, 0x9cd2, 0x8430,
    0x5b0c, 0x630b, 0x6aeb, 0x6aea, 0x62ca, 0x62ca, 0x5aaa, 0x4a69, 0x4227, 0x3a07, 0x31a6, 0x18c2,
    0x1081, 0x18c2, 0x18c2, 0x2124, 0x4207, 0x630b, 0x73ce, 0x738d, 0x4a69, 0x52aa, 0x8450, 0xad55,
    0x8c71, 0xad75, 0xb596, 0xb5b6, 0xad54, 0x8c71, 0x62eb, 0x7bae, 0x8c51, 0x840f, 0x6b4c, 0x52ca,
    0x5289, 0x39c6, 0x31c6, 0x5269, 0x5aaa, 0x5289, 0x52aa, 0x5aca, 0x5aeb, 0x630c, 0x630b, 0x630c,
    0x5aeb, 0x52ca, 0x5aeb, 0x6b6d, 0x6b8d, 0x6b4d, 0x728c, 0xff79, 0xff57, 0x9c0c, 0xf736, 0xf736,
    0xf736, 0xf716, 0xf736, 0xf736, 0xf736, 0xf736, 0xf736, 0xf736, 0xf736, 0xf736, 0xf736, 0xf736,
    0xff56, 0x5a47, 0x2905, 0x2904, 0x3967, 0x2925, 0x520a, 0x2104, 0x18e3, 0x2103, 0x2104, 0x20e4,
    0x20e4, 0x20e4, 0x20e3, 0x20e4, 0x20e3, 0x20e4, 0x522a, 0x2905, 0x5229, 0x2925, 0x28e5, 0x4a0b,
    0x4a8e, 0x4a8c, 0x4a6c, 0x426d, 0x424c, 0x426d, 0x428d, 0x4a8c, 0x426d, 0x428d, 0x4a8d, 0x4a6d,
    0x4a8c, 0x4a8d, 0x528c, 0x6aeb, 0x6acb, 0x62cb, 0x62cc, 0x5acc, 0x5aab, 0x52ab, 0x5acc, 0x52ab,
    0x5acb, 0x528b, 0xa4f2, 0x62ea, 0x944f, 0x4a6a, 0x83ee, 0x736c, 0x5a8a, 0x7bcd, 0x528a, 0x944f,
    0x8c2e, 0xe71a, 0x526a, 0xd677, 0x4a69, 0x840f, 0x7bce, 0x528a, 0xef1a, 0x528a, 0x83ee, 0x9450,
    0xd698, 0x528a, 0x528b, 0x528b, 0xde97, 0x5269, 0x6b4c, 0x8c4f, 0x5269, 0x8c2f, 0x4a4a, 0xad32,
    0x4a49, 0x4227, 0xb573, 0xce37, 0x4a6a, 0x62ea, 0x7bcd, 0x9cb1, 0x734d, 0x5acb, 0x83ee, 0x4a29,
    0xde97, 0x4a4a, 0x4229, 0xb573, 0x4a4a, 0x4a4a, 0xe6d9, 0x4a49, 0xad12, 0x630b, 0x4a4a, 0xdeb8,
    0x6b0a, 0x734b, 0x5269, 0xacd0, 0x6aca, 0x628a, 0x5a67, 0x6aeb, 0x72ea, 0x72ea, 0x7b0b, 0x7b0b,
    0x7b0a, 0x7b0b, 0x72eb, 0x72eb, 0x72eb, 0x62cb, 0x62cc, 0x62cb, 0x730c, 0x7b0b, 0x72eb, 0x72cb,
    0x72eb, 0x72eb, 0x72eb, 0x6acb, 0x62cc, 0x62ac, 0x62cc, 0x62cc, 0x62cc, 0x62ac, 0xf719, 0xff16,
    0xf736, 0xf736, 0xf736, 0xf736, 0xf736, 0xf736, 0xf736, 0xf736, 0xf736, 0xf736, 0xf736, 0xf736,
    0xff36, 0xff37, 0xf718, 0xf737, 0x6229, 0x5a2a, 0x6b6d, 0x8430, 0x94b2, 0xa513, 0xa534, 0xa513,
    0x94b1, 0x8bac, 0xbac6, 0xc284, 0xca63, 0xca83, 0xfe75, 0xffbd, 0xf7be, 0xffff, 0xf7be, 0xef7d,
    0xe6da, 0x38e1, 0x20c2, 0x2924, 0x31a6, 0x5aca, 0x7bce, 0x840f, 0x4207, 0x4228, 0x52cb, 0x9492,
    0x94b2, 0xa534, 0xb596, 0xbdb6, 0xa534, 0x8c50, 0x738d, 0x73cf, 0x83ce, 0x8ae9, 0xe657, 0xef7c,
    0xf7bd, 0xce98, 0xd697, 0xe572, 0xaaa5, 0x89e3, 0x6182, 0x51a4, 0x49e6, 0x4a48, 0x4a49, 0x528a,
    0x39e7, 0x4207, 0x52aa, 0x4a69, 0x5aeb, 0x7bef, 0x6aac, 0xacb1, 0xff57, 0xff38, 0xf716, 0xff56,
    0xf736, 0xf736, 0xf736, 0xf736, 0xf716, 0xf716, 0xf736, 0xf736, 0xf736, 0xf736, 0xf736, 0xf736,
    0xff57, 0x6288, 0x20c4, 0x20e4, 0x3987, 0x28e4, 0x520a, 0x20c3, 0x18e3, 0x20e3, 0x20e3, 0x20e4,
    0x20e4, 0x20e4, 0x20e4, 0x20e3, 0x20e4, 0x4167, 0x520a, 0x522a, 0x2905, 0x524a, 0x2905, 0x520b,
    0x4a8e, 0x4a8c, 0x4a8d, 0x428d, 0x426d, 0x4a6d, 0x426d, 0x4a8c, 0x426d, 0x428d, 0x4a8c, 0x4a8d,
    0x528d, 0x4a6c, 0x4a8c, 0x5aab, 0x62eb, 0x62eb, 0x62eb, 0x5acb, 0x5acb, 0x5acb, 0x5acb, 0x5acb,
    0x5acb, 0x52ab, 0x52ab, 0x5269, 0x4a6a, 0x528b, 0x528a, 0x528a, 0x528b, 0x528a, 0x528a, 0x4a6a,
    0x4a69, 0x528a, 0x4a8a, 0x528a, 0x528a, 0x52ab, 0x528a, 0x528b, 0x52ab, 0x528b, 0x528a, 0x4a6a,
    0x528a, 0x528b, 0x528b, 0x528b, 0x4a6a, 0x528a, 0x52ab, 0x528a, 0x528b, 0x528a, 0x4a6b, 0x526b,
    0x528b, 0x4a6b, 0x4a8a, 0x528b, 0x4a6b, 0x4a6a, 0x4a6a, 0x4a6a, 0x4a6a, 0x4a6a, 0x4a6a, 0x4a6a,
    0x4a4a, 0x4a4a, 0x4a4a, 0x4a6a, 0x4a4a, 0x4a6a, 0x526a, 0x4a4a, 0x4a4a, 0x4a4a, 0x4a4a, 0x4a4a,
    0x4a49, 0x4a49, 0x526a, 0x528a, 0x5a6a, 0x5a8a, 0x6aaa, 0x72eb, 0x72eb, 0x730b, 0x730b, 0x7b0b,
    0x730b, 0x6acb, 0x6acb, 0x72ec, 0x6acb, 0x5aac, 0x62cc, 0x5aab, 0x62cc, 0x6acb, 0x72ec, 0x6aeb,
    0x6acb, 0x62cb, 0x62cc, 0x62cc, 0x5acb, 0x5aac, 0x5acc, 0x5acc, 0x62ed, 0x628c, 0xf739, 0xff36,
    0xf736, 0xf736, 0xf736, 0xf736, 0xf736, 0xf736, 0xf736, 0xf736, 0xf736, 0xf736, 0xf736, 0xf736,
    0xff36, 0xff37, 0xff37, 0xff38, 0x6a6b, 0x41a8, 0x5269, 0x738d, 0x8c50, 0x9cd2, 0xa554, 0xad54,
    0xa554, 0xa4f2, 0xb3cc, 0xd2a4, 0xea61, 0xf240, 0xd282, 0xff18, 0xffff, 0xffff, 0xef5d, 0xffff,
    0xff7c, 0xb2e6, 0x48e1, 0x3144, 0x3185, 0x4a49, 0x73ae, 0x8430, 0x7bee, 0x632c, 0x8c71, 0x9cf3,
    0xa514, 0xa514, 0xad54, 0xad75, 0xa513, 0x8430, 0x7bef, 0x7bce, 0xbb28, 0xc2e5, 0xff3b, 0xdf1b,
    0xef7c, 0xe73b, 0xd615, 0xc327, 0xd282, 0xca62, 0xd283, 0xc2c4, 0x8b09, 0x842f, 0x4207, 0x18e3,
    0x2965, 0x4a49, 0x5aeb, 0x738d, 0x7c0f, 0x8450, 0x7b4e, 0x6249, 0xf716, 0xf717, 0xf716, 0xff36,
    0xf736, 0xf736, 0xf736, 0xf736, 0xf736, 0xf736, 0xf716, 0xf736, 0xf736, 0xf736, 0xf736, 0xf736,
    0xff56, 0x5a48, 0x28c4, 0x5a6a, 0x20c4, 0x49c8, 0x5a2a, 0x4187, 0x20e4, 0x20e3, 0x2103, 0x20e4,
    0x20e4, 0x20e4, 0x20e3, 0x18e3, 0x2104, 0x524a, 0x524a, 0x2904, 0x3146, 0x3106, 0x3106, 0x4a0a,
    0x4aae, 0x4a8d, 0x4a8d, 0x428e, 0x4a8e, 0x52ae, 0x428d, 0x426c, 0x426c, 0x426d, 0x426c, 0x4a8d,
    0x4a8c, 0x52ad, 0x4a8d, 0x528b, 0x62cb, 0x62cb, 0x62cb, 0x5acb, 0x5acb, 0x5aab, 0x5acb, 0x5acb,
    0x52ab, 0x5aab, 0x52ab, 0x52ab, 0x52ab, 0x528b, 0x52ab, 0x528b, 0x52ab, 0x528b, 0x52ab, 0x528b,
    0x528b, 0x52ab, 0x52ab, 0x52ab, 0x52ab, 0x52ab, 0x528b, 0x528b, 0x52ab, 0x52ab, 0x52ab, 0x52ac,
    0x52ac, 0x5acc, 0x52ac, 0x52ab, 0x52ab, 0x5aac, 0x528b, 0x52ab, 0x52ac, 0x52ab, 0x528b, 0x52ac,
    0x6b4f, 0x528b, 0x52ab, 0x5aac, 0x528b, 0x528b, 0x528b, 0x528b, 0x4a8b, 0x528b, 0x4a6b, 0x4a6b,
    0x4a6b, 0x4a6b, 0x4a6b, 0x528b, 0x4a6b, 0x4a6b, 0x4a6b, 0x4a6b, 0x4a6b, 0x4a6b, 0x4a6b, 0x4a4a,
    0x4a6b, 0x526b, 0x528b, 0x52ab, 0x5a8b, 0x5aab, 0x62cb, 0x730c, 0x72eb, 0x6aeb, 0x6aeb, 0x6acb,
    0x62cb, 0x62cb, 0x62cb, 0x62cc, 0x62cc, 0x5aab, 0x5aac, 0x5aab, 0x62cc, 0x62cc, 0x62cc, 0x5aab,
    0x62ab, 0x62ab, 0x62cc, 0x5acb, 0x5aac, 0x5acc, 0x5acc, 0x5acc, 0x5aac, 0x62ac, 0xff3a, 0xff36,
    0xf736, 0xf736, 0xf736, 0xff36, 0xf736, 0xf736, 0xf736, 0xf736, 0xf736, 0xf736, 0xf736, 0xf736,
    0xff36, 0xcdb2, 0xf717, 0xff5a, 0x6a6c, 0xef5c, 0x4a48, 0x5acb, 0x840f, 0x9492, 0x9cd2, 0xa534,
    0xa554, 0xad75, 0xa534, 0xacb1, 0xbb8a, 0xdaa3, 0xf261, 0xdac4, 0xff39, 0xffff, 0xe73c, 0xdf3b,
    0xdefa, 0xf5f2, 0xca83, 0x8a03, 0x49a4, 0x39e6, 0x630b, 0x738e, 0x528a, 0x5aeb, 0x6b4d, 0x7bef,
    0x8430, 0x9492, 0x8c71, 0xa534, 0x9cf3, 0x840f, 0x8b6c, 0xc2e6, 0xeaa1, 0xd42c, 0xef7c, 0xdf3b,
    0xce99, 0xb574, 0xabab, 0x99a1, 0x9960, 0xa180, 0x9980, 0x7a04, 0x8bee, 0x6b4c, 0x73ae, 0x8410,
    0x8430, 0x8430, 0x8c50, 0x8430, 0x8c51, 0x8c50, 0x8c11, 0x728c, 0xff58, 0xff57, 0xff58, 0xff36,
    0xf736, 0xf736, 0xf736, 0xf736, 0xff36, 0xf736, 0xf716, 0xf716, 0xf736, 0xf736, 0xf736, 0xf736,
    0xff56, 0x5227, 0x4147, 0x28e5, 0x3967, 0x2104, 0x4a09, 0x4a09, 0x20e3, 0x2103, 0x2103, 0x20e4,
    0x20e4, 0x20e4, 0x20e4, 0x20e4, 0x2103, 0x2104, 0x2124, 0x2904, 0x41c8, 0x3987, 0x4147, 0x3168,
    0x4ace, 0x4aae, 0x52ad, 0x4aae, 0x428d, 0x52ce, 0x428d, 0x4a6d, 0x4a6b, 0x426b, 0x4a4b, 0x4a8c,
    0x528b, 0x528b, 0x52ac, 0x5aab, 0x62aa, 0x62ca, 0x62cb, 0x5aa9, 0x5aa9, 0x5aaa, 0x5acb, 0x5aaa,
    0x5aca, 0x5aaa, 0x528a, 0x5289, 0x5aab, 0x52ab, 0x5aaa, 0x5aab, 0x5aaa, 0x5269, 0x528a, 0x528b,
    0x528a, 0x5aaa, 0x5aaa, 0x52ab, 0x52aa, 0x5aaa, 0x52ab, 0x528b, 0x52ac, 0x528c, 0x52ac, 0x5aac,
    0x52ac, 0x5acc, 0x5acc, 0x52ab, 0x52ab, 0x52ac, 0x52ab, 0x52ac, 0x52ac, 0x528b, 0x52ab, 0x528a,
    0x52ac, 0x62ee, 0x7b90, 0x5aac, 0x528b, 0x526b, 0x528a, 0x5aaa, 0x528a, 0x528b, 0x528a, 0x5249,
    0x526a, 0x4a6b, 0x526a, 0x528a, 0x528a, 0x4a8b, 0x4a69, 0x4a49, 0x4a49, 0x4a6a, 0x4a69, 0x4a49,
    0x526a, 0x528b, 0x528c, 0x528b, 0x528b, 0x5a8b, 0x5aab, 0x5aab, 0x62ab, 0x62cb, 0x62cc, 0x62ac,
    0x62cc, 0x5acb, 0x5aab, 0x5aac, 0x5aab, 0x5a8b, 0x5aab, 0x5aac, 0x5aab, 0x528b, 0x5aac, 0x5aab,
    0x52ab, 0x5acc, 0x5acc, 0x5acc, 0x5acc, 0x62cd, 0x5acc, 0x5acc, 0x5acc, 0x62ac, 0xff3a, 0xf736,
    0xf736, 0xf736, 0xff36, 0xf736, 0xf736, 0xf736, 0xf736, 0xf736, 0xf736, 0xf736, 0xf736, 0xf736,
    0xf716, 0x8b8a, 0xff36, 0xbd33, 0x61ea, 0xeefa, 0xf7bd, 0x4228, 0x5acb, 0x7bef, 0x94b2, 0x9cd2,
    0xa514, 0xa534, 0xad55, 0xa534, 0xa4f3, 0xac2e, 0xd2c5, 0xea82, 0xcac4, 0xf75b, 0xdefa, 0xf7de,
    0xef7c, 0xf6d8, 0xd367, 0xda62, 0x8a24, 0x39c6, 0x5acb, 0x6b6d, 0x4208, 0x2965, 0x528a, 0x7bcf,
    0x9cf3, 0x8c71, 0x9cd3, 0xa513, 0x94b2, 0x8b6c, 0xcaa4, 0xfa81, 0xeaa2, 0xfed8, 0xffde, 0xf7be,
    0xef5c, 0xf697, 0xca83, 0xea41, 0xe261, 0xda61, 0xc263, 0x93ac, 0x7bce, 0x8c71, 0x9cd2, 0x9cd3,
    0x9cf3, 0x9cd2, 0x94b2, 0x9492, 0x8c71, 0x8c50, 0x8bce, 0x72ac, 0xff59, 0xff57, 0xde14, 0xf736,
    0xf736, 0xf736, 0xf736, 0xf736, 0xff36, 0xf736, 0xf736, 0xf736, 0xf736, 0xf736, 0xf736, 0xf736,
    0xff56, 0x51e7, 0x4168, 0x2905, 0x5209, 0x2104, 0x2103, 0x20e3, 0x2103, 0x2103, 0x20e4, 0x20e4,
    0x20e4, 0x20e4, 0x20e4, 0x20e4, 0x2104, 0x2103, 0x2103, 0x2924, 0x524a, 0x49e9, 0x51ca, 0x2947,
    0x4acf, 0x4a8d, 0x5aee, 0x42ae, 0x4ace, 0x52ee, 0x4a8d, 0x4a8c, 0xd679, 0x4208, 0x5acb, 0x4a6a,
    0x738c, 0x5269, 0x4a6a, 0x5269, 0x5226, 0x8c0d, 0x62ca, 0x5267, 0xe6b7, 0x4a26, 0x5aaa, 0xa4d0,
    0x4a27, 0xad53, 0x5aaa, 0xce15, 0x5a88, 0x5aaa, 0xeef8, 0x528a, 0x5289, 0x4a06, 0xce36, 0x528a,
    0x5268, 0x5288, 0x840e, 0x52ab, 0x5288, 0x4a47, 0xbdb4, 0x52ab, 0x5acc, 0x5acc, 0x5aaa, 0x5acc,
    0x5acc, 0x5acb, 0x5acb, 0x5acc, 0x5acb, 0x5acc, 0x52ac, 0x52ab, 0x52ac, 0x4a69, 0x9450, 0x4a28,
    0x62ea, 0x5acc, 0x9470, 0x5a8a, 0xd658, 0x5acb, 0x4207, 0x7bac, 0x9cd1, 0x528b, 0xbdb5, 0x5269,
    0xe6f9, 0x526a, 0x4a48, 0x5247, 0xe6f9, 0x4a4a, 0xb532, 0x41e7, 0xbdb6, 0x4a4a, 0xe6f9, 0x4a07,
    0x8c0e, 0x528b, 0x52ab, 0x52ab, 0x4a49, 0x528b, 0x5aaa, 0x5aaa, 0x5aab, 0x62cc, 0x5acc, 0x5acc,
    0x5acc, 0x5aaa, 0x5acb, 0x5acc, 0x5a8a, 0x5a8a, 0x5acc, 0x5aab, 0x4a48, 0x52ab, 0x5aaa, 0xdeb9,
    0x5acb, 0x5aac, 0x5acc, 0x5acc, 0x5acc, 0x62cc, 0x52ac, 0x5acc, 0x5aac, 0x62ac, 0xff39, 0xff36,
    0xf736, 0xf736, 0xff36, 0xf736, 0xf736, 0xf736, 0xf736, 0xf736, 0xf736, 0xf736, 0xf736, 0xf736,
    0xf736, 0xc592, 0xff57, 0x6a69, 0x89e7, 0xd3ea, 0xff7b, 0xf7be, 0x4228, 0x5aca, 0x8430, 0x9491,
    0x94b2, 0x9cf3, 0xa4f4, 0xa534, 0xa555, 0x9d13, 0xa44f, 0xbb28, 0xd2a4, 0xdcad, 0xe6d9, 0xf7be,
    0xf7be, 0xdeb8, 0xdd30, 0xda82, 0xba22, 0x49e6, 0x4a69, 0x738e, 0x632c, 0x5aeb, 0x5acb, 0x630c,
    0x8430, 0xa534, 0xa513, 0x94b1, 0x8c0e, 0xc306, 0xf260, 0xfa60, 0xe2c3, 0xff9c, 0xf7be, 0xe75c,
    0xf75b, 0xdc2b, 0xda41, 0xda62, 0xc263, 0xa2e6, 0x938b, 0x8c50, 0x9cd2, 0xa513, 0xa534, 0xa534,
    0xa514, 0xa513, 0x9cd3, 0x9492, 0x8c30, 0x836c, 0xa2a6, 0x7a4a, 0xe677, 0xff77, 0x9c0c, 0xf716,
    0xf736, 0xf736, 0xf736, 0xf736, 0xf736, 0xf736, 0xf736, 0xf736, 0xf736, 0xf736, 0xf716, 0xf736,
    0xff56, 0x41c5, 0x51ea, 0x49a8, 0x3987, 0x2104, 0x2104, 0x20e4, 0x18e4, 0x20e3, 0x20e4, 0x2104,
    0x2104, 0x2103, 0x18e3, 0x2104, 0x5a0a, 0x51ea, 0x5a6a, 0x2124, 0x2104, 0x51ea, 0x51ea, 0x2947,
    0x4ace, 0x4aae, 0x5aee, 0x4aaf, 0x4aae, 0x52cd, 0x4aad, 0x4a8d, 0x5aca, 0xce57, 0x4a6a, 0x4a4a,
    0xb573, 0xad54, 0x4a8b, 0x5289, 0x4a26, 0xbd93, 0x62eb, 0x62eb, 0xde97, 0x5aca, 0x5acb, 0xacf1,
    0xa4b0, 0x5268, 0x5aab, 0xcdf5, 0xde98, 0x4a48, 0xde76, 0x5289, 0x5269, 0x9cb0, 0x83ec, 0x52aa,
    0x5289, 0x83ed, 0x62ea, 0x5aab, 0x5aa9, 0x5267, 0x630a, 0x52ab, 0x5acc, 0x52ab, 0xc5d4, 0x5aab,
    0x62eb, 0x944d, 0x5aca, 0x52ab, 0x5aec, 0x5acb, 0x5aab, 0x52ab, 0x52ab, 0x840d, 0x5289, 0x528b,
    0xe6d9, 0x52aa, 0x944f, 0x52ac, 0x528c, 0x5aed, 0x528b, 0x840d, 0x528b, 0x528a, 0x83ed, 0x528b,
    0x5ac9, 0x4a49, 0x4a48, 0xbdb4, 0x5267, 0x4a6a, 0xacf1, 0xa4f2, 0x41e7, 0x4a4a, 0xf75a, 0x4a47,
    0x4a48, 0x52ac, 0x52ab, 0x528a, 0xe6f9, 0x526a, 0x5249, 0x7b8c, 0x528a, 0x5aab, 0x5aac, 0x5acc,
    0x5acb, 0x5aa9, 0xd677, 0x5289, 0x5268, 0x6b0a, 0x5a8a, 0x6b2c, 0x4a26, 0x528a, 0xe6d8, 0xce16,
    0x5aaa, 0x5acc, 0x5acd, 0x5acc, 0x5acc, 0x5acc, 0x5acc, 0x5aac, 0x5acc, 0x6acc, 0xf719, 0xf736,
    0xf736, 0xf736, 0xf736, 0xf736, 0xf736, 0xf736, 0xf736, 0xf736, 0xf736, 0xf736, 0xf736, 0xff36,
    0xf716, 0xf6f7, 0xff57, 0x6229, 0xba86, 0xfa60, 0xe282, 0xf550, 0xf6f9, 0x5289, 0x5aca, 0x7bef,
    0x8c91, 0x9cd2, 0x9cd3, 0x9cf3, 0xa534, 0xad75, 0xa534, 0x9491, 0x8bad, 0x8ae8, 0xbd12, 0xf77d,
    0xf79d, 0xded9, 0xce15, 0xdc6c, 0xda62, 0x8245, 0x4207, 0x4a69, 0x52ca, 0x738e, 0x8410, 0x9cf3,
    0xad75, 0xad54, 0x9cf3, 0x8430, 0xcdb5, 0xd2e5, 0xe282, 0xda83, 0xbb8b, 0xc618, 0xdf1c, 0xb617,
    0xad13, 0x9b2a, 0x932a, 0x836c, 0x83ce, 0x8c30, 0x9491, 0xa513, 0xa534, 0xa554, 0xad54, 0xa534,
    0xa533, 0x9cf3, 0x9491, 0x8bce, 0x92a7, 0xc283, 0xc263, 0x8249, 0x9bee, 0xff57, 0x9bec, 0xf716,
    0xf736, 0xf736, 0xf736, 0xf736, 0xf736, 0xf736, 0xf736, 0xf736, 0xf736, 0xf736, 0xf736, 0xf736,
    0xff56, 0x49e6, 0x51ea, 0x51ea, 0x20e4, 0x2104, 0x520a, 0x51ea, 0x520a, 0x2104, 0x20e3, 0x18e3,
    0x2103, 0x2103, 0x18e3, 0x20e4, 0x5a0b, 0x49a8, 0x522a, 0x2104, 0x3125, 0x51ea, 0x520a, 0x41c9,
    0x4ace, 0x4ace, 0x52cd, 0x4ace, 0x42ae, 0x52ce, 0x52ad, 0x52ad, 0x632d, 0x528a, 0xce37, 0x4a6a,
    0x83ee, 0x4a6a, 0x4a6a, 0x5289, 0x5247, 0x62cb, 0x62eb, 0x62eb, 0xde96, 0x5aca, 0x5acb, 0xad11,
    0x62ca, 0x5a8a, 0x5acb, 0xce16, 0x6b2a, 0xb593, 0xce35, 0x52aa, 0x5289, 0x5268, 0x5247, 0x5268,
    0x5aa9, 0x5ac9, 0x5aaa, 0x5aab, 0x5ac9, 0x5247, 0x5247, 0x5acc, 0x5acc, 0x5acb, 0xbdd4, 0x5aab,
    0xce36, 0x6b09, 0x5ac9, 0x5acc, 0x5aec, 0x738d, 0x736d, 0x528b, 0x52ab, 0x5aa9, 0x5248, 0x528a,
    0xce36, 0x52aa, 0xd697, 0x52ab, 0x52ab, 0x5acc, 0x5aac, 0x8c0e, 0x5acc, 0x5aab, 0xc5f5, 0x52ab,
    0x738c, 0x5269, 0x4a48, 0x4a48, 0x5aa9, 0x4a49, 0xacf1, 0x5aaa, 0x4a28, 0x528b, 0xe6f9, 0x5aa8,
    0x5248, 0x5acc, 0x52ac, 0x528b, 0xe6f8, 0x526a, 0x5269, 0x83cd, 0x5aab, 0x528b, 0x5acc, 0x52ab,
    0x52ab, 0x630a, 0x5a89, 0x4a49, 0x4a27, 0x4a27, 0x4a28, 0x5aaa, 0xbdb5, 0x5aaa, 0xce35, 0x5289,
    0x5248, 0x5acc, 0x5acd, 0x5acd, 0x5acc, 0x62ed, 0x5aec, 0x62ec, 0x62cc, 0x6acc, 0xff19, 0xff36,
    0xf736, 0xf736, 0xf736, 0xf736, 0xf736, 0xf736, 0xf736, 0xf736, 0xf736, 0xf736, 0xf736, 0xf736,
    0xf717, 0xff58, 0xff57, 0x6a6a, 0xcaa6, 0xfa60, 0xfa60, 0xea61, 0xc262, 0xfe96, 0x5aa9, 0x5aea,
    0x7bef, 0x9492, 0x9cd3, 0x94b2, 0x94b2, 0x9cf3, 0xad55, 0xa534, 0x8c50, 0x738d, 0x7bce, 0x73ad,
    0xb595, 0xc616, 0xc5f5, 0xf6d7, 0xcac3, 0xa244, 0x5a27, 0x4a48, 0x4a48, 0x630b, 0x7bce, 0x94b2,
    0xad54, 0x9d13, 0x8c50, 0x7bac, 0xad33, 0xac0f, 0xac30, 0x9431, 0x8cb4, 0x9557, 0xb619, 0x94d3,
    0x9491, 0x9cb2, 0x9492, 0x8430, 0x9492, 0x9cf3, 0xa534, 0xad54, 0xad55, 0xad34, 0xa534, 0xa534,
    0x9cb2, 0x9470, 0x8b6b, 0xb307, 0xd2c4, 0xc2a4, 0xb3aa, 0x7aab, 0x72cb, 0xff37, 0xb510, 0xf716,
    0xf736, 0xf736, 0xf736, 0xf736, 0xf736, 0xf736, 0xf736, 0xf736, 0xf736, 0xf736, 0xf736, 0xf736,
    0xff56, 0x49a5, 0x51c9, 0x51ea, 0x3125, 0x2104, 0x4a09, 0x51ea, 0x59ea, 0x20e4, 0x20e3, 0x18e4,
    0x2103, 0x2103, 0x2103, 0x20e3, 0x520a, 0x520a, 0x28e4, 0x20c4, 0x520a, 0x30e5, 0x49c9, 0x3188,
    0x4ace, 0x4aad, 0x630e, 0x4ace, 0x4aae, 0x4aad, 0x52cd, 0x52ac, 0xb574, 0xbdd6, 0x4208, 0x6b4d,
    0xce37, 0xbdd6, 0x5acb, 0xb596, 0xce37, 0x62ec, 0x62eb, 0x62ca, 0xc5d4, 0x6b0b, 0x5aca, 0xce36,
    0xc5f5, 0xde98, 0x5269, 0xce36, 0x5248, 0x4207, 0xd677, 0x52a9, 0x9450, 0xce56, 0xb553, 0x5aaa,
    0xb574, 0xd677, 0xdeb9, 0x528a, 0xce37, 0x5289, 0xdeb8, 0x528a, 0x5acc, 0x528a, 0xce36, 0x6b2c,
    0x5aa9, 0x6ae8, 0x5aa9, 0x52ab, 0x52cb, 0x52ab, 0x528b, 0x52ab, 0x52ab, 0x52ab, 0xad13, 0xc617,
    0x5aca, 0x528a, 0x4a48, 0xce37, 0x8c51, 0x52ac, 0x52ab, 0xded9, 0x5acc, 0x52cc, 0x5289, 0xad13,
    0x52a9, 0x528b, 0xa4f3, 0xce17, 0x7bce, 0x4a6a, 0xce17, 0xce17, 0xd678, 0x528b, 0xce16, 0x4a48,
    0xdeb9, 0x528b, 0x52ac, 0x5aab, 0xd677, 0x4a49, 0xd657, 0xd678, 0x4a49, 0xd657, 0x5acb, 0x52ab,
    0x528a, 0xd657, 0xe6d9, 0x526a, 0xb553, 0xb553, 0x4a6a, 0xd658, 0xce16, 0x5249, 0x62ea, 0xb594,
    0x5acb, 0x5aec, 0x62ed, 0x5aed, 0x5aed, 0x5aec, 0x62cc, 0x6aec, 0x6acc, 0x6acc, 0xff39, 0xff36,
    0xf736, 0xf736, 0xf736, 0xf736, 0xf736, 0xf736, 0xf736, 0xf736, 0xf736, 0xf736, 0xf736, 0xff36,
    0xff17, 0xff58, 0xff57, 0x726b, 0xcaa5, 0xfa40, 0xfa40, 0xfa40, 0xf240, 0xe262, 0xd40b, 0x93cd,
    0x6b2c, 0x840f, 0x9cf3, 0x9cd2, 0x9492, 0x8c71, 0x9cd3, 0xad54, 0x9cd3, 0x738e, 0x8430, 0x94b2,
    0x8c71, 0x5b2c, 0xa5b6, 0x6bad, 0x9b6a, 0xa2a6, 0x4982, 0x41e5, 0x4a69, 0x528a, 0x632c, 0x73ce,
    0x738d, 0x632b, 0x7bee, 0xaccb, 0xad92, 0x7cb4, 0x7cd5, 0x8d57, 0x7cf7, 0x8d58, 0xae1a, 0xc69a,
    0xa534, 0xad55, 0x9cd2, 0x9cd2, 0xa513, 0xa534, 0xad54, 0xad54, 0xa534, 0xa534, 0xa514, 0x9cb2,
    0x9bee, 0x8245, 0x89c2, 0x8160, 0x7161, 0x6a46, 0x62ea, 0x72ec, 0x6269, 0xf757, 0xd5f3, 0xff16,
    0xf736, 0xf736, 0xf736, 0xf736, 0xf736, 0xf736, 0xff36, 0xf736, 0xf736, 0xf736, 0xf736, 0xf736,
    0xff56, 0x49c5, 0x51ea, 0x3126, 0x49c9, 0x20c4, 0x20e4, 0x5a0b, 0x51ea, 0x2103, 0x18e3, 0x18e4,
    0x2103, 0x2103, 0x18e3, 0x2103, 0x2904, 0x520a, 0x51ca, 0x520a, 0x20c4, 0x20e4, 0x51ea, 0x41a8,
    0x62ec, 0x62ec, 0x6b0c, 0x52ac, 0x62ed, 0x5aac, 0x62cc, 0x52cc, 0x528b, 0x4a8c, 0x426b, 0x4a4b,
    0x4a6b, 0x4a6c, 0x4a6c, 0x4a6c, 0x4a8b, 0x5acc, 0x6b0c, 0x6b0b, 0x62cb, 0x62ca, 0x62ca, 0x62cb,
    0x5aaa, 0x62cb, 0x5acb, 0x5acb, 0x528a, 0x528a, 0x52ab, 0x52ab, 0x52ab, 0x5aab, 0x5aab, 0x5acc,
    0x5acc, 0x5acb, 0x52cb, 0x52ab, 0x5aab, 0x5acb, 0x52ab, 0x5acb, 0x5aec, 0x5acb, 0x5acb, 0x5aab,
    0x5aab, 0x5aaa, 0x52aa, 0x5acc, 0x5aec, 0x5aec, 0x5acc, 0x5acc, 0x5acc, 0x52ab, 0x528b, 0x52ab,
    0x528b, 0x528b, 0x4a6a, 0x528b, 0x528b, 0x52ac, 0x52ac, 0x7bd1, 0x62ee, 0x5aee, 0x5acd, 0x630e,
    0x52ac, 0x52ac, 0x528b, 0x526b, 0x526b, 0x528b, 0x528b, 0x52ab, 0x528b, 0x52ac, 0x528b, 0x4a8b,
    0x52ab, 0x52ab, 0x5acc, 0x52ac, 0x528c, 0x528b, 0x526b, 0x526b, 0x528b, 0x62eb, 0x52ab, 0x52ac,
    0x52ab, 0x526b, 0x526b, 0x526b, 0x526b, 0x528b, 0x528b, 0x528b, 0x5aac, 0x526b, 0x526b, 0x528b,
    0x5aac, 0x62ed, 0x5acc, 0x5aed, 0x62ed, 0x62ec, 0x62ec, 0x6aec, 0x6aec, 0x6aac, 0xff39, 0xff36,
    0xf736, 0xf736, 0xf736, 0xf736, 0xf736, 0xf736, 0xf736, 0xf736, 0xf736, 0xf736, 0xf736, 0xf716,
    0xff38, 0xff58, 0xff57, 0x726a, 0xd2a5, 0xfa40, 0xfa40, 0xfa40, 0xfa40, 0xf240, 0xea61, 0xd2a3,
    0xcc6e, 0x736c, 0x8c71, 0x9cf3, 0x94b2, 0x8c71, 0x8c71, 0x94b2, 0x9cf4, 0x738e, 0x8430, 0x9d14,
    0xa554, 0xa5f8, 0xb69b, 0x95b8, 0x84f5, 0x942d, 0xcd8d, 0x49e3, 0x4207, 0x39e7, 0x4228, 0x4a69,
    0x634c, 0x7bef, 0x8c4e, 0xc4e9, 0xb52d, 0x9576, 0x74d5, 0x8557, 0x8d78, 0x4b30, 0xb63b, 0xce9b,
    0xb5b6, 0xb595, 0xa534, 0xa534, 0xa534, 0xa513, 0x9cf3, 0x9cf3, 0x9cf3, 0xa4f3, 0xa470, 0xb328,
    0xca63, 0xe282, 0xda82, 0xc307, 0xee36, 0xe6da, 0xdeda, 0xb515, 0x6229, 0xff37, 0xde54, 0xf716,
    0xf736, 0xf736, 0xf736, 0xf736, 0xf736, 0xf736, 0xf736, 0xf736, 0xf736, 0xf736, 0xf716, 0xf736,
    0xff56, 0x49e6, 0x51c9, 0x20c4, 0x20e4, 0x51e9, 0x51ca, 0x49ea, 0x20e4, 0x20e4, 0x18e3, 0x18e3,
    0x20e3, 0x2104, 0x18e3, 0x18e3, 0x3987, 0x51ea, 0x51ea, 0x49ea, 0x49e9, 0x2905, 0x49a9, 0x41a7,
    0x7b6d, 0x6b2c, 0x6b2c, 0x6b0c, 0x6b0c, 0x6b0c, 0x6aeb, 0x6b0c, 0x62eb, 0x62ec, 0x528c, 0x62cc,
    0x52cd, 0x52ac, 0x528c, 0x52ad, 0x52cd, 0x52cc, 0x6b0c, 0x6b0b, 0x7b4b, 0x7b4b, 0x732a, 0x7b4b,
    0x836b, 0x732b, 0x732b, 0x62eb, 0x5aeb, 0x5aec, 0x62ec, 0x62ec, 0x62ec, 0x630c, 0x62ec, 0x62ec,
    0x62ec, 0x630d, 0x5aec, 0x5aec, 0x5aec, 0x5aec, 0x5aec, 0x62ec, 0x630d, 0x62ec, 0x5aec, 0x630c,
    0x5aec, 0x5aec, 0x5acc, 0x5aec, 0x630d, 0x5b0c, 0x5aec, 0x5aec, 0x5aec, 0x5acc, 0x5aec, 0x5acc,
    0x5aac, 0x5acc, 0x5acc, 0x52cc, 0x5acc, 0x5aec, 0x5b0d, 0x632e, 0x6b70, 0x9495, 0x632f, 0x630e,
    0x6b4f, 0x5aed, 0x5aed, 0x5aed, 0x5acc, 0x5acc, 0x52cc, 0x5aed, 0x5aed, 0x52cc, 0x5acc, 0x52ac,
    0x52ac, 0x5acc, 0x5acd, 0x5aed, 0x5acd, 0x5acd, 0x5aed, 0x5acc, 0x5acc, 0x52ac, 0x5aac, 0x5acc,
    0x5acc, 0x5acc, 0x5acc, 0x5aac, 0x5acc, 0x5acd, 0x5aac, 0x5acd, 0x5acd, 0x5aed, 0x5acd, 0x5acd,
    0x62ed, 0x630d, 0x5aed, 0x630d, 0x62ed, 0x630d, 0x630d, 0x630c, 0x6aec, 0x6aec, 0xff39, 0xff36,
    0xff36, 0xf736, 0xf736, 0xf736, 0xff36, 0xf736, 0xf736, 0xf736, 0xf736, 0xf736, 0xf736, 0xff36,
    0xff38, 0xff58, 0xff57, 0x6a4a, 0xc2c6, 0xea81, 0xfa60, 0xfa60, 0xfa40, 0xfa40, 0xfa60, 0xfa60,
    0xf281, 0xcb06, 0x836b, 0x8430, 0x94b2, 0x94b2, 0x8430, 0x8430, 0x9492, 0x73ae, 0x7bcf, 0xa514,
    0x9d34, 0x9e5b, 0xbefc, 0xaebb, 0x8df9, 0xb615, 0xd5cc, 0x8bc7, 0x5aea, 0x6b8d, 0x7bce, 0x6b6d,
    0x6b6d, 0x8430, 0x8c0b, 0xbca5, 0xa48a, 0xadd8, 0x9556, 0x7cd6, 0x7cd6, 0x7c95, 0xae19, 0xcedb,
    0xc618, 0xbdd7, 0xb575, 0xa514, 0x9cd2, 0x9492, 0x9492, 0x9491, 0x9c2f, 0xab49, 0xd2a3, 0xf260,
    0xf260, 0xda62, 0xdc2b, 0xeeb8, 0xef5b, 0xffff, 0xffff, 0xc597, 0x6229, 0xff57, 0xde34, 0xf716,
    0xf736, 0xf736, 0xf736, 0xf736, 0xf736, 0xf736, 0xf736, 0xf736, 0xf736, 0xf716, 0xf736, 0xf736,
    0xff56, 0x41a5, 0x51ea, 0x3967, 0x41c8, 0x520a, 0x49c9, 0x51ea, 0x41a8, 0x20e3, 0x20e3, 0x18e3,
    0x20e4, 0x2104, 0x18e3, 0x20e4, 0x51ea, 0x3967, 0x20e4, 0x2103, 0x4a09, 0x51e9, 0x4988, 0x5249,
    0x7b6d, 0x734c, 0x734c, 0x732d, 0x732d, 0x6b2d, 0x6b0d, 0x6b0c, 0x6b2c, 0x6b2c, 0x6b0c, 0x62eb,
    0x6b2d, 0x62cc, 0x62cc, 0x52ab, 0x528b, 0x5acc, 0x6b0c, 0x6b0b, 0x836b, 0x8b8b, 0x8349, 0x8b6a,
    0x8b8a, 0x8bab, 0x836b, 0x7b2b, 0x6b0b, 0x6aeb, 0x6b0c, 0x6b0c, 0x6b0c, 0x734c, 0x630c, 0x630c,
    0x62ec, 0x632d, 0x630c, 0x630d, 0x632d, 0x630d, 0x632d, 0x630d, 0x630d, 0x630d, 0x630d, 0x630d,
    0x5aec, 0x5aec, 0x630c, 0x630d, 0x630d, 0x630d, 0x630d, 0x62ec, 0x62ec, 0x630d, 0x5aed, 0x5aed,
    0x5aed, 0x5aec, 0x5aed, 0x5aed, 0x5aed, 0x630d, 0x630d, 0x632e, 0x6b4f, 0x7390, 0x7390, 0x6330,
    0x630f, 0x8c13, 0x630f, 0x632f, 0x630e, 0x5aee, 0x630e, 0x5aee, 0x5b0d, 0x5aed, 0x5aed, 0x5aed,
    0x5b0d, 0x5acd, 0x5aed, 0x5aed, 0x5aed, 0x7bd1, 0x62ed, 0x5aed, 0x5acc, 0x52ac, 0x5acc, 0x5acc,
    0x5acc, 0x5aec, 0x62ed, 0x62ec, 0x62ed, 0x5aed, 0x5acd, 0x62ed, 0x6b50, 0x62ed, 0x62ed, 0x62ed,
    0x630d, 0x630d, 0x630d, 0x62ed, 0x6b0d, 0x6b0d, 0x632d, 0x630d, 0x62ec, 0x6aec, 0xff39, 0xff36,
    0xf736, 0xf736, 0xf736, 0xf736, 0xf736, 0xf736, 0xf736, 0xff36, 0xf736, 0xf736, 0xf736, 0xff36,
    0xff37, 0xff58, 0xff57, 0x6a6b, 0xff1b, 0xed4f, 0xca62, 0xea61, 0xea40, 0xf240, 0xfa60, 0xfa80,
    0xfa80, 0xf281, 0xc2c4, 0x8b2a, 0x83ee, 0x94b2, 0x9472, 0x8410, 0x8c30, 0x7bcf, 0x6b8d, 0x8450,
    0x84d4, 0x8dd9, 0xc6fc, 0xae9b, 0xae9b, 0xc678, 0xacc9, 0xb4e9, 0x736b, 0x840f, 0x8450, 0x630b,
    0x7bef, 0x94b1, 0x9c8c, 0xcd48, 0x8bc9, 0xadf8, 0xa5b7, 0x8d36, 0x6c33, 0xadf9, 0xc6bb, 0xcedb,
    0xdefb, 0xbdf7, 0xad75, 0x9cf3, 0x94d2, 0x9492, 0x9450, 0xa349, 0xcaa4, 0xea61, 0xf280, 0xfa80,
    0xdac3, 0xc40b, 0xf71a, 0xef7c, 0xffde, 0xf7de, 0xe73c, 0xa4b3, 0x6249, 0xff57, 0xd614, 0xf716,
    0xf736, 0xf736, 0xf736, 0xf736, 0xf736, 0xf736, 0xf736, 0xf736, 0xf716, 0xf716, 0xf716, 0xf736,
    0xff56, 0x41a4, 0x520a, 0x51ea, 0x49e9, 0x2104, 0x28e4, 0x51e9, 0x520a, 0x20e4, 0x20e3, 0x20e4,
    0x2104, 0x20e3, 0x18e3, 0x2104, 0x51ea, 0x520a, 0x4187, 0x2103, 0x20c4, 0x51ca, 0x51ea, 0x41c7,
    0x838d, 0x7b6c, 0x7b6d, 0x7b4d, 0x732d, 0x732c, 0x732c, 0x732c, 0x6b2c, 0x6b2c, 0x6b2c, 0x6b4d,
    0x734d, 0x734d, 0x6b0c, 0x6aeb, 0x62cc, 0x630d, 0x6b0b, 0x730b, 0x730a, 0x8b8b, 0x8b8a, 0x8b8a,
    0x93ab, 0x8bab, 0x8bab, 0x93ac, 0x8b8b, 0x836b, 0x734c, 0x732c, 0x732c, 0x732c, 0x6b2d, 0x632d,
    0x632d, 0x632d, 0x632d, 0x6b4d, 0x632d, 0x632d, 0x6b2d, 0x6b2d, 0x632d, 0x632d, 0x632d, 0x630d,
    0x630d, 0x632d, 0x630d, 0x632d, 0x632d, 0x632d, 0x630d, 0x630d, 0x632d, 0x630d, 0x630d, 0x630d,
    0x630d, 0x5aed, 0x5b0d, 0x630d, 0x632e, 0x630d, 0x632e, 0x634e, 0x73b1, 0x632f, 0x6b50, 0x7bb2,
    0xd69c, 0x7b91, 0x7391, 0x7350, 0x7391, 0x6b30, 0x6b30, 0x6b50, 0x632f, 0x630e, 0x5aed, 0x630e,
    0x630e, 0x5b0e, 0x630e, 0x5aed, 0x630e, 0x6b4f, 0x630e, 0x5aed, 0x5aed, 0x5aed, 0x62ed, 0x630d,
    0x62ed, 0x5aed, 0x630d, 0x630d, 0x62ed, 0x62ed, 0x630d, 0x6b2e, 0x630f, 0x630e, 0x630d, 0x630d,
    0x630d, 0x630d, 0x62ed, 0x6b2e, 0x6b2d, 0x632d, 0x630d, 0x630d, 0x630d, 0x62cc, 0xff39, 0xff36,
    0xf736, 0xff36, 0xf736, 0xff36, 0xff36, 0xf736, 0xf736, 0xf736, 0xf736, 0xf736, 0xf736, 0xf736,
    0xff17, 0xff58, 0xff57, 0x6a8b, 0xf75d, 0xef5c, 0xff9c, 0xfe34, 0xcb05, 0xeac3, 0xf2a1, 0xfa80,
    0xfa60, 0xfa80, 0xf260, 0xd2a4, 0x92c8, 0x83ad, 0x8c71, 0x8430, 0x8c50, 0x8c51, 0x632c, 0x52ab,
    0x7d16, 0xb6dc, 0xd6fc, 0xcefc, 0xb6db, 0xc6ba, 0xce10, 0xb4e8, 0xbdf2, 0x8491, 0x8c91, 0x6b6d,
    0x94b2, 0x94d2, 0xaccc, 0xb4a5, 0x6b68, 0xa5f8, 0xae59, 0xb65a, 0xcefc, 0xd6fc, 0xdf1c, 0xdefc,
    0xe73c, 0xbdf7, 0xb5b6, 0xa534, 0x9cd2, 0xa42e, 0xb2e6, 0xe281, 0xf281, 0xf240, 0xea60, 0xdb46,
    0xff18, 0xad33, 0xfffe, 0xffff, 0xffde, 0xf79d, 0xffde, 0x8bd0, 0x6a8a, 0xff37, 0xcdb2, 0xf716,
    0xff36, 0xf736, 0xf736, 0xf736, 0xf736, 0xf736, 0xff36, 0xf736, 0xf736, 0xf736, 0xf736, 0xf736,
    0xff56, 0x41a4, 0x51ca, 0x51ca, 0x20e4, 0x20e4, 0x628c, 0x5a0a, 0x5a0a, 0x20e4, 0x2103, 0x20e4,
    0x20e4, 0x20e3, 0x20e4, 0x18e3, 0x3125, 0x522a, 0x20c4, 0x20e4, 0x20e3, 0x51ea, 0x51ea, 0x3986,
    0x7b6c, 0x7b4b, 0x7b4c, 0x734c, 0x734c, 0x734d, 0x732c, 0x6b2c, 0x6b2c, 0x6b2c, 0x6b2c, 0x734c,
    0x732c, 0x732c, 0x6b2c, 0x732d, 0x6b2c, 0x6b0c, 0x6b0b, 0x8bad, 0x7b2b, 0x9bcb, 0x93cb, 0x93aa,
    0x93ab, 0x93cb, 0x93ab, 0x93ab, 0x93ab, 0x93ab, 0x8b8c, 0x836c, 0x732c, 0x632c, 0x6b4d, 0x632d,
    0x632d, 0x6b4e, 0x6b2e, 0x6b4e, 0x632d, 0x630d, 0x6b4d, 0x6b2d, 0x6b2d, 0x6b4e, 0x6b2d, 0x630d,
    0x630d, 0x630d, 0x632d, 0x630d, 0x632d, 0x630d, 0x632e, 0x632d, 0x632e, 0x5b0d, 0x630d, 0x5aed,
    0x630d, 0x630d, 0x632e, 0x632e, 0x632e, 0x632e, 0x632f, 0x632f, 0x630f, 0x634f, 0x6b4f, 0x632f,
    0x6b70, 0x6b50, 0x7391, 0x7391, 0x7392, 0x83f3, 0x8c14, 0x7351, 0x6b30, 0x630f, 0x630f, 0x632f,
    0x632f, 0x632f, 0x6b2f, 0x632f, 0x630e, 0x630f, 0x630e, 0x630d, 0x630d, 0x5b0d, 0x630e, 0x62ed,
    0x630d, 0x630d, 0x630d, 0x630d, 0x62ed, 0x630d, 0x62ed, 0x6b4f, 0x7bd1, 0x632e, 0x632e, 0x62ed,
    0x630d, 0x630d, 0x62ed, 0x630e, 0x632e, 0x6b2e, 0x632e, 0x632d, 0x632e, 0x6aed, 0xff39, 0xff36,
    0xf736, 0xf736, 0xf736, 0xf736, 0xf736, 0xff36, 0xff36, 0xff36, 0xf736, 0xf736, 0xf736, 0xf736,
    0xf736, 0xff18, 0xff57, 0x6a6b, 0xce19, 0xe73b, 0xf7be, 0xffde, 0xffbd, 0xff18, 0xd347, 0xe282,
    0xea40, 0xf220, 0xf240, 0xf240, 0xe283, 0xa2a6, 0x83ad, 0x840f, 0x9491, 0x9491, 0x630b, 0x29e8,
    0x74d5, 0xc6dc, 0xd71c, 0xcefc, 0xbedc, 0xc6ba, 0xd694, 0xc569, 0xbdad, 0xa658, 0xa659, 0xae79,
    0xb69a, 0xbe98, 0xce0e, 0xc527, 0xb5d4, 0xa5f8, 0xcefc, 0xcefc, 0xd6db, 0xd6db, 0xdefb, 0xdf1c,
    0xce58, 0xb5d6, 0xb5b6, 0xacf3, 0xa40d, 0xa223, 0xb1e0, 0xb1c0, 0xb9c0, 0xb1c0, 0xb284, 0xcd52,
    0xdeb9, 0xad54, 0xf79d, 0xdefb, 0xef7d, 0xdefa, 0xe6fa, 0x6aac, 0x7b2b, 0xff77, 0xa48d, 0xf716,
    0xf736, 0xf736, 0xf736, 0xf736, 0xf736, 0xf736, 0xf736, 0xf736, 0xf716, 0xff36, 0xf736, 0xf736,
    0xff56, 0x3964, 0x51ea, 0x51e9, 0x20e4, 0x20e3, 0x2104, 0x49e9, 0x3125, 0x20e3, 0x2103, 0x20e4,
    0x20e4, 0x20e3, 0x20e3, 0x20e4, 0x2103, 0x2103, 0x2104, 0x20e3, 0x41a8, 0x49e9, 0x51ea, 0x3166,
    0x4208, 0x4208, 0x5249, 0x5249, 0x5269, 0x5248, 0x5a89, 0x5aa9, 0x6b0b, 0x6b4c, 0x6b2c, 0x6b2c,
    0x6b0c, 0x6b0b, 0x6b2c, 0x6b2c, 0x734d, 0x734d, 0x734c, 0x7b6d, 0x7b4b, 0x9beb, 0x9beb, 0x9c0c,
    0x93ec, 0x93ec, 0x93cc, 0x9bec, 0x93cb, 0x93ab, 0x93cb, 0x93cc, 0x7b6d, 0x6b6e, 0x6b4e, 0x6b2e,
    0x6b4e, 0x6b4e, 0x6b4e, 0x6b4e, 0x6b4d, 0x6b6e, 0x6b4e, 0x6b6e, 0x6b4e, 0x6b4e, 0x6b4d, 0x6b2e,
    0x6b6e, 0x6b4e, 0x6b4d, 0x632d, 0x632d, 0x6b4e, 0x632d, 0x632d, 0x632e, 0x632d, 0x630e, 0x632e,
    0x630e, 0x632e, 0x632e, 0x6b4f, 0x8412, 0x6b4f, 0x634f, 0x632e, 0x632e, 0x632f, 0x634f, 0x636f,
    0x6b4f, 0x6b90, 0x6b70, 0x7390, 0x8413, 0x8413, 0x7392, 0x7372, 0x9475, 0x8413, 0x9cf6, 0x7bd1,
    0x632f, 0x6b4f, 0x8412, 0x8412, 0x632e, 0x7390, 0x8c33, 0x632f, 0x632e, 0x632e, 0x632d, 0x632d,
    0x632d, 0x630d, 0x630d, 0x5b0d, 0x5b0d, 0x630d, 0x630e, 0x632e, 0x6b4e, 0x8c54, 0x632f, 0x6b2e,
    0x6b6f, 0x7390, 0x632f, 0x632e, 0x632e, 0x632e, 0x630d, 0x6b2e, 0x630e, 0x6aed, 0xf739, 0xff36,
    0xf736, 0xf736, 0xf736, 0xf736, 0xff36, 0xf736, 0xf736, 0xff36, 0xf736, 0xf736, 0xf736, 0xf736,
    0xf716, 0xd5d3, 0xff78, 0x6a6a, 0x8bf1, 0xe71b, 0xf7be, 0xffff, 0xffdf, 0xffde, 0xffbd, 0xff5b,
    0xf591, 0xcaa4, 0xea81, 0xf240, 0xf240, 0xea81, 0x9285, 0x736d, 0x8c51, 0x8430, 0x52aa, 0x5baf,
    0xb69b, 0xcedc, 0xcefc, 0xc6bb, 0xae59, 0xb65a, 0xc677, 0xe68f, 0xcdcc, 0xb657, 0xb69b, 0xae5a,
    0xa63a, 0xb658, 0xde6f, 0xd5eb, 0xced9, 0xcefb, 0xd6fb, 0xd6fb, 0xd6fc, 0xd6db, 0xdefc, 0xd6ba,
    0xce59, 0xb595, 0xb4f2, 0xbb06, 0xca82, 0xd261, 0xca61, 0xc242, 0xaa84, 0xcd10, 0xbd94, 0xb554,
    0xbdf6, 0xb595, 0x9d13, 0xad95, 0xb574, 0xb4d0, 0x92e8, 0x722a, 0xbd33, 0xff57, 0x93eb, 0xf736,
    0xf736, 0xf736, 0xf736, 0xf736, 0xf736, 0xf736, 0xf736, 0xf736, 0xf736, 0xf736, 0xf736, 0xf736,
    0xff56, 0x51e6, 0x49a9, 0x3125, 0x3146, 0x20c4, 0x20e4, 0x18e3, 0x18e3, 0x2103, 0x2103, 0x20e4,
    0x20e4, 0x20e4, 0x20e4, 0x20e3, 0x2104, 0x2925, 0x2904, 0x20e4, 0x28e4, 0x28c4, 0x3927, 0x41c9,
    0x426b, 0x426c, 0x426b, 0x424c, 0x424b, 0x424b, 0x422a, 0x4a6a, 0x4a4a, 0x4228, 0x4a28, 0x5249,
    0x5a68, 0x5a89, 0x6b0b, 0x734c, 0x6b2c, 0x6b2c, 0x734d, 0x7b6d, 0x7b4b, 0xa40c, 0x9beb, 0x9c2c,
    0x9c0d, 0x9c0c, 0x9c0c, 0x9bec, 0x9c0c, 0x93ec, 0x93cb, 0x93ac, 0x7b6c, 0x6b4d, 0x6b4d, 0x6b4e,
    0x6b2d, 0x734d, 0x6b4d, 0x736e, 0x736e, 0x6b4e, 0x6b4d, 0x6b6e, 0x6b6e, 0x6b6e, 0x6b4e, 0x6b4e,
    0x6b4e, 0x6b4d, 0x6b4e, 0x6b4e, 0x632d, 0x6b4e, 0x6b4e, 0x634e, 0x634e, 0x632e, 0x6b4e, 0x6b4f,
    0x6b4f, 0x7390, 0x73b1, 0x73b1, 0x632e, 0x634e, 0x634f, 0x634f, 0x634f, 0x6b70, 0x7391, 0x7390,
    0xc61a, 0x6b50, 0x7370, 0xbdd9, 0x7392, 0x6b50, 0x6b70, 0x6b50, 0x6b50, 0x6b50, 0x630f, 0x632f,
    0x632f, 0x632f, 0x632f, 0x634f, 0x632e, 0x632e, 0x632f, 0x632f, 0x634f, 0x632e, 0x632e, 0x632e,
    0x630d, 0x630d, 0x630d, 0x630d, 0x630d, 0x632d, 0x6b4e, 0x6b2e, 0x6b4e, 0x6b2e, 0x6b2e, 0x6b4f,
    0x6b4e, 0x6b4e, 0x7bf1, 0x634e, 0x632e, 0x6b4e, 0x632e, 0x632e, 0x6b4e, 0x6aed, 0xff39, 0xff36,
    0xf736, 0xf736, 0xf736, 0xf736, 0xf736, 0xf736, 0xf736, 0xf736, 0xff36, 0xf736, 0xf736, 0xf736,
    0xf716, 0x9c0c, 0xff36, 0x8b8d, 0x520a, 0xd699, 0xf7de, 0xffff, 0xffff, 0xffde, 0xffde, 0xf7be,
    0xf77c, 0xff3a, 0xe4ce, 0xcaa3, 0xe282, 0xf280, 0xd2c4, 0x72a9, 0x73cf, 0x73ae, 0x4228, 0x7cd4,
    0xc6dc, 0xbe5a, 0xb639, 0xae19, 0xb659, 0xbe9a, 0xc699, 0xc5cf, 0xde4e, 0xadd2, 0x9e19, 0xa619,
    0xbe9b, 0xd6b5, 0xd60b, 0xd62f, 0xceda, 0xd6fb, 0xd6fc, 0xdefc, 0xdf1c, 0xd6fb, 0xdefc, 0xce79,
    0xc638, 0xb574, 0xcbaa, 0xf280, 0xfa80, 0xfaa0, 0xeac2, 0xd3ca, 0xd572, 0xffdd, 0xf7de, 0xffde,
    0xf7be, 0xfffe, 0xffde, 0xff7b, 0xfe13, 0xd304, 0xd2a3, 0x7a29, 0xf6d8, 0xff57, 0xbd30, 0xf736,
    0xf736, 0xf736, 0xf736, 0xf736, 0xf736, 0xf736, 0xf736, 0xf736, 0xf736, 0xf736, 0xf736, 0xf736,
    0xff56, 0x6268, 0x3906, 0x20c4, 0x522a, 0x20e4, 0x2905, 0x28e4, 0x2104, 0x2103, 0x2103, 0x20e4,
    0x20e3, 0x20e4, 0x20e4, 0x20e4, 0x20e3, 0x49c9, 0x41a8, 0x20e4, 0x522a, 0x49c9, 0x28c4, 0x524b,
    0x630e, 0x5b0e, 0x530e, 0x4aee, 0x4aee, 0x4aee, 0x4acd, 0x4acd, 0x4aad, 0x4aad, 0x4aad, 0x428c,
    0x4a8b, 0x4a6b, 0x526a, 0x62ca, 0x5a68, 0x6b0b, 0x6b2c, 0x732c, 0x7b6c, 0x9c2c, 0xa42c, 0xa42c,
    0x9c2c, 0x9c2c, 0x9c2c, 0x9bec, 0xa44d, 0x9c2c, 0x9bec, 0x9bec, 0x8bac, 0x8bce, 0x736d, 0x83ae,
    0x8bad, 0x8bad, 0x838d, 0x7b6d, 0x7b8e, 0x738e, 0x6b6e, 0x6b6e, 0x6b8e, 0x6b6e, 0x6b4e, 0x6b4e,
    0x6b6e, 0x6b6e, 0x6b4e, 0x6b6e, 0x6b6e, 0x6b4e, 0x634e, 0x6b4e, 0x634e, 0x634e, 0x634e, 0x6b4e,
    0x6b4e, 0x632e, 0x6b4f, 0x6b4f, 0x634f, 0x6b6f, 0x6b70, 0x7370, 0x7391, 0x7392, 0x7391, 0x7bb2,
    0x7371, 0x7bb2, 0x7391, 0x7370, 0x6b4f, 0x634f, 0x632e, 0x632e, 0x634f, 0x634f, 0x632f, 0x632e,
    0x632e, 0x632e, 0x632f, 0x5b0d, 0x5b0d, 0x632e, 0x632e, 0x7391, 0x630f, 0x634f, 0x634f, 0x632f,
    0x632e, 0x630d, 0x632e, 0x632d, 0x630d, 0x632d, 0x632e, 0x6b4e, 0x632d, 0x6b2e, 0x632e, 0x632e,
    0x6b4e, 0x6b4e, 0x634f, 0x634f, 0x6b4e, 0x6b2e, 0x6b2e, 0x6b2e, 0x6b2e, 0x6b0d, 0xff39, 0xff36,
    0xf736, 0xf736, 0xf736, 0xf736, 0xf736, 0xf736, 0xf736, 0xf736, 0xf736, 0xf736, 0xf736, 0xf736,
    0xf736, 0xa44d, 0xff57, 0xe656, 0x624b, 0xef5c, 0xf79e, 0xffff, 0xffdf, 0xffff, 0xef9d, 0xf7be,
    0xf7be, 0xce78, 0xf7be, 0xff7c, 0xedd3, 0xd326, 0xdae4, 0x7a66, 0x630c, 0x52aa, 0x2186, 0xa619,
    0xbe9b, 0xadf8, 0xae18, 0xb659, 0xbe9a, 0xbe7a, 0xb69a, 0xadb4, 0xb52b, 0xcded, 0xc677, 0xc69b,
    0xceb9, 0xd650, 0xd5ca, 0xde73, 0xcefb, 0xd6fb, 0xd71c, 0xdf1c, 0xdf1c, 0xdefc, 0xd69a, 0xce79,
    0xc638, 0xbc8f, 0xda61, 0xf260, 0xf2a0, 0xdaa3, 0xf530, 0xe697, 0xc616, 0xfffe, 0xffff, 0xf7be,
    0xffde, 0xff9c, 0xfe74, 0xdae4, 0xea81, 0xea81, 0xcaa5, 0x726a, 0xff59, 0xf737, 0xf6d7, 0xff56,
    0xf736, 0xf736, 0xf736, 0xf736, 0xf736, 0xf736, 0xf736, 0xf736, 0xf736, 0xf736, 0xf736, 0xf736,
    0xff56, 0x5a48, 0x28e5, 0x49e9, 0x4a09, 0x20e4, 0x5a4b, 0x3926, 0x20c4, 0x2103, 0x2103, 0x20e3,
    0x20e3, 0x20e4, 0x20e4, 0x20e4, 0x2104, 0x524a, 0x520a, 0x5229, 0x3967, 0x2904, 0x28e5, 0x5a6b,
    0x630d, 0x5aee, 0x4aee, 0x4ace, 0x4ace, 0x4aee, 0x530f, 0x532f, 0x530e, 0x530f, 0x530f, 0x4aee,
    0x4aee, 0x4ace, 0x4acd, 0x52ac, 0x5aab, 0x5269, 0x5248, 0x6b0b, 0x734c, 0x8bcc, 0xa42b, 0x9c2c,
    0xa44d, 0xa42d, 0xa46d, 0x9c4c, 0xa44d, 0x9c2c, 0x9c2c, 0x9bec, 0x9bed, 0x93cd, 0x93ee, 0x93ed,
    0x93cd, 0x9bed, 0x9c0e, 0x7b8d, 0x7b8e, 0x738e, 0x738e, 0x6b6e, 0x6b6f, 0x736e, 0x6b6e, 0x6b6e,
    0x6b6e, 0x6b6e, 0x6b6e, 0x6b6e, 0x6b4e, 0x6b6e, 0x634e, 0x634e, 0x6b6e, 0x6b6e, 0x634e, 0x6b6f,
    0x6b6e, 0x6b4e, 0x6b4e, 0x6b6f, 0x636f, 0x6b70, 0x7370, 0x8c54, 0x83d3, 0xbdda, 0x9cb6, 0x6b50,
    0x6b70, 0x7370, 0x632f, 0x634f, 0x634f, 0x6b4e, 0x632e, 0x634e, 0x634e, 0x634e, 0x634e, 0x632e,
    0x632e, 0x632e, 0x632e, 0x632e, 0x632e, 0x632e, 0x634e, 0x634e, 0x630f, 0x6b70, 0x6b70, 0x632f,
    0x632e, 0x634e, 0x632e, 0x632e, 0x632e, 0x632e, 0x6b4e, 0x632d, 0x634e, 0x6b4e, 0x632e, 0x632e,
    0x634e, 0x6b6f, 0x9cd5, 0x634f, 0x6b4e, 0x6b4e, 0x632e, 0x6b2e, 0x6b2e, 0x6b0e, 0xff19, 0xff36,
    0xf736, 0xf736, 0xf736, 0xf736, 0xf736, 0xf736, 0xf736, 0xf736, 0xf736, 0xf736, 0xf736, 0xff36,
    0xff36, 0xeeb6, 0xff37, 0xff58, 0x6a6b, 0xf6fa, 0xffbd, 0xffde, 0xffde, 0xf7de, 0xefbd, 0xf7be,
    0xef9d, 0xe73c, 0xffff, 0xffff, 0xf77d, 0xff5b, 0xdccf, 0x7aa8, 0x52aa, 0x3a07, 0x4229, 0x84b4,
    0x8d36, 0xa5f8, 0xa619, 0xb69a, 0xb69b, 0x9598, 0x9597, 0x9d75, 0xbdd0, 0xde2b, 0xd62f, 0xded6,
    0xe6b3, 0xe64c, 0xd62d, 0xd6d8, 0xc6bb, 0xc69b, 0xcedc, 0xdf1c, 0xd6fc, 0xdefc, 0xce9a, 0xce58,
    0xbdd6, 0xb38a, 0xea40, 0xe281, 0xe3c8, 0xe5b2, 0xeed8, 0xde98, 0xce78, 0xf7de, 0xffde, 0xff7b,
    0xfe54, 0xd2e5, 0xea81, 0xf280, 0xf280, 0xf2a1, 0xb286, 0x728b, 0xff37, 0xff37, 0xff37, 0xff36,
    0xf736, 0xf736, 0xf736, 0xf736, 0xf736, 0xf736, 0xf716, 0xf716, 0xf716, 0xf736, 0xf736, 0xf736,
    0xff56, 0x5a68, 0x2905, 0x2905, 0x41c8, 0x520a, 0x51ea, 0x41a7, 0x18e4, 0x20e3, 0x2103, 0x2104,
    0x20e4, 0x20e4, 0x20e4, 0x20e3, 0x2103, 0x20e4, 0x520a, 0x20e4, 0x3987, 0x2104, 0x2905, 0x5a28,
    0x6267, 0x62a9, 0x528a, 0x424b, 0x426b, 0x428c, 0x4aac, 0x4aac, 0x4aac, 0x4aac, 0x4acd, 0x42ee,
    0x4acd, 0x4ace, 0x4aee, 0x4aee, 0x530f, 0x530e, 0x5b0e, 0x52ac, 0x5269, 0x730a, 0x9c0c, 0xa44d,
    0xa44d, 0xa46d, 0xac6e, 0xac6e, 0xa44d, 0xa44d, 0xa44d, 0xa42c, 0x9c0c, 0x9c0d, 0x9bed, 0x9bed,
    0x93ac, 0x9bed, 0x9c0d, 0x93ee, 0x8bce, 0x83ae, 0x738e, 0x738e, 0x738f, 0x6b6e, 0x6b6e, 0x738e,
    0x6b8e, 0x6b6e, 0x6b6e, 0x6b6e, 0x6b6f, 0x6b6e, 0x6b6e, 0x6b6e, 0x6b6f, 0x6b6f, 0x6b6e, 0x636e,
    0x6b6f, 0x6b6f, 0x6b6f, 0x6b6f, 0x7390, 0x7391, 0x73b1, 0x7391, 0x6b70, 0x7390, 0x7370, 0x634e,
    0x634e, 0x634e, 0x634e, 0x6b4e, 0x634e, 0x634e, 0x634e, 0x634e, 0x634e, 0x6b6f, 0x634e, 0x6b6e,
    0x6b6e, 0x6b4e, 0x6b6e, 0x634e, 0x632e, 0x632e, 0x6b2e, 0x6b4e, 0x6b4f, 0x6b70, 0x632f, 0x7391,
    0x632f, 0x632e, 0x634e, 0x634e, 0x634e, 0x6b4e, 0x632e, 0x632e, 0x6b6e, 0x634e, 0x632e, 0x634e,
    0x6b4e, 0x6b6f, 0x7bb1, 0x6b4f, 0x73b0, 0x634e, 0x632e, 0x6b4e, 0x6b4e, 0x6b0d, 0xff39, 0xff36,
    0xf736, 0xf736, 0xff36, 0xf736, 0xf736, 0xf736, 0xf736, 0xf736, 0xf736, 0xf736, 0xf736, 0xf736,
    0xf736, 0xff37, 0xff58, 0xf717, 0x728b, 0xa288, 0xdac3, 0xcb26, 0xdc4c, 0xfe75, 0xff39, 0xeef9,
    0xe6fa, 0xffde, 0xffff, 0xf7df, 0xffde, 0xdeda, 0xe698, 0xad54, 0x4248, 0x2945, 0x6bb0, 0x7c94,
    0x8d16, 0x8d17, 0xa63a, 0x8d97, 0x8d97, 0x9d97, 0xb5d7, 0xbdf6, 0xbdd4, 0xc5ad, 0xd5ca, 0xd5eb,
    0xee8c, 0xde4f, 0xd695, 0xcefb, 0xcedc, 0xc6dc, 0xc6fc, 0xd71c, 0xd6fc, 0xdf1c, 0xce79, 0xce59,
    0xad75, 0xccd0, 0xc306, 0xf655, 0xde56, 0xd677, 0xdeb8, 0xd677, 0xde77, 0xff19, 0xe48d, 0xdac3,
    0xea81, 0xe260, 0xda40, 0xea81, 0xea60, 0xdaa1, 0x9247, 0x7aca, 0xff57, 0xff38, 0xf716, 0xff36,
    0xf736, 0xf736, 0xf736, 0xf736, 0xf736, 0xf736, 0xf736, 0xf736, 0xf736, 0xf736, 0xf736, 0xf736,
    0xff56, 0x6288, 0x28e4, 0x20e4, 0x2905, 0x20e4, 0x520a, 0x20e4, 0x20e3, 0x2103, 0x20e3, 0x20e4,
    0x20e4, 0x20e4, 0x20e4, 0x20e4, 0x20e4, 0x2104, 0x520a, 0x3987, 0x522a, 0x2925, 0x4187, 0x5207,
    0x7ae8, 0x62c9, 0x4a6b, 0x428d, 0x42ad, 0x4acd, 0x52ab, 0x4a48, 0x5a67, 0x72e8, 0x62c9, 0x4a8a,
    0x428b, 0x52cd, 0x4acd, 0x4acd, 0x52ee, 0x530f, 0x5b2f, 0x5b0f, 0x5acb, 0x6ae9, 0xa42d, 0xa46d,
    0xa46d, 0xa48e, 0xa44d, 0xac8e, 0xa46d, 0xa46d, 0xa44c, 0x9c2c, 0xa42c, 0x9bec, 0x9bed, 0xa42e,
    0x9bed, 0xa40d, 0xa40c, 0xa40d, 0x8bcd, 0x7bae, 0x738e, 0x738e, 0x738f, 0x738f, 0x738f, 0x738e,
    0x6b8e, 0x738e, 0x738e, 0x6b8f, 0x6b8f, 0x6b6f, 0x6b6f, 0x83f1, 0x73b1, 0x7390, 0x738f, 0x7390,
    0x73b1, 0x73b1, 0x73b0, 0x73b1, 0x73b1, 0x7bb1, 0x7391, 0x6b4f, 0x6b6f, 0x6b6f, 0x6b6f, 0x6b8f,
    0x636e, 0x6b6e, 0x6b6e, 0x6b6f, 0x6b4e, 0x6b4e, 0x6b4e, 0x634e, 0x634e, 0x636e, 0x6b6e, 0x6b6e,
    0x6b8e, 0x6b6e, 0x6b6e, 0x632e, 0x634f, 0x634e, 0x6b4e, 0x6b6f, 0x6b6f, 0x6b6f, 0x6b70, 0x6b50,
    0xb599, 0x6b70, 0x6b4f, 0x6b6f, 0x634e, 0x6b4e, 0x6b4e, 0x6b4e, 0x632e, 0x634e, 0x6b4e, 0x634e,
    0x6b6f, 0x6b6f, 0x736f, 0x7390, 0x7bd1, 0x6b70, 0x6b6f, 0x6b4e, 0x6b4e, 0x6b0e, 0xff39, 0xf736,
    0xf736, 0xf736, 0xf736, 0xf736, 0xf736, 0xf736, 0xf736, 0xf736, 0xf736, 0xf736, 0xf736, 0xf736,
    0xf736, 0xf716, 0xc571, 0xf736, 0x7aeb, 0x8a49, 0xea81, 0xf2a1, 0xf2c2, 0xe2a2, 0xdaa2, 0xd304,
    0xdc4b, 0xfe55, 0xff3a, 0xff9c, 0xffbd, 0xffbd, 0xd678, 0xce58, 0x39e8, 0x7c52, 0x6390, 0x9536,
    0x8516, 0x7cf6, 0x8d77, 0x9576, 0xa596, 0xad95, 0xbdd6, 0xbe17, 0xbdd6, 0xc5f4, 0xd630, 0xe66d,
    0xde0d, 0xce54, 0xb658, 0xa5f8, 0xc6fc, 0xcefc, 0xcefc, 0xdf1c, 0xd6fc, 0xdf1c, 0xd6fb, 0xc659,
    0xb5f8, 0xe6fb, 0xff9b, 0xdf1a, 0xef5b, 0xded9, 0xff19, 0xf5d2, 0xdbe9, 0xdaa2, 0xfaa1, 0xf260,
    0xd200, 0xc1c0, 0xca41, 0xd200, 0xc200, 0xaa01, 0x7a4a, 0xeeb8, 0xff37, 0xd5f3, 0xf716, 0xf736,
    0xf736, 0xf736, 0xf736, 0xf736, 0xf736, 0xf736, 0xf736, 0xf736, 0xf736, 0xf736, 0xf736, 0xf736,
    0xff56, 0x5a47, 0x3987, 0x2924, 0x524a, 0x3987, 0x520a, 0x20e4, 0x20e3, 0x20e4, 0x20e4, 0x20e4,
    0x20e4, 0x20e4, 0x20e3, 0x20e3, 0x2103, 0x20e3, 0x51e9, 0x2925, 0x2924, 0x2925, 0x524a, 0x49e6,
    0x72c7, 0x528a, 0x4aac, 0x4acd, 0x4acd, 0x52ab, 0x4a48, 0x5227, 0x6aa7, 0x72c7, 0x6ac8, 0x62eb,
    0x62eb, 0x5aab, 0x4229, 0x62ca, 0x5a8a, 0x5aee, 0x52ce, 0x5b2e, 0x5aaa, 0x9c2d, 0xa44c, 0xa48e,
    0xa46d, 0xac8e, 0x7b6a, 0x7329, 0xac8e, 0xac6d, 0xa44d, 0xa44d, 0xac6e, 0xa40d, 0xa40d, 0xa40e,
    0xa3ed, 0x9c0d, 0xa42d, 0x9bec, 0x93ee, 0x7b8d, 0x7bae, 0x7b8f, 0x738f, 0x6b6e, 0x738f, 0x738f,
    0x73af, 0x738f, 0x6b8f, 0x6b8e, 0x738f, 0x7390, 0x738f, 0x738f, 0x6b70, 0x7390, 0x7bd1, 0x7bf1,
    0x8c33, 0x7bb2, 0x7bb2, 0x8c55, 0xa516, 0x7bb1, 0x6b90, 0x6b6f, 0x6b4e, 0x6b8f, 0x6b6e, 0x634e,
    0x6b6f, 0x6b8e, 0x6b6f, 0x6b6e, 0x6b8f, 0x6b6e, 0x6b6e, 0x634e, 0x6b6e, 0x6b6e, 0x6b4e, 0x6b6e,
    0x6b6e, 0x632e, 0x634f, 0x6b4f, 0x634e, 0x634e, 0x6b6f, 0x6b6f, 0x6b6f, 0x6b6f, 0x6b6f, 0x6b70,
    0x6b70, 0x7391, 0x6b90, 0x6b6f, 0x6b4f, 0x6b4f, 0x6b4f, 0x6b6f, 0x6b6f, 0x634e, 0x6b6f, 0x6b6f,
    0x6b6f, 0x6b6f, 0x736f, 0x738f, 0x6b8f, 0x7bf1, 0x6b6f, 0x6b6f, 0x6b6f, 0x6b0d, 0xff39, 0xff36,
    0xf736, 0xf736, 0xf736, 0xf736, 0xf736, 0xf736, 0xf736, 0xf736, 0xf736, 0xf736, 0xf736, 0xf736,
    0xf736, 0xf716, 0x9c2c, 0xff36, 0xff39, 0x828b, 0xd2c3, 0xca61, 0xc262, 0xc241, 0xc241, 0xdaa2,
    0xe2c2, 0xe2e3, 0xd325, 0xcb88, 0xe510, 0xfe76, 0xee98, 0xbe59, 0x8d15, 0x84f5, 0x9537, 0x8d57,
    0x8536, 0x7d16, 0x9596, 0xad95, 0xad95, 0xadb6, 0xc639, 0xceba, 0xc6ba, 0xc678, 0xce53, 0xd5ca,
    0xde4d, 0xbdf2, 0xae17, 0x9e19, 0xa619, 0xc6fc, 0xd71c, 0xdf1c, 0xdf1c, 0xdf1c, 0xd71c, 0xd71c,
    0xcefc, 0xe75d, 0xef9d, 0xf75b, 0xfef8, 0xf591, 0xcb25, 0xeaa1, 0xfaa0, 0xfa80, 0xfa60, 0xf280,
    0xea81, 0xeaa1, 0xe2a2, 0xc283, 0xcba9, 0xfe14, 0x6a4a, 0xff38, 0xf737, 0x93eb, 0xff36, 0xf736,
    0xf736, 0xf736, 0xf736, 0xf736, 0xf736, 0xf736, 0xf736, 0xf736, 0xf736, 0xf736, 0xf736, 0xf736,
    0xff56, 0x5226, 0x4a09, 0x2104, 0x2104, 0x28e4, 0x520a, 0x20e4, 0x20e3, 0x20e4, 0x20e4, 0x20e4,
    0x20e4, 0x20e4, 0x20e4, 0x20e4, 0x20e3, 0x2104, 0x520a, 0x5a2b, 0x522a, 0x520a, 0x2905, 0x39a7,
    0x5aab, 0x4acc, 0x4aee, 0x4aee, 0x4aed, 0x426b, 0x3209, 0x4a49, 0x6ac8, 0x72e9, 0x4a4a, 0x422a,
    0x4a4a, 0x526a, 0x5268, 0x6a86, 0x72e9, 0x52aa, 0x52ac, 0x52ab, 0x93ed, 0xa44c, 0xa46c, 0xac8e,
    0xac8e, 0x836a, 0x4206, 0x39e5, 0xa46e, 0xac6d, 0xac4d, 0xac8e, 0xa44d, 0x9c0e, 0x93ee, 0x9bed,
    0xac4e, 0xa42d, 0xa42d, 0xa40d, 0x93ee, 0x8bce, 0x83cf, 0x738e, 0x73af, 0x738f, 0x738f, 0x73af,
    0x73af, 0x73af, 0x738f, 0x738e, 0x73af, 0x738f, 0x6b8f, 0x738f, 0x6b8f, 0x73af, 0x73b0, 0x73b0,
    0x7bb1, 0xce5c, 0x7bd1, 0x7bb2, 0x6b70, 0x6b8f, 0x6b8f, 0x6b8f, 0x6b8f, 0x6b8e, 0x6b8f, 0x6b6f,
    0x6b6f, 0x6b6e, 0x6b8f, 0x6b6e, 0x6b8f, 0x6b6f, 0x6b6f, 0x6b6e, 0x6b6f, 0x6b6e, 0x6b6e, 0x6b8e,
    0x6b8f, 0x738f, 0x6b6f, 0x6b6f, 0x6b4f, 0x6b6f, 0x6b8f, 0x6b6f, 0x6b6f, 0x6b6f, 0x6b70, 0x6b70,
    0x6b90, 0x73b2, 0x9cf7, 0x7bd2, 0x6b70, 0x6b4f, 0x6b4f, 0x6b8f, 0x6b6f, 0x738f, 0x6b6f, 0x6b8f,
    0x6b6f, 0x6b8f, 0x6b8f, 0x6b8f, 0x73b0, 0x9494, 0x73b1, 0x738f, 0x6b6e, 0x6b0d, 0xff19, 0xff36,
    0xf736, 0xf736, 0xf736, 0xf736, 0xf736, 0xf736, 0xf736, 0xf736, 0xf736, 0xf736, 0xf736, 0xf736,
    0xf736, 0xf716, 0xff17, 0xff37, 0xff37, 0x726b, 0x71c4, 0x79c2, 0x7981, 0x7981, 0x81a0, 0x91c1,
    0x91a0, 0x99e1, 0xaa22, 0xaa01, 0xaa01, 0xa1e1, 0x81e3, 0x8410, 0x7432, 0x8494, 0x84f6, 0x9557,
    0x4acd, 0x8d36, 0xb639, 0xbe9a, 0xb67a, 0xbe9a, 0xcedb, 0xcebb, 0xcedb, 0xce96, 0xde6e, 0xcdad,
    0xde4f, 0xee8e, 0xc612, 0xa5f8, 0xb65a, 0xbe5a, 0xc69a, 0xdf1c, 0xdf1c, 0xd71c, 0xd71c, 0xc6fb,
    0xd71c, 0xeefa, 0xf5d2, 0xc2a3, 0xda82, 0xea60, 0xf260, 0xfa60, 0xf280, 0xf2a1, 0xe2a2, 0xcae5,
    0xe4ad, 0xfe96, 0xff5a, 0xf77c, 0xf79d, 0xcdf8, 0x6228, 0xff37, 0xff38, 0xff58, 0xf736, 0xf736,
    0xf736, 0xf736, 0xf736, 0xf736, 0xf736, 0xf736, 0xf736, 0xf736, 0xf736, 0xf736, 0xf736, 0xf736,
    0xff56, 0x49e5, 0x3966, 0x49c9, 0x49c8, 0x5a0a, 0x5a0a, 0x20e4, 0x18e3, 0x20e4, 0x20e4, 0x20e4,
    0x20e4, 0x20e4, 0x20e4, 0x20e4, 0x20e4, 0x2103, 0x522a, 0x520a, 0x3126, 0x5a4b, 0x520a, 0x31c9,
    0x322c, 0x42ae, 0x4ace, 0x4aee, 0x4aed, 0x428c, 0x428d, 0x4aad, 0x426b, 0x424a, 0x4a8c, 0x426a,
    0x52ab, 0x5aab, 0x62a9, 0x72c8, 0x5a46, 0x5247, 0x6ac9, 0x72e9, 0x9bcb, 0xac6d, 0xac8d, 0xa46d,
    0xac8e, 0x7b6a, 0x31e6, 0x2985, 0x8bcb, 0xac8e, 0xac6d, 0xb48e, 0xac4d, 0x9c0e, 0x93ee, 0xa42f,
    0xac4e, 0xa40d, 0xa40d, 0x9bee, 0x940f, 0x83cf, 0x7baf, 0x73af, 0x73af, 0x73af, 0x73af, 0x73af,
    0x73af, 0x7bcf, 0x6b8e, 0x6b8f, 0x73af, 0x738f, 0x73af, 0x73af, 0x6b8f, 0x73af, 0x7390, 0x7390,
    0x83f2, 0x7bb1, 0x7391, 0x6b90, 0x6b8f, 0x6b8f, 0x738f, 0x6b8e, 0x6b8e, 0x738f, 0x6b8f, 0x6b6f,
    0x6b8f, 0x6b6e, 0x6b8f, 0x6b8e, 0x6b8f, 0x6b8f, 0x6b4f, 0x738f, 0x6b8f, 0x634e, 0x6b8e, 0x6b8f,
    0x6b6f, 0x738f, 0x6b6f, 0x6b6f, 0x6b4f, 0x6b6f, 0x7390, 0x6b70, 0x6b6f, 0x6b6f, 0x6b6f, 0x6b70,
    0x7391, 0x73b1, 0x73b1, 0xbdda, 0x73b1, 0x6b8f, 0x73cf, 0x8c51, 0x8c71, 0x8c71, 0x9472, 0x8c31,
    0x7c11, 0x73f0, 0x7c31, 0x7c31, 0x94b4, 0x9cf5, 0x7bf2, 0x6b8f, 0x736f, 0x6b0d, 0xf739, 0xf736,
    0xf736, 0xf736, 0xf736, 0xf736, 0xf736, 0xf736, 0xf736, 0xf736, 0xf736, 0xf736, 0xf736, 0xf736,
    0xf736, 0xff36, 0xf716, 0xff38, 0xff57, 0xac91, 0x8a69, 0xbac5, 0xba83, 0xca83, 0xd2a2, 0xdac2,
    0xe2c2, 0xeac2, 0xeac1, 0xeac1, 0xeaa1, 0xe2a2, 0x9a44, 0x8c11, 0x8432, 0x8453, 0x7c52, 0x7c31,
    0x5b2d, 0xa5d8, 0xb67a, 0xb67b, 0x8db7, 0xb69b, 0xc69a, 0xc6ba, 0xcedb, 0xc699, 0xce30, 0xde4e,
    0xd60e, 0xde4e, 0xbe56, 0xae5a, 0xbe7a, 0xbe7a, 0xbe59, 0xdf1c, 0xdefc, 0xdf1c, 0xd71d, 0xc6dc,
    0xdefb, 0xcc0c, 0xeac2, 0xf280, 0xf280, 0xea80, 0xe281, 0xda82, 0xcb26, 0xfdf3, 0xff5a, 0xffbd,
    0xffde, 0xffde, 0xf7be, 0xf7de, 0xffdf, 0x626c, 0xff19, 0xff36, 0xc592, 0xff37, 0xf736, 0xf736,
    0xf736, 0xf736, 0xf736, 0xf736, 0xf736, 0xf736, 0xf736, 0xf736, 0xf736, 0xf736, 0xf736, 0xf736,
    0xff56, 0x5227, 0x5a2b, 0x41a8, 0x3126, 0x5209, 0x5229, 0x20e3, 0x2104, 0x20e4, 0x20e4, 0x20e4,
    0x20e3, 0x20e3, 0x2104, 0x20e3, 0x20e4, 0x2104, 0x2103, 0x2104, 0x2104, 0x522a, 0x5a0a, 0x420a,
    0x3a8e, 0x4acf, 0x4aee, 0x52ee, 0x4aac, 0x630c, 0x6b2d, 0x4aac, 0x3a8f, 0x428e, 0x4a6b, 0x62aa,
    0x6ac9, 0x940e, 0x62aa, 0x52ab, 0x62a8, 0x6aa7, 0x6aa7, 0x8b69, 0xa40c, 0xa42c, 0xac8d, 0xac6d,
    0xb48d, 0x4a05, 0x31c6, 0x29a5, 0x5a87, 0xac8e, 0xb46d, 0xb48d, 0xac6d, 0xac6e, 0xa42f, 0x9c0e,
    0x93ee, 0xa44f, 0x9c2e, 0x940e, 0x940f, 0x83ef, 0x83cf, 0x7bcf, 0x73ae, 0x73af, 0x7baf, 0x73af,
    0x73af, 0x7bcf, 0x738f, 0x73af, 0x73af, 0x73cf, 0x73b0, 0x73af, 0x73af, 0x73af, 0x73b0, 0x73b0,
    0x9cd6, 0x7bb2, 0x73b0, 0x73af, 0x6b8f, 0x73af, 0x738e, 0x738f, 0x6b8f, 0x73af, 0x73af, 0x73af,
    0x6b8f, 0x738f, 0x73af, 0x73af, 0x6b8f, 0x6b8f, 0x6b6f, 0x6b8f, 0x6b8f, 0x6b8f, 0x6b6f, 0x6b8f,
    0x6b8f, 0x6b6f, 0x6b8f, 0x6b8f, 0x636f, 0x636f, 0x6b90, 0xa537, 0x6b70, 0x6b70, 0x6b90, 0x73b1,
    0xc5fa, 0x9cd6, 0x7bb1, 0x7bd1, 0x94b3, 0x94d2, 0x9cd2, 0xa4f2, 0xa4f3, 0x9c71, 0x9471, 0x8c10,
    0x7bd0, 0x738f, 0x6b6f, 0x6baf, 0x73d0, 0x73b0, 0x7bd1, 0x738f, 0x738f, 0x6b0d, 0xf719, 0xff36,
    0xf736, 0xf736, 0xf736, 0xf736, 0xf736, 0xf736, 0xf736, 0xf736, 0xf736, 0xf736, 0xf736, 0xf736,
    0xf736, 0xf736, 0xf737, 0x8b8a, 0xff36, 0xff59, 0x728b, 0xe657, 0xe615, 0xfe97, 0xfe34, 0xed50,
    0xeced, 0xd3e9, 0xd346, 0xd2c3, 0xd2a2, 0xc2a3, 0x8ac8, 0x8411, 0x8432, 0x8c51, 0x8431, 0x8410,
    0x632e, 0xb65a, 0xb67b, 0x8d77, 0x8d78, 0xae9c, 0xb69a, 0xbe9b, 0xbe7a, 0xbe57, 0xc5cd, 0xd650,
    0xd5eb, 0xde6e, 0xc675, 0xb67a, 0xc6bb, 0xc69b, 0xc6bb, 0xdf1c, 0xdf1c, 0xdf1c, 0xbedc, 0xcf1c,
    0xe6fb, 0xc327, 0xeae3, 0xdae4, 0xd325, 0xe40a, 0xf550, 0xe571, 0xd5b3, 0xffbe, 0xffdf, 0xffdf,
    0xffdf, 0xffde, 0xef9d, 0xf7be, 0xffdf, 0x6a8c, 0xff37, 0xf717, 0xc571, 0xf736, 0xf736, 0xf736,
    0xf736, 0xf736, 0xf736, 0xf736, 0xf736, 0xf736, 0xf736, 0xf716, 0xf716, 0xf716, 0xf736, 0xf736,
    0xff56, 0x5207, 0x5a2b, 0x5209, 0x20e3, 0x20e4, 0x18e4, 0x20e3, 0x20e4, 0x20e4, 0x20e4, 0x20e4,
    0x20e4, 0x20e4, 0x20e4, 0x20e4, 0x18e3, 0x2103, 0x20e4, 0x2905, 0x20e4, 0x41a8, 0x5a2b, 0x4a2a,
    0x42cf, 0x42cf, 0x4ace, 0x530f, 0x630c, 0x8b8b, 0x93ac, 0x62ed, 0x3a6e, 0x428d, 0x6289, 0x6267,
    0x7ae9, 0xa40d, 0x62ec, 0x428d, 0x5269, 0x6ae8, 0x732a, 0x8bac, 0xa40c, 0xa42d, 0xa42c, 0xb48d,
    0xa44d, 0x2984, 0x29c6, 0x2185, 0x4206, 0xacae, 0xb48d, 0xb46d, 0xb46d, 0xb48e, 0xb48f, 0xa46f,
    0x8bce, 0x8c0f, 0x8bef, 0x83ef, 0x8bcf, 0x8bee, 0x83cf, 0x83cf, 0x7bcf, 0x7bcf, 0x7bd0, 0x7bcf,
    0x7bcf, 0x73ae, 0x73ae, 0x7bcf, 0x73af, 0x73af, 0x73cf, 0x73af, 0x73af, 0x73af, 0x73cf, 0x73b1,
    0x9cb5, 0x7bb1, 0x73b0, 0x73af, 0x73cf, 0x73af, 0x73af, 0x73af, 0x738f, 0x738e, 0x73af, 0x738f,
    0x6b8f, 0x73af, 0x6b8e, 0x738f, 0x73af, 0x6b8f, 0x6b8f, 0x6b8f, 0x6b8f, 0x638e, 0x6baf, 0x6b8f,
    0x738f, 0x73af, 0x6b8f, 0x6b6f, 0x6b8f, 0x6b8f, 0x6b6f, 0x6b6f, 0x6b90, 0xbdda, 0x8c34, 0x8c75,
    0x73b1, 0x73b1, 0x8411, 0x9491, 0xad33, 0xb554, 0xb554, 0xad33, 0xad33, 0xad13, 0xa513, 0x9cd3,
    0x8c31, 0x83f0, 0x7baf, 0x7bcf, 0x73af, 0x6b8e, 0x738f, 0x6b6f, 0x6b6f, 0x6b0d, 0xff39, 0xf736,
    0xf736, 0xf736, 0xf736, 0xf736, 0xf736, 0xf736, 0xf736, 0xf736, 0xf736, 0xf736, 0xf736, 0xff36,
    0xf736, 0xff36, 0xff36, 0xff38, 0xff58, 0xf737, 0x6a4a, 0x732e, 0xbdf7, 0xf7be, 0xffde, 0xffde,
    0xf77c, 0xe6b9, 0xff9c, 0xff1a, 0xfef9, 0xfe77, 0x8c10, 0x8452, 0x8411, 0x8c71, 0x8431, 0x8431,
    0x7c11, 0xbe9a, 0x9dd8, 0x95b8, 0x95b8, 0xa67b, 0xae9b, 0xb67a, 0xb67a, 0xb636, 0xce2f, 0xc5f1,
    0xce52, 0xbdd0, 0xbe78, 0xb69b, 0xc6db, 0xcebb, 0xd6fc, 0xdf1c, 0xdf1c, 0xcf1d, 0xc6fd, 0xd71c,
    0xe71b, 0xddd4, 0xfe97, 0xddb3, 0xddf4, 0xd5d3, 0xc572, 0xbd51, 0xbdd4, 0xf7bd, 0xffde, 0xffdf,
    0xffde, 0xffde, 0xdf1b, 0xf79d, 0x626b, 0x6a69, 0xff37, 0xff38, 0xff58, 0xff36, 0xf736, 0xf736,
    0xf736, 0xf736, 0xf736, 0xf736, 0xf736, 0xf736, 0xf736, 0xf736, 0xf736, 0xf716, 0xf736, 0xf736,
    0xff56, 0x51e6, 0x5a2b, 0x520a, 0x20e4, 0x3146, 0x20e4, 0x18e3, 0x2104, 0x2103, 0x20e4, 0x20e4,
    0x20e4, 0x20e4, 0x20e4, 0x20e4, 0x2104, 0x20e4, 0x520a, 0x520a, 0x49e8, 0x49c8, 0x20e4, 0x39e9,
    0x42af, 0x42af, 0x4aef, 0x52ee, 0x734c, 0x938b, 0x938b, 0x632d, 0x3a8e, 0x426c, 0x7b2b, 0x72e8,
    0x8349, 0xa42d, 0x5acc, 0x3a6e, 0x320b, 0x426b, 0x4ace, 0x630d, 0xa40d, 0xa3ec, 0xa42d, 0xac2d,
    0x9c2d, 0x29a5, 0x2185, 0x29a5, 0x31e5, 0xacaf, 0xb48d, 0xb4ae, 0xb48d, 0xb48d, 0xac6e, 0xa44e,
    0x940e, 0x83ee, 0x83ef, 0x8c0f, 0x8c0f, 0x83ef, 0x8c0f, 0x83ef, 0x83ef, 0x83ef, 0x7bcf, 0x7bd0,
    0x7bef, 0x83ef, 0x840f, 0x7bef, 0x73cf, 0x73cf, 0x7bf0, 0x73cf, 0x73d0, 0x73af, 0x7bd0, 0x7bd1,
    0x83f2, 0x7bb1, 0x7bd0, 0x73cf, 0x73cf, 0x73af, 0x7bd0, 0x73cf, 0x73cf, 0x7bcf, 0x73cf, 0x73af,
    0x73af, 0x73af, 0x73af, 0x738f, 0x73af, 0x73b0, 0x6b8f, 0x738f, 0x738f, 0x6b6f, 0x6b8f, 0x738f,
    0x73b0, 0x73af, 0x73b0, 0x6b8f, 0x6b8f, 0x73b0, 0x6b8f, 0x6b6f, 0x73b0, 0x73b1, 0x73b1, 0x73b1,
    0x6b90, 0x7bd0, 0xa4f3, 0xa4f3, 0xa4d2, 0x9c71, 0x9450, 0x8bef, 0x8c0f, 0x83ee, 0x7bce, 0x630b,
    0x630c, 0x62eb, 0x5aec, 0x62eb, 0x734c, 0x7bae, 0x83ef, 0x7bcf, 0x738f, 0x732e, 0xff39, 0xff36,
    0xf736, 0xf736, 0xf736, 0xf736, 0xf736, 0xf736, 0xf736, 0xf736, 0xf736, 0xf736, 0xf736, 0xff36,
    0xf736, 0xff36, 0xff36, 0xf716, 0x8369, 0xf716, 0xff19, 0x6a6c, 0xf75d, 0xf7be, 0xfffe, 0xffff,
    0xef5c, 0x9d13, 0xef9d, 0xf7be, 0xf79d, 0xce58, 0x94b3, 0x8472, 0x8493, 0x95d8, 0x8d56, 0x8cf4,
    0x7cb4, 0xb69b, 0x95d9, 0x95d9, 0x95b9, 0x95d9, 0xae9b, 0xb69b, 0xae9b, 0xa639, 0xae39, 0xae59,
    0xae5a, 0xae7a, 0xae7b, 0xb69b, 0xcefc, 0xd6fc, 0xd6fb, 0xdf1c, 0xcf1c, 0xc6fc, 0xd71c, 0xdf1c,
    0xe71c, 0xffbe, 0xffdd, 0xde98, 0xde97, 0xde77, 0xc593, 0xc551, 0xc593, 0xffbc, 0xff7c, 0xff9c,
    0xff7c, 0xff7b, 0xee56, 0xd595, 0x6a4a, 0xff38, 0xf737, 0xbd30, 0xf736, 0xf736, 0xf736, 0xf736,
    0xf736, 0xf736, 0xf736, 0xf736, 0xf736, 0xf736, 0xf736, 0xf736, 0xf736, 0xf736, 0xf736, 0xff36,
    0xff56, 0x5226, 0x28e5, 0x522a, 0x49c9, 0x5a0a, 0x520a, 0x20e3, 0x18e3, 0x2103, 0x2103, 0x20e4,
    0x20e3, 0x20e4, 0x20e4, 0x20e4, 0x2104, 0x2104, 0x520a, 0x20c4, 0x20e4, 0x3146, 0x20c4, 0x39e9,
    0x42d0, 0x42af, 0x4aef, 0x52ef, 0x6b2c, 0x9bac, 0x9bac, 0x732d, 0x428e, 0x4a8d, 0x7b6d, 0x526b,
    0x7b2c, 0xac2d, 0x62ec, 0x3a6f, 0x3a4e, 0x426d, 0x42ae, 0x62ed, 0xa40c, 0xa40c, 0xac2d, 0xac4d,
    0x732a, 0x1964, 0x2165, 0x21a5, 0x31e6, 0x9c4e, 0xbccd, 0xbcce, 0xbcae, 0xb48d, 0xb48e, 0xa44e,
    0x9c4f, 0x8bef, 0x83cf, 0x83cf, 0x8bef, 0x8bef, 0x8c0f, 0x8c0f, 0x8c0f, 0x8bef, 0x83ef, 0x7bcf,
    0x7bef, 0x7bf0, 0x7bcf, 0x840f, 0x8410, 0x7bf0, 0x7bd0, 0x7bd0, 0x73d0, 0x7bf0, 0x7bf1, 0x83f3,
    0x8413, 0x7bd1, 0x73af, 0x7bcf, 0x73cf, 0x7bcf, 0x7bcf, 0x7bcf, 0x7bf0, 0x73cf, 0x73cf, 0x73cf,
    0x73af, 0x73af, 0x6baf, 0x73b0, 0x738f, 0x738f, 0x6b8f, 0x738f, 0x738f, 0x6b8f, 0x73b0, 0x6b8f,
    0x73af, 0x73b0, 0x738f, 0x738f, 0x73b0, 0x738f, 0x6b8f, 0x738f, 0x7390, 0x94b4, 0x73b0, 0x6b90,
    0x7370, 0x8bf0, 0x7b8d, 0x83ce, 0x7bad, 0x7bae, 0x6b0b, 0x5aaa, 0x5aaa, 0x62aa, 0x6aeb, 0x732b,
    0x7b6c, 0x6b2b, 0x6aea, 0x62a9, 0x62aa, 0x62ca, 0x732b, 0x7bae, 0x73af, 0x732e, 0xff39, 0xff36,
    0xf736, 0xf736, 0xf736, 0xf736, 0xf736, 0xf736, 0xf736, 0xf736, 0xff36, 0xf736, 0xf736, 0xf736,
    0xf736, 0xf736, 0xf736, 0xff36, 0xff58, 0xff58, 0xf716, 0x6249, 0x6aac, 0x840f, 0x8430, 0x7bce,
    0x7bad, 0x6b2c, 0x7b8d, 0x7b8c, 0x8bad, 0x8bcd, 0x93ef, 0x8c51, 0x7c93, 0x95d9, 0x8df9, 0x7d35,
    0x7cf5, 0x8577, 0x8d98, 0x8d97, 0x95f9, 0x8db8, 0x95f9, 0xae9b, 0xae9b, 0xae9b, 0xae9b, 0xae9b,
    0xaebc, 0xaebb, 0xa67a, 0xae9b, 0xb69a, 0xcefc, 0xd71c, 0xc6dc, 0xc6fc, 0xcefc, 0xdefc, 0xdefc,
    0xee57, 0xf570, 0xdc8d, 0xe4ac, 0xe48c, 0xdc2b, 0xd3e9, 0xd387, 0xd346, 0xd305, 0xd2e5, 0xdac4,
    0xdae4, 0xe2e3, 0xe2e4, 0x8229, 0x9bee, 0xff36, 0xeeb6, 0xff37, 0xf736, 0xf736, 0xff36, 0xf736,
    0xf736, 0xf736, 0xf736, 0xf736, 0xf736, 0xf736, 0xf736, 0xf736, 0xf736, 0xff36, 0xf716, 0xf716,
    0xff56, 0x5226, 0x28e5, 0x2905, 0x20e4, 0x28e4, 0x520a, 0x20e3, 0x20e4, 0x2103, 0x20e4, 0x20e4,
    0x20e4, 0x20e4, 0x20e4, 0x2104, 0x20e4, 0x2104, 0x522a, 0x20c4, 0x3987, 0x20e4, 0x41e8, 0x420a,
    0x3aaf, 0x42cf, 0x42cf, 0x530f, 0x734d, 0x9bab, 0x9bcc, 0x736e, 0x428e, 0x428d, 0x83f0, 0x3a0d,
    0x734e, 0xa40d, 0x62ec, 0x3a8f, 0x324e, 0x324d, 0x3aaf, 0x6b2e, 0xac2d, 0xac2c, 0xac2d, 0xa42d,
    0x62a8, 0x1964, 0x21a5, 0x19a5, 0x2a06, 0x7349, 0xbcee, 0xbcae, 0xbcae, 0xb48d, 0xb48e, 0xac6e,
    0xac8f, 0x9c2f, 0x8bee, 0x8c0f, 0x83ef, 0x8c10, 0x8c10, 0x8410, 0x840f, 0x842f, 0x8c2f, 0x8c0f,
    0x840f, 0x7bf0, 0x7bf0, 0x7bf0, 0x7c10, 0x7bf1, 0x7bb1, 0x7bd1, 0x7bd1, 0x7bd1, 0x7bd2, 0xb578,
    0x7bd1, 0x7baf, 0x7bd0, 0x7bcf, 0x7bf0, 0x7bcf, 0x7bcf, 0x7bcf, 0x7bf0, 0x73cf, 0x73d0, 0x7bcf,
    0x7bcf, 0x73cf, 0x73b0, 0x73b0, 0x73b0, 0x73af, 0x6b8f, 0x73af, 0x738f, 0x6b8f, 0x73af, 0x73af,
    0x73af, 0x73d0, 0x738f, 0x6b8f, 0x6b8f, 0x738f, 0x73b0, 0x73b0, 0x73b0, 0x73b0, 0x73d0, 0x6b8f,
    0x738f, 0x7b4d, 0x6b2c, 0x5a8a, 0x5a8a, 0x6b2c, 0x734c, 0x7b6c, 0x7b4c, 0x838d, 0x7b8d, 0x83ad,
    0x8bee, 0x8bcd, 0x838c, 0x7b4b, 0x730a, 0x5a89, 0x62ca, 0x630b, 0x73af, 0x734e, 0xf719, 0xff36,
    0xf736, 0xff36, 0xf736, 0xff36, 0xf736, 0xf736, 0xf736, 0xf736, 0xf736, 0xf736, 0xf736, 0xf736,
    0xf736, 0xf736, 0xf736, 0xff36, 0xf716, 0x8b8a, 0xff57, 0xff59, 0x726c, 0xcd76, 0xfed8, 0xfed8,
    0xf656, 0xac0d, 0xd40c, 0xc307, 0xcb06, 0xcac4, 0xcac4, 0xaae7, 0x8410, 0x7c74, 0x8dd9, 0x8dfa,
    0x8dfa, 0x961a, 0x9df9, 0x95b8, 0x95d9, 0x961a, 0x9e3a, 0x95d9, 0x9619, 0x9e19, 0x9e19, 0xa61a,
    0x9e19, 0xb6bb, 0xae9b, 0xb6dc, 0xb6bb, 0xbebb, 0xbe9b, 0x9df9, 0xbebb, 0xd71c, 0xdefc, 0xd6db,
    0xc389, 0xe281, 0xea81, 0xea80, 0xea81, 0xea81, 0xea80, 0xf2a0, 0xf280, 0xf260, 0xf280, 0xf260,
    0xf260, 0xf281, 0xd2a6, 0x724a, 0xff38, 0xf737, 0xcdb2, 0xf736, 0xf736, 0xf736, 0xf736, 0xf736,
    0xf736, 0xf736, 0xf736, 0xf736, 0xf736, 0xf736, 0xf736, 0xf736, 0xf736, 0xf716, 0xf736, 0xf736,
    0xff56, 0x5227, 0x49e8, 0x2104, 0x4a09, 0x2905, 0x522a, 0x20e4, 0x18e3, 0x2103, 0x20e4, 0x20e4,
    0x20e4, 0x20e4, 0x20e4, 0x20e4, 0x2104, 0x20e3, 0x522a, 0x20e4, 0x28e5, 0x20e4, 0x20c4, 0x4a4c,
    0x42b0, 0x42d0, 0x4aef, 0x4aef, 0x734d, 0x9bcc, 0x9bcc, 0x734e, 0x3a6e, 0x4aad, 0x83d0, 0x3a4e,
    0x734e, 0xa40d, 0x6b0d, 0x3a8f, 0x324e, 0x324d, 0x3aaf, 0x6b2e, 0xac2d, 0xac2d, 0xac4d, 0xac4e,
    0x39e6, 0x1964, 0x29a5, 0x21a5, 0x21c5, 0x4205, 0xbccd, 0xbcce, 0xbcce, 0xbcae, 0xac4d, 0xb48e,
    0xb48f, 0xa46f, 0x940f, 0x8c2f, 0x840f, 0x8c30, 0x8410, 0x8410, 0x840f, 0x840f, 0x83ef, 0x8c2f,
    0x8c0f, 0x7bef, 0x7c10, 0x8410, 0x8411, 0x7bf1, 0x7bd0, 0x7bf1, 0x9cb5, 0x9474, 0x7bd2, 0x7bd1,
    0x7bd0, 0x7bd0, 0x7bf0, 0x7bf0, 0x7bf0, 0x7bef, 0x7bf0, 0x7bf0, 0x7bcf, 0x7bf0, 0x7bf0, 0x7bd0,
    0x73af, 0x73af, 0x73af, 0x73b0, 0x73b0, 0x73d0, 0x73d0, 0x73b0, 0x73d0, 0x738f, 0x73b0, 0x73d0,
    0x73d0, 0x73b0, 0x73b0, 0x73b0, 0x73cf, 0x73b0, 0x73b0, 0x73b0, 0x73b0, 0x73b0, 0x73af, 0x73b0,
    0x73af, 0x732d, 0x5a8a, 0x6b0b, 0x7b6c, 0x8c0f, 0x734d, 0x62c9, 0x5a48, 0x49e6, 0x41a5, 0x41a5,
    0x49c6, 0x4a07, 0x5248, 0x7bcf, 0x7bae, 0x838c, 0x734b, 0x738d, 0x7bd0, 0x734e, 0xff39, 0xff36,
    0xf736, 0xf736, 0xf736, 0xf736, 0xf736, 0xf736, 0xf716, 0xf736, 0xf736, 0xf736, 0xf736, 0xf736,
    0xf736, 0xf736, 0xf736, 0xf736, 0xf736, 0xff38, 0xff58, 0xff57, 0xa430, 0x7a8c, 0xcae5, 0xdaa2,
    0xcaa3, 0x91c1, 0xe281, 0xea81, 0xea80, 0xf2a1, 0xf2c1, 0xcac4, 0x8bce, 0x73f1, 0x7cb4, 0x8d98,
    0x7d57, 0x8598, 0x95d9, 0x8d98, 0x9dfa, 0x95d9, 0x8598, 0x8db8, 0xa63a, 0xbebb, 0xbebb, 0x9dd8,
    0x9df9, 0xae7b, 0xbedc, 0xbf1d, 0xb69b, 0x9597, 0x9df9, 0xa65a, 0xd6fc, 0xdefc, 0xdf1c, 0xdefb,
    0xdd52, 0xd3e9, 0xcb46, 0xd2a3, 0xd282, 0xdaa2, 0xe2c2, 0xeac1, 0xf2a1, 0xf281, 0xf280, 0xf261,
    0xf281, 0xda83, 0x8a29, 0xf6d9, 0xff37, 0xff59, 0xf737, 0xf736, 0xff36, 0xf736, 0xf736, 0xf736,
    0xf736, 0xf736, 0xf736, 0xf736, 0xf736, 0xf736, 0xf736, 0xf736, 0xf716, 0xf716, 0xf716, 0xf716,
    0xff56, 0x6268, 0x28e4, 0x20e4, 0x20c4, 0x20c3, 0x5209, 0x18e3, 0x18e3, 0x2103, 0x20e4, 0x20e4,
    0x20e3, 0x20e4, 0x20e4, 0x20e4, 0x2104, 0x2905, 0x520a, 0x20c4, 0x49e9, 0x20e4, 0x20e4, 0x524b,
    0x42b0, 0x42d0, 0x5310, 0x530f, 0x83ae, 0x9bcc, 0x9bec, 0x736e, 0x3a8f, 0x4ace, 0x83f0, 0x3a4e,
    0x732e, 0xac2e, 0x7b6e, 0x3a8f, 0x324e, 0x3a6e, 0x3aaf, 0x6b6f, 0xac2d, 0xb44d, 0xb46d, 0xac4e,
    0x39e7, 0x21a5, 0x29c5, 0x21a5, 0x21c5, 0x4226, 0xbcee, 0xbccd, 0xbcce, 0xbcce, 0xbcae, 0xb48e,
    0xb48f, 0xac90, 0x9c50, 0x942f, 0x8c30, 0x9430, 0x8c30, 0x8c50, 0x8c30, 0x8430, 0x8410, 0x8430,
    0x8410, 0x8410, 0x7c10, 0x8410, 0x8411, 0x7bf0, 0x7bf0, 0x83f0, 0x83f1, 0x7bd0, 0x7bf0, 0x7bf0,
    0x7bf0, 0x7bf0, 0x8410, 0x7bf0, 0x7bf0, 0x7bf0, 0x7bf0, 0x7bf0, 0x73cf, 0x7bd0, 0x7bd0, 0x7bf0,
    0x73cf, 0x73cf, 0x73d0, 0x73b0, 0x73d0, 0x73d0, 0x73d0, 0x73cf, 0x73cf, 0x73af, 0x73b0, 0x73d0,
    0x73d0, 0x73d0, 0x73b0, 0x73b0, 0x73d0, 0x73b0, 0x73d0, 0x73d0, 0x73d0, 0x73d0, 0x73af, 0x73b0,
    0x73af, 0x73af, 0x6b2d, 0x734d, 0x7b8d, 0x52cc, 0x5b0d, 0x5a68, 0x51e6, 0x51e6, 0x49c5, 0x41a5,
    0x49c6, 0x4a07, 0x4a48, 0x5aed, 0x5aec, 0x7b8d, 0x7b8d, 0x73ae, 0x738f, 0x734e, 0xff3a, 0xf736,
    0xf736, 0xf736, 0xf736, 0xff36, 0xf736, 0xff36, 0xf736, 0xff36, 0xff36, 0xff36, 0xf736, 0xf736,
    0xf736, 0xf736, 0xf736, 0xff36, 0xf736, 0xf736, 0xb4cf, 0xff58, 0xf757, 0x6a8a, 0x8a28, 0xda82,
    0xdaa3, 0xb221, 0xf2a1, 0xf2a1, 0xeaa1, 0xf2e2, 0xdae3, 0xbb27, 0x93ef, 0x7bd0, 0x7c32, 0x7453,
    0x74d6, 0x7d78, 0x8db8, 0x95b8, 0x9e19, 0x963b, 0x85d9, 0x8d98, 0x9598, 0xb67b, 0xae19, 0x9d98,
    0x95b8, 0xaebc, 0xa65a, 0xae5a, 0xd73d, 0xc6dc, 0xb69b, 0xcefc, 0xdf1c, 0xdf1c, 0xdf1c, 0xd71c,
    0xf7bd, 0xef9d, 0xffbd, 0xe698, 0xff7a, 0xf697, 0xd551, 0xd551, 0xd572, 0xfeb7, 0xedb1, 0xe4cd,
    0xd3ea, 0x79e7, 0x6a49, 0xff36, 0xff38, 0xf6d7, 0xf736, 0xf736, 0xf736, 0xf736, 0xf736, 0xf736,
    0xf736, 0xf736, 0xf736, 0xf736, 0xf736, 0xf736, 0xf736, 0xf736, 0xf736, 0xf736, 0xf736, 0xf736,
    0xff56, 0x6288, 0x2905, 0x20e4, 0x4a09, 0x20c4, 0x520a, 0x2905, 0x2103, 0x2103, 0x2103, 0x20e4,
    0x20e3, 0x20e4, 0x20e4, 0x20e3, 0x20e4, 0x522a, 0x5a2a, 0x20e4, 0x28e5, 0x522a, 0x2905, 0x526c,
    0x42d0, 0x42d0, 0x5310, 0x5310, 0x83ce, 0xa3ec, 0xac2d, 0x736e, 0x42af, 0x52ae, 0x8c31, 0x42af,
    0x736f, 0xac2e, 0x734e, 0x42b0, 0x3a6f, 0x3a6f, 0x3ad0, 0x734e, 0xac4d, 0xb44d, 0xb44d, 0xa42e,
    0x4207, 0x2185, 0x2185, 0x21a5, 0x21a5, 0x2984, 0xbcef, 0xbcce, 0xbcce, 0xbcce, 0xbcce, 0xb48d,
    0xbcaf, 0xa470, 0x9c51, 0x8c30, 0x9430, 0x8c30, 0x8410, 0x8c30, 0x8c30, 0x8430, 0x8430, 0x8430,
    0x8430, 0x8430, 0x8410, 0x8410, 0x840f, 0x7bf0, 0x7bf0, 0x7bf0, 0x7bef, 0x83f0, 0x7bf0, 0x8411,
    0x7bf0, 0x8410, 0x7bf0, 0x83f0, 0x7bf0, 0x7bf0, 0x7c10, 0x7bf0, 0x7bf0, 0x7bf0, 0x8410, 0x7bf0,
    0x7bf0, 0x73b0, 0x7bd0, 0x73d0, 0x73d0, 0x7bf0, 0x7bd0, 0x7bd0, 0x73d0, 0x73d0, 0x7bf0, 0x73f0,
    0x73b0, 0x7bd0, 0x73d0, 0x73d0, 0x73d0, 0x73b0, 0x73b0, 0x73d0, 0x7bf0, 0x73d0, 0x73b0, 0x73d0,
    0x73d0, 0x7bd0, 0x73cf, 0x7bd0, 0x7bcf, 0x73af, 0x632d, 0x49e6, 0x5a26, 0x5a27, 0x49e6, 0x4185,
    0x41a5, 0x49c6, 0x5248, 0x738f, 0x73af, 0x73af, 0x73af, 0x73af, 0x73af, 0x734e, 0xff39, 0xff36,
    0xf736, 0xf736, 0xf736, 0xf736, 0xff36, 0xf736, 0xf716, 0xf736, 0xf736, 0xf736, 0xf736, 0xf736,
    0xf736, 0xf736, 0xf736, 0xff36, 0xf736, 0xf736, 0xf717, 0xb4cf, 0xff57, 0xff38, 0x724b, 0xa246,
    0xd2a3, 0xb242, 0xe2e3, 0xdb04, 0xdbe9, 0xfe33, 0xe636, 0xeeda, 0xa514, 0x73d0, 0x6bd0, 0x6c53,
    0x74b5, 0x7537, 0x961a, 0x8df9, 0x961a, 0x963b, 0x85b9, 0x8578, 0x8d78, 0xae5a, 0xae3a, 0x8d57,
    0x74d5, 0xb6bc, 0xc6db, 0xc6db, 0xbe7b, 0xb69b, 0xb69b, 0xc6ba, 0xdf1c, 0xdf1c, 0xdf1c, 0xd6ba,
    0xf6d9, 0xff7b, 0xf75c, 0xe73b, 0xf7de, 0xf7bd, 0xf79d, 0xf79c, 0xce57, 0xfffe, 0xf79d, 0xff9d,
    0x7aec, 0x6a6a, 0xff18, 0xff37, 0x8369, 0xf716, 0xf736, 0xf736, 0xf736, 0xf736, 0xf736, 0xf736,
    0xf736, 0xf736, 0xf736, 0xf736, 0xf736, 0xf736, 0xf736, 0xff36, 0xf716, 0xf716, 0xf736, 0xf716,
    0xff56, 0x6aa9, 0x2905, 0x4a09, 0x3987, 0x20e4, 0x5a4b, 0x4187, 0x20e3, 0x2103, 0x2103, 0x20e4,
    0x18e3, 0x2104, 0x2104, 0x2104, 0x2104, 0x522a, 0x4a09, 0x2904, 0x41a8, 0x20a4, 0x3126, 0x524b,
    0x42d0, 0x4af1, 0x5310, 0x5330, 0x83ce, 0xa40c, 0xac2d, 0x7b8f, 0x42b0, 0x4a8e, 0x8bf1, 0x3a8e,
    0x6b4e, 0xac2e, 0x7b8f, 0x3a8f, 0x3a8f, 0x326f, 0x3ad0, 0x6b4e, 0xb46d, 0xb44c, 0xbc8e, 0x9c0d,
    0x31a5, 0x1985, 0x21c5, 0x19a5, 0x21a5, 0x2184, 0xa48e, 0xbcce, 0xbcce, 0xbcae, 0xbcae, 0xbcae,
    0xbcd0, 0x9c50, 0x9450, 0x9450, 0x8c30, 0x8c10, 0x8430, 0x8430, 0x8c50, 0x8430, 0x8450, 0x8430,
    0x8431, 0x8410, 0x8c50, 0x8430, 0x842f, 0x840f, 0x8410, 0x8410, 0x8410, 0x83f0, 0x8411, 0x7bf0,
    0x83f0, 0x83f0, 0x7c10, 0x7c10, 0x8410, 0x7c10, 0x7bf0, 0x7bf0, 0x7c10, 0x7bf0, 0x7bf0, 0x73cf,
    0x7bd0, 0x7bb0, 0x7bf0, 0x7bf0, 0x73d0, 0x73d0, 0x7bd0, 0x7bf1, 0x73d0, 0x7bf0, 0x73d0, 0x73b0,
    0x73b0, 0x73d0, 0x7bd0, 0x73d0, 0x73b0, 0x73d0, 0x73d0, 0x73d0, 0x7bf1, 0x73d0, 0x73d0, 0x73d0,
    0x73d0, 0x73cf, 0x73cf, 0x7bd0, 0x73d0, 0x73d0, 0x736e, 0x5a27, 0x7268, 0x82ea, 0x51a5, 0x4184,
    0x49c5, 0x41c6, 0x4a48, 0x73af, 0x73b0, 0x73af, 0x73b0, 0x73af, 0x73b0, 0x734f, 0xff39, 0xff56,
    0xf736, 0xf736, 0xf736, 0xf736, 0xf736, 0xf736, 0xf736, 0xf736, 0xf736, 0xf736, 0xf736, 0xf736,
    0xf736, 0xf736, 0xf736, 0xf716, 0xff36, 0xff36, 0xf736, 0xff38, 0xff38, 0xff57, 0xde36, 0x7a6a,
    0xb32a, 0xa36a, 0xee15, 0xd5d5, 0xd636, 0xce57, 0x7bef, 0xadb6, 0x8cd4, 0x7473, 0x7cd5, 0x6c94,
    0x6c95, 0x74d6, 0x85b9, 0x8dfa, 0x961a, 0x8db8, 0x8577, 0x95b8, 0x95b8, 0x95f9, 0x8db8, 0xae5a,
    0xbebb, 0xc6bb, 0xbebb, 0xae5a, 0xbebb, 0xbebb, 0xbe9b, 0xbe7a, 0xdf1c, 0xdf3c, 0xd6fb, 0xe678,
    0xca83, 0xd283, 0xdba9, 0xe50f, 0xfef9, 0xffbd, 0xffde, 0xffde, 0xce78, 0xffde, 0xffde, 0xbd76,
    0x728b, 0xff39, 0xff56, 0xde14, 0xf737, 0xff36, 0xf736, 0xf736, 0xf736, 0xf736, 0xf736, 0xf736,
    0xf736, 0xf736, 0xff36, 0xf736, 0xf736, 0xf736, 0xf716, 0xf716, 0xf736, 0xf716, 0xf736, 0xf736,
    0xf756, 0x6268, 0x3926, 0x2905, 0x3966, 0x2104, 0x41c8, 0x49c8, 0x20c3, 0x2103, 0x2103, 0x20e4,
    0x2103, 0x2103, 0x2103, 0x2103, 0x2103, 0x2103, 0x2104, 0x20e4, 0x3126, 0x28e5, 0x51ea, 0x4a2b,
    0x42f0, 0x4af0, 0x5330, 0x5b50, 0x83ae, 0xac2d, 0xac2d, 0x7baf, 0x42af, 0x52ce, 0x8c31, 0x426e,
    0x7bb0, 0xb46f, 0x7b8f, 0x3a8f, 0x42af, 0x328f, 0x42f1, 0x6b6e, 0xb48e, 0xbcad, 0xbc8d, 0x836a,
    0x31e6, 0x21a5, 0x21c5, 0x21a5, 0x21a5, 0x1984, 0x5aa7, 0xbcce, 0xbcad, 0xbcae, 0xb48e, 0xb48f,
    0xacb0, 0x9c50, 0x9470, 0x9450, 0x9450, 0x9470, 0x8c30, 0x9450, 0x942f, 0x9c70, 0x9c70, 0x8c50,
    0x8c50, 0x8430, 0x8430, 0x8430, 0x842f, 0x8430, 0x8410, 0x8410, 0x83f0, 0x7c10, 0x7c10, 0x7c10,
    0x8410, 0x8410, 0x8430, 0x7c10, 0x8410, 0x8410, 0x8410, 0x7c10, 0x7c10, 0x7c10, 0x7bf0, 0x7bf0,
    0x7bf0, 0x7bf0, 0x7bf1, 0x7bf0, 0x7c10, 0x7bf0, 0x73d0, 0x73d0, 0x7bf0, 0x73d0, 0x73d0, 0x73d0,
    0x73b0, 0x73d0, 0x73d0, 0x7bf1, 0x7bd0, 0x7bf0, 0x73d0, 0x73d0, 0x73d0, 0x73d0, 0x73d0, 0x73cf,
    0x7bd0, 0x73d0, 0x7bd0, 0x73cf, 0x73cf, 0x7bf0, 0x73ae, 0x5a27, 0x7a89, 0x934b, 0x6a27, 0x4164,
    0x49a5, 0x49e6, 0x5248, 0x73af, 0x73af, 0x73cf, 0x73d0, 0x73b0, 0x73af, 0x734e, 0xff39, 0xff36,
    0xf736, 0xf736, 0xf736, 0xff36, 0xf736, 0xf736, 0xf736, 0xf736, 0xf736, 0xf736, 0xf736, 0xf736,
    0xf736, 0xf736, 0xf736, 0xf736, 0xf736, 0xf736, 0xf736, 0xf736, 0xe675, 0xff37, 0xff36, 0x9bee,
    0x728c, 0x8bf0, 0xb5b5, 0xc616, 0x9cd1, 0x7bef, 0x5aec, 0x7bd0, 0x8473, 0x7c73, 0x7494, 0x8516,
    0x7d16, 0x8577, 0x8577, 0x8d78, 0x9db8, 0xae39, 0xbe9b, 0xbe9a, 0xae19, 0xa619, 0xbebb, 0xc6bb,
    0xbedb, 0xbe9b, 0xa619, 0xae3a, 0xbe9b, 0xcedb, 0xd6fc, 0xce9a, 0xdefc, 0xd6fc, 0xcefb, 0xee99,
    0xd283, 0xea61, 0xea60, 0xe260, 0xe282, 0xd2c3, 0xdbea, 0xfe55, 0xcd93, 0xffbd, 0xffbe, 0x6a8b,
    0xee97, 0xff57, 0xff38, 0xff58, 0xf736, 0xf736, 0xf736, 0xf736, 0xf736, 0xf736, 0xff36, 0xf736,
    0xf736, 0xf736, 0xf736, 0xf736, 0xf736, 0xf736, 0xf716, 0xf736, 0xf736, 0xf736, 0xf736, 0xf736,
    0xff56, 0x5a47, 0x49a8, 0x28e5, 0x41a8, 0x2104, 0x2103, 0x20e3, 0x20e3, 0x2103, 0x2103, 0x20e4,
    0x2103, 0x2104, 0x2103, 0x2103, 0x2104, 0x2104, 0x2104, 0x2104, 0x3146, 0x49e9, 0x5a2a, 0x4a4b,
    0x4af0, 0x4af0, 0x5351, 0x5b50, 0x83ae, 0xac2d, 0xac4d, 0x83af, 0x4acf, 0x52ce, 0x8c32, 0x4ab0,
    0x83d0, 0xb46f, 0x62ed, 0x3a90, 0x42b0, 0x3a90, 0x42f0, 0x73af, 0xbcae, 0xbcad, 0xc4cd, 0x72e8,
    0x29c5, 0x21a5, 0x21c5, 0x19a5, 0x21c5, 0x1984, 0x4a46, 0xbcce, 0xbcae, 0xbc8d, 0xb48e, 0xac90,
    0xa490, 0x9c4f, 0xa490, 0xa470, 0x9c4f, 0xa490, 0xa46f, 0xa44f, 0xac6f, 0xac8f, 0x9c4e, 0x9450,
    0x8c50, 0x8c51, 0x8430, 0x8410, 0x8451, 0x8430, 0x8430, 0x8410, 0x8430, 0x8410, 0x8411, 0x8411,
    0x7c11, 0x7c10, 0x8431, 0x8410, 0x8410, 0x7c31, 0x7c31, 0x8430, 0x7bf0, 0x7bf1, 0x7bf1, 0x7bf1,
    0x7bf0, 0x7bf0, 0x7bf0, 0x7bf0, 0x7c10, 0x7bf1, 0x73d0, 0x7bf0, 0x73f0, 0x73d0, 0x7bf0, 0x73d0,
    0x7bd0, 0x7bf0, 0x73d0, 0x7bd0, 0x73d0, 0x7bf0, 0x7bd0, 0x7bf0, 0x73d0, 0x7bf0, 0x7bf0, 0x7bf0,
    0x7bf0, 0x7bd0, 0x7bf0, 0x7bf0, 0x7bf0, 0x7c10, 0x7bce, 0x6a68, 0x82a9, 0x8b2b, 0x6a06, 0x4944,
    0x4185, 0x5207, 0x4a28, 0x7bcf, 0x73cf, 0x73d0, 0x7bf0, 0x73d0, 0x73b0, 0x736f, 0xf739, 0xff36,
    0xf736, 0xf736, 0xf736, 0xf736, 0xf736, 0xf736, 0xff36, 0xf736, 0xf736, 0xf736, 0xf736, 0xf736,
    0xf736, 0xf736, 0xf736, 0xf736, 0xff36, 0xf736, 0xf736, 0xf736, 0xf716, 0xeed7, 0xff37, 0xff57,
    0xde37, 0x72ad, 0xff7d, 0xef1a, 0xde98, 0xd616, 0x8bad, 0x73af, 0x6b6f, 0x73d0, 0x7c11, 0x7c32,
    0x8cf5, 0x9536, 0x9556, 0x9d97, 0xa577, 0xa5b8, 0xa5b7, 0x9db7, 0xae19, 0xb639, 0xbe5a, 0xb639,
    0xb619, 0xbe59, 0xc69b, 0xc67a, 0xbe7a, 0xd6fc, 0xdefc, 0xdefc, 0xd71c, 0xcedb, 0xcedb, 0xdefc,
    0xff7c, 0xfdf3, 0xc2c4, 0xe261, 0xf260, 0xfa60, 0xfa80, 0xf2c1, 0xe2e4, 0xa2e9, 0x6a4b, 0xff59,
    0xff57, 0xff38, 0xe654, 0xff36, 0xf716, 0xff36, 0xf736, 0xf736, 0xff36, 0xf736, 0xf736, 0xf736,
    0xf736, 0xff36, 0xf736, 0xf736, 0xf736, 0xf736, 0xf736, 0xf736, 0xf736, 0xf736, 0xf736, 0xf736,
    0xff56, 0x5206, 0x51e9, 0x5209, 0x3987, 0x2104, 0x2104, 0x20e4, 0x20e4, 0x2103, 0x2104, 0x20e4,
    0x2104, 0x2103, 0x20e3, 0x2104, 0x520a, 0x522a, 0x3966, 0x2124, 0x2104, 0x522a, 0x5a4b, 0x4a4a,
    0x4b11, 0x4b10, 0x5330, 0x6371, 0x83cf, 0xac2d, 0xac4d, 0x83f0, 0x4aef, 0x5b0f, 0x8c31, 0x42af,
    0x83f0, 0xb48f, 0x5aed, 0x328f, 0x42d0, 0x3ab0, 0x42f1, 0x7bcf, 0xbcce, 0xc4cd, 0xc4ee, 0x7b29,
    0x29c5, 0x21c5, 0x21c5, 0x19a4, 0x1984, 0x1984, 0x31c4, 0xb4ef, 0xbcae, 0xbcae, 0xac6f, 0xa491,
    0xa470, 0xac90, 0xa490, 0xa4b0, 0xa490, 0xacb0, 0xac8f, 0xac8f, 0xb48f, 0xb48e, 0xacaf, 0x9c4f,
    0x8c50, 0x8450, 0x8430, 0x8431, 0x8c51, 0x8431, 0x8431, 0x8451, 0x8430, 0x8410, 0x8431, 0x8431,
    0x7c31, 0x7c11, 0x7c31, 0x8431, 0x8431, 0x7c11, 0x7c11, 0x7c31, 0x7c11, 0x7c11, 0x7c11, 0x7bf1,
    0x7bf0, 0x8410, 0x8410, 0x7bf0, 0x7c10, 0x7bf0, 0x7bf0, 0x7bf0, 0x7bf0, 0x7bf0, 0x7bf0, 0x73d0,
    0x7bf1, 0x7bf0, 0x7bd0, 0x7bf1, 0x7bf1, 0x7bd0, 0x7bf0, 0x7bf0, 0x7bf0, 0x7bf0, 0x8411, 0x7c11,
    0x7c11, 0x7bf0, 0x7bf0, 0x8411, 0x8410, 0x7c10, 0x83ef, 0x6268, 0x82a9, 0x8b2b, 0x6206, 0x4964,
    0x4985, 0x49e6, 0x4a27, 0x7bf0, 0x7bf0, 0x7bf0, 0x7bf0, 0x73d0, 0x7bf1, 0x736f, 0xf719, 0xff36,
    0xf736, 0xf736, 0xf736, 0xf736, 0xf736, 0xff36, 0xf736, 0xf736, 0xf736, 0xf736, 0xf736, 0xf736,
    0xf736, 0xf736, 0xf736, 0xf736, 0xf736, 0xff36, 0xf736, 0xf736, 0xf716, 0xf737, 0x7b28, 0xff37,
    0xff58, 0xe698, 0x728c, 0xcd95, 0xedd3, 0xbb07, 0x8a23, 0x7b4c, 0x6b6e, 0x73af, 0x8c93, 0x94f5,
    0xa5d8, 0x9597, 0x9db8, 0xa5b7, 0xa5b7, 0xa5d7, 0xa5d7, 0xa598, 0xa5d8, 0xb619, 0xb639, 0xbe39,
    0xbe59, 0xbe59, 0xc67a, 0xc67a, 0xc69a, 0xd6fc, 0xdefc, 0xdefc, 0xd6fc, 0xcefc, 0xd73c, 0xe75c,
    0xf7de, 0xf7bd, 0xff9c, 0xfe13, 0xcac3, 0xe281, 0xf260, 0xf2a1, 0xba87, 0x7a6a, 0xc573, 0xff57,
    0xff37, 0xc551, 0xf736, 0xf736, 0xf736, 0xf736, 0xff36, 0xf736, 0xf736, 0xf736, 0xf736, 0xf736,
    0xf736, 0xf736, 0xf736, 0xf736, 0xf736, 0xf736, 0xf736, 0xf736, 0xf736, 0xf736, 0xf736, 0xf736,
    0xff56, 0x5226, 0x51ea, 0x520a, 0x20e4, 0x2103, 0x5a4a, 0x5a2b, 0x520a, 0x2104, 0x20e3, 0x2104,
    0x2103, 0x2103, 0x20e3, 0x20e4, 0x5a0a, 0x3967, 0x5a8b, 0x2104, 0x3967, 0x5a2b, 0x520a, 0x528b,
    0x4b11, 0x5330, 0x5350, 0x5b4f, 0x8bef, 0xac4d, 0x8b6a, 0x6b6e, 0x4b10, 0x52ee, 0x9472, 0x52ef,
    0x9410, 0xb48f, 0x630d, 0x42f1, 0x42d0, 0x42d1, 0x4311, 0x7baf, 0xc4ee, 0xccee, 0xc4ee, 0x41e5,
    0x29a5, 0x19a4, 0x21a5, 0x21a5, 0x1984, 0x1984, 0x29a4, 0xacaf, 0xc4ef, 0xbcd0, 0xa491, 0xa491,
    0xacb0, 0xac6f, 0xa4b0, 0xa490, 0xa490, 0xa4b0, 0xac8f, 0xac8e, 0xac8f, 0xb48e, 0xac8e, 0xa48f,
    0x9450, 0x8c50, 0x8c50, 0x8c51, 0x8450, 0x8430, 0x8450, 0x8430, 0x8451, 0x8430, 0x8430, 0x7c10,
    0x7c31, 0x7c31, 0x8431, 0x8451, 0x8431, 0x7c31, 0x7c31, 0x8431, 0x7c31, 0x7c11, 0x7c11, 0x7c11,
    0x7bf1, 0x8411, 0x7c11, 0x8411, 0x7c10, 0x7c10, 0x7c10, 0x7bf0, 0x7bf0, 0x7bf0, 0x7bf1, 0x7bf0,
    0x7bf1, 0x7bf0, 0x7bd0, 0x8411, 0x7c10, 0x7bf0, 0x7bf1, 0x7bf0, 0x7bf1, 0x7c10, 0x7c10, 0x8411,
    0x7c11, 0x7bf0, 0x7bf0, 0x7bf0, 0x7bf0, 0x8431, 0x840f, 0x6247, 0x8288, 0x8b2a, 0x6a06, 0x4123,
    0x51c5, 0x49e6, 0x5248, 0x8410, 0x7bf0, 0x7bf0, 0x7bf0, 0x7bf0, 0x73f0, 0x738f, 0xf719, 0xff36,
    0xf736, 0xf736, 0xf736, 0xff36, 0xf736, 0xf716, 0xf736, 0xf736, 0xf736, 0xf736, 0xf736, 0xf736,
    0xf736, 0xf736, 0xf736, 0xf736, 0xf736, 0xf736, 0xf736, 0xf716, 0xf736, 0xf736, 0xf737, 0x7308,
    0xff58, 0xff57, 0xb4d1, 0x726b, 0x9a67, 0xca62, 0xba83, 0x832b, 0x7bf0, 0x94f5, 0xa5f9, 0xae7a,
    0xae7a, 0xa639, 0xa659, 0xb67a, 0xb67a, 0xae7a, 0xb67a, 0xae3a, 0xb65a, 0xb639, 0xb65a, 0xbe9a,
    0xce9a, 0xd6fb, 0xd6fb, 0xd6fb, 0xd6fb, 0xd6fb, 0xd71c, 0xd71c, 0xcefc, 0xcefc, 0xdefc, 0xe698,
    0xff5b, 0xffbd, 0xf7be, 0xf7bd, 0xff9b, 0xfe34, 0xd346, 0xa226, 0x7a6a, 0xee98, 0xff57, 0xff38,
    0xb4cf, 0xff37, 0xf736, 0xf736, 0xf736, 0xf736, 0xf736, 0xf736, 0xf736, 0xf736, 0xf736, 0xf736,
    0xf736, 0xf736, 0xf736, 0xf736, 0xf736, 0xf736, 0xf736, 0xf736, 0xf716, 0xf736, 0xf736, 0xf736,
    0xff56, 0x5247, 0x5a0a, 0x5a2b, 0x3146, 0x2103, 0x522a, 0x51c9, 0x5a0b, 0x20e4, 0x18e3, 0x20e4,
    0x2103, 0x2103, 0x2103, 0x2103, 0x5a4a, 0x5a2a, 0x3966, 0x41a8, 0x522a, 0x3146, 0x51e9, 0x4a6b,
    0x4b31, 0x4b31, 0x5350, 0x5aec, 0x940e, 0xb48e, 0x7b4a, 0x52ab, 0x5331, 0x5b2f, 0x9c71, 0x4a29,
    0x72a8, 0xbcaf, 0x6b2e, 0x42f0, 0x4b11, 0x42d0, 0x4b52, 0x73af, 0xc4ee, 0xcced, 0xbcce, 0x2984,
    0x2184, 0x21a5, 0x29c5, 0x21a4, 0x29c5, 0x21c5, 0x31e5, 0x8c2e, 0xac90, 0xacb0, 0xa4b1, 0xa4b1,
    0xacb0, 0xacaf, 0xacaf, 0xa490, 0x9cb0, 0xa4b0, 0xa490, 0xacd0, 0xacb0, 0xac8f, 0xac6f, 0xac8f,
    0x9c4f, 0x9450, 0x8c71, 0x8c50, 0x8c71, 0x8451, 0x8451, 0x8451, 0x8451, 0x8451, 0x8c51, 0x8451,
    0x8431, 0x8431, 0x8431, 0x8431, 0x8431, 0x8431, 0x7c31, 0x7c11, 0x7c11, 0x7c11, 0x7c11, 0x7c11,
    0x7c11, 0x7c11, 0x7c10, 0x7bf0, 0x7bf0, 0x7c11, 0x7c10, 0x73f0, 0x7c10, 0x7bf1, 0x7c10, 0x7c11,
    0x7bf0, 0x7c10, 0x7c10, 0x7bf0, 0x7c10, 0x7bf0, 0x7c10, 0x7c11, 0x7c10, 0x7c11, 0x7c11, 0x7c10,
    0x7c11, 0x8411, 0x7c10, 0x8431, 0x7c31, 0x8431, 0x842f, 0x6268, 0x7a68, 0x932a, 0x7226, 0x4963,
    0x51a5, 0x5206, 0x5248, 0x8430, 0x7c10, 0x7c10, 0x7bf0, 0x7bf0, 0x7bf1, 0x7b8f, 0xff19, 0xff36,
    0xf736, 0xf736, 0xf736, 0xf736, 0xff36, 0xf736, 0xf736, 0xf736, 0xf736, 0xf736, 0xf736, 0xf736,
    0xf736, 0xf736, 0xf736, 0xf736, 0xf716, 0xf716, 0xf736, 0xff36, 0xf736, 0xf736, 0xf736, 0xf737,
    0xd614, 0xff38, 0xff36, 0xff39, 0x6a69, 0x8249, 0xaa87, 0x93ef, 0xa5d8, 0x9df9, 0xa63a, 0xae7a,
    0x8d77, 0xae7a, 0xae7b, 0xae7a, 0xb67a, 0xae7a, 0xae7a, 0xb69a, 0xb69b, 0xbedb, 0xbebb, 0xbe9a,
    0xd6fb, 0xd6fb, 0xd6db, 0xd6fc, 0xd6fb, 0xd6fc, 0xbe9a, 0xcefc, 0xd71c, 0xcefb, 0xdefb, 0xdcae,
    0xe304, 0xcb88, 0xfed7, 0xf7bd, 0xf79d, 0xff7e, 0x620a, 0x6a48, 0xff38, 0xff57, 0xff38, 0xff38,
    0xf716, 0xf736, 0xf736, 0xff36, 0xf736, 0xf736, 0xf736, 0xf736, 0xf736, 0xf736, 0xf736, 0xf736,
    0xf736, 0xf736, 0xf736, 0xf736, 0xf736, 0xf736, 0xf736, 0xf736, 0xf736, 0xf736, 0xf736, 0xf736,
    0xff56, 0x5226, 0x51ea, 0x2905, 0x5209, 0x4187, 0x3126, 0x5a0b, 0x520a, 0x2103, 0x20e4, 0x20e4,
    0x2103, 0x2104, 0x2103, 0x2103, 0x20e4, 0x520a, 0x51ca, 0x20c4, 0x2104, 0x2905, 0x5a4b, 0x4a6c,
    0x5352, 0x5330, 0x5b70, 0x5b2d, 0x8c0d, 0x838b, 0x5a88, 0x6b4e, 0x5330, 0x632f, 0xa491, 0x836c,
    0x8329, 0xbcaf, 0x6b2e, 0x4af1, 0x4b31, 0x3ab0, 0x4b31, 0x7bcf, 0xcd0e, 0xcced, 0x9bec, 0x2184,
    0x1984, 0x1984, 0x21c5, 0x2184, 0x21c5, 0x21c5, 0x3206, 0x6b4b, 0xa4b1, 0xa4b1, 0xa4d1, 0xacd1,
    0xa491, 0xa490, 0xacaf, 0xa4b0, 0x9cb0, 0xa4b0, 0xa4b0, 0xa490, 0xa4b0, 0xa490, 0xa490, 0xac8f,
    0xa46f, 0x9c70, 0x8c50, 0x8c51, 0x8c51, 0x8471, 0x8471, 0x8451, 0x8452, 0x8431, 0x8431, 0x8451,
    0x7c31, 0x8451, 0x8431, 0x8431, 0x7c32, 0x7c31, 0x7c31, 0x7c31, 0x8431, 0x8452, 0x7c31, 0x7c31,
    0x7c10, 0x7c11, 0x7c11, 0x7c31, 0x7c11, 0x7c11, 0x7bf1, 0x7c10, 0x7c10, 0x7bf0, 0x7c11, 0x7bf0,
    0x7c11, 0x8411, 0x83f1, 0x7c10, 0x7c10, 0x7c11, 0x7c11, 0x7c11, 0x8431, 0x7c31, 0x8431, 0x7c31,
    0x7c11, 0x8411, 0x8431, 0x7c31, 0x7c31, 0x8431, 0x8430, 0x6247, 0x8288, 0x934b, 0x7226, 0x4963,
    0x51a4, 0x51e6, 0x5248, 0x8410, 0x7c11, 0x7bf1, 0x7c11, 0x7c10, 0x7c11, 0x7baf, 0xf719, 0xff36,
    0xf736, 0xf736, 0xf736, 0xf736, 0xf736, 0xf736, 0xf736, 0xf736, 0xf736, 0xf736, 0xf736, 0xf736,
    0xf736, 0xf736, 0xf736, 0xf736, 0xf716, 0xf736, 0xf736, 0xf736, 0xf736, 0xf736, 0xf736, 0xf736,
    0xf716, 0xf6f7, 0xff58, 0xff36, 0xff37, 0x93ad, 0x7a8b, 0x8bf1, 0xa577, 0x9d97, 0x9dd8, 0xa5d8,
    0x8d37, 0xae3a, 0xa5f8, 0x9db8, 0xa5f8, 0xa5f9, 0xadf8, 0xae39, 0xb639, 0xbe59, 0xc69a, 0xc69a,
    0xce9a, 0xc69a, 0xc67a, 0xce9a, 0xcefb, 0xc69a, 0xbe79, 0xbe9a, 0xce9a, 0xc69a, 0xb575, 0xb348,
    0xdb03, 0xd2e3, 0xbaa4, 0xd573, 0x8baf, 0x6a4b, 0x72aa, 0xff37, 0xff36, 0xff58, 0xeed7, 0xf716,
    0xf736, 0xff36, 0xf736, 0xf736, 0xf736, 0xf736, 0xf736, 0xf736, 0xf736, 0xf736, 0xf736, 0xf736,
    0xf736, 0xf736, 0xf736, 0xf736, 0xf736, 0xff36, 0xf736, 0xf736, 0xf736, 0xf716, 0xf736, 0xf736,
    0xff56, 0x5227, 0x51ea, 0x2104, 0x20e4, 0x3947, 0x5a0a, 0x520a, 0x20e4, 0x2103, 0x2104, 0x20e4,
    0x2104, 0x2103, 0x2103, 0x20e3, 0x41a8, 0x51ea, 0x520a, 0x51ea, 0x49e8, 0x2905, 0x5a4b, 0x3a0a,
    0x4b10, 0x5350, 0x5b70, 0x5b2d, 0x6b2a, 0x2943, 0x3164, 0x632d, 0x5330, 0x5b2f, 0x41e6, 0x838c,
    0xb4af, 0xac6e, 0x630d, 0x4b10, 0x52ef, 0x530f, 0x4b30, 0x8c0f, 0xd52f, 0xcd0e, 0x5a66, 0x1964,
    0x1984, 0x1964, 0x21a5, 0x19a5, 0x19c5, 0x19c5, 0x21e6, 0x3a27, 0xa4f2, 0x9cb2, 0x9cb2, 0xa4b1,
    0xa4b1, 0xa4b1, 0xacb1, 0xacaf, 0xa4b0, 0xa4d1, 0xa4b0, 0xa4d1, 0xa4d1, 0xa4b0, 0xa490, 0xa48f,
    0xa470, 0x9c90, 0x9471, 0x8c91, 0x8c71, 0x8471, 0x8c52, 0x8452, 0x8452, 0x8451, 0x8451, 0x8431,
    0x8452, 0x8452, 0x8451, 0x8451, 0x8451, 0x8432, 0x7c31, 0x8431, 0x8432, 0x8452, 0x7c31, 0x7c31,
    0x7c31, 0x7c11, 0x7c11, 0x7c11, 0x7c11, 0x7c11, 0x7c11, 0x7c11, 0x7c11, 0x7c11, 0x7c11, 0x7c11,
    0x8431, 0x8411, 0x7c10, 0x7c10, 0x7c10, 0x8431, 0x7c30, 0x8431, 0x8411, 0x8431, 0x7c10, 0x8431,
    0x8411, 0x8431, 0x8431, 0x8431, 0x8431, 0x8431, 0x8c30, 0x6247, 0x7a68, 0x932b, 0x7226, 0x5163,
    0x5184, 0x51e5, 0x5248, 0x8430, 0x8411, 0x8411, 0x7c31, 0x8431, 0x7c11, 0x7b8f, 0xf719, 0xff36,
    0xf736, 0xf736, 0xf736, 0xf736, 0xf736, 0xf716, 0xf716, 0xf736, 0xf736, 0xf736, 0xff36, 0xf736,
    0xf736, 0xf736, 0xf736, 0xf736, 0xf736, 0xf736, 0xf736, 0xf736, 0xf736, 0xf736, 0xf736, 0xf736,
    0xf736, 0xf716, 0xff18, 0xeed6, 0xff37, 0xff37, 0xde36, 0x6aab, 0x6aad, 0x20c4, 0x2104, 0x2104,
    0x1904, 0x2124, 0x2124, 0x1903, 0x1903, 0x1903, 0x18e3, 0x18e3, 0x1903, 0x1903, 0x2104, 0x2124,
    0x2103, 0x2124, 0x2104, 0x2103, 0x2103, 0x2103, 0x18e3, 0x18e3, 0x1903, 0x2103, 0x2103, 0x28e2,
    0x30e2, 0x30e1, 0x38c1, 0x728b, 0x6a6a, 0xf719, 0xff37, 0xf717, 0xb510, 0xff38, 0xf736, 0xf736,
    0xf736, 0xf736, 0xf736, 0xf736, 0xf736, 0xf736, 0xf736, 0xf736, 0xf736, 0xf736, 0xf736, 0xff36,
    0xf736, 0xf736, 0xf736, 0xf736, 0xf736, 0xf736, 0xf736, 0xf716, 0xf736, 0xf716, 0xf736, 0xf716,
    0xff56, 0x49e6, 0x520a, 0x3966, 0x41a7, 0x520a, 0x520a, 0x51ea, 0x3987, 0x18e3, 0x2103, 0x20e3,
    0x2103, 0x2103, 0x18e3, 0x2104, 0x51ea, 0x3126, 0x20e4, 0x20e4, 0x522a, 0x522a, 0x41a8, 0x420a,
    0x4b30, 0x532e, 0x6b8d, 0x73ad, 0x73ab, 0x8c2d, 0x6b2a, 0x5aec, 0x5331, 0x530f, 0x5a88, 0x9c2e,
    0xacaf, 0x8349, 0x52cc, 0x4af0, 0x7bf0, 0x52ed, 0x5351, 0x8c0f, 0xcd2e, 0xccee, 0x4205, 0x19a4,
    0x1984, 0x1984, 0x21c5, 0x19a5, 0x19e5, 0x21c5, 0x2206, 0x3206, 0xa513, 0x9cd2, 0x94b2, 0x9cd2,
    0xa4d2, 0xa4b1, 0xa491, 0xacd1, 0xacb0, 0xa4d0, 0x9cb0, 0xa4d0, 0xa4d1, 0xa4d0, 0xa4b0, 0x9c90,
    0x9470, 0x9491, 0x8451, 0x8c92, 0x8c72, 0x8c72, 0x8c72, 0x8c71, 0x8451, 0x8472, 0x8452, 0x8471,
    0x8452, 0x8451, 0x8452, 0x8451, 0x8451, 0x8472, 0x8452, 0x8452, 0x8432, 0x7c52, 0x7c31, 0x7c31,
    0x7c31, 0x7c31, 0x8431, 0x7c31, 0x7c31, 0x8452, 0x7c11, 0x7c51, 0x7c31, 0x7c11, 0x8431, 0x8431,
    0x8411, 0x8431, 0x8431, 0x8431, 0x8410, 0x8451, 0x7c30, 0x8431, 0x8451, 0x8431, 0x8431, 0x8411,
    0x8411, 0x8431, 0x8431, 0x8451, 0x8431, 0x8451, 0x8c30, 0x6226, 0x82c9, 0x8b2a, 0x7226, 0x4943,
    0x51a4, 0x51e5, 0x5227, 0x8430, 0x8431, 0x8432, 0x8451, 0x7c31, 0x8431, 0x7baf, 0xf719, 0xff36,
    0xf736, 0xff36, 0xf736, 0xf716, 0xf736, 0xf736, 0xf736, 0xf736, 0xf736, 0xf736, 0xf736, 0xf736,
    0xf736, 0xf736, 0xf736, 0xf736, 0xf736, 0xf736, 0xf736, 0xf736, 0xff16, 0xf736, 0xf736, 0xf736,
    0xf736, 0xf736, 0xf736, 0xff38, 0x8369, 0xff38, 0xff57, 0xff59, 0x9c2f, 0x6a8c, 0x628b, 0x20c3,
    0x2103, 0x2103, 0x2103, 0x2103, 0x2103, 0x20e3, 0x2103, 0x2103, 0x20e3, 0x2103, 0x2103, 0x2103,
    0x2103, 0x2103, 0x2103, 0x2103, 0x2123, 0x2103, 0x2103, 0x2103, 0x20e3, 0x2103, 0x2103, 0x2103,
    0x2904, 0x6a8c, 0x72cc, 0xb4d1, 0xff79, 0xff57, 0xff58, 0x93eb, 0xf737, 0xff36, 0xf736, 0xf736,
    0xf736, 0xf736, 0xf736, 0xf716, 0xf736, 0xf736, 0xf736, 0xf736, 0xf736, 0xf736, 0xf736, 0xf736,
    0xf736, 0xf736, 0xf736, 0xf716, 0xf736, 0xf736, 0xf736, 0xf736, 0xf736, 0xf736, 0xf736, 0xf736,
    0xff56, 0x4a06, 0x41a8, 0x520a, 0x520a, 0x2924, 0x2905, 0x3926, 0x5a0a, 0x2104, 0x18e3, 0x20e4,
    0x2103, 0x2103, 0x20e3, 0x20e4, 0x51ea, 0x5a0a, 0x49e9, 0x2104, 0x2104, 0x5a0a, 0x51ea, 0x31c9,
    0x4b30, 0x638f, 0x73ae, 0x634b, 0x630a, 0x6b6a, 0x2964, 0x8431, 0x5331, 0x530f, 0x62c9, 0xa490,
    0x9c4e, 0x836a, 0x634d, 0x4b30, 0x5b4e, 0x6390, 0x4b51, 0x8410, 0xcd0e, 0xc4ef, 0x4247, 0x1984,
    0x1984, 0x19a4, 0x29c5, 0x19c5, 0x19e5, 0x21e5, 0x3a47, 0x2a06, 0x9d13, 0x9cd2, 0x9cd2, 0x9cd2,
    0x9492, 0x9cb1, 0xa4b1, 0xa4b1, 0xa4d1, 0xa4b0, 0xa4b0, 0xa4b0, 0xacd1, 0x9cb1, 0x9cb1, 0x9cb1,
    0x9492, 0x8c71, 0x8c92, 0x8c92, 0x8c92, 0x8c72, 0x8c92, 0x8c72, 0x8472, 0x8472, 0x8c92, 0x8472,
    0x8452, 0x8452, 0x8452, 0x8452, 0x8431, 0x8451, 0x8451, 0x8451, 0x8452, 0x7c51, 0x8452, 0x7c31,
    0x7c31, 0x8452, 0x7c31, 0x8452, 0x8431, 0x7c52, 0x8431, 0x8452, 0x8431, 0x8431, 0x7c10, 0x8431,
    0x8431, 0x8411, 0x8431, 0x8431, 0x8451, 0x8431, 0x8451, 0x8431, 0x8431, 0x8431, 0x8451, 0x8451,
    0x8451, 0x8451, 0x8431, 0x8472, 0x8472, 0x8451, 0x8c50, 0x6a48, 0x7a68, 0x9b6c, 0x7a06, 0x4943,
    0x51a4, 0x51e6, 0x5a68, 0x8c71, 0x8451, 0x8451, 0x8451, 0x8431, 0x8431, 0x83d0, 0xf719, 0xff36,
    0xf736, 0xf736, 0xf736, 0xf736, 0xf716, 0xf736, 0xf736, 0xf736, 0xf736, 0xf736, 0xff36, 0xf736,
    0xf736, 0xf736, 0xf736, 0xf716, 0xf736, 0xf736, 0xf736, 0xf736, 0xf736, 0xf736, 0xf736, 0xf736,
    0xff36, 0xf736, 0xf736, 0xff36, 0xf737, 0xff17, 0xacaf, 0xff37, 0xff57, 0xff17, 0xe657, 0x6249,
    0x6a8c, 0x5a4b, 0x20c3, 0x20c3, 0x20c3, 0x20c2, 0x20c2, 0x20e3, 0x2103, 0x28e3, 0x28e2, 0x28e2,
    0x2103, 0x2903, 0x28c2, 0x28e2, 0x28e2, 0x2903, 0x2103, 0x20c3, 0x20c3, 0x20a3, 0x5a4a, 0x626b,
    0x6249, 0xee77, 0xff58, 0xff57, 0xff58, 0x8bcb, 0xff58, 0xff36, 0xf736, 0xf736, 0xf736, 0xf736,
    0xf736, 0xf736, 0xf736, 0xf736, 0xf736, 0xf716, 0xff36, 0xf736, 0xf736, 0xf736, 0xf736, 0xf736,
    0xf736, 0xf716, 0xf736, 0xf736, 0xf736, 0xf736, 0xf736, 0xf736, 0xf716, 0xf736, 0xf736, 0xf736,
    0xff56, 0x4a06, 0x5a0a, 0x59eb, 0x2904, 0x2104, 0x51e9, 0x5a0a, 0x5a0a, 0x20e4, 0x20e3, 0x18e3,
    0x2103, 0x2103, 0x20e4, 0x2104, 0x20c4, 0x3146, 0x2104, 0x2104, 0x3166, 0x522a, 0x51ea, 0x31c9,
    0x4aef, 0x5b6f, 0x6b8d, 0x738d, 0x632b, 0x4225, 0x6b8b, 0x8c72, 0x5351, 0x530f, 0x6aca, 0x9c6f,
    0x83ac, 0x836a, 0x52cc, 0x4b31, 0x8cd4, 0x4aee, 0x4b31, 0x7c11, 0xbd11, 0xb4d0, 0x3a47, 0x19a4,
    0x21a4, 0x1984, 0x2184, 0x21c5, 0x19c5, 0x21c5, 0x2a26, 0x2a06, 0x4aca, 0xa4f3, 0xa4d2, 0xa4d1,
    0x9cb1, 0x9cb1, 0x9cb2, 0x9cb2, 0x9491, 0xacd1, 0xacd0, 0xacd0, 0xa4d0, 0xa4d1, 0x9491, 0x9491,
    0x8c92, 0x8cb2, 0x8c92, 0x8c92, 0x94b2, 0x94b2, 0x8cb2, 0x9491, 0x7bce, 0x9471, 0x8c71, 0x8c71,
    0x8c71, 0x8471, 0x8472, 0x8472, 0x8472, 0x8452, 0x8451, 0x8451, 0x8431, 0x8472, 0x8451, 0x8452,
    0x8452, 0x8452, 0x7c31, 0x8451, 0x8451, 0x8452, 0x8411, 0x7c51, 0x8431, 0x8431, 0x8431, 0x8451,
    0x8451, 0x8451, 0x8451, 0x8451, 0x8451, 0x8451, 0x8c51, 0x8c51, 0x8431, 0x8451, 0x8472, 0x8451,
    0x8431, 0x8451, 0x8451, 0x8451, 0x8451, 0x8451, 0x8c50, 0x6a68, 0x7a68, 0xa38c, 0x7a06, 0x4943,
    0x51c4, 0x51c5, 0x5248, 0x8c71, 0x8451, 0x8c51, 0x8451, 0x8451, 0x8431, 0x8bf0, 0xf719, 0xff36,
    0xf736, 0xf736, 0xf736, 0xf716, 0xf736, 0xf736, 0xf736, 0xf716, 0xf736, 0xf736, 0xf736, 0xf736,
    0xf736, 0xf736, 0xf736, 0xf736, 0xf736, 0xf736, 0xf736, 0xf736, 0xf736, 0xf736, 0xf736, 0xf736,
    0xf736, 0xf736, 0xf736, 0xf736, 0xf736, 0xff36, 0xf6f6, 0xe675, 0xcdd3, 0xff17, 0xff57, 0xf737,
    0xff59, 0x6aaa, 0x72ab, 0x72ac, 0x7acd, 0x8aab, 0xa36d, 0xff3c, 0xff5c, 0xa308, 0xaa86, 0xa349,
    0xffbc, 0xff7b, 0xb34a, 0xb2e7, 0xd512, 0xff5d, 0xacb3, 0x6aac, 0x72ac, 0x728b, 0x72cb, 0xff19,
    0xff37, 0xff36, 0xff37, 0xb4ef, 0xff38, 0xf717, 0xff36, 0xff36, 0xf736, 0xf736, 0xf736, 0xf736,
    0xff36, 0xf736, 0xf736, 0xf736, 0xf736, 0xf736, 0xf736, 0xf736, 0xf736, 0xf736, 0xf736, 0xf736,
    0xf736, 0xf716, 0xf736, 0xf736, 0xf736, 0xf736, 0xf736, 0xf736, 0xf736, 0xf736, 0xf736, 0xf736,
    0xff56, 0x4a05, 0x5a0a, 0x520a, 0x2904, 0x2104, 0x2104, 0x2104, 0x20c4, 0x20e3, 0x20e4, 0x20e3,
    0x2104, 0x20e4, 0x20e4, 0x20e3, 0x2103, 0x20e4, 0x2103, 0x2904, 0x41c8, 0x2905, 0x51ea, 0x528b,
    0x7c53, 0x5b4e, 0x6b8e, 0x738d, 0x62ea, 0x2984, 0x2143, 0x7c10, 0x5350, 0x634f, 0x6289, 0x7b4a,
    0x7b29, 0x838a, 0x5b0d, 0x5351, 0x8472, 0x6c12, 0x5372, 0x6bd1, 0x9cf3, 0x8450, 0x21e5, 0x21c5,
    0x2184, 0x1984, 0x1984, 0x21c5, 0x19a5, 0x21e5, 0x21e5, 0x21e5, 0x2a06, 0x9cd2, 0xa4f3, 0xa4b2,
    0xa4b2, 0x9cd2, 0x9cd2, 0x9cd2, 0x9cd2, 0xa4d1, 0xa4b1, 0xa4b0, 0xacd0, 0xa4b0, 0xa4b1, 0x9491,
    0x9491, 0x94b2, 0x94b2, 0x94b2, 0x8c0e, 0x83cd, 0x7bac, 0x8c2e, 0x7b6b, 0x7b8c, 0x7b8c, 0x736c,
    0x7bcd, 0x8451, 0x8c92, 0x8492, 0x8492, 0x8473, 0x8472, 0x8472, 0x8c52, 0x8451, 0x8452, 0x7c32,
    0x7c52, 0x8452, 0x8452, 0x8452, 0x8451, 0x8452, 0x8451, 0x8451, 0x8452, 0x8451, 0x8451, 0x8451,
    0x8451, 0x8451, 0x8451, 0x8451, 0x8451, 0x8c52, 0x8472, 0x8431, 0x8472, 0x8472, 0x8c72, 0x8c72,
    0x8c72, 0x8c51, 0x8c51, 0x8c72, 0x8c52, 0x8c72, 0x9491, 0x6a26, 0x8288, 0xa3cc, 0x7a26, 0x5163,
    0x59c5, 0x51c5, 0x5a68, 0x9492, 0x8c72, 0x8c72, 0x8c72, 0x8c71, 0x8c52, 0x83f0, 0xf719, 0xff36,
    0xf736, 0xf736, 0xf736, 0xf736, 0xf736, 0xf736, 0xf736, 0xf736, 0xf736, 0xff36, 0xf736, 0xf736,
    0xf736, 0xf736, 0xf736, 0xf736, 0xf736, 0xf736, 0xf736, 0xf736, 0xf736, 0xf716, 0xf736, 0xf736,
    0xf736, 0xf736, 0xff36, 0xf736, 0xff36, 0xf736, 0xf716, 0xff36, 0xff37, 0xbd10, 0xde34, 0xff37,
    0xff36, 0xff16, 0xff37, 0xff5a, 0xacb1, 0x6a6a, 0x6a4b, 0x72ac, 0x72ad, 0x828b, 0x8a8a, 0x82ab,
    0x72cc, 0x72ac, 0x828b, 0x826b, 0x7a6b, 0x6a4a, 0x6229, 0x836d, 0xff7a, 0xff38, 0xff37, 0xff57,
    0xff37, 0xc571, 0xd614, 0xff37, 0xf736, 0xf736, 0xf736, 0xf736, 0xf736, 0xf736, 0xf736, 0xf736,
    0xff36, 0xf736, 0xf736, 0xf736, 0xf736, 0xf736, 0xf736, 0xf736, 0xf736, 0xf736, 0xf736, 0xf736,
    0xf736, 0xf736, 0xf736, 0xf736, 0xf736, 0xf736, 0xf736, 0xf736, 0xf736, 0xf736, 0xf736, 0xf736,
    0xff56, 0x5206, 0x49c9, 0x3126, 0x41a7, 0x2904, 0x20e3, 0x2103, 0x2103, 0x2103, 0x20e4, 0x2104,
    0x20e3, 0x20e4, 0x2103, 0x20e4, 0x2103, 0x20e4, 0x2904, 0x2104, 0x522a, 0x41a8, 0x51ea, 0x734d,
    0xbd94, 0xb594, 0xbdb4, 0xad32, 0x9cd0, 0x94d0, 0x8c6f, 0x7bee, 0x6baf, 0x7c0f, 0x83ac, 0x6ae8,
    0x6aa7, 0x8369, 0x5aec, 0x5330, 0x6390, 0x324d, 0x4b52, 0x6390, 0x9cd3, 0x840f, 0x21e6, 0x19a5,
    0x21c5, 0x1984, 0x21c5, 0x21e5, 0x19c5, 0x21e5, 0x21e5, 0x2205, 0x3206, 0x94b2, 0x9cf3, 0x9cb2,
    0xa4f2, 0xa4b1, 0xa4f2, 0xa4d1, 0x9cd2, 0x9cb1, 0xa4d2, 0xa4d2, 0xa490, 0xacb1, 0xacb1, 0xacb1,
    0x94b2, 0x94b3, 0x94b2, 0x9cb1, 0x838a, 0x8389, 0x7348, 0x6b08, 0x8beb, 0x7b49, 0x7328, 0x734a,
    0x83ed, 0x7bac, 0x7bce, 0x8c92, 0x8c92, 0x8492, 0x8472, 0x8472, 0x8451, 0x8472, 0x8472, 0x8472,
    0x8452, 0x8472, 0x8451, 0x8431, 0x8452, 0x8472, 0x8471, 0x8452, 0x8472, 0x8451, 0x8c52, 0x8451,
    0x8471, 0x8c72, 0x8451, 0x8c72, 0x8c52, 0x8c72, 0x8c72, 0x8472, 0x8472, 0x8c72, 0x8c72, 0x8c71,
    0x8c51, 0x8c51, 0x8c72, 0x8c92, 0x8472, 0x8c72, 0x9491, 0x6a06, 0x8288, 0xa3cd, 0x71e6, 0x4923,
    0x51a4, 0x49c5, 0x5a68, 0x9492, 0x8c92, 0x8c72, 0x8c92, 0x8c72, 0x8c72, 0x83f0, 0xf719, 0xff36,
    0xf736, 0xf736, 0xf736, 0xf736, 0xf716, 0xf716, 0xf716, 0xf736, 0xff36, 0xf736, 0xf736, 0xf736,
    0xf736, 0xf736, 0xf736, 0xf736, 0xf736, 0xf736, 0xf736, 0xf736, 0xf736, 0xf736, 0xf736, 0xf736,
    0xf736, 0xf736, 0xf736, 0xf716, 0xf736, 0xff36, 0xff36, 0xf736, 0xf736, 0xf736, 0xff17, 0xff17,
    0x7b49, 0xff59, 0xf716, 0xff57, 0xff57, 0xff37, 0xff37, 0xff58, 0xff5a, 0xeed8, 0xd5f6, 0xc554,
    0xbd12, 0xcdb5, 0xee98, 0xff7a, 0xff79, 0xff58, 0xff57, 0xff77, 0xff57, 0xff58, 0xff79, 0x8bab,
    0xff18, 0xf716, 0xff36, 0xff36, 0xf716, 0xf736, 0xff36, 0xf736, 0xf736, 0xf736, 0xf736, 0xf736,
    0xf736, 0xf736, 0xf736, 0xf736, 0xf716, 0xf736, 0xf716, 0xf716, 0xf716, 0xf716, 0xf736, 0xf736,
    0xf736, 0xf716, 0xf736, 0xf736, 0xf736, 0xf736, 0xf736, 0xf716, 0xf736, 0xf736, 0xff16, 0xf716,
    0xff56, 0x5a27, 0x4988, 0x28e4, 0x2905, 0x20e4, 0x20e4, 0x20e4, 0x20e3, 0x2103, 0x20e4, 0x20e4,
    0x20e4, 0x20e4, 0x20e4, 0x20e3, 0x20e3, 0x3946, 0x520a, 0x20e4, 0x522a, 0x49c9, 0x3966, 0x7b4c,
    0xbd92, 0xbd51, 0xb510, 0xbd51, 0xb511, 0x9c8e, 0x9c6e, 0x9c8f, 0x946e, 0x8c4e, 0x948e, 0x946e,
    0x948e, 0x944d, 0x946e, 0x946f, 0x9491, 0x6bcf, 0x6390, 0x6bb0, 0xa514, 0x73ef, 0x21e5, 0x19c5,
    0x21c5, 0x1984, 0x21a4, 0x21c5, 0x19a4, 0x19c5, 0x21e5, 0x21e5, 0x21e5, 0x73ee, 0x9cf2, 0x9cd2,
    0x9cd2, 0x9cd2, 0xa4d1, 0xa4d2, 0x9cd2, 0xa4d2, 0xa4d1, 0xa4d1, 0xa4d1, 0xa4b1, 0xa4b1, 0xa4d1,
    0xa4b1, 0x9c92, 0x9491, 0x8bcb, 0x8ba9, 0x7b46, 0x8ba8, 0x8ba9, 0x8388, 0x83a9, 0x838a, 0x734a,
    0x83cc, 0x7329, 0x7369, 0x736a, 0x7bce, 0x8c92, 0x8c92, 0x8c92, 0x8472, 0x8472, 0x8472, 0x8c72,
    0x8c92, 0x8c72, 0x8c72, 0x8472, 0x8c92, 0x8472, 0x8492, 0x8452, 0x8452, 0x8c72, 0x8471, 0x8472,
    0x8c72, 0x8c52, 0x8451, 0x8c92, 0x8c51, 0x8c72, 0x8c72, 0x8c72, 0x8c72, 0x8c92, 0x8c92, 0x8c92,
    0x8c92, 0x8c92, 0x8c92, 0x8c92, 0x8c72, 0x94b3, 0x9491, 0x6a26, 0x8267, 0xa38b, 0x7a26, 0x4102,
    0x5185, 0x59e6, 0x5a48, 0x94b2, 0x8c72, 0x8c71, 0x8c72, 0x8c71, 0x8c51, 0x8c10, 0xf719, 0xf736,
    0xf736, 0xf736, 0xf736, 0xf716, 0xf716, 0xf736, 0xf736, 0xf736, 0xf736, 0xf736, 0xf736, 0xf736,
    0xf736, 0xf736, 0xf736, 0xf736, 0xf736, 0xf716, 0xf716, 0xf736, 0xf716, 0xf736, 0xf736, 0xf716,
    0xf736, 0xf736, 0xff36, 0xf736, 0xf736, 0xff36, 0xf736, 0xf736, 0xf736, 0xf736, 0xf736, 0xf736,
    0xf716, 0xf6f6, 0xff58, 0xe675, 0x8b8a, 0xd5f3, 0xff38, 0xff38, 0xff37, 0xf717, 0xf737, 0xf716,
    0xf736, 0xf736, 0xf736, 0xf737, 0xff58, 0xff59, 0xde34, 0x8bcb, 0xe675, 0xff78, 0xf716, 0xf716,
    0xff36, 0xf736, 0xf736, 0xf736, 0xf736, 0xf736, 0xf736, 0xf736, 0xf736, 0xff36, 0xf736, 0xf736,
    0xf736, 0xf736, 0xff36, 0xf716, 0xf716, 0xf736, 0xf736, 0xf716, 0xf736, 0xf736, 0xf736, 0xf736,
    0xf736, 0xf736, 0xf736, 0xf736, 0xf736, 0xf736, 0xf736, 0xf716, 0xf736, 0xf716, 0xf716, 0xf736,
    0xff56, 0x5227, 0x3126, 0x49a8, 0x49e8, 0x20c4, 0x5a4b, 0x4188, 0x18c3, 0x2103, 0x20e4, 0x20e4,
    0x20e4, 0x20e4, 0x20e4, 0x20e4, 0x20e4, 0x3146, 0x520a, 0x3146, 0x522a, 0x20e4, 0x3125, 0x72eb,
    0x9c4d, 0x8beb, 0x93eb, 0x8bcb, 0x93eb, 0x93eb, 0x8bcb, 0x8bcc, 0x8bcc, 0x940d, 0x940d, 0x8bec,
    0x942d, 0x9c8e, 0xa46e, 0xa48e, 0xa4af, 0x9c8f, 0x9cb1, 0x9cf2, 0xa533, 0x6b8d, 0x21e5, 0x19c5,
    0x21c5, 0x1983, 0x1984, 0x21c5, 0x19a5, 0x19e5, 0x21e5, 0x21e5, 0x21e5, 0x636c, 0xa513, 0x9cd2,
    0xa4f2, 0x9cd2, 0xa4d2, 0xa4f2, 0x9cf3, 0x9cd2, 0xa4d2, 0xa4d1, 0x9cb1, 0x9cb1, 0x94b2, 0x9cd2,
    0x9c91, 0x940e, 0x9c6f, 0x8bec, 0x83a9, 0x8367, 0x8388, 0x93ea, 0x8be9, 0x83c9, 0x7327, 0x7b8a,
    0x7349, 0x7bab, 0x7369, 0x7389, 0x840d, 0x6b8c, 0x8430, 0x8c72, 0x8c92, 0x8c72, 0x8c92, 0x8472,
    0x8472, 0x8c92, 0x8472, 0x8452, 0x8c72, 0x8492, 0x8472, 0x8472, 0x8472, 0x8471, 0x8471, 0x8c92,
    0x8cb2, 0x8472, 0x8c92, 0x8c72, 0x8c72, 0x8c72, 0x8c71, 0x8c72, 0x8c92, 0x8c92, 0x8c92, 0x8c92,
    0x8c92, 0x9492, 0x8c92, 0x8c72, 0x8c92, 0x8c72, 0x94b1, 0x6a27, 0x8247, 0xa38b, 0x7a05, 0x5163,
    0x5184, 0x59e6, 0x5a48, 0x94b2, 0x8c72, 0x8c92, 0x8c92, 0x9492, 0x8c71, 0x8c11, 0xf719, 0xff36,
    0xf736, 0xf736, 0xf716, 0xf736, 0xf736, 0xf736, 0xf716, 0xf716, 0xf736, 0xf736, 0xf736, 0xf736,
    0xf736, 0xf736, 0xf736, 0xf736, 0xf736, 0xf736, 0xf736, 0xf716, 0xf736, 0xf736, 0xf736, 0xf736,
    0xf736, 0xf736, 0xff36, 0xff36, 0xf736, 0xf736, 0xf736, 0xf736, 0xf736, 0xf736, 0xf736, 0xf736,
    0xf716, 0xf736, 0xf736, 0xf736, 0xf736, 0xf737, 0xff37, 0xff58, 0xf718, 0xcdd3, 0xb4f0, 0xa46e,
    0xa48e, 0xb4ef, 0xcdb2, 0xeeb6, 0xff58, 0xf737, 0xf717, 0xf716, 0xff36, 0xf716, 0xf736, 0xf736,
    0xf736, 0xf736, 0xf736, 0xf736, 0xf736, 0xf736, 0xf736, 0xf736, 0xf736, 0xf736, 0xf736, 0xff36,
    0xf736, 0xf736, 0xff36, 0xf716, 0xf716, 0xf736, 0xf716, 0xf736, 0xf716, 0xf736, 0xf736, 0xf736,
    0xf736, 0xf736, 0xf736, 0xf736, 0xf716, 0xf716, 0xf736, 0xf716, 0xf716, 0xf736, 0xf716, 0xf716,
    0xff56, 0x5a27, 0x28e4, 0x20e4, 0x49e9, 0x3126, 0x51ea, 0x3146, 0x20e3, 0x2103, 0x20e4, 0x20e4,
    0x20e4, 0x2104, 0x20e4, 0x2104, 0x2103, 0x20e3, 0x520a, 0x20c3, 0x2905, 0x20e4, 0x2905, 0x6288,
    0x93eb, 0x8baa, 0x8bca, 0x8bca, 0x9c0b, 0x9c2c, 0xa44d, 0xa46d, 0xacae, 0xacaf, 0xacaf, 0xa48e,
    0x9c4d, 0x9c0c, 0x93eb, 0x93eb, 0x93eb, 0x93cb, 0x942d, 0xa4d0, 0xa512, 0x4247, 0x21e5, 0x21e6,
    0x21a5, 0x21a4, 0x29e5, 0x21c5, 0x1964, 0x21c5, 0x21c5, 0x2a26, 0x21c5, 0x636c, 0xa513, 0xa4f3,
    0xa4f3, 0xa513, 0xa4f3, 0xa513, 0xa4f3, 0x9cd2, 0x9cb1, 0xa4d2, 0x9cd2, 0x94b2, 0x94b2, 0x9cd2,
    0x9cb2, 0x7b6c, 0x7349, 0x83aa, 0x7b68, 0x8bca, 0x7b67, 0x83a8, 0x7b67, 0x7b67, 0x7347, 0x7b88,
    0x7b89, 0x738b, 0x632a, 0x6328, 0x6347, 0x5b08, 0x5b4b, 0x8c92, 0x8c92, 0x8c92, 0x8c93, 0x8c92,
    0x8c92, 0x8c92, 0x8c72, 0x8c92, 0x8c72, 0x8c92, 0x8c92, 0x8472, 0x8472, 0x8c72, 0x8c92, 0x8c92,
    0x8c92, 0x8472, 0x8c92, 0x8c72, 0x8c72, 0x8c92, 0x8c92, 0x94b3, 0x8c92, 0x8c92, 0x8c92, 0x9492,
    0x9492, 0x8c72, 0x8c92, 0x8c92, 0x94b2, 0x8cb2, 0x9491, 0x6a06, 0x7a46, 0xa38b, 0x8226, 0x5163,
    0x51a5, 0x59e6, 0x5a48, 0x9cb2, 0x94b2, 0x8cb2, 0x8c92, 0x8c92, 0x8c71, 0x8c11, 0xf719, 0xf736,
    0xf736, 0xf736, 0xf736, 0xf716, 0xf736, 0xf716, 0xff36, 0xf736, 0xf736, 0xff36, 0xf736, 0xf736,
    0xf736, 0xf736, 0xf736, 0xf736, 0xf736, 0xf736, 0xf716, 0xf736, 0xf736, 0xf736, 0xf736, 0xf716,
    0xf716, 0xf736, 0xf736, 0xf736, 0xff36, 0xf736, 0xf736, 0xf736, 0xff36, 0xf736, 0xf736, 0xf736,
    0xf736, 0xf736, 0xf736, 0xf736, 0xff36, 0xf736, 0xf716, 0xf736, 0xff36, 0xf716, 0xf716, 0xf716,
    0xf716, 0xf716, 0xf716, 0xf736, 0xf736, 0xff36, 0xf736, 0xf736, 0xf736, 0xf736, 0xf736, 0xf736,
    0xff36, 0xf736, 0xf736, 0xf736, 0xf736, 0xf736, 0xf736, 0xf736, 0xf736, 0xf736, 0xf736, 0xf736,
    0xf736, 0xf736, 0xf736, 0xf736, 0xf736, 0xf736, 0xf716, 0xf736, 0xf736, 0xf736, 0xf736, 0xf736,
    0xf736, 0xf736, 0xf716, 0xf716, 0xf736, 0xf736, 0xf736, 0xf736, 0xf716, 0xf736, 0xf736, 0xf736,
    0xff56, 0x5a48, 0x28e4, 0x20e4, 0x2905, 0x2104, 0x5a2a, 0x20c3, 0x18e3, 0x2103, 0x20e4, 0x20e4,
    0x20e4, 0x20e3, 0x20e3, 0x2104, 0x20e3, 0x2104, 0x522a, 0x3146, 0x5209, 0x20e3, 0x3987, 0x62a8,
    0x9c4d, 0x9c4c, 0x9c2c, 0x940c, 0x9c2b, 0x940c, 0x9c0c, 0x93eb, 0x8beb, 0x8baa, 0x8baa, 0x8baa,
    0x8baa, 0x8b8a, 0x8bca, 0x9c2b, 0xac8d, 0xb4ae, 0xac8d, 0x9c2c, 0x942c, 0x39e5, 0x21e5, 0x19a4,
    0x19a5, 0x21e5, 0x21a4, 0x21c5, 0x21c5, 0x19a5, 0x21e5, 0x21e5, 0x21c5, 0x634b, 0xad33, 0xa4f2,
    0xa4f3, 0xa512, 0xa512, 0x9cf2, 0xa513, 0x9cd2, 0x9cf2, 0x9cd2, 0x94b2, 0x94b2, 0x9cd2, 0x9cd2,
    0x8c0e, 0x838a, 0x7b47, 0x7b68, 0x7b69, 0x7328, 0x7b46, 0x7b46, 0x8367, 0x83a8, 0x7b88, 0x7388,
    0x7388, 0x6349, 0x4a89, 0x4a88, 0x52c7, 0x5b48, 0x5329, 0x8491, 0x6bad, 0x94d3, 0x94b3, 0x9493,
    0x8c92, 0x8c72, 0x9493, 0x8492, 0x8c92, 0x8c72, 0x8472, 0x8c92, 0x8c72, 0x8c92, 0x8c72, 0x8c92,
    0x8c92, 0x8cb2, 0x8c71, 0x8cb2, 0x8c92, 0x94b3, 0x8cb2, 0x8c92, 0x8c92, 0x94b2, 0x8c92, 0x8c71,
    0x94b2, 0x94b2, 0x94b2, 0x8c92, 0x94b2, 0x8cb2, 0x9491, 0x6a26, 0x8247, 0xa38c, 0x7a26, 0x5163,
    0x59a4, 0x59c6, 0x5a48, 0x9491, 0x8c92, 0x9492, 0x94d3, 0x9492, 0x9492, 0x8c10, 0xf719, 0xff36,
    0xf716, 0xf736, 0xf716, 0xf736, 0xf716, 0xf716, 0xf716, 0xf736, 0xf736, 0xf716, 0xf736, 0xff36,
    0xf736, 0xf736, 0xf736, 0xf736, 0xf736, 0xf736, 0xf736, 0xf716, 0xf716, 0xf716, 0xf716, 0xf716,
    0xf716, 0xf716, 0xf736, 0xf716, 0xf736, 0xf736, 0xf736, 0xf736, 0xf736, 0xf736, 0xf716, 0xf736,
    0xf736, 0xf716, 0xf716, 0xf716, 0xf736, 0xff36, 0xf736, 0xf736, 0xf736, 0xf736, 0xf736, 0xf736,
    0xff36, 0xf736, 0xf736, 0xf736, 0xf736, 0xf736, 0xf736, 0xff36, 0xf736, 0xf736, 0xf716, 0xf736,
    0xf736, 0xf716, 0xf736, 0xf736, 0xf736, 0xf736, 0xf736, 0xf736, 0xf736, 0xff36, 0xf736, 0xf736,
    0xf736, 0xf736, 0xf716, 0xf716, 0xf736, 0xf716, 0xf736, 0xf736, 0xf736, 0xf736, 0xf736, 0xf736,
    0xf736, 0xf736, 0xf736, 0xf736, 0xf716, 0xf736, 0xf716, 0xf716, 0xf736, 0xf716, 0xf716, 0xf736,
    0xff56, 0x49e6, 0x3125, 0x2104, 0x49e9, 0x39a7, 0x5a0a, 0x20e3, 0x20e3, 0x2103, 0x20e4, 0x20e4,
    0x2104, 0x20e4, 0x20e3, 0x20e4, 0x2103, 0x20e3, 0x520a, 0x20e4, 0x18e3, 0x20c3, 0x41c8, 0x5247,
    0x9c6d, 0x9c4c, 0x9c4c, 0x9c4c, 0x9c4d, 0x9c4d, 0x9c4d, 0x944d, 0x944d, 0x9c4e, 0x9c6e, 0x9c4e,
    0x9c6e, 0x9c6e, 0x9c6d, 0x9c4d, 0x9c4d, 0x93eb, 0x93aa, 0x93ca, 0x93eb, 0x31e5, 0x2206, 0x19a5,
    0x19c5, 0x19a4, 0x19e5, 0x21e5, 0x21e5, 0x21e5, 0x21c5, 0x21e5, 0x21e5, 0x5aca, 0xad33, 0xa4f2,
    0xa4f2, 0xa512, 0xa512, 0xa512, 0xa513, 0xa513, 0xa513, 0xa513, 0x9cf3, 0x9cd2, 0x9cd2, 0x9cf3,
    0x9c6f, 0x83a9, 0x83a8, 0x6b06, 0x7b48, 0x8389, 0x7b67, 0x8388, 0x8387, 0x83c9, 0x7389, 0x4aa6,
    0x5b28, 0x5b08, 0x4a88, 0x5aca, 0x4a67, 0x5b28, 0x5b48, 0x638a, 0x532a, 0x8cd2, 0x94d3, 0x94b3,
    0x8c92, 0x8c92, 0x94b3, 0x8c92, 0x8c92, 0x8c92, 0x8c92, 0x8c92, 0x8c92, 0x8cb2, 0x8c92, 0x8c92,
    0x8c92, 0x8c92, 0x8c92, 0x94b2, 0x8c92, 0x8c92, 0x94b2, 0x9493, 0x94b3, 0x94b2, 0x94b2, 0x8cb2,
    0x94b2, 0x94b2, 0x8cb2, 0x8cb2, 0x94b2, 0x94b2, 0x9cd1, 0x6205, 0x7a26, 0xa38b, 0x8a86, 0x61a3,
    0x59c5, 0x61e5, 0x5a27, 0x8c50, 0x8c92, 0x94b2, 0x94b3, 0x8c91, 0x9492, 0x8c11, 0xf719, 0xff36,
    0xf736, 0xf736, 0xf716, 0xf736, 0xf716, 0xf736, 0xf736, 0xf716, 0xff36, 0xf736, 0xf736, 0xf736,
    0xf736, 0xf736, 0xf736, 0xf736, 0xf736, 0xf736, 0xf736, 0xf736, 0xf716, 0xf736, 0xff36, 0xf736,
    0xff36, 0xff36, 0xf736, 0xf736, 0xf736, 0xf736, 0xf736, 0xf736, 0xf736, 0xf736, 0xf736, 0xf736,
    0xf736, 0xf736, 0xf736, 0xf736, 0xf736, 0xf736, 0xf736, 0xf736, 0xf716, 0xf736, 0xf736, 0xf736,
    0xf736, 0xf736, 0xf736, 0xf736, 0xf716, 0xf736, 0xf736, 0xf736, 0xf736, 0xff36, 0xf736, 0xff36,
    0xf736, 0xf736, 0xff36, 0xf736, 0xf736, 0xf736, 0xf736, 0xf736, 0xf736, 0xf736, 0xf736, 0xf736,
    0xf736, 0xf736, 0xf716, 0xf736, 0xf736, 0xf716, 0xf736, 0xf736, 0xf736, 0xf736, 0xf736, 0xf716,
    0xf736, 0xf736, 0xf736, 0xf736, 0xf736, 0xf736, 0xf736, 0xf736, 0xf716, 0xf736, 0xf736, 0xf736,
    0xff56, 0x49e5, 0x41c8, 0x20c4, 0x2124, 0x2904, 0x5a0a, 0x20e4, 0x18e3, 0x2103, 0x2104, 0x20e4,
    0x20e4, 0x2104, 0x20e4, 0x18e3, 0x2103, 0x2104, 0x520a, 0x5a2b, 0x41c8, 0x5a4a, 0x20e4, 0x4a05,
    0xa46d, 0xa44c, 0xa46c, 0x9c4c, 0xa44c, 0x9c4c, 0x9c4d, 0xa46e, 0xa48e, 0x9c6e, 0x9c6e, 0x9c8e,
    0x9c8e, 0xa48e, 0x9c8e, 0x9c6e, 0x9c6e, 0x9c6e, 0x9c4e, 0xa44d, 0x940c, 0x29a4, 0x3206, 0x19a5,
    0x21e5, 0x19c4, 0x19a4, 0x21e5, 0x21e5, 0x21e5, 0x19c4, 0x21e5, 0x21c5, 0x6b6c, 0xad33, 0xa513,
    0xa533, 0xa513, 0xa513, 0xad54, 0xa533, 0xad33, 0xad33, 0xad33, 0xa4f2, 0xacf2, 0xa512, 0xad12,
    0x942d, 0x83a9, 0x83a8, 0x83a8, 0x83a9, 0x7b89, 0x7b67, 0x7b67, 0x7b88, 0x62e7, 0x4a87, 0x4266,
    0x4aa7, 0x6327, 0x6b48, 0x6309, 0x52a9, 0x52e8, 0x5b07, 0x4aa6, 0x4ac9, 0x740f, 0x6b8e, 0x8cb3,
    0x94b3, 0x9492, 0x8c92, 0x94b3, 0x8cb3, 0x8c93, 0x8c92, 0x8cb2, 0x8c92, 0x8cb2, 0x8c92, 0x8cb2,
    0x8cb2, 0x8cb3, 0x94b2, 0x94b2, 0x94b2, 0x94d3, 0x94b3, 0x94d3, 0x94b2, 0x94b2, 0x94b2, 0x94b2,
    0x94b2, 0x94b2, 0x94b2, 0x94b3, 0x94b2, 0x94b3, 0x9cd2, 0x6206, 0x8246, 0xa3ab, 0x8266, 0x5962,
    0x59c4, 0x61e5, 0x5a47, 0x8c30, 0x8c92, 0x94b2, 0x94b2, 0x94b2, 0x94b2, 0x8c31, 0xf719, 0xff36,
    0xf716, 0xf736, 0xf736, 0xf736, 0xf736, 0xf736, 0xf736, 0xf716, 0xff36, 0xf736, 0xf736, 0xf736,
    0xf736, 0xf736, 0xf736, 0xf736, 0xf736, 0xf736, 0xf736, 0xf736, 0xf736, 0xf736, 0xf736, 0xf736,
    0xf736, 0xf736, 0xf736, 0xf736, 0xf736, 0xf736, 0xf736, 0xf736, 0xf736, 0xf736, 0xf716, 0xf736,
    0xf716, 0xf736, 0xf716, 0xf716, 0xf736, 0xf736, 0xf736, 0xf736, 0xf736, 0xf736, 0xf736, 0xff36,
    0xf736, 0xff36, 0xf736, 0xf736, 0xf736, 0xf736, 0xf736, 0xf736, 0xf736, 0xf736, 0xf736, 0xf736,
    0xf736, 0xf736, 0xf736, 0xf736, 0xf716, 0xf736, 0xf736, 0xf736, 0xf736, 0xf736, 0xf736, 0xf736,
    0xf716, 0xf716, 0xf736, 0xf736, 0xf736, 0xf736, 0xf736, 0xf736, 0xf736, 0xf736, 0xf736, 0xf736,
    0xf736, 0xf736, 0xf716, 0xf736, 0xf736, 0xf716, 0xf716, 0xf736, 0xf736, 0xf736, 0xf736, 0xf736,
    0xff56, 0x41e5, 0x20c4, 0x49c8, 0x522a, 0x5a0a, 0x5a0a, 0x20e4, 0x20e3, 0x20e4, 0x20e3, 0x20e4,
    0x20e4, 0x20e4, 0x20e4, 0x2104, 0x18e3, 0x2103, 0x522a, 0x5a2b, 0x49e9, 0x41c8, 0x51e9, 0x51e5,
    0xb4cd, 0x9bc9, 0xac8d, 0x6b09, 0x7329, 0x7329, 0x7329, 0x83ab, 0x944e, 0x8c0d, 0x940c, 0x9c6d,
    0xa46d, 0xa46d, 0xa46d, 0xa46d, 0xa48e, 0xa48e, 0x9c6e, 0x9c4e, 0x736b, 0x21a4, 0x21c5, 0x19a4,
    0x29e6, 0x19a4, 0x19c5, 0x21e5, 0x21e5, 0x21e5, 0x21e5, 0x1184, 0x21c5, 0x7c0f, 0xa533, 0xa513,
    0xa513, 0xa513, 0xa513, 0xad32, 0xad32, 0xad32, 0x9c6f, 0x9c6e, 0x9c4e, 0x9c4d, 0xacf1, 0x9c6f,
    0x7b49, 0x6b08, 0x6ae7, 0x7b88, 0x6306, 0x7389, 0x7ba9, 0x6b68, 0x7367, 0x5ae8, 0x29e5, 0x5b29,
    0x7368, 0x6b26, 0x7347, 0x7369, 0x52e9, 0x5309, 0x5308, 0x5b09, 0x4ac9, 0x4acb, 0x5b0d, 0x94b3,
    0x8c93, 0x94b3, 0x94b3, 0x94b3, 0x8cd2, 0x8cb2, 0x8cb2, 0x8c92, 0x8cb3, 0x8cb2, 0x8cb2, 0x94d3,
    0x8cb2, 0x94b2, 0x8c92, 0x94b2, 0x94b2, 0x94b2, 0x94d3, 0x94d2, 0x94d2, 0x94b3, 0x94b2, 0x8cb2,
    0x94b2, 0x94b2, 0x94b2, 0x94b3, 0x94d3, 0x94d3, 0x9cd1, 0x6206, 0x7a26, 0xabac, 0x7a25, 0x5162,
    0x59c5, 0x59c5, 0x5a27, 0x8c0f, 0x94b2, 0x94b2, 0x94b2, 0x94b2, 0x94b2, 0x8c31, 0xf718, 0xff36,
    0xf716, 0xf716, 0xf716, 0xf716, 0xf736, 0xf736, 0xf736, 0xf736, 0xf736, 0xf736, 0xf736, 0xf736,
    0xf736, 0xf736, 0xf736, 0xf736, 0xf736, 0xf736, 0xf736, 0xf736, 0xf736, 0xf736, 0xf736, 0xf736,
    0xf736, 0xf736, 0xf736, 0xf736, 0xf736, 0xf736, 0xf716, 0xf736, 0xf716, 0xf736, 0xf736, 0xf736,
    0xf736, 0xff36, 0xf736, 0xf736, 0xff36, 0xf736, 0xf736, 0xf736, 0xf736, 0xf736, 0xf736, 0xf736,
    0xf736, 0xf736, 0xf736, 0xf736, 0xf736, 0xf736, 0xf736, 0xf736, 0xf736, 0xf736, 0xf736, 0xf716,
    0xf736, 0xf736, 0xf736, 0xf736, 0xf736, 0xf736, 0xf736, 0xf736, 0xf736, 0xf736, 0xf736, 0xf736,
    0xf736, 0xf716, 0xf736, 0xf736, 0xf736, 0xf736, 0xf736, 0xf736, 0xf736, 0xf736, 0xf736, 0xf736,
    0xf736, 0xf736, 0xf736, 0xf736, 0xf716, 0xf716, 0xf736, 0xf736, 0xf736, 0xf736, 0xf736, 0xf736,
    0xff56, 0x41c5, 0x49c9, 0x49e9, 0x3987, 0x5a2b, 0x41c8, 0x20e3, 0x20e4, 0x20e4, 0x20e4, 0x20e4,
    0x20e4, 0x20e4, 0x2104, 0x20e4, 0x2104, 0x2103, 0x2103, 0x2103, 0x2104, 0x49e9, 0x59ea, 0x5227,
    0x8baa, 0x93cb, 0x836a, 0x7bab, 0x7bab, 0x83ab, 0x7b8b, 0x736a, 0x8bec, 0x940b, 0x942b, 0x942d,
    0x940c, 0x8b89, 0x93c9, 0x93ea, 0x9c4c, 0x8baa, 0x93ca, 0x9c2c, 0x62e9, 0x21a5, 0x21e5, 0x19c5,
    0x19a4, 0x19a5, 0x19a4, 0x21c5, 0x21e5, 0x19c4, 0x21c4, 0x21e5, 0x2a05, 0x52ca, 0xa534, 0xa513,
    0xa513, 0xa512, 0xad33, 0xad12, 0xacf0, 0x940c, 0x940b, 0x83a8, 0x93e9, 0x8ba9, 0x8ba9, 0x8389,
    0x62c8, 0x4a68, 0x62c8, 0x7b88, 0x7b87, 0x7b88, 0x6b27, 0x5b08, 0x6b48, 0x6327, 0x6b69, 0x6b48,
    0x5285, 0x7368, 0x52c6, 0x7389, 0x4266, 0x5b4a, 0x3a88, 0x42c9, 0x4aea, 0x532c, 0x6bcf, 0x7c31,
    0x94d3, 0x94b2, 0x94d3, 0x94b3, 0x94d3, 0x94b2, 0x8cb3, 0x8cb2, 0x94d3, 0x8cd3, 0x8cb2, 0x94b2,
    0x8cb2, 0x94b2, 0x94d3, 0x94d3, 0x9cd3, 0x94d2, 0x94d3, 0x94d2, 0x94d3, 0x94d2, 0x94b2, 0x94d3,
    0x94d3, 0x94d3, 0x94b2, 0x94d3, 0x94b2, 0x94b3, 0x9cd2, 0x6206, 0x7a25, 0xabcc, 0x8246, 0x5162,
    0x59c4, 0x61e5, 0x6267, 0x8c30, 0x94d3, 0x9cd2, 0x94b2, 0x94b2, 0x94b2, 0x8c31, 0xf718, 0xff36,
    0xf736, 0xf736, 0xf736, 0xf736, 0xf736, 0xf736, 0xf736, 0xf736, 0xf736, 0xf736, 0xf736, 0xff36,
    0xf736, 0xf736, 0xf736, 0xf736, 0xf736, 0xf736, 0xf736, 0xf736, 0xf736, 0xf736, 0xf736, 0xf736,
    0xf736, 0xf736, 0xf736, 0xff36, 0xf736, 0xf736, 0xf736, 0xf736, 0xf736, 0xf716, 0xf736, 0xf736,
    0xf716, 0xf736, 0xf736, 0xf736, 0xf736, 0xf736, 0xf736, 0xf736, 0xf736, 0xf736, 0xf736, 0xf736,
    0xf736, 0xf736, 0xf736, 0xf736, 0xf736, 0xf736, 0xf736, 0xf736, 0xf736, 0xf736, 0xf736, 0xf736,
    0xf736, 0xf716, 0xf736, 0xf736, 0xf736, 0xf736, 0xf736, 0xf736, 0xf736, 0xf716, 0xf736, 0xf716,
    0xf736, 0xf736, 0xf736, 0xf736, 0xf736, 0xf736, 0xf736, 0xf736, 0xf736, 0xf736, 0xf736, 0xf736,
    0xf736, 0xf736, 0xf716, 0xf736, 0xf736, 0xf736, 0xf736, 0xf736, 0xf736, 0xf736, 0xf736, 0xf736,
    0xff56, 0x49c5, 0x5a0a, 0x41c8, 0x20e3, 0x20e3, 0x18e3, 0x18e3, 0x2103, 0x2104, 0x20e4, 0x20e4,
    0x20e4, 0x20e4, 0x20e4, 0x20e4, 0x2103, 0x2103, 0x3967, 0x41a7, 0x2905, 0x520a, 0x5a0a, 0x5206,
    0xa46d, 0x9c4d, 0x8bec, 0x83ec, 0x8c0d, 0x8c2e, 0x8c2e, 0x83ed, 0x8bcc, 0x940b, 0x93eb, 0x8c0d,
    0x83ed, 0x8bec, 0x8369, 0x9c0b, 0x9c4d, 0x8baa, 0x9c0c, 0x9c2c, 0x3a05, 0x29e6, 0x21c5, 0x19c5,
    0x19a5, 0x21c5, 0x21e5, 0x19a4, 0x19c5, 0x19c5, 0x21c5, 0x19c4, 0x2a05, 0x5b2b, 0xad54, 0xa513,
    0xa513, 0xa513, 0xa512, 0xad11, 0x940c, 0x8ba9, 0x83a8, 0x8388, 0x8bc9, 0x8368, 0x7348, 0x7b69,
    0x6b29, 0x6b28, 0x7369, 0x7b67, 0x7bc8, 0x7b88, 0x6b48, 0x6349, 0x4245, 0x5b08, 0x6b48, 0x6b27,
    0x7b88, 0x6b48, 0x4287, 0x42c8, 0x3a67, 0x3a87, 0x3288, 0x3ac9, 0x42ea, 0x3a89, 0x42aa, 0x636d,
    0x94d3, 0x94b3, 0x94d3, 0x94d3, 0x94b3, 0x94d2, 0x94b2, 0x94b3, 0x94d3, 0x8cd3, 0x94d3, 0x94b2,
    0x94d3, 0x94d2, 0x94b3, 0x94d3, 0x94d2, 0x94b2, 0x94b2, 0x94d3, 0x94d3, 0x94d2, 0x94b2, 0x94d3,
    0x94b2, 0x94d3, 0x94d3, 0x94d2, 0x94b2, 0x94d3, 0x9cf2, 0x6226, 0x8247, 0xabed, 0x8246, 0x5963,
    0x61e5, 0x61e5, 0x6267, 0x8c30, 0x9cf3, 0x9cd3, 0x94b3, 0x94d3, 0x94b2, 0x8c31, 0xf719, 0xff36,
    0xf736, 0xf736, 0xf736, 0xf736, 0xf736, 0xf736, 0xf736, 0xf736, 0xf736, 0xf736, 0xf736, 0xf736,
    0xf736, 0xf736, 0xf736, 0xf736, 0xf736, 0xf716, 0xf736, 0xf736, 0xf736, 0xf736, 0xf736, 0xf736,
    0xf736, 0xf736, 0xf736, 0xf736, 0xf736, 0xf736, 0xf736, 0xf736, 0xf716, 0xf736, 0xf716, 0xf736,
    0xf736, 0xf736, 0xf736, 0xf736, 0xf736, 0xf736, 0xf736, 0xf736, 0xf736, 0xf736, 0xf736, 0xf736,
    0xf736, 0xf736, 0xf736, 0xf736, 0xf736, 0xf736, 0xf736, 0xf736, 0xf736, 0xf736, 0xf736, 0xf736,
    0xf716, 0xf736, 0xf736, 0xf736, 0xf736, 0xf736, 0xf736, 0xf736, 0xf736, 0xf736, 0xf736, 0xf736,
    0xf736, 0xf736, 0xf716, 0xf736, 0xf736, 0xf716, 0xf716, 0xf716, 0xf736, 0xf736, 0xf736, 0xf736,
    0xf716, 0xf736, 0xf736, 0xf736, 0xf736, 0xf736, 0xf736, 0xf736, 0xf736, 0xf736, 0xf716, 0xf736,
    0xff56, 0x49c5, 0x51ea, 0x49e9, 0x2905, 0x41a8, 0x3987, 0x18e3, 0x20e4, 0x20e3, 0x20e3, 0x20e4,
    0x20e4, 0x20e4, 0x20e4, 0x20e4, 0x20e3, 0x20e4, 0x5a0a, 0x624b, 0x49e9, 0x4187, 0x41c8, 0x4a06,
    0x9c2c, 0x940c, 0x942d, 0x840d, 0x8c2e, 0x8c2e, 0x83ed, 0x83ec, 0x942d, 0x9c4c, 0x93eb, 0x8c2e,
    0x840e, 0x944e, 0x838b, 0xaccf, 0x8bed, 0x942e, 0x9c4d, 0xa4af, 0x29c5, 0x21c5, 0x21c5, 0x19c5,
    0x19a4, 0x1984, 0x19c5, 0x19a5, 0x19a4, 0x19e5, 0x19c5, 0x21c5, 0x3a87, 0x636c, 0xad34, 0xa513,
    0xa513, 0xa513, 0xa513, 0x738c, 0x7b8a, 0x8bc9, 0x7327, 0x7347, 0x8bc9, 0x8be9, 0x8c0a, 0x83a9,
    0x83c9, 0x7b89, 0x7baa, 0x83ea, 0x6b47, 0x62e8, 0x4a66, 0x5ae9, 0x39e6, 0x29c6, 0x4a87, 0x6b27,
    0x6b47, 0x5b28, 0x3247, 0x3a68, 0x4287, 0x42c9, 0x42ea, 0x42ca, 0x4acb, 0x530c, 0x8471, 0x632c,
    0x94d3, 0x94d3, 0x94d3, 0x94d3, 0x94d3, 0x94d3, 0x94d3, 0x94b3, 0x8cd3, 0x8cb2, 0x94b2, 0x94d3,
    0x94d3, 0x94d2, 0x94d3, 0x94b2, 0x94d2, 0x94b2, 0x94d2, 0x94d3, 0x94d3, 0x94d2, 0x94b2, 0x94d2,
    0x94b3, 0x94b2, 0x94d3, 0x94d3, 0x94b3, 0x8cd2, 0x9cf2, 0x6226, 0x7a46, 0xa3ed, 0x7a46, 0x5162,
    0x61a4, 0x61c5, 0x6288, 0x8c30, 0x9cd3, 0x9cd3, 0x94d3, 0x94b2, 0x94b1, 0x9410, 0xeef8, 0xff36,
    0xf736, 0xf736, 0xf716, 0xf736, 0xf736, 0xf736, 0xf736, 0xf736, 0xf736, 0xf736, 0xf736, 0xf736,
    0xf736, 0xf736, 0xf736, 0xf736, 0xf736, 0xf716, 0xf736, 0xf736, 0xf736, 0xf736, 0xf736, 0xf736,
    0xf736, 0xf736, 0xf736, 0xf736, 0xf736, 0xf736, 0xff36, 0xf736, 0xf736, 0xf716, 0xf736, 0xf736,
    0xf736, 0xf736, 0xf736, 0xf736, 0xf736, 0xf736, 0xf736, 0xf736, 0xf736, 0xf736, 0xf736, 0xf736,
    0xf736, 0xf736, 0xf736, 0xf736, 0xf736, 0xf736, 0xf736, 0xf736, 0xf736, 0xf736, 0xf736, 0xf736,
    0xf736, 0xf736, 0xf736, 0xf736, 0xf736, 0xf736, 0xf736, 0xf736, 0xf736, 0xf736, 0xf736, 0xf736,
    0xf736, 0xf736, 0xf716, 0xf736, 0xf716, 0xf736, 0xf736, 0xf716, 0xf736, 0xf736, 0xf736, 0xf736,
    0xf736, 0xf736, 0xf736, 0xf736, 0xf736, 0xf736, 0xf736, 0xf736, 0xf736, 0xf736, 0xf716, 0xf736,
    0xff56, 0x41c5, 0x41a8, 0x5209, 0x3105, 0x5a2b, 0x5a2a, 0x20e4, 0x18e3, 0x2103, 0x2103, 0x20e4,
    0x20e4, 0x20e3, 0x20e3, 0x20e4, 0x20e4, 0x20e4, 0x522b, 0x2905, 0x2925, 0x39a7, 0x28e4, 0x5247,
    0xa4cf, 0x9490, 0x83ee, 0x840e, 0x840f, 0x842e, 0x842f, 0x736b, 0x8c2d, 0xa4af, 0x8c2d, 0x8c2e,
    0x8c2e, 0x8c0d, 0x83ac, 0x9c6e, 0x8c4e, 0x8c0e, 0x9c2e, 0x944e, 0x31e6, 0x21c5, 0x19a5, 0x19c5,
    0x11a4, 0x1984, 0x19c5, 0x19a5, 0x19c4, 0x19c5, 0x19a4, 0x19c5, 0x19c5, 0x73ad, 0xad54, 0xa513,
    0xa513, 0x9c91, 0x7bce, 0x7bae, 0x8c0d, 0x7b87, 0x83a8, 0x8be9, 0x7b87, 0x83a8, 0x7b67, 0x6b27,
    0x83a8, 0x83c9, 0x7368, 0x7389, 0x6328, 0x6329, 0x6b6b, 0x4a47, 0x3207, 0x52ca, 0x6308, 0x7389,
    0x7bc9, 0x7389, 0x3a45, 0x4ac8, 0x5b49, 0x4268, 0x3a69, 0x3a89, 0x638e, 0x8431, 0x94b3, 0x94d3,
    0x9cd3, 0x94d3, 0x94d3, 0x94d2, 0x94d3, 0x94d3, 0x94b3, 0x94b3, 0x8cb2, 0x94d2, 0x94d2, 0x94d3,
    0x94d3, 0x94d3, 0x94d2, 0x94d2, 0x94d2, 0x94d3, 0x94d2, 0x94d3, 0x94d3, 0x94d2, 0xa4d1, 0x7bad,
    0x94b3, 0x94d3, 0x94d3, 0x94b3, 0x8cb2, 0x94d3, 0x9cf2, 0x6226, 0x7a47, 0xabcc, 0x7a26, 0x5142,
    0x59a4, 0x61c4, 0x6a88, 0x8c0f, 0x9cf3, 0x94b2, 0x9cb1, 0xa4b0, 0xc571, 0xbcf2, 0xf6f9, 0xff36,
    0xf736, 0xf736, 0xf736, 0xf736, 0xf736, 0xf736, 0xf736, 0xf736, 0xf736, 0xf736, 0xf736, 0xf736,
    0xf736, 0xf736, 0xf736, 0xf716, 0xff36, 0xf716, 0xf736, 0xf736, 0xf736, 0xf736, 0xf736, 0xf736,
    0xf736, 0xf736, 0xf736, 0xf736, 0xf736, 0xf736, 0xf736, 0xf736, 0xf736, 0xf736, 0xf736, 0xf736,
    0xf736, 0xf736, 0xf736, 0xf736, 0xf736, 0xf736, 0xf736, 0xf736, 0xf736, 0xf736, 0xf736, 0xf736,
    0xf736, 0xf736, 0xf736, 0xf736, 0xf736, 0xf736, 0xf736, 0xf736, 0xf736, 0xf736, 0xf736, 0xf736,
    0xf736, 0xf736, 0xf736, 0xf736, 0xf736, 0xf736, 0xf736, 0xf736, 0xf736, 0xf736, 0xf736, 0xf736,
    0xf736, 0xf736, 0xf736, 0xf736, 0xf736, 0xf736, 0xf736, 0xf736, 0xf736, 0xf736, 0xf736, 0xf716,
    0xf736, 0xf736, 0xf736, 0xf736, 0xf736, 0xf736, 0xf736, 0xf736, 0xf736, 0xf736, 0xf716, 0xf736,
    0xff56, 0x41e5, 0x2905, 0x3967, 0x20e4, 0x20c4, 0x5a0a, 0x20e4, 0x20e4, 0x2103, 0x20e4, 0x20e4,
    0x20e4, 0x2104, 0x20e4, 0x20e4, 0x18e3, 0x2104, 0x522a, 0x3125, 0x5229, 0x2904, 0x5a4a, 0x5269,
    0xa4f1, 0x9470, 0x83ee, 0x8c2e, 0x738c, 0x8c0d, 0x738c, 0x73cd, 0x948f, 0x9caf, 0x8c4e, 0x7bee,
    0x73cd, 0x83ee, 0x83ed, 0xa4d0, 0x8c2e, 0x944f, 0x944e, 0x9c90, 0x3226, 0x2a06, 0x21e5, 0x1184,
    0x19c5, 0x19a5, 0x19c5, 0x19a4, 0x19a4, 0x21e5, 0x11a4, 0x19c5, 0x19c5, 0x4aca, 0xad54, 0xa513,
    0xa533, 0xa4f2, 0x7b6c, 0x736c, 0x62c8, 0x83c9, 0x83c8, 0x7366, 0x7bc8, 0x83e9, 0x7bc8, 0x5ac6,
    0x7368, 0x6327, 0x52a6, 0x7389, 0x5ae7, 0x4aa8, 0x4268, 0x52a8, 0x4249, 0x3208, 0x52c9, 0x632a,
    0x7369, 0x6b47, 0x5b06, 0x6349, 0x5b09, 0x4ac9, 0x3268, 0x4b0a, 0x5b2c, 0x7c10, 0x94d3, 0x94d3,
    0x94d3, 0x94b3, 0x94b3, 0x94d3, 0x94f3, 0x94d2, 0x94d3, 0x94d3, 0x94b2, 0x94b2, 0x94b2, 0x9cd2,
    0x9cd2, 0x94d2, 0x94d2, 0x94d2, 0x94d2, 0x94d2, 0x94d2, 0x94d2, 0x94b2, 0x9cd2, 0x940e, 0x8bee,
    0x94d3, 0x94d3, 0x94f3, 0x8cd2, 0x94d3, 0x94d3, 0x9cf2, 0x6247, 0x7a47, 0xa3ac, 0x8246, 0x5963,
    0x5183, 0x6a06, 0x7288, 0x730a, 0xa491, 0xacaf, 0xb44c, 0xb44b, 0xb42a, 0xac0d, 0xf6d8, 0xff36,
    0xf736, 0xf736, 0xf736, 0xf736, 0xf736, 0xf736, 0xf736, 0xf716, 0xf736, 0xf716, 0xf736, 0xf736,
    0xf736, 0xf736, 0xf736, 0xf736, 0xf736, 0xf736, 0xf736, 0xf736, 0xf736, 0xf736, 0xf736, 0xff36,
    0xf736, 0xf736, 0xf736, 0xf736, 0xf736, 0xf736, 0xf736, 0xf716, 0xf736, 0xf736, 0xf736, 0xf736,
    0xf716, 0xf736, 0xf736, 0xf736, 0xf736, 0xf736, 0xf736, 0xf736, 0xf736, 0xf736, 0xf736, 0xf736,
    0xf736, 0xf736, 0xf736, 0xf736, 0xf736, 0xf736, 0xf736, 0xf736, 0xf736, 0xf736, 0xf736, 0xf736,
    0xf736, 0xf716, 0xf716, 0xf736, 0xff36, 0xf736, 0xf736, 0xf736, 0xf736, 0xf736, 0xf736, 0xf736,
    0xf736, 0xf736, 0xf736, 0xf736, 0xf736, 0xf716, 0xf736, 0xf736, 0xf736, 0xf716, 0xf736, 0xf736,
    0xf736, 0xf736, 0xf736, 0xf736, 0xf736, 0xf736, 0xf736, 0xf736, 0xf736, 0xf736, 0xf736, 0xf736,
    0xff57, 0x5227, 0x522a, 0x2104, 0x41e8, 0x49e9, 0x522a, 0x20e4, 0x20e3, 0x20e3, 0x2103, 0x20e3,
    0x20e4, 0x2104, 0x20e4, 0x2104, 0x2103, 0x2104, 0x5209, 0x28e4, 0x4188, 0x2104, 0x2905, 0x528a,
    0x9cd0, 0x9490, 0x8c0e, 0x83cd, 0x8bed, 0x83ac, 0x8c0d, 0x840e, 0x948f, 0x9caf, 0x8c6f, 0x7bee,
    0x73cd, 0x7bce, 0x8c0d, 0xa4d0, 0x7bcd, 0x83ed, 0x944e, 0x8c2e, 0x3206, 0x29e6, 0x21e6, 0x19c5,
    0x11a4, 0x1184, 0x19a5, 0x21c5, 0x21c5, 0x19e5, 0x1184, 0x11a4, 0x19c5, 0x31e6, 0xa534, 0xa513,
    0xad53, 0x9470, 0x734b, 0x838b, 0x8bea, 0x7368, 0x7b87, 0x7367, 0x7387, 0x5b07, 0x5b27, 0x7388,
    0x7368, 0x6b88, 0x52a7, 0x6328, 0x5b28, 0x4266, 0x5b29, 0x6b29, 0x3a48, 0x39e8, 0x5289, 0x5268,
    0x6b28, 0x6b48, 0x3a05, 0x4ac8, 0x4288, 0x3a47, 0x3268, 0x4b2a, 0x8492, 0x73cf, 0x94d3, 0x94d3,
    0x94b3, 0x94b3, 0x94d3, 0x94d3, 0x94b2, 0x94d3, 0x94f3, 0x94d3, 0x94b2, 0x9cd2, 0x838c, 0x8bac,
    0x9cb1, 0x94d2, 0x94b2, 0x94d2, 0x94d2, 0x94b2, 0x94d2, 0x94b2, 0x94f3, 0x8430, 0x7b8c, 0x9cd2,
    0x94d2, 0x94d3, 0x8cd3, 0x8cb2, 0x94d3, 0x94b3, 0x9cf3, 0x6a67, 0x8267, 0xa3ac, 0x8247, 0x5963,
    0x5184, 0x6a06, 0x72a7, 0x72a8, 0x8b4a, 0x9b89, 0xbc4b, 0x9327, 0xd52e, 0x9b6b, 0xf6f9, 0xf736,
    0xf736, 0xf736, 0xf736, 0xf736, 0xf736, 0xf736, 0xf736, 0xf736, 0xf736, 0xf736, 0xf736, 0xf736,
    0xf736, 0xf736, 0xf736, 0xf736, 0xf736, 0xf736, 0xf736, 0xf736, 0xf736, 0xf736, 0xf736, 0xf736,
    0xf736, 0xf736, 0xf736, 0xf736, 0xf736, 0xf736, 0xf736, 0xf716, 0xf736, 0xf736, 0xf736, 0xf736,
    0xf736, 0xf736, 0xf736, 0xf736, 0xf736, 0xf736, 0xf736, 0xf736, 0xf736, 0xf736, 0xf736, 0xf736,
    0xf736, 0xf736, 0xf736, 0xf736, 0xf736, 0xf736, 0xf736, 0xf736, 0xf736, 0xf736, 0xf736, 0xf736,
    0xf736, 0xf736, 0xff78, 0xf736, 0xf736, 0xf736, 0xf736, 0xf736, 0xf736, 0xf736, 0xf736, 0xf736,
    0xf736, 0xf736, 0xf736, 0xf736, 0xf716, 0xf736, 0xf736, 0xf736, 0xf716, 0xf736, 0xf736, 0xf736,
    0xf736, 0xf736, 0xf736, 0xf736, 0xf736, 0xf736, 0xf736, 0xf736, 0xf716, 0xf736, 0xf736, 0xf716,
    0xff56, 0x6268, 0x2905, 0x2104, 0x3105, 0x2905, 0x522a, 0x20e4, 0x20e4, 0x2104, 0x18e3, 0x20e4,
    0x18e3, 0x20e4, 0x20e4, 0x20e4, 0x20e3, 0x20e4, 0x522a, 0x20e4, 0x5209, 0x2104, 0x2904, 0x52ab,
    0xa512, 0x9470, 0x8c2e, 0x83ed, 0x7b8b, 0x8bec, 0x7b8b, 0x83ee, 0x9cb0, 0x9caf, 0x7c0e, 0x73ad,
    0x7bad, 0x7bcd, 0x8c4f, 0x9cb0, 0x8c2f, 0x8c2e, 0x6329, 0x6b6a, 0x2a05, 0x2a06, 0x2226, 0x19e5,
    0x11a4, 0x19a4, 0x19a4, 0x1984, 0x21c5, 0x19c5, 0x21c5, 0x21a4, 0x21e5, 0x4a68, 0xa534, 0xa533,
    0xad32, 0x942e, 0x8bac, 0x8389, 0x83c8, 0x83e9, 0x7367, 0x6306, 0x5b07, 0x52c7, 0x5b08, 0x6b27,
    0x6306, 0x6b68, 0x52e6, 0x6b89, 0x7368, 0x6b68, 0x6b48, 0x6b28, 0x4a68, 0x4a49, 0x4227, 0x39e6,
    0x6308, 0x5ae8, 0x52e9, 0x3207, 0x42a9, 0x31e7, 0x3a28, 0x42ea, 0x530b, 0x7c10, 0x8c92, 0x94b3,
    0x94d3, 0x94d3, 0x94d3, 0x94d3, 0x94d3, 0x94d3, 0x94d3, 0x94b2, 0x94b2, 0x942f, 0xa44e, 0xa42e,
    0x6268, 0x9c90, 0x94d2, 0x94b2, 0x9cf3, 0x9cd3, 0x94d2, 0x94b2, 0x8cd3, 0x4269, 0x31a6, 0x9cf3,
    0x94f3, 0x94d3, 0x94d3, 0x94b3, 0x94d3, 0x8cb2, 0x94d2, 0x6227, 0x8247, 0xa3cd, 0x8a87, 0x59a4,
    0x5183, 0x7267, 0x7287, 0x72c8, 0x8309, 0x9b89, 0xccad, 0xa368, 0xcd0e, 0x932a, 0xf6f8, 0xff36,
    0xf736, 0xf736, 0xf736, 0xf736, 0xf736, 0xf736, 0xf736, 0xf716, 0xf736, 0xf716, 0xf736, 0xf736,
    0xf736, 0xf736, 0xf736, 0xf736, 0xf736, 0xf736, 0xf736, 0xf736, 0xf736, 0xf736, 0xf736, 0xf736,
    0xf736, 0xf716, 0xf736, 0xf736, 0xf736, 0xf736, 0xf736, 0xf736, 0xf716, 0xf736, 0xf736, 0xf736,
    0xf736, 0xf736, 0xf736, 0xf736, 0xf736, 0xf716, 0xf736, 0xf736, 0xf736, 0xf736, 0xf736, 0xf736,
    0xf736, 0xf736, 0xf736, 0xf736, 0xf736, 0xf736, 0xc5d2, 0xf737, 0xf736, 0xf736, 0xf736, 0xf736,
    0xf716, 0x41a2, 0x1060, 0xef16, 0xf736, 0xf736, 0xf736, 0xf736, 0xf736, 0xf736, 0xf736, 0xf736,
    0xf736, 0xf736, 0xf736, 0xf736, 0xf736, 0xf736, 0xf736, 0xf736, 0xf736, 0xf736, 0xf716, 0xf736,
    0xf736, 0xf736, 0xf736, 0xf736, 0xf736, 0xf736, 0xf736, 0xf736, 0xf736, 0xf736, 0xf716, 0xf736,
    0xff56, 0x5a48, 0x28e4, 0x2104, 0x49e8, 0x20e4, 0x5a2b, 0x20c4, 0x20e3, 0x2103, 0x2103, 0x20e4,
    0x20e4, 0x20e4, 0x2104, 0x2104, 0x2904, 0x5a6b, 0x5a4b, 0x41a7, 0x20c4, 0x41c8, 0x3126, 0x4a8a,
    0x94d2, 0x8c70, 0x8c2f, 0x8c2e, 0x8c2e, 0x83cc, 0x7bac, 0x8c2e, 0xa4d1, 0xa4d0, 0x842e, 0x7bef,
    0x7bcd, 0x7bcd, 0x944f, 0x9cd1, 0x7bcd, 0x7bec, 0x4ac6, 0x5307, 0x2a05, 0x29e4, 0x2a26, 0x11a4,
    0x1184, 0x1184, 0x19a4, 0x1984, 0x19a5, 0x19a4, 0x21c5, 0x29e5, 0x29e5, 0x4268, 0xa554, 0xa534,
    0x944f, 0x8bcc, 0x940c, 0x7b68, 0x8bea, 0x7389, 0x6b47, 0x5b07, 0x4aa7, 0x6b48, 0x7347, 0x9c29,
    0x93c8, 0x6b48, 0x6369, 0x42a6, 0x4aa6, 0x6348, 0x5b27, 0x6b69, 0x39e5, 0x4a47, 0x62e9, 0x5ae9,
    0x3a47, 0x3a89, 0x3a69, 0x3a69, 0x5b0c, 0x3a28, 0x5aea, 0x4aa8, 0x4268, 0x52aa, 0x5b0c, 0x8c71,
    0x73cf, 0x9493, 0x94d3, 0x94d3, 0x94d3, 0x9cf3, 0x94d3, 0x94d3, 0x9cd2, 0xacd0, 0x6a46, 0x936b,
    0x936a, 0x7b0a, 0x94b2, 0x94d2, 0x9cd2, 0x94b2, 0x94d2, 0x94f2, 0x636d, 0x21a5, 0x31c6, 0x94f3,
    0x94d3, 0x94d3, 0x94d3, 0x94b2, 0x94d2, 0x9491, 0x9cb1, 0x9c0e, 0xac2d, 0xac6f, 0xb46f, 0xa42d,
    0x9c0d, 0xac8f, 0x836a, 0x72a8, 0x832a, 0x934a, 0x9b48, 0xa38a, 0xb40b, 0x92e9, 0xf6f8, 0xff36,
    0xf736, 0xf736, 0xf736, 0xf736, 0xf736, 0xf736, 0xf736, 0xf736, 0xf736, 0xf716, 0xf736, 0xf736,
    0xf736, 0xf736, 0xf736, 0xf736, 0xf736, 0xf736, 0xf716, 0xf736, 0xf736, 0xf736, 0xf736, 0xff16,
    0xf736, 0xff16, 0xf736, 0xf736, 0xf736, 0xf736, 0xf736, 0xf736, 0xf736, 0xf736, 0xf736, 0xf736,
    0xf736, 0xf716, 0xf736, 0xf736, 0xf736, 0xf736, 0xf736, 0xf736, 0xf736, 0xf736, 0xf736, 0xf736,
    0xf736, 0xf736, 0xf736, 0xf736, 0xf736, 0xf757, 0x18c0, 0xe6d6, 0xf736, 0xf736, 0xf736, 0xf736,
    0xff36, 0xf737, 0x18a0, 0xf758, 0xf736, 0xf736, 0xf736, 0xf736, 0xf736, 0xf736, 0xf736, 0xf736,
    0xf736, 0xf736, 0xf736, 0xf736, 0xf736, 0xf736, 0xf736, 0xf736, 0xf716, 0xf716, 0xf716, 0xf736,
    0xf716, 0xf736, 0xf736, 0xf716, 0xf736, 0xf736, 0xf736, 0xf736, 0xf736, 0xf716, 0xf736, 0xf736,
    0xff56, 0x5206, 0x2905, 0x49e8, 0x20c4, 0x41a8, 0x522a, 0x5209, 0x20e4, 0x20e3, 0x2103, 0x2103,
    0x20e4, 0x20e4, 0x20e4, 0x20e4, 0x2104, 0x524a, 0x5a6b, 0x2904, 0x3146, 0x2905, 0x4188, 0x52cb,
    0x6c30, 0x8c91, 0x8c4f, 0x842f, 0x8c0e, 0x942e, 0x8c0c, 0x840d, 0x94b0, 0xa4f1, 0x8c2f, 0x7bce,
    0x7bee, 0x840e, 0x8c4f, 0x94b0, 0x842d, 0x6348, 0x42a6, 0x3225, 0x3a45, 0x6b68, 0x29c4, 0x21c4,
    0x19c5, 0x11a4, 0x21e5, 0x21e5, 0x19c5, 0x19c5, 0x19a5, 0x19c5, 0x21e5, 0x29c5, 0x9d13, 0xad54,
    0x944f, 0x8bab, 0x8bab, 0x83aa, 0x5286, 0x73a9, 0x6b8a, 0x4265, 0x5ae7, 0x7368, 0x7b88, 0xa449,
    0x7b26, 0x5a85, 0x6349, 0x534a, 0x42c9, 0x3a88, 0x42a8, 0x4287, 0x634a, 0x6b49, 0x6b29, 0x4a46,
    0x3a68, 0x3a69, 0x29c7, 0x52a9, 0x3a49, 0x42a9, 0x634a, 0x6bcd, 0x3a28, 0x530a, 0x52e9, 0x73ef,
    0x634d, 0x73ef, 0x94d3, 0x9cd3, 0x9cf4, 0x94d3, 0x94d2, 0x94b3, 0x94d2, 0x8bee, 0x6225, 0x7ac8,
    0x7ac7, 0x832a, 0x9cb1, 0x94d2, 0x94d3, 0x9cf3, 0x9cf3, 0x4228, 0x2185, 0x1944, 0x94b2, 0x94f3,
    0x94d2, 0x94d3, 0x94b2, 0x9471, 0x94b2, 0x8c2f, 0x9491, 0x6aa9, 0x7aa8, 0x9bac, 0x8ac9, 0x6a26,
    0x51e5, 0x72c7, 0x6a87, 0x6226, 0x72a8, 0x8b09, 0xcd0f, 0x8b29, 0xab89, 0x92e9, 0xf6d8, 0xf736,
    0xf736, 0xf736, 0xf736, 0xf736, 0xf736, 0xf736, 0xf736, 0xf736, 0xf736, 0xf736, 0xf736, 0xf736,
    0xf716, 0xf736, 0xf736, 0xf736, 0xf736, 0xf736, 0xf736, 0xf736, 0xf736, 0xf736, 0xf736, 0xf736,
    0xf736, 0xff16, 0xf736, 0xf736, 0xf736, 0xf736, 0xff36, 0xf736, 0xf716, 0xef16, 0xf716, 0xf716,
    0xf716, 0xf736, 0xf716, 0xf736, 0xf716, 0xf716, 0xf716, 0xf716, 0xf716, 0xf716, 0xf736, 0xf736,
    0xf736, 0xf715, 0xf736, 0xf736, 0xff57, 0xff56, 0xf737, 0xff57, 0xff77, 0xf736, 0xf716, 0xf716,
    0xff56, 0xf757, 0x1880, 0xf737, 0xf736, 0xf736, 0xf736, 0xf736, 0xf736, 0xf736, 0xf736, 0xf736,
    0xf736, 0xf736, 0xf736, 0xf736, 0xf736, 0xf736, 0xf716, 0xf736, 0xf736, 0xf716, 0xf736, 0xf736,
    0xf736, 0xf736, 0xf736, 0xf736, 0xf736, 0xf736, 0xf736, 0xf736, 0xf716, 0xf736, 0xf736, 0xf736,
    0xff56, 0x5206, 0x49a9, 0x3126, 0x3967, 0x2904, 0x5209, 0x4a09, 0x20c3, 0x2103, 0x2103, 0x20e4,
    0x20e4, 0x20e4, 0x20e3, 0x2104, 0x20e3, 0x2103, 0x2103, 0x20e4, 0x20c4, 0x28e5, 0x49a9, 0x4a8a,
    0x7c91, 0x8470, 0x844f, 0x840f, 0x842f, 0x8c2e, 0x8c0d, 0x946f, 0x9cd1, 0x9cb0, 0x8c2f, 0x83ef,
    0x73ad, 0x7bee, 0x842e, 0x948f, 0x5ae7, 0x6348, 0x73a8, 0x6326, 0x4244, 0x3a24, 0x5ae7, 0x3a25,
    0x21c5, 0x19c5, 0x11a5, 0x19e5, 0x1184, 0x19c5, 0x19c4, 0x21e5, 0x19c5, 0x2184, 0xa534, 0xa512,
    0x8bcc, 0x8bab, 0x9c4e, 0x836a, 0x83a9, 0x6b69, 0x52c6, 0x7bca, 0x6b88, 0x7368, 0x7b47, 0xac48,
    0x9ba8, 0x7b69, 0x4aa7, 0x3a88, 0x3aa8, 0x3267, 0x3268, 0x3247, 0x3a26, 0x6b28, 0x62a6, 0x62c6,
    0x62e8, 0x3a48, 0x31e7, 0x4a69, 0x5aca, 0x4247, 0x4aa9, 0x4aca, 0x3227, 0x42c9, 0x4aa8, 0x3a48,
    0x4289, 0x636d, 0x7bef, 0x9cf3, 0x94d3, 0x94d3, 0x94d3, 0x94d2, 0x94d3, 0x9cd2, 0x7b4b, 0x83ac,
    0x6aa8, 0x6ac9, 0x3a07, 0x2985, 0x4269, 0x3a28, 0x3207, 0x2185, 0x1924, 0x94b2, 0x8c92, 0x94d3,
    0x8cb2, 0x94d3, 0x94f3, 0x8c70, 0x94d2, 0x83ed, 0x9cb0, 0x5a46, 0x7a87, 0x9bcc, 0x8ac8, 0x7266,
    0x6287, 0x7b29, 0x7ae8, 0x6a87, 0x7b2a, 0x8309, 0x9349, 0x8b29, 0xa369, 0x8288, 0xf6d8, 0xff36,
    0xf736, 0xf736, 0xf736, 0xf736, 0xf736, 0xf716, 0xf716, 0xf716, 0xf716, 0xf716, 0xf736, 0xf736,
    0xf736, 0xf736, 0xf736, 0xf736, 0xf736, 0xf736, 0xf736, 0xf736, 0xf736, 0xf736, 0xf736, 0xf716,
    0xf716, 0xf716, 0xf716, 0xf716, 0xf736, 0xf736, 0xf736, 0xf737, 0x1880, 0xa4f0, 0x1060, 0x1080,
    0xb531, 0xff37, 0x1860, 0x4a45, 0x20e0, 0x4a25, 0xf717, 0x20c0, 0x1040, 0x41a3, 0xf716, 0xa4ad,
    0x1060, 0xad10, 0x1860, 0x1080, 0xf736, 0xacee, 0x18a0, 0xe6b6, 0xf737, 0x2921, 0x1880, 0x20a0,
    0xf737, 0xf737, 0x1060, 0xf737, 0xf736, 0xf736, 0xf736, 0xf736, 0xf736, 0xf736, 0xf736, 0xf736,
    0xf736, 0xf736, 0xf716, 0xf716, 0xf736, 0xf736, 0xf736, 0xf736, 0xf736, 0xf716, 0xf716, 0xf716,
    0xf736, 0xf736, 0xf736, 0xf736, 0xf736, 0xf736, 0xf736, 0xf716, 0xf716, 0xf716, 0xf736, 0xf716,
    0xff56, 0x49c6, 0x49a9, 0x28e4, 0x28e4, 0x28e4, 0x2103, 0x20e3, 0x2103, 0x2103, 0x20e4, 0x20e4,
    0x20e4, 0x20e4, 0x2104, 0x18e3, 0x2104, 0x20e3, 0x2103, 0x20e3, 0x4a09, 0x41a8, 0x49e9, 0x4a8a,
    0x84d2, 0x7450, 0x8450, 0x7bef, 0x8c2f, 0x8c2f, 0x83ee, 0x8c2f, 0x9cb1, 0xa4f1, 0x8c2f, 0x840f,
    0x6bae, 0x7bee, 0x840e, 0x840d, 0x6348, 0x4244, 0x7387, 0x8c29, 0x7388, 0x3204, 0x4a65, 0x29a3,
    0x21e5, 0x11a4, 0x19e5, 0x11a5, 0x1184, 0x19a4, 0x19a4, 0x19c4, 0x19c5, 0x21a5, 0x9d13, 0xad33,
    0x8bed, 0x8b8a, 0x8389, 0x8389, 0x7327, 0x7ba9, 0x73a8, 0x7ba9, 0x52e6, 0x6327, 0xb4ab, 0xcd2b,
    0x93a8, 0x6b27, 0x4ae8, 0x3aa8, 0x3288, 0x3288, 0x32a9, 0x3288, 0x29e5, 0x6307, 0x7327, 0x6b07,
    0x6b28, 0x52c9, 0x4aaa, 0x3a49, 0x3a48, 0x3a48, 0x2a07, 0x3207, 0x4a89, 0x3a48, 0x5b4c, 0x3a68,
    0x52ea, 0x3a67, 0x73cd, 0x94b2, 0x94d3, 0x94d3, 0x94d3, 0x94d3, 0x94b2, 0x9cd2, 0x9cd2, 0x39e6,
    0x2964, 0x39c6, 0x31a6, 0x1924, 0x10e3, 0x08c2, 0x1103, 0x1923, 0x6b8e, 0x94d3, 0x94b2, 0x94b3,
    0x94d3, 0x8cb2, 0x94d2, 0x73ad, 0x844f, 0x840d, 0x948f, 0x6226, 0x8287, 0x934a, 0x8287, 0x61e5,
    0x4983, 0x6245, 0x59c4, 0x6267, 0x7b2a, 0x7b2a, 0x8bac, 0x7ae9, 0x8ac7, 0x8289, 0xf6d8, 0xff36,
    0xf736, 0xf736, 0xf736, 0xf736, 0xf736, 0xf716, 0xf716, 0xf716, 0xf716, 0xf716, 0xf736, 0xf716,
    0xf736, 0xf736, 0xf736, 0xf736, 0xf736, 0xf736, 0xf736, 0xf736, 0xf736, 0xf736, 0xf716, 0xf736,
    0xf736, 0xf736, 0xf736, 0xf736, 0xf736, 0xf716, 0xf736, 0xf716, 0xff99, 0x41c4, 0xf737, 0xff78,
    0x20e1, 0xf736, 0xf738, 0x18a0, 0xf738, 0xc591, 0xb50f, 0xff78, 0xf736, 0x18a0, 0xf737, 0xf736,
    0x18a1, 0xf758, 0xf757, 0x3143, 0xff78, 0xf736, 0x1040, 0xf759, 0xf758, 0xff99, 0xf737, 0x3163,
    0xff99, 0xf757, 0x1040, 0xf737, 0xf716, 0xf736, 0xf736, 0xf736, 0xf736, 0xf736, 0xf736, 0xf736,
    0xf736, 0xf736, 0xf736, 0xf736, 0xf736, 0xf736, 0xf736, 0xf736, 0xf736, 0xf736, 0xf716, 0xf736,
    0xf736, 0xf736, 0xf736, 0xf736, 0xf716, 0xf716, 0xf716, 0xf716, 0xf716, 0xff36, 0xf736, 0xf736,
    0xff56, 0x49e5, 0x49a9, 0x41a8, 0x4a09, 0x20c3, 0x2103, 0x20e3, 0x20e4, 0x2103, 0x20e3, 0x20e4,
    0x2103, 0x2103, 0x18e3, 0x20e3, 0x5a2a, 0x520a, 0x2905, 0x20e3, 0x18c3, 0x51e9, 0x49c9, 0x428a,
    0x7cf2, 0x7cb1, 0x7430, 0x7c0e, 0x8c4f, 0x842e, 0x7c0e, 0x842f, 0x9cb1, 0xa4d1, 0x842f, 0x7bef,
    0x7c0f, 0x7bee, 0x840e, 0x7beb, 0x5ae7, 0x3a45, 0x3204, 0x5b27, 0x4a64, 0x4a65, 0x5b27, 0x29e4,
    0x21c5, 0x19a4, 0x11a4, 0x1144, 0x0923, 0x0923, 0x1183, 0x19a4, 0x19c5, 0x19a4, 0x9d13, 0xad34,
    0x9c6f, 0x8389, 0x7328, 0x8bea, 0x7ba8, 0x6306, 0x6b48, 0x52c6, 0x52e7, 0x8c0b, 0xa44b, 0xac6b,
    0x93cb, 0x8bec, 0x5b29, 0x3aa8, 0x3268, 0x2a67, 0x2a47, 0x2207, 0x4ae9, 0x6328, 0x7b68, 0x6b27,
    0x52e8, 0x3a27, 0x5b2b, 0x3248, 0x2a27, 0x21e7, 0x2a06, 0x3a88, 0x3a89, 0x3a89, 0x3a68, 0x52cb,
    0x6bcd, 0x4ac8, 0x52ea, 0x8c71, 0x9cb3, 0x9cb3, 0x94d3, 0x94d2, 0x94d2, 0x94b2, 0x3a07, 0x3207,
    0x3a07, 0x9d13, 0x8430, 0x2985, 0x1923, 0x2144, 0x8471, 0x9cf2, 0x94d2, 0x94b2, 0x94d3, 0x8cb2,
    0x8cb3, 0x94b2, 0x94d2, 0x8c50, 0x94d2, 0x946f, 0x94b1, 0x6a67, 0x7226, 0x8b4a, 0x7a47, 0x5984,
    0x5183, 0x834a, 0x6225, 0x5a46, 0x7b6b, 0x7b2a, 0x838c, 0x72c9, 0x8b6a, 0x7ac9, 0xeed7, 0xf736,
    0xf736, 0xf736, 0xf736, 0xf736, 0xf716, 0xf716, 0xf716, 0xf716, 0xf716, 0xf736, 0xf736, 0xf736,
    0xf716, 0xf736, 0xf716, 0xf736, 0xf736, 0xf736, 0xf736, 0xf716, 0xf715, 0xf736, 0xf736, 0xf716,
    0xf716, 0xf716, 0xf716, 0xf736, 0xf716, 0xf716, 0xf736, 0xf736, 0xff99, 0x6b29, 0xff36, 0xf736,
    0x18a0, 0xff78, 0xf738, 0x20e1, 0xf716, 0xf736, 0xf715, 0xf737, 0xff58, 0x1060, 0xf737, 0xff56,
    0x1080, 0xf737, 0xff36, 0x5a87, 0xff99, 0xff56, 0x1040, 0xf779, 0xf736, 0xf716, 0xff78, 0x41c5,
    0xff79, 0xf737, 0x1060, 0xf737, 0xf736, 0xf736, 0xf736, 0xf736, 0xf736, 0xf736, 0xf736, 0xf716,
    0xf736, 0xf716, 0xf736, 0xf736, 0xf716, 0xf736, 0xf736, 0xf736, 0xf716, 0xf736, 0xf736, 0xf736,
    0xf736, 0xf736, 0xf736, 0xf736, 0xf736, 0xf716, 0xf716, 0xf716, 0xf716, 0xf716, 0xf736, 0xf736,
    0xff56, 0x41c5, 0x520a, 0x520b, 0x20e4, 0x2104, 0x28e5, 0x5a2b, 0x520a, 0x2104, 0x20e3, 0x20e4,
    0x2103, 0x20e4, 0x18e3, 0x20e4, 0x5a0b, 0x49c9, 0x522a, 0x20e3, 0x41a8, 0x51ea, 0x520a, 0x52ab,
    0x6c91, 0x84d2, 0x6c0f, 0x842f, 0x8c2f, 0x842e, 0x73ee, 0x8c4f, 0x94b1, 0x9cd0, 0x8c2f, 0x840f,
    0x842f, 0x7bce, 0x842d, 0x8c2c, 0x52e6, 0x4285, 0x4287, 0x3246, 0x4aa7, 0x5b27, 0x6326, 0x31e4,
    0x21c5, 0x1984, 0x1164, 0x1984, 0x1144, 0x1163, 0x11a4, 0x1184, 0x2a06, 0x21c4, 0x5aa8, 0x83cd,
    0x836b, 0x8b69, 0x93a8, 0x8b88, 0x7367, 0x7387, 0x6347, 0x52e8, 0x4ac7, 0xc5b2, 0xe6b5, 0xd632,
    0xb530, 0x948f, 0x9caf, 0x4ae8, 0x3aa8, 0x2a47, 0x2a47, 0x3268, 0x3a88, 0x42a7, 0x52c8, 0x4266,
    0x2a06, 0x4aea, 0x530a, 0x3247, 0x3267, 0x5309, 0x4aa7, 0x4287, 0x5b09, 0x52a9, 0x4a68, 0x4a8a,
    0x530b, 0x42a8, 0x6b8d, 0x94d3, 0x9cd3, 0x94d3, 0x9cd3, 0x9cd3, 0x94f3, 0x3a07, 0x2986, 0x3207,
    0x29c6, 0x31a6, 0x9cb1, 0x31a5, 0x1923, 0x8cb1, 0x94b2, 0x94b2, 0x94d2, 0x9cd3, 0x9cd3, 0x94d3,
    0x94d3, 0x94b2, 0x94b2, 0x9470, 0x94b1, 0x8c4e, 0x946f, 0x834a, 0x82a7, 0x936a, 0x82a8, 0x7267,
    0x6225, 0x8b49, 0x7ac7, 0x72a8, 0x732a, 0x72e9, 0x7b2a, 0x72c8, 0x834b, 0x7aca, 0xf6f8, 0xff36,
    0xf736, 0xf736, 0xf736, 0xf736, 0xf736, 0xf736, 0xf716, 0xf736, 0xf716, 0xf736, 0xf736, 0xf736,
    0xf736, 0xff36, 0xf716, 0xf716, 0xf736, 0xf736, 0xf716, 0xf736, 0xf716, 0xf736, 0xf736, 0xf716,
    0xf716, 0xf736, 0xf736, 0xf736, 0xf736, 0xf736, 0xf736, 0xf736, 0xffb9, 0x736a, 0xf736, 0xf736,
    0x20c0, 0xff57, 0xef38, 0x2921, 0xf716, 0xf736, 0x946d, 0x5246, 0xff57, 0x1060, 0xf737, 0xf736,
    0x1880, 0xf757, 0xff56, 0x5aa7, 0xff99, 0xf757, 0x1060, 0xff79, 0xe6d6, 0x20e0, 0xff57, 0x62e9,
    0xff78, 0xf737, 0x1060, 0xf737, 0xf736, 0xf736, 0xf736, 0xf736, 0xf736, 0xf716, 0xf716, 0xf736,
    0xf736, 0xf716, 0xf736, 0xf736, 0xf716, 0xf716, 0xf736, 0xf736, 0xf736, 0xf736, 0xf736, 0xf736,
    0xf736, 0xf736, 0xf736, 0xf736, 0xf736, 0xf736, 0xf716, 0xf716, 0xf716, 0xf716, 0xf716, 0xf736,
    0xff56, 0x49c5, 0x51ea, 0x5a2b, 0x3947, 0x2104, 0x520a, 0x5a0a, 0x5a0b, 0x20e4, 0x20e3, 0x20e3,
    0x20e3, 0x2104, 0x18e3, 0x20e4, 0x520a, 0x522a, 0x20c4, 0x20e4, 0x520a, 0x4167, 0x5a2b, 0x4aaa,
    0x6c91, 0x7cf3, 0x7491, 0x7c0f, 0x8c2f, 0x83ee, 0x7bce, 0x8c2f, 0x9c90, 0xa4f1, 0x8c4f, 0x7c0f,
    0x840e, 0x7bcd, 0x7389, 0x7bc9, 0x7bc9, 0x52c6, 0x3225, 0x21c4, 0x21c4, 0x21c4, 0x5b06, 0x4aa6,
    0x19a4, 0x1984, 0x11a4, 0x1964, 0x1964, 0x1184, 0x19e5, 0x1184, 0x19a5, 0x2a05, 0x5ae9, 0x836b,
    0x7b4a, 0x8349, 0x8b68, 0x8388, 0x7ba8, 0x5ae6, 0x4ac7, 0x4287, 0x52c8, 0xd654, 0xde94, 0xcdd1,
    0xb50f, 0x9caf, 0x946f, 0x6b49, 0x3267, 0x3aa9, 0x2a27, 0x2a47, 0x2a47, 0x3267, 0x3226, 0x3267,
    0x3a87, 0x3a67, 0x4287, 0x6389, 0x6369, 0x6348, 0x5b08, 0x6349, 0x6308, 0x734a, 0x5ac9, 0x4a89,
    0x8450, 0x4ac9, 0x4aca, 0x9cf3, 0x9cd3, 0x9cf3, 0x9cf3, 0x9cd3, 0x94d2, 0x3a48, 0x1944, 0x1944,
    0x2185, 0x2165, 0x4a47, 0x5226, 0x2102, 0x5aea, 0x9cd2, 0x9cd2, 0x9cd2, 0x9cd2, 0x94b2, 0x94d2,
    0x94d3, 0x94b2, 0x94b1, 0x8c4f, 0x94d2, 0x8c4f, 0x9cb1, 0x5a27, 0x61e5, 0x832a, 0x6a06, 0x6206,
    0x49a4, 0x7b08, 0x6205, 0x6267, 0x732b, 0x7b6b, 0x7b6b, 0x6aa9, 0x834b, 0x72ca, 0xf6f8, 0xf736,
    0xf736, 0xf736, 0xf716, 0xf716, 0xf716, 0xf716, 0xf736, 0xf736, 0xf716, 0xf716, 0xf736, 0xf736,
    0xf736, 0xff36, 0xf736, 0xf736, 0xf736, 0xf736, 0xf716, 0xf716, 0xf716, 0xf716, 0xf716, 0xf736,
    0xf716, 0xf716, 0xf716, 0xf736, 0xf736, 0xf736, 0xf736, 0xf736, 0xffba, 0x62c8, 0xf737, 0xff79,
    0x1860, 0xf736, 0xef18, 0x2902, 0xf737, 0xff36, 0x28e0, 0x8c4d, 0xff78, 0x1080, 0xf758, 0xf736,
    0x1880, 0xf737, 0xf716, 0x5246, 0xf779, 0xff57, 0x1880, 0xff99, 0x5266, 0x5a86, 0xf758, 0x1060,
    0xf779, 0xf758, 0x1080, 0xf758, 0xf736, 0xf736, 0xf736, 0xff36, 0xf736, 0xf736, 0xf736, 0xf736,
    0xf716, 0xf736, 0xf716, 0xf716, 0xf736, 0xf716, 0xf736, 0xf736, 0xf736, 0xf736, 0xf736, 0xf736,
    0xf736, 0xf736, 0xf736, 0xf736, 0xf716, 0xf736, 0xf716, 0xf716, 0xf716, 0xf736, 0xf716, 0xf736,
    0xff56, 0x41c5, 0x51ea, 0x4188, 0x51e9, 0x2905, 0x20c4, 0x5a2b, 0x5a0a, 0x20e4, 0x18e3, 0x20e3,
    0x2103, 0x2104, 0x2104, 0x2103, 0x20e3, 0x520a, 0x51ea, 0x51e9, 0x20e4, 0x20e4, 0x49a9, 0x4a8b,
    0x7cf3, 0x6c91, 0x7cb1, 0x6bce, 0x7bac, 0x5268, 0x3a07, 0x9490, 0x9cb0, 0xad11, 0x8c6f, 0x840f,
    0x840e, 0x73cb, 0x73a9, 0x5b06, 0x6307, 0x52a6, 0x4266, 0x3a05, 0x2183, 0x21e5, 0x4285, 0x21a3,
    0x1984, 0x1984, 0x19a4, 0x1164, 0x1984, 0x1184, 0x11a4, 0x1164, 0x21a5, 0x29e4, 0x5b08, 0x7349,
    0x7329, 0x7b49, 0x7b48, 0x83a8, 0x7367, 0x5b07, 0x6328, 0x7369, 0x6b49, 0xb531, 0xbd31, 0xb4ce,
    0xacae, 0xa4cf, 0x9c8f, 0x7bcc, 0x42a8, 0x3288, 0x2a27, 0x2a27, 0x2a06, 0x3a46, 0x6348, 0x4b08,
    0x4ac7, 0x4ac6, 0x6368, 0x73a9, 0x7368, 0x6b27, 0x5b07, 0x6b68, 0x6328, 0x5aa7, 0x6b28, 0x5b09,
    0x94b2, 0x8451, 0x8430, 0x9cd2, 0x9cd3, 0x9cd3, 0x9cf3, 0x9cd2, 0x9491, 0x3207, 0x1924, 0x1944,
    0x1944, 0x2185, 0x2963, 0x6a87, 0x39a4, 0x2143, 0x94b2, 0x9cd2, 0x9cd2, 0x94b2, 0x94b2, 0x94b2,
    0x94b2, 0x94b2, 0x94b2, 0x8c4f, 0x9cb2, 0x946e, 0x734a, 0x72e8, 0x8308, 0x938b, 0x8287, 0x7267,
    0x72c8, 0x93eb, 0x7b08, 0x5a46, 0x6ae9, 0x7b4a, 0x7b4b, 0x6aa8, 0x834b, 0x7aeb, 0xf6f8, 0xff36,
    0xf736, 0xf736, 0xf736, 0xf736, 0xf736, 0xf736, 0xf736, 0xf736, 0xf736, 0xf736, 0xf736, 0xf736,
    0xf736, 0xf716, 0xf736, 0xf736, 0xf716, 0xf736, 0xf736, 0xf736, 0xf736, 0xf736, 0xf736, 0xf736,
    0xf716, 0xf716, 0xf736, 0xf736, 0xf736, 0xf736, 0xff16, 0xf736, 0xffda, 0x39c5, 0x1880, 0x4a24,
    0xff37, 0xff78, 0x3962, 0x2921, 0x41c3, 0xff56, 0xf758, 0x18a0, 0x8c0c, 0x5a66, 0x5245, 0xad0f,
    0x2901, 0x2900, 0xf758, 0x2100, 0x3121, 0xf757, 0x1880, 0xffba, 0xef16, 0x1860, 0x5286, 0xff79,
    0x3963, 0x62e7, 0x39a3, 0x3141, 0xff36, 0xf736, 0xf736, 0xf736, 0xf736, 0xf736, 0xf716, 0xf736,
    0xf736, 0xf716, 0xf716, 0xf736, 0xf736, 0xf736, 0xf736, 0xf736, 0xf736, 0xf736, 0xf736, 0xf736,
    0xf736, 0xf736, 0xf736, 0xf736, 0xf716, 0xf716, 0xf736, 0xf736, 0xf716, 0xf716, 0xf736, 0xf736,
    0xff56, 0x49c5, 0x51c9, 0x28e4, 0x2904, 0x51c9, 0x51ca, 0x51ca, 0x20c4, 0x2103, 0x18e3, 0x20e4,
    0x2103, 0x2104, 0x18e3, 0x2103, 0x41c8, 0x51ea, 0x520a, 0x520a, 0x5209, 0x3987, 0x4188, 0x4a8a,
    0x6c50, 0x6470, 0x7cb1, 0x5b8d, 0x73ee, 0x52ea, 0x52ea, 0x948f, 0x9cd0, 0xad10, 0x948f, 0x52a9,
    0x73ac, 0x5b48, 0x52e7, 0x6347, 0x7bc8, 0x6326, 0x52e6, 0x5aa5, 0x3a04, 0x1984, 0x21e4, 0x2a25,
    0x21a4, 0x1984, 0x1984, 0x1143, 0x1984, 0x19c4, 0x19a4, 0x21a4, 0x4aa7, 0x6b88, 0x6327, 0x5b07,
    0x5ae8, 0x6328, 0x942b, 0x6306, 0x7bc9, 0x7367, 0x7348, 0x4a86, 0x4266, 0x8c4e, 0xa48f, 0xbced,
    0xacac, 0x9c4d, 0x9c8e, 0x632a, 0x3a47, 0x3a27, 0x3a47, 0x2a27, 0x6369, 0x6ba9, 0x6347, 0x6347,
    0x73a8, 0x7be9, 0x7bc9, 0x5b07, 0x7389, 0x7389, 0x6b89, 0x6347, 0x5ae7, 0x6307, 0x5286, 0x6b49,
    0x840e, 0x9cb2, 0x83ae, 0x732b, 0x730b, 0x6b0b, 0x6b2b, 0x734c, 0x736c, 0x29a6, 0x1924, 0x1103,
    0x1124, 0x1103, 0x1923, 0x5a66, 0x5a46, 0x1902, 0x9cf2, 0x9cf3, 0x9cd2, 0x94d2, 0x94b2, 0x9cd2,
    0x94d2, 0x94b2, 0x94d1, 0x840d, 0x944e, 0x942c, 0x7348, 0x72c8, 0x82c7, 0x8b49, 0x82a7, 0x7aa7,
    0x6a45, 0x72e6, 0x6224, 0x5a46, 0x6ae8, 0x7309, 0x6ae9, 0x62a7, 0x836b, 0x7b2b, 0xf718, 0xff36,
    0xf736, 0xf716, 0xf736, 0xf736, 0xf736, 0xf736, 0xf736, 0xf736, 0xf736, 0xff36, 0xf736, 0xf736,
    0xf716, 0xf736, 0xf736, 0xf736, 0xf736, 0xf736, 0xf716, 0xf736, 0xf736, 0xf736, 0xf736, 0xf736,
    0xf736, 0xf736, 0xf716, 0xf736, 0xf736, 0xf736, 0xf736, 0xf736, 0xffba, 0x6b08, 0xff56, 0xff36,
    0xf736, 0xf736, 0xff57, 0xff56, 0xff56, 0xf736, 0xf716, 0xff36, 0xff56, 0xff56, 0xf736, 0xf736,
    0xff36, 0xff36, 0xf736, 0xf736, 0xf736, 0xf737, 0x18a0, 0xf757, 0xf736, 0xff57, 0xff56, 0xff36,
    0xff36, 0xf736, 0xff57, 0xff36, 0xf736, 0xf736, 0xf736, 0xf736, 0xf736, 0xf736, 0xf736, 0xf736,
    0xf736, 0xf736, 0xf736, 0xf716, 0xf736, 0xf736, 0xf736, 0xf736, 0xf736, 0xf736, 0xf736, 0xf736,
    0xf736, 0xf736, 0xf736, 0xf736, 0xf716, 0xf716, 0xf736, 0xf736, 0xf736, 0xf736, 0xf736, 0xf736,
    0xff56, 0x41a5, 0x51ea, 0x3126, 0x49e9, 0x5a0a, 0x49e9, 0x51ea, 0x41c8, 0x20e3, 0x18e3, 0x20e4,
    0x2103, 0x20e3, 0x20e3, 0x2104, 0x51ea, 0x3946, 0x2104, 0x2104, 0x5a2a, 0x5a2b, 0x4147, 0x4a48,
    0x5b8b, 0x534a, 0x53ad, 0x63ee, 0x6c0f, 0x5b8c, 0x4aea, 0x8c4f, 0x9caf, 0xa4f0, 0x946f, 0x6b8c,
    0x6baa, 0x6368, 0x4285, 0x6b67, 0x5ac5, 0x6b47, 0x4a43, 0x5aa5, 0x4265, 0x21a4, 0x1984, 0x19a4,
    0x1163, 0x1984, 0x1184, 0x1164, 0x1164, 0x19c4, 0x21a4, 0x5b49, 0x6348, 0x6368, 0x6368, 0x5b27,
    0x3a45, 0x5b28, 0x6b47, 0x6b47, 0x5ae6, 0x62e6, 0x6307, 0x52a7, 0x42c8, 0x7bec, 0xa48e, 0xbcec,
    0xbccc, 0x9c2b, 0x8c2c, 0x4286, 0x3a27, 0x4267, 0x4ac9, 0x2a06, 0x5b29, 0x6b48, 0x6b68, 0x6328,
    0x7389, 0x7368, 0x6b68, 0x6369, 0x4285, 0x42a7, 0x3a46, 0x4ac7, 0x5308, 0x5ae7, 0x62e7, 0x83cb,
    0x83cb, 0x7b6b, 0x732b, 0x6b2b, 0x62eb, 0x5aca, 0x5aca, 0x630b, 0x630b, 0x3a28, 0x1123, 0x1103,
    0x1124, 0x1123, 0x1923, 0x5225, 0x5204, 0x1902, 0x8c91, 0x9cf3, 0x9cd2, 0x94b2, 0x9cf2, 0x9cd2,
    0x94d2, 0x94d2, 0x94d2, 0x8c2e, 0x946f, 0x8c2b, 0x7b8a, 0x6205, 0x7a45, 0x93ac, 0x82c9, 0x4983,
    0x51a3, 0x8baa, 0x49a3, 0x49c4, 0x734a, 0x7b6b, 0x736b, 0x6ae8, 0x836b, 0x7b0b, 0xf6f8, 0xff36,
    0xf716, 0xf716, 0xf736, 0xf716, 0xf736, 0xf736, 0xf736, 0xf736, 0xf736, 0xf736, 0xf736, 0xf736,
    0xf736, 0xf736, 0xf736, 0xf716, 0xf736, 0xf736, 0xf736, 0xf716, 0xf716, 0xf736, 0xf736, 0xf716,
    0xf736, 0xf736, 0xf736, 0xf736, 0xf736, 0xf736, 0xf736, 0xf716, 0xce14, 0x2901, 0xeed5, 0xff36,
    0xf736, 0xf736, 0xf736, 0xf736, 0xf736, 0xf736, 0xff36, 0xf736, 0xf736, 0xf736, 0xff36, 0xf736,
    0xf736, 0xf736, 0xf736, 0xf736, 0xf716, 0x5aa7, 0xd655, 0xf736, 0xf736, 0xf736, 0xf736, 0xff36,
    0xf736, 0xf736, 0xf736, 0xf736, 0xff36, 0xf736, 0xf716, 0xf736, 0xf736, 0xf736, 0xf736, 0xf736,
    0xf736, 0xf736, 0xf736, 0xf736, 0xf736, 0xf736, 0xf736, 0xf736, 0xf736, 0xf736, 0xf736, 0xf736,
    0xf736, 0xf716, 0xf736, 0xf736, 0xf716, 0xf736, 0xf736, 0xf736, 0xf736, 0xf736, 0xf716, 0xf736,
    0xff56, 0x49c5, 0x4147, 0x51ea, 0x522a, 0x20e4, 0x20c3, 0x49a8, 0x51ea, 0x20e4, 0x2104, 0x20e4,
    0x2104, 0x2104, 0x20e3, 0x2104, 0x5a0a, 0x5a0b, 0x5209, 0x2104, 0x2904, 0x51ea, 0x51c9, 0x5a67,
    0x83a9, 0x7bca, 0x5b8c, 0x6c2f, 0x2a06, 0x63cc, 0x42a8, 0x7bee, 0x8c4f, 0x8c4f, 0x7bed, 0xad0f,
    0x7388, 0x52e6, 0x5b26, 0x6ba8, 0x3a65, 0x4284, 0x6b47, 0x52c5, 0x4285, 0x29e4, 0x21c4, 0x1183,
    0x19a4, 0x1984, 0x19a5, 0x1184, 0x1184, 0x19c4, 0x4287, 0x5b68, 0x7c0a, 0x6b67, 0x73a8, 0x3203,
    0x3a87, 0x6389, 0x7389, 0x6306, 0x6307, 0x5b07, 0x5b08, 0x6b69, 0x42a7, 0x42a7, 0x6b07, 0x7b05,
    0x6a43, 0x7b06, 0xa44a, 0x83e9, 0x6b69, 0x634a, 0x3227, 0x2a06, 0x4288, 0x5b08, 0x6b89, 0x3a24,
    0x4aa6, 0x5b07, 0x5308, 0x6b89, 0x5328, 0x3a67, 0x4288, 0x3227, 0x3206, 0x5287, 0x8bcc, 0x83ab,
    0x836a, 0x7309, 0x5aa9, 0x5ac9, 0x62ca, 0x52ca, 0x634b, 0x4a89, 0x52ca, 0x29a6, 0x1103, 0x29a5,
    0x1944, 0x1965, 0x1923, 0x39c4, 0x4225, 0x10e2, 0x5b0b, 0x9cf2, 0x94d2, 0x94d2, 0x94b2, 0x94d2,
    0x94d2, 0x9cd2, 0x94b1, 0x8c2f, 0x9c90, 0x8c0c, 0x8bec, 0x8309, 0x9308, 0x938a, 0x7a66, 0x59c4,
    0x59c4, 0x8348, 0x49a3, 0x5205, 0x6b2a, 0x7309, 0x7b6b, 0x6ac8, 0x836b, 0x72ca, 0xf6f8, 0xff36,
    0xf716, 0xf736, 0xf736, 0xf736, 0xf736, 0xf736, 0xf736, 0xf736, 0xf736, 0xf736, 0xf716, 0xf716,
    0xf736, 0xf716, 0xf736, 0xf736, 0xf736, 0xf736, 0xf716, 0xf736, 0xf736, 0xf736, 0xf736, 0xf736,
    0xf736, 0xf716, 0xf716, 0xf716, 0xf736, 0xf736, 0xf736, 0xf716, 0xff78, 0xff79, 0xff57, 0xf736,
    0xf736, 0xf736, 0xf736, 0xf736, 0xf736, 0xf736, 0xf736, 0xf736, 0xf736, 0xf736, 0xf736, 0xf736,
    0xf736, 0xf736, 0xf736, 0xf736, 0xf716, 0xff58, 0xf716, 0xf736, 0xf736, 0xf736, 0xf736, 0xf736,
    0xf736, 0xf736, 0xf736, 0xf736, 0xf736, 0xf736, 0xf736, 0xf736, 0xf736, 0xf736, 0xf736, 0xf736,
    0xf736, 0xf736, 0xf736, 0xf736, 0xf736, 0xf716, 0xf716, 0xf716, 0xf716, 0xf736, 0xf736, 0xf736,
    0xf736, 0xf736, 0xf736, 0xf736, 0xf736, 0xf736, 0xf736, 0xf736, 0xf736, 0xf736, 0xf736, 0xf716,
    0xff56, 0x3984, 0x51ea, 0x5a0a, 0x20e4, 0x2104, 0x520a, 0x5a0a, 0x5a2b, 0x20e4, 0x18e3, 0x20e4,
    0x20e3, 0x2103, 0x18e3, 0x1903, 0x41a8, 0x5a6b, 0x20c4, 0x2104, 0x20e4, 0x5a2a, 0x520a, 0x5226,
    0x8b87, 0x7368, 0x5b6b, 0x5bac, 0x5b2b, 0x2984, 0x2963, 0x73ad, 0x7bee, 0x8c4f, 0x6b49, 0x9c09,
    0x7367, 0x6346, 0x6b67, 0x4aa5, 0x5b48, 0x2a04, 0x3a25, 0x6368, 0x42a6, 0x4265, 0x21a3, 0x1983,
    0x21c4, 0x1143, 0x0943, 0x1184, 0x1184, 0x19c4, 0x5308, 0x5307, 0x6b89, 0x3224, 0x2a24, 0x3205,
    0x2a05, 0x3225, 0x4a86, 0x6b47, 0x83a8, 0x62e7, 0x4aa7, 0x4287, 0x5b4a, 0x42a7, 0x5ac7, 0x8ba8,
    0x72c5, 0x8bc8, 0x8386, 0x7b88, 0x62e7, 0x52c8, 0x3247, 0x3247, 0x3a68, 0x3a88, 0x3a66, 0x6ba9,
    0x6b69, 0x4285, 0x4ac7, 0x42a7, 0x3a87, 0x3aa8, 0x3aa9, 0x2a26, 0x4a88, 0x838c, 0x838b, 0x7b4a,
    0x836a, 0x6ae9, 0x4a89, 0x5aca, 0x734b, 0x630a, 0x52c9, 0x4aaa, 0x52ca, 0x2186, 0x1965, 0x1103,
    0x1144, 0x1985, 0x1944, 0x1123, 0x1143, 0x1124, 0x10e2, 0x9cf3, 0x9cd2, 0x9cd2, 0x9cd2, 0x94b2,
    0x94d2, 0x9cd2, 0x94b1, 0x8c2e, 0x946f, 0x8bea, 0x7b29, 0x934a, 0x9b6a, 0x938a, 0x9308, 0x8b49,
    0x7ae8, 0x7b07, 0x5a25, 0x5205, 0x838a, 0x7b48, 0x838a, 0x7b49, 0x836a, 0x72eb, 0xf6f8, 0xf736,
    0xf736, 0xf736, 0xf736, 0xf716, 0xf736, 0xf736, 0xf736, 0xf736, 0xf716, 0xf736, 0xf736, 0xf736,
    0xf736, 0xf736, 0xf736, 0xf716, 0xf736, 0xf736, 0xf716, 0xf736, 0xf736, 0xf736, 0xff16, 0xf736,
    0xf736, 0xf716, 0xf736, 0xf736, 0xf736, 0xf736, 0xf736, 0xf736, 0xf736, 0xf736, 0xf736, 0xf736,
    0xf736, 0xf736, 0xf736, 0xf736, 0xf736, 0xf736, 0xf736, 0xf736, 0xf736, 0xf736, 0xf736, 0xf736,
    0xf736, 0xf736, 0xf736, 0xf736, 0xf736, 0xf736, 0xf736, 0xf736, 0xf736, 0xf736, 0xf736, 0xf736,
    0xf736, 0xf736, 0xf736, 0xf736, 0xf736, 0xf736, 0xf736, 0xf736, 0xf716, 0xf716, 0xf736, 0xf736,
    0xf736, 0xf736, 0xf736, 0xf736, 0xf736, 0xf736, 0xf716, 0xf736, 0xf716, 0xf736, 0xf716, 0xf736,
    0xf736, 0xf736, 0xf736, 0xf736, 0xf736, 0xf736, 0xf736, 0xf736, 0xf716, 0xf736, 0xf736, 0xf736,
    0xff56, 0x3984, 0x51ea, 0x520a, 0x20e4, 0x20e3, 0x20e4, 0x520a, 0x41c8, 0x2103, 0x20e3, 0x20e4,
    0x20e4, 0x20e4, 0x2104, 0x20e4, 0x2104, 0x2103, 0x2104, 0x2945, 0x49c9, 0x5209, 0x51ea, 0x5205,
    0x8346, 0x8368, 0x5aa8, 0x4a88, 0x6b4a, 0x5a05, 0x7a87, 0x738c, 0x840e, 0x9c8e, 0x83a9, 0x8bc7,
    0x7b66, 0x6b66, 0x52e6, 0x3a45, 0x3a65, 0x2a26, 0x42a7, 0x3a65, 0x3a65, 0x52c7, 0x1962, 0x0923,
    0x1123, 0x1144, 0x1164, 0x1184, 0x19a4, 0x29e5, 0x6bc9, 0x6347, 0x42a6, 0x5b47, 0x3a45, 0x4ac7,
    0x3205, 0x3a66, 0x4266, 0x6ac7, 0x8308, 0x62a7, 0x4ac8, 0x3247, 0x3226, 0x4ac8, 0x3a05, 0x6ae6,
    0x6aa5, 0x7b88, 0x6b69, 0x31c4, 0x5aa7, 0x6b28, 0x31e5, 0x3a87, 0x3247, 0x4ae9, 0x5b69, 0x5b27,
    0x4287, 0x4ac7, 0x3206, 0x2a27, 0x3267, 0x3247, 0x3267, 0x5ae9, 0x7b8b, 0x838b, 0x7b4a, 0x730b,
    0x72ea, 0x62ca, 0x6b2b, 0x4aa9, 0x52aa, 0x5ac9, 0x52a8, 0x4a69, 0x4269, 0x4aaa, 0x2185, 0x21a6,
    0x21c6, 0x1144, 0x2185, 0x1123, 0x1124, 0x1124, 0x1944, 0x9cf3, 0x9cd2, 0x94d2, 0x94b2, 0x94b1,
    0x94b2, 0x94d2, 0x94b1, 0x83cc, 0x7349, 0x93ea, 0x9beb, 0x8b29, 0x8ae8, 0x9bca, 0x82a7, 0x7287,
    0x6226, 0x7b28, 0x49e4, 0x5205, 0x7308, 0x7b28, 0x7b49, 0x72e8, 0x834a, 0x7b0b, 0xf6f8, 0xff36,
    0xf736, 0xf736, 0xf736, 0xf736, 0xf736, 0xf736, 0xf716, 0xf736, 0xf716, 0xf716, 0xf736, 0xf716,
    0xf716, 0xf736, 0xf736, 0xf716, 0xf736, 0xf736, 0xf736, 0xf736, 0xf736, 0xf736, 0xf736, 0xf716,
    0xf736, 0xf716, 0xf736, 0xf736, 0xf716, 0xf736, 0xf736, 0xf736, 0xf736, 0xf736, 0xf736, 0xf736,
    0xf736, 0xf736, 0xf736, 0xf736, 0xf736, 0xf736, 0xf716, 0xf736, 0xf736, 0xf736, 0xf736, 0xf736,
    0xf736, 0xf736, 0xf736, 0xf736, 0xf736, 0xf736, 0xf736, 0xf736, 0xf736, 0xf736, 0xf736, 0xf736,
    0xf716, 0xf736, 0xf736, 0xf736, 0xf736, 0xf736, 0xf736, 0xf736, 0xf736, 0xf736, 0xf736, 0xf736,
    0xf736, 0xf736, 0xf736, 0xf736, 0xf736, 0xf736, 0xf736, 0xf716, 0xf736, 0xf736, 0xf716, 0xf736,
    0xf716, 0xf736, 0xf736, 0xf736, 0xf736, 0xf736, 0xf716, 0xf736, 0xf736, 0xf736, 0xf736, 0xf736,
    0xff56, 0x49c6, 0x51ea, 0x4187, 0x20c4, 0x3146, 0x18e3, 0x18e3, 0x2103, 0x2103, 0x20e3, 0x20e4,
    0x20e4, 0x20e4, 0x20e3, 0x20e4, 0x2103, 0x20e4, 0x2104, 0x2104, 0x41a8, 0x28e5, 0x51ea, 0x4984,
    0x7284, 0x8b06, 0x7a85, 0x8ae8, 0x82c7, 0x92e8, 0x9328, 0xa40d, 0xac8e, 0xb4af, 0x8307, 0x9be9,
    0x7325, 0x6325, 0x4aa5, 0x52c6, 0x5b48, 0x3aa7, 0x3a66, 0x3266, 0x3a86, 0x3a24, 0x4aa7, 0x1123,
    0x1124, 0x1164, 0x19c5, 0x1984, 0x1984, 0x2184, 0x52e6, 0x5b27, 0x4ac6, 0x7368, 0x6b47, 0x3a45,
    0x21e4, 0x2205, 0x29e5, 0x5a87, 0x9bec, 0x5aa8, 0x3a67, 0x42c9, 0x42c9, 0x4aa8, 0x3226, 0x6b27,
    0x7327, 0x4266, 0x21a4, 0x3a26, 0x39c4, 0x4246, 0x4ac8, 0x3a66, 0x4ae9, 0x3246, 0x2a05, 0x3226,
    0x3227, 0x42a8, 0x3a87, 0x2a06, 0x4aa8, 0x4a87, 0x73ac, 0x7b8a, 0x838b, 0x7b4b, 0x62ca, 0x6aea,
    0x730c, 0x5289, 0x4a8a, 0x630a, 0x630b, 0x630a, 0x6b4a, 0x630a, 0x4a8a, 0x5aec, 0x5289, 0x2185,
    0x21a6, 0x2984, 0x10e3, 0x1123, 0x1123, 0x1985, 0x1944, 0x9d13, 0x9cf2, 0x9cf2, 0x9cb2, 0x9cb2,
    0x94b2, 0x94b2, 0x942f, 0x938a, 0x9bc9, 0xac6c, 0xa389, 0x7a45, 0x7a24, 0x9b49, 0x7205, 0x5983,
    0x59c4, 0x93eb, 0x51c4, 0x59e4, 0x6a66, 0x7ae7, 0x72c7, 0x5a45, 0x836a, 0x7b0b, 0xf6f8, 0xff36,
    0xf736, 0xf736, 0xf736, 0xf736, 0xf736, 0xf736, 0xf736, 0xf716, 0xf736, 0xf736, 0xf736, 0xf736,
    0xf736, 0xf736, 0xf716, 0xf736, 0xf736, 0xf736, 0xf736, 0xf736, 0xf736, 0xf736, 0xf736, 0xf736,
    0xf736, 0xf716, 0xf736, 0xf716, 0xf736, 0xf736, 0xf736, 0xf736, 0xf736, 0xf736, 0xf736, 0xf736,
    0xf736, 0xf736, 0xf736, 0xf736, 0xf736, 0xf736, 0xf736, 0xf736, 0xff36, 0xf736, 0xf736, 0xf736,
    0xf736, 0xf736, 0xf736, 0xf736, 0xf736, 0xf736, 0xf736, 0xf736, 0xf736, 0xf736, 0xf736, 0xf736,
    0xf736, 0xf736, 0xf736, 0xf736, 0xf736, 0xf736, 0xf736, 0xf736, 0xf736, 0xf736, 0xf736, 0xf736,
    0xf736, 0xf736, 0xf736, 0xf736, 0xf736, 0xf736, 0xf736, 0xf736, 0xf736, 0xf716, 0xf736, 0xf736,
    0xf736, 0xf736, 0xf736, 0xf736, 0xf736, 0xf736, 0xf716, 0xf716, 0xf736, 0xf716, 0xf736, 0xf736,
    0xff56, 0x5a47, 0x3927, 0x20e4, 0x628b, 0x20e4, 0x2104, 0x20e4, 0x2103, 0x2103, 0x20e4, 0x20e4,
    0x20e4, 0x20e4, 0x20e4, 0x20e4, 0x20e4, 0x3967, 0x5229, 0x2104, 0x522a, 0x4a09, 0x3126, 0x4984,
    0x7284, 0x7ac5, 0x8ae5, 0x92a5, 0x9244, 0x9224, 0x9203, 0x8a24, 0x9265, 0x9265, 0x8245, 0x82a5,
    0x93e9, 0x5284, 0x6327, 0x62c5, 0x3224, 0x2a25, 0x3a66, 0x2a25, 0x2a24, 0x4a85, 0x52a6, 0x1944,
    0x1144, 0x1984, 0x19a5, 0x1164, 0x21c5, 0x29c4, 0x5b06, 0x5b07, 0x4ac6, 0x73a8, 0x6368, 0x2a25,
    0x21e4, 0x19a4, 0x21e5, 0x4a88, 0x5288, 0x4247, 0x42a8, 0x3a47, 0x3a68, 0x3a68, 0x3a67, 0x5285,
    0x62a6, 0x29c5, 0x21e5, 0x4267, 0x5b09, 0x52e9, 0x42a7, 0x4287, 0x52c8, 0x4ac8, 0x3267, 0x2a07,
    0x29e6, 0x3247, 0x2a06, 0x3207, 0x9c6e, 0x9c0c, 0x83ab, 0x7b6b, 0x62ea, 0x730b, 0x62eb, 0x52a9,
    0x4a49, 0x4aab, 0x52aa, 0x62c9, 0x62e9, 0x6b4a, 0x52c8, 0x5b0a, 0x52aa, 0x6b0b, 0x6aeb, 0x2164,
    0x1924, 0x2944, 0x1124, 0x1124, 0x0903, 0x1985, 0x2165, 0xa513, 0x9cf2, 0x9cd2, 0x94d2, 0x9491,
    0x94b2, 0x94b1, 0x8bcd, 0x92c7, 0xa305, 0x8ae5, 0x69a2, 0x6941, 0x6141, 0x69a2, 0x4901, 0x38e1,
    0x4121, 0x4122, 0x4142, 0x4122, 0x4942, 0x4942, 0x4963, 0x4162, 0x834a, 0x7aea, 0xf6f8, 0xff36,
    0xf736, 0xf736, 0xf736, 0xf736, 0xf716, 0xf716, 0xf736, 0xf736, 0xf736, 0xf736, 0xf716, 0xf736,
    0xf716, 0xf736, 0xf736, 0xf736, 0xf736, 0xf736, 0xf736, 0xf736, 0xf736, 0xf716, 0xf716, 0xf736,
    0xf736, 0xf716, 0xf716, 0xf736, 0xf736, 0xf736, 0xf736, 0xf736, 0xf736, 0xf736, 0xf736, 0xf736,
    0xf736, 0xf716, 0xf716, 0xf716, 0xf736, 0xf716, 0xf716, 0xf736, 0xf736, 0xf716, 0xf736, 0xf736,
    0xf736, 0xf736, 0xf736, 0xf736, 0xf736, 0xf736, 0xf736, 0xf736, 0xf736, 0xf736, 0xf736, 0xf736,
    0xf736, 0xf716, 0xf736, 0xf736, 0xf736, 0xf736, 0xf736, 0xf736, 0xf736, 0xf736, 0xf736, 0xf736,
    0xf736, 0xf716, 0xf736, 0xf736, 0xf716, 0xf736, 0xf736, 0xf736, 0xf736, 0xf736, 0xf736, 0xf736,
    0xf736, 0xf716, 0xf716, 0xf736, 0xf716, 0xf736, 0xf716, 0xf736, 0xf716, 0xf716, 0xf736, 0xf716,
    0xff56, 0x5207, 0x28c5, 0x3967, 0x5a6b, 0x20e4, 0x5a2a, 0x4188, 0x20e3, 0x2103, 0x20e4, 0x20e4,
    0x2104, 0x20e4, 0x20e4, 0x20e4, 0x20e4, 0x522a, 0x51e9, 0x524a, 0x3125, 0x2925, 0x28e5, 0x6227,
    0x5982, 0x7a85, 0x7223, 0x81e3, 0x89c3, 0x89c3, 0x89c2, 0x89c2, 0x8a03, 0x9265, 0x92a6, 0x7ae6,
    0x6b06, 0x4223, 0x39c2, 0x6ae6, 0x2983, 0x1984, 0x29e5, 0x4286, 0x4aa5, 0x3a24, 0x3a25, 0x1943,
    0x1985, 0x1163, 0x1164, 0x1164, 0x19a4, 0x3224, 0x7367, 0x6327, 0x5b27, 0x6327, 0x6347, 0x21e4,
    0x21c5, 0x2a26, 0x2a25, 0x3a46, 0x4288, 0x4287, 0x4aa7, 0x3a67, 0x42a9, 0x3a88, 0x3a67, 0x5287,
    0x5aa7, 0x3a67, 0x3a47, 0x636a, 0x5287, 0x6309, 0x4a87, 0x3a26, 0x4ac8, 0x3a47, 0x3a88, 0x29e6,
    0x4289, 0x3247, 0x3247, 0x3a47, 0x7b4a, 0x93aa, 0x838b, 0x7b6b, 0x6b2b, 0x62cb, 0x6b2c, 0x8c0f,
    0x632c, 0x736d, 0x9c6f, 0x93eb, 0x6b2a, 0x62e9, 0x52e9, 0x52ea, 0x6b4b, 0x7b4b, 0x732b, 0x2144,
    0x1944, 0x1944, 0x1104, 0x1124, 0x1103, 0x0944, 0x21a5, 0x9d13, 0x9cd2, 0x9cd2, 0x9cb1, 0x94b1,
    0x94b1, 0x9490, 0x7b2a, 0x8a66, 0xc42b, 0xa388, 0xb369, 0xc3cb, 0xbbaa, 0xa2e8, 0x9287, 0x8ac8,
    0x938b, 0x4984, 0x4984, 0x51a4, 0x59c4, 0x59a4, 0x51a4, 0x4983, 0x8b6b, 0x7b0b, 0xf6f8, 0xff36,
    0xf736, 0xf736, 0xf736, 0xf736, 0xf736, 0xf736, 0xf736, 0xf736, 0xf736, 0xf736, 0xf736, 0xf736,
    0xf736, 0xf736, 0xf716, 0xf736, 0xf716, 0xf736, 0xf736, 0xf736, 0xf736, 0xf736, 0xf736, 0xf736,
    0xf716, 0xf736, 0xf736, 0xf716, 0xf736, 0xf736, 0xf716, 0xf736, 0xf736, 0xf736, 0xf736, 0xf736,
    0xf736, 0xf736, 0xf736, 0xf736, 0xf736, 0xf736, 0xf736, 0xf736, 0xf736, 0xf736, 0xf736, 0xf736,
    0xf736, 0xf736, 0xf736, 0xf736, 0xf736, 0xf736, 0xf736, 0xf736, 0xf736, 0xf736, 0xf736, 0xf736,
    0xf736, 0xf736, 0xf736, 0xf736, 0xf716, 0xf736, 0xf736, 0xf736, 0xf736, 0xf736, 0xf736, 0xf736,
    0xf736, 0xf736, 0xf736, 0xf736, 0xf736, 0xf736, 0xf736, 0xf736, 0xf736, 0xf716, 0xf716, 0xf736,
    0xf716, 0xf716, 0xf736, 0xf716, 0xf736, 0xf736, 0xf736, 0xf736, 0xf736, 0xf736, 0xf736, 0xf736,
    0xff56, 0x5227, 0x20c4, 0x28e4, 0x28e4, 0x522a, 0x520a, 0x522a, 0x20e3, 0x2103, 0x20e4, 0x2104,
    0x20e4, 0x20e4, 0x20e4, 0x20e4, 0x18e3, 0x20e3, 0x520a, 0x20c4, 0x41a7, 0x2925, 0x2904, 0x6268,
    0x6204, 0x59e3, 0x7aa5, 0x8244, 0x9203, 0x9a24, 0x81c3, 0x9223, 0x91e3, 0x9224, 0x92e7, 0x6aa5,
    0x6b47, 0x3a23, 0x83c9, 0x83c8, 0x2162, 0x21a4, 0x19a4, 0x3245, 0x4ac5, 0x3a44, 0x29e4, 0x19a4,
    0x21e5, 0x19a4, 0x19a5, 0x19a4, 0x2205, 0x4aa6, 0x6307, 0x52e7, 0x6328, 0x52e7, 0x73a9, 0x5307,
    0x2204, 0x2205, 0x21e5, 0x3267, 0x4267, 0x4268, 0x4247, 0x52c8, 0x4ac9, 0x5309, 0x4ac8, 0x4a66,
    0x62e7, 0x4aa8, 0x3247, 0x4ac9, 0x4a67, 0x62e9, 0x4247, 0x29e6, 0x3a67, 0x4287, 0x3a88, 0x29e6,
    0x3206, 0x3247, 0x3a27, 0x838c, 0x9c0c, 0x93ca, 0x7b4a, 0x836c, 0x62ca, 0x5aab, 0x528a, 0x83ef,
    0xad33, 0x83ad, 0x7b08, 0x5a24, 0x5267, 0x5aca, 0xa4d1, 0x5aca, 0x6b2a, 0x730a, 0x62ea, 0x2185,
    0x29e7, 0x1965, 0x1145, 0x1965, 0x0903, 0x1144, 0x29c6, 0x9cf3, 0x9cd1, 0x9cd1, 0x7309, 0x9cd1,
    0x9c90, 0x83ec, 0x6ae8, 0x61a3, 0x69a1, 0x8ae5, 0x71a2, 0x7162, 0x6962, 0x5942, 0x4902, 0x38e2,
    0x51c4, 0x3922, 0x4143, 0x4963, 0x5163, 0x5183, 0x4983, 0x4163, 0x836b, 0x7b0b, 0xf6f8, 0xff36,
    0xf736, 0xf736, 0xf736, 0xf736, 0xf736, 0xf736, 0xf736, 0xf736, 0xf736, 0xf736, 0xf736, 0xf736,
    0xf716, 0xf736, 0xf736, 0xf736, 0xf736, 0xf736, 0xf736, 0xf736, 0xf736, 0xf736, 0xf736, 0xf736,
    0xf736, 0xf736, 0xf736, 0xf736, 0xf736, 0xf736, 0xf736, 0xf736, 0xf736, 0xf736, 0xf736, 0xf736,
    0xf736, 0xf736, 0xf736, 0xf736, 0xf736, 0xf736, 0xf716, 0xf736, 0xf736, 0xf716, 0xf736, 0xeeb7,
    0xf717, 0xf716, 0xf736, 0xf736, 0xf736, 0xf736, 0xf736, 0xf736, 0xf736, 0xf736, 0xf736, 0xf736,
    0xf736, 0xff36, 0xf736, 0xf736, 0xf716, 0xf736, 0xf736, 0xf736, 0xf736, 0xf736, 0xf736, 0xf736,
    0xf736, 0xf716, 0xf736, 0xf736, 0xf736, 0xf736, 0xf736, 0xf736, 0xf736, 0xf736, 0xf736, 0xf716,
    0xf736, 0xf736, 0xf736, 0xf736, 0xf716, 0xf736, 0xf736, 0xf736, 0xf736, 0xf716, 0xf736, 0xf736,
    0xff57, 0x5a47, 0x28e4, 0x20e4, 0x2905, 0x20c3, 0x520a, 0x20e4, 0x18e3, 0x2104, 0x20e3, 0x20e3,
    0x2104, 0x20e4, 0x20e4, 0x20e3, 0x20e3, 0x20e4, 0x522a, 0x41a7, 0x41c8, 0x2104, 0x3946, 0x62a9,
    0x5aa6, 0x7307, 0x7b48, 0x7a45, 0x9203, 0x8a24, 0x9328, 0x92c6, 0x9244, 0x8a24, 0x9b89, 0x7326,
    0x6347, 0x4a85, 0x8c0a, 0x4a23, 0x39e4, 0x29c4, 0x2a05, 0x3a86, 0x4285, 0x3a64, 0x3225, 0x21a3,
    0x2205, 0x19a4, 0x1164, 0x19a5, 0x21a4, 0x4aa7, 0x6327, 0x5ae7, 0x6307, 0x5b27, 0x5b27, 0x6368,
    0x2a05, 0x2205, 0x2205, 0x2a05, 0x3205, 0x4288, 0x4267, 0x4a67, 0x4aa8, 0x4ac8, 0x4267, 0x6308,
    0x62a7, 0x4288, 0x4aa8, 0x4aa8, 0x52a8, 0x4226, 0x4ac9, 0x42c9, 0x52c8, 0x4aa8, 0x3a88, 0x2a26,
    0x4288, 0x42a8, 0x5268, 0x838b, 0x8328, 0x7b06, 0x7309, 0x7309, 0x6aea, 0x62ea, 0x5aa9, 0x838d,
    0x62ea, 0x62ca, 0x9c0b, 0x72c6, 0x72e9, 0x838d, 0x7b6c, 0x62ca, 0x732b, 0x5a88, 0x62ca, 0x39e7,
    0x31c6, 0x1944, 0x1965, 0x1944, 0x08e2, 0x1123, 0x2984, 0x9cf2, 0x94b1, 0x9cb0, 0x940c, 0xa4d1,
    0xa490, 0x83ec, 0x83ab, 0x8225, 0xa2c6, 0x92e5, 0xab07, 0xbb69, 0xa2a7, 0x8205, 0x79e5, 0x69e4,
    0x59c4, 0x51a3, 0x5183, 0x5163, 0x59a4, 0x5183, 0x59a3, 0x49a3, 0x8b8a, 0x7aea, 0xf6d8, 0xff36,
    0xf736, 0xf736, 0xf716, 0xf736, 0xf736, 0xf716, 0xf736, 0xf736, 0xf736, 0xf716, 0xf716, 0xf716,
    0xf736, 0xf736, 0xf716, 0xf736, 0xf736, 0xf716, 0xf736, 0xf736, 0xf736, 0xf736, 0xf736, 0xf736,
    0xf736, 0xf736, 0xf736, 0xf736, 0xf716, 0xf736, 0xf716, 0xf736, 0xf736, 0xf736, 0xf736, 0xf736,
    0xf736, 0xf736, 0xf736, 0xf736, 0xf736, 0xff36, 0xf736, 0xf736, 0xf736, 0x9c0d, 0x7b09, 0x6248,
    0xc574, 0x8bac, 0xe696, 0xf736, 0xff56, 0xff36, 0xf736, 0xf736, 0xf736, 0xf736, 0xf736, 0xf736,
    0xf736, 0xf736, 0xf736, 0xf736, 0xf736, 0xf716, 0xf736, 0xf736, 0xf736, 0xf736, 0xf736, 0xf736,
    0xf736, 0xf736, 0xf736, 0xf736, 0xf736, 0xf736, 0xf736, 0xf716, 0xf736, 0xf716, 0xf716, 0xf736,
    0xf716, 0xf716, 0xf736, 0xf716, 0xf736, 0xf736, 0xf736, 0xf736, 0xf736, 0xf736, 0xf716, 0xf736,
    0xff56, 0x5227, 0x3146, 0x20e4, 0x49e8, 0x3987, 0x520a, 0x20e4, 0x18e3, 0x20e3, 0x20e4, 0x20e4,
    0x20e4, 0x2104, 0x2104, 0x20e4, 0x2103, 0x2104, 0x520a, 0x20c4, 0x18c3, 0x20e4, 0x5209, 0x4a06,
    0x5b08, 0x52a6, 0x3a24, 0x7265, 0x81e3, 0x8285, 0x83aa, 0x8b8a, 0x92a5, 0x8a64, 0x9bca, 0x7b47,
    0x5ae5, 0x6b47, 0x6b67, 0x6327, 0x7367, 0x5b27, 0x2163, 0x21a3, 0x3a66, 0x3245, 0x29e4, 0x21a4,
    0x2a25, 0x21c5, 0x1964, 0x21a4, 0x21c4, 0x4265, 0x6327, 0x5ae7, 0x6b68, 0x5b27, 0x5b27, 0x6389,
    0x3225, 0x2205, 0x2205, 0x2a26, 0x2a06, 0x4ac8, 0x4ae9, 0x5309, 0x4a67, 0x5b29, 0x5309, 0x6b28,
    0x62e7, 0x4a87, 0x4ac9, 0x4aa8, 0x5246, 0x4a88, 0x4ac9, 0x4267, 0x4a67, 0x4288, 0x42c9, 0x4aea,
    0x4ac8, 0x4a88, 0x93cc, 0x8b6b, 0xa44c, 0x8b48, 0x6aa8, 0x7329, 0x7309, 0x7309, 0x72e8, 0x836b,
    0x836b, 0x7b29, 0x8b47, 0x5a03, 0x72e8, 0x7b4a, 0x838a, 0x836a, 0x83ab, 0x8bec, 0x940c, 0x8c0c,
    0x944d, 0x8c2c, 0x8c2d, 0x840c, 0x8c0c, 0x83cb, 0x83ab, 0x83ab, 0x83ab, 0x8bcb, 0xa44c, 0x8b8a,
    0x9bcb, 0x93ea, 0x8b68, 0x9328, 0x9b26, 0x7a63, 0xa348, 0xa347, 0xa327, 0xa368, 0xab89, 0xa389,
    0xa3aa, 0x9baa, 0x938a, 0x9369, 0x8b69, 0x936a, 0x8b69, 0x8b68, 0x938a, 0x832a, 0xf6d8, 0xff36,
    0xf736, 0xf736, 0xf736, 0xf736, 0xf736, 0xf736, 0xf736, 0xf716, 0xf736, 0xf716, 0xf736, 0xf736,
    0xf736, 0xf736, 0xf736, 0xf716, 0xf736, 0xf736, 0xf736, 0xf736, 0xf736, 0xf736, 0xf736, 0xf716,
    0xf736, 0xf736, 0xf716, 0xf736, 0xf736, 0xf736, 0xf716, 0xf716, 0xf736, 0xf736, 0xf736, 0xf736,
    0xf736, 0xf736, 0xf736, 0xf736, 0xf736, 0xf736, 0xff36, 0xff38, 0x7b0a, 0xd5f4, 0x6a88, 0xde36,
    0xeeb8, 0x6287, 0xff59, 0x7b0a, 0xf716, 0xff36, 0xf736, 0xf736, 0xf736, 0xf736, 0xf736, 0xf716,
    0xf716, 0xf736, 0xff36, 0xf736, 0xf736, 0xf736, 0xf736, 0xf736, 0xf736, 0xf736, 0xf736, 0xf736,
    0xf736, 0xf736, 0xf716, 0xf736, 0xf736, 0xf716, 0xf736, 0xf736, 0xf716, 0xf736, 0xf716, 0xf716,
    0xf736, 0xf736, 0xf736, 0xf736, 0xf736, 0xf736, 0xf736, 0xf716, 0xf716, 0xf716, 0xf736, 0xf716,
    0xff56, 0x5226, 0x49e9, 0x2104, 0x20e4, 0x20e4, 0x5a2a, 0x20e4, 0x20e3, 0x20e4, 0x20e4, 0x20e4,
    0x2104, 0x20e4, 0x20e4, 0x20e4, 0x20e4, 0x2104, 0x5a0a, 0x49c9, 0x2905, 0x49e9, 0x20e4, 0x4a06,
    0x6b28, 0x4aa6, 0x3a25, 0x72c7, 0x7a04, 0x8308, 0x7b8a, 0x83ab, 0x8b08, 0x7a85, 0x6b07, 0x6b26,
    0x5b05, 0x4aa4, 0x4285, 0x6b67, 0x946b, 0x3a04, 0x3a46, 0x3225, 0x21c4, 0x2a05, 0x3225, 0x21c4,
    0x21c4, 0x21c5, 0x1984, 0x2184, 0x29c4, 0x4aa5, 0x5b27, 0x5ae7, 0x5b27, 0x4ac6, 0x52e7, 0x29e4,
    0x29e4, 0x2a05, 0x3245, 0x2204, 0x21c4, 0x4ae9, 0x5309, 0x52e8, 0x6308, 0x5b29, 0x52e8, 0x6b28,
    0x6ae7, 0x5309, 0x4ac8, 0x4a67, 0x4a47, 0x4ac9, 0x3a67, 0x4288, 0x4aa9, 0x42a9, 0x4268, 0x3a88,
    0x4288, 0x4247, 0x93cd, 0x7b4b, 0x6ac8, 0x72e7, 0x5268, 0x5a89, 0x6aea, 0x732b, 0x732b, 0x7b4c,
    0x83ce, 0x730a, 0x9bea, 0x7284, 0x8bac, 0x7bad, 0x7349, 0x6b0a, 0x6b09, 0x62c8, 0x62e9, 0x4268,
    0x29e6, 0x1943, 0x31e6, 0x2143, 0x1103, 0x10e2, 0x2964, 0x8bed, 0x9c90, 0x944f, 0x9c4d, 0x730a,
    0x93ee, 0x8bed, 0x8b6a, 0x8245, 0x8264, 0x7222, 0x9286, 0x8a65, 0x8a45, 0x8224, 0x7a23, 0x7a24,
    0x7265, 0x6a45, 0x59c4, 0x51c4, 0x4983, 0x59c4, 0x59c3, 0x5a04, 0x8bab, 0x7b0a, 0xf6d8, 0xf736,
    0xf736, 0xf736, 0xf736, 0xf716, 0xf736, 0xf716, 0xf736, 0xf736, 0xf736, 0xf716, 0xf716, 0xf736,
    0xf716, 0xf716, 0xf736, 0xf736, 0xf736, 0xf736, 0xf736, 0xf736, 0xf736, 0xf736, 0xf716, 0xf716,
    0xf716, 0xf736, 0xf716, 0xf736, 0xf716, 0xf736, 0xf736, 0xf736, 0xf736, 0xf736, 0xf736, 0xf736,
    0xf736, 0xf736, 0xf736, 0xf736, 0xf716, 0xf736, 0xf716, 0x832a, 0xe656, 0xeeb7, 0x9c2f, 0xeeb9,
    0xacd2, 0xde37, 0xff79, 0xc552, 0xf718, 0xf736, 0xff36, 0xf736, 0xf736, 0xf736, 0xf716, 0xf736,
    0xf716, 0xf716, 0xf716, 0xf736, 0xf736, 0xf716, 0xf716, 0xf736, 0xf736, 0xf736, 0xf736, 0xf736,
    0xf736, 0xf736, 0xf736, 0xf716, 0xf736, 0xf716, 0xf716, 0xf736, 0xf736, 0xf716, 0xf736, 0xf716,
    0xf736, 0xf736, 0xf736, 0xf736, 0xf736, 0xf736, 0xf736, 0xf736, 0xf736, 0xf716, 0xf716, 0xf736,
    0xff56, 0x4a06, 0x20e4, 0x49e9, 0x3966, 0x520a, 0x5a0a, 0x20e4, 0x2103, 0x20e4, 0x20e4, 0x20e3,
    0x20e4, 0x20e4, 0x20e4, 0x20e4, 0x2103, 0x2104, 0x522a, 0x5a2a, 0x41a8, 0x49e9, 0x520a, 0x5a06,
    0x836a, 0x4aa6, 0x3a46, 0x7308, 0x7a44, 0x8349, 0x734a, 0x7b8b, 0x8329, 0x7ac6, 0x6307, 0x6b47,
    0x8409, 0x6388, 0x42a5, 0x6b68, 0x4285, 0x1983, 0x29c4, 0x3245, 0x19c4, 0x19a3, 0x21a3, 0x3a45,
    0x29c3, 0x2163, 0x2184, 0x31e5, 0x21c4, 0x4285, 0x5b27, 0x6328, 0x4aa5, 0x6348, 0x4a65, 0x29c3,
    0x3a65, 0x3245, 0x2a24, 0x2a25, 0x21c4, 0x5ae8, 0x5287, 0x5aa7, 0x4a87, 0x4ac8, 0x52a8, 0x6b07,
    0x6b07, 0x42a8, 0x52c8, 0x4a66, 0x4ae9, 0x42a8, 0x42a9, 0x4288, 0x3a68, 0x42a9, 0x3a68, 0x3a68,
    0x3a68, 0x3a68, 0x736b, 0x6b2b, 0x6b09, 0x72e7, 0x5aa9, 0x4a69, 0x4228, 0x62c9, 0x6b2a, 0x83ac,
    0x630b, 0x940d, 0xa42a, 0x82e4, 0x93cb, 0x7b6a, 0x62e8, 0x5ae9, 0x5ac8, 0x62c8, 0x6b0a, 0x4268,
    0x21a6, 0x1144, 0x3a28, 0x2185, 0x08e3, 0x1124, 0x52a9, 0x838c, 0x8bed, 0x8c2f, 0x9c6d, 0x5aea,
    0x52ea, 0x6b4c, 0x93ad, 0x9287, 0x9265, 0x8243, 0x9246, 0x9a66, 0x89e4, 0x8a04, 0x9245, 0x71c3,
    0x59c4, 0x4143, 0x4143, 0x4164, 0x4963, 0x51a3, 0x61e4, 0x59c4, 0x8b8b, 0x7b0a, 0xf6f8, 0xff36,
    0xf736, 0xf736, 0xf736, 0xf736, 0xf736, 0xf736, 0xf716, 0xf716, 0xf736, 0xf716, 0xf736, 0xf736,
    0xf736, 0xf736, 0xf736, 0xf736, 0xf736, 0xf736, 0xf736, 0xf736, 0xf736, 0xf716, 0xf736, 0xf736,
    0xf716, 0xf736, 0xf736, 0xf736, 0xf716, 0xf716, 0xf736, 0xf736, 0xf736, 0xf736, 0xf736, 0xf736,
    0xf736, 0xf736, 0xf736, 0xf736, 0xf716, 0xf736, 0xff37, 0x93ad, 0x59e8, 0xa44f, 0xff7b, 0x72aa,
    0xa450, 0xde57, 0xf6fa, 0x93cf, 0xa44e, 0xf736, 0xf736, 0xff36, 0xf736, 0xf736, 0xf736, 0xf736,
    0xf716, 0xf716, 0xf736, 0xf736, 0xf736, 0xf736, 0xf736, 0xf736, 0xf736, 0xf736, 0xf736, 0xf736,
    0xf736, 0xf736, 0xf736, 0xf736, 0xf736, 0xf716, 0xf736, 0xf736, 0xf716, 0xf736, 0xf736, 0xf736,
    0xf736, 0xf736, 0xf736, 0xf736, 0xf736, 0xf736, 0xf736, 0xf736, 0xf736, 0xf736, 0xf736, 0xf736,
    0xff56, 0x49e6, 0x51e9, 0x49c8, 0x5a6b, 0x5a2b, 0x520a, 0x20e3, 0x2104, 0x2103, 0x2104, 0x20e4,
    0x20e4, 0x20e4, 0x20e4, 0x2104, 0x20e3, 0x2103, 0x2104, 0x2104, 0x20e4, 0x49e9, 0x51e9, 0x59c6,
    0x8329, 0x4a66, 0x3a45, 0x8369, 0x7a65, 0x8baa, 0x7b4a, 0x7b8b, 0x838a, 0x82a6, 0x6307, 0x7387,
    0x7367, 0x5b46, 0x4ae5, 0x3a65, 0x52a5, 0x6b69, 0x29c4, 0x21c4, 0x1984, 0x1984, 0x19a4, 0x1983,
    0x2184, 0x29a5, 0x3205, 0x21c4, 0x2a05, 0x6ba9, 0x6327, 0x5b07, 0x5ae6, 0x6327, 0x2183, 0x29c4,
    0x2a04, 0x2a25, 0x2204, 0x21e5, 0x21a4, 0x62e8, 0x6ae8, 0x5265, 0x5ae8, 0x5ae9, 0x62e8, 0x7306,
    0x6b27, 0x4aa8, 0x4247, 0x4a88, 0x3a47, 0x530a, 0x4ac9, 0x4ac8, 0x4268, 0x4ac9, 0x4ac9, 0x3227,
    0x4288, 0x6b4b, 0x6b0a, 0x52ca, 0x6b29, 0x8327, 0x6ae9, 0x4a49, 0x734c, 0x836a, 0x7309, 0x93ec,
    0x8bcc, 0x7b6a, 0x8ba8, 0x82e5, 0x8389, 0x838a, 0x62e7, 0x5b09, 0x4a68, 0x5ae9, 0x62e9, 0x3207,
    0x1123, 0x1944, 0x3227, 0x3a27, 0x1124, 0x1924, 0x5ac9, 0x8bcc, 0x83cd, 0x8c2f, 0x9c4d, 0x5aea,
    0x52ca, 0x632b, 0x836b, 0x92e8, 0x9285, 0x8243, 0x9a87, 0xa2c8, 0xa2e7, 0xa2c8, 0x8a46, 0x71e4,
    0x6a26, 0x4143, 0x4984, 0x4164, 0x4984, 0x59c4, 0x59c5, 0x5a05, 0x8b8b, 0x7aea, 0xf6f8, 0xff36,
    0xf736, 0xf716, 0xf736, 0xf736, 0xf736, 0xf716, 0xf716, 0xf716, 0xf716, 0xf736, 0xf736, 0xf716,
    0xf736, 0xf736, 0xf736, 0xf736, 0xf736, 0xf736, 0xf736, 0xf736, 0xf716, 0xf736, 0xf716, 0xf716,
    0xf736, 0xf716, 0xf716, 0xf716, 0xf716, 0xf736, 0xf736, 0xf736, 0xf736, 0xf736, 0xf736, 0xf736,
    0xf736, 0xf736, 0xf716, 0xf716, 0xf736, 0xf716, 0xf736, 0xe697, 0x9c10, 0xcd95, 0x830c, 0x832e,
    0xa432, 0x8b8d, 0xde36, 0xb4b1, 0xff38, 0xff36, 0xf736, 0xf736, 0xf736, 0xf736, 0xf716, 0xf736,
    0xf736, 0xf736, 0xf716, 0xff36, 0xf736, 0xf736, 0xf736, 0xf736, 0xf736, 0xf736, 0xf736, 0xf736,
    0xf716, 0xf716, 0xf716, 0xf736, 0xf716, 0xf716, 0xf736, 0xf716, 0xf736, 0xf716, 0xf716, 0xf736,
    0xf736, 0xf736, 0xf736, 0xf736, 0xf736, 0xf736, 0xf736, 0xf736, 0xf716, 0xf716, 0xf736, 0xf716,
    0xff56, 0x5206, 0x5a0a, 0x5229, 0x2104, 0x20e4, 0x2103, 0x2104, 0x2103, 0x2103, 0x2103, 0x20e3,
    0x2104, 0x20e4, 0x2104, 0x20e4, 0x2103, 0x2103, 0x20e4, 0x2104, 0x18c3, 0x520a, 0x520a, 0x5a07,
    0x7ac7, 0x62a6, 0x5286, 0x9369, 0x8ac6, 0x8ac6, 0x8ae7, 0x82e7, 0x8b29, 0x7aa5, 0x6ae7, 0x7388,
    0x6b87, 0x5b06, 0x4ae6, 0x3a04, 0x3a04, 0x3a04, 0x4287, 0x1163, 0x1984, 0x1964, 0x1964, 0x1964,
    0x2184, 0x29a4, 0x3205, 0x21c4, 0x21c3, 0x6347, 0x6347, 0x5b27, 0x5b07, 0x52c6, 0x1943, 0x1984,
    0x19c4, 0x19e4, 0x21e4, 0x21e4, 0x1983, 0x7348, 0x8bc9, 0x6b27, 0x5ac6, 0x4a86, 0x7368, 0x7306,
    0x6ae7, 0x4a88, 0x4aa8, 0x42a8, 0x5309, 0x4aa7, 0x52a7, 0x52a6, 0x52c7, 0x4aa7, 0x5b08, 0x4a87,
    0x6b2a, 0x83ac, 0x838c, 0x52aa, 0x5ac8, 0x8347, 0x6b0a, 0x5aca, 0x732a, 0x9c4d, 0xa46c, 0xa48d,
    0xac8d, 0x83aa, 0x8bc9, 0x7ac4, 0x6b08, 0x6309, 0x62e9, 0x5b0a, 0x52e9, 0x52c9, 0x4a89, 0x2165,
    0x1124, 0x1124, 0x3a27, 0x52a9, 0x1944, 0x1903, 0x730a, 0x93ac, 0x62c9, 0x736b, 0x942c, 0x5aea,
    0x4aaa, 0x52aa, 0x62ca, 0x59e5, 0x69a3, 0x7a44, 0x6142, 0x6122, 0x6962, 0x6163, 0x5963, 0x5963,
    0x6a68, 0x28e2, 0x2903, 0x3123, 0x3964, 0x3964, 0x4184, 0x49c5, 0x7b2a, 0x72ca, 0xf6d8, 0xff36,
    0xf716, 0xf716, 0xf736, 0xf736, 0xf736, 0xf736, 0xf736, 0xf716, 0xf716, 0xf736, 0xf736, 0xf736,
    0xf736, 0xf716, 0xf736, 0xf736, 0xf736, 0xf736, 0xf736, 0xf736, 0xf716, 0xf736, 0xf736, 0xf736,
    0xf736, 0xf716, 0xf736, 0xf736, 0xf716, 0xf736, 0xf736, 0xf736, 0xf736, 0xf736, 0xf736, 0xf736,
    0xf736, 0xf736, 0xf736, 0xf736, 0xf736, 0xf716, 0xf736, 0xe657, 0x8b6d, 0x72e9, 0xffbc, 0xa450,
    0xc553, 0xcdf4, 0xde36, 0x93ae, 0xeeb7, 0xf736, 0xf736, 0xf736, 0xf736, 0xf736, 0xf716, 0xf736,
    0xf736, 0xf736, 0xf736, 0xf716, 0xf736, 0xf736, 0xf736, 0xf736, 0xf736, 0xf736, 0xf736, 0xf716,
    0xf736, 0xf716, 0xf736, 0xf736, 0xf716, 0xf716, 0xf736, 0xf736, 0xf716, 0xf736, 0xf716, 0xf736,
    0xf736, 0xf736, 0xf736, 0xf736, 0xf716, 0xf736, 0xf716, 0xf716, 0xf736, 0xf716, 0xf736, 0xf736,
    0xff56, 0x5206, 0x5a0a, 0x522a, 0x2104, 0x20e4, 0x20e4, 0x2103, 0x20e3, 0x20e4, 0x20e3, 0x20e4,
    0x20e4, 0x20e4, 0x20e3, 0x20e4, 0x2103, 0x20e4, 0x520a, 0x5a0b, 0x522a, 0x49e9, 0x20c4, 0x5269,
    0x738b, 0x6b6a, 0x52a6, 0x7ac6, 0x82a6, 0x8327, 0x93ca, 0x838a, 0x8369, 0x7aa6, 0x5aa6, 0x5b06,
    0x5b27, 0x6347, 0x5b69, 0x6bca, 0x3a45, 0x1943, 0x29c4, 0x19a4, 0x19a4, 0x3226, 0x1964, 0x1984,
    0x21c4, 0x2184, 0x39c5, 0x31e5, 0x52e7, 0x5b27, 0x6347, 0x6b88, 0x5b07, 0x52e6, 0x3204, 0x29c4,
    0x19a4, 0x21e4, 0x19c4, 0x19e5, 0x21c4, 0x5ae7, 0x7327, 0x7b27, 0x5ac6, 0x6b68, 0x6b48, 0x6ae6,
    0x6ae7, 0x52e9, 0x4ac9, 0x4288, 0x52e8, 0x5b08, 0x940a, 0x9c29, 0xaccb, 0x8be8, 0x9429, 0x6b27,
    0x7b8a, 0x7349, 0x6b4a, 0x52e9, 0x6308, 0x7307, 0x6b4c, 0x73ae, 0x9450, 0x9c70, 0x8bed, 0x93cb,
    0x8bac, 0x7b4a, 0x9388, 0x7ac5, 0x6329, 0x5b09, 0x6309, 0x5b09, 0x634a, 0x5b09, 0x4aa9, 0x2185,
    0x1103, 0x2185, 0x3a27, 0x4a48, 0x1924, 0x1923, 0xbd11, 0xb4d0, 0xa4d0, 0x5b09, 0x940c, 0x634c,
    0x4a89, 0x4227, 0x4a68, 0x5288, 0x6265, 0x7264, 0x4183, 0x3963, 0x3942, 0x4183, 0x49a4, 0x6247,
    0x83ac, 0x39a5, 0x39e5, 0x39e6, 0x31c5, 0x31a5, 0x39e6, 0x41c5, 0x39e6, 0x49e6, 0xf6f8, 0xff36,
    0xf736, 0xf736, 0xf736, 0xf736, 0xf736, 0xf736, 0xf716, 0xf736, 0xf716, 0xf716, 0xf716, 0xf736,
    0xf736, 0xf736, 0xf736, 0xf736, 0xf736, 0xf736, 0xf716, 0xf716, 0xf716, 0xf716, 0xf716, 0xf736,
    0xf736, 0xf716, 0xf736, 0xf716, 0xf736, 0xf736, 0xf736, 0xf736, 0xf736, 0xf736, 0xf736, 0xf736,
    0xf716, 0xf716, 0xf716, 0xf736, 0xf716, 0xf736, 0xf736, 0x72c9, 0xff38, 0xf718, 0xd5d5, 0xac90,
    0xa42f, 0xe697, 0xff17, 0xf6d7, 0xff18, 0xf736, 0xf736, 0xf736, 0xf736, 0xf736, 0xf736, 0xf716,
    0xf736, 0xf736, 0xf736, 0xf736, 0xf736, 0xf736, 0xf736, 0xf736, 0xf736, 0xf736, 0xf736, 0xf736,
    0xf716, 0xf716, 0xf716, 0xf736, 0xf716, 0xf716, 0xf736, 0xf736, 0xf736, 0xf736, 0xf736, 0xf736,
    0xf736, 0xf736, 0xf736, 0xf736, 0xf736, 0xf716, 0xf736, 0xf716, 0xf716, 0xf716, 0xf716, 0xf736,
    0xf736, 0x5247, 0x3146, 0x522a, 0x41a8, 0x5a0b, 0x5a0a, 0x20e4, 0x18e3, 0x2103, 0x20e4, 0x20e4,
    0x20e4, 0x20e4, 0x20e4, 0x20e3, 0x20e4, 0x20e4, 0x520a, 0x41a8, 0x20e4, 0x524a, 0x2925, 0x5aea,
    0x7bcd, 0x634b, 0x52c7, 0x7b69, 0x7ae7, 0x6b27, 0x6b26, 0x6b48, 0x7bab, 0x72c7, 0x6307, 0x52c5,
    0x42a6, 0x5327, 0x3a65, 0x21c3, 0x4ae7, 0x2164, 0x21a4, 0x21c4, 0x21e5, 0x21e4, 0x19a4, 0x21c4,
    0x21e4, 0x31e5, 0x39c4, 0x31a4, 0x6b68, 0x5b27, 0x6367, 0x6347, 0x5b27, 0x3204, 0x3225, 0x21c4,
    0x21e4, 0x21e5, 0x21e5, 0x21c4, 0x29e5, 0x52c7, 0x6ac6, 0x7ac5, 0x6307, 0x6b48, 0x6286, 0x7b26,
    0x62c6, 0x5b09, 0x5b08, 0x5b08, 0x6b68, 0x9c8b, 0x7b47, 0x93e8, 0xa48a, 0xa48b, 0x7ba8, 0x6b28,
    0x7349, 0x6b29, 0x6329, 0x52c9, 0x7329, 0x7b48, 0x9c70, 0xb533, 0xad33, 0x9c91, 0x9470, 0x940e,
    0x940e, 0x7b0a, 0x8b68, 0x72e5, 0x5ac8, 0x52e9, 0x5ac8, 0x4aa8, 0x4aa8, 0x52c9, 0x39e6, 0x1985,
    0x1103, 0x3207, 0x3a28, 0x4207, 0x1123, 0x1924, 0xacb0, 0xa48f, 0x6b29, 0x632a, 0x8bcb, 0x630b,
    0x738c, 0x4a47, 0x39e6, 0x3184, 0x41a2, 0x6264, 0x2122, 0x2103, 0x10c2, 0x18c2, 0x1903, 0x2123,
    0x7b6b, 0x630a, 0x31a4, 0x2143, 0x2964, 0x3184, 0x2963, 0x7b4a, 0x3123, 0x41a6, 0xf719, 0xf736,
    0xff36, 0xf736, 0xf736, 0xf736, 0xf736, 0xf736, 0xf716, 0xf716, 0xf736, 0xf736, 0xf736, 0xf736,
    0xf716, 0xf736, 0xf736, 0xf736, 0xf736, 0xf736, 0xf736, 0xf736, 0xf736, 0xf736, 0xf736, 0xf736,
    0xf736, 0xf716, 0xf736, 0xf736, 0xf736, 0xf736, 0xf736, 0xf736, 0xf736, 0xf736, 0xf736, 0xf736,
    0xf736, 0xf736, 0xf736, 0xf736, 0xf736, 0xf736, 0xf736, 0xff38, 0x72e9, 0xeeb7, 0x72e9, 0xb512,
    0xb4f1, 0x6a67, 0xff18, 0x6a87, 0xf716, 0xf736, 0xf736, 0xf736, 0xf736, 0xf736, 0xf736, 0xf736,
    0xf736, 0xf736, 0xf736, 0xf716, 0xf736, 0xf736, 0xf736, 0xf736, 0xf716, 0xf736, 0xf736, 0xf716,
    0xf716, 0xf716, 0xf736, 0xf736, 0xf736, 0xf736, 0xf716, 0xf736, 0xf736, 0xf736, 0xf736, 0xf736,
    0xf736, 0xf736, 0xf736, 0xf736, 0xf736, 0xf736, 0xf716, 0xf736, 0xf736, 0xf736, 0xf736, 0xf736,
    0xff56, 0x5247, 0x28e4, 0x49e9, 0x20e4, 0x4187, 0x5a0a, 0x2104, 0x18e3, 0x20e4, 0x20e4, 0x20e4,
    0x20e4, 0x20e4, 0x20e4, 0x18e3, 0x2104, 0x20e4, 0x4a0a, 0x20e4, 0x2905, 0x2104, 0x524a, 0x5acb,
    0x6b8c, 0x5b2a, 0x5ae8, 0x6b69, 0x6a86, 0x7327, 0x6b46, 0x6b47, 0x73aa, 0x72c6, 0x5aa6, 0x5307,
    0x3a65, 0x5b26, 0x3a65, 0x4ae6, 0x3aa7, 0x2184, 0x3a46, 0x21c4, 0x2a05, 0x21e4, 0x2205, 0x21e5,
    0x21c5, 0x29c5, 0x3a05, 0x39e5, 0x5b28, 0x5b27, 0x5b26, 0x5b07, 0x5b27, 0x4aa5, 0x3224, 0x21c4,
    0x21e5, 0x2a25, 0x19a4, 0x29e5, 0x21e4, 0x3a45, 0x6285, 0x8327, 0x8348, 0x6ae7, 0x8307, 0x8326,
    0x62a5, 0x62e6, 0x7b87, 0x6ae5, 0x7b86, 0x9408, 0x8ba6, 0x9c49, 0x9c49, 0x9408, 0x7ba8, 0x83c9,
    0x7b89, 0x7b8a, 0x6b29, 0x52a9, 0x62c7, 0x8b68, 0x944f, 0x9470, 0xa4b1, 0xacf1, 0xad12, 0x9cf4,
    0x7bf0, 0x7b6c, 0x8b68, 0x6aa4, 0x52c9, 0x4ac9, 0x62e9, 0x52c9, 0x4ac9, 0x52e9, 0x3207, 0x1985,
    0x1103, 0x3228, 0x4249, 0x3a07, 0x1103, 0x1944, 0x7b6b, 0x736a, 0x73aa, 0x6308, 0x8beb, 0x632b,
    0x62a8, 0x5a87, 0x6ac8, 0x7ae8, 0x8b48, 0x7ac5, 0x6ae8, 0x6287, 0x5a66, 0x62a7, 0x7309, 0x6ac8,
    0x8349, 0x6266, 0x49e5, 0x4a06, 0x4a06, 0x39a4, 0x3984, 0x6aa7, 0x3163, 0x41a5, 0xf719, 0xff36,
    0xf736, 0xf736, 0xf736, 0xf736, 0xf736, 0xf736, 0xf716, 0xf736, 0xf736, 0xf716, 0xf736, 0xf716,
    0xf716, 0xf736, 0xf736, 0xf736, 0xf736, 0xf736, 0xf736, 0xf736, 0xf736, 0xf736, 0xf736, 0xf736,
    0xf736, 0xf736, 0xf736, 0xf736, 0xf736, 0xf736, 0xf736, 0xf736, 0xf736, 0xf736, 0xf736, 0xf736,
    0xf716, 0xf736, 0xf736, 0xf736, 0xf736, 0xf736, 0xff16, 0xf736, 0xf716, 0x72a8, 0x7b29, 0x7b0a,
    0xe697, 0xac6f, 0xe696, 0xff36, 0xff36, 0xf736, 0xf736, 0xf736, 0xf736, 0xf736, 0xf736, 0xf736,
    0xf736, 0xf736, 0xf736, 0xf736, 0xf736, 0xf736, 0xf736, 0xf736, 0xf736, 0xf736, 0xf736, 0xf716,
    0xf736, 0xf736, 0xf736, 0xf716, 0xf736, 0xf716, 0xf716, 0xf736, 0xf736, 0xf736, 0xf736, 0xf736,
    0xf736, 0xf736, 0xf736, 0xf716, 0xf736, 0xf736, 0xf736, 0xf736, 0xf736, 0xf736, 0xf736, 0xf736,
    0xff56, 0x5227, 0x5209, 0x2104, 0x2925, 0x20e4, 0x520a, 0x20e4, 0x20e3, 0x2103, 0x18e3, 0x20e3,
    0x20e4, 0x20e4, 0x20e4, 0x20e3, 0x18e3, 0x20e3, 0x522a, 0x3166, 0x3987, 0x2925, 0x2925, 0x5a8a,
    0x4ac8, 0x6baa, 0x5308, 0x5ac7, 0x6a86, 0x7347, 0x83c8, 0x6ae6, 0x4a46, 0x6a86, 0x4205, 0x3205,
    0x4ac7, 0x4ac6, 0x4285, 0x4ae6, 0x21e4, 0x3225, 0x2184, 0x21a4, 0x21e5, 0x21c4, 0x3205, 0x31c4,
    0x2984, 0x29c4, 0x29e4, 0x3225, 0x4265, 0x5b06, 0x5306, 0x5306, 0x52e6, 0x6b88, 0x29e3, 0x3266,
    0x2a25, 0x29e5, 0x1964, 0x21a4, 0x19c4, 0x2a25, 0x6307, 0x7b27, 0x7b27, 0x8368, 0x7307, 0x7b26,
    0x6ac4, 0x8bc7, 0x93c7, 0x83a8, 0x83a8, 0x7366, 0x83a8, 0x7b67, 0x8c08, 0x83a8, 0x83c9, 0x7ba9,
    0x7368, 0x6b29, 0x4247, 0x4247, 0x62c7, 0x9388, 0xacf1, 0xa4d1, 0xbd53, 0xb554, 0x9cd3, 0x7c32,
    0x7413, 0x6bd1, 0x836a, 0x6aa5, 0x4aa8, 0x632a, 0x62a8, 0x5ae9, 0x5b09, 0x632a, 0x31e7, 0x1965,
    0x1144, 0x21c7, 0x3208, 0x31e7, 0x1124, 0x1944, 0x83cc, 0x6b6a, 0x6348, 0x6328, 0x83a9, 0x5aea,
    0x83ad, 0x39c5, 0x39c5, 0x7309, 0x51e3, 0x6264, 0x3163, 0x3184, 0x31a5, 0x2943, 0x3164, 0x39c5,
    0x8bec, 0x3163, 0x2963, 0x2964, 0x2964, 0x5288, 0x3184, 0x6ac8, 0x39a4, 0x41a6, 0xf719, 0xff36,
    0xf736, 0xf736, 0xf736, 0xf736, 0xf736, 0xf736, 0xf736, 0xf736, 0xf736, 0xf736, 0xf736, 0xf736,
    0xf736, 0xf736, 0xf736, 0xf736, 0xf736, 0xf736, 0xf716, 0xf716, 0xf736, 0xf716, 0xf736, 0xf736,
    0xf736, 0xf736, 0xf736, 0xf736, 0xf736, 0xf716, 0xf736, 0xf736, 0xf736, 0xf736, 0xf736, 0xf736,
    0xf736, 0xf736, 0xf736, 0xf736, 0xf736, 0xf736, 0xf736, 0xff36, 0xf736, 0xf736, 0xf716, 0xff37,
    0xff37, 0xff37, 0xf736, 0xf736, 0xf736, 0xf736, 0xff36, 0xf736, 0xf736, 0xf736, 0xf736, 0xf736,
    0xf736, 0xf736, 0xf736, 0xf736, 0xf736, 0xf736, 0xf736, 0xf716, 0xf736, 0xf736, 0xf736, 0xf736,
    0xf736, 0xf736, 0xf736, 0xf736, 0xf736, 0xf736, 0xf736, 0xf716, 0xf736, 0xf716, 0xf736, 0xf716,
    0xf736, 0xf736, 0xf736, 0xf736, 0xf736, 0xf736, 0xf736, 0xf716, 0xf736, 0xf736, 0xf736, 0xf736,
    0xff56, 0x5a48, 0x2905, 0x2904, 0x3125, 0x2904, 0x522a, 0x20e4, 0x18e3, 0x2103, 0x20e3, 0x20e4,
    0x20e4, 0x20e4, 0x20e3, 0x2104, 0x2103, 0x20c3, 0x5a2b, 0x20e4, 0x4a09, 0x2924, 0x2925, 0x5269,
    0x4ac8, 0x5b27, 0x6348, 0x3a25, 0x72e7, 0x7b68, 0x5284, 0x6ac6, 0x5245, 0x6aa6, 0x4a66, 0x42a8,
    0x3a87, 0x2183, 0x5328, 0x5b48, 0x2a04, 0x4ae8, 0x19a4, 0x1164, 0x1163, 0x2163, 0x5205, 0x5a25,
    0x49c4, 0x21a3, 0x2a25, 0x3245, 0x4285, 0x52e6, 0x5306, 0x5307, 0x6347, 0x6b87, 0x21e3, 0x1984,
    0x19a4, 0x21e4, 0x1964, 0x21c5, 0x21e4, 0x2a05, 0x5b28, 0x7347, 0x62c5, 0x7b47, 0x6ae5, 0x7305,
    0x8b65, 0x9c27, 0x8be8, 0x7388, 0x7ba8, 0x7368, 0x6b06, 0x6b47, 0x5ae6, 0x6b28, 0x7b69, 0x62e7,
    0x5ac8, 0x5ae8, 0x5ae9, 0x7b6b, 0x8b8a, 0x9bc9, 0xacd0, 0x9c90, 0x9471, 0x7bef, 0x7c10, 0x7411,
    0x73f1, 0x6bd0, 0x7b69, 0x6aa4, 0x52a8, 0x5267, 0x8309, 0x5ac9, 0x5ae9, 0x5b0a, 0x3228, 0x1964,
    0x29c7, 0x29c7, 0x29e7, 0x29e7, 0x1986, 0x2144, 0x8bcc, 0x7b49, 0x7329, 0x72e7, 0x8b89, 0x5aa8,
    0x6ac9, 0x3184, 0x41e5, 0x6ae8, 0x6265, 0x72a6, 0x62c9, 0x41e6, 0x31a5, 0x39e6, 0x4a47, 0x5267,
    0x8bab, 0x5247, 0x4a47, 0x4206, 0x4206, 0x41e6, 0x2964, 0x5a46, 0x3163, 0x39a6, 0xf719, 0xff36,
    0xf736, 0xf736, 0xf716, 0xf736, 0xf736, 0xf736, 0xf736, 0xf716, 0xf736, 0xf716, 0xf736, 0xf736,
    0xf716, 0xf736, 0xf736, 0xf736, 0xf716, 0xf736, 0xf736, 0xf736, 0xf736, 0xf736, 0xf736, 0xf736,
    0xf736, 0xf716, 0xf736, 0xf736, 0xf716, 0xf716, 0xf736, 0xf736, 0xf736, 0xf736, 0xf736, 0xf736,
    0xf736, 0xf736, 0xf736, 0xf736, 0xf736, 0xf736, 0xf736, 0xf736, 0xf736, 0xf736, 0xf736, 0xf736,
    0xf736, 0xf736, 0xf736, 0xf736, 0xf736, 0xf736, 0xf736, 0xf736, 0xf736, 0xf736, 0xf736, 0xf736,
    0xf736, 0xf736, 0xf716, 0xf736, 0xf736, 0xf736, 0xf736, 0xf736, 0xf736, 0xf736, 0xf736, 0xf736,
    0xf716, 0xf736, 0xf736, 0xf736, 0xf736, 0xf736, 0xf716, 0xf716, 0xf736, 0xf736, 0xf736, 0xf736,
    0xf736, 0xf736, 0xf736, 0xf736, 0xf736, 0xf736, 0xf736, 0xf736, 0xf736, 0xf736, 0xf736, 0xf736,
    0xff56, 0x5a68, 0x2925, 0x2104, 0x49e9, 0x20c4, 0x5a2b, 0x20e3, 0x18e3, 0x18e3, 0x20e3, 0x20e4,
    0x2103, 0x2103, 0x20e4, 0x20e3, 0x20e4, 0x41a8, 0x5a4b, 0x3125, 0x2905, 0x4a29, 0x3946, 0x4a48,
    0x3246, 0x4ac7, 0x4aa6, 0x52a7, 0x7ae7, 0x7b67, 0x4204, 0x4a66, 0x6308, 0x6aa6, 0x4a25, 0x4ae8,
    0x42a8, 0x29e4, 0x3244, 0x42a6, 0x21c4, 0x3245, 0x1164, 0x1164, 0x1964, 0x2184, 0x31a4, 0x6245,
    0x6225, 0x4204, 0x21a4, 0x2a04, 0x52e6, 0x6b88, 0x52c6, 0x52e6, 0x6b88, 0x4264, 0x3245, 0x2205,
    0x1964, 0x1184, 0x19c4, 0x19a4, 0x19c4, 0x2a05, 0x4ae8, 0x52c8, 0x5265, 0x72e5, 0x7305, 0x8386,
    0x8b65, 0x9c06, 0x83a6, 0x7367, 0x7389, 0x5ac7, 0x7347, 0x6b48, 0x5ac7, 0x52a7, 0x62c8, 0x62e8,
    0x6b29, 0x7329, 0x8b6a, 0xb40c, 0xabca, 0xa3c9, 0x9329, 0x930a, 0x8b09, 0x8b0a, 0x932a, 0x8b2a,
    0x8b2b, 0x934b, 0x9347, 0x7284, 0x7ae8, 0x934a, 0x92e8, 0x82e9, 0x72c9, 0x5a88, 0x1944, 0x2965,
    0x72ca, 0x72c9, 0x72ea, 0x31a6, 0x1944, 0x3164, 0xa36b, 0xa349, 0xa349, 0xa369, 0x9b89, 0x93ac,
    0x72c9, 0x5aa8, 0x62c8, 0x5267, 0x3962, 0x5a04, 0x1902, 0x1903, 0x1924, 0x1944, 0x1964, 0x2164,
    0x62c8, 0x2984, 0x2984, 0x2164, 0x2964, 0x2185, 0x29a5, 0x5247, 0x2964, 0x41c7, 0xf719, 0xff36,
    0xf736, 0xf736, 0xf736, 0xf736, 0xf716, 0xf736, 0xf736, 0xf736, 0xf736, 0xf736, 0xf736, 0xf736,
    0xf736, 0xf736, 0xf736, 0xf736, 0xf716, 0xf736, 0xf736, 0xf736, 0xf736, 0xf736, 0xf736, 0xf736,
    0xf736, 0xf736, 0xff36, 0xf736, 0xf736, 0xf736, 0xf736, 0xf736, 0xf736, 0xf716, 0xf716, 0xf736,
    0xf716, 0xf736, 0xf736, 0xf736, 0xf736, 0xf736, 0xf736, 0xf736, 0xf736, 0xf736, 0xf736, 0xf736,
    0xf736, 0xf736, 0xf736, 0xf736, 0xf736, 0xf736, 0xf736, 0xf736, 0xf736, 0xf736, 0xf736, 0xf736,
    0xf736, 0xf736, 0xf736, 0xf736, 0xf736, 0xf736, 0xf736, 0xf736, 0xf736, 0xf736, 0xf736, 0xf736,
    0xf736, 0xf736, 0xf736, 0xf736, 0xf736, 0xf716, 0xf736, 0xf716, 0xf736, 0xf716, 0xf736, 0xf736,
    0xf736, 0xf736, 0xf736, 0xf736, 0xf736, 0xf736, 0xf716, 0xf736, 0xf736, 0xf736, 0xf736, 0xf736,
    0xff56, 0x6268, 0x3946, 0x4a09, 0x3146, 0x3125, 0x5a0a, 0x49a8, 0x20c3, 0x2103, 0x20e4, 0x20e3,
    0x2104, 0x2104, 0x2104, 0x2104, 0x20e3, 0x520a, 0x4a09, 0x20e4, 0x49e8, 0x3125, 0x4167, 0x4a69,
    0x4b09, 0x4287, 0x530a, 0x5b09, 0x7307, 0x6b07, 0x4224, 0x3a45, 0x3a46, 0x6286, 0x4226, 0x3206,
    0x4ac9, 0x4ac6, 0x4ac6, 0x2a25, 0x19a3, 0x2a05, 0x1984, 0x1143, 0x2143, 0x2164, 0x5a66, 0x6a65,
    0x49a3, 0x5245, 0x31a4, 0x3a45, 0x7c0b, 0x5ac6, 0x3a64, 0x52e7, 0x3224, 0x4ac7, 0x19a3, 0x2a25,
    0x21c4, 0x2225, 0x11a4, 0x21e5, 0x1984, 0x3266, 0x42a7, 0x5b29, 0x6b28, 0x7367, 0x5285, 0x8386,
    0x8345, 0x9c28, 0x7365, 0x7367, 0x6b69, 0x6328, 0x52a6, 0x5ae7, 0x4a66, 0x5aa7, 0x5267, 0x5267,
    0x7308, 0xabeb, 0xbbcb, 0xbbaa, 0xab88, 0xabc9, 0xab49, 0xb349, 0xab4a, 0xb38a, 0xb34a, 0xb38a,
    0xbbab, 0xb38a, 0xb3c9, 0x82a5, 0xab6a, 0xb34a, 0xb36a, 0xb36a, 0xab6a, 0x51e5, 0x2144, 0x49a4,
    0xb3ab, 0xbbab, 0xb3ab, 0x4a06, 0x2164, 0x41a5, 0xab8b, 0xb38a, 0xab69, 0xab69, 0xa369, 0xa3ed,
    0x6227, 0x8329, 0x93ab, 0x7ae8, 0x7ae7, 0x6224, 0x2943, 0x1944, 0x1965, 0x1964, 0x1965, 0x1965,
    0x62ea, 0x2164, 0x2185, 0x2184, 0x2164, 0x2985, 0x2984, 0x5a47, 0x5ac9, 0x62a9, 0xf6f9, 0xf736,
    0xf736, 0xf736, 0xf736, 0xf736, 0xf736, 0xf736, 0xf716, 0xf736, 0xf736, 0xf736, 0xf736, 0xf736,
    0xf736, 0xf736, 0xf736, 0xf736, 0xf736, 0xf736, 0xf736, 0xf736, 0xf736, 0xf716, 0xf736, 0xf736,
    0xf736, 0xf736, 0xf736, 0xff36, 0xf736, 0xf736, 0xf736, 0xf736, 0xf736, 0xf736, 0xf736, 0xf736,
    0xf716, 0xf736, 0xf716, 0xf736, 0xf736, 0xf736, 0xf736, 0xf736, 0xf736, 0xf736, 0xf736, 0xf736,
    0xf736, 0xff36, 0xf736, 0xf736, 0xf736, 0xf736, 0xf736, 0xf736, 0xf736, 0xf736, 0xf736, 0xff36,
    0xf736, 0xf736, 0xf736, 0xf736, 0xf736, 0xf736, 0xf736, 0xf736, 0xf736, 0xf736, 0xf736, 0xf736,
    0xf736, 0xf736, 0xf736, 0xf716, 0xf716, 0xf736, 0xf736, 0xf736, 0xf736, 0xf736, 0xf736, 0xf736,
    0xf736, 0xf736, 0xf736, 0xf736, 0xf736, 0xf736, 0xf716, 0xf716, 0xf716, 0xf736, 0xf716, 0xf736,
    0xf756, 0x5a47, 0x51e9, 0x3106, 0x49c8, 0x2104, 0x4a09, 0x49c9, 0x20e4, 0x2103, 0x20e4, 0x2104,
    0x2103, 0x2103, 0x2103, 0x1903, 0x2103, 0x2103, 0x20e4, 0x20e4, 0x4a09, 0x28e4, 0x5a2a, 0x4a28,
    0x42e9, 0x42c8, 0x5b09, 0x52c8, 0x6ae7, 0x4a86, 0x52e7, 0x4287, 0x3a46, 0x62a7, 0x4a46, 0x3a47,
    0x4ac9, 0x52e8, 0x4286, 0x19a3, 0x1983, 0x1984, 0x1964, 0x2184, 0x4205, 0x4205, 0x7306, 0x7285,
    0x49c3, 0x6a86, 0x59e4, 0x5a25, 0x5204, 0x4a44, 0x4ac5, 0x4ac6, 0x3246, 0x4286, 0x19a3, 0x3aa7,
    0x3245, 0x3245, 0x19c4, 0x2205, 0x19a4, 0x3a46, 0x42a7, 0x4ac8, 0x52e7, 0x52c7, 0x5285, 0x8ba7,
    0x7b45, 0x7346, 0x7bc7, 0x7388, 0x73a9, 0x6b49, 0x4a87, 0x6309, 0x4a46, 0x5ac7, 0x5aa7, 0x5266,
    0x9bab, 0xbbeb, 0xc42c, 0xb3aa, 0xab68, 0xb3ea, 0xab49, 0xa2c7, 0x9ac7, 0xbb69, 0xbbaa, 0xbb8a,
    0xc3ab, 0xc3cb, 0xbc29, 0x8ac5, 0xbbaa, 0xbb8a, 0xbbaa, 0xbb8a, 0xb38a, 0x72c8, 0x3964, 0xa3ab,
    0xb3ab, 0xbbab, 0xb3cc, 0x5a26, 0x2943, 0x3963, 0x9369, 0xcd0f, 0xb40c, 0xb3ca, 0x9327, 0x8b6a,
    0x41a5, 0x838c, 0x93ac, 0x49a4, 0x4962, 0x6a65, 0x3964, 0x4206, 0x4207, 0x4a48, 0x5aca, 0x5aeb,
    0x62ea, 0x2964, 0x2964, 0x2143, 0x2123, 0x2103, 0x2102, 0x3123, 0x3143, 0x3985, 0xf6f8, 0xff36,
    0xf736, 0xf736, 0xf736, 0xf736, 0xf736, 0xf716, 0xf716, 0xf736, 0xf736, 0xff36, 0xf736, 0xf736,
    0xf736, 0xf736, 0xf736, 0xf736, 0xf736, 0xf736, 0xf736, 0xf736, 0xf736, 0xf736, 0xf736, 0xf736,
    0xf736, 0xf736, 0xff36, 0xf716, 0xf736, 0xf736, 0xf736, 0xf736, 0xf736, 0xf736, 0xf736, 0xf736,
    0xf736, 0xf736, 0xf736, 0xf736, 0xf736, 0xf736, 0xf736, 0xf736, 0xf736, 0xf736, 0xf736, 0xf736,
    0xf736, 0xf736, 0xf736, 0xf736, 0xf736, 0xf736, 0xf736, 0xf736, 0xf736, 0xf736, 0xf736, 0xf736,
    0xf736, 0xf736, 0xff36, 0xf716, 0xf736, 0xff36, 0xf736, 0xf736, 0xf736, 0xf736, 0xf736, 0xf736,
    0xf736, 0xf736, 0xf736, 0xf736, 0xf736, 0xf736, 0xf736, 0xf736, 0xf736, 0xf736, 0xf716, 0xf736,
    0xf736, 0xf736, 0xf736, 0xf736, 0xf736, 0xf736, 0xf736, 0xf736, 0xf736, 0xf736, 0xf736, 0xf736,
    0xff56, 0x51e6, 0x51a9, 0x20c4, 0x49e9, 0x20c4, 0x20e3, 0x2103, 0x18e3, 0x20e3, 0x20e4, 0x20e4,
    0x2104, 0x2104, 0x2103, 0x2103, 0x2103, 0x2104, 0x2104, 0x20e4, 0x41a7, 0x49e9, 0x520a, 0x39e6,
    0x42c9, 0x4ac8, 0x4a86, 0x5ae7, 0x72e8, 0x3a26, 0x4aa8, 0x4aa7, 0x4287, 0x5a66, 0x5267, 0x3267,
    0x3268, 0x3227, 0x42a8, 0x52ea, 0x2184, 0x1123, 0x1164, 0x1984, 0x1943, 0x2184, 0x4245, 0x72c6,
    0x59e4, 0x61c4, 0x7205, 0x61a3, 0x69e4, 0x5243, 0x4265, 0x1962, 0x29e5, 0x5307, 0x19a3, 0x21e4,
    0x2a05, 0x21e4, 0x21c4, 0x2a25, 0x21e4, 0x3226, 0x4ac9, 0x3a47, 0x3a46, 0x4226, 0x6327, 0x8386,
    0x7b46, 0x7b87, 0x6b27, 0x6b48, 0x52e7, 0x7389, 0x52a6, 0x52a7, 0x5aa7, 0x6ae8, 0x72c7, 0x7266,
    0x6205, 0x9b49, 0xab08, 0xa2e7, 0xa307, 0xb3ca, 0xb3cb, 0xb36a, 0xab49, 0xb349, 0xb349, 0xbbaa,
    0xb3ab, 0xa3ab, 0xac0a, 0x72a5, 0xb3eb, 0xbb8a, 0xbb8a, 0xbb8a, 0xb36a, 0x7246, 0x61e5, 0x8266,
    0x92c7, 0xa308, 0xab49, 0x9b08, 0x92e8, 0xcd31, 0xcd51, 0xbcef, 0xa3ec, 0x8b29, 0xa40c, 0xa349,
    0xa349, 0xab8a, 0xab6a, 0x9b2a, 0x9b28, 0x82e6, 0xabcc, 0xab6a, 0x8b29, 0x8309, 0x6206, 0x49a4,
    0x49c5, 0x3923, 0x4143, 0x4984, 0x6a47, 0x7a87, 0x8ae8, 0x8287, 0x8287, 0x7aa9, 0xf6f8, 0xff36,
    0xf736, 0xf736, 0xf736, 0xf736, 0xf736, 0xf716, 0xf716, 0xf736, 0xf736, 0xff36, 0xf736, 0xf736,
    0xf736, 0xf736, 0xf736, 0xf716, 0xf736, 0xf736, 0xf736, 0xf736, 0xf736, 0xf716, 0xf736, 0xf716,
    0xf736, 0xf716, 0xf736, 0xf716, 0xf736, 0xf736, 0xf736, 0xf736, 0xf736, 0xf736, 0xf736, 0xf716,
    0xf736, 0xf736, 0xf736, 0xf736, 0xff36, 0xf736, 0xf736, 0xf736, 0xf736, 0xf736, 0xf736, 0xf736,
    0xf736, 0xf736, 0xff36, 0xf736, 0xf736, 0xf736, 0xf736, 0xf716, 0xff36, 0xf736, 0xf736, 0xf716,
    0xf716, 0xf716, 0xf736, 0xf736, 0xf736, 0xf736, 0xf716, 0xf736, 0xf716, 0xf736, 0xf736, 0xf736,
    0xf736, 0xff36, 0xf716, 0xf716, 0xf716, 0xf736, 0xf736, 0xf716, 0xf736, 0xf736, 0xf736, 0xf716,
    0xf736, 0xf736, 0xff36, 0xf736, 0xf736, 0xf716, 0xf716, 0xf736, 0xf736, 0xf736, 0xf736, 0xf736,
    0xff56, 0x4a06, 0x51c9, 0x49e9, 0x49e8, 0x20e4, 0x2104, 0x20e3, 0x20e3, 0x2104, 0x20e3, 0x18e3,
    0x2103, 0x20e4, 0x20e3, 0x2104, 0x520a, 0x5a2a, 0x41a7, 0x2103, 0x20e3, 0x51ea, 0x49e9, 0x39e7,
    0x2a06, 0x4ae8, 0x52c6, 0x7347, 0x72c7, 0x4246, 0x4267, 0x4287, 0x52c7, 0x72c6, 0x62e6, 0x4286,
    0x3a87, 0x3268, 0x52ea, 0x39e7, 0x1944, 0x2164, 0x29c4, 0x3245, 0x2183, 0x21a3, 0x4a84, 0x8347,
    0x69e3, 0x5183, 0x61c4, 0x69a3, 0x7224, 0x7b87, 0x4264, 0x3204, 0x29e4, 0x4285, 0x19c4, 0x21c5,
    0x19a4, 0x21e5, 0x3246, 0x21e4, 0x21e4, 0x3246, 0x42a8, 0x42a8, 0x5267, 0x5247, 0x6307, 0x83c7,
    0x7326, 0x6b26, 0x6b27, 0x6307, 0x6b48, 0x6327, 0x6b26, 0x7348, 0x6ae7, 0x8328, 0x82e8, 0x59c4,
    0x51e5, 0x6a66, 0x9286, 0xab08, 0xb328, 0xb348, 0xaac7, 0xa2a6, 0x9aa6, 0xa2c7, 0xb38a, 0xb42d,
    0xac6e, 0x83ac, 0x734a, 0x9c0c, 0x92e8, 0x9ac7, 0xa2e8, 0xa308, 0xaae8, 0xab09, 0xa308, 0xab08,
    0xb329, 0xb349, 0xb349, 0xb349, 0xb3cb, 0xbcce, 0xac4d, 0x8308, 0x7ac7, 0xa44d, 0x7287, 0xab49,
    0xb328, 0xb308, 0xab08, 0xab08, 0xa307, 0x9327, 0xab69, 0xb3aa, 0xbc6e, 0xab49, 0xab29, 0xab49,
    0xa309, 0xb34a, 0xb36a, 0xbb8a, 0xb349, 0xbb6a, 0xbb49, 0xb349, 0xb36a, 0x9b4b, 0xf719, 0xff36,
    0xf736, 0xf736, 0xf736, 0xf736, 0xf736, 0xf736, 0xff36, 0xf736, 0xff56, 0xf736, 0xf736, 0xff36,
    0xf716, 0xf736, 0xff36, 0xf736, 0xf736, 0xf736, 0xf736, 0xf736, 0xf736, 0xf736, 0xf736, 0xf736,
    0xf736, 0xf716, 0xff38, 0xf716, 0xff36, 0xff36, 0xf736, 0xf736, 0xf716, 0xf736, 0xf736, 0xf736,
    0xf736, 0xf736, 0xf736, 0xf736, 0xf736, 0xf736, 0xf736, 0xff36, 0xf736, 0xf736, 0xf736, 0xf736,
    0xf716, 0xf736, 0xf716, 0xf736, 0xf736, 0xf736, 0xff36, 0xff36, 0xff36, 0xff36, 0xf736, 0xff37,
    0xff37, 0xf716, 0xf736, 0xf736, 0xf736, 0xf716, 0xf716, 0xf736, 0xf736, 0xf716, 0xf736, 0xf736,
    0xf736, 0xf736, 0xf716, 0xf736, 0xf736, 0xf736, 0xf736, 0xf736, 0xf716, 0xf736, 0xf716, 0xf736,
    0xf736, 0xf736, 0xf736, 0xff36, 0xf736, 0xf736, 0xf736, 0xf736, 0xf736, 0xf736, 0xf736, 0xf736,
    0xff56, 0x49e5, 0x51ea, 0x51ea, 0x2104, 0x2104, 0x3967, 0x5a0a, 0x520a, 0x20e4, 0x20e3, 0x20e3,
    0x18e3, 0x2103, 0x18e3, 0x20e4, 0x5a0a, 0x4167, 0x522a, 0x2103, 0x3946, 0x520a, 0x520a, 0x4207,
    0x3246, 0x2a05, 0x5286, 0x62e6, 0x72e7, 0x5286, 0x4a86, 0x6b27, 0x83a7, 0xac48, 0x9428, 0x7387,
    0x52e7, 0x4287, 0x52c8, 0x5287, 0x2984, 0x2183, 0x4226, 0x29c4, 0x3a03, 0x4224, 0x62e6, 0x6264,
    0x6a04, 0x59a4, 0x4183, 0x7225, 0x69e3, 0x6265, 0x5b06, 0x4285, 0x3a66, 0x3a65, 0x21c4, 0x19a4,
    0x1984, 0x21c4, 0x2a45, 0x21e4, 0x2204, 0x42a7, 0x4ac8, 0x4a47, 0x62c8, 0x5286, 0x7388, 0x62e4,
    0x5285, 0x5285, 0x6b68, 0x7387, 0x7ba9, 0x7368, 0x7388, 0x6306, 0x62a6, 0x7ac7, 0x6a45, 0x49e5,
    0x5a46, 0x59c4, 0x9b08, 0xb349, 0xab08, 0x9a85, 0xa2a7, 0xaac7, 0xaac7, 0xa2a7, 0x9aa6, 0xac8f,
    0x8c0d, 0x4a88, 0x4247, 0x7309, 0x9b08, 0xab08, 0xb329, 0xb349, 0xb369, 0xbb8a, 0xcc0c, 0xbb8a,
    0xb349, 0xbb6a, 0xb349, 0xb38a, 0xcd30, 0xa40c, 0x9369, 0xac4d, 0x7b29, 0x4163, 0x8ac8, 0xb329,
    0xb308, 0xb349, 0xb329, 0xab49, 0xc48d, 0xcd70, 0xcd51, 0xbccf, 0xbcae, 0xbb6a, 0xbb6a, 0xbb6a,
    0xbb8b, 0xc3ab, 0xcc0c, 0xd42d, 0xcbcb, 0xc3aa, 0xbb69, 0xc36a, 0xbb49, 0xa34b, 0xf6f8, 0xf736,
    0xf736, 0xf736, 0xf736, 0xf716, 0xff36, 0xff36, 0xf716, 0xcdb3, 0x6a87, 0x7b29, 0xf736, 0xf716,
    0xf736, 0xf736, 0xf736, 0xf736, 0xf737, 0xf716, 0xff36, 0xf736, 0xf736, 0xf736, 0xf736, 0xf736,
    0xf736, 0xff36, 0x5a06, 0xf737, 0xf736, 0xff36, 0xf736, 0xf716, 0xf716, 0xf716, 0xf736, 0xf716,
    0xf715, 0xff36, 0xf736, 0xf736, 0xf736, 0xff36, 0xf736, 0xf736, 0xf736, 0xff36, 0xff56, 0xf736,
    0x836a, 0x6a67, 0xe675, 0xf716, 0xf715, 0xf736, 0xf737, 0xff37, 0xf736, 0xf736, 0xff36, 0xff38,
    0xff58, 0xff36, 0xf716, 0xf736, 0xf736, 0xf736, 0xf716, 0xf716, 0xf736, 0xff36, 0xf736, 0xf736,
    0xf716, 0xf736, 0xf716, 0xf716, 0xf716, 0xf736, 0xf716, 0xf716, 0xf736, 0xf716, 0xf716, 0xf715,
    0xf716, 0xf736, 0xf716, 0xf716, 0xf717, 0xe674, 0xf736, 0xf736, 0xf736, 0xf736, 0xf736, 0xf736,
    0xff56, 0x4a06, 0x51ea, 0x59ea, 0x2905, 0x20e3, 0x626b, 0x4168, 0x5a0b, 0x20e4, 0x20e3, 0x18e3,
    0x2103, 0x2103, 0x18e3, 0x2104, 0x51ea, 0x5209, 0x2104, 0x20e4, 0x520a, 0x3967, 0x4187, 0x4a28,
    0x3a87, 0x3247, 0x4a86, 0x4a86, 0x62a6, 0x5265, 0x8c08, 0x9c47, 0xac68, 0xac68, 0x7345, 0x6346,
    0x52c5, 0x83e9, 0x6b48, 0x62e8, 0x7328, 0x6b07, 0x41e3, 0x39c3, 0x5285, 0x5a65, 0x5204, 0x41c3,
    0x51c4, 0x61c4, 0x6a05, 0x59c3, 0x61a3, 0x5a03, 0x4aa5, 0x3224, 0x3225, 0x21a3, 0x21e4, 0x21e5,
    0x1164, 0x19a4, 0x2a24, 0x19a3, 0x2204, 0x6348, 0x52c7, 0x6b48, 0x6308, 0x6b48, 0x62e6, 0x83a7,
    0x62c5, 0x5ae6, 0x39e3, 0x7388, 0x5ae6, 0x52c6, 0x73a8, 0x5ae6, 0x62a7, 0x6266, 0x4183, 0x39c4,
    0x4183, 0x6a05, 0xa329, 0xb328, 0xb328, 0x9ac6, 0xab29, 0xa2e8, 0x9a87, 0x8a25, 0x8246, 0x8bcc,
    0x5ac9, 0x4a68, 0x4a67, 0x72e9, 0x9ae8, 0xaac7, 0xaac7, 0xaac7, 0x9a86, 0x9a86, 0xa287, 0xaaa7,
    0x9a66, 0x9a66, 0x9a86, 0x92a7, 0xbc8e, 0xbcef, 0x6266, 0x3963, 0x41a4, 0x5a05, 0x8246, 0x8a25,
    0x9246, 0x8a46, 0x8a46, 0x8aa7, 0xcd30, 0x9beb, 0x8b09, 0x7266, 0x9bec, 0x8225, 0x81e4, 0x81e4,
    0x81e4, 0x81e4, 0x89e4, 0x89e4, 0x89e4, 0x89e4, 0x8a04, 0x81e4, 0x81c3, 0x7206, 0xf718, 0xff36,
    0xf736, 0xf736, 0xf736, 0xf736, 0xf736, 0xff36, 0xf716, 0xf6b8, 0xff57, 0xde34, 0xff56, 0xff37,
    0xf717, 0xff58, 0xff38, 0xff37, 0xac6f, 0xff38, 0xf716, 0xff37, 0xf737, 0xf737, 0xff58, 0xf716,
    0xff38, 0xf716, 0x6aa8, 0xf718, 0xf716, 0xf716, 0xff17, 0xff58, 0xff37, 0xf737, 0xf736, 0xe675,
    0x93ec, 0xf736, 0xf736, 0x7b29, 0xf736, 0xf736, 0xf736, 0xf736, 0xff36, 0xff36, 0xff36, 0x8b8b,
    0xff37, 0xf716, 0x72c9, 0xf737, 0xff57, 0xff79, 0xff7a, 0xff5a, 0xf737, 0xff38, 0xf716, 0xff79,
    0xf718, 0xf716, 0xff56, 0xff58, 0xf716, 0xf737, 0xf716, 0xf736, 0xff37, 0xc552, 0xff58, 0xeed7,
    0x7b29, 0xf737, 0xf715, 0xff36, 0xf716, 0xff17, 0x8b8b, 0xff37, 0xf717, 0x7b09, 0xf6f7, 0xf716,
    0x93ec, 0xc572, 0xf716, 0xbd31, 0xff58, 0xff36, 0xf736, 0xf736, 0xff36, 0xf736, 0xf736, 0xf736,
    0xff56, 0x49e5, 0x51ea, 0x28a4, 0x49c9, 0x20e4, 0x2904, 0x51ea, 0x51ea, 0x2104, 0x20e3, 0x18e3,
    0x2103, 0x20e4, 0x2103, 0x2103, 0x28e4, 0x520a, 0x5a0a, 0x4188, 0x2104, 0x3987, 0x5a4b, 0x4228,
    0x2a05, 0x3a88, 0x3a46, 0x4a85, 0x83c9, 0x8c08, 0x9428, 0x83c7, 0x9448, 0x9c48, 0x8c07, 0x7ba9,
    0x9cad, 0xa4cd, 0xad2f, 0xb571, 0xbd50, 0xb52f, 0xa4ce, 0x9c8e, 0x6308, 0x5225, 0x49a4, 0x41e4,
    0x4205, 0x59c4, 0x61c4, 0x6204, 0x61e3, 0x6ae6, 0x4264, 0x4ac6, 0x3225, 0x2a05, 0x21c4, 0x21c4,
    0x1984, 0x19a4, 0x19c4, 0x21c4, 0x29e4, 0x6348, 0x6b48, 0x6327, 0x5ac6, 0x6b68, 0x7367, 0x8c08,
    0x62c5, 0x5ae6, 0x4265, 0x4a64, 0x6326, 0x7bc9, 0x83c8, 0x7b67, 0x7307, 0x72c7, 0x41c4, 0x2963,
    0x51c5, 0x7ac8, 0x9b08, 0xb328, 0xb327, 0x9ac6, 0xab08, 0xab07, 0xab08, 0xab28, 0xabcb, 0x942d,
    0x6b2a, 0x6b6b, 0x41c5, 0x8b09, 0x7a05, 0x81e5, 0x89c4, 0x89e4, 0x81e4, 0x81c4, 0x81c4, 0x81e4,
    0x8a05, 0x8a25, 0x9225, 0x8a45, 0x8266, 0x59c5, 0x3163, 0x3963, 0x72a8, 0x82c8, 0x8a66, 0x9266,
    0x8a66, 0x9266, 0xbc4d, 0xc530, 0xbd10, 0x9c2e, 0x7ae9, 0x6a46, 0x9c0d, 0x82a7, 0x8a25, 0x8a25,
    0x8a25, 0x9a86, 0x9a66, 0x9225, 0x8a05, 0x8a25, 0x8204, 0x8204, 0x8a04, 0x7a27, 0xf6f8, 0xff36,
    0xf736, 0xf736, 0xf736, 0xf736, 0xf715, 0xf736, 0xeef5, 0x834b, 0x7ae9, 0xf716, 0x6aa7, 0xc593,
    0xf738, 0x93ce, 0xff39, 0xff59, 0x5a26, 0xf716, 0x8bac, 0xb4f0, 0xff39, 0xacb1, 0xde36, 0x8bac,
    0x7b0a, 0xf737, 0xc553, 0xf719, 0xff39, 0x72c8, 0x72c8, 0xff38, 0x9c0e, 0xf717, 0xf736, 0xf717,
    0xcdb3, 0xf715, 0x72e8, 0x6a67, 0xf736, 0xf715, 0xf717, 0xf737, 0xff37, 0xf736, 0xf737, 0x72c9,
    0xf736, 0xf736, 0xac8f, 0xff5a, 0xff79, 0xff78, 0xb511, 0xff37, 0x6ac8, 0xf738, 0x72c9, 0xc573,
    0xff18, 0x6267, 0xc572, 0xff5a, 0xff38, 0x6247, 0xe656, 0xf736, 0xf716, 0x72e9, 0xf736, 0xff57,
    0x9c2e, 0xf737, 0xff36, 0xff36, 0xff36, 0xf736, 0x8b8c, 0xf717, 0xbd31, 0xff37, 0x93cc, 0xf737,
    0xf6f7, 0x6a67, 0xf6f8, 0x9bed, 0x6266, 0xf737, 0xff56, 0xf736, 0xf736, 0xf736, 0xf736, 0xf736,
    0xff36, 0x49e6, 0x5a0b, 0x2904, 0x2104, 0x49a8, 0x59eb, 0x520a, 0x20e4, 0x2103, 0x20e3, 0x20e3,
    0x2103, 0x2103, 0x2103, 0x18e3, 0x41a7, 0x5a0a, 0x522a, 0x520a, 0x3987, 0x41c8, 0x51ea, 0x4207,
    0x3226, 0x3a88, 0x3a46, 0x5ac6, 0x8386, 0x9c48, 0x83c7, 0x4a85, 0x7387, 0x7ba8, 0xa48c, 0xc614,
    0xbdb4, 0xc5b4, 0xc5d3, 0xcdd3, 0xacad, 0xc590, 0xc592, 0xbd92, 0xc5b2, 0xad10, 0x83ac, 0x6ac7,
    0x31a3, 0x51e5, 0x61e5, 0x51a4, 0x61e4, 0x6245, 0x4224, 0x5b28, 0x29e5, 0x2a05, 0x29e5, 0x21e5,
    0x1983, 0x19a4, 0x19a5, 0x21c5, 0x3245, 0x62e7, 0x7b88, 0x7368, 0x6307, 0x8c29, 0x83c7, 0x7b86,
    0x6b06, 0x6306, 0x52a5, 0x83a8, 0x9c4a, 0x7346, 0x7347, 0x8387, 0x7ae7, 0x7ae7, 0x6ae9, 0x636c,
    0x840e, 0x834a, 0xa348, 0xb307, 0xb327, 0x9ac6, 0xab08, 0xb307, 0xb307, 0xb328, 0xa308, 0x938a,
    0x49e5, 0x39c5, 0x5a47, 0x9308, 0x7a25, 0x9a66, 0x9a66, 0x9a66, 0x9a66, 0x9a66, 0x9226, 0x9246,
    0x9225, 0x8a25, 0x9245, 0x8a05, 0x81e4, 0x71e5, 0x4984, 0x5a26, 0x7a87, 0x8287, 0x79c4, 0x71c4,
    0x71a4, 0x69a3, 0x69c4, 0x59c4, 0x6a87, 0x7b6a, 0x838c, 0x7b4b, 0x49e4, 0x6a05, 0x71c3, 0x71a3,
    0x71a3, 0x71a3, 0x7182, 0x71a3, 0x7183, 0x7184, 0x6983, 0x6983, 0x6983, 0x6a06, 0xf719, 0xff36,
    0xf736, 0xf736, 0xf736, 0xf736, 0xf736, 0xf736, 0xf737, 0xff57, 0xeeb7, 0xf6f9, 0x834c, 0xff78,
    0xff58, 0xac8f, 0xff58, 0xff38, 0x93ec, 0xff57, 0xb4b1, 0xf717, 0xff78, 0x93cc, 0x9c0d, 0xff38,
    0x6a67, 0xff37, 0xff38, 0xf6d7, 0xff3a, 0xe657, 0xff57, 0xff58, 0xff39, 0xf736, 0xf736, 0xff38,
    0xff38, 0xb4ef, 0xf6d8, 0xb4b0, 0xf736, 0xf716, 0xf718, 0xf718, 0xff38, 0xf716, 0xf717, 0x6a47,
    0xff36, 0xf736, 0x6a87, 0xcd73, 0xff37, 0xff77, 0x7309, 0xf736, 0xb511, 0xff37, 0x9c0d, 0x72a9,
    0xf716, 0x93ed, 0x6248, 0xf717, 0xff36, 0x6a88, 0xf736, 0xff36, 0xf736, 0x6247, 0xf736, 0xff17,
    0xee96, 0xf736, 0xf716, 0xff16, 0xf716, 0xff58, 0xff38, 0xff58, 0xff38, 0xf715, 0x72c8, 0xf737,
    0x6ac7, 0xf717, 0x7b09, 0xff37, 0xf6d8, 0xff58, 0xff36, 0xf736, 0xf736, 0xf736, 0xf736, 0xf736,
    0xff36, 0x49c5, 0x51ea, 0x3946, 0x3125, 0x51ea, 0x51ea, 0x51ea, 0x41c8, 0x18e3, 0x2103, 0x18e3,
    0x20e3, 0x2103, 0x18e3, 0x20e4, 0x5a2b, 0x3126, 0x20e4, 0x2905, 0x5a2a, 0x49a9, 0x3927, 0x4a27,
    0x4266, 0x3246, 0x3a66, 0x7367, 0xaceb, 0xa48a, 0x7b87, 0x73c9, 0x7bca, 0xb571, 0xc5f4, 0xbdb4,
    0xc5f5, 0xcdf4, 0xcdf3, 0xcdb2, 0xcdb2, 0xc5b2, 0xc592, 0xad10, 0xb530, 0xb531, 0xb531, 0xbd93,
    0x5ac8, 0x41a3, 0x61e4, 0x51e4, 0x5a25, 0x4162, 0x2962, 0x52e7, 0x29e4, 0x21e4, 0x21c4, 0x21a4,
    0x1984, 0x1984, 0x1985, 0x21c4, 0x52c6, 0x942a, 0x9c29, 0x7ba7, 0x7bc8, 0x9428, 0x7ba6, 0x7365,
    0x7326, 0x6306, 0x7ba8, 0x8be8, 0x83a6, 0x7b86, 0x62e5, 0x8387, 0x8327, 0x7b28, 0x5aa9, 0x428a,
    0x3208, 0x5289, 0xa349, 0xb328, 0xab07, 0x92a5, 0xaae7, 0xb307, 0xb307, 0xbb48, 0xb307, 0xa328,
    0x6a67, 0x4a26, 0x72c8, 0x9308, 0x8a45, 0x9246, 0x9a66, 0x9245, 0x9a45, 0x9245, 0x9225, 0x8a25,
    0x8a04, 0x9245, 0x9245, 0x9225, 0x9225, 0x8a65, 0xbd10, 0xacaf, 0x7287, 0x7a25, 0x8a25, 0x8a05,
    0x8a25, 0x9245, 0x9245, 0x934a, 0x5a26, 0x5225, 0x62c8, 0x3143, 0x3942, 0x8a66, 0x9225, 0x9245,
    0x9a85, 0x8224, 0x8204, 0x81e4, 0x79c4, 0x71c4, 0x71c4, 0x71c4, 0x7205, 0x6a69, 0xf6f8, 0xff36,
    0xf736, 0xf736, 0xf736, 0xf736, 0xf736, 0xf736, 0xb510, 0xff39, 0x7309, 0xf738, 0x6268, 0x62a6,
    0xff59, 0x940e, 0x6266, 0xff37, 0x8bad, 0xf738, 0x9c2e, 0x5a65, 0xeed7, 0xff79, 0x5a05, 0xff58,
    0x93cd, 0xff79, 0xe697, 0x834a, 0xff38, 0x7b2a, 0xa4ae, 0x8bcb, 0xff58, 0xf735, 0xff36, 0xbcf1,
    0xf6f8, 0xee96, 0xddf5, 0xbd12, 0xf736, 0xf736, 0xf736, 0xff36, 0xf736, 0xf736, 0xf716, 0x8b8b,
    0xeed7, 0x8b8a, 0xff79, 0xf6d7, 0xeed8, 0xf6f7, 0x6267, 0xa46e, 0x6247, 0xa44e, 0xff38, 0x5a26,
    0x9c2d, 0xf717, 0x6247, 0x8b8a, 0xff38, 0xb511, 0xf735, 0xff36, 0xff58, 0x7b0a, 0xf737, 0xc553,
    0xcdd4, 0xf718, 0x5a25, 0xf716, 0xff37, 0xa44f, 0xbd31, 0xff58, 0x6a68, 0xac8f, 0xff39, 0x7b2a,
    0xbd53, 0x7b2a, 0xde35, 0xeeb7, 0x6246, 0xff37, 0xf736, 0xf716, 0xf736, 0xf736, 0xf736, 0xf736,
    0xff56, 0x49e5, 0x28c5, 0x4168, 0x520a, 0x2924, 0x20e4, 0x49a8, 0x5a0a, 0x2104, 0x18e3, 0x18e3,
    0x2103, 0x2103, 0x18e3, 0x2104, 0x5a2b, 0x624b, 0x522a, 0x2124, 0x28e4, 0x59eb, 0x51e9, 0x5226,
    0x7b68, 0x7369, 0x4a66, 0x6ae6, 0x9409, 0x6305, 0x52a6, 0x7bca, 0xc5d3, 0xc5b3, 0xc5b3, 0xc5b3,
    0xc5d2, 0xc5b3, 0xcdd4, 0xcdd3, 0xc5b2, 0xcdd2, 0xc592, 0xad11, 0xbd92, 0xbd92, 0xb551, 0xbdb2,
    0xc5d3, 0x83ec, 0x39a3, 0x3183, 0x39a4, 0x41e4, 0x31e3, 0x4285, 0x4286, 0x52a7, 0x5ae8, 0x4246,
    0x21a4, 0x19a5, 0x1985, 0x29c4, 0x6b27, 0xaccc, 0x83a7, 0x7b86, 0xa4ab, 0x7bc8, 0x7be8, 0x8c08,
    0x6305, 0x52a5, 0x6b26, 0x83a8, 0x8ba8, 0x8387, 0x5264, 0x7b68, 0x7b6b, 0x5aeb, 0x52cc, 0x4aed,
    0x4aec, 0x4acc, 0x528a, 0x6a68, 0x82c7, 0x82a6, 0xa307, 0xb307, 0xb307, 0xb348, 0xb307, 0xab49,
    0xac8f, 0x946f, 0x7b6b, 0x938b, 0xa2e8, 0xaae7, 0xaae7, 0xaac7, 0xaae7, 0xa2c7, 0xa2a6, 0xab07,
    0x9245, 0xa2a6, 0xaac7, 0xa2a7, 0x9286, 0x9348, 0x8b68, 0x7b28, 0x6225, 0x7a25, 0x8225, 0x8a05,
    0x9a66, 0xa286, 0xa2a6, 0xabec, 0x72c8, 0x5a66, 0x49e5, 0x3963, 0x7a46, 0xaaa7, 0xaaa6, 0xa286,
    0xaae6, 0x8a04, 0x8a24, 0x8a24, 0x81e4, 0x8224, 0x8a25, 0x8246, 0x628a, 0x5aab, 0xf719, 0xff36,
    0xf736, 0xf736, 0xf736, 0xf736, 0xf736, 0xff36, 0xf736, 0xf716, 0xf716, 0xff36, 0xf716, 0xf736,
    0xbcf1, 0xff37, 0xff56, 0xf736, 0xf736, 0xff57, 0xff57, 0xff57, 0xff36, 0xff36, 0xff57, 0xff57,
    0xf716, 0xff57, 0xf716, 0xf716, 0xff56, 0xf736, 0xff56, 0xf736, 0xf736, 0xf736, 0xff36, 0xf716,
    0xf716, 0xff56, 0xd613, 0xff58, 0xf736, 0xff36, 0xff36, 0xff36, 0xf736, 0xf736, 0xff56, 0xf736,
    0xf736, 0xff36, 0xff36, 0xff57, 0xf736, 0xff57, 0xf736, 0xff56, 0xff36, 0xf716, 0xff56, 0xf736,
    0xf736, 0xff36, 0xff36, 0xff57, 0xff36, 0xf716, 0xf736, 0xf736, 0xf736, 0xf736, 0xff36, 0xf736,
    0xf716, 0xf717, 0xff18, 0xf716, 0xf716, 0xf736, 0xf736, 0xf736, 0xff36, 0xff36, 0xf716, 0xff57,
    0xf736, 0xff36, 0xff56, 0xf736, 0xff57, 0xf716, 0xf736, 0xff36, 0xf736, 0xf736, 0xf736, 0xf736,
    0xff56, 0x41c5, 0x51ea, 0x51ea, 0x20e4, 0x2104, 0x5a2b, 0x5a0b, 0x5a0b, 0x2104, 0x18e3, 0x18e3,
    0x2103, 0x20e3, 0x20e3, 0x20e3, 0x2905, 0x3987, 0x2104, 0x2124, 0x28e4, 0x51ea, 0x49e9, 0x5206,
    0x7b69, 0x7b69, 0x62e8, 0x8348, 0x8347, 0x6346, 0x52c6, 0xbd92, 0xc571, 0xbd71, 0xc5b2, 0xc5b2,
    0xc593, 0xc5b3, 0xc5b3, 0xc592, 0xc5b2, 0xc591, 0xb510, 0x9c8f, 0xad52, 0xad32, 0xad52, 0x9cd0,
    0xa4f1, 0x9cd0, 0x6b4a, 0x3a04, 0x31e4, 0x5b08, 0x4ae7, 0x4aa6, 0x942c, 0x72e7, 0x6286, 0x5a46,
    0x5266, 0x21e5, 0x1984, 0x4aa6, 0x6b46, 0x62c4, 0x9429, 0x9408, 0xacec, 0x8be8, 0x7386, 0x7386,
    0x6b26, 0x7bc8, 0x7ba9, 0x62e6, 0x6307, 0x62e6, 0x4a45, 0x4a67, 0x52cb, 0x52cc, 0x4acc, 0x4acc,
    0x4acd, 0x4aed, 0x42ac, 0x426a, 0x29a6, 0x41c5, 0xa328, 0xb307, 0xb307, 0xb328, 0xab07, 0xac0d,
    0x9c6f, 0x8c2e, 0x840e, 0x734b, 0x9309, 0xa2c7, 0xa2c7, 0xa2c7, 0xaac7, 0xaae7, 0xaac6, 0xaae6,
    0x9a45, 0xa2a6, 0xa2c7, 0x92e7, 0x9348, 0x8b69, 0x8348, 0x8348, 0x8328, 0x7a86, 0x8225, 0x8a25,
    0x9a66, 0xa286, 0xa286, 0x9b08, 0x9bcb, 0x6ac8, 0x49c4, 0x59c3, 0x92a6, 0xa286, 0xa286, 0xa286,
    0xaac6, 0x8a04, 0x8a24, 0x9245, 0x8a04, 0x8a04, 0x8a45, 0x7247, 0x52ab, 0x4a4a, 0xeef8, 0xf736,
    0xf736, 0xf736, 0xf736, 0xf736, 0xf736, 0xff36, 0xff36, 0xf736, 0xf736, 0xf736, 0xf736, 0xff57,
    0xd5f4, 0xeeb5, 0xf736, 0xf736, 0xf736, 0xf736, 0xf736, 0xf736, 0xf736, 0xf736, 0xf736, 0xf716,
    0xf736, 0xf736, 0xf736, 0xf736, 0xf736, 0xf736, 0xf736, 0xf736, 0xff36, 0xf736, 0xf736, 0xf736,
    0xf736, 0xf736, 0xf736, 0xf736, 0xf736, 0xf736, 0xff36, 0xf736, 0xf736, 0xf736, 0xf736, 0xf736,
    0xf736, 0xf736, 0xf736, 0xf736, 0xf736, 0xf736, 0xf736, 0xf736, 0xf736, 0xf736, 0xff36, 0xf736,
    0xf716, 0xf736, 0xf736, 0xf736, 0xf736, 0xf736, 0xf736, 0xf736, 0xf736, 0xf736, 0xf736, 0xf736,
    0xf716, 0xff36, 0xf736, 0xf736, 0xf736, 0xf736, 0xf736, 0xf736, 0xf736, 0xf736, 0xf736, 0xf736,
    0xf736, 0xf736, 0xf736, 0xff36, 0xf736, 0xf736, 0xf736, 0xf736, 0xf736, 0xf736, 0xf736, 0xf736,
    0xff56, 0x49c5, 0x5a0a, 0x51e9, 0x2104, 0x2124, 0x2904, 0x3146, 0x3126, 0x18e3, 0x20e3, 0x20e3,
    0x2104, 0x2104, 0x20e3, 0x2104, 0x2103, 0x2103, 0x2103, 0x3125, 0x5209, 0x41a8, 0x49c9, 0x5a06,
    0x7aa6, 0x7307, 0x7328, 0x6a86, 0x72c6, 0x5aa5, 0xbd92, 0xbd50, 0xbd70, 0xc591, 0xc5b1, 0xc592,
    0xbd93, 0xbdb3, 0xc593, 0xc5b3, 0xc592, 0xc592, 0xaccf, 0x9c6f, 0xad32, 0x94b0, 0x9cd0, 0xa4f1,
    0x94d0, 0x8c8f, 0x948f, 0x5286, 0x4245, 0x2184, 0x2a05, 0x3204, 0x8bca, 0x72e8, 0x5266, 0x4a46,
    0x4a26, 0x29e5, 0x29c4, 0x7bea, 0x62e5, 0x9c6b, 0x9409, 0x8be9, 0x9409, 0x6b26, 0x6b67, 0x6b26,
    0x62e6, 0x6326, 0x5ae6, 0x6307, 0x5285, 0x62e6, 0x4a25, 0x4aaa, 0x4acc, 0x52ed, 0x4acc, 0x4acc,
    0x4aed, 0x3a8b, 0x3aac, 0x322a, 0x1965, 0x2985, 0x9b49, 0xb2e7, 0xaac7, 0xab28, 0xabec, 0xa48f,
    0x944e, 0x8c2e, 0x8c2e, 0x8c0e, 0x8c0d, 0x938b, 0x9ac7, 0xa2c6, 0xaac6, 0xaac6, 0xaac6, 0xb307,
    0x9a45, 0xa2a6, 0x9b28, 0x9389, 0x9389, 0x8348, 0x8347, 0x8b67, 0x8368, 0x8b88, 0x7ac7, 0x7a65,
    0x9a86, 0xa286, 0xa286, 0x9a86, 0x9b8a, 0xb532, 0x7b8c, 0x8ae8, 0xa2a6, 0xa286, 0xa286, 0x9a65,
    0xa2c6, 0x8203, 0x8a04, 0x9204, 0x89e4, 0x81e3, 0x8225, 0x6268, 0x4aab, 0x528b, 0xf6f9, 0xff36,
    0xf736, 0xf736, 0xf736, 0xf736, 0xf736, 0xf736, 0xf736, 0xf736, 0xf736, 0xf736, 0xf736, 0xf716,
    0xff36, 0xff36, 0xf736, 0xf736, 0xf736, 0xf736, 0xf736, 0xf736, 0xf736, 0xf736, 0xf736, 0xf736,
    0xf736, 0xf736, 0xf736, 0xf736, 0xf736, 0xf736, 0xf736, 0xf736, 0xf736, 0xf736, 0xf736, 0xf736,
    0xf736, 0xf736, 0xff36, 0xf736, 0xff36, 0xff36, 0xf736, 0xf736, 0xf736, 0xf736, 0xf736, 0xf736,
    0xf736, 0xf736, 0xf736, 0xf736, 0xf736, 0xf736, 0xf736, 0xf736, 0xff36, 0xf736, 0xff36, 0xf736,
    0xf736, 0xf736, 0xf736, 0xf736, 0xf736, 0xf736, 0xf736, 0xf736, 0xf736, 0xf736, 0xf736, 0xf736,
    0xf736, 0xf736, 0xf736, 0xf736, 0xff36, 0xf736, 0xf736, 0xf736, 0xf736, 0xf736, 0xf736, 0xf736,
    0xf736, 0xf736, 0xf736, 0xf736, 0xf736, 0xf736, 0xf736, 0xf736, 0xf736, 0xf736, 0xf736, 0xf736,
    0xff56, 0x41a5, 0x51ea, 0x3126, 0x49e9, 0x2104, 0x2103, 0x2103, 0x20e3, 0x2103, 0x20e3, 0x20e4,
    0x20e3, 0x20e4, 0x20e4, 0x20e4, 0x2103, 0x2104, 0x2104, 0x2104, 0x5a6b, 0x49e9, 0x51e9, 0x6227,
    0x82a6, 0x93ea, 0x5a85, 0x7b28, 0x6284, 0x7b8a, 0x942e, 0xacf0, 0xb510, 0xc570, 0xbd71, 0xb531,
    0xbd72, 0xbd92, 0xc5b2, 0xc592, 0xad31, 0xb551, 0x9c6e, 0x9c90, 0x9cf1, 0x9490, 0x9490, 0x9cd0,
    0x948e, 0x8c6f, 0x946f, 0x8c6d, 0x4244, 0x3a46, 0x29c4, 0x4a46, 0x62c7, 0x5266, 0x4a26, 0x4206,
    0x4a26, 0x52a8, 0x3205, 0x6b67, 0x83c8, 0x9c49, 0x7b66, 0x7347, 0x944b, 0x5ae7, 0x6b47, 0x7387,
    0x62c5, 0x7ba8, 0x7346, 0x7367, 0x83c9, 0x9c2a, 0x83eb, 0x4aaa, 0x4acc, 0x52cd, 0x42cc, 0x3a8b,
    0x428b, 0x3a8b, 0x42ac, 0x3a4b, 0x1986, 0x2186, 0x8309, 0xaae7, 0xaae7, 0xabec, 0xa48f, 0x946f,
    0x8c2e, 0x8c2e, 0x8c2e, 0x8c0d, 0x8c0e, 0x6b2b, 0x92c8, 0xa2a7, 0xaac6, 0xaae7, 0xaac6, 0xaae6,
    0x9a65, 0xa2a6, 0x8b07, 0x9389, 0x8b68, 0x8348, 0x8347, 0x8347, 0x7b27, 0x7b47, 0x6286, 0x6a45,
    0x9286, 0xa285, 0xa286, 0x9a86, 0xabec, 0x944f, 0x736c, 0x8b6c, 0x92c8, 0xa286, 0xa266, 0x9a66,
    0xa2c6, 0x8203, 0x9224, 0x9223, 0x8a04, 0x89e3, 0x8205, 0x6269, 0x428b, 0x526b, 0xf6f9, 0xf736,
    0xf736, 0xf736, 0xf736, 0xf736, 0xf736, 0xf736, 0xf736, 0xf736, 0xf736, 0xf736, 0xf736, 0xf736,
    0xf736, 0xf736, 0xf736, 0xf736, 0xf736, 0xf736, 0xf736, 0xf736, 0xff36, 0xff36, 0xf736, 0xf736,
    0xf736, 0xf736, 0xf736, 0xf736, 0xf736, 0xf736, 0xf736, 0xf736, 0xf736, 0xf736, 0xf736, 0xf736,
    0xf736, 0xf736, 0xff36, 0xf736, 0xff36, 0xf736, 0xf736, 0xf736, 0xf736, 0xf736, 0xf736, 0xf736,
    0xf736, 0xf736, 0xf736, 0xf736, 0xf736, 0xf736, 0xf736, 0xf736, 0xf736, 0xf736, 0xff36, 0xf736,
    0xf736, 0xf736, 0xf736, 0xf736, 0xf736, 0xf736, 0xf736, 0xf736, 0xf736, 0xf736, 0xf736, 0xf736,
    0xf736, 0xf736, 0xf736, 0xf736, 0xf736, 0xf736, 0xf736, 0xf736, 0xf736, 0xf736, 0xf736, 0xf736,
    0xf736, 0xf736, 0xf736, 0xf736, 0xf736, 0xf736, 0xf736, 0xf736, 0xf736, 0xf736, 0xf736, 0xf736,
    0xff56, 0x5206, 0x51ca, 0x20c4, 0x2905, 0x20e4, 0x20e4, 0x20c4, 0x18e3, 0x2103, 0x20e4, 0x20e4,
    0x20e4, 0x20e4, 0x20e4, 0x20e3, 0x20e4, 0x28a4, 0x522a, 0x2104, 0x5a4b, 0x5a4b, 0x4187, 0x5a06,
    0x7ac6, 0x93ea, 0x83a8, 0x7306, 0x7b27, 0x9c8c, 0x8c0a, 0x942c, 0xacef, 0xbd50, 0xaccf, 0xa48e,
    0xbd71, 0xbd91, 0xbd50, 0xb531, 0xa4f0, 0xa4d0, 0x9c8f, 0x9470, 0x9470, 0x948f, 0x946e, 0x9c4d,
    0x942d, 0x948e, 0x8c4e, 0x8c4e, 0x6349, 0x3204, 0x29a3, 0x39a4, 0x49a4, 0x6266, 0x41c4, 0x41e5,
    0x31c5, 0x4245, 0x4a65, 0xacec, 0x9c6a, 0x83a7, 0x7326, 0x7bc9, 0x7368, 0x4a45, 0x5b27, 0x6b26,
    0x6b07, 0x7348, 0x7368, 0x6328, 0x9c4a, 0x8ba8, 0x736a, 0x42ab, 0x428c, 0x4aac, 0x428c, 0x3a8b,
    0x3a6b, 0x322a, 0x42ac, 0x328a, 0x19c7, 0x19a6, 0x49e6, 0xa2e7, 0xaae8, 0x9bec, 0x944e, 0x944f,
    0x8c4e, 0x840e, 0x840e, 0x8c2e, 0x83ed, 0x5aea, 0x7ae9, 0xa2c7, 0xb2e6, 0xaac7, 0xaaa6, 0xaae7,
    0x9a45, 0xa2a7, 0x8b28, 0x8327, 0x8327, 0x8348, 0x8348, 0x8368, 0x7b27, 0x72c6, 0x72e7, 0x6a65,
    0x92a7, 0xa2a6, 0xa349, 0xbcaf, 0xacf0, 0xa4f1, 0x8c0e, 0x83cd, 0x83cd, 0x93ac, 0x9aa8, 0x9a66,
    0xa2e7, 0x8203, 0x8a04, 0x9224, 0x81e3, 0x8a04, 0x7a25, 0x628a, 0x42ac, 0x528b, 0xf6f8, 0xf736,
    0xf736, 0xf736, 0xf736, 0xf736, 0xf736, 0xf736, 0xf736, 0xf736, 0xf736, 0xf736, 0xf736, 0xf736,
    0xf736, 0xf736, 0xf736, 0xf736, 0xf736, 0xf736, 0xf736, 0xf736, 0xf736, 0xf736, 0xf736, 0xf736,
    0xf736, 0xf736, 0xf736, 0xf736, 0xf736, 0xf736, 0xf736, 0xf736, 0xf736, 0xf736, 0xf736, 0xf736,
    0xf736, 0xff36, 0xf736, 0xf736, 0xf736, 0xf736, 0xf736, 0xf736, 0xf736, 0xf736, 0xf736, 0xf736,
    0xf736, 0xf736, 0xf736, 0xf736, 0xf736, 0xf736, 0xf736, 0xf736, 0xf736, 0xf736, 0xf736, 0xf736,
    0xf736, 0xf736, 0xf736, 0xf736, 0xf736, 0xf736, 0xf736, 0xf736, 0xf736, 0xf736, 0xf736, 0xf736,
    0xf736, 0xf736, 0xf736, 0xf736, 0xf736, 0xf736, 0xf736, 0xf736, 0xf736, 0xf736, 0xf736, 0xf736,
    0xf736, 0xf736, 0xf736, 0xf736, 0xf736, 0xf736, 0xf736, 0xf736, 0xf736, 0xf736, 0xf736, 0xf716,
    0xff56, 0x5207, 0x3947, 0x49a9, 0x5a6a, 0x2104, 0x5a2a, 0x28c5, 0x20c3, 0x2103, 0x20e3, 0x20e4,
    0x20e4, 0x20e4, 0x20e4, 0x20e4, 0x2104, 0x41a8, 0x51ea, 0x4a09, 0x4a09, 0x2904, 0x3125, 0x6ae9,
    0x8389, 0x8388, 0x9409, 0x9c4a, 0x942b, 0x7367, 0x6b06, 0x83a8, 0x7347, 0xb550, 0xa4ae, 0xacef,
    0xb530, 0xacce, 0xb510, 0xacf0, 0x9cb0, 0xacf1, 0x946f, 0x9490, 0x8c4e, 0x944e, 0x944d, 0x940c,
    0x8beb, 0x8c4d, 0x8c2d, 0x8c2c, 0x844d, 0x3a24, 0x31c4, 0x3183, 0x6a66, 0x7287, 0x6246, 0x6246,
    0x39a4, 0x83ea, 0xa4cd, 0x8be8, 0x5ac3, 0x52a5, 0x52c5, 0x6b46, 0x5284, 0x4a66, 0x52c7, 0x8c4d,
    0xa46e, 0x940e, 0x8bec, 0x83ab, 0x83c9, 0x83a8, 0x4a66, 0x3a4a, 0x42ac, 0x426b, 0x3a6b, 0x3a8b,
    0x2a2a, 0x2a29, 0x2208, 0x2209, 0x19c7, 0x21c7, 0x31c6, 0xa308, 0x9ae8, 0x93cc, 0x942e, 0x83ed,
    0x8c0e, 0x840d, 0x83ed, 0x7bed, 0x6b4b, 0x7c0e, 0x72ea, 0xa2e7, 0xaac6, 0xaac6, 0xa2a6, 0xa2a7,
    0x9245, 0x9aa6, 0x7ac7, 0x72e7, 0x72e7, 0x7ae7, 0x8347, 0x7b07, 0x72e8, 0x7b28, 0x6a85, 0x6a65,
    0x8aa6, 0xa36a, 0xaccf, 0x9caf, 0x9c8f, 0x9c90, 0x83ed, 0x7bed, 0x7bad, 0x83cd, 0x92e9, 0x9a66,
    0xa2a6, 0x81c3, 0x8a04, 0x9224, 0x8a04, 0x8a24, 0x7a26, 0x5a6a, 0x428b, 0x526b, 0xf6f9, 0xff36,
    0xf736, 0xf736, 0xf736, 0xf736, 0xf736, 0xf736, 0xf736, 0xf736, 0xf736, 0xf736, 0xf736, 0xf736,
    0xf736, 0xf736, 0xf736, 0xf736, 0xf736, 0xf736, 0xf736, 0xf736, 0xf736, 0xf736, 0xf736, 0xf736,
    0xf736, 0xf736, 0xf736, 0xf736, 0xf736, 0xf736, 0xf736, 0xf736, 0xf736, 0xf736, 0xf736, 0xf736,
    0xf736, 0xf736, 0xf736, 0xf736, 0xf736, 0xf736, 0xf736, 0xf736, 0xf736, 0xf736, 0xf736, 0xf736,
    0xf736, 0xf736, 0xf736, 0xf736, 0xf736, 0xf736, 0xf736, 0xf736, 0xf736, 0xf736, 0xf736, 0xf736,
    0xf736, 0xf736, 0xf736, 0xf736, 0xf736, 0xf736, 0xf736, 0xf736, 0xf736, 0xf736, 0xf736, 0xf736,
    0xf736, 0xf736, 0xf736, 0xf736, 0xf736, 0xf736, 0xf736, 0xf736, 0xf736, 0xf736, 0xf736, 0xf736,
    0xf736, 0xf736, 0xf736, 0xf736, 0xf736, 0xf736, 0xf736, 0xf736, 0xf736, 0xf736, 0xf736, 0xf736,
    0xff56, 0x5a27, 0x28e4, 0x20e3, 0x4a09, 0x49c9, 0x5a0b, 0x49c8, 0x20e4, 0x2103, 0x20e4, 0x20e4,
    0x20e4, 0x20e4, 0x20e3, 0x2104, 0x2103, 0x20e3, 0x522a, 0x20e4, 0x3966, 0x2104, 0x2904, 0x72e9,
    0x7b68, 0x6ae6, 0x944b, 0x83a8, 0x8c2b, 0x6306, 0x5aa5, 0x6b26, 0x7347, 0x942c, 0x83ab, 0x83ab,
    0xa48e, 0x8baa, 0x9c4d, 0x9c8f, 0x9cb0, 0xb552, 0x9c6e, 0x942d, 0x8c2c, 0x944d, 0x942c, 0x940c,
    0x93eb, 0x942c, 0x8c0c, 0x840c, 0x7bec, 0x5b49, 0x31e4, 0x3183, 0x6205, 0x6a46, 0x6a66, 0x7287,
    0x41c4, 0x946b, 0x8bea, 0x83c9, 0x6b46, 0x7ba8, 0x7bc9, 0x52a5, 0x4aa6, 0x8c4e, 0x8bec, 0x9c2d,
    0x836a, 0x7b4a, 0x7b6a, 0x9c6e, 0x8c2c, 0x7368, 0x4a87, 0x29e8, 0x428c, 0x428c, 0x3a6b, 0x322a,
    0x324b, 0x2a09, 0x1986, 0x3a8b, 0x2a49, 0x19a7, 0x29e7, 0x7aea, 0x7a67, 0x8bcd, 0x8c2e, 0x7bac,
    0x8c2e, 0x840d, 0x840e, 0x6b6c, 0x632b, 0x6b6b, 0x6b0a, 0x9ae8, 0xaac6, 0xa2a6, 0xa2a6, 0xaae7,
    0x9245, 0x9ac7, 0x6a65, 0x72e7, 0x7b07, 0x6ac6, 0x7b07, 0x5a45, 0x6286, 0x7b07, 0x72e7, 0x6a66,
    0x7aa6, 0xa40d, 0xb510, 0xb531, 0x946f, 0x9cb0, 0x83cc, 0x7bac, 0x7bcd, 0x83ad, 0x930a, 0x9a66,
    0xa2c6, 0x81e3, 0x8a24, 0x9204, 0x8a04, 0x9224, 0x7226, 0x52ab, 0x42ac, 0x4a4a, 0xf6f9, 0xff36,
    0xf736, 0xf736, 0xf736, 0xf736, 0xf736, 0xf736, 0xf736, 0xf736, 0xf736, 0xf736, 0xf736, 0xf736,
    0xf736, 0xf736, 0xf736, 0xf736, 0xf736, 0xf736, 0xf736, 0xf736, 0xf736, 0xf736, 0xf736, 0xf736,
    0xf736, 0xf736, 0xf736, 0xf736, 0xf736, 0xf736, 0xf736, 0xf736, 0xf736, 0xf736, 0xf736, 0xf736,
    0xf736, 0xf736, 0xf736, 0xf736, 0xf736, 0xf736, 0xf736, 0xf736, 0xf736, 0xf736, 0xf736, 0xf736,
    0xf736, 0xf736, 0xf736, 0xf736, 0xf736, 0xf736, 0xf736, 0xf736, 0xf736, 0xf736, 0xf736, 0xf736,
    0xf736, 0xf736, 0xf736, 0xf736, 0xf736, 0xf736, 0xf736, 0xf736, 0xf736, 0xf736, 0xf736, 0xf736,
    0xf736, 0xf736, 0xf736, 0xf736, 0xf736, 0xf716, 0xf736, 0xf736, 0xf736, 0xf736, 0xf736, 0xf736,
    0xf736, 0xf736, 0xf736, 0xf736, 0xf736, 0xf736, 0xf736, 0xf736, 0xff36, 0xf736, 0xf736, 0xf736,
    0xff56, 0x5a27, 0x20e4, 0x20e4, 0x2905, 0x2104, 0x522a, 0x20e4, 0x18e3, 0x18e3, 0x20e4, 0x20e4,
    0x20e4, 0x20e4, 0x20e4, 0x18e3, 0x2104, 0x20e3, 0x5a4b, 0x41e8, 0x41c8, 0x2925, 0x41a7, 0x6ac8,
    0x8bc8, 0x8bc8, 0x83e9, 0x7367, 0x7b88, 0x7347, 0x6b26, 0x6306, 0x6b26, 0x7b6a, 0x5a67, 0x9c2e,
    0x9c6e, 0x93ec, 0x72c8, 0x940d, 0x946f, 0xa4cf, 0x940c, 0x940c, 0x8bec, 0x8c0d, 0x8bec, 0x8c0c,
    0x8c0c, 0x8beb, 0x8c2c, 0x73a9, 0x5b08, 0x29c3, 0x31e4, 0x2984, 0x5226, 0x6a45, 0x6a66, 0x72c9,
    0x6b2b, 0x4a65, 0x6327, 0x52c5, 0x52c5, 0x8c09, 0x5ac5, 0x73a9, 0x4a65, 0xa4d0, 0xa4b0, 0x7b6b,
    0x5a66, 0x5a67, 0x83ac, 0x7bac, 0x7389, 0x4244, 0x4267, 0x3a4a, 0x426b, 0x3a8b, 0x324b, 0x322a,
    0x322a, 0x29e8, 0x19a6, 0x19a7, 0x2a4a, 0x19c7, 0x21c7, 0x5a89, 0x72a9, 0x83cd, 0x83cd, 0x7bac,
    0x83ed, 0x83ed, 0x738c, 0x632b, 0x52c9, 0x634b, 0x630a, 0x8ac8, 0xaac6, 0xaac6, 0xa2a6, 0xa2c7,
    0x9244, 0x8ac7, 0x6a86, 0x72c7, 0x72e7, 0x6aa6, 0x72c7, 0x5a45, 0x6266, 0x72c7, 0x7b27, 0x6a66,
    0x7aa7, 0xa42d, 0xb510, 0xacf0, 0x83cd, 0x8c0e, 0x83cc, 0x83cc, 0x83cc, 0x7b6b, 0x92e9, 0x9266,
    0xa2c6, 0x81e3, 0x8a04, 0x8a04, 0x8204, 0x8a25, 0x6a47, 0x4a8b, 0x428c, 0x4a2a, 0xf6f9, 0xf736,
    0xf736, 0xf736, 0xf736, 0xf736, 0xf736, 0xf736, 0xf736, 0xf736, 0xf736, 0xf736, 0xf736, 0xf736,
    0xf736, 0xf736, 0xf736, 0xf736, 0xf736, 0xf736, 0xf736, 0xf736, 0xf736, 0xf736, 0xf736, 0xf736,
    0xf736, 0xf736, 0xf736, 0xf736, 0xff36, 0xf736, 0xf736, 0xf736, 0xf736, 0xf736, 0xf736, 0xf736,
    0xf736, 0xf736, 0xf736, 0xf736, 0xf736, 0xf736, 0xf736, 0xf736, 0xf736, 0xf736, 0xf736, 0xf736,
    0xf736, 0xf736, 0xf736, 0xf736, 0xf736, 0xf736, 0xf736, 0xf736, 0xf736, 0xf736, 0xf736, 0xf736,
    0xf736, 0xf736, 0xf736, 0xf736, 0xf736, 0xf736, 0xf736, 0xf736, 0xf736, 0xf736, 0xf736, 0xf736,
    0xf736, 0xf736, 0xf736, 0xf736, 0xf736, 0xf736, 0xf736, 0xf736, 0xf736, 0xf736, 0xf736, 0xf736,
    0xf736, 0xf736, 0xf736, 0xf736, 0xf736, 0xf736, 0xf736, 0xf736, 0xf736, 0xf736, 0xf736, 0xf736,
    0xff56, 0x5206, 0x3946, 0x2104, 0x49e9, 0x49e8, 0x520a, 0x20e4, 0x18e3, 0x2103, 0x20e4, 0x20e3,
    0x20e4, 0x20e4, 0x20e4, 0x2104, 0x20e3, 0x20e3, 0x520a, 0x2104, 0x20e3, 0x20e4, 0x41a8, 0x5245,
    0x8be9, 0x83c8, 0x7367, 0x6b26, 0x4203, 0x7326, 0x52a5, 0x5ac6, 0x5b07, 0x4a86, 0x6aa7, 0x6a67,
    0x51e5, 0x49e5, 0x6267, 0x8b8a, 0x834a, 0x8bec, 0x7b4a, 0x6266, 0x6a66, 0x5a46, 0x41e4, 0x4224,
    0x6b27, 0x944c, 0x5ac6, 0x52a5, 0x6306, 0x5244, 0x840b, 0x2183, 0x31c4, 0x6287, 0x838c, 0x5ac9,
    0x2984, 0x3a46, 0x4244, 0x5b06, 0x3a65, 0x83c8, 0x52a5, 0x3a65, 0x3a25, 0x4204, 0x5a25, 0x49e5,
    0x49c4, 0x49c4, 0x41a4, 0x4a05, 0x6b68, 0x5b07, 0x4a88, 0x21c8, 0x21a7, 0x42ac, 0x324a, 0x326a,
    0x322a, 0x2a09, 0x21a6, 0x1186, 0x3aac, 0x19a7, 0x21c7, 0x31c7, 0x83ad, 0x8bed, 0x6b4b, 0x83ed,
    0x738c, 0x83ee, 0x736c, 0x634b, 0x4aa9, 0x73cd, 0x5aea, 0x82e9, 0xa2c7, 0xa2c7, 0x9a86, 0xa2e7,
    0x8a45, 0x7aa7, 0x5a25, 0x5204, 0x7b28, 0x72c7, 0x6aa6, 0x6286, 0x5a65, 0x7b27, 0x7b07, 0x6266,
    0x6a86, 0xa44d, 0xb511, 0xa4b0, 0x8bcd, 0x7bac, 0x8c0d, 0x83cc, 0x83ab, 0x838b, 0x92c8, 0x9245,
    0xa2e6, 0x8204, 0x8a24, 0x8a04, 0x8246, 0x7a05, 0x5a28, 0x428b, 0x3a8b, 0x3a09, 0xf719, 0xf736,
    0xf736, 0xf736, 0xf736, 0xf736, 0xf736, 0xf736, 0xf736, 0xf736, 0xf736, 0xf736, 0xf716, 0xf736,
    0xf736, 0xf736, 0xf736, 0xf736, 0xf736, 0xf736, 0xf736, 0xf736, 0xf736, 0xf736, 0xf736, 0xf736,
    0xf736, 0xf736, 0xf736, 0xf736, 0xf736, 0xf736, 0xf736, 0xf736, 0xf736, 0xf736, 0xf736, 0xf736,
    0xf736, 0xf736, 0xf736, 0xf736, 0xf736, 0xf736, 0xf736, 0xf736, 0xf736, 0xf736, 0xf736, 0xf736,
    0xf736, 0xf736, 0xf736, 0xf736, 0xf736, 0xf736, 0xf736, 0xf736, 0xf736, 0xf736, 0xf736, 0xf736,
    0xf736, 0xf736, 0xf736, 0xf736, 0xf736, 0xf736, 0xf736, 0xf736, 0xf736, 0xf736, 0xf736, 0xf736,
    0xf736, 0xf736, 0xf736, 0xf736, 0xf736, 0xf736, 0xf736, 0xf736, 0xf736, 0xf736, 0xf736, 0xf736,
    0xf736, 0xf736, 0xf736, 0xf736, 0xf736, 0xf736, 0xf736, 0xf736, 0xf736, 0xf736, 0xf736, 0xf736,
    0xff56, 0x5206, 0x49c8, 0x2904, 0x2924, 0x2904, 0x520a, 0x20e3, 0x18e3, 0x2103, 0x2103, 0x20e3,
    0x20e4, 0x20e4, 0x20e4, 0x20e4, 0x20e3, 0x2104, 0x51ea, 0x520a, 0x41a8, 0x49e9, 0x20c4, 0x49e4,
    0x6b05, 0x62e5, 0x5ac5, 0x62e6, 0x4203, 0x7346, 0x39c2, 0x3a04, 0x4245, 0x5286, 0x72a8, 0x6205,
    0x7287, 0x6226, 0x41a4, 0x49e4, 0x7329, 0x5a66, 0x5a25, 0x7287, 0x7266, 0x7287, 0x5225, 0x5aa7,
    0x4244, 0x4a64, 0x4243, 0x4223, 0x6b26, 0x5223, 0x3a03, 0x3a25, 0x4247, 0x6b2b, 0x62ea, 0x39e7,
    0x2144, 0x2185, 0x31e5, 0x3205, 0x3a45, 0x4244, 0x4aa6, 0x3a45, 0x4aa6, 0x4204, 0x5a25, 0x49e5,
    0x41c5, 0x4184, 0x49c5, 0x4a04, 0x6b48, 0x4a86, 0x4247, 0x3a49, 0x21a7, 0x42cc, 0x326b, 0x324a,
    0x2a0a, 0x3209, 0x21a7, 0x1986, 0x2a09, 0x19c7, 0x21c7, 0x29c6, 0x83cd, 0x942e, 0x6b4b, 0x840e,
    0x738c, 0x7bcd, 0x6b2b, 0x5b2b, 0x4aa9, 0x840d, 0x630b, 0x7ae9, 0xa2c7, 0xa2c7, 0x9a86, 0xa2c7,
    0x8a25, 0x9308, 0x5a45, 0x5a46, 0x7b07, 0x7b08, 0x6a86, 0x6266, 0x6266, 0x7b28, 0x72c7, 0x6266,
    0x6266, 0xaccf, 0xacd0, 0x83ac, 0x7b4a, 0x7b6a, 0x7b8b, 0x838b, 0x83ab, 0x834b, 0x9287, 0x9245,
    0xa2c6, 0x8204, 0x8a04, 0x8ae8, 0x830a, 0x6a47, 0x526a, 0x42ab, 0x3229, 0x31c7, 0xf719, 0xf736,
    0xf736, 0xf736, 0xf736, 0xf736, 0xf736, 0xf736, 0xf736, 0xf736, 0xf736, 0xf736, 0xf736, 0xf736,
    0xf736, 0xf736, 0xf736, 0xf736, 0xf736, 0xf736, 0xf736, 0xf736, 0xf736, 0xf736, 0xf736, 0xf736,
    0xf736, 0xf736, 0xf736, 0xf736, 0xf736, 0xf736, 0xf736, 0xf736, 0xf736, 0xff36, 0xf736, 0xf736,
    0xf736, 0xf736, 0xf736, 0xf736, 0xf736, 0xf736, 0xf736, 0xf736, 0xf736, 0xf736, 0xf736, 0xf736,
    0xf736, 0xf736, 0xf736, 0xf736, 0xf736, 0xf736, 0xf736, 0xf736, 0xf736, 0xf736, 0xf736, 0xf736,
    0xf736, 0xf736, 0xf736, 0xf736, 0xf736, 0xf736, 0xf736, 0xf736, 0xff36, 0xf736, 0xf736, 0xf736,
    0xf736, 0xf736, 0xf736, 0xf736, 0xf736, 0xf736, 0xf736, 0xf736, 0xf736, 0xf736, 0xf736, 0xf736,
    0xf736, 0xf736, 0xf736, 0xf736, 0xf736, 0xf736, 0xf736, 0xf736, 0xf736, 0xf736, 0xf736, 0xf736,
    0xff56, 0x4a05, 0x20c4, 0x5209, 0x5a4b, 0x5a2b, 0x5a0a, 0x20e4, 0x18e3, 0x20e3, 0x20e4, 0x20e4,
    0x20e4, 0x20e4, 0x20e4, 0x20e3, 0x2104, 0x2104, 0x5a4a, 0x520a, 0x3967, 0x41a8, 0x522a, 0x41c5,
    0x5a85, 0x62e6, 0x5264, 0x5285, 0x6b48, 0x39c1, 0x4a65, 0x31c3, 0x31e4, 0x3a05, 0x6226, 0x82c8,
    0x7a87, 0x7a87, 0x3963, 0x4226, 0x39c3, 0x5266, 0x6226, 0x7267, 0x7287, 0x6a66, 0x732b, 0x39e6,
    0x4225, 0x4244, 0x31e3, 0x5285, 0x5264, 0x8387, 0x5ac5, 0x4a87, 0x3a07, 0x62eb, 0x630b, 0x2985,
    0x1924, 0x29c6, 0x29c6, 0x4a88, 0x6b49, 0x4aa6, 0x3a04, 0x3a44, 0x4285, 0x3a05, 0x4205, 0x5205,
    0x4164, 0x3963, 0x5a46, 0x62c7, 0x5ae7, 0x31e4, 0x3a06, 0x3a49, 0x1945, 0x428b, 0x3a6b, 0x326b,
    0x2a2a, 0x2a09, 0x19a7, 0x1985, 0x1145, 0x21c7, 0x19a6, 0x31a5, 0x8bac, 0x8bed, 0x630a, 0x5aca,
    0x7bad, 0x7b8c, 0x6b2b, 0x5b2a, 0x4aa9, 0x7bcd, 0x5b0b, 0x72ea, 0x9ac7, 0xa2c7, 0x9a65, 0xa2a7,
    0x8a24, 0x8287, 0x6aa7, 0x5a26, 0x6a86, 0x8348, 0x6286, 0x5a66, 0x5a66, 0x6286, 0x7ae6, 0x6286,
    0x6246, 0xaccf, 0xa4b0, 0x83ac, 0x7309, 0x7b6a, 0x83ab, 0x838a, 0x83ab, 0x8309, 0x9266, 0x9265,
    0x9ac6, 0x8204, 0x8225, 0x8ae8, 0x8b6c, 0x4a28, 0x428b, 0x3a6b, 0x29e8, 0x3187, 0xf6f8, 0xf736,
    0xf736, 0xf736, 0xf736, 0xf736, 0xf736, 0xf736, 0xf736, 0xf736, 0xf736, 0xf736, 0xf736, 0xf736,
    0xf736, 0xf736, 0xf736, 0xf736, 0xf736, 0xf736, 0xf736, 0xf736, 0xf736, 0xf736, 0xf736, 0xf736,
    0xf736, 0xf736, 0xf736, 0xf736, 0xf736, 0xf736, 0xf736, 0xf736, 0xf736, 0xf736, 0xf736, 0xf736,
    0xf736, 0xf736, 0xf736, 0xf736, 0xf736, 0xf736, 0xf736, 0xf736, 0xf736, 0xf736, 0xf736, 0xf736,
    0xf736, 0xf736, 0xf736, 0xf736, 0xf736, 0xf736, 0xf736, 0xf736, 0xff36, 0xf736, 0xf736, 0xf736,
    0xf736, 0xf736, 0xf736, 0xf736, 0xf736, 0xf736, 0xf736, 0xf736, 0xf736, 0xf736, 0xf736, 0xf736,
    0xf736, 0xf736, 0xf736, 0xf736, 0xf736, 0xf736, 0xf736, 0xf736, 0xf736, 0xf736, 0xff36, 0xf736,
    0xf736, 0xf736, 0xf736, 0xf736, 0xf736, 0xf736, 0xf736, 0xf736, 0xf736, 0xf736, 0xf736, 0xf736,
    0xff56, 0x41c5, 0x520a, 0x49c8, 0x41a8, 0x520a, 0x520a, 0x20e3, 0x18e3, 0x20e4, 0x20e4, 0x20e4,
    0x20e4, 0x20e4, 0x20e4, 0x20e4, 0x2103, 0x18e3, 0x20e3, 0x18c3, 0x18a2, 0x49c8, 0x51ea, 0x6268,
    0x5a85, 0x41e3, 0x39c3, 0x5aa5, 0x5286, 0x5ac6, 0x39e4, 0x4a86, 0x31e3, 0x31e5, 0x6267, 0x82c8,
    0x7aa7, 0x82e8, 0x5a67, 0x31c4, 0x31c4, 0x2983, 0x39a3, 0x5a46, 0x6aa7, 0x730a, 0x2985, 0x2164,
    0x29a4, 0x31e4, 0x3a24, 0x31c3, 0x39e2, 0x62c5, 0x4a44, 0x5aea, 0x4228, 0x736c, 0x31a5, 0x2985,
    0x29c5, 0x29c5, 0x3a27, 0x31a5, 0x2983, 0x4203, 0x72e6, 0x4223, 0x31e4, 0x3a25, 0x5aa7, 0x83ac,
    0x62a8, 0x5a06, 0x5a66, 0x52a6, 0x52a5, 0x4245, 0x4a67, 0x3a28, 0x21a6, 0x3a6b, 0x42ab, 0x324a,
    0x324b, 0x322a, 0x2a09, 0x1986, 0x1145, 0x1986, 0x1985, 0x31a5, 0x8b2a, 0x838c, 0x738c, 0x6b4b,
    0x8c2e, 0x83ed, 0x7bcc, 0x632b, 0x4aa9, 0x5aea, 0x5b0b, 0x72c9, 0x9aa7, 0xa2a7, 0x9a65, 0x9a86,
    0x8a24, 0x8a86, 0x6a46, 0x5a25, 0x72e7, 0x6a86, 0x8369, 0x7b48, 0x6aa6, 0x5a25, 0x72e7, 0x6a86,
    0x6287, 0x9c6e, 0xa4d0, 0x8bac, 0x7329, 0x7b6a, 0x7b4a, 0x838b, 0x838b, 0x92e8, 0x9a46, 0x9266,
    0x9ac6, 0x8204, 0x8224, 0x8a45, 0x7288, 0x4208, 0x324a, 0x1966, 0x29c8, 0x3186, 0xf6f8, 0xff36,
    0xf736, 0xf736, 0xf736, 0xf736, 0xf736, 0xf736, 0xf736, 0xf736, 0xf736, 0xf736, 0xf736, 0xf736,
    0xf736, 0xf736, 0xf736, 0xf736, 0xf736, 0xf736, 0xf736, 0xf736, 0xf736, 0xf736, 0xf736, 0xf736,
    0xf736, 0xf736, 0xf736, 0xf736, 0xf736, 0xf736, 0xf736, 0xf736, 0xf736, 0xf736, 0xf736, 0xf736,
    0xf736, 0xf736, 0xf736, 0xf736, 0xf736, 0xf736, 0xf736, 0xf736, 0xf736, 0xf736, 0xf736, 0xf736,
    0xf736, 0xf736, 0xf736, 0xf736, 0xff36, 0xf736, 0xf736, 0xf736, 0xf736, 0xf736, 0xf736, 0xf736,
    0xf736, 0xf736, 0xf736, 0xf736, 0xf736, 0xf736, 0xf736, 0xf736, 0xf736, 0xf736, 0xf736, 0xf736,
    0xf736, 0xf736, 0xf736, 0xf736, 0xf736, 0xf736, 0xf736, 0xf736, 0xf736, 0xf736, 0xf736, 0xf736,
    0xf736, 0xf736, 0xf736, 0xf736, 0xf736, 0xf736, 0xf736, 0xf736, 0xf736, 0xff36, 0xf736, 0xf736,
    0xff56, 0x5206, 0x51ea, 0x49e9, 0x18e3, 0x18e3, 0x20e3, 0x18e3, 0x20e3, 0x20e4, 0x20e4, 0x20e4,
    0x20e3, 0x20e4, 0x20e4, 0x20e4, 0x18e3, 0x2103, 0x3987, 0x3987, 0x1882, 0x41a8, 0x49a8, 0x5a47,
    0x4a03, 0x5285, 0x39c3, 0x4a25, 0x2963, 0x2983, 0x5ae7, 0x4225, 0x31a4, 0x39e5, 0x39c4, 0x6ac8,
    0x72e8, 0x8bcd, 0x7b8c, 0x4a26, 0x31e4, 0x31c4, 0x39e4, 0x4225, 0x4207, 0x39e7, 0x2164, 0x2164,
    0x1923, 0x1943, 0x3a05, 0x4203, 0x4a64, 0x4244, 0x3a25, 0x3a27, 0x52a9, 0x39e6, 0x31e6, 0x2184,
    0x21a5, 0x29a4, 0x29c6, 0x2984, 0x2143, 0x6ac6, 0x6263, 0x62a5, 0x5aa7, 0x62c8, 0x944f, 0x9c50,
    0x8bad, 0x6aa9, 0x730a, 0x62c8, 0x7368, 0x5ae7, 0x4245, 0x29e6, 0x1966, 0x3a8b, 0x3a8b, 0x3a6b,
    0x3a6b, 0x3a4b, 0x322a, 0x1986, 0x21a6, 0x1145, 0x1945, 0x41c6, 0x8ac8, 0x8b2a, 0x730b, 0x944f,
    0x83ed, 0x83ed, 0x7bcc, 0x73ad, 0x5b0b, 0x4269, 0x5aeb, 0x7aa9, 0x9a86, 0x9a86, 0x9a86, 0xa2c6,
    0x8a25, 0x9286, 0x9286, 0x82c7, 0x7b07, 0x72c6, 0x8368, 0x7b27, 0x7b28, 0x6aa6, 0x6aa7, 0x6245,
    0x6ac7, 0xa4af, 0x944e, 0x7b4a, 0x7b4a, 0x836a, 0x7b8a, 0x7b8b, 0x834a, 0x92a8, 0x9a66, 0x9a46,
    0x9aa6, 0x8a25, 0x81e4, 0x8204, 0x6a06, 0x4229, 0x3229, 0x1965, 0x2166, 0x31a7, 0xf719, 0xff36,
    0xf736, 0xf736, 0xf736, 0xf736, 0xf736, 0xf736, 0xf736, 0xf736, 0xf736, 0xf736, 0xf736, 0xf736,
    0xf736, 0xff36, 0xf736, 0xf736, 0xf736, 0xf736, 0xf736, 0xf736, 0xff36, 0xf736, 0xf736, 0xf736,
    0xf736, 0xf736, 0xf736, 0xf736, 0xf736, 0xf736, 0xf736, 0xf736, 0xf736, 0xf736, 0xf736, 0xf736,
    0xf736, 0xf736, 0xf736, 0xf736, 0xf736, 0xf736, 0xf736, 0xf736, 0xf736, 0xf736, 0xf736, 0xf736,
    0xf736, 0xf736, 0xf736, 0xf736, 0xf736, 0xf736, 0xf736, 0xf736, 0xf736, 0xf736, 0xf736, 0xf736,
    0xf736, 0xf736, 0xf736, 0xf736, 0xf736, 0xf736, 0xf736, 0xf736, 0xff36, 0xf736, 0xf736, 0xf736,
    0xf736, 0xf736, 0xf736, 0xf736, 0xf736, 0xf736, 0xf736, 0xff36, 0xf736, 0xf736, 0xf736, 0xf736,
    0xf736, 0xf736, 0xf736, 0xf736, 0xf736, 0xf736, 0xf736, 0xf736, 0xf736, 0xf736, 0xf736, 0xf736,
    0xff56, 0x49e5, 0x51ea, 0x520a, 0x20e4, 0x3146, 0x3166, 0x20e3, 0x2103, 0x2103, 0x2103, 0x20e4,
    0x20e4, 0x20e4, 0x20e4, 0x20e4, 0x2103, 0x20e4, 0x5a2b, 0x5a2b, 0x5209, 0x49e9, 0x3166, 0x5246,
    0x62e6, 0x5a85, 0x4a24, 0x3984, 0x2943, 0x3184, 0x4a46, 0x31a4, 0x29a4, 0x4226, 0x5288, 0x734b,
    0x83cd, 0x736d, 0x734c, 0x632b, 0x4a67, 0x31a4, 0x3a05, 0x2143, 0x3a06, 0x1944, 0x2164, 0x1923,
    0x2164, 0x2184, 0x29a4, 0x31a3, 0x5286, 0x4227, 0x4227, 0x2164, 0x4247, 0x3a06, 0x2184, 0x2184,
    0x2185, 0x2184, 0x2185, 0x2985, 0x2163, 0x5ac6, 0x4a23, 0x6ac7, 0x9c4f, 0xa470, 0xa470, 0x9c50,
    0x834b, 0x730a, 0x7b2b, 0x732b, 0x6ae9, 0x5aa7, 0x5287, 0x31e5, 0x3a07, 0x3a6b, 0x428c, 0x428c,
    0x324b, 0x2a2a, 0x2a09, 0x21c8, 0x19a6, 0x19a6, 0x1965, 0x51e6, 0x9286, 0x92c7, 0x82e9, 0x942e,
    0x7bed, 0x83cd, 0x7bac, 0x6b6c, 0x52ea, 0x52cb, 0x5aaa, 0x82a8, 0x9a86, 0x9aa6, 0x9a65, 0x9aa6,
    0x8a24, 0x9285, 0x92a6, 0x8b48, 0x7b07, 0x7b28, 0x8348, 0x7b07, 0x6aa6, 0x6266, 0x5205, 0x6287,
    0x838b, 0x83ac, 0x8bed, 0x732a, 0x7b6a, 0x7b6a, 0x7b8b, 0x7b8b, 0x8ac8, 0x9266, 0x9246, 0x9245,
    0x9a85, 0x8a24, 0x8204, 0x8204, 0x71e5, 0x5248, 0x29a6, 0x1104, 0x10e3, 0x3166, 0xf6f8, 0xf736,
    0xf736, 0xf736, 0xf736, 0xf736, 0xf736, 0xf736, 0xf736, 0xf736, 0xf736, 0xff36, 0xf736, 0xf736,
    0xf736, 0xff36, 0xf736, 0xf736, 0xf736, 0xf736, 0xf736, 0xf736, 0xf736, 0xf736, 0xf736, 0xf736,
    0xf736, 0xf736, 0xf736, 0xf736, 0xf736, 0xf736, 0xf736, 0xf736, 0xf736, 0xf736, 0xf736, 0xf736,
    0xf736, 0xf736, 0xf736, 0xf736, 0xf736, 0xf736, 0xf736, 0xf736, 0xf736, 0xf736, 0xf736, 0xf736,
    0xf736, 0xf736, 0xf736, 0xf736, 0xf736, 0xf736, 0xf736, 0xff36, 0xf736, 0xf736, 0xf736, 0xf736,
    0xf736, 0xf736, 0xf736, 0xf736, 0xf736, 0xf736, 0xf736, 0xf736, 0xf736, 0xf736, 0xf736, 0xf736,
    0xf736, 0xf736, 0xf736, 0xf736, 0xf736, 0xf736, 0xf736, 0xf736, 0xf736, 0xf736, 0xf736, 0xf736,
    0xf736, 0xf736, 0xff36, 0xf736, 0xf736, 0xf736, 0xf736, 0xf736, 0xf736, 0xf736, 0xf736, 0xf736,
    0xff56, 0x4a05, 0x49e9, 0x522a, 0x4188, 0x520b, 0x520a, 0x20e4, 0x20e4, 0x20e4, 0x20e4, 0x20e4,
    0x20e4, 0x20e4, 0x20e4, 0x20e4, 0x20e4, 0x20e4, 0x5a2b, 0x2905, 0x20e4, 0x41c8, 0x18c3, 0x5aa8,
    0x62a6, 0x5265, 0x5285, 0x732a, 0x3964, 0x5a88, 0x732b, 0x5288, 0x2964, 0x9cf1, 0x840e, 0x9cb0,
    0x8c4e, 0x7bad, 0x5aaa, 0x7bae, 0x7bed, 0x738b, 0x4a67, 0x2964, 0x2164, 0x2144, 0x2164, 0x2184,
    0x2184, 0x21a4, 0x2164, 0x2163, 0x4a69, 0x5acc, 0x3a27, 0x2164, 0x3a06, 0x2184, 0x31e5, 0x632b,
    0x31e6, 0x29a4, 0x2184, 0x2184, 0x2163, 0x4a66, 0x4225, 0xa48f, 0x93cd, 0xa470, 0xa490, 0xa450,
    0x7aea, 0x9c2f, 0x732b, 0x7b2b, 0x730b, 0x62a8, 0x5a86, 0x39e4, 0x5288, 0x426b, 0x3a6b, 0x3a8c,
    0x324b, 0x2a2a, 0x29e8, 0x2a09, 0x19a7, 0x19a6, 0x2985, 0x7267, 0x9286, 0x9266, 0x8287, 0x8c0d,
    0x7bed, 0x83ed, 0x83cc, 0x738c, 0x52ca, 0x52ea, 0x5a68, 0x8a87, 0x9266, 0x9286, 0x9265, 0x9aa6,
    0x8a24, 0x9265, 0x8aa6, 0x8b48, 0x8328, 0x8368, 0x7b07, 0x7b08, 0x72e6, 0x6266, 0x5a46, 0x5a45,
    0x8bed, 0x9c6f, 0x7309, 0x7b6b, 0x7b4b, 0x7b6b, 0x7bac, 0x736b, 0x832a, 0x9267, 0x9246, 0x9246,
    0x9ac6, 0x8a24, 0x8204, 0x8204, 0x79e5, 0x7a26, 0x6207, 0x2924, 0x1924, 0x3187, 0xf718, 0xf736,
    0xf736, 0xf736, 0xf736, 0xf736, 0xf736, 0xf736, 0xf736, 0xf736, 0xf736, 0xf716, 0xf736, 0xf716,
    0xf736, 0xff36, 0xf736, 0xf736, 0xf736, 0xf736, 0xf736, 0xf736, 0xf736, 0xf736, 0xf736, 0xf736,
    0xf736, 0xf736, 0xf736, 0xf736, 0xf736, 0xf736, 0xf736, 0xf736, 0xf736, 0xff36, 0xf736, 0xf736,
    0xf736, 0xf736, 0xf736, 0xf736, 0xf736, 0xf736, 0xf736, 0xf736, 0xf736, 0xf736, 0xf736, 0xf736,
    0xf736, 0xf736, 0xf736, 0xf736, 0xf736, 0xf736, 0xf736, 0xf736, 0xf736, 0xf736, 0xf736, 0xf736,
    0xf736, 0xf736, 0xf736, 0xf736, 0xf736, 0xf736, 0xf736, 0xf736, 0xf736, 0xf736, 0xf736, 0xf736,
    0xf736, 0xf736, 0xf736, 0xf736, 0xf736, 0xf736, 0xf736, 0xf736, 0xf736, 0xf736, 0xf736, 0xf736,
    0xf736, 0xf736, 0xf736, 0xf736, 0xf736, 0xf736, 0xf736, 0xf736, 0xf736, 0xf736, 0xff36, 0xf736,
    0xff56, 0x4a06, 0x20c4, 0x3967, 0x18c3, 0x3126, 0x5a2b, 0x20e4, 0x20e4, 0x20e4, 0x20e4, 0x20e4,
    0x20e4, 0x20e3, 0x20e3, 0x20e4, 0x2104, 0x20e4, 0x524b, 0x3987, 0x41a7, 0x20e4, 0x4a09, 0x6aea,
    0x734a, 0x39a5, 0x62c9, 0x732b, 0x6aa9, 0x734b, 0x83ce, 0x4a27, 0x632a, 0xa511, 0xa4f0, 0xa4d0,
    0xa4d0, 0x6b4b, 0x7bcd, 0x842d, 0x736a, 0x738c, 0x31c5, 0x29a5, 0x1943, 0x2164, 0x29a5, 0x2184,
    0x2184, 0x2164, 0x2163, 0x2984, 0x528b, 0x6b0d, 0x39e6, 0x1943, 0x2184, 0x21a5, 0x21a5, 0x29a5,
    0x2164, 0x2184, 0x2984, 0x2984, 0x2143, 0x31a4, 0x39c4, 0xa44f, 0x832b, 0xa44f, 0xa42f, 0x9c0e,
    0x836c, 0x7b4b, 0xa470, 0x834c, 0x72aa, 0x6aca, 0x39a3, 0x5ac6, 0x5aea, 0x3a6a, 0x29e8, 0x326b,
    0x3a4b, 0x322a, 0x21c8, 0x21e8, 0x19a7, 0x1986, 0x3185, 0x8246, 0x8a65, 0x8a66, 0x82a8, 0x83ed,
    0x7bcc, 0x83cd, 0x7bcc, 0x73ac, 0x52ca, 0x52ca, 0x6268, 0x8a87, 0x9266, 0x9266, 0x9245, 0x9aa6,
    0x8204, 0x9265, 0x8aa7, 0x6245, 0x72c7, 0x8349, 0x72e8, 0x72e8, 0x6ac7, 0x6aa7, 0x5a66, 0x5225,
    0x9c6f, 0x940d, 0x7b8c, 0x738c, 0x7b6b, 0x7b4b, 0x7b6b, 0x738c, 0x736c, 0x82c8, 0x9267, 0x8a46,
    0x9aa6, 0x8a45, 0x8204, 0x8a24, 0x79e4, 0x79e5, 0x71e5, 0x2924, 0x31e9, 0x4209, 0xf6f8, 0xf736,
    0xf736, 0xf736, 0xf736, 0xf736, 0xf736, 0xf716, 0xf716, 0xf736, 0xf716, 0xf716, 0xf736, 0xf716,
    0xf716, 0xff36, 0xf736, 0xf716, 0xf736, 0xf736, 0xf736, 0xff36, 0xf736, 0xff36, 0xf736, 0xf736,
    0xff36, 0xf736, 0xf736, 0xf736, 0xf736, 0xf716, 0xf736, 0xf736, 0xf736, 0xf736, 0xf736, 0xf736,
    0xf736, 0xf736, 0xf736, 0xf736, 0xf736, 0xf736, 0xff36, 0xf736, 0xf736, 0xf736, 0xf736, 0xf736,
    0xf736, 0xf736, 0xf736, 0xf736, 0xf736, 0xf736, 0xf736, 0xf736, 0xf736, 0xff36, 0xf736, 0xf736,
    0xff36, 0xf736, 0xf736, 0xf736, 0xf736, 0xf736, 0xf736, 0xf736, 0xf736, 0xf736, 0xf736, 0xf736,
    0xf736, 0xf736, 0xf736, 0xf736, 0xf736, 0xf736, 0xf716, 0xf736, 0xf716, 0xf736, 0xf736, 0xf736,
    0xf736, 0xf736, 0xf736, 0xf736, 0xff36, 0xf736, 0xf736, 0xff36, 0xf736, 0xff36, 0xf716, 0xf736,
    0xff56, 0x5206, 0x522a, 0x20e4, 0x49e9, 0x41c8, 0x522a, 0x20e4, 0x18e3, 0x20e4, 0x20e4, 0x20e4,
    0x20e3, 0x20e3, 0x20e4, 0x20e4, 0x2104, 0x2104, 0x5a6b, 0x2925, 0x4187, 0x2104, 0x3146, 0x730b,
    0x5a68, 0x41e7, 0x5acb, 0x5249, 0x6aa9, 0x5a68, 0x5288, 0x41e6, 0x946f, 0xa4d0, 0xa4b0, 0xa4af,
    0x8c4e, 0x948f, 0x94b0, 0x7bcb, 0x630a, 0x738d, 0x52c9, 0x2184, 0x2164, 0x2164, 0x2184, 0x2184,
    0x1923, 0x1944, 0x2164, 0x2164, 0x39e8, 0x528b, 0x2164, 0x2164, 0x2185, 0x29a5, 0x21a4, 0x2184,
    0x2164, 0x1944, 0x2184, 0x2184, 0x2164, 0x31a5, 0x62c9, 0x9c0e, 0x832b, 0x8b6b, 0x7ae9, 0x72a9,
    0x72c9, 0x72c9, 0x72ea, 0x72a9, 0x72a9, 0x6aa9, 0x7308, 0x5aa6, 0x3a28, 0x3a4a, 0x1986, 0x324a,
    0x324a, 0x322a, 0x19a7, 0x19c7, 0x19a7, 0x1986, 0x2985, 0x8266, 0x8a66, 0x8266, 0x8309, 0x83cc,
    0x7bcc, 0x7bcd, 0x7b8c, 0x738c, 0x52ea, 0x52ca, 0x6289, 0x8a87, 0x9265, 0x9265, 0x8a65, 0x9aa6,
    0x8204, 0x9265, 0x8ac6, 0x7b08, 0x6286, 0x7b28, 0x6286, 0x5a46, 0x5205, 0x5a26, 0x5a47, 0x5a88,
    0x944f, 0x7b4b, 0x738c, 0x73ad, 0x83ee, 0x7b4b, 0x730a, 0x738c, 0x6b6c, 0x836b, 0x8267, 0x8a46,
    0x9a86, 0x8a25, 0x8204, 0x8a04, 0x79c4, 0x79e4, 0x7206, 0x3186, 0x3a2a, 0x4a4a, 0xf719, 0xff36,
    0xf736, 0xf736, 0xf736, 0xf736, 0xf736, 0xf736, 0xf716, 0xf736, 0xf716, 0xf736, 0xf716, 0xf716,
    0xf736, 0xff36, 0xf716, 0xff36, 0xf736, 0xf736, 0xf736, 0xf736, 0xf736, 0xf736, 0xf736, 0xf736,
    0xf736, 0xf736, 0xf736, 0xf736, 0xf736, 0xf736, 0xf736, 0xf736, 0xf736, 0xf736, 0xf736, 0xf736,
    0xf736, 0xf736, 0xf736, 0xf736, 0xf736, 0xf736, 0xf736, 0xff36, 0xff36, 0xf736, 0xf736, 0xf736,
    0xf736, 0xf736, 0xf736, 0xf736, 0xf736, 0xf736, 0xf736, 0xf736, 0xf736, 0xf736, 0xff36, 0xff36,
    0xf716, 0xf736, 0xf736, 0xf736, 0xf736, 0xf736, 0xf736, 0xf736, 0xf736, 0xf736, 0xf736, 0xff36,
    0xf736, 0xf736, 0xf736, 0xf736, 0xf736, 0xf736, 0xf736, 0xf736, 0xf736, 0xf736, 0xf736, 0xf736,
    0xf736, 0xf736, 0xf736, 0xf736, 0xf736, 0xf736, 0xf736, 0xf736, 0xf736, 0xff36, 0xf736, 0xf736,
    0xff56, 0x6268, 0x2905, 0x20e4, 0x3967, 0x2905, 0x522a, 0x20e4, 0x18e3, 0x20e4, 0x20e4, 0x20e4,
    0x20e4, 0x20e4, 0x2104, 0x20e3, 0x2104, 0x20e4, 0x520a, 0x2905, 0x5a6a, 0x2124, 0x3125, 0x62aa,
    0x6b0b, 0x4208, 0x4a4a, 0x4208, 0x5a68, 0x5268, 0x39c5, 0x630a, 0x9cb0, 0xa4d0, 0xa4d0, 0x946e,
    0x9cb0, 0x9490, 0x840d, 0x8c4e, 0x738c, 0x6b4c, 0x5aeb, 0x2164, 0x2164, 0x2184, 0x21a4, 0x2184,
    0x1944, 0x2164, 0x2163, 0x1943, 0x29a5, 0x31c6, 0x1923, 0x2164, 0x2184, 0x21a4, 0x2184, 0x2184,
    0x2164, 0x1944, 0x2184, 0x2184, 0x2164, 0x29a5, 0x6b0c, 0x940f, 0x832b, 0x7aea, 0x7ac9, 0x72a9,
    0x72c9, 0x72a9, 0x7aea, 0x72a9, 0x6a68, 0x6aa9, 0x7b49, 0x5aa6, 0x31e7, 0x3a4a, 0x1146, 0x2a09,
    0x320a, 0x322a, 0x19a7, 0x2208, 0x19c7, 0x1186, 0x29a6, 0x7a46, 0x8a66, 0x8246, 0x832a, 0x7bac,
    0x7bcc, 0x7bac, 0x738b, 0x736b, 0x52c9, 0x52ca, 0x6288, 0x8266, 0x9265, 0x8a65, 0x8a66, 0x92a6,
    0x8224, 0x9265, 0x8ae7, 0x7b08, 0x6286, 0x72e7, 0x6aa6, 0x72e7, 0x5225, 0x5a46, 0x5a66, 0x944e,
    0x8bed, 0x7b6b, 0x738c, 0x7bed, 0xa4f1, 0x9c90, 0x7b4b, 0x7b8c, 0x6b6c, 0x7b8c, 0x82e9, 0x8226,
    0x8a66, 0x8204, 0x81e4, 0x81e4, 0x79c4, 0x79e4, 0x7206, 0x31a7, 0x3a2a, 0x422a, 0xf719, 0xff36,
    0xf736, 0xf736, 0xf716, 0xf736, 0xf716, 0xf716, 0xff36, 0xff36, 0xf716, 0xf736, 0xf716, 0xf716,
    0xf736, 0xf736, 0xf736, 0xf716, 0xf736, 0xf736, 0xf736, 0xf736, 0xf736, 0xf736, 0xf736, 0xf736,
    0xf736, 0xff36, 0xf736, 0xf736, 0xf736, 0xf736, 0xf736, 0xf736, 0xf736, 0xf736, 0xf736, 0xf736,
    0xf736, 0xf736, 0xf736, 0xf736, 0xf736, 0xff36, 0xff36, 0xff36, 0xf736, 0xff36, 0xf736, 0xf736,
    0xf736, 0xf736, 0xf736, 0xf736, 0xf736, 0xf736, 0xf736, 0xf736, 0xf736, 0xf736, 0xff36, 0xf736,
    0xf736, 0xf736, 0xf716, 0xf736, 0xf736, 0xf736, 0xf736, 0xf736, 0xf736, 0xf736, 0xf736, 0xf736,
    0xf736, 0xf736, 0xf736, 0xf736, 0xf736, 0xf736, 0xf736, 0xf736, 0xf736, 0xf736, 0xf736, 0xff36,
    0xf736, 0xf736, 0xf736, 0xf736, 0xf736, 0xf736, 0xf736, 0xf736, 0xf736, 0xff36, 0xf736, 0xf736,
    0xff56, 0x6268, 0x28e4, 0x2104, 0x49e9, 0x20c4, 0x520a, 0x20c4, 0x20e3, 0x2103, 0x2104, 0x20e4,
    0x20e4, 0x20e4, 0x2104, 0x20e4, 0x3145, 0x522a, 0x5a2a, 0x3967, 0x20c4, 0x4a09, 0x3966, 0x5249,
    0x5227, 0x5269, 0x528b, 0x4208, 0x5269, 0x5268, 0x4a05, 0x5a88, 0x83ee, 0x83cd, 0x9c90, 0x8c2e,
    0x9490, 0x946f, 0x83ac, 0x8c2d, 0x7bad, 0x6b4c, 0x52ca, 0x2164, 0x2144, 0x1964, 0x2184, 0x1943,
    0x2164, 0x2164, 0x2164, 0x2143, 0x3a26, 0x31e5, 0x1923, 0x1944, 0x2184, 0x21a4, 0x2184, 0x2164,
    0x1944, 0x2164, 0x2184, 0x2184, 0x2164, 0x31a6, 0x7b6d, 0x9c0f, 0x72ea, 0x72a9, 0x7ac9, 0x72a8,
    0x93ad, 0x72a9, 0x72a9, 0x6a87, 0x6267, 0x6ac9, 0x7329, 0x5285, 0x3a29, 0x3a4a, 0x0904, 0x21e8,
    0x21e9, 0x2a09, 0x1166, 0x19a7, 0x19c7, 0x1186, 0x2986, 0x82c8, 0x8246, 0x8246, 0x8b6b, 0x83ed,
    0x73ac, 0x738c, 0x736c, 0x738c, 0x52a9, 0x52a9, 0x6247, 0x8a46, 0x9265, 0x8a65, 0x9266, 0x92a6,
    0x8245, 0x9286, 0x7ac7, 0x72e7, 0x6246, 0x6aa6, 0x6aa7, 0x6aa6, 0x62a7, 0x5a45, 0x6287, 0x946f,
    0x6ac9, 0x6b6b, 0x736c, 0x9cb0, 0xa4d0, 0x9cb0, 0x7b4b, 0x7b4b, 0x736c, 0x6b6c, 0x7b6c, 0x8247,
    0x9286, 0x7a04, 0x79e4, 0x81e5, 0x79c4, 0x79e4, 0x6a06, 0x31c7, 0x3a2a, 0x4209, 0xf718, 0xff36,
    0xf736, 0xf736, 0xf736, 0xf736, 0xf736, 0xf716, 0xf716, 0xf716, 0xf736, 0xf716, 0xf736, 0xf736,
    0xf716, 0xff36, 0xf736, 0xf736, 0xf716, 0xf736, 0xf736, 0xf736, 0xf736, 0xf736, 0xf736, 0xf736,
    0xf736, 0xf736, 0xf736, 0xf736, 0xf736, 0xf736, 0xf736, 0xf736, 0xf736, 0xf736, 0xf736, 0xf736,
    0xf716, 0xf736, 0xf736, 0xf736, 0xf736, 0xff36, 0xff36, 0xf736, 0xf736, 0xf736, 0xf736, 0xf736,
    0xf736, 0xf736, 0xf736, 0xf736, 0xf736, 0xf736, 0xf736, 0xf736, 0xf736, 0xf736, 0xf736, 0xf736,
    0xf736, 0xf736, 0xf736, 0xf736, 0xf736, 0xf736, 0xf736, 0xf736, 0xf736, 0xf736, 0xf736, 0xff36,
    0xf736, 0xf736, 0xf736, 0xf736, 0xf736, 0xff36, 0xf736, 0xf736, 0xf736, 0xf736, 0xf736, 0xf736,
    0xf736, 0xf736, 0xf736, 0xf736, 0xf736, 0xf736, 0xf736, 0xf736, 0xf736, 0xf736, 0xf736, 0xf736,
    0xff56, 0x5a27, 0x28e4, 0x49e9, 0x20e4, 0x3146, 0x51e9, 0x520a, 0x20e4, 0x2104, 0x18e3, 0x2103,
    0x2104, 0x20e4, 0x20e4, 0x18e3, 0x2104, 0x4a09, 0x41a7, 0x2104, 0x4188, 0x3987, 0x5a4b, 0x5a49,
    0x8c0e, 0x6b2c, 0x49e8, 0x4a28, 0x5aa9, 0x5aa8, 0x62c7, 0x630a, 0x842e, 0x6b4b, 0x8c0e, 0x8c0d,
    0x7bac, 0x736c, 0x7b6a, 0x738a, 0x6b4b, 0x6b4b, 0x5aea, 0x2184, 0x1943, 0x2184, 0x2184, 0x2164,
    0x2164, 0x1943, 0x2184, 0x1943, 0x2184, 0x29a5, 0x2164, 0x2164, 0x2164, 0x2184, 0x2184, 0x1944,
    0x2144, 0x1944, 0x29a5, 0x2164, 0x2184, 0x39c6, 0x732c, 0x8bae, 0x6a88, 0x72c9, 0x7aa9, 0x72a9,
    0x7289, 0x7288, 0x6a87, 0x72a7, 0x6aa8, 0x72c9, 0x62a8, 0x31e4, 0x3a28, 0x3a6a, 0x1145, 0x21c8,
    0x320a, 0x324a, 0x1166, 0x19a7, 0x19a7, 0x1986, 0x21a6, 0x8b4b, 0x92e8, 0x92c8, 0x8ae9, 0x4227,
    0x3a27, 0x2185, 0x3a28, 0x3a29, 0x4249, 0x4248, 0x6a68, 0x8a67, 0x8a65, 0x8a66, 0x9286, 0x92a6,
    0x8224, 0x8265, 0x6a66, 0x6aa7, 0x6aa7, 0x6aa7, 0x6286, 0x6287, 0x5a66, 0x5225, 0x940e, 0x838c,
    0x732a, 0x6b4b, 0x8c2e, 0x946f, 0x946f, 0x8c2f, 0x730a, 0x7b4b, 0x7b8c, 0x736c, 0x736c, 0x72a8,
    0x8a66, 0x7a05, 0x71c4, 0x7a05, 0x79e5, 0x79e4, 0x7226, 0x4209, 0x3a6a, 0x4209, 0xf6f9, 0xf736,
    0xf736, 0xf736, 0xf736, 0xf736, 0xf736, 0xf736, 0xf736, 0xf716, 0xf736, 0xf736, 0xf736, 0xf736,
    0xf736, 0xf736, 0xf736, 0xf716, 0xf716, 0xf736, 0xf736, 0xf736, 0xf716, 0xf736, 0xf736, 0xf736,
    0xf716, 0xf736, 0xf716, 0xf736, 0xf736, 0xf736, 0xf736, 0xf736, 0xf736, 0xf736, 0xf736, 0xf716,
    0xf736, 0xf736, 0xf736, 0xf736, 0xf736, 0xf736, 0xff36, 0xf736, 0xf736, 0xf736, 0xf736, 0xf736,
    0xf736, 0xf736, 0xf736, 0xf736, 0xf736, 0xf736, 0xf736, 0xf736, 0xf736, 0xf736, 0xf736, 0xf736,
    0xf716, 0xf736, 0xf736, 0xf736, 0xf736, 0xf736, 0xf736, 0xf736, 0xf736, 0xf736, 0xff36, 0xf736,
    0xf736, 0xf736, 0xf736, 0xff36, 0xf736, 0xff36, 0xf736, 0xf736, 0xf736, 0xf736, 0xf736, 0xf736,
    0xf736, 0xf736, 0xf736, 0xf736, 0xf736, 0xf736, 0xff36, 0xf736, 0xff36, 0xf736, 0xf736, 0xf736,
    0xff56, 0x5a27, 0x4988, 0x3106, 0x49c8, 0x2904, 0x41a7, 0x4a09, 0x20e4, 0x2104, 0x20e4, 0x20e4,
    0x2103, 0x2103, 0x2103, 0x2103, 0x20e3, 0x2103, 0x2104, 0x3125, 0x28e4, 0x3987, 0x5a0b, 0x49c7,
    0x5267, 0x5247, 0x4a27, 0x4a47, 0x5287, 0x39c4, 0x31a4, 0x6b2b, 0x73ad, 0x738d, 0x5aca, 0x6b4b,
    0x83ee, 0x630a, 0x6b2a, 0x7bab, 0x6b6b, 0x6b6c, 0x52a9, 0x2164, 0x2164, 0x2164, 0x2184, 0x1943,
    0x1944, 0x1944, 0x2164, 0x2143, 0x29c5, 0x29a5, 0x1944, 0x2164, 0x2163, 0x21a4, 0x2164, 0x2164,
    0x2164, 0x1944, 0x2184, 0x2184, 0x2164, 0x39e6, 0x8c0f, 0x93ef, 0x6268, 0x6a88, 0x72a9, 0x7288,
    0x7288, 0x7288, 0x6a88, 0x6aa7, 0x6a67, 0x72ea, 0x6aea, 0x2984, 0x31c6, 0x3a4a, 0x1946, 0x29e8,
    0x3209, 0x322a, 0x1966, 0x1987, 0x19a7, 0x1966, 0x2985, 0x72a8, 0x9b8b, 0x936a, 0x934a, 0x5ac9,
    0x3a07, 0x29a6, 0x4269, 0x3a08, 0x4269, 0x4268, 0x6a68, 0x8a66, 0x8a66, 0x8a66, 0x9286, 0x8a86,
    0x7a25, 0x8266, 0x6a86, 0x6266, 0x6ac8, 0x6aa7, 0x6266, 0x5a25, 0x6266, 0x5a46, 0x836b, 0x6288,
    0x5268, 0x73ac, 0x9c8f, 0x9c8f, 0x946f, 0x9470, 0x7bad, 0x736c, 0x736b, 0x6b2b, 0x736c, 0x7b2a,
    0x8266, 0x7a05, 0x71e4, 0x79e4, 0x71e4, 0x7a05, 0x6a06, 0x4a4a, 0x3a4a, 0x4209, 0xf6f9, 0xf736,
    0xf736, 0xf736, 0xf736, 0xf716, 0xf736, 0xf736, 0xf736, 0xf716, 0xf736, 0xf716, 0xf736, 0xf736,
    0xf736, 0xff36, 0xf736, 0xff36, 0xf736, 0xf736, 0xf716, 0xf736, 0xf736, 0xf716, 0xf736, 0xf736,
    0xf716, 0xf736, 0xf736, 0xf736, 0xf736, 0xf736, 0xf736, 0xf736, 0xf736, 0xf736, 0xf736, 0xf736,
    0xf736, 0xf736, 0xf736, 0xf716, 0xf736, 0xf736, 0xff36, 0xf736, 0xf736, 0xf736, 0xf736, 0xf736,
    0xf736, 0xf736, 0xf736, 0xf736, 0xf736, 0xf736, 0xf736, 0xf736, 0xf736, 0xf736, 0xf736, 0xf736,
    0xf736, 0xf736, 0xf736, 0xf736, 0xf736, 0xf736, 0xf736, 0xf736, 0xf736, 0xf736, 0xf736, 0xf736,
    0xf736, 0xf736, 0xf716, 0xff36, 0xff36, 0xff36, 0xf736, 0xf736, 0xf736, 0xf736, 0xf736, 0xf736,
    0xf736, 0xf736, 0xf736, 0xf736, 0xf736, 0xf736, 0xff36, 0xf736, 0xf736, 0xf736, 0xf736, 0xf736,
    0xff56, 0x5226, 0x59ea, 0x28e5, 0x20a3, 0x20e4, 0x2103, 0x2103, 0x20e3, 0x20e4, 0x20e3, 0x20e4,
    0x2103, 0x2103, 0x2103, 0x18e3, 0x20e4, 0x20e4, 0x20e3, 0x20e4, 0x39a7, 0x522a, 0x51e9, 0x2923,
    0x736a, 0x4a26, 0x2984, 0x4205, 0x41e4, 0x4a66, 0x2984, 0x6b8b, 0x73ad, 0x6b4c, 0x52ca, 0x632b,
    0x630b, 0x630b, 0x630a, 0x6b2a, 0x6b2a, 0x632c, 0x632b, 0x2164, 0x2164, 0x2184, 0x2164, 0x1943,
    0x1943, 0x1943, 0x2164, 0x2163, 0x31c5, 0x2164, 0x1944, 0x2184, 0x2164, 0x2184, 0x2184, 0x2164,
    0x2164, 0x1944, 0x2985, 0x2164, 0x2164, 0x4207, 0x83ae, 0x834c, 0x5a67, 0x5206, 0x72a9, 0x72a8,
    0x7288, 0x7268, 0x7288, 0x5205, 0x6288, 0x72ca, 0x730a, 0x31c4, 0x52a8, 0x31e7, 0x1965, 0x21c7,
    0x29c8, 0x324a, 0x1966, 0x1986, 0x2186, 0x1945, 0x4a07, 0x82c8, 0x82c8, 0x82c8, 0x934a, 0x6b2b,
    0x4a89, 0x29a6, 0x4aca, 0x4269, 0x4249, 0x4249, 0x6a68, 0x8a66, 0x9286, 0x92c7, 0x8a86, 0x8a86,
    0x8225, 0x7a66, 0x6aa7, 0x6266, 0x6287, 0x6286, 0x5a46, 0x5205, 0x6266, 0x72e8, 0x7b09, 0x5206,
    0x5a88, 0x83ed, 0x944f, 0x944e, 0x8c4f, 0x8c2e, 0x840e, 0x734b, 0x734b, 0x6b4b, 0x6b4c, 0x734b,
    0x8267, 0x7a25, 0x71e4, 0x7a05, 0x71c4, 0x7a05, 0x61e6, 0x4a4a, 0x3a6a, 0x4209, 0xf6f8, 0xff36,
    0xf736, 0xf736, 0xf736, 0xf736, 0xf736, 0xf716, 0xf736, 0xf736, 0xf736, 0xf736, 0xf736, 0xf736,
    0xf736, 0xf736, 0xf736, 0xff36, 0xf736, 0xf736, 0xff36, 0xff36, 0xf736, 0xf736, 0xf736, 0xf736,
    0xf736, 0xf736, 0xf716, 0xf736, 0xf736, 0xf736, 0xf736, 0xf736, 0xf736, 0xf736, 0xf736, 0xf736,
    0xf736, 0xf736, 0xff36, 0xf736, 0xf736, 0xf736, 0xf736, 0xf736, 0xff36, 0xf736, 0xf736, 0xf736,
    0xf736, 0xf736, 0xf736, 0xf736, 0xf736, 0xf736, 0xff36, 0xf736, 0xf736, 0xf736, 0xf736, 0xf736,
    0xf736, 0xf736, 0xf736, 0xf736, 0xf736, 0xf736, 0xf736, 0xf736, 0xf736, 0xf736, 0xf736, 0xf736,
    0xf736, 0xf736, 0xf736, 0xff36, 0xf736, 0xf736, 0xf736, 0xf736, 0xff36, 0xf736, 0xf736, 0xf736,
    0xf736, 0xf736, 0xf736, 0xf736, 0xf716, 0xf736, 0xf736, 0xf736, 0xf736, 0xf736, 0xf736, 0xf736,
    0xff56, 0x4a05, 0x49c9, 0x49e9, 0x3146, 0x20e4, 0x20e3, 0x20e4, 0x18e4, 0x2103, 0x20e3, 0x20e4,
    0x20e4, 0x18e3, 0x18e3, 0x2104, 0x520a, 0x520a, 0x49e8, 0x18e3, 0x20e4, 0x5a2b, 0x520a, 0x39c5,
    0x39e4, 0x4a25, 0x4a26, 0x5aa9, 0x3183, 0x4225, 0x2984, 0x73ac, 0x948f, 0x842e, 0x7bcc, 0x840e,
    0x630b, 0x632c, 0x5aea, 0x5ac9, 0x946f, 0x632b, 0x6b4c, 0x2164, 0x2164, 0x2164, 0x1943, 0x2164,
    0x1943, 0x1943, 0x2164, 0x3a05, 0x3a26, 0x2164, 0x1944, 0x1943, 0x2164, 0x2164, 0x2164, 0x2164,
    0x2164, 0x2144, 0x2984, 0x2184, 0x1944, 0x4a69, 0x838d, 0x72ea, 0x6ae9, 0x5247, 0x72a9, 0x6aa9,
    0x6a88, 0x6a68, 0x6a89, 0x5a47, 0x6268, 0x6aa9, 0x6aca, 0x3a05, 0x4a46, 0x31c6, 0x1945, 0x1925,
    0x10e4, 0x1945, 0x1144, 0x1965, 0x1945, 0x2144, 0x6aa9, 0x82a8, 0x82a8, 0x82c8, 0x82c8, 0x734b,
    0x52a9, 0x29a6, 0x52ca, 0x4249, 0x3a49, 0x4248, 0x72a9, 0x8287, 0x8286, 0x8a86, 0x8266, 0x8aa7,
    0x7a45, 0x7286, 0x6aa7, 0x5a25, 0x6266, 0x6a86, 0x5205, 0x4a04, 0x6266, 0x8b8b, 0x6a87, 0x5226,
    0x5ac9, 0x8c2e, 0x944f, 0x8c4e, 0x8c2e, 0x83ed, 0x8c2f, 0x734b, 0x734b, 0x736c, 0x6b0a, 0x734b,
    0x7a87, 0x7a25, 0x69c4, 0x7204, 0x71c4, 0x79e4, 0x61c5, 0x4a29, 0x3a4a, 0x4209, 0xf6f9, 0xff36,
    0xf736, 0xf736, 0xf736, 0xf716, 0xf736, 0xf716, 0xf736, 0xf716, 0xf736, 0xf736, 0xf736, 0xf736,
    0xf736, 0xff36, 0xf736, 0xf736, 0xf716, 0xf736, 0xff36, 0xf736, 0xf716, 0xf736, 0xf716, 0xf736,
    0xf736, 0xf736, 0xf736, 0xf736, 0xf736, 0xf736, 0xf736, 0xf736, 0xf736, 0xf716, 0xf736, 0xf736,
    0xf716, 0xf736, 0xf736, 0xf716, 0xf736, 0xf736, 0xf736, 0xf736, 0xf736, 0xf736, 0xf736, 0xf736,
    0xf736, 0xf736, 0xf736, 0xf736, 0xf736, 0xf736, 0xf736, 0xf736, 0xf736, 0xf736, 0xf736, 0xf736,
    0xf736, 0xf736, 0xf736, 0xf736, 0xf736, 0xf736, 0xf736, 0xf736, 0xf736, 0xf736, 0xf716, 0xf736,
    0xf716, 0xff16, 0xf716, 0xff36, 0xff36, 0xff36, 0xf736, 0xf716, 0xff36, 0xf715, 0xf736, 0xf716,
    0xf736, 0xf736, 0xf736, 0xf736, 0xf736, 0xf736, 0xf736, 0xf736, 0xff36, 0xf736, 0xf736, 0xff36,
    0xff56, 0x49e5, 0x520a, 0x520a, 0x20e4, 0x2124, 0x49e9, 0x520a, 0x520a, 0x20e4, 0x20e3, 0x20e4,
    0x2103, 0x2103, 0x18e3, 0x20e4, 0x5a0b, 0x4187, 0x3987, 0x20e3, 0x520a, 0x5a2b, 0x520a, 0x39a5,
    0x5266, 0x4227, 0x630d, 0x424a, 0x3a07, 0x3a05, 0x2163, 0x73ad, 0x8c6f, 0x948f, 0x8c6e, 0x948f,
    0x83ed, 0x6b6c, 0x630b, 0x840e, 0x840c, 0x6b4a, 0x4206, 0x2164, 0x2164, 0x2164, 0x2164, 0x1944,
    0x1923, 0x2164, 0x2985, 0x29a5, 0x31e5, 0x2184, 0x2184, 0x2164, 0x2164, 0x2164, 0x2164, 0x1944,
    0x2164, 0x2144, 0x29a5, 0x2184, 0x2164, 0x734c, 0x732c, 0x6aa9, 0x5247, 0x7b2c, 0x93ce, 0x93ce,
    0x838d, 0x72ca, 0x72ca, 0x6268, 0x6268, 0x6a89, 0x5a89, 0x39c5, 0x5287, 0x39e6, 0x2186, 0x1986,
    0x1124, 0x29e8, 0x1966, 0x1965, 0x1945, 0x2145, 0x730a, 0x8b29, 0x8b29, 0x8ae9, 0x82c8, 0x6b2a,
    0x4a69, 0x39e7, 0x632b, 0x4a69, 0x3a29, 0x4228, 0x6a68, 0x8288, 0x82c8, 0x932a, 0x9309, 0x82a8,
    0x7226, 0x6a87, 0x6ac8, 0x5a26, 0x5a46, 0x6266, 0x49e4, 0x5226, 0x6287, 0x6a87, 0x6246, 0x5a46,
    0x5ac9, 0x8c2e, 0x944f, 0x944e, 0x8c2e, 0x83ad, 0x83ee, 0x734c, 0x734c, 0x736c, 0x630b, 0x6b2b,
    0x7aea, 0x7226, 0x61c4, 0x7205, 0x69e4, 0x71e4, 0x71e5, 0x59e6, 0x39e8, 0x4a29, 0xeef8, 0xff36,
    0xf736, 0xf736, 0xf736, 0xf736, 0xf716, 0xf736, 0xf716, 0xf736, 0xf736, 0xf736, 0xf736, 0xf736,
    0xf736, 0xff36, 0xf716, 0xf736, 0xf736, 0xf716, 0xf736, 0xf736, 0xf736, 0xf736, 0xff36, 0xf736,
    0xf736, 0xf716, 0xf736, 0xf736, 0xf736, 0xf736, 0xf736, 0xf736, 0xf736, 0xf736, 0xf736, 0xf736,
    0xf716, 0xf736, 0xf736, 0xf716, 0xf716, 0xf736, 0xf736, 0xf736, 0xf736, 0xf716, 0xf736, 0xf736,
    0xf736, 0xf736, 0xf736, 0xf736, 0xf736, 0xf736, 0xf736, 0xf736, 0xf736, 0xf736, 0xf736, 0xf736,
    0xf736, 0xf736, 0xf736, 0xf736, 0xf736, 0xf736, 0xff36, 0xf736, 0xf716, 0xf736, 0xf716, 0xf716,
    0xf715, 0xf715, 0xf716, 0xf715, 0xf715, 0xf715, 0xf715, 0xf715, 0xf736, 0xf715, 0xf716, 0xf716,
    0xf736, 0xf716, 0xff36, 0xf736, 0xf736, 0xf736, 0xf736, 0xf736, 0xff36, 0xf736, 0xf736, 0xff36,
    0xff56, 0x5206, 0x520a, 0x5a0b, 0x5209, 0x2104, 0x3966, 0x49c9, 0x5a0b, 0x20e4, 0x18e3, 0x20e4,
    0x20e3, 0x2103, 0x2104, 0x20e4, 0x49e9, 0x520a, 0x2905, 0x3966, 0x49e9, 0x5a6b, 0x5a2a, 0x41c5,
    0x6b29, 0x3185, 0x528c, 0x4a6b, 0x3a08, 0x4206, 0x2984, 0x6b6c, 0x840d, 0x948f, 0x8c4e, 0x8c4f,
    0x8c6f, 0x840e, 0x5aca, 0x7bed, 0x736b, 0x6b4b, 0x2964, 0x2144, 0x1103, 0x2164, 0x1943, 0x2164,
    0x1923, 0x1923, 0x3184, 0x31a4, 0x29c5, 0x2164, 0x2185, 0x1924, 0x2164, 0x2163, 0x2164, 0x1944,
    0x2164, 0x2144, 0x29a5, 0x2163, 0x2164, 0x8bce, 0x72eb, 0x6ac9, 0x62a8, 0x93ee, 0x8b8e, 0x93ee,
    0x8bcd, 0x8bad, 0x72aa, 0x72aa, 0x6228, 0x6268, 0x2984, 0x2984, 0x39e5, 0x39e5, 0x3a08, 0x1986,
    0x1145, 0x3a4a, 0x21a7, 0x1966, 0x1965, 0x2144, 0x6206, 0x6a06, 0x7a67, 0x8b2a, 0x8b4a, 0x6b4b,
    0x4a48, 0x31e7, 0x634c, 0x4a89, 0x3a49, 0x3a28, 0x6a47, 0x7a67, 0x82a8, 0x8287, 0x8287, 0x7a87,
    0x7ac8, 0x6a86, 0x6ac8, 0x5225, 0x5a25, 0x6a86, 0x49e4, 0x5a46, 0x5a46, 0x6286, 0x5a46, 0x5246,
    0x6b4b, 0x840e, 0x944f, 0x8c0e, 0x83ed, 0x7bac, 0x7bac, 0x6b0a, 0x6aea, 0x734b, 0x630b, 0x6b0b,
    0x730a, 0x7226, 0x69c5, 0x69c4, 0x7205, 0x71e5, 0x71e5, 0x71e5, 0x49e7, 0x3187, 0xeef8, 0xff36,
    0xf736, 0xf736, 0xf736, 0xf736, 0xf736, 0xf736, 0xf736, 0xf736, 0xf736, 0xf736, 0xff56, 0xf736,
    0xf736, 0xf736, 0xf736, 0xf736, 0xf736, 0xf736, 0xf736, 0xf736, 0xf736, 0xf736, 0xf736, 0xf736,
    0xf736, 0xf736, 0xf736, 0xf736, 0xf736, 0xf736, 0xf736, 0xf736, 0xf716, 0xf736, 0xf736, 0xf736,
    0xf716, 0xf736, 0xf736, 0xf716, 0xff36, 0xf736, 0xf736, 0xf736, 0xff36, 0xf736, 0xf736, 0xf736,
    0xf736, 0xf736, 0xf736, 0xf736, 0xf736, 0xf736, 0xf736, 0xf736, 0xf736, 0xf736, 0xf736, 0xf736,
    0xf736, 0xf736, 0xf736, 0xf736, 0xff36, 0xf736, 0xf716, 0xf715, 0xf716, 0xf715, 0xf715, 0xf716,
    0xf715, 0xf715, 0xf715, 0xf715, 0xf715, 0xf715, 0xf715, 0xf736, 0xf716, 0xf715, 0xf716, 0xf715,
    0xf715, 0xf735, 0xf736, 0xf736, 0xf736, 0xff36, 0xff56, 0xf736, 0xf736, 0xf756, 0xf736, 0xf736,
    0xff56, 0x5206, 0x5a0a, 0x49c9, 0x49c9, 0x3126, 0x2905, 0x5a0a, 0x51ea, 0x2104, 0x2103, 0x20e4,
    0x2103, 0x2103, 0x18e3, 0x18e3, 0x20e4, 0x51e9, 0x520a, 0x41a8, 0x20e3, 0x20a3, 0x51e9, 0x5247,
    0x5286, 0x31c5, 0x3a27, 0x4227, 0x31c5, 0x31e5, 0x39c4, 0x7bac, 0x7bac, 0x842d, 0x83ed, 0x83ed,
    0x840d, 0x73ac, 0x5aca, 0x7c0d, 0x6b4a, 0x630a, 0x2123, 0x1903, 0x1103, 0x1123, 0x1943, 0x1944,
    0x1963, 0x1923, 0x3184, 0x31a5, 0x2184, 0x1944, 0x2164, 0x1944, 0x2164, 0x2163, 0x2163, 0x2164,
    0x2164, 0x1944, 0x2184, 0x2163, 0x2164, 0x72eb, 0x6aca, 0x6ac9, 0x93ee, 0x8bce, 0x8b8e, 0x8bad,
    0x8bcd, 0x8b8c, 0x72ea, 0x7289, 0x6a68, 0x3984, 0x31a5, 0x29a4, 0x4205, 0x5a89, 0x3a29, 0x21c7,
    0x1965, 0x3a49, 0x21a7, 0x1987, 0x1965, 0x2944, 0x7247, 0x7a06, 0x7205, 0x7206, 0x6a06, 0x62ea,
    0x3a28, 0x3a07, 0x5aea, 0x52a9, 0x3a28, 0x3a08, 0x6a47, 0x7a67, 0x7a67, 0x7a67, 0x7a66, 0x7a67,
    0x7266, 0x6a66, 0x6aa7, 0x5225, 0x5a25, 0x6266, 0x51e4, 0x5225, 0x5225, 0x6286, 0x5a46, 0x5247,
    0x7b8c, 0x83ee, 0x944f, 0x8c2e, 0x83ed, 0x83ad, 0x7bcd, 0x734b, 0x6aca, 0x6b2b, 0x6b2b, 0x6b0a,
    0x6b0a, 0x6a26, 0x69c5, 0x69c4, 0x7246, 0x7a47, 0x7226, 0x7226, 0x6248, 0x41e8, 0xf6f8, 0xff36,
    0xf736, 0xf736, 0xf736, 0xf716, 0xf736, 0xf736, 0xf736, 0xf736, 0xf736, 0xf736, 0xf736, 0xf736,
    0xf736, 0xf736, 0xf736, 0xf736, 0xf736, 0xf736, 0xf736, 0xf736, 0xf736, 0xf736, 0xf736, 0xf736,
    0xf736, 0xff36, 0xf736, 0xf736, 0xf736, 0xf736, 0xf736, 0xf736, 0xf736, 0xf736, 0xf736, 0xf736,
    0xf736, 0xf736, 0xf736, 0xf736, 0xf736, 0xf736, 0xff36, 0xff36, 0xf736, 0xf736, 0xf716, 0xf716,
    0xf736, 0xf736, 0xf736, 0xf736, 0xf736, 0xf736, 0xf736, 0xf736, 0xf736, 0xf736, 0xf736, 0xf736,
    0xf736, 0xf736, 0xf736, 0xff36, 0xff36, 0xff36, 0xf715, 0xf716, 0xf715, 0xf716, 0xf715, 0xf6f5,
    0xf6f5, 0xf6f5, 0xeed5, 0xf6f5, 0xeef5, 0xf6f5, 0xf6f5, 0xf6f5, 0xf6f5, 0xf715, 0xf6f5, 0xf715,
    0xf736, 0xf715, 0xff36, 0xf715, 0xf736, 0xf736, 0xf736, 0xf736, 0xf736, 0xf736, 0xf736, 0xf736,
    0xff56, 0x5226, 0x520a, 0x20c4, 0x20e3, 0x4988, 0x59ea, 0x51ea, 0x20e4, 0x2103, 0x20e3, 0x20e4,
    0x2103, 0x2104, 0x2103, 0x18e3, 0x3987, 0x51c9, 0x51ea, 0x51ea, 0x3166, 0x49e9, 0x5a2b, 0x5268,
    0x39e4, 0x4a66, 0x39e4, 0x3a05, 0x39e5, 0x31c4, 0x4a46, 0x732b, 0x630a, 0x840d, 0x7bcd, 0x840d,
    0x83cd, 0x738c, 0x5aea, 0x7bcc, 0x630a, 0x5aca, 0x1903, 0x1924, 0x1904, 0x1103, 0x2164, 0x1943,
    0x1943, 0x1923, 0x2984, 0x39e5, 0x4a06, 0x2143, 0x2164, 0x1944, 0x2185, 0x2164, 0x2164, 0x2144,
    0x2164, 0x1944, 0x2184, 0x2164, 0x2163, 0x730a, 0x6ac9, 0x732b, 0x8bee, 0x836c, 0x8bce, 0x6aa9,
    0x8bce, 0x8bad, 0x7b2b, 0x72aa, 0x6269, 0x49e6, 0x4a46, 0x4226, 0x4a05, 0x5268, 0x3a29, 0x21a7,
    0x1965, 0x3a49, 0x3a29, 0x2a09, 0x1966, 0x3164, 0x7a47, 0x8226, 0x8a47, 0x8246, 0x7a67, 0x62ea,
    0x4aca, 0x3a08, 0x6b4c, 0x52a9, 0x3a08, 0x3a07, 0x7b0a, 0x82c9, 0x7a67, 0x7a47, 0x7a67, 0x7247,
    0x6a46, 0x6a86, 0x6266, 0x5225, 0x5a25, 0x5a45, 0x49e4, 0x5205, 0x5225, 0x6286, 0x5a66, 0x62a8,
    0x7bcd, 0x840e, 0x8c0e, 0x8c0e, 0x840e, 0x7b8c, 0x83cd, 0x734c, 0x6aea, 0x736c, 0x6b2b, 0x630a,
    0x62ca, 0x6a88, 0x61c5, 0x61c5, 0x61c5, 0x61a5, 0x61c5, 0x61c5, 0x59e7, 0x4a09, 0xf6f8, 0xff36,
    0xf736, 0xf736, 0xf736, 0xf736, 0xf736, 0xf736, 0xf736, 0xf736, 0xf736, 0xf736, 0xf736, 0xf736,
    0xf736, 0xf736, 0xff36, 0xf736, 0xf736, 0xff36, 0xf736, 0xff36, 0xf736, 0xf736, 0xf736, 0xf736,
    0xf736, 0xf736, 0xf736, 0xf736, 0xf736, 0xf736, 0xf736, 0xf736, 0xf736, 0xf736, 0xf736, 0xf736,
    0xf736, 0xf736, 0xf736, 0xf736, 0xf736, 0xff36, 0xf736, 0xf736, 0xf736, 0xf716, 0xf736, 0xf736,
    0xf736, 0xf736, 0xf736, 0xf736, 0xf736, 0xf736, 0xf736, 0xf736, 0xf736, 0xf736, 0xf736, 0xf736,
    0xf736, 0xf736, 0xff36, 0xf716, 0xff36, 0xf716, 0xf716, 0xf715, 0xf6f5, 0xf6f5, 0xeef5, 0xeed5,
    0xeed4, 0xeed5, 0xeed5, 0xeed5, 0xeeb4, 0xeeb4, 0xeed5, 0xeed5, 0xeed5, 0xeed5, 0xeef5, 0xf6f5,
    0xf715, 0xf715, 0xf715, 0xff36, 0xff36, 0xf736, 0xff36, 0xff36, 0xf736, 0xf736, 0xf736, 0xf736,
    0xff56, 0x5226, 0x51c9, 0x3125, 0x3987, 0x51c9, 0x51ea, 0x51ea, 0x3987, 0x20e3, 0x18e3, 0x20e4,
    0x2103, 0x2103, 0x18e3, 0x20e4, 0x5a0a, 0x3105, 0x2904, 0x2104, 0x520a, 0x5a2b, 0x49c9, 0x39a6,
    0x39c4, 0x5aa6, 0x39e4, 0x4226, 0x4a26, 0x6b6b, 0x734b, 0x6b0a, 0x8c0e, 0x83ed, 0x7bac, 0x7bac,
    0x7bcd, 0x736c, 0x7bcd, 0x738c, 0x62eb, 0x5289, 0x2124, 0x18e3, 0x1924, 0x1103, 0x1923, 0x1943,
    0x1943, 0x1923, 0x39e6, 0x5a67, 0x5a26, 0x2944, 0x2164, 0x1944, 0x2985, 0x2164, 0x2164, 0x2144,
    0x2144, 0x2144, 0x2164, 0x2144, 0x2964, 0x7b0b, 0x6288, 0x734c, 0x8bad, 0x6248, 0x6aaa, 0x6a69,
    0x8bce, 0x7b0b, 0x7b0b, 0x6a89, 0x6268, 0x6289, 0x4a66, 0x31c4, 0x41a5, 0x5228, 0x31e8, 0x1965,
    0x1965, 0x4269, 0x29e8, 0x21a7, 0x1986, 0x3964, 0x7a26, 0x7a05, 0x7a05, 0x8246, 0x7a67, 0x630a,
    0x4249, 0x3a07, 0x632a, 0x5aeb, 0x3a28, 0x4207, 0x59e6, 0x7288, 0x7aa8, 0x7ac9, 0x832a, 0x8b4a,
    0x8309, 0x6aa7, 0x6aa7, 0x5205, 0x5225, 0x6265, 0x51e4, 0x49e5, 0x5205, 0x5a66, 0x5a46, 0x6ae9,
    0x8c0e, 0x8c0e, 0x8c0e, 0x840e, 0x840e, 0x7bad, 0x83cd, 0x6b2b, 0x6b0a, 0x734b, 0x6b4b, 0x62ea,
    0x62ea, 0x730a, 0x59c5, 0x61c5, 0x61c5, 0x61c5, 0x61e5, 0x61c5, 0x59e6, 0x4a08, 0xf6d8, 0xff36,
    0xf736, 0xf736, 0xf736, 0xf736, 0xf717, 0xeeb6, 0xeed6, 0xeeb6, 0xeeb6, 0xeeb6, 0xeeb6, 0xeeb6,
    0xeed6, 0xf6d6, 0xeeb6, 0xeeb6, 0xeeb6, 0xeeb6, 0xeeb6, 0xeeb6, 0xeeb6, 0xeeb6, 0xeeb6, 0xeeb6,
    0xeed6, 0xeed6, 0xeed6, 0xeed6, 0xeed6, 0xeeb6, 0xeed6, 0xeed6, 0xeed7, 0xeed7, 0xf736, 0xff36,
    0xf736, 0xf736, 0xf736, 0xf736, 0xf736, 0xf736, 0xf736, 0xf736, 0xf736, 0xf736, 0xf736, 0xf736,
    0xf736, 0xf736, 0xf716, 0xf736, 0xf736, 0xf736, 0xf736, 0xf736, 0xf736, 0xf736, 0xf736, 0xf736,
    0xf736, 0xf716, 0xff36, 0xf716, 0xff36, 0xf715, 0xf715, 0xf6f5, 0xeef5, 0xeed4, 0xeeb4, 0xe694,
    0xde75, 0xd655, 0xcdf5, 0xd677, 0xd657, 0xce15, 0xb572, 0xc5b2, 0xde95, 0xe6b5, 0xeeb4, 0xeed5,
    0xeef5, 0xeef5, 0xf6f5, 0xf715, 0xf715, 0xff36, 0xff36, 0xff36, 0xf736, 0xf736, 0xf736, 0xf736,
    0xff56, 0x5206, 0x51ea, 0x51ea, 0x520a, 0x2103, 0x2905, 0x3967, 0x59ea, 0x2104, 0x18e3, 0x20e4,
    0x20e4, 0x2103, 0x18e3, 0x20e3, 0x5a0a, 0x5a0a, 0x522a, 0x2103, 0x28e4, 0x5a0b, 0x520a, 0x39a5,
    0x31a4, 0x4205, 0x5266, 0x29a4, 0x4206, 0x7b8c, 0x6b0a, 0x736b, 0x840d, 0x840d, 0x83cc, 0x7b8c,
    0x736c, 0x6b4b, 0x7b6b, 0x732b, 0x5aca, 0x5289, 0x2124, 0x1903, 0x18e3, 0x1924, 0x1924, 0x1923,
    0x1123, 0x1943, 0x2984, 0x5a46, 0x5206, 0x3184, 0x2964, 0x2144, 0x2144, 0x2164, 0x1943, 0x1943,
    0x2164, 0x31a5, 0x4a06, 0x2964, 0x3185, 0x6aa9, 0x5a47, 0x8bce, 0x8bad, 0x72aa, 0x8b8d, 0x72ca,
    0x8bce, 0x8b8d, 0x72ca, 0x5a28, 0x6269, 0x5a28, 0x39c5, 0x31c5, 0x5206, 0x4a28, 0x29c7, 0x1965,
    0x2165, 0x4a69, 0x2a08, 0x19a7, 0x1986, 0x41a5, 0x7a26, 0x7a05, 0x7a25, 0x7a26, 0x7a47, 0x62ea,
    0x3a28, 0x3a08, 0x6b2b, 0x4268, 0x3a28, 0x4a07, 0x7247, 0x7226, 0x61c5, 0x61c6, 0x6227, 0x6a68,
    0x6a67, 0x6286, 0x6aa7, 0x5a05, 0x5a25, 0x5a45, 0x5205, 0x5225, 0x5225, 0x5a46, 0x5a46, 0x6ae9,
    0x83ee, 0x83cd, 0x83ee, 0x840e, 0x83ed, 0x7b8c, 0x7bad, 0x6b0b, 0x6aea, 0x6b0b, 0x6b4b, 0x62ea,
    0x5aca, 0x6aea, 0x6206, 0x61c5, 0x61e5, 0x69e5, 0x61c5, 0x61c5, 0x59e6, 0x4a09, 0xf6f8, 0xff36,
    0xf736, 0xff36, 0xff36, 0xff36, 0x940c, 0xff37, 0xf716, 0xf716, 0xf6f6, 0xf6f6, 0xf6f6, 0xf6f6,
    0xf6f6, 0xf6f6, 0xf716, 0xf717, 0xf717, 0xf716, 0xf716, 0xf716, 0xf716, 0xf6f6, 0xf716, 0xf716,
    0xf716, 0xf717, 0xff16, 0xf716, 0xf716, 0xf6f6, 0xf716, 0xf716, 0xf716, 0xff38, 0xff58, 0xf736,
    0xf736, 0xf736, 0xf736, 0xff36, 0xf736, 0xf736, 0xf736, 0xf736, 0xf736, 0xf736, 0xf736, 0xf716,
    0xf736, 0xf736, 0xf736, 0xf736, 0xff36, 0xf736, 0xf736, 0xf736, 0xf736, 0xf736, 0xff36, 0xff36,
    0xff36, 0xf736, 0xff36, 0xf715, 0xf6f5, 0xf6f5, 0xf6f5, 0xeed4, 0xeeb4, 0xe6b5, 0xc5d3, 0xbdd5,
    0xded9, 0xdeb9, 0xad53, 0x840e, 0x738c, 0x8c70, 0xc616, 0xded9, 0xef1a, 0xd697, 0xc5b3, 0xe6b5,
    0xeeb4, 0xeed4, 0xeef5, 0xeef5, 0xf715, 0xf715, 0xff35, 0xff36, 0xff36, 0xf736, 0xf736, 0xf736,
    0xff56, 0x5226, 0x51c9, 0x51ca, 0x20e4, 0x2104, 0x62ac, 0x5a0a, 0x51ea, 0x2104, 0x18e3, 0x2104,
    0x2103, 0x20e4, 0x2103, 0x18e3, 0x20c4, 0x2905, 0x2104, 0x2104, 0x2104, 0x520a, 0x49e9, 0x41c6,
    0x5267, 0x2984, 0x39e5, 0x39c4, 0x62ea, 0x7bad, 0x62c9, 0x8c0d, 0x83ed, 0x83ed, 0x83cd, 0x7bad,
    0x6b6c, 0x6b4b, 0x836b, 0x6aca, 0x5aeb, 0x52aa, 0x2144, 0x10e3, 0x18e3, 0x1904, 0x1904, 0x1904,
    0x1924, 0x1923, 0x31a5, 0x5245, 0x49e5, 0x39a4, 0x2143, 0x2144, 0x2144, 0x2184, 0x2163, 0x2164,
    0x2164, 0x4206, 0x5a27, 0x5a27, 0x49e6, 0x5a27, 0x5a47, 0x7b6c, 0x838d, 0x72eb, 0x836d, 0x72ca,
    0x834c, 0x72eb, 0x6a89, 0x5a28, 0x6268, 0x5a48, 0x4a07, 0x39c5, 0x5a06, 0x4208, 0x1966, 0x1986,
    0x2144, 0x4a08, 0x29e8, 0x19a7, 0x1965, 0x51c6, 0x7a05, 0x7a25, 0x7a25, 0x7a25, 0x7a47, 0x62ca,
    0x3a08, 0x39e7, 0x6b0a, 0x4228, 0x3a08, 0x49e6, 0x8246, 0x8226, 0x7a26, 0x7a46, 0x7a47, 0x7227,
    0x6a46, 0x6266, 0x6287, 0x5205, 0x5a46, 0x5a45, 0x5205, 0x5225, 0x5204, 0x5205, 0x5a46, 0x730a,
    0x8c0e, 0x83ee, 0x83ee, 0x840e, 0x83ee, 0x7b8d, 0x7b8c, 0x6b2b, 0x6b0a, 0x62ea, 0x734b, 0x630a,
    0x62ca, 0x62ea, 0x6a88, 0x6a67, 0x6a47, 0x6a47, 0x6a47, 0x6a47, 0x6227, 0x5208, 0xf6f8, 0xff36,
    0xf736, 0xf736, 0xff36, 0xf736, 0x940c, 0xff57, 0xf736, 0xff56, 0xff35, 0xff36, 0xff36, 0xff56,
    0xff36, 0xf716, 0xff36, 0xff57, 0xf757, 0xff57, 0xf736, 0xff56, 0xf736, 0xff56, 0xff56, 0xff57,
    0xff77, 0xff57, 0xff77, 0xff36, 0xff56, 0xff56, 0xff56, 0xff56, 0xff36, 0xff57, 0xff58, 0xff36,
    0xf736, 0xff36, 0xf736, 0xf736, 0xf736, 0xff36, 0xf716, 0xf736, 0xf736, 0xf736, 0xf736, 0xf716,
    0xf736, 0xf736, 0xf736, 0xf736, 0xf736, 0xf736, 0xf736, 0xf736, 0xf736, 0xf736, 0xf736, 0xff36,
    0xf715, 0xff36, 0xf716, 0xf716, 0xf715, 0xeef5, 0xeed5, 0xe694, 0xd614, 0xb573, 0xbdd5, 0x7bcd,
    0x52a9, 0x39e7, 0x39c6, 0x31a5, 0x2965, 0x2965, 0x4207, 0x5288, 0x6b2c, 0x840e, 0xc5f6, 0xef1a,
    0xd615, 0xe6b5, 0xeed5, 0xeef5, 0xeef5, 0xf715, 0xf715, 0xf715, 0xf736, 0xff36, 0xff36, 0xff36,
    0xff56, 0x5226, 0x51e9, 0x520a, 0x20e3, 0x20e3, 0x2103, 0x2905, 0x20e4, 0x18e3, 0x20e4, 0x20e4,
    0x20e4, 0x20e4, 0x20e3, 0x20e4, 0x18e3, 0x2104, 0x2104, 0x3145, 0x5a8b, 0x5209, 0x51e9, 0x5207,
    0x39c4, 0x3164, 0x5a87, 0x39e5, 0x62e9, 0x83ab, 0x6b09, 0x83ed, 0x83cd, 0x7bcc, 0x7bcd, 0x7bad,
    0x630b, 0x730a, 0x7b09, 0x5a89, 0x5aeb, 0x5aea, 0x2985, 0x18e3, 0x18e3, 0x2124, 0x1104, 0x1103,
    0x1904, 0x1923, 0x31a4, 0x4204, 0x4205, 0x31a4, 0x2163, 0x2164, 0x1944, 0x2164, 0x2164, 0x2184,
    0x2164, 0x5206, 0x5a06, 0x5a26, 0x5a27, 0x49c5, 0x5a68, 0x730b, 0x93ce, 0x834c, 0x8bad, 0x8bae,
    0x7b0b, 0x6289, 0x6a69, 0x6aca, 0x5a48, 0x5a68, 0x5247, 0x49c5, 0x5a07, 0x39e8, 0x29c8, 0x1945,
    0x3185, 0x41e7, 0x29a8, 0x1966, 0x2166, 0x59c6, 0x7a05, 0x7a05, 0x7a05, 0x7a26, 0x7a46, 0x62ca,
    0x3a08, 0x39e7, 0x5a89, 0x3a07, 0x3a08, 0x5207, 0x8226, 0x8246, 0x8226, 0x7a25, 0x7a26, 0x7a26,
    0x6a46, 0x5a45, 0x6aa7, 0x5205, 0x5a45, 0x5a66, 0x5205, 0x5225, 0x49e4, 0x49e5, 0x5a66, 0x734a,
    0x83ee, 0x83cd, 0x83cd, 0x83ed, 0x7bce, 0x7b6c, 0x7b4c, 0x6b4b, 0x6b2b, 0x62ca, 0x6b0b, 0x630a,
    0x62ea, 0x5aca, 0x62ca, 0x51a5, 0x59a4, 0x51a5, 0x5184, 0x5184, 0x59a5, 0x59e8, 0xf6f8, 0xff36,
    0xf736, 0xf736, 0xff36, 0xff36, 0x8beb, 0xf736, 0xf736, 0x1020, 0x1040, 0x0820, 0x0820, 0x1040,
    0xf737, 0xff36, 0xf737, 0x1880, 0xf738, 0xb531, 0xf738, 0xf716, 0x83cc, 0xff58, 0xbd51, 0x1040,
    0xffba, 0x1060, 0x20a0, 0x1040, 0x0800, 0x0800, 0x0800, 0x3142, 0xf736, 0xff57, 0xff58, 0xff36,
    0xff56, 0xf736, 0xf736, 0xf736, 0xf736, 0xf736, 0xf736, 0xf736, 0xf736, 0xf716, 0xf716, 0xf716,
    0xf736, 0xf736, 0xf736, 0xf736, 0xf736, 0xf736, 0xf736, 0xf736, 0xf736, 0xff36, 0xff36, 0xff36,
    0xf715, 0xf715, 0xf715, 0xeef5, 0xeed4, 0xe6b4, 0xe695, 0x9cb0, 0xc617, 0x632b, 0x31a5, 0x10a2,
    0x10a2, 0x39e6, 0x5289, 0x5aca, 0x5aeb, 0x5aca, 0x39c6, 0x2123, 0x1081, 0x18e3, 0x4207, 0x630b,
    0xad34, 0xdeb9, 0xde75, 0xeeb4, 0xeed5, 0xf6f5, 0xf715, 0xf715, 0xff36, 0xf736, 0xff36, 0xf736,
    0xff56, 0x5226, 0x51ca, 0x41a8, 0x41c8, 0x2904, 0x20e4, 0x20e3, 0x18e3, 0x2103, 0x20e3, 0x20e4,
    0x20e4, 0x20e4, 0x20e3, 0x2103, 0x2104, 0x3166, 0x2905, 0x2925, 0x28e5, 0x3146, 0x49c9, 0x49e7,
    0x5246, 0x5aa7, 0x6b49, 0x31a4, 0x6b09, 0x6b08, 0x6ae8, 0x7bcd, 0x83cd, 0x7bcc, 0x7bad, 0x7bad,
    0x630b, 0x730a, 0x6a88, 0x62ca, 0x5aca, 0x5aea, 0x39e7, 0x1904, 0x1903, 0x18e3, 0x1103, 0x1104,
    0x1903, 0x1903, 0x31a4, 0x4a67, 0x2963, 0x3184, 0x2944, 0x2964, 0x1924, 0x2144, 0x2163, 0x2164,
    0x2164, 0x5246, 0x5a47, 0x51e6, 0x6268, 0x49c5, 0x6ac9, 0x834c, 0x7b2b, 0x72ca, 0x7b0b, 0x6aaa,
    0x6aaa, 0x5a48, 0x5a28, 0x72ca, 0x6249, 0x6269, 0x5247, 0x49c5, 0x5a07, 0x31e8, 0x29c8, 0x1124,
    0x3185, 0x4208, 0x21a7, 0x1146, 0x2166, 0x6206, 0x7a05, 0x7a05, 0x7a05, 0x7a05, 0x7226, 0x5aa9,
    0x3a28, 0x39e7, 0x5a89, 0x3a08, 0x3a08, 0x5207, 0x8226, 0x8226, 0x7a25, 0x7a26, 0x7a25, 0x7225,
    0x6a45, 0x5a45, 0x6aa7, 0x5205, 0x5a25, 0x5a45, 0x5204, 0x4a04, 0x49e5, 0x49e5, 0x5a46, 0x7b6b,
    0x83ee, 0x83cd, 0x83cd, 0x83cd, 0x7bcd, 0x7b8c, 0x734b, 0x738c, 0x6b2a, 0x62ca, 0x6b0a, 0x6b2b,
    0x5aca, 0x5aa9, 0x62ca, 0x6227, 0x7206, 0x6a05, 0x69e5, 0x69e5, 0x7206, 0x6228, 0xf719, 0xff36,
    0xff36, 0xf736, 0xff36, 0xf736, 0x93ec, 0xf716, 0xf716, 0x0800, 0xf758, 0xf759, 0xf759, 0x6b0a,
    0xf738, 0xff99, 0x1060, 0x1060, 0x18a1, 0x3163, 0x1040, 0x1060, 0x1060, 0x2943, 0x5a87, 0xc5f6,
    0xff9a, 0x1060, 0x20c1, 0xef18, 0xf739, 0xef18, 0xef18, 0x3143, 0xf716, 0xff37, 0xff58, 0xff56,
    0xf736, 0xf736, 0xf736, 0xf736, 0xf736, 0xf736, 0xf736, 0xf736, 0xf736, 0xf736, 0xf736, 0xf736,
    0xf736, 0xf736, 0xf736, 0xf736, 0xf736, 0xf736, 0xf736, 0xff36, 0xff36, 0xff36, 0xff36, 0xf715,
    0xf715, 0xf6f5, 0xf6f5, 0xeed4, 0xe6b4, 0xe695, 0x9c90, 0xa513, 0x4a48, 0x2103, 0x2144, 0x5269,
    0x632b, 0x632b, 0x9cf2, 0x8c70, 0x9490, 0xa512, 0x842f, 0x7bce, 0x62ea, 0x4a48, 0x2124, 0x31a5,
    0x5289, 0x9471, 0xd657, 0xd634, 0xeed4, 0xeef5, 0xf6f5, 0xf715, 0xf715, 0xf715, 0xf736, 0xf736,
    0xff56, 0x6268, 0x49a9, 0x28c4, 0x3146, 0x20e4, 0x3146, 0x20e4, 0x20e3, 0x2103, 0x20e3, 0x20e4,
    0x20e4, 0x20e4, 0x20e4, 0x20e3, 0x2925, 0x28c4, 0x49e9, 0x2104, 0x5a6b, 0x5209, 0x3126, 0x41c6,
    0x5a66, 0x7328, 0x7328, 0x732a, 0x62a7, 0x62a7, 0x5aa8, 0x7bac, 0x83cc, 0x83cc, 0x7bac, 0x7bad,
    0x6b2b, 0x62a9, 0x6268, 0x62eb, 0x5aca, 0x62eb, 0x3a07, 0x1903, 0x18e3, 0x1903, 0x1904, 0x10e3,
    0x1904, 0x1924, 0x31a4, 0x31a4, 0x4206, 0x3184, 0x2944, 0x2965, 0x1903, 0x1923, 0x2144, 0x2164,
    0x2164, 0x2143, 0x3164, 0x4a27, 0x5a68, 0x49e6, 0x7b2c, 0x836c, 0x7289, 0x6a68, 0x832b, 0x6a89,
    0x72ca, 0x6aaa, 0x5207, 0x72ea, 0x6249, 0x6269, 0x5a48, 0x49c5, 0x5a27, 0x31c8, 0x2186, 0x1104,
    0x39a6, 0x41e8, 0x21a7, 0x1145, 0x2165, 0x69e6, 0x79e5, 0x7a05, 0x7a05, 0x79e5, 0x7226, 0x5aa9,
    0x3a08, 0x39e7, 0x5268, 0x4208, 0x3a08, 0x51e6, 0x79e5, 0x7a26, 0x7a05, 0x7a06, 0x7a26, 0x7225,
    0x6a26, 0x5a25, 0x6287, 0x5a25, 0x5a25, 0x5a46, 0x49e4, 0x49c4, 0x49e5, 0x49c5, 0x5225, 0x736b,
    0x7bad, 0x7bad, 0x7bad, 0x7bed, 0x7bed, 0x7b6c, 0x734b, 0x7bad, 0x5ac9, 0x62a9, 0x62ca, 0x630a,
    0x5aca, 0x5aca, 0x5aa9, 0x6aa8, 0x7a06, 0x7a05, 0x7a05, 0x7a05, 0x71e5, 0x6a28, 0xf719, 0xff56,
    0xf736, 0xff36, 0xf736, 0xff36, 0x93ec, 0xf716, 0xf716, 0x0820, 0xce14, 0x1061, 0x0840, 0x6ae9,
    0xff5a, 0x20a0, 0xce16, 0xff59, 0x20a0, 0xeed5, 0xef16, 0xff99, 0x4a26, 0x39a5, 0xce15, 0xad32,
    0x1880, 0x1060, 0x20e1, 0xef19, 0x1040, 0x1061, 0xf77a, 0x3143, 0xf736, 0xff58, 0xff58, 0xff56,
    0xf736, 0xf736, 0xf736, 0xf736, 0xf736, 0xf736, 0xf736, 0xf736, 0xf736, 0xf736, 0xff36, 0xf736,
    0xf736, 0xf736, 0xf736, 0xf736, 0xf736, 0xf736, 0xf736, 0xf736, 0xf736, 0xf716, 0xf716, 0xf736,
    0xf715, 0xf6f5, 0xeed5, 0xeeb4, 0xe675, 0xad12, 0x9cb1, 0x39e6, 0x10a1, 0x52a9, 0x6b8d, 0x9470,
    0x7bad, 0x738d, 0x840f, 0x8c2f, 0x8c2f, 0x9470, 0x9cd1, 0x9cf2, 0x738d, 0x73ad, 0x6b6c, 0x5289,
    0x2944, 0x4248, 0xb574, 0xad32, 0xe675, 0xeed5, 0xeef5, 0xeef5, 0xf715, 0xf716, 0xf736, 0xf716,
    0xff56, 0x5a67, 0x28e5, 0x49a8, 0x4a09, 0x20e4, 0x5209, 0x3926, 0x20e4, 0x20e3, 0x20e4, 0x20e4,
    0x2104, 0x20e4, 0x20e4, 0x20e4, 0x20e3, 0x5229, 0x520a, 0x4a09, 0x41a7, 0x2104, 0x2905, 0x6269,
    0x6b07, 0x7b48, 0x7328, 0x734a, 0x5206, 0x5267, 0x62e9, 0x738c, 0x7bac, 0x7bac, 0x7bac, 0x7bad,
    0x632b, 0x62c9, 0x62c9, 0x5aca, 0x5aca, 0x5aca, 0x4247, 0x2123, 0x18e3, 0x18e3, 0x1903, 0x18e3,
    0x18e3, 0x1923, 0x2984, 0x31a4, 0x31c5, 0x2964, 0x2964, 0x2964, 0x2144, 0x2123, 0x2965, 0x2144,
    0x2164, 0x2164, 0x5268, 0x6aca, 0x7b4c, 0x5a48, 0x72ca, 0x7aeb, 0x7289, 0x72ca, 0x7b2b, 0x72eb,
    0x6aca, 0x7b2c, 0x5a07, 0x6a89, 0x6248, 0x6248, 0x5a49, 0x49e6, 0x5a07, 0x31e8, 0x1945, 0x1104,
    0x41a6, 0x3a08, 0x2187, 0x1146, 0x2965, 0x69e5, 0x71e5, 0x7a05, 0x79e5, 0x79e5, 0x7206, 0x5a88,
    0x3a08, 0x39e7, 0x5248, 0x3a07, 0x39e8, 0x51e6, 0x7a06, 0x7a26, 0x7a25, 0x7a05, 0x7a05, 0x7225,
    0x6225, 0x6246, 0x5a46, 0x51e5, 0x5205, 0x5a46, 0x5204, 0x49c4, 0x5205, 0x49e5, 0x5226, 0x736c,
    0x738c, 0x7bad, 0x7b8d, 0x7bcd, 0x83cd, 0x734b, 0x736c, 0x738c, 0x62ea, 0x62a9, 0x62ca, 0x5aca,
    0x5aca, 0x5289, 0x5289, 0x62a9, 0x7206, 0x7a05, 0x7a05, 0x7a05, 0x7a06, 0x7248, 0xf719, 0xff36,
    0xff36, 0xff36, 0xff36, 0xff36, 0x93ec, 0xf716, 0xf716, 0x0800, 0xce14, 0x1081, 0x1080, 0x62e9,
    0xff59, 0xff99, 0x1880, 0xff99, 0x3143, 0x20e1, 0x9cb0, 0x1880, 0xd613, 0x5227, 0x41e6, 0x62ca,
    0x0861, 0x0840, 0x1880, 0xe6f8, 0x1081, 0x1081, 0xf77a, 0x3143, 0xf736, 0xff57, 0xff58, 0xff56,
    0xf736, 0xf736, 0xf736, 0xf736, 0xf736, 0xf736, 0xf736, 0xf736, 0xf736, 0xf736, 0xff36, 0xff36,
    0xf736, 0xff36, 0xf736, 0xf736, 0xf736, 0xf736, 0xf736, 0xf736, 0xf736, 0xff16, 0xff16, 0xf715,
    0xf6f5, 0xeed5, 0xeeb5, 0xe695, 0xacf1, 0x9cd1, 0x39e6, 0x10c2, 0x5aea, 0x7bce, 0x632b, 0x8c70,
    0x6b2b, 0xa512, 0x9490, 0x736c, 0x73ad, 0x83ee, 0x9470, 0x9491, 0x73ad, 0x842f, 0x94b0, 0x7bee,
    0x5289, 0x2124, 0x5289, 0xc617, 0xa4b0, 0xe695, 0xeeb5, 0xf6f5, 0xf6f5, 0xf6f5, 0xf715, 0xf715,
    0xff56, 0x5a67, 0x20e4, 0x20e4, 0x41c8, 0x520a, 0x51ea, 0x49e9, 0x20e3, 0x20e4, 0x20e4, 0x20e4,
    0x20e4, 0x20e4, 0x20e4, 0x2104, 0x20e4, 0x2104, 0x5a2a, 0x20e4, 0x28e4, 0x2104, 0x2925, 0x5a27,
    0x6b07, 0x7308, 0x6ae7, 0x6ac7, 0x5226, 0x5aa9, 0x630b, 0x734b, 0x7bac, 0x7bac, 0x7b8c, 0x738c,
    0x630b, 0x62ea, 0x62ea, 0x5aca, 0x5aca, 0x5aca, 0x4a68, 0x2124, 0x1904, 0x1903, 0x18e3, 0x2124,
    0x18e3, 0x2123, 0x2164, 0x2963, 0x31a5, 0x2943, 0x2944, 0x2964, 0x1923, 0x2124, 0x2144, 0x2144,
    0x2164, 0x3185, 0x732b, 0x838c, 0x7b4b, 0x730b, 0x7b2c, 0x72ca, 0x6a89, 0x730b, 0x7b2b, 0x72eb,
    0x6289, 0x7b2c, 0x5207, 0x5a28, 0x6268, 0x5a48, 0x5a68, 0x5207, 0x51e7, 0x39e8, 0x1966, 0x1104,
    0x41a6, 0x39e8, 0x2187, 0x1145, 0x2945, 0x69e6, 0x71e5, 0x71e5, 0x71e5, 0x7205, 0x69e5, 0x5a69,
    0x3a08, 0x41e7, 0x5a68, 0x4208, 0x39e8, 0x49e7, 0x7206, 0x7a06, 0x7a05, 0x7a05, 0x71e5, 0x7206,
    0x6225, 0x6266, 0x5205, 0x5205, 0x5226, 0x5225, 0x49e4, 0x41c4, 0x5205, 0x49c4, 0x5a67, 0x736c,
    0x6b4b, 0x7bad, 0x738c, 0x7bcd, 0x7bad, 0x6b2b, 0x7bad, 0x738d, 0x62ca, 0x62c9, 0x5a89, 0x5a89,
    0x5aca, 0x5289, 0x5269, 0x5aaa, 0x6a48, 0x7a05, 0x7a05, 0x7a26, 0x7a26, 0x7248, 0xff19, 0xff36,
    0xff36, 0xff36, 0xff36, 0xff36, 0x93ec, 0xf716, 0xf736, 0x1040, 0xffba, 0xff9b, 0xff9a, 0x6b0a,
    0xff59, 0xeef8, 0x18a1, 0x1040, 0x18a1, 0x1060, 0x0000, 0xd657, 0xcdf3, 0xff99, 0x41c4, 0xc5f5,
    0x630b, 0x0820, 0x1860, 0xff9a, 0xf739, 0xf739, 0xf75a, 0x3143, 0xf736, 0xff58, 0xff38, 0xff56,
    0xf736, 0xf736, 0xf736, 0xf736, 0xf736, 0xff36, 0xff36, 0xff36, 0xf736, 0xf736, 0xf736, 0xf736,
    0xf736, 0xf736, 0xf736, 0xf736, 0xf736, 0xf736, 0xf736, 0xf736, 0xf716, 0xff16, 0xf715, 0xf715,
    0xeed5, 0xeed5, 0xe694, 0x944e, 0x9cb1, 0x4207, 0x10c2, 0x5289, 0x738d, 0x7bad, 0x6b6c, 0x840f,
    0x5289, 0x2965, 0x2123, 0x39c6, 0x3165, 0x5289, 0x4a68, 0x2103, 0x4207, 0x9cd2, 0x840f, 0x83ee,
    0x738d, 0x4227, 0x2924, 0x632b, 0xbdd5, 0x9c8f, 0xe694, 0xeed4, 0xeef5, 0xf6f5, 0xf715, 0xff36,
    0xff56, 0x6288, 0x2905, 0x20c3, 0x28e4, 0x20e4, 0x520a, 0x20e3, 0x18e3, 0x2104, 0x20e4, 0x20e4,
    0x20e4, 0x20e4, 0x20e3, 0x20e3, 0x20e4, 0x20e4, 0x5a4a, 0x41a7, 0x5229, 0x2103, 0x4a09, 0x5207,
    0x7b69, 0x8bcb, 0x5245, 0x62a7, 0x5246, 0x41e6, 0x62ea, 0x62ca, 0x736b, 0x734a, 0x738b, 0x736b,
    0x62ea, 0x5ac9, 0x62e9, 0x5aca, 0x52aa, 0x52a9, 0x4a68, 0x1924, 0x18e3, 0x1904, 0x1903, 0x1904,
    0x1904, 0x1924, 0x2185, 0x31a5, 0x2984, 0x2964, 0x2964, 0x2985, 0x2144, 0x1944, 0x2123, 0x2164,
    0x2144, 0x4206, 0x6aea, 0x7b4b, 0x6289, 0x72eb, 0x6aca, 0x6248, 0x6248, 0x7b4b, 0x730a, 0x72eb,
    0x6289, 0x730b, 0x5227, 0x5a27, 0x6248, 0x5a28, 0x5a48, 0x5a28, 0x5207, 0x31c7, 0x1945, 0x1124,
    0x41c6, 0x39c7, 0x1945, 0x1145, 0x2965, 0x69e6, 0x71e5, 0x71e5, 0x71e5, 0x69e5, 0x69e5, 0x5a68,
    0x3a08, 0x39c6, 0x5248, 0x4228, 0x39e8, 0x41e7, 0x69e6, 0x69e6, 0x69e5, 0x69e5, 0x69e5, 0x6a26,
    0x5a26, 0x5a46, 0x49c4, 0x49e5, 0x5a46, 0x5a46, 0x49e4, 0x41c4, 0x5205, 0x49e5, 0x5a68, 0x7b8c,
    0x6b2b, 0x7b8c, 0x7bad, 0x7bad, 0x7bad, 0x6aea, 0x7bad, 0x736c, 0x6b0a, 0x62a9, 0x62ca, 0x5a8a,
    0x5aa9, 0x52aa, 0x5269, 0x5a89, 0x6aaa, 0x7206, 0x7a05, 0x7a05, 0x7206, 0x6a28, 0xf6f8, 0xff36,
    0xff36, 0xff36, 0xff36, 0xff36, 0x93ec, 0xf716, 0xf736, 0x41a4, 0x4a05, 0x4205, 0x41e4, 0x41c4,
    0xff78, 0x3963, 0xe6d8, 0xf739, 0x20e2, 0xbd94, 0x7b8d, 0x2903, 0x20c1, 0xff9b, 0x3163, 0x20c0,
    0x8c2f, 0x0820, 0x41c3, 0x3163, 0x3163, 0x3143, 0x3122, 0x5225, 0xf736, 0xff58, 0xff58, 0xff56,
    0xf736, 0xf736, 0xf736, 0xf736, 0xff36, 0xff36, 0xff36, 0xf736, 0xf736, 0xf736, 0xf736, 0xf736,
    0xf736, 0xf736, 0xf736, 0xf736, 0xf736, 0xf736, 0xf736, 0xf716, 0xf715, 0xf715, 0xf715, 0xf6f5,
    0xeed4, 0xe694, 0xd634, 0xa4d2, 0x5ac9, 0x2103, 0x4a68, 0x632b, 0x5aca, 0x6b6c, 0x738d, 0x39e6,
    0x634c, 0x5aea, 0x31a6, 0x5269, 0x52ca, 0x4228, 0x6b4c, 0x4a48, 0x5289, 0x2103, 0x9470, 0x6b4c,
    0x9470, 0x7bcd, 0x31a5, 0x31a6, 0x840f, 0xad53, 0xe695, 0xeeb5, 0xeed5, 0xf6f5, 0xf715, 0xff36,
    0xff36, 0x5a47, 0x49c8, 0x2104, 0x5229, 0x3987, 0x5a2b, 0x20e4, 0x18e3, 0x18e3, 0x20e3, 0x20e3,
    0x2104, 0x20e3, 0x18e3, 0x2104, 0x20e4, 0x20e4, 0x520a, 0x20e4, 0x20e3, 0x2905, 0x3987, 0x41c5,
    0x7b29, 0x6ac7, 0x62c7, 0x4a05, 0x41e6, 0x4207, 0x5aca, 0x5ae9, 0x632a, 0x736b, 0x738b, 0x6b4b,
    0x5aca, 0x5aea, 0x62e9, 0x5aca, 0x52a9, 0x52a9, 0x4a68, 0x18e3, 0x10c3, 0x2124, 0x2124, 0x1903,
    0x1904, 0x2124, 0x2144, 0x2985, 0x2985, 0x2984, 0x2964, 0x2184, 0x1923, 0x1924, 0x2144, 0x2985,
    0x2144, 0x5248, 0x62a9, 0x6aca, 0x5a68, 0x6269, 0x72a9, 0x6227, 0x5a07, 0x7b2b, 0x72ea, 0x730b,
    0x6289, 0x730c, 0x5a48, 0x5a28, 0x5a48, 0x5a48, 0x5a48, 0x5248, 0x51e7, 0x39c8, 0x1925, 0x1945,
    0x41a6, 0x4208, 0x1165, 0x1966, 0x2965, 0x61e5, 0x69c5, 0x71c5, 0x61e5, 0x59c5, 0x69c5, 0x49c6,
    0x31a6, 0x39c6, 0x49e6, 0x4208, 0x31e7, 0x31a6, 0x4185, 0x51a5, 0x59c6, 0x7206, 0x7205, 0x6a26,
    0x5a25, 0x5a46, 0x49e5, 0x49c5, 0x5a67, 0x5a46, 0x49c4, 0x41a4, 0x5205, 0x5205, 0x5a88, 0x736c,
    0x6b2b, 0x7b8c, 0x7b8c, 0x738c, 0x7bad, 0x62ea, 0x734c, 0x734b, 0x6b0b, 0x62a9, 0x5aa9, 0x5aaa,
    0x5289, 0x5acb, 0x5289, 0x5289, 0x5aca, 0x6227, 0x7206, 0x7205, 0x71e5, 0x6a08, 0xf719, 0xff36,
    0xff36, 0xff36, 0xff36, 0xff36, 0x93ec, 0xff16, 0xf736, 0xff37, 0xff78, 0x5aa7, 0x62c7, 0xbd92,
    0x8beb, 0xef16, 0x1040, 0x0820, 0x18e2, 0x18a1, 0x2924, 0x1060, 0xbdb2, 0xc5d4, 0x18a1, 0xde76,
    0x838c, 0x0800, 0xf716, 0xf716, 0x8bec, 0x7b8c, 0xff37, 0xf716, 0xff36, 0xff58, 0xff58, 0xff56,
    0xf736, 0xf736, 0xf736, 0xf736, 0xf736, 0xf736, 0xf736, 0xf736, 0xf736, 0xf736, 0xf736, 0xf736,
    0xf736, 0xf736, 0xf736, 0xf736, 0xf736, 0xf736, 0xf736, 0xff36, 0xff16, 0xf715, 0xf6f5, 0xeef5,
    0xeed4, 0xe674, 0xb531, 0x738d, 0x5268, 0x4248, 0x73ad, 0x738d, 0x5aaa, 0x5aea, 0x4207, 0x5aca,
    0x31a6, 0x7bcd, 0x4227, 0x73ad, 0x5aea, 0x6b6c, 0x3185, 0x8c2f, 0x5289, 0x94b1, 0x18c2, 0x8c50,
    0x632b, 0x738d, 0x630a, 0x2103, 0x5289, 0xc617, 0x9c8f, 0xe694, 0xeed4, 0xf6f5, 0xf715, 0xf736,
    0xff56, 0x5246, 0x522a, 0x28e4, 0x2124, 0x20c4, 0x51ea, 0x20e3, 0x18e3, 0x2103, 0x18e3, 0x20e4,
    0x18e3, 0x20e4, 0x18e3, 0x20e3, 0x20e4, 0x2104, 0x51ea, 0x51ea, 0x41c8, 0x3946, 0x20c3, 0x4185,
    0x5a05, 0x5a45, 0x5246, 0x39c4, 0x39c5, 0x5289, 0x62ea, 0x62ea, 0x5ac9, 0x6309, 0x6b6a, 0x734b,
    0x5aca, 0x5ac9, 0x5ae9, 0x52a9, 0x52a9, 0x5289, 0x4a68, 0x2944, 0x18e3, 0x1903, 0x2124, 0x18e3,
    0x1904, 0x1924, 0x2164, 0x2144, 0x2164, 0x2984, 0x2964, 0x2184, 0x1923, 0x1923, 0x2144, 0x3185,
    0x2144, 0x5248, 0x5a68, 0x62a9, 0x5a68, 0x6aca, 0x72ca, 0x6248, 0x5a48, 0x730a, 0x6aca, 0x72eb,
    0x6289, 0x730b, 0x5a48, 0x5207, 0x5a28, 0x5a27, 0x5a28, 0x5227, 0x49c6, 0x39c7, 0x1124, 0x1124,
    0x41c7, 0x4208, 0x1946, 0x1965, 0x2965, 0x61e6, 0x69e5, 0x69c5, 0x61c5, 0x59a5, 0x61e5, 0x59e6,
    0x3144, 0x51c6, 0x5a07, 0x39c7, 0x2965, 0x2144, 0x3164, 0x4185, 0x6206, 0x7206, 0x6a05, 0x6a26,
    0x5a26, 0x5a46, 0x49e5, 0x41a4, 0x5a47, 0x5a26, 0x49c4, 0x49c5, 0x5205, 0x5205, 0x62ea, 0x7bad,
    0x6b0a, 0x738c, 0x736c, 0x7bad, 0x7b6c, 0x62ca, 0x736c, 0x6b0b, 0x6b0b, 0x5a89, 0x5a88, 0x5aa9,
    0x5289, 0x5aca, 0x5289, 0x5289, 0x52a9, 0x6268, 0x6a26, 0x7205, 0x69e5, 0x6207, 0xf718, 0xf736,
    0xff36, 0xff36, 0xff36, 0xff36, 0x93cb, 0xf716, 0xf736, 0xff79, 0xa4f0, 0x10a1, 0xff9c, 0xa4b0,
    0x49e6, 0xf6d6, 0x5247, 0xff9b, 0xf759, 0xd656, 0x0840, 0xff9b, 0xff78, 0x6286, 0x946f, 0xe6b7,
    0xa4cf, 0xf739, 0xf779, 0x0800, 0x1040, 0xc5f5, 0xf738, 0xf736, 0xff56, 0xff57, 0xff58, 0xff56,
    0xf736, 0xff36, 0xf736, 0xf736, 0xff36, 0xf736, 0xf736, 0xf736, 0xf736, 0xf736, 0xf736, 0xf736,
    0xf736, 0xf736, 0xf736, 0xf736, 0xff36, 0xf736, 0xf736, 0xf716, 0xf716, 0xf715, 0xf6d5, 0xeed5,
    0xe694, 0xde74, 0x9470, 0x5aa9, 0x2964, 0x632b, 0x6b4c, 0x4a69, 0x6b4c, 0x4207, 0x5aeb, 0x736d,
    0x5a89, 0x7bcd, 0x5aea, 0x840f, 0x634c, 0x632b, 0x52a9, 0x7bad, 0x6b4c, 0x2965, 0x4a69, 0x31a6,
    0x8c50, 0x736c, 0x738c, 0x4228, 0x39a6, 0x9470, 0x9cb1, 0xde75, 0xe6b4, 0xeed5, 0xf6f5, 0xf715,
    0xff56, 0x5226, 0x20e4, 0x5a4a, 0x5229, 0x5a0a, 0x520a, 0x20e4, 0x20e3, 0x2103, 0x2103, 0x20e4,
    0x18e3, 0x20e3, 0x20e4, 0x2104, 0x2103, 0x20e3, 0x3966, 0x520a, 0x20c4, 0x49a8, 0x51e9, 0x3964,
    0x5a05, 0x59e5, 0x5225, 0x5267, 0x3184, 0x5aea, 0x6b2b, 0x5aca, 0x62ea, 0x62e9, 0x6b09, 0x6b4a,
    0x5aca, 0x5aca, 0x5ac9, 0x5aca, 0x52a9, 0x52aa, 0x4a68, 0x31c6, 0x2103, 0x10e2, 0x1944, 0x1903,
    0x18e3, 0x1903, 0x2144, 0x2164, 0x2185, 0x2164, 0x2965, 0x2164, 0x1923, 0x1923, 0x2144, 0x2985,
    0x2965, 0x4a28, 0x5a69, 0x6aaa, 0x6268, 0x72eb, 0x72a9, 0x6247, 0x5a28, 0x7b4b, 0x6aa9, 0x62a9,
    0x5a69, 0x6aaa, 0x5a48, 0x5207, 0x5207, 0x5a28, 0x5a28, 0x5227, 0x49c6, 0x31a6, 0x1945, 0x1124,
    0x2165, 0x3a49, 0x1986, 0x1985, 0x2986, 0x41a5, 0x61e6, 0x61e5, 0x69e5, 0x69c5, 0x69e5, 0x61e5,
    0x61e5, 0x61e5, 0x61e6, 0x51c6, 0x59e6, 0x6206, 0x61e6, 0x69e5, 0x71e6, 0x7205, 0x7226, 0x6a26,
    0x5205, 0x5206, 0x49e5, 0x41c5, 0x5226, 0x5206, 0x49c4, 0x49c5, 0x51e5, 0x49e5, 0x6b0a, 0x736c,
    0x62ea, 0x736c, 0x736c, 0x738c, 0x6b2b, 0x62c9, 0x736c, 0x62aa, 0x734c, 0x5aa9, 0x5a68, 0x5aaa,
    0x5289, 0x5aaa, 0x5289, 0x5289, 0x5289, 0x5a89, 0x6227, 0x7206, 0x71e6, 0x6a07, 0xf718, 0xff36,
    0xff36, 0xff36, 0xff36, 0xff36, 0x93ec, 0xff16, 0xf737, 0x1880, 0x5aa8, 0xe6f8, 0xf737, 0x83ab,
    0x7baa, 0xf716, 0x4a05, 0x1061, 0x18a0, 0xc5b3, 0xffba, 0x2903, 0x4a27, 0x1881, 0x8c2e, 0x62e9,
    0x1860, 0xe6f8, 0x0840, 0x1081, 0x944f, 0x18a0, 0x1881, 0x20a0, 0xff56, 0xff57, 0xff38, 0xff56,
    0xf736, 0xf736, 0xf736, 0xf736, 0xf736, 0xf736, 0xf736, 0xf736, 0xf736, 0xf736, 0xf736, 0xff36,
    0xf736, 0xf736, 0xf736, 0xf736, 0xf736, 0xf716, 0xf736, 0xf716, 0xf715, 0xf6f5, 0xeed5, 0xe6b4,
    0xde73, 0xb551, 0x9cb1, 0x5289, 0x4a48, 0x73ad, 0x5b0b, 0x7bae, 0x2924, 0x5aa9, 0x842f, 0x840f,
    0x6b4c, 0x632b, 0x62ea, 0x9491, 0x9470, 0x8c30, 0x5269, 0x2103, 0x7bae, 0x5aca, 0x632b, 0x52a9,
    0x5289, 0x5aca, 0x8c4f, 0x630b, 0x2965, 0x5b0b, 0xc5d6, 0xa4af, 0xe694, 0xeed4, 0xeef5, 0xf715,
    0xff56, 0x5226, 0x5a0a, 0x5209, 0x2904, 0x49c9, 0x3146, 0x20e3, 0x18e3, 0x2103, 0x2103, 0x20e4,
    0x20e4, 0x20e4, 0x20e3, 0x18e3, 0x18e3, 0x20e3, 0x2103, 0x2103, 0x18c3, 0x51e9, 0x51e9, 0x4165,
    0x51c5, 0x51e4, 0x6286, 0x5a87, 0x4206, 0x5ac9, 0x630a, 0x5aea, 0x62ea, 0x5ac9, 0x62c9, 0x6b2a,
    0x52a9, 0x5289, 0x5ac9, 0x5aca, 0x5289, 0x5289, 0x4a68, 0x39e7, 0x1903, 0x18e3, 0x2164, 0x18e3,
    0x1904, 0x1904, 0x2985, 0x4228, 0x4a48, 0x4228, 0x39c7, 0x2144, 0x1923, 0x1923, 0x2164, 0x2944,
    0x2964, 0x2965, 0x41e6, 0x5a48, 0x5a48, 0x730b, 0x6248, 0x5a07, 0x6289, 0x730b, 0x730a, 0x6aea,
    0x5a68, 0x5a69, 0x5a69, 0x5227, 0x51e7, 0x5207, 0x5a48, 0x5207, 0x5207, 0x51e7, 0x1903, 0x20e3,
    0x3985, 0x3a08, 0x1945, 0x1945, 0x2124, 0x3185, 0x3964, 0x3103, 0x61c5, 0x69c5, 0x69e5, 0x69c5,
    0x61c5, 0x61e6, 0x61e5, 0x69e6, 0x61c5, 0x69e5, 0x69e5, 0x69c5, 0x7206, 0x71e5, 0x69e5, 0x6226,
    0x5226, 0x5206, 0x49c5, 0x49e6, 0x4a06, 0x51e5, 0x49c5, 0x49e5, 0x41c4, 0x49e5, 0x6b2b, 0x736c,
    0x6b4b, 0x734c, 0x734b, 0x736c, 0x732b, 0x62c9, 0x6b2b, 0x62ca, 0x6b4b, 0x5a89, 0x5a88, 0x5aca,
    0x5268, 0x5289, 0x5aaa, 0x5289, 0x5269, 0x5aaa, 0x5a68, 0x61e5, 0x69e5, 0x61e7, 0xf718, 0xff36,
    0xff36, 0xff36, 0xff36, 0xf736, 0x93ec, 0xff16, 0xf716, 0x18a1, 0x18c2, 0x1060, 0xff9a, 0x3163,
    0x3122, 0xf739, 0x41c5, 0x20e2, 0x1080, 0xbdb3, 0xff99, 0xf738, 0x3143, 0x18a1, 0x18c2, 0x18a1,
    0xffbc, 0x0840, 0x3184, 0x1061, 0xce16, 0x6b0a, 0x1061, 0x20c0, 0xf736, 0xff58, 0xff58, 0xff56,
    0xf736, 0xf736, 0xf736, 0xf736, 0xf736, 0xf736, 0xf736, 0xf736, 0xf736, 0xf736, 0xf736, 0xf736,
    0xf736, 0xff36, 0xff36, 0xf736, 0xf736, 0xff36, 0xf716, 0xff36, 0xf6f5, 0xf715, 0xeed4, 0xeeb4,
    0xde54, 0x8c0d, 0xbdb5, 0x4207, 0x52a9, 0x6b4c, 0x52aa, 0x632c, 0x4a89, 0x4a48, 0x2103, 0x39e7,
    0x2103, 0x3185, 0x4207, 0x6b4c, 0x18e3, 0x31a6, 0x5aeb, 0x5aca, 0x4a48, 0x4a48, 0x7bce, 0x632b,
    0x3185, 0x840f, 0x738c, 0x738c, 0x4207, 0x4a68, 0xc5f6, 0x7b8c, 0xde74, 0xeeb4, 0xf6f5, 0xf715,
    0xff36, 0x6267, 0x5a2b, 0x5a4a, 0x20e4, 0x2104, 0x20e3, 0x20e4, 0x20e3, 0x2103, 0x20e4, 0x20e3,
    0x18e3, 0x20e3, 0x20e3, 0x20e3, 0x2104, 0x2104, 0x524a, 0x5a4a, 0x3966, 0x41a8, 0x49c9, 0x4165,
    0x49c4, 0x51c4, 0x49e5, 0x5246, 0x41e6, 0x5ac9, 0x62ea, 0x5aca, 0x5aca, 0x5ac9, 0x5ae9, 0x5ac9,
    0x5aa9, 0x5aa9, 0x5aa9, 0x5289, 0x5289, 0x5289, 0x4a69, 0x4228, 0x1903, 0x1903, 0x2164, 0x1903,
    0x1904, 0x1904, 0x2144, 0x31a6, 0x31a5, 0x31a6, 0x39c6, 0x2144, 0x1903, 0x1923, 0x2164, 0x2964,
    0x2964, 0x2965, 0x2964, 0x3185, 0x41a6, 0x6aaa, 0x5a48, 0x6aa9, 0x6aca, 0x6a89, 0x6aaa, 0x730b,
    0x5268, 0x5a89, 0x5a69, 0x5207, 0x4a07, 0x5227, 0x5a27, 0x5227, 0x5207, 0x59a5, 0x59c5, 0x59a5,
    0x61c5, 0x49a5, 0x2904, 0x2903, 0x2903, 0x3944, 0x4144, 0x59c5, 0x69c5, 0x69c5, 0x69c5, 0x61c5,
    0x69c5, 0x69e5, 0x61c5, 0x69c5, 0x69c5, 0x61a5, 0x69c5, 0x7206, 0x69c5, 0x69e5, 0x6a05, 0x6206,
    0x5226, 0x5205, 0x41a4, 0x49e5, 0x5226, 0x5206, 0x41a4, 0x49e5, 0x41c4, 0x49e5, 0x6b2b, 0x734b,
    0x6b2b, 0x6b2b, 0x736c, 0x734b, 0x6b0b, 0x62c9, 0x6b0b, 0x62ca, 0x734c, 0x62a9, 0x6289, 0x5aa9,
    0x5289, 0x4a48, 0x5aaa, 0x5269, 0x4a48, 0x5289, 0x5aaa, 0x5a28, 0x69c5, 0x61e7, 0xf6f8, 0xff36,
    0xff36, 0xff36, 0xff36, 0xff36, 0x93ec, 0xff36, 0xf736, 0xe6f8, 0x20e2, 0xb552, 0x0840, 0x62e9,
    0xe6d6, 0xe6d5, 0x2922, 0xffde, 0x18c2, 0x18c2, 0x18a1, 0x7b49, 0x41a4, 0xcdf4, 0xb530, 0xd635,
    0x1040, 0xff78, 0x838b, 0xffbb, 0x1040, 0x8c2f, 0x0820, 0xff57, 0xf735, 0xff57, 0xff38, 0xff56,
    0xf736, 0xf736, 0xf736, 0xf736, 0xf736, 0xf736, 0xf736, 0xf736, 0xf736, 0xf736, 0xf736, 0xff36,
    0xf736, 0xf736, 0xff36, 0xf736, 0xf736, 0xff36, 0xff36, 0xf716, 0xf715, 0xf6f5, 0xeed4, 0xe6b4,
    0xd634, 0xad12, 0xa4f2, 0x2985, 0x52a9, 0x6b4c, 0x4a68, 0x5289, 0x6b4b, 0x6b6c, 0x39c6, 0x39e7,
    0x52aa, 0x5289, 0x5289, 0x4228, 0x4a68, 0x73ad, 0x83ee, 0x738c, 0x3185, 0x630b, 0x6b6c, 0x73ad,
    0x52a9, 0x6b6c, 0x632b, 0x736c, 0x4207, 0x39c6, 0xb574, 0x734b, 0xde54, 0xe6b4, 0xeed5, 0xf715,
    0xff36, 0x5a67, 0x520a, 0x520a, 0x39a7, 0x5229, 0x524a, 0x20e4, 0x20e3, 0x20e3, 0x20e4, 0x20e4,
    0x20e4, 0x20e3, 0x20e3, 0x20e4, 0x2103, 0x20e4, 0x5a2a, 0x5a0b, 0x5a6b, 0x522a, 0x20e4, 0x4164,
    0x51c4, 0x51c4, 0x49c5, 0x39a4, 0x4a27, 0x5aca, 0x62ea, 0x5ac9, 0x5aca, 0x5ac9, 0x5ac9, 0x5aa9,
    0x5aa9, 0x5ac9, 0x4a68, 0x4a89, 0x4a89, 0x4a89, 0x4a68, 0x4228, 0x1904, 0x1904, 0x2164, 0x1903,
    0x1903, 0x1904, 0x1924, 0x31c6, 0x31a6, 0x31a5, 0x31a5, 0x2124, 0x2124, 0x1903, 0x1944, 0x2964,
    0x2944, 0x2985, 0x2144, 0x2985, 0x39a5, 0x62a9, 0x72ea, 0x5a48, 0x6aca, 0x6aaa, 0x6289, 0x72eb,
    0x5a48, 0x5248, 0x5a89, 0x5207, 0x4a07, 0x4a07, 0x5227, 0x5227, 0x49e7, 0x59c5, 0x61a5, 0x61c5,
    0x61c5, 0x69c5, 0x61e5, 0x61e5, 0x69e6, 0x61c5, 0x61c5, 0x61c5, 0x61a4, 0x69a5, 0x69c5, 0x69c5,
    0x69e5, 0x59a4, 0x61c5, 0x61e6, 0x61c5, 0x69e5, 0x69c5, 0x69e5, 0x69e5, 0x69c5, 0x7206, 0x5a06,
    0x5226, 0x49e5, 0x41a4, 0x4a06, 0x49e5, 0x49e5, 0x49c5, 0x4a05, 0x49c5, 0x4a06, 0x6b0a, 0x732c,
    0x62ea, 0x6b2b, 0x6b4b, 0x6b2b, 0x62ea, 0x5aa9, 0x6b2b, 0x62c9, 0x5a89, 0x5a89, 0x5a68, 0x5a89,
    0x5289, 0x5268, 0x5289, 0x5269, 0x4a68, 0x4a48, 0x5aaa, 0x6269, 0x69e5, 0x61e7, 0xf718, 0xff36,
    0xff36, 0xff36, 0xff36, 0xff36, 0x93ec, 0xff16, 0xf736, 0x1060, 0x4a47, 0x0820, 0x1061, 0x3123,
    0x18a1, 0xde96, 0x3964, 0x28e2, 0x18a1, 0x18a1, 0x1060, 0xf737, 0x8bec, 0x3143, 0xff16, 0xf716,
    0xef18, 0xf759, 0x20e1, 0x0840, 0xff9c, 0x18a2, 0xf717, 0xf716, 0xff35, 0xff38, 0xff38, 0xff56,
    0xf736, 0xf736, 0xf736, 0xf736, 0xf736, 0xf736, 0xf736, 0xf736, 0xf736, 0xf736, 0xf736, 0xf736,
    0xf736, 0xf736, 0xf736, 0xf736, 0xf736, 0xf716, 0xff36, 0xf716, 0xf6f5, 0xeef5, 0xe6b4, 0xe694,
    0xacf0, 0x9490, 0x9470, 0x2965, 0x5aca, 0x6b4c, 0x4207, 0x4a28, 0x738c, 0x840e, 0x39e6, 0x39e7,
    0x7bad, 0xa4d1, 0x9470, 0x39c6, 0x632b, 0x7bee, 0x738c, 0x632b, 0x39e7, 0x840f, 0x630b, 0x842f,
    0x9cb1, 0x840f, 0x5aca, 0x7bad, 0x6b4c, 0x31c6, 0x9cb1, 0x6b2b, 0xde54, 0xe694, 0xeed5, 0xf6f5,
    0xf736, 0x5246, 0x28e4, 0x5a4a, 0x49c8, 0x5a0a, 0x522a, 0x20e3, 0x2103, 0x2103, 0x20e4, 0x20e4,
    0x20e4, 0x18e3, 0x20e3, 0x20e3, 0x2103, 0x20e4, 0x520a, 0x2925, 0x2104, 0x20e4, 0x41a8, 0x4185,
    0x51a4, 0x51a4, 0x49a4, 0x3185, 0x4a68, 0x5ac9, 0x5ae9, 0x5ac9, 0x5aa9, 0x5ac9, 0x5aa9, 0x5aa9,
    0x52a9, 0x5aa9, 0x4a69, 0x4a68, 0x4a89, 0x4a68, 0x4a68, 0x3a08, 0x1904, 0x1904, 0x2144, 0x2124,
    0x18e3, 0x1903, 0x1924, 0x39c5, 0x39a5, 0x3984, 0x49c5, 0x2943, 0x1923, 0x1944, 0x2144, 0x2123,
    0x41c6, 0x3185, 0x2944, 0x2964, 0x62ca, 0x6aca, 0x6aca, 0x5a28, 0x6aca, 0x6aca, 0x6289, 0x6aea,
    0x5248, 0x5228, 0x5a68, 0x49e7, 0x4a07, 0x41e7, 0x5207, 0x5207, 0x4a07, 0x51c6, 0x61c5, 0x61c5,
    0x61a5, 0x61c5, 0x61a4, 0x61c5, 0x61a5, 0x61a5, 0x61c5, 0x61c5, 0x61c4, 0x61c4, 0x61c5, 0x69c5,
    0x61c5, 0x61e5, 0x61e5, 0x61c5, 0x61e5, 0x61e5, 0x61c5, 0x61c5, 0x69c5, 0x69e5, 0x69e5, 0x59e5,
    0x5206, 0x49e5, 0x49c5, 0x5206, 0x51e5, 0x49e5, 0x49e5, 0x3984, 0x41e5, 0x5a88, 0x630a, 0x6b2b,
    0x62ea, 0x630b, 0x632a, 0x6b0a, 0x62ca, 0x62a9, 0x6aea, 0x6b2b, 0x5a69, 0x6b0a, 0x5ac9, 0x5ac9,
    0x5aa9, 0x5a89, 0x4a48, 0x5289, 0x4a68, 0x4a48, 0x5228, 0x59e6, 0x59a5, 0x61e7, 0xf6f8, 0xf736,
    0xff36, 0xff36, 0xff36, 0xff36, 0x8bcb, 0xff36, 0xf736, 0xff58, 0xbd93, 0x1081, 0x1080, 0x39a4,
    0xf73a, 0x942d, 0xff9a, 0xff58, 0xff58, 0xff78, 0x1880, 0xeef6, 0x83ab, 0x3143, 0xf716, 0xf758,
    0x0820, 0xfffd, 0x18c1, 0x18a2, 0x0820, 0xef17, 0xf717, 0x3163, 0xf736, 0xff57, 0xff58, 0xff56,
    0xf736, 0xf736, 0xf736, 0xf736, 0xf736, 0xf736, 0xf736, 0xf736, 0xf736, 0xf736, 0xff36, 0xff36,
    0xff36, 0xf736, 0xf736, 0xf736, 0xf736, 0xf716, 0xf736, 0xf715, 0xf6f5, 0xeef5, 0xe694, 0xde74,
    0x944e, 0x8c6f, 0x9470, 0x3a07, 0x630a, 0x6b6c, 0x41e7, 0x39e7, 0x73ad, 0x738c, 0x4207, 0x4207,
    0x5aea, 0x5ac9, 0x5ac9, 0x4a68, 0x9cb1, 0x9470, 0x7bad, 0x5aca, 0x2944, 0x62eb, 0x2924, 0x4227,
    0x4a68, 0x39c6, 0x4207, 0x5aca, 0x52a9, 0x3185, 0x83ee, 0x6b0a, 0xd634, 0xe694, 0xeeb4, 0xf6f5,
    0xf736, 0x5246, 0x5209, 0x20c3, 0x18c3, 0x20e4, 0x520a, 0x20e4, 0x20e3, 0x2103, 0x20e4, 0x20e4,
    0x20e4, 0x20e3, 0x20e3, 0x20e3, 0x20e3, 0x20e3, 0x524a, 0x41e8, 0x5a4a, 0x2124, 0x4a09, 0x49a5,
    0x51a4, 0x51a4, 0x51a4, 0x41c5, 0x5289, 0x52a9, 0x5aa9, 0x5ac9, 0x52c9, 0x5ac9, 0x5aa9, 0x5aa9,
    0x5a88, 0x5aa9, 0x4a48, 0x4248, 0x4a69, 0x4a68, 0x4a48, 0x3a07, 0x18e3, 0x1903, 0x2144, 0x2144,
    0x18e3, 0x10e3, 0x2124, 0x51e6, 0x51c5, 0x59a5, 0x51a5, 0x41c5, 0x2103, 0x1903, 0x1924, 0x2924,
    0x49c6, 0x2944, 0x2964, 0x3185, 0x62ca, 0x62a9, 0x62a9, 0x5248, 0x62a9, 0x72ea, 0x6268, 0x730b,
    0x5248, 0x5248, 0x5a69, 0x49e7, 0x49e7, 0x49e7, 0x49e7, 0x4a07, 0x49e7, 0x49c6, 0x61a5, 0x61a5,
    0x61a5, 0x59a5, 0x61a5, 0x61a5, 0x61a5, 0x61a5, 0x69c5, 0x61c5, 0x61c5, 0x61c5, 0x61c5, 0x61a4,
    0x61c5, 0x61c5, 0x61a5, 0x61a5, 0x61a5, 0x61c5, 0x59a5, 0x59a5, 0x59a4, 0x61c5, 0x61a5, 0x61c5,
    0x59e5, 0x49c5, 0x41a5, 0x5206, 0x49e5, 0x49e5, 0x49e5, 0x49e5, 0x41c5, 0x5a88, 0x630a, 0x62c9,
    0x62ea, 0x630a, 0x630a, 0x62ca, 0x5a89, 0x5a89, 0x6b2b, 0x630a, 0x62ea, 0x5aa9, 0x5289, 0x5aca,
    0x5aa9, 0x5a89, 0x4a28, 0x5269, 0x4a28, 0x49e6, 0x5207, 0x51c5, 0x59a5, 0x59c7, 0xf718, 0xff36,
    0xff36, 0xff36, 0xff36, 0xf736, 0x93cc, 0xff36, 0xff36, 0xff56, 0xeef6, 0xeef8, 0xf738, 0xbdb5,
    0x3144, 0xd657, 0x1880, 0xff79, 0xff9a, 0x20c1, 0xd636, 0x3121, 0xf716, 0xf737, 0xf758, 0x18a0,
    0x7b8c, 0x1040, 0x18e1, 0x1040, 0x1020, 0xeef9, 0xff78, 0x3163, 0xf736, 0xff58, 0xff58, 0xff56,
    0xf736, 0xf736, 0xf736, 0xf736, 0xf736, 0xf736, 0xf736, 0xf736, 0xf736, 0xf736, 0xf736, 0xf736,
    0xff36, 0xf736, 0xf736, 0xff36, 0xf736, 0xf736, 0xf736, 0xf735, 0xf6f5, 0xeed4, 0xe6b4, 0xde53,
    0x734a, 0x8c4f, 0x83ee, 0x4a48, 0x736c, 0x6b2b, 0x39c6, 0x39c6, 0x5289, 0x6b6c, 0x8c2f, 0x9470,
    0x9cb1, 0x840e, 0x4a27, 0x10a2, 0x736d, 0x2944, 0x4a68, 0x6b4c, 0x5289, 0x632b, 0x6b4c, 0x73ad,
    0x5aca, 0x4207, 0x4a28, 0x6b6c, 0x5aca, 0x31c6, 0x736c, 0x734b, 0xd634, 0xe693, 0xeed5, 0xf715,
    0xf736, 0x5206, 0x3987, 0x20e3, 0x49e9, 0x49e8, 0x522a, 0x20e4, 0x18e3, 0x2103, 0x20e4, 0x20e4,
    0x20e4, 0x20e4, 0x20e4, 0x20e4, 0x20e3, 0x20e3, 0x5209, 0x20e4, 0x49e8, 0x2925, 0x3125, 0x51a6,
    0x51a4, 0x51a4, 0x51a4, 0x3964, 0x5268, 0x52a9, 0x52a9, 0x5aa9, 0x5aa9, 0x5aaa, 0x5aaa, 0x5aa9,
    0x5aa9, 0x5a89, 0x4a49, 0x4a28, 0x4a69, 0x4a69, 0x4a49, 0x4a28, 0x2124, 0x2104, 0x2945, 0x2945,
    0x2104, 0x2125, 0x2104, 0x51c6, 0x59c6, 0x59c6, 0x59c6, 0x49c6, 0x2124, 0x2125, 0x2144, 0x2924,
    0x49a6, 0x3165, 0x2965, 0x4a08, 0x62cb, 0x62aa, 0x5248, 0x5a69, 0x6aaa, 0x6aaa, 0x72eb, 0x6acb,
    0x5249, 0x5228, 0x6289, 0x5208, 0x49e7, 0x49c7, 0x51e8, 0x5208, 0x5208, 0x51e7, 0x61e7, 0x61e6,
    0x61e6, 0x61e6, 0x61c6, 0x61c6, 0x59c6, 0x61c6, 0x61c6, 0x61e6, 0x61e6, 0x61e6, 0x61c6, 0x61c6,
    0x61e6, 0x61c6, 0x61c6, 0x61c6, 0x61e6, 0x69e6, 0x61c6, 0x61c6, 0x61e6, 0x61c6, 0x61e6, 0x61e6,
    0x61e6, 0x6207, 0x51e7, 0x3965, 0x49c6, 0x51e6, 0x5207, 0x49c6, 0x41c6, 0x62aa, 0x62ea, 0x5a8a,
    0x62eb, 0x6b0b, 0x62eb, 0x5a69, 0x5a89, 0x5aaa, 0x62eb, 0x6b2c, 0x62eb, 0x5aca, 0x5aaa, 0x62eb,
    0x5aca, 0x5a89, 0x5228, 0x41c6, 0x41a5, 0x4185, 0x4985, 0x51a5, 0x59a5, 0x59c7, 0xf718, 0xff36,
    0xff36, 0xff36, 0xff36, 0xff36, 0x93cc, 0xf736, 0xf736, 0xf757, 0x0800, 0x49e6, 0xf737, 0x0820,
    0x20c2, 0x3143, 0x18a1, 0x41a4, 0x1061, 0x1081, 0xff7a, 0xf6f6, 0xeef6, 0x3122, 0x3984, 0x5247,
    0xb552, 0x49e5, 0x18a1, 0x83ed, 0xffdc, 0x18c2, 0x9cb0, 0x3122, 0xf736, 0xff58, 0xff58, 0xff56,
    0xff36, 0xf736, 0xf736, 0xf736, 0xf736, 0xf736, 0xf736, 0xff36, 0xf736, 0xf736, 0xf736, 0xf736,
    0xf736, 0xf736, 0xf736, 0xf736, 0xf736, 0xf736, 0xff36, 0xf715, 0xeef5, 0xeed5, 0xe694, 0xde73,
    0x7b6a, 0x632b, 0x94b1, 0x4a69, 0x7bcd, 0x630b, 0x39c6, 0x62eb, 0x4227, 0x18e2, 0x2103, 0x738d,
    0x4a69, 0x5aca, 0x5289, 0x52a9, 0x73ad, 0x4a48, 0x7bcd, 0x840e, 0x630b, 0x5aea, 0x6b4c, 0x83ee,
    0x5aca, 0x62eb, 0x5289, 0x630a, 0x4a48, 0x4207, 0x840f, 0x6ae9, 0xd633, 0xe674, 0xe6b4, 0xf6f5,
    0xf736, 0x5a27, 0x28e4, 0x18c3, 0x2905, 0x18c3, 0x520a, 0x20e4, 0x18e3, 0x18e3, 0x20e3, 0x20e4,
    0x20e4, 0x20e4, 0x2104, 0x20e4, 0x20e4, 0x5229, 0x520a, 0x522a, 0x3146, 0x2104, 0x3146, 0x51a6,
    0x59a4, 0x51a4, 0x51a4, 0x49a4, 0x5288, 0x5288, 0x5288, 0x5aab, 0x93d2, 0x6aae, 0x6a8e, 0x6aae,
    0x6aae, 0x6aae, 0x6a8e, 0x6a8e, 0x6a8d, 0x6a8d, 0x6a8d, 0x6a8e, 0x6a8e, 0x6aae, 0x6a8e, 0x6a8d,
    0x6a8e, 0x6a8e, 0x6a8e, 0x6aae, 0x6a8e, 0x6a8d, 0x6a8d, 0x6a8d, 0x6aae, 0x6a8e, 0x6a8d, 0x6a8d,
    0x6a8d, 0x6a8d, 0x6a8e, 0x6a8e, 0x6a8d, 0x6a8d, 0x6a8e, 0x6a8e, 0x6a8d, 0x72ae, 0x6aae, 0x6aae,
    0x6aae, 0x6a8d, 0x6a8d, 0x6a8d, 0x6a8d, 0x6a8d, 0x6aad, 0x6a8d, 0x6a8d, 0x6a8d, 0x6aae, 0x6aae,
    0x72ae, 0x728d, 0x728d, 0x6a8d, 0x6a8d, 0x728d, 0x6a8d, 0x6a8d, 0x6a8d, 0x6a8d, 0x6aad, 0x72ad,
    0x6a8d, 0x72ae, 0x72ad, 0x6a8d, 0x728d, 0x6a8d, 0x6a8d, 0x6a8d, 0x6a8d, 0x6a8d, 0x6a8d, 0x6a8d,
    0x6aad, 0x6aad, 0x6aad, 0x6aae, 0x6a8d, 0x6aad, 0x6aad, 0x6a8d, 0x6a8d, 0x6a8d, 0x6a8d, 0x6a8d,
    0x6a8e, 0x6a8d, 0x6a8e, 0x6a8e, 0x6aae, 0x6aae, 0x6aae, 0x6aae, 0x6aae, 0x6aae, 0x6aae, 0x6aae,
    0x93d2, 0x628b, 0x5248, 0x5227, 0x51e6, 0x4964, 0x51a5, 0x59a5, 0x51a5, 0x51c7, 0xf718, 0xff36,
    0xff36, 0xff36, 0xff36, 0xff36, 0x93cc, 0xff36, 0xf736, 0x0820, 0x2902, 0xde74, 0x1020, 0x5247,
    0x3984, 0xf717, 0x41c5, 0xf738, 0x1060, 0x5268, 0xb551, 0xff59, 0x1880, 0x1860, 0xeef6, 0x0800,
    0xb554, 0xc5d3, 0xf738, 0x1060, 0xffbc, 0x41e5, 0xff7a, 0x2901, 0xff36, 0xff58, 0xff58, 0xff56,
    0xff36, 0xff36, 0xf736, 0xf736, 0xf736, 0xf736, 0xff36, 0xf736, 0xff36, 0xf736, 0xf736, 0xf736,
    0xf736, 0xf736, 0xf736, 0xf736, 0xf736, 0xff36, 0xf736, 0xf736, 0xf715, 0xeef5, 0xe6b4, 0xde53,
    0xacf0, 0x5aca, 0x840f, 0x4a48, 0x5289, 0x6b6c, 0x4a69, 0x62eb, 0x5289, 0x6b6c, 0x52a9, 0x632b,
    0x4a68, 0x738c, 0x7bcd, 0x5b0a, 0x52aa, 0x39e6, 0x630b, 0x630a, 0x5aa9, 0x6b6c, 0x630b, 0x736c,
    0x52a9, 0x6b4c, 0x4a68, 0x5aca, 0x41e7, 0x5aca, 0x7b8d, 0x6ae9, 0xd653, 0xe694, 0xeeb4, 0xf6f5,
    0xf716, 0x6268, 0x28e4, 0x20c3, 0x2904, 0x5229, 0x520a, 0x5229, 0x20e3, 0x2103, 0x18e3, 0x20e4,
    0x20e4, 0x20e4, 0x20e4, 0x20e4, 0x2925, 0x28e5, 0x522a, 0x2104, 0x522a, 0x522a, 0x49e9, 0x4986,
    0x51a4, 0x51a4, 0x51a4, 0x51e6, 0x5288, 0x5288, 0x5289, 0x8371, 0x624b, 0x5a4b, 0x5a2b, 0x5a2b,
    0x5a4b, 0x5a2c, 0x5a2c, 0x5a2b, 0x5a2b, 0x5a2b, 0x5a2b, 0x5a2b, 0x5a2b, 0x5a4c, 0x5a2b, 0x5a2b,
    0x5a2b, 0x5a2c, 0x5a2c, 0x5a2b, 0x5a2b, 0x5a2c, 0x5a2b, 0x5a2b, 0x5a2c, 0x5a2b, 0x5a2b, 0x5a2b,
    0x5a2b, 0x5a2b, 0x5a2b, 0x5a2b, 0x5a2b, 0x5a2b, 0x5a2b, 0x624c, 0x5a2b, 0x5a2b, 0x5a2b, 0x5a2b,
    0x5a2b, 0x5a2b, 0x5a2b, 0x5a2b, 0x5a2b, 0x5a2b, 0x5a2b, 0x5a2b, 0x5a2b, 0x5a2b, 0x5a0b, 0x5a2b,
    0x5a2b, 0x5a2b, 0x5a2b, 0x5a2b, 0x5a2b, 0x5a2b, 0x5a2b, 0x5a2b, 0x5a2b, 0x5a2b, 0x5a2b, 0x5a2b,
    0x5a2b, 0x5a2b, 0x5a2b, 0x5a2b, 0x5a2b, 0x5a2b, 0x5a2b, 0x5a2b, 0x5a2b, 0x5a2b, 0x5a2b, 0x5a2b,
    0x5a4b, 0x5a4c, 0x624c, 0x5a4b, 0x5a4b, 0x624b, 0x5a2b, 0x5a2b, 0x5a2b, 0x5a2b, 0x5a2b, 0x5a2b,
    0x5a2b, 0x5a2b, 0x624b, 0x624c, 0x5a2b, 0x5a2b, 0x5a2b, 0x624c, 0x624c, 0x5a4c, 0x5a2b, 0x5a2b,
    0x5a2c, 0x93d2, 0x5228, 0x49c6, 0x59c5, 0x61c5, 0x61a5, 0x59a5, 0x49a5, 0x4185, 0xf718, 0xff36,
    0xff36, 0xff36, 0xff36, 0xff56, 0x93cb, 0xff36, 0xf716, 0x1040, 0x1880, 0xeed5, 0xffbb, 0xff9a,
    0xff9b, 0xf717, 0x20c2, 0xff79, 0xeef7, 0x736b, 0xce16, 0x1880, 0xe6b8, 0x1040, 0xf6f5, 0x6b08,
    0x2902, 0xeed6, 0xcdd3, 0x1060, 0x0800, 0x5204, 0xf716, 0xff58, 0xff36, 0xff58, 0xff58, 0xff56,
    0xff36, 0xf736, 0xff36, 0xff36, 0xf736, 0xf736, 0xff36, 0xff36, 0xf736, 0xff36, 0xff36, 0xf736,
    0xf716, 0xf736, 0xff36, 0xf736, 0xf736, 0xf736, 0xf736, 0xf715, 0xf715, 0xeed5, 0xe694, 0xde73,
    0xd634, 0x5aa9, 0x736c, 0x6b4c, 0x4a89, 0x6b6c, 0x52aa, 0x738d, 0x4a48, 0x738c, 0x738c, 0x39c6,
    0x5aca, 0x632b, 0x5aca, 0x6b4c, 0x8c30, 0x7bee, 0x6b4c, 0x736c, 0x7bad, 0x8c0f, 0x6b4c, 0x62ea,
    0x4a28, 0x5289, 0x6b4c, 0x5aa9, 0x39c6, 0x8c2f, 0x62ca, 0x8bcc, 0xd653, 0xe694, 0xeed4, 0xf6f5,
    0xf736, 0x6288, 0x3126, 0x49e9, 0x49e9, 0x20e4, 0x49e9, 0x3105, 0x20c3, 0x2103, 0x18e3, 0x2104,
    0x20e3, 0x20e4, 0x20e4, 0x2104, 0x20e3, 0x2104, 0x20c3, 0x20c4, 0x3967, 0x49e8, 0x5a2a, 0x4165,
    0x59a4, 0x5184, 0x59a4, 0x5206, 0x5268, 0x5268, 0x5269, 0x51eb, 0x5a2b, 0x5a2b, 0x624b, 0x624b,
    0x5a4c, 0x5a2c, 0x5a2c, 0x5a2b, 0x5a2b, 0x5a2b, 0x5a2b, 0x5a2b, 0x5a2b, 0x5a2b, 0x624b, 0x624c,
    0x5a4c, 0x5a2c, 0x5a2b, 0x5a2b, 0x5a2b, 0x5a4b, 0x624c, 0x5a4c, 0x5a4c, 0x5a4b, 0x624c, 0x5a2b,
    0x5a2b, 0x5a2b, 0x5a2b, 0x5a2b, 0x5a2b, 0x5a2b, 0x5a2b, 0x5a2b, 0x5a4b, 0x5a4b, 0x5a2b, 0x5a2b,
    0x5a2b, 0x5a2b, 0x5a2b, 0x5a2b, 0x5a4b, 0x5a4b, 0x5a4b, 0x5a2b, 0x5a2c, 0x5a2b, 0x5a2b, 0x5a2b,
    0x5a2b, 0x5a2b, 0x5a2b, 0x5a2b, 0x5a2b, 0x5a2c, 0x5a2b, 0x622b, 0x5a2b, 0x5a2b, 0x626c, 0x5a2b,
    0x5a2b, 0x5a2b, 0x5a2b, 0x5a2b, 0x5a2b, 0x5a2b, 0x5a2b, 0x5a2b, 0x5a2b, 0x5a2b, 0x5a0b, 0x5a2b,
    0x5a2b, 0x5a4b, 0x5a2b, 0x626c, 0x5a4b, 0x5a2b, 0x5a2b, 0x5a2b, 0x5a2b, 0x5a0b, 0x5a0a, 0x5a0b,
    0x5a2b, 0x624b, 0x624b, 0x624c, 0x624c, 0x5a2b, 0x5a2b, 0x624c, 0x624b, 0x624c, 0x624c, 0x5a2b,
    0x5a2b, 0x6a6d, 0x4166, 0x51a5, 0x61a5, 0x61a4, 0x61a5, 0x61a4, 0x59c5, 0x59e7, 0xf718, 0xff36,
    0xff36, 0xff36, 0xff36, 0xff36, 0x93cb, 0xff36, 0xf736, 0x1020, 0xf756, 0x62a8, 0x1881, 0xde76,
    0x5205, 0xe6b7, 0x1860, 0x1880, 0x2903, 0xff9a, 0x1040, 0xe6b7, 0xcdf4, 0x1040, 0xacef, 0xbd51,
    0x1881, 0x20a0, 0x9c6d, 0x18a0, 0xf737, 0xe695, 0xde97, 0x62a7, 0xf736, 0xff58, 0xff58, 0xff56,
    0xff36, 0xeeb5, 0xcdd2, 0xf715, 0xff37, 0xc551, 0xf716, 0xf716, 0xeef6, 0xf736, 0xc571, 0xff36,
    0xc570, 0xf736, 0xf737, 0xbd30, 0xc571, 0xf736, 0xff17, 0xacce, 0xf716, 0xeef5, 0xe6b4, 0xde73,
    0xd633, 0x5a88, 0x5aca, 0x9cd2, 0x52aa, 0x5aca, 0x630b, 0x31a5, 0x7bee, 0x632b, 0x632b, 0x39e6,
    0x840f, 0x840e, 0x62ea, 0x18c2, 0x10a2, 0x5289, 0x4228, 0x4227, 0x2123, 0x62eb, 0x2103, 0x6b2b,
    0x738d, 0x4207, 0x52a9, 0x52aa, 0x5289, 0x9cd2, 0x5a89, 0xc5d2, 0xde53, 0xe694, 0xeed5, 0xf6f5,
    0xf736, 0x5226, 0x520a, 0x3105, 0x49e8, 0x18c3, 0x20c3, 0x20c3, 0x18e3, 0x2103, 0x20e3, 0x20e3,
    0x20e4, 0x20e4, 0x2103, 0x20e4, 0x18e3, 0x20e3, 0x2103, 0x2925, 0x5a6a, 0x41a8, 0x51ea, 0x4144,
    0x5984, 0x5984, 0x59a4, 0x5a27, 0x5268, 0x5268, 0x5269, 0x51eb, 0x5a2b, 0x5a4b, 0x624c, 0x5a2c,
    0x5a4c, 0x5a4c, 0x5a2b, 0x5a2b, 0x5a2b, 0x5a2b, 0x5a2b, 0x5a2b, 0x51ea, 0xff9f, 0x5a4b, 0x5a2c,
    0x5a4c, 0x5a4b, 0x5a2c, 0x5a2c, 0x5a2b, 0x5a2c, 0x622c, 0x624c, 0x5a2b, 0x624b, 0x5a2b, 0x5a2b,
    0x5a2c, 0x5a2b, 0x5a0b, 0x5a0b, 0x5a2b, 0x5a2b, 0x5a2b, 0x5a2b, 0x624c, 0x5a2b, 0x5a2b, 0x5a2b,
    0x5a2b, 0x5a2c, 0x5a2b, 0x624b, 0x624b, 0x624b, 0x624b, 0x5a4b, 0x5a2b, 0x5a2b, 0x5a2b, 0x5a2c,
    0x5a2b, 0x5a2b, 0x5a2b, 0x5a2b, 0x5a2b, 0x5a2b, 0x5a2b, 0x5a2b, 0x624b, 0x626b, 0x5a0a, 0x5a2b,
    0x5a2b, 0x5a2b, 0x624c, 0x5a2b, 0x5a2b, 0x5a2b, 0x5a2b, 0x5a2b, 0x5a2c, 0x5a2b, 0x5a0a, 0xf71d,
    0x49c9, 0x5a2b, 0x5a2b, 0xff5e, 0xbd77, 0x624b, 0x624b, 0x5a2b, 0x5a2b, 0x51e9, 0xeefc, 0x51ea,
    0x5a2b, 0x5a2b, 0x626c, 0xd619, 0x624c, 0x624c, 0x5a2b, 0x5a2b, 0x624c, 0x624c, 0x5a2b, 0x622c,
    0x5a2b, 0x626d, 0x5186, 0x59a5, 0x61a5, 0x61c5, 0x61a5, 0x69c5, 0x61a4, 0x61c7, 0xf719, 0xff36,
    0xff36, 0xff36, 0xff36, 0xf736, 0x8bcb, 0xff36, 0xf736, 0x1060, 0x18a0, 0x1880, 0x1880, 0x5225,
    0xff79, 0xef19, 0x1040, 0xff9a, 0x20c0, 0xf758, 0x1060, 0x1060, 0x1060, 0xe6d9, 0x838a, 0xeef6,
    0x20c2, 0x1081, 0x0820, 0x0820, 0x3143, 0x3965, 0xeef8, 0xf716, 0xff35, 0xff57, 0xff58, 0xff56,
    0xff16, 0x8b8a, 0xff37, 0xf716, 0xf6f7, 0xf736, 0xf716, 0xff38, 0x72c8, 0xf715, 0x93cc, 0xe655,
    0xde54, 0xf736, 0xff56, 0xff38, 0xf717, 0xf716, 0xeeb6, 0xeed5, 0xcd92, 0xf6f5, 0xeeb5, 0xe674,
    0xd613, 0x9c4e, 0x4a47, 0x9cd1, 0x630b, 0x5aaa, 0x738c, 0x5aca, 0x6b2c, 0x4a68, 0x52a9, 0x5aeb,
    0x630b, 0x31a5, 0x5289, 0x5aea, 0x4207, 0x630b, 0x5aea, 0x6b4c, 0x4228, 0x39e7, 0x4a69, 0x62eb,
    0x3185, 0x5aca, 0x5289, 0x4a48, 0x9491, 0x736d, 0x62a8, 0xcdd2, 0xde54, 0xe693, 0xeed5, 0xf715,
    0xff36, 0x5206, 0x5a0a, 0x3967, 0x522a, 0x20c4, 0x18e3, 0x18e3, 0x18e3, 0x18e3, 0x18e3, 0x18e3,
    0x2103, 0x2104, 0x18e3, 0x2103, 0x4a09, 0x5a6b, 0x20e4, 0x2104, 0x2104, 0x51ea, 0x3967, 0x4164,
    0x5184, 0x59a4, 0x5184, 0x51a5, 0x5247, 0x5288, 0x5269, 0x5a0b, 0x624b, 0x5a2b, 0x5a2c, 0x622b,
    0x624c, 0x5a2b, 0x5a2b, 0x5a2b, 0x5a2b, 0x5a2b, 0x5a2b, 0x5a2b, 0x5a2b, 0x8bd0, 0x5a4b, 0x5a2b,
    0x5a2b, 0x5a2b, 0x5a2b, 0x5a0a, 0x5a0a, 0x5a2b, 0x622c, 0x624b, 0x5a2b, 0x5a2b, 0x5a2b, 0x5a0b,
    0x5a0b, 0x5a0b, 0x5a0b, 0x5a2b, 0x5a0b, 0x5a2b, 0x5a2b, 0x624b, 0x5a2b, 0x5a2b, 0x5a0a, 0x5a0a,
    0x5a0a, 0x5a0b, 0x624b, 0x5a2b, 0x5a4b, 0x624b, 0x624c, 0x624b, 0x5a2b, 0x5a0b, 0x520a, 0x5a0a,
    0x5a2b, 0x5a2b, 0x5a0a, 0x5a2b, 0x5a0b, 0x5a2b, 0x5a2b, 0x624b, 0x626c, 0xff9f, 0x624b, 0x5a2b,
    0x5a0b, 0x5a0b, 0x5a0a, 0x5a2b, 0x5a2b, 0x5a2b, 0x5a2b, 0x5a0b, 0x5a0b, 0x51ea, 0x5a0b, 0xb534,
    0x49c9, 0x5a2b, 0x5a2b, 0x522a, 0xa4b3, 0x624c, 0x5a2b, 0x5a0a, 0x5a0a, 0xff5d, 0x5a0a, 0x622c,
    0x622c, 0x626c, 0x624b, 0x5a4a, 0x624b, 0x5a0b, 0x5a2b, 0x5a2b, 0x5a2b, 0x622c, 0x624c, 0x5a2b,
    0x624b, 0x6a4d, 0x5986, 0x59a5, 0x61a5, 0x69c5, 0x69c5, 0x61c5, 0x61c5, 0x61e6, 0xf6f8, 0xff36,
    0xf736, 0xff36, 0xff36, 0xff36, 0x8bcb, 0xf716, 0xf716, 0xff9a, 0xf77a, 0xf759, 0xf738, 0xf758,
    0xf736, 0x1040, 0x20a1, 0xb551, 0x28e2, 0x1060, 0x944f, 0xb550, 0x0800, 0x0840, 0xe6b7, 0xde55,
    0x1080, 0x0820, 0xf738, 0xf738, 0x18a1, 0xc594, 0x5225, 0xf736, 0xff35, 0xff57, 0xff58, 0xff56,
    0xf715, 0xff37, 0xde35, 0xf717, 0xd5d3, 0xf736, 0xf716, 0xcd92, 0xeeb7, 0xf716, 0x8b8a, 0xff58,
    0xde55, 0xff36, 0xf736, 0xf737, 0xff38, 0xf716, 0xbd10, 0xf716, 0xde14, 0xf6f5, 0xeed5, 0xe694,
    0xde53, 0xcdf2, 0x5a87, 0x734c, 0xce37, 0x630b, 0x5aca, 0x73ad, 0x4227, 0x630b, 0x7bce, 0x18e3,
    0x4a89, 0x5aca, 0x52a9, 0x6b6c, 0x52a9, 0x738d, 0x630b, 0x4227, 0x632c, 0x4228, 0x736c, 0x3185,
    0x5289, 0x52a9, 0x5aaa, 0x632b, 0xa513, 0x5268, 0xc592, 0xd633, 0xde73, 0xe6b4, 0xeed5, 0xf715,
    0xff36, 0x5226, 0x49e9, 0x520a, 0x2905, 0x2124, 0x20e4, 0x524a, 0x49e9, 0x18c3, 0x2104, 0x18e3,
    0x2104, 0x2104, 0x18e3, 0x20e4, 0x5a0a, 0x5a2a, 0x5a4a, 0x2104, 0x3125, 0x51ca, 0x49c9, 0x4145,
    0x5184, 0x59a4, 0x59a4, 0x59a4, 0x49a4, 0x4184, 0x49e7, 0x5a0b, 0x622b, 0x5a2b, 0x5a2c, 0x5a2c,
    0x5a2b, 0x5a0b, 0xbd56, 0xc597, 0x626b, 0x520a, 0xa4b3, 0xf73d, 0x51ea, 0x838f, 0x5a0a, 0x51ea,
    0xde5a, 0xf73d, 0x624b, 0xa493, 0x8bd0, 0xff5e, 0x628c, 0xacd4, 0xf73d, 0x5a2b, 0xff5e, 0xc5b8,
    0x51e9, 0x5a6b, 0x9c73, 0xff5e, 0x5a2b, 0xf73d, 0x5a2b, 0xff9f, 0x51e9, 0xf71d, 0x9411, 0xeefc,
    0x5209, 0xf73d, 0x732e, 0x5a2b, 0x624b, 0x5a4b, 0xeedc, 0x9c72, 0x5a2b, 0x7b2e, 0xb515, 0xf71d,
    0x51c9, 0xff3d, 0xacb4, 0xf71c, 0xd5f9, 0xff9e, 0x520a, 0x624b, 0x5a2a, 0x62ac, 0x8370, 0xe6dc,
    0x5a0b, 0xde5a, 0x51c9, 0xff7e, 0x51e9, 0xc5b7, 0xf71d, 0x5a2b, 0xff5d, 0x7b4e, 0xd63a, 0xbd35,
    0x51c9, 0x5a2b, 0xde7a, 0xffbf, 0xa493, 0x5a4b, 0xa493, 0xe69b, 0x626c, 0xef1b, 0xcdb8, 0x9c52,
    0xbd36, 0x9c52, 0x5a2a, 0xff7e, 0x5a4b, 0xf71c, 0xcdd8, 0xf6fd, 0x5a2b, 0x5a2c, 0x5a2b, 0x5a2b,
    0x5a2b, 0x6a4c, 0x5166, 0x5985, 0x6184, 0x61a5, 0x69c5, 0x61a5, 0x61a4, 0x61c7, 0xf718, 0xff36,
    0xff36, 0xff36, 0xff36, 0xff36, 0x8bcb, 0xf716, 0xf716, 0x1060, 0x5aa8, 0x5268, 0x5a88, 0x2903,
    0xf759, 0x944e, 0x2901, 0xd635, 0x1060, 0xbd93, 0x18a2, 0x1060, 0x20e2, 0xa4f1, 0x6b0a, 0x62c9,
    0x41e6, 0x0820, 0x3963, 0xff79, 0x18c2, 0x62c9, 0x83cb, 0xf757, 0xff36, 0xff57, 0xff37, 0xff56,
    0xff36, 0xff37, 0xff37, 0xf715, 0xff37, 0xff38, 0xff17, 0xf717, 0xff16, 0xff16, 0xff38, 0xff36,
    0xf736, 0xf736, 0xf736, 0xf737, 0xf737, 0xff36, 0xff58, 0xe695, 0xf715, 0xf6f5, 0xeed5, 0xe694,
    0xde73, 0xd5f2, 0xcdd2, 0x5268, 0x8c2f, 0xbdd6, 0x5b0b, 0x83ee, 0x6b6c, 0x4a68, 0x39c6, 0x6b4c,
    0x5aca, 0x39e6, 0x6b2c, 0x5289, 0x5289, 0x52aa, 0x4a48, 0x6b4c, 0x3165, 0x736d, 0x2124, 0x4a48,
    0x5289, 0x4a69, 0x4a68, 0xad33, 0x734c, 0x5a68, 0xcdf2, 0xd633, 0xe673, 0xeed4, 0xeed5, 0xf715,
    0xf736, 0x5226, 0x520a, 0x5a0a, 0x2905, 0x2104, 0x522a, 0x5a4b, 0x5a0a, 0x20e4, 0x18e3, 0x20e3,
    0x2104, 0x2104, 0x18e3, 0x2104, 0x51ea, 0x3126, 0x20e4, 0x2924, 0x520a, 0x51c9, 0x51e9, 0x3944,
    0x5984, 0x59a4, 0x5184, 0x59a4, 0x51a4, 0x4184, 0x3985, 0x5a0b, 0x5a2b, 0x5a2b, 0x5a2b, 0x5a2b,
    0x5a2b, 0x5a2b, 0xcdd7, 0x5a2a, 0x7b8f, 0xff9e, 0x626c, 0x5a4a, 0x6acc, 0x7b6f, 0x59ea, 0xf73d,
    0x5a4b, 0x626b, 0x730d, 0xff9e, 0x5a2a, 0x628c, 0xff5e, 0x5a6a, 0x520a, 0xa493, 0x49a8, 0x51e9,
    0xf71d, 0xff9e, 0x626c, 0x5a4b, 0x6acc, 0xff7e, 0x624b, 0x8bf0, 0x49c8, 0x8bf0, 0x49a8, 0x51ea,
    0x5a4a, 0x5a2b, 0xf75d, 0x624c, 0x5a2b, 0x6acc, 0x628b, 0x5a2b, 0x5a4a, 0xff7d, 0x5a2b, 0x51e8,
    0x51e9, 0xcdd7, 0x51e9, 0xacf4, 0x522a, 0x5a2a, 0xa493, 0x624c, 0x9c92, 0x626c, 0x51ea, 0xff7e,
    0x51e9, 0xff5d, 0x51ea, 0x5209, 0xf6fb, 0x5a2b, 0x5229, 0x628b, 0x6aec, 0x5a4a, 0x5a2b, 0xb535,
    0x520a, 0xe6bb, 0x5a2b, 0x51e9, 0x9c52, 0x51ea, 0x730d, 0x5a0a, 0x624c, 0xff3d, 0x5a2b, 0x628c,
    0x626b, 0xff9e, 0x626c, 0xff7e, 0x5a2b, 0xf73c, 0x624b, 0x5a2b, 0x5a2b, 0x5a4b, 0x5a2b, 0x5a2b,
    0x5a2b, 0x624c, 0x5166, 0x5985, 0x5985, 0x6184, 0x61a5, 0x6184, 0x6184, 0x61c6, 0xf718, 0xff36,
    0xff36, 0xff36, 0xff36, 0xff36, 0x93eb, 0xf716, 0xf716, 0x1040, 0xce35, 0x1060, 0x1860, 0x5246,
    0xff9a, 0x20a0, 0xff7a, 0x2902, 0xffbb, 0x1881, 0xf739, 0xff59, 0xff58, 0xf737, 0x0800, 0xa4b0,
    0x0800, 0x1081, 0x1060, 0x1040, 0x20e3, 0xad12, 0x18a1, 0xff58, 0xff56, 0xff57, 0xff58, 0xff56,
    0xff36, 0xf736, 0xf736, 0xff36, 0xff36, 0xff36, 0xf715, 0xf715, 0xf715, 0xff36, 0xff36, 0xff36,
    0xff35, 0xf735, 0xf735, 0xf735, 0xf736, 0xf736, 0xf736, 0xff36, 0xf715, 0xf715, 0xf6d5, 0xeeb4,
    0xe673, 0xd633, 0xcdf2, 0x6ac9, 0x5248, 0xad54, 0x8c50, 0x5aca, 0x83ee, 0x738d, 0x4a68, 0x3165,
    0x736d, 0x738d, 0x4207, 0x83ef, 0x5289, 0x39a6, 0x5aaa, 0x7bae, 0x5aca, 0x18e3, 0x4a68, 0x5aea,
    0x5aca, 0x5aca, 0x9491, 0x9471, 0x4a27, 0x9c6e, 0xd633, 0xde73, 0xe693, 0xeed5, 0xf6f5, 0xf715,
    0xff56, 0x5246, 0x522a, 0x51e9, 0x520a, 0x2104, 0x2104, 0x49a8, 0x51ea, 0x20e4, 0x18e3, 0x20e3,
    0x2103, 0x20e4, 0x18e3, 0x2103, 0x49e9, 0x5a0a, 0x5a2a, 0x51ea, 0x20c4, 0x3987, 0x41a8, 0x3944,
    0x5163, 0x5183, 0x5184, 0x5183, 0x5184, 0x49a4, 0x4185, 0x5a0b, 0x5a2b, 0x5a2b, 0x622b, 0x5a2b,
    0x5a2b, 0x5a2a, 0xc596, 0x624c, 0x5a4b, 0xff7d, 0x5a4c, 0x49e9, 0x93f1, 0x7b6f, 0x520a, 0xff5d,
    0x5a2b, 0x626b, 0x9c52, 0x626b, 0xacd4, 0xff7e, 0x5a2a, 0x6aed, 0xf71c, 0xc5b7, 0x5229, 0x5a2b,
    0x5a2b, 0xff7e, 0x624c, 0x5a2a, 0x6aec, 0xff7e, 0x5a2b, 0x8baf, 0x49c9, 0x8bd0, 0x49a8, 0x51e9,
    0x626a, 0x5a4b, 0xff7e, 0x5a2b, 0x624b, 0x83af, 0x6acc, 0x624c, 0x5a2b, 0xff5d, 0x5a0b, 0x51e9,
    0x51e9, 0xc576, 0x51ea, 0xa4b3, 0x520a, 0x522a, 0xa4b3, 0x5a2b, 0xff7e, 0x5a2b, 0x51ea, 0xff7e,
    0xe6db, 0x730d, 0x49c7, 0x5a2b, 0xf6fb, 0x5a2b, 0x5209, 0x838f, 0x6acc, 0x5a4a, 0x624c, 0xb515,
    0x5a2a, 0xff7e, 0x5a0b, 0x51c9, 0x9c52, 0x5a0a, 0x6aed, 0xf73c, 0x624c, 0xff7d, 0x5a2b, 0xde5a,
    0x5a2a, 0xff9e, 0x626c, 0xff7d, 0x5a2b, 0xf73d, 0x624b, 0x5a2c, 0x5a2b, 0x5a2b, 0x5a2b, 0x624c,
    0x5a2b, 0x624d, 0x5166, 0x5985, 0x5985, 0x61a5, 0x61a5, 0x61a5, 0x6184, 0x59a6, 0xf718, 0xff36,
    0xff36, 0xff36, 0xff36, 0xff36, 0x93ec, 0xf716, 0xf716, 0x0800, 0xce15, 0x0861, 0x0840, 0x5247,
    0xff9a, 0x1860, 0x0820, 0xf77c, 0x20c0, 0xeed7, 0x0820, 0x20a0, 0xf715, 0xff17, 0xeef9, 0xc5b3,
    0xeed5, 0x942e, 0xce14, 0xff99, 0x1020, 0x0820, 0xb574, 0x18a0, 0xf736, 0xff58, 0xff58, 0xff56,
    0xff36, 0xc571, 0xc571, 0xff57, 0xc591, 0xff36, 0xb52f, 0xd5f2, 0xbd30, 0xbd50, 0xf6f6, 0xc571,
    0xe6b4, 0xc591, 0xbd30, 0xff37, 0xff36, 0xff36, 0xf736, 0xff36, 0xf715, 0xf715, 0xf6f5, 0xeed4,
    0xe694, 0xde53, 0xd653, 0xcdf3, 0x4a26, 0x5a89, 0xce38, 0x7bce, 0x5289, 0x6b4c, 0x7bee, 0x632b,
    0x31a5, 0x2103, 0x4a28, 0x630b, 0x738d, 0x62eb, 0x39c6, 0x2103, 0x4248, 0x52aa, 0x5aea, 0x52a9,
    0x5289, 0x7bee, 0xa4f2, 0x4a07, 0x62c8, 0xcdd2, 0xde53, 0xde73, 0xeed4, 0xeef5, 0xf6f5, 0xf715,
    0xff56, 0x49e5, 0x520a, 0x3125, 0x2905, 0x520a, 0x5a2a, 0x51ea, 0x3967, 0x18e3, 0x18e3, 0x20e3,
    0x20e4, 0x20e4, 0x2103, 0x2104, 0x3146, 0x5a0a, 0x520a, 0x522a, 0x20e3, 0x2905, 0x520a, 0x3924,
    0x5184, 0x5164, 0x5164, 0x51a4, 0x51a4, 0x49a4, 0x49c6, 0x5a0b, 0x5a2b, 0x5a2b, 0x5a2b, 0x5a2c,
    0x5a4b, 0x5a2b, 0xf73d, 0xacd4, 0x730e, 0x628b, 0x732d, 0xff7f, 0x520a, 0xc5b7, 0x72ed, 0x5a4a,
    0x8bf1, 0xc5b8, 0x626b, 0xf75e, 0x62ac, 0xcdf9, 0xf71d, 0x62ac, 0xff5e, 0x5a4b, 0xff5e, 0xad15,
    0x72ed, 0x730d, 0xbd76, 0xf75e, 0x836f, 0xc597, 0x9c52, 0xacd3, 0xbd76, 0xcdd8, 0x8bf0, 0x730d,
    0xb515, 0x7b6f, 0xff9e, 0x5a6b, 0xffbf, 0x626c, 0xff7e, 0x9c52, 0x51ea, 0xb515, 0x6aac, 0xff7f,
    0x5a0b, 0xef1c, 0x8bd0, 0xe69a, 0x7b6e, 0x72ed, 0xeefc, 0x5209, 0x522a, 0x5a2b, 0x5a0a, 0x5209,
    0x49e9, 0x520a, 0xf6fc, 0x520b, 0x626b, 0x93f0, 0xff7e, 0x626c, 0xb535, 0xbd76, 0x624c, 0xde7a,
    0x8bf0, 0x5a2a, 0xe6bb, 0xef1c, 0xe6bb, 0x9c32, 0x7b4e, 0xff9f, 0x5a4b, 0xff7d, 0x626b, 0xff9e,
    0x9411, 0xf75d, 0x62ac, 0xffbe, 0x7b4e, 0xf75d, 0x9432, 0x5a2b, 0x5a2b, 0x5a2b, 0x5a2b, 0x5a2b,
    0x5a2b, 0x6a6d, 0x4966, 0x59a5, 0x59a5, 0x61a5, 0x61a5, 0x61a4, 0x6184, 0x59c7, 0xf718, 0xff36,
    0xff36, 0xff36, 0xff36, 0xff36, 0x93ec, 0xff16, 0xf736, 0x0820, 0xe6b6, 0xad11, 0xad31, 0x5a87,
    0xff79, 0xff79, 0x20c1, 0x0820, 0x2902, 0x3942, 0x1860, 0xeef9, 0xde75, 0x1020, 0x736c, 0x49e5,
    0x1860, 0xff79, 0x7329, 0xff57, 0x5a87, 0x3144, 0x1061, 0x20e1, 0xf736, 0xff58, 0xff58, 0xff56,
    0xf736, 0x836a, 0xde33, 0xf715, 0xa46d, 0xee96, 0xacce, 0xff36, 0xee96, 0xff16, 0xf716, 0xe676,
    0xf716, 0xff37, 0xff59, 0xd5f3, 0xf736, 0xff36, 0xff36, 0xff36, 0xff36, 0xf715, 0xf715, 0xeed5,
    0xeeb4, 0xe694, 0xde53, 0xcdf2, 0xc5b2, 0x62c8, 0x41e6, 0xbdb5, 0xbdf7, 0x738d, 0x52a9, 0x738d,
    0x7bee, 0x738c, 0x6b4c, 0x632b, 0x5b0b, 0x630b, 0x6b4c, 0x7bad, 0x738d, 0x632b, 0x5aca, 0x630b,
    0xa513, 0x83ee, 0x41c5, 0x6b09, 0xcdd2, 0xcdf2, 0xde53, 0xe694, 0xeed5, 0xf6f5, 0xf715, 0xf735,
    0xff56, 0x41c5, 0x51ea, 0x3125, 0x20e4, 0x5a2a, 0x520a, 0x520a, 0x20c4, 0x18e3, 0x20e3, 0x20e3,
    0x2104, 0x2104, 0x20e3, 0x2104, 0x51ea, 0x49e9, 0x20e4, 0x20e4, 0x520a, 0x49a8, 0x4188, 0x3944,
    0x5184, 0x5184, 0x5184, 0x51a4, 0x51a5, 0x51c5, 0x51c6, 0x5a0b, 0x624b, 0x5a2b, 0x622b, 0x5a2b,
    0x5a2b, 0x5a2b, 0x624b, 0x624c, 0x624c, 0x624c, 0x624c, 0x5a2c, 0x5a0b, 0x5a0b, 0x5a2b, 0x5a0b,
    0x5a2b, 0x624c, 0x624c, 0x624c, 0x5a4b, 0x624b, 0x5a2b, 0x5a2b, 0x5a2b, 0x5a0b, 0x5a2b, 0x624c,
    0x624c, 0x624c, 0x626b, 0x624c, 0x624c, 0x5a0b, 0x5a0b, 0x5a2b, 0x5a2b, 0x5a2b, 0x5a2b, 0x5a2b,
    0x5a2b, 0x5a2b, 0x624b, 0x624c, 0x624c, 0x622c, 0x5a4b, 0x5a2b, 0x5a0b, 0x5a2b, 0x5a2b, 0x624b,
    0x5a2c, 0x5a2b, 0x5a2b, 0x5a2b, 0x624b, 0x5a2b, 0x5a2b, 0xcdf8, 0x5a2b, 0x5a2b, 0x5a2b, 0x622b,
    0x5a2b, 0x5a2c, 0x5a0b, 0x5a0b, 0x5a0b, 0x5a2b, 0x5a2b, 0x5a2b, 0x624b, 0x624b, 0x624c, 0x624c,
    0x624c, 0x624c, 0x624b, 0x5a2b, 0x5a2b, 0x5a0b, 0x5a2b, 0x5a2b, 0x5a2b, 0x624b, 0x5a2b, 0x5a2b,
    0x5a2b, 0x5a2b, 0x5a2b, 0x5a2b, 0x5a2c, 0x624c, 0x624c, 0x5a2c, 0x5a2b, 0x5a2b, 0x5a2b, 0x5a2b,
    0x5a2b, 0x624d, 0x4966, 0x59a5, 0x5984, 0x59a5, 0x59a5, 0x59a5, 0x5984, 0x59c6, 0xf718, 0xff36,
    0xff36, 0xff36, 0xff36, 0xf736, 0x93ec, 0xf736, 0xf716, 0x0820, 0x0820, 0x0820, 0x0840, 0x1060,
    0xff79, 0xff79, 0x1880, 0x0800, 0xf779, 0xff9a, 0x1020, 0xe6d7, 0xcdd3, 0xf717, 0x62c9, 0x1040,
    0x1881, 0x944e, 0x1860, 0xf737, 0x1040, 0xffbb, 0xff79, 0xff99, 0xff36, 0xff58, 0xff58, 0xff56,
    0xf736, 0x836a, 0xf716, 0xf716, 0x9c2c, 0xf6d7, 0xb4cf, 0xff35, 0xee96, 0xf715, 0xf716, 0xe676,
    0xeef5, 0xff57, 0xff19, 0xeeb6, 0xf736, 0xff36, 0xff36, 0xff35, 0xf715, 0xff15, 0xf6f5, 0xf6f5,
    0xeed5, 0xe694, 0xe674, 0xd632, 0xce12, 0xcdd2, 0x734a, 0x41e6, 0x94b1, 0xe71b, 0xad74, 0x5aeb,
    0x5289, 0x5aea, 0x6b2c, 0x6b4c, 0x6b4c, 0x632b, 0x632c, 0x5aaa, 0x52aa, 0x5b0b, 0x8c50, 0xbdd6,
    0x736c, 0x3184, 0x7329, 0xc591, 0xcdf2, 0xd633, 0xe673, 0xeeb4, 0xeef5, 0xf715, 0xf715, 0xf735,
    0xff56, 0x41e5, 0x4187, 0x3947, 0x520a, 0x20e4, 0x20c4, 0x5a2a, 0x51ea, 0x2104, 0x18e3, 0x20e4,
    0x1904, 0x2103, 0x20e3, 0x28e4, 0x5a0b, 0x51ea, 0x5209, 0x2103, 0x41a7, 0x51ca, 0x51c9, 0x4144,
    0x5164, 0x51a5, 0x51c5, 0x51a4, 0x49a5, 0x51a4, 0x51a5, 0x5a2b, 0x5a2b, 0x5a2b, 0x5a2b, 0x5a2c,
    0x624c, 0x5a2b, 0x5a2c, 0x5a2c, 0x624c, 0x5a2c, 0x5a2b, 0x5a2c, 0x5a2c, 0x5a2c, 0x5a2b, 0x5a2c,
    0x5a2c, 0x5a2c, 0x624c, 0x5a2b, 0x5a4b, 0x5a2c, 0x5a2b, 0x5a2b, 0x5a2b, 0x624c, 0x5a2c, 0x5a4c,
    0x5a2b, 0x624c, 0x5a2c, 0x5a2c, 0x624c, 0x5a2b, 0x5a2c, 0x5a2b, 0x5a2b, 0x5a2c, 0x5a2c, 0x5a2c,
    0x5a2c, 0x5a2c, 0x5a4c, 0x624c, 0x5a2b, 0x5a2b, 0x5a2c, 0x5a2c, 0x5a2c, 0x5a2b, 0x5a0b, 0x622c,
    0x624c, 0x5a2c, 0x624c, 0x624c, 0x5a2b, 0x5a2b, 0x5a2b, 0x5a2a, 0x5a2b, 0x5a2b, 0x5a2b, 0x5a2b,
    0x5a2b, 0x5a2b, 0x5a2b, 0x5a2b, 0x5a2b, 0x5a2b, 0x5a2b, 0x5a2c, 0x5a2c, 0x5a2c, 0x624c, 0x5a2c,
    0x5a2b, 0x5a2b, 0x5a2c, 0x5a2c, 0x5a2c, 0x5a0b, 0x5a2b, 0x5a2b, 0x5a2b, 0x5a2c, 0x5a2c, 0x624c,
    0x5a2b, 0x5a2b, 0x5a2b, 0x5a2b, 0x5a2b, 0x5a2c, 0x5a2b, 0x5a2b, 0x5a2b, 0x5a2b, 0x5a2b, 0x5a2b,
    0x5a2b, 0x624d, 0x5186, 0x5985, 0x59a5, 0x59a5, 0x59c5, 0x51a5, 0x5984, 0x59c6, 0xf718, 0xff36,
    0xff36, 0xff36, 0xff36, 0xff36, 0x93ec, 0xff36, 0xff56, 0xff58, 0xff57, 0xff57, 0xf757, 0xff57,
    0xf736, 0xff36, 0xff56, 0xff37, 0xf736, 0xff36, 0xff57, 0xff37, 0xf737, 0xff57, 0xff57, 0xf757,
    0xff58, 0xff37, 0xff36, 0xf736, 0xff37, 0xff36, 0xff56, 0xff56, 0xf736, 0xff57, 0xff57, 0xff56,
    0xf736, 0xff58, 0xff58, 0xff36, 0xff57, 0xff36, 0xff37, 0xf736, 0xff57, 0xf736, 0xf736, 0xff58,
    0xff57, 0xff57, 0xff57, 0xff57, 0xf736, 0xf736, 0xff36, 0xff56, 0xff36, 0xf715, 0xf716, 0xf715,
    0xf6f5, 0xeed4, 0xe694, 0xde53, 0xd633, 0xcdf2, 0xcdd2, 0x732a, 0x41c6, 0x4a48, 0x9491, 0xe6fb,
    0xad75, 0x840f, 0x630b, 0x632c, 0x5aeb, 0x5aeb, 0x630b, 0x7bce, 0x9cd2, 0xdeba, 0x9cb2, 0x4207,
    0x3184, 0x6b09, 0xc5b2, 0xcdd2, 0xd633, 0xde53, 0xe694, 0xf6d5, 0xf6f5, 0xf715, 0xf715, 0xff36,
    0xff56, 0x41c5, 0x51c9, 0x51c9, 0x2905, 0x2124, 0x524a, 0x5a2b, 0x59ea, 0x20e4, 0x18e3, 0x20e4,
    0x2104, 0x20e3, 0x18e3, 0x2104, 0x520a, 0x520a, 0x2925, 0x2103, 0x2104, 0x51ea, 0x4187, 0x3965,
    0x51a4, 0x51a5, 0x49a4, 0x4984, 0x4984, 0x4964, 0x4985, 0x9c12, 0x5a2c, 0x5a4b, 0x5a4b, 0x5a2c,
    0x5a2b, 0x5a2b, 0x5a2c, 0x5a2b, 0x5a2b, 0x5a2b, 0x5a2c, 0x5a2b, 0x5a2b, 0x5a2b, 0x5a2b, 0x5a2b,
    0x5a2b, 0x5a2b, 0x5a2b, 0x5a0b, 0x5a0b, 0x5a2b, 0x5a2b, 0x5a2b, 0x5a0b, 0x5a2c, 0x5a2b, 0x5a2b,
    0x5a2b, 0x5a2b, 0x5a2b, 0x5a2b, 0x5a2b, 0x5a2c, 0x5a2c, 0x5a0b, 0x5a0b, 0x5a2b, 0x5a2b, 0x5a2c,
    0x5a2b, 0x5a2b, 0x5a2b, 0x5a0b, 0x5a2b, 0x5a0b, 0x5a0b, 0x5a0b, 0x5a0b, 0x5a2b, 0x5a0b, 0x5a0b,
    0x5a2b, 0x5a2b, 0x5a2b, 0x5a2b, 0x5a2b, 0x5a2b, 0x5a0b, 0x5a0b, 0x5a0b, 0x5a0b, 0x5a0b, 0x5a0b,
    0x5a0b, 0x5a0b, 0x5a2b, 0x5a0b, 0x5a0c, 0x5a2b, 0x5a2b, 0x5a2b, 0x5a2b, 0x5a2b, 0x5a2b, 0x5a2b,
    0x5a2c, 0x5a2b, 0x5a0b, 0x5a0b, 0x5a2b, 0x5a2b, 0x5a0b, 0x5a2b, 0x5a2b, 0x5a0b, 0x5a2b, 0x5a2b,
    0x5a2b, 0x5a2c, 0x5a2b, 0x5a2b, 0x5a2b, 0x5a2b, 0x5a2c, 0x5a0b, 0x5a2b, 0x5a2b, 0x5a0b, 0x5a2b,
    0x5a2b, 0x9c13, 0x51a5, 0x59a5, 0x59a4, 0x59a5, 0x59a5, 0x59a5, 0x5184, 0x59a6, 0xf718, 0xff56,
    0xff36, 0xff36, 0xff36, 0xff36, 0x93ec, 0xff56, 0xff36, 0xff56, 0xff56, 0xff56, 0xff56, 0xff36,
    0xff36, 0xff36, 0xff36, 0xff56, 0xff56, 0xff56, 0xff56, 0xff56, 0xff56, 0xff56, 0xff57, 0xff56,
    0xff56, 0xff56, 0xff35, 0xff36, 0xff56, 0xff56, 0xff56, 0xff56, 0xff56, 0xff57, 0xff57, 0xff36,
    0xff36, 0xff36, 0xff36, 0xff36, 0xff36, 0xff36, 0xff36, 0xff36, 0xff36, 0xff36, 0xff36, 0xff36,
    0xff35, 0xf716, 0xff36, 0xff36, 0xff36, 0xff36, 0xff36, 0xff36, 0xff16, 0xff36, 0xf715, 0xff15,
    0xf6f5, 0xeed4, 0xeeb4, 0xe693, 0xde53, 0xd633, 0xcdd1, 0xc5b1, 0xb531, 0x4a06, 0x39c6, 0x5289,
    0x8430, 0xc617, 0xdefb, 0xd699, 0xc617, 0xce79, 0xdefa, 0xbdd6, 0x8c71, 0x5aca, 0x39a5, 0x41c5,
    0xad10, 0xbd91, 0xcdd1, 0xd633, 0xde53, 0xe694, 0xeed4, 0xeef5, 0xf6f5, 0xf715, 0xff35, 0xff35,
    0xff56, 0x41c4, 0x41a8, 0x51e9, 0x20e3, 0x2103, 0x41c8, 0x520a, 0x522a, 0x20e4, 0x20e3, 0x18e3,
    0x2104, 0x18e3, 0x18e3, 0x18e3, 0x18e3, 0x18e3, 0x20e3, 0x2925, 0x3987, 0x51e9, 0x51e9, 0x4185,
    0x51c5, 0x49a4, 0x49a4, 0x4984, 0x4984, 0x4964, 0x4963, 0x4985, 0x8b4f, 0xac74, 0xac74, 0xac74,
    0xac73, 0xac74, 0xac53, 0xa453, 0xa433, 0xac53, 0xa453, 0xa433, 0xac53, 0xac73, 0xac53, 0xac53,
    0xac73, 0xac73, 0xac73, 0xac73, 0xac73, 0xac73, 0xac74, 0xac54, 0xac74, 0xac53, 0xac73, 0xac74,
    0xa473, 0xa433, 0xa433, 0xa433, 0xa453, 0xac54, 0xa454, 0xa433, 0xa474, 0xa474, 0xac74, 0xac74,
    0xac94, 0xac74, 0xa454, 0xa454, 0xa434, 0xac74, 0xa454, 0xa453, 0xac54, 0xa433, 0xa433, 0xac53,
    0xa453, 0xac74, 0xac53, 0xac53, 0xac53, 0xac73, 0xac53, 0xac53, 0xac53, 0xa433, 0xac53, 0xac53,
    0xa433, 0xa453, 0xa453, 0xac53, 0xa453, 0xac73, 0xac73, 0xac74, 0xac53, 0xac53, 0xa453, 0xac53,
    0xac53, 0xac53, 0xac53, 0xac53, 0xa433, 0xac53, 0xac53, 0xa433, 0xa453, 0xac53, 0xac53, 0xa433,
    0xa433, 0xa432, 0xa432, 0xa432, 0xa433, 0xa433, 0xa433, 0xa433, 0xa433, 0xa433, 0xa433, 0xa412,
    0x830e, 0x51a6, 0x5184, 0x5184, 0x5184, 0x5185, 0x5185, 0x5184, 0x5184, 0x59a6, 0xf718, 0xff36,
    0xff36, 0xff36, 0xff36, 0xff36, 0xacce, 0x7b29, 0x7b28, 0x8349, 0x8349, 0x8349, 0x8349, 0x8329,
    0x7b29, 0x7b29, 0x7b29, 0x7b29, 0x7b29, 0x7b28, 0x7b29, 0x7b49, 0x7b29, 0x7b29, 0x8349, 0x8349,
    0x7b49, 0x7b28, 0x7b28, 0x7b28, 0x7b29, 0x7b49, 0x7b49, 0x7b28, 0x7b29, 0x7b29, 0xff57, 0xff36,
    0xff36, 0xff36, 0xff36, 0xff36, 0xff36, 0xff36, 0xff36, 0xff36, 0xff36, 0xff36, 0xff36, 0xff36,
    0xff36, 0xff36, 0xff36, 0xff36, 0xff36, 0xff36, 0xff36, 0xff36, 0xff36, 0xff16, 0xff36, 0xff36,
    0xf715, 0xf6f5, 0xeef5, 0xeeb4, 0xe694, 0xde53, 0xd633, 0xcdf2, 0xcdd2, 0xc5b1, 0xc592, 0x7b8b,
    0x41c5, 0x3164, 0x3164, 0x3184, 0x3184, 0x3164, 0x3144, 0x3164, 0x3984, 0x5a67, 0xc5b2, 0xc5d2,
    0xcdf2, 0xd612, 0xd633, 0xde73, 0xe693, 0xeed4, 0xf6f5, 0xf6f5, 0xf716, 0xf715, 0xff36, 0xff36,
    0xff56, 0x49e5, 0x51e9, 0x3946, 0x49e8, 0x20c3, 0x20e3, 0x18e3, 0x20e3, 0x1903, 0x18e3, 0x18e3,
    0x20e3, 0x18e3, 0x18e3, 0x18e3, 0x18e3, 0x20e4, 0x18c3, 0x20e4, 0x49e9, 0x41a8, 0x51ea, 0x4185,
    0x51c5, 0x49a5, 0x4164, 0x4964, 0x4964, 0x4964, 0x4944, 0x4964, 0x5184, 0x5185, 0x5185, 0x5185,
    0x5164, 0x4964, 0x5184, 0x4964, 0x4964, 0x5164, 0x4964, 0x5184, 0x5164, 0x5164, 0x5184, 0x5184,
    0x5185, 0x5184, 0x4964, 0x5184, 0x5184, 0x5185, 0x5164, 0x5164, 0x5185, 0x5164, 0x51a5, 0x5184,
    0x51a5, 0x5185, 0x5185, 0x5185, 0x5185, 0x4984, 0x51a5, 0x51c6, 0x51c6, 0x49c6, 0x49c6, 0x49a6,
    0x49a6, 0x5207, 0x5a48, 0x5a28, 0x51c6, 0x51c6, 0x3944, 0x4165, 0x51a5, 0x5185, 0x51a5, 0x51a5,
    0x51a5, 0x5185, 0x59a5, 0x5985, 0x59a5, 0x59a5, 0x5985, 0x5985, 0x5985, 0x5985, 0x5985, 0x61a5,
    0x5985, 0x59a5, 0x59c5, 0x5985, 0x5185, 0x59a5, 0x59a5, 0x59a5, 0x59a5, 0x59c5, 0x59a5, 0x59a5,
    0x59a5, 0x5984, 0x5985, 0x5184, 0x59a5, 0x5985, 0x59a5, 0x59a5, 0x5184, 0x51a5, 0x59a5, 0x5185,
    0x5185, 0x5185, 0x5985, 0x51a5, 0x51a5, 0x51a5, 0x5185, 0x51a5, 0x59a5, 0x5185, 0x59a5, 0x5185,
    0x59a5, 0x59a5, 0x5984, 0x5185, 0x5184, 0x5184, 0x59a5, 0x5184, 0x5184, 0x59a6, 0xf6f8, 0xff36,
    0xff36, 0xff36, 0xff36, 0xf736, 0xff36, 0xff36, 0xff36, 0xff56, 0xff36, 0xff36, 0xff36, 0xff36,
    0xff36, 0xff36, 0xff36, 0xff36, 0xff36, 0xff36, 0xff36, 0xff36, 0xff36, 0xff36, 0xff36, 0xff36,
    0xff36, 0xff56, 0xff36, 0xff36, 0xff36, 0xff36, 0xff36, 0xff36, 0xff36, 0xff36, 0xff36, 0xff36,
    0xff36, 0xff36, 0xff36, 0xff36, 0xff36, 0xff36, 0xff36, 0xff36, 0xff36, 0xff36, 0xff36, 0xff36,
    0xff36, 0xff36, 0xff36, 0xff36, 0xff36, 0xff36, 0xff36, 0xff36, 0xff36, 0xff36, 0xff36, 0xf715,
    0xf715, 0xf715, 0xf715, 0xeed4, 0xeeb4, 0xe693, 0xde73, 0xd633, 0xd612, 0xcdf2, 0xc5d1, 0xbd91,
    0xbd91, 0xbd92, 0xb530, 0x9c8e, 0x8c0c, 0x9c8e, 0xbd51, 0xbd91, 0xc591, 0xc5b1, 0xc5d1, 0xcdf2,
    0xd612, 0xde33, 0xe673, 0xe694, 0xeed4, 0xeed4, 0xf6f5, 0xf715, 0xf715, 0xf715, 0xff36, 0xff36,
    0xff56, 0x5226, 0x49e9, 0x2905, 0x49e8, 0x2904, 0x18c3, 0x20e3, 0x18e3, 0x20e3, 0x18e3, 0x20e3,
    0x2104, 0x20e4, 0x20e4, 0x20e4, 0x20e4, 0x49c8, 0x4a09, 0x20e4, 0x522a, 0x5a4b, 0x4188, 0x4965,
    0x51a5, 0x4944, 0x4964, 0x4943, 0x4964, 0x4964, 0x4964, 0x4944, 0x4964, 0x4964, 0x5184, 0x4943,
    0x4944, 0x4964, 0x4964, 0x4963, 0x5164, 0x4964, 0x4964, 0x5163, 0x5163, 0x5164, 0x5163, 0x5184,
    0x4984, 0x4984, 0x5184, 0x5184, 0x5184, 0x5184, 0x5185, 0x5184, 0x59a5, 0x5164, 0x5184, 0x5184,
    0x5184, 0x5184, 0x5185, 0x5184, 0x5185, 0x51a5, 0x51a5, 0x51a5, 0x51a5, 0x4984, 0x49a5, 0x49a5,
    0x49c5, 0x49c5, 0x49a5, 0x49a5, 0x4185, 0x4164, 0x41a5, 0x4985, 0x5184, 0x5985, 0x5184, 0x5184,
    0x51a5, 0x5184, 0x5985, 0x5984, 0x59a5, 0x5984, 0x5984, 0x59a5, 0x5984, 0x5984, 0x5984, 0x5964,
    0x5964, 0x5984, 0x59a5, 0x5984, 0x5184, 0x59c5, 0x59a5, 0x59c5, 0x59a5, 0x59a5, 0x59c5, 0x59a4,
    0x5184, 0x5984, 0x5164, 0x5184, 0x5164, 0x5184, 0x5984, 0x5184, 0x5184, 0x5184, 0x5184, 0x5164,
    0x5164, 0x5164, 0x5185, 0x5164, 0x5184, 0x5184, 0x5185, 0x5164, 0x5164, 0x5185, 0x5184, 0x5185,
    0x5985, 0x5985, 0x5184, 0x5184, 0x5184, 0x5164, 0x5184, 0x5185, 0x5184, 0x51a6, 0xf718, 0xff36,
    0xff36, 0xff36, 0xff36, 0xff36, 0xff36, 0xff36, 0xff36, 0xff36, 0xff36, 0xff36, 0xff36, 0xff36,
    0xff36, 0xff36, 0xff36, 0xff36, 0xff36, 0xf716, 0xff36, 0xff36, 0xff36, 0xff36, 0xff36, 0xff36,
    0xff36, 0xff36, 0xff36, 0xff36, 0xff36, 0xff36, 0xff36, 0xff36, 0xff36, 0xff36, 0xff36, 0xff36,
    0xf736, 0xff36, 0xff36, 0xff36, 0xff36, 0xff36, 0xff36, 0xff36, 0xff36, 0xff36, 0xff36, 0xff36,
    0xff36, 0xff36, 0xff36, 0xff36, 0xff36, 0xff36, 0xff36, 0xff36, 0xff36, 0xff36, 0xf735, 0xff36,
    0xf716, 0xf715, 0xf715, 0xf6f5, 0xeed5, 0xeeb4, 0xe6b4, 0xde73, 0xde53, 0xd632, 0xd612, 0xcdf2,
    0xcdf2, 0xcdf2, 0xcdd2, 0xcdf2, 0xcdf2, 0xcdd2, 0xcdd1, 0xcdd1, 0xcdf2, 0xcdf2, 0xd612, 0xd633,
    0xde53, 0xe673, 0xe694, 0xeed4, 0xeed5, 0xf6f5, 0xf715, 0xf715, 0xff36, 0xff36, 0xff36, 0xff36,
    0xff56, 0x5226, 0x3947, 0x51e9, 0x524a, 0x20e4, 0x522a, 0x3967, 0x20e3, 0x2103, 0x20e3, 0x20e3,
    0x20e4, 0x20e3, 0x20e4, 0x2104, 0x20e3, 0x5a4a, 0x49e9, 0x520a, 0x28e5, 0x2105, 0x3126, 0x4966,
    0x4964, 0x4964, 0x4964, 0x4144, 0x4964, 0x4984, 0x4984, 0x5184, 0x4964, 0x5184, 0x5184, 0x4964,
    0x4964, 0x4964, 0x4964, 0x4964, 0x4964, 0x5184, 0x5184, 0x59a5, 0x5164, 0x4964, 0x5184, 0x5184,
    0x51a4, 0x5184, 0x5184, 0x4964, 0x5185, 0x5184, 0x5185, 0x5185, 0x51a5, 0x51a5, 0x51a5, 0x5185,
    0x5185, 0x5184, 0x5184, 0x51a5, 0x5184, 0x5185, 0x5985, 0x59a5, 0x59a5, 0x5985, 0x59a5, 0x51a5,
    0x51a5, 0x51e6, 0x51c5, 0x51e6, 0x49c5, 0x51c6, 0x4984, 0x5184, 0x5185, 0x5185, 0x5985, 0x5184,
    0x5184, 0x5184, 0x5985, 0x59a5, 0x5984, 0x59a5, 0x59a4, 0x59a5, 0x5984, 0x5184, 0x5184, 0x59a5,
    0x59c5, 0x51a5, 0x51a5, 0x59c5, 0x59a5, 0x5985, 0x5164, 0x5184, 0x5984, 0x5184, 0x5184, 0x5184,
    0x5184, 0x5184, 0x5185, 0x59a5, 0x5985, 0x51a5, 0x59a5, 0x5184, 0x5185, 0x51a5, 0x59a5, 0x5185,
    0x5184, 0x5185, 0x5184, 0x5184, 0x5164, 0x5184, 0x5185, 0x5164, 0x5185, 0x5184, 0x5185, 0x51a5,
    0x51a5, 0x5184, 0x4984, 0x51a5, 0x49a5, 0x4184, 0x4184, 0x4984, 0x5184, 0x51a6, 0xf718, 0xff36,
    0xff36, 0xff36, 0xff36, 0xff36, 0xff36, 0xff36, 0xff36, 0xff36, 0xff36, 0xff36, 0xff36, 0xf736,
    0xff36, 0xff36, 0xff36, 0xff36, 0xff36, 0xff36, 0xff36, 0xff36, 0xff36, 0xff36, 0xff36, 0xff36,
    0xff36, 0xff36, 0xff36, 0xff36, 0xff36, 0xff36, 0xff36, 0xff36, 0xff36, 0xff36, 0xff36, 0xff36,
    0xff36, 0xff36, 0xff36, 0xff36, 0xff36, 0xff36, 0xff36, 0xff36, 0xff36, 0xff36, 0xff36, 0xff36,
    0xff36, 0xff36, 0xff36, 0xff36, 0xff36, 0xff36, 0xff36, 0xff36, 0xff36, 0xff36, 0xff36, 0xf716,
    0xff36, 0xff36, 0xf716, 0xf715, 0xf6f5, 0xeef5, 0xeed4, 0xeed4, 0xe694, 0xe673, 0xde73, 0xde33,
    0xd633, 0xd612, 0xd612, 0xd613, 0xcdf2, 0xce12, 0xd612, 0xd633, 0xd633, 0xde33, 0xde73, 0xde73,
    0xe694, 0xeeb4, 0xeed5, 0xf6f5, 0xf6f5, 0xf715, 0xf735, 0xff36, 0xff36, 0xff36, 0xf736, 0xff36,
    0xff56, 0x5a27, 0x28e4, 0x2905, 0x3987, 0x522a, 0x51ea, 0x522a, 0x18e3, 0x20e3, 0x20e3, 0x20e4,
    0x20e4, 0x2103, 0x2104, 0x18e3, 0x18e3, 0x20e3, 0x5209, 0x20e4, 0x49c8, 0x2104, 0x3146, 0x4965,
    0x4964, 0x4144, 0x4164, 0x4143, 0x4984, 0x4984, 0x4184, 0x4964, 0x4984, 0x4984, 0x4984, 0x4964,
    0x4984, 0x4984, 0x51a4, 0x4963, 0x4984, 0x4964, 0x4964, 0x4964, 0x5164, 0x59a5, 0x5184, 0x4964,
    0x4984, 0x5184, 0x5184, 0x5164, 0x5164, 0x5164, 0x4985, 0x4984, 0x4984, 0x4984, 0x4984, 0x5184,
    0x5184, 0x51a5, 0x5185, 0x5184, 0x5184, 0x5985, 0x5164, 0x5184, 0x51a5, 0x4985, 0x4984, 0x5184,
    0x5184, 0x51a5, 0x59e6, 0x51c5, 0x4984, 0x5184, 0x51a5, 0x51a5, 0x5185, 0x5184, 0x5184, 0x51a5,
    0x5184, 0x5185, 0x5985, 0x5184, 0x5985, 0x5984, 0x5985, 0x5985, 0x5985, 0x59a5, 0x59a5, 0x59c5,
    0x59a5, 0x59a5, 0x59a5, 0x59c5, 0x59a5, 0x5985, 0x5164, 0x5185, 0x5184, 0x59a5, 0x5184, 0x51a4,
    0x51a4, 0x51c5, 0x5185, 0x5184, 0x5184, 0x51a5, 0x59a5, 0x5185, 0x5185, 0x5185, 0x5185, 0x5164,
    0x59a5, 0x5185, 0x5184, 0x5164, 0x5185, 0x5985, 0x5185, 0x5164, 0x5164, 0x5184, 0x51a5, 0x5184,
    0x51a5, 0x49a5, 0x4184, 0x4185, 0x49a4, 0x49a4, 0x4185, 0x4985, 0x4984, 0x51a6, 0xf718, 0xf736,
    0xff36, 0xff36, 0xff36, 0xff36, 0xff36, 0xff36, 0xff36, 0xff36, 0xff36, 0xff36, 0xff36, 0xff36,
    0xff36, 0xff36, 0xff36, 0xff36, 0xff36, 0xff36, 0xff36, 0xff36, 0xff36, 0xff36, 0xff36, 0xff36,
    0xff36, 0xff36, 0xff36, 0xff36, 0xff36, 0xff36, 0xff36, 0xff36, 0xff36, 0xff36, 0xff36, 0xff36,
    0xff36, 0xff36, 0xff36, 0xff36, 0xff36, 0xff36, 0xff36, 0xff36, 0xff36, 0xff36, 0xff36, 0xff36,
    0xff36, 0xff36, 0xff36, 0xff36, 0xff36, 0xff36, 0xff36, 0xff36, 0xff36, 0xff36, 0xff36, 0xff36,
    0xf735, 0xff36, 0xff35, 0xf715, 0xf715, 0xf715, 0xf6f5, 0xeed5, 0xeed4, 0xeeb4, 0xe694, 0xe674,
    0xde73, 0xde53, 0xde53, 0xd653, 0xde53, 0xde53, 0xde53, 0xde53, 0xde73, 0xe673, 0xe694, 0xeeb4,
    0xeed4, 0xeef5, 0xf6f5, 0xf715, 0xf715, 0xf715, 0xff35, 0xff36, 0xff36, 0xff36, 0xff36, 0xff36,
    0xff56, 0x5a27, 0x28e4, 0x2104, 0x3967, 0x20e4, 0x5209, 0x20c3, 0x18e3, 0x2103, 0x20e3, 0x20e4,
    0x18e3, 0x18e3, 0x20e4, 0x18e3, 0x18e3, 0x20e3, 0x520a, 0x524a, 0x49e9, 0x20e3, 0x49e9, 0x4165,
    0x4964, 0x3964, 0x4144, 0x4144, 0x4164, 0x4184, 0x4164, 0x4984, 0x4164, 0x4163, 0x4184, 0x4984,
    0x4964, 0x4143, 0x4964, 0x4964, 0x4144, 0x4964, 0x4964, 0x4964, 0x4964, 0x4964, 0x4964, 0x4984,
    0x4964, 0x4964, 0x5184, 0x5184, 0x5184, 0x5184, 0x5184, 0x5185, 0x5985, 0x5184, 0x5184, 0x4984,
    0x5184, 0x5185, 0x51a5, 0x5184, 0x5184, 0x51a5, 0x4984, 0x4984, 0x4985, 0x51a5, 0x5184, 0x5185,
    0x5185, 0x5184, 0x5184, 0x4984, 0x5184, 0x5185, 0x5185, 0x5184, 0x5185, 0x5184, 0x4985, 0x5164,
    0x51a5, 0x5185, 0x51a5, 0x51a5, 0x5184, 0x5184, 0x5184, 0x5184, 0x51a5, 0x51c5, 0x51c5, 0x51a5,
    0x51a5, 0x59a5, 0x5164, 0x5184, 0x5164, 0x5164, 0x51a5, 0x5184, 0x5185, 0x5184, 0x5164, 0x5164,
    0x5164, 0x5185, 0x5164, 0x51a5, 0x5185, 0x51a5, 0x51a5, 0x5985, 0x5185, 0x5185, 0x5185, 0x5185,
    0x5164, 0x5185, 0x5185, 0x51a5, 0x51a5, 0x4984, 0x4985, 0x4984, 0x51c5, 0x4985, 0x4984, 0x4984,
    0x4184, 0x4964, 0x4985, 0x4185, 0x4185, 0x41a5, 0x41a5, 0x4185, 0x4984, 0x51a6, 0xf718, 0xff36,
    0xff36, 0xff36, 0xff36, 0xff36, 0xff36, 0xff36, 0xff36, 0xff36, 0xff36, 0xff36, 0xff36, 0xff36,
    0xff36, 0xff36, 0xff36, 0xff36, 0xff36, 0xff36, 0xff36, 0xff36, 0xff36, 0xff36, 0xff36, 0xff36,
    0xff36, 0xff36, 0xff36, 0xff36, 0xff36, 0xff36, 0xff36, 0xff36, 0xff36, 0xff36, 0xff36, 0xff36,
    0xff36, 0xff36, 0xff36, 0xff36, 0xff36, 0xff36, 0xff36, 0xff36, 0xff36, 0xff36, 0xff36, 0xff36,
    0xff36, 0xff36, 0xff36, 0xff36, 0xff36, 0xff36, 0xff36, 0xff36, 0xff36, 0xff36, 0xff36, 0xff36,
    0xff36, 0xff36, 0xff35, 0xff36, 0xf715, 0xf716, 0xf715, 0xf715, 0xf6f5, 0xeef5, 0xeed4, 0xeeb4,
    0xee94, 0xe694, 0xe694, 0xe6b4, 0xe694, 0xe6b4, 0xe694, 0xe694, 0xeeb4, 0xeeb4, 0xeed5, 0xf6f5,
    0xf6f5, 0xf6f5, 0xf6f5, 0xf716, 0xf735, 0xff36, 0xf735, 0xff35, 0xff35, 0xff36, 0xff36, 0xff36,
    0xff56, 0x5206, 0x3146, 0x2104, 0x522a, 0x4a09, 0x5a4a, 0x20e4, 0x18e3, 0x20e3, 0x20e3, 0x20e4,
    0x2104, 0x18e3, 0x20e4, 0x18e4, 0x20e3, 0x20e4, 0x51ea, 0x2905, 0x20c3, 0x20e4, 0x49e8, 0x4165,
    0x4944, 0x3944, 0x4164, 0x4964, 0x4164, 0x4184, 0x4163, 0x4184, 0x3963, 0x3963, 0x4164, 0x4164,
    0x4144, 0x4144, 0x4143, 0x4944, 0x4144, 0x4964, 0x4964, 0x4164, 0x4964, 0x4144, 0x4144, 0x5184,
    0x4984, 0x49a4, 0x4984, 0x4984, 0x4984, 0x4984, 0x4984, 0x4984, 0x4964, 0x5184, 0x5184, 0x5184,
    0x5164, 0x4984, 0x4984, 0x5164, 0x5185, 0x51a5, 0x51a4, 0x49a5, 0x49a4, 0x51a5, 0x5164, 0x5184,
    0x4984, 0x4964, 0x4984, 0x5184, 0x4984, 0x4984, 0x5164, 0x5185, 0x4984, 0x4984, 0x5185, 0x5164,
    0x4984, 0x51a5, 0x51c5, 0x51a5, 0x5184, 0x5184, 0x5184, 0x51c5, 0x51a5, 0x5184, 0x59a5, 0x5985,
    0x5165, 0x5164, 0x5164, 0x5164, 0x5164, 0x5164, 0x5185, 0x5184, 0x5184, 0x5184, 0x5185, 0x5164,
    0x5164, 0x5164, 0x5184, 0x5185, 0x51a5, 0x51a5, 0x51a5, 0x5185, 0x5184, 0x5164, 0x5184, 0x5184,
    0x5184, 0x5185, 0x5184, 0x5184, 0x4984, 0x4985, 0x4984, 0x51a5, 0x51a5, 0x4984, 0x4984, 0x4984,
    0x4984, 0x4985, 0x4185, 0x4185, 0x4184, 0x4164, 0x4184, 0x4984, 0x4984, 0x51a6, 0xf718, 0xff36,
    0xff36, 0xff36, 0xff36, 0xff36, 0xff36, 0xff36, 0xff36, 0xff36, 0xff36, 0xff36, 0xff36, 0xff36,
    0xff36, 0xff36, 0xff36, 0xff36, 0xff36, 0xff36, 0xff36, 0xff36, 0xff36, 0xff36, 0xff36, 0xff36,
    0xff36, 0xff36, 0xff36, 0xff36, 0xff36, 0xff36, 0xff36, 0xff36, 0xff35, 0xff36, 0xff36, 0xff36,
    0xff36, 0xff36, 0xff36, 0xff36, 0xff36, 0xff36, 0xff36, 0xff36, 0xff36, 0xff35, 0xff36, 0xff36,
    0xff36, 0xff36, 0xff35, 0xff36, 0xff35, 0xff36, 0xff36, 0xff36, 0xff36, 0xff36, 0xff36, 0xff36,
    0xff36, 0xff36, 0xff35, 0xf715, 0xff35, 0xf735, 0xf715, 0xf715, 0xf715, 0xf6f5, 0xf6f4, 0xf6f4,
    0xeed4, 0xeed4, 0xeed4, 0xeed4, 0xeed4, 0xeed4, 0xeed4, 0xeef4, 0xeed4, 0xf6f4, 0xf6f4, 0xf715,
    0xf715, 0xff35, 0xf735, 0xff35, 0xff35, 0xff35, 0xf735, 0xff36, 0xff36, 0xff36, 0xff36, 0xf736,
    0xff56, 0x41c4, 0x5229, 0x2905, 0x2104, 0x28e4, 0x520a, 0x20e4, 0x20e3, 0x18e3, 0x18e3, 0x20e3,
    0x18e3, 0x18e3, 0x18e4, 0x20e3, 0x20e3, 0x20e3, 0x51c9, 0x51ea, 0x520a, 0x49e9, 0x20c3, 0x3944,
    0x4164, 0x4164, 0x4184, 0x4164, 0x4164, 0x4184, 0x4164, 0x4164, 0x4164, 0x3943, 0x3944, 0x4164,
    0x4964, 0x4964, 0x4964, 0x4964, 0x4964, 0x4964, 0x4164, 0x4164, 0x4964, 0x4164, 0x4964, 0x4964,
    0x4964, 0x4964, 0x4964, 0x4964, 0x4964, 0x4964, 0x4964, 0x4984, 0x4984, 0x4985, 0x4964, 0x4964,
    0x4984, 0x4964, 0x5185, 0x4964, 0x4984, 0x4964, 0x4964, 0x5165, 0x4984, 0x5164, 0x5184, 0x5184,
    0x4964, 0x4964, 0x4985, 0x4984, 0x4984, 0x5185, 0x4964, 0x5185, 0x4985, 0x51a5, 0x4985, 0x4964,
    0x4964, 0x4984, 0x4964, 0x4964, 0x4964, 0x4964, 0x4964, 0x5185, 0x5185, 0x5185, 0x5184, 0x51a5,
    0x5184, 0x5164, 0x4964, 0x4964, 0x5185, 0x4964, 0x4964, 0x4964, 0x4964, 0x5184, 0x5185, 0x5184,
    0x4984, 0x5184, 0x5164, 0x5185, 0x5185, 0x5185, 0x5185, 0x5185, 0x4964, 0x5164, 0x4964, 0x4984,
    0x4984, 0x5185, 0x4984, 0x4964, 0x4964, 0x4964, 0x4964, 0x4964, 0x4984, 0x4964, 0x4964, 0x4984,
    0x4985, 0x4964, 0x4964, 0x4984, 0x4985, 0x4984, 0x4984, 0x4964, 0x4985, 0x51a6, 0xff39, 0xff56,
    0xf736, 0xf736, 0xf736, 0xf736, 0xf736, 0xf736, 0xf716, 0xf736, 0xf736, 0xf736, 0xf736, 0xf736,
    0xf736, 0xf736, 0xf716, 0xf736, 0xf736, 0xff36, 0xff36, 0xff36, 0xff36, 0xff36, 0xf736, 0xff56,
    0xf736, 0xf736, 0xff36, 0xf736, 0xf736, 0xf736, 0xff36, 0xf736, 0xf736, 0xff36, 0xf736, 0xf736,
    0xff36, 0xf736, 0xf736, 0xf736, 0xf736, 0xff36, 0xf736, 0xff36, 0xff36, 0xff36, 0xf736, 0xf736,
    0xf736, 0xf736, 0xf736, 0xf736, 0xff36, 0xf736, 0xff56, 0xf736, 0xf736, 0xf736, 0xf736, 0xf736,
    0xff36, 0xf736, 0xf736, 0xf736, 0xf736, 0xf736, 0xf736, 0xf736, 0xf736, 0xf716, 0xf715, 0xf715,
    0xf716, 0xf6f5, 0xeef5, 0xf715, 0xf716, 0xf715, 0xef15, 0xeef5, 0xf716, 0xf715, 0xf715, 0xf715,
    0xf736, 0xff56, 0xf736, 0xf736, 0xff56, 0xff56, 0xf736, 0xf736, 0xf736, 0xf736, 0xf716, 0xf736,
    0xff56, 0x4a05, 0x2104, 0x4a09, 0x3946, 0x520a, 0x520a, 0x20e3, 0x18e3, 0x18e3, 0x20e3, 0x20e3,
    0x18e3, 0x18e3, 0x2104, 0x20e3, 0x2103, 0x20e3, 0x20e4, 0x20e4, 0x20e4, 0x20c4, 0x20e3, 0x20c3,
    0x5209, 0x5209, 0x5a09, 0x51e8, 0x3124, 0x2923, 0x2904, 0x2904, 0x2903, 0x2103, 0x20e3, 0x49c7,
    0x5a09, 0x5a09, 0x5209, 0x28e3, 0x2904, 0x28e4, 0x49e8, 0x3124, 0x3124, 0x49c7, 0x3104, 0x2904,
    0x30e4, 0x51e8, 0x59e9, 0x5a09, 0x51e8, 0x2903, 0x3104, 0x3104, 0x3104, 0x3104, 0x2904, 0x3103,
    0x4165, 0x5a09, 0x5a09, 0x5a09, 0x28e4, 0x2903, 0x28e3, 0x49a7, 0x3104, 0x28c3, 0x49c7, 0x30e4,
    0x3104, 0x28e4, 0x4187, 0x5a09, 0x59e9, 0x51c7, 0x28e3, 0x3124, 0x3124, 0x3945, 0x3124, 0x3124,
    0x3124, 0x3104, 0x51e9, 0x59e9, 0x51e9, 0x30e4, 0x20e3, 0x28e3, 0x5208, 0x3945, 0x3124, 0x4165,
    0x4146, 0x3104, 0x28e3, 0x4166, 0x5a09, 0x5a09, 0x59e8, 0x30e4, 0x3104, 0x3104, 0x3124, 0x3924,
    0x3104, 0x3124, 0x3104, 0x51e8, 0x5a09, 0x5a09, 0x49a7, 0x28c3, 0x28e3, 0x30e4, 0x3945, 0x3925,
    0x3945, 0x5a09, 0x2904, 0x2904, 0x28e3, 0x5a09, 0x5a09, 0x5a09, 0x49a7, 0x2904, 0x28e3, 0x2904,
    0x28e3, 0x28e3, 0x28e3, 0x28e3, 0x51e8, 0x5a4a, 0x5a09, 0x51c8, 0x28c3, 0x28e3, 0x3103, 0x6ae9,
    0x41a4, 0x3943, 0x4a06, 0x3943, 0x3143, 0x3123, 0x5207, 0x5a48, 0x5a28, 0x51e6, 0x3964, 0x3963,
    0x3964, 0x3943, 0x3123, 0x3143, 0x3963, 0x51e6, 0x5a27, 0x5a27, 0x5a27, 0x3964, 0x3943, 0x3963,
    0x6ac9, 0x3943, 0x3943, 0x3963, 0x51e6, 0x3943, 0x3943, 0x4185, 0x5a27, 0x5a48, 0x5a28, 0x3964,
    0x3143, 0x3122, 0x3123, 0x3984, 0x3163, 0x3983, 0x41a4, 0x5a48, 0x6268, 0x5a48, 0x4185, 0x2902,
    0x3123, 0x49c5, 0x3943, 0x3123, 0x3144, 0x6aea, 0x3142, 0x3122, 0x3964, 0x5207, 0x5a28, 0x5a48,
    0x3943, 0x3143, 0x3143, 0x3143, 0x3143, 0x3143, 0x3143, 0x3984, 0x6289, 0x6289, 0x6269, 0x51e7,
    0x3103, 0x3123, 0x3123, 0x5207, 0x4185, 0x5206, 0x5207, 0x3143, 0x3143, 0x3964, 0x5a48, 0x5a27,
    0x5227, 0x49c6, 0x3123, 0x3143, 0x3963, 0x4184, 0x3943, 0x3963, 0x3984, 0x5227, 0x5207, 0x5a27,
    0x5227, 0x20e3, 0x18e4, 0x18c3, 0x20e4, 0x20c4, 0x20c3, 0x20e3, 0x18e3, 0x20e3, 0x20e3, 0x20e3,
    0x2104, 0x18e3, 0x18e3, 0x20e4, 0x18e3, 0x18e3, 0x18e3, 0x18e3, 0x18e3, 0x18e3, 0x18e3, 0x41c9,
    0x28c5, 0x28e4, 0x28e4, 0x2905, 0x524a, 0x2905, 0x522a, 0x51c9, 0x49c9, 0x20c4, 0x49e9, 0x20e4,
    0x20c4, 0x28e4, 0x30e5, 0x5a2b, 0x5a2a, 0x5a2b, 0x3947, 0x5a0a, 0x520a, 0x3967, 0x520a, 0x5a0a,
    0x51ea, 0x4188, 0x28c4, 0x28e4, 0x28e4, 0x49e9, 0x20e4, 0x49a8, 0x51ea, 0x51ea, 0x2904, 0x4a09,
    0x3125, 0x20e4, 0x20e4, 0x28e4, 0x49c9, 0x520a, 0x522b, 0x49a9, 0x49c9, 0x4988, 0x3947, 0x5a0a,
    0x5a2a, 0x5a2a, 0x3106, 0x28c4, 0x20c3, 0x20e4, 0x522a, 0x2905, 0x5a6b, 0x5a0a, 0x5a0a, 0x49e8,
    0x4187, 0x3125, 0x20c4, 0x20a3, 0x20c4, 0x41a8, 0x51ea, 0x51e9, 0x51ea, 0x624b, 0x624b, 0x49a8,
    0x5a2a, 0x5a2a, 0x520a, 0x3967, 0x28e5, 0x20e4, 0x20c4, 0x3967, 0x3146, 0x3987, 0x520a, 0x51ea,
    0x522a, 0x28e4, 0x49e9, 0x28e4, 0x20c4, 0x20a4, 0x3106, 0x5a0b, 0x520a, 0x5a2b, 0x49c9, 0x628c,
    0x5a2a, 0x49c9, 0x520a, 0x520a, 0x520a, 0x3106, 0x20c4, 0x20e4, 0x28e4, 0x49e9, 0x20e4, 0x49c9,
    0x51c9, 0x49c8, 0x28e4, 0x49e9, 0x28e4, 0x20e4, 0x28e4, 0x3105, 0x51c9, 0x520a, 0x520a, 0x3126,
    0x51ea, 0x5a4b, 0x28e5, 0x49c9, 0x51ea, 0x49c9, 0x20a4, 0x20c4, 0x20e4, 0x2905, 0x49e8, 0x20e4,
    0x49c8, 0x49a9, 0x49a9, 0x28e4, 0x41a7, 0x20e4, 0x20e3, 0x20e3, 0x20c4, 0x3105, 0x520a, 0x51ea,
    0x41a8, 0x49e9, 0x49c9, 0x49c9, 0x5a2b, 0x51ea, 0x520a, 0x3946, 0x20a3, 0x20c3, 0x20c3, 0x3146,
    0x2925, 0x5a4a, 0x5a4b, 0x5a2b, 0x5a8b, 0x20c4, 0x41c8, 0x20c4, 0x18c3, 0x20a4, 0x3126, 0x51e9,
    0x5a2a, 0x51e9, 0x3967, 0x520a, 0x49c9, 0x3947, 0x520a, 0x520a, 0x4188, 0x20a3, 0x20c3, 0x20e4,
    0x20e4, 0x41c8, 0x2905, 0x520a, 0x51ea, 0x49a8, 0x20e4, 0x49e8, 0x20a3, 0x18c3, 0x20a3, 0x2083,
    0x49e9, 0x520a, 0x49c9, 0x28c4, 0x51e9, 0x5a4b, 0x4988, 0x5a0a, 0x5a2a, 0x49a8, 0x20a4, 0x20c3,
    0x18c3, 0x20c4, 0x49e9, 0x20c4, 0x49a8, 0x51ea, 0x520a, 0x2925, 0x522a, 0x20c4, 0x18c3, 0x18a3,
    0x1883, 0x3987, 0x18e3, 0x18e3, 0x18c3, 0x18c3, 0x18c3, 0x20e3, 0x20e3, 0x20e3, 0x20e3, 0x20e3,
    0x18e3, 0x18e3, 0x20e4, 0x20e4, 0x20e4, 0x20e3, 0x18e3, 0x2104, 0x20e3, 0x20e3, 0x20e3, 0x3967,
    0x20a4, 0x524a, 0x2104, 0x2104, 0x20e4, 0x524a, 0x49a9, 0x520a, 0x41c8, 0x41c8, 0x20e4, 0x2104,
    0x2104, 0x41c8, 0x3967, 0x2905, 0x49e9, 0x51ea, 0x51ea, 0x3106, 0x2905, 0x4988, 0x51ea, 0x49c9,
    0x4a09, 0x3146, 0x5a4a, 0x2104, 0x20e4, 0x20e4, 0x49e9, 0x4188, 0x49c9, 0x5209, 0x522a, 0x20e4,
    0x20e3, 0x2104, 0x3146, 0x2083, 0x3967, 0x49c9, 0x51ea, 0x51ea, 0x3946, 0x3946, 0x4188, 0x51ea,
    0x520a, 0x3126, 0x3125, 0x49e9, 0x20e4, 0x20e4, 0x2104, 0x3987, 0x41a8, 0x49a9, 0x520a, 0x520a,
    0x20c4, 0x2104, 0x20c3, 0x20c4, 0x49c8, 0x41a8, 0x3967, 0x520a, 0x51ea, 0x3126, 0x3126, 0x3947,
    0x59ea, 0x51ea, 0x3947, 0x4a09, 0x3967, 0x20c4, 0x20e4, 0x2104, 0x28e4, 0x4a09, 0x5a2b, 0x5a2a,
    0x5229, 0x520a, 0x2924, 0x20e3, 0x2104, 0x49e9, 0x3946, 0x3106, 0x522a, 0x5a0b, 0x4167, 0x3125,
    0x3125, 0x51ca, 0x5a2b, 0x51e9, 0x3966, 0x3946, 0x3166, 0x2104, 0x2104, 0x20c4, 0x49e9, 0x49c8,
    0x51ea, 0x4187, 0x522a, 0x20e4, 0x2104, 0x2104, 0x49c8, 0x28c5, 0x2905, 0x49c9, 0x51ea, 0x520a,
    0x3967, 0x3146, 0x49c9, 0x51ea, 0x49c9, 0x3947, 0x28e5, 0x5a6a, 0x2104, 0x2104, 0x2904, 0x5a4a,
    0x49e9, 0x520a, 0x5a2a, 0x524a, 0x20e4, 0x20e4, 0x20e3, 0x20e4, 0x49c8, 0x41a8, 0x41a8, 0x520a,
    0x5a0b, 0x3967, 0x3987, 0x3926, 0x59ea, 0x51c9, 0x4187, 0x49e8, 0x5209, 0x20e4, 0x20e4, 0x2104,
    0x2905, 0x5209, 0x49a9, 0x49c9, 0x49e9, 0x41a8, 0x2104, 0x20e4, 0x2104, 0x5209, 0x41a7, 0x3967,
    0x5a2a, 0x5a0b, 0x49e9, 0x3146, 0x4188, 0x5a2b, 0x5a2b, 0x49c9, 0x4a29, 0x3967, 0x3126, 0x20e4,
    0x2104, 0x20e4, 0x49e9, 0x520a, 0x626b, 0x5a4a, 0x51e9, 0x2104, 0x2104, 0x2104, 0x524a, 0x3105,
    0x3967, 0x49c9, 0x51c9, 0x51e9, 0x3987, 0x3967, 0x5a0b, 0x520a, 0x49a8, 0x522a, 0x49e9, 0x2904,
    0x20e4, 0x20e4, 0x20c4, 0x5a2a, 0x49a9, 0x51ea, 0x49c9, 0x520a, 0x2104, 0x20e4, 0x20e4, 0x5209,
    0x20a4, 0x20c4, 0x18e3, 0x18e3, 0x18e3, 0x18e3, 0x20e3, 0x20e3, 0x20e3, 0x18e3, 0x20e3, 0x20e3,
    0x20e3, 0x2104, 0x20e4, 0x20e4, 0x20e4, 0x20e3, 0x20e3, 0x20e3, 0x2104, 0x18e3, 0x20e4, 0x5229,
    0x4a09, 0x20c4, 0x49c9, 0x20c4, 0x20e4, 0x3967, 0x4a09, 0x18c3, 0x4a09, 0x5a4a, 0x2104, 0x20e4,
    0x39a7, 0x20c4, 0x49e9, 0x49e9, 0x3166, 0x2104, 0x49e9, 0x3966, 0x3126, 0x5209, 0x2104, 0x2925,
    0x4a09, 0x2905, 0x3105, 0x522a, 0x20c4, 0x3146, 0x3967, 0x51e9, 0x20e4, 0x41e8, 0x4a09, 0x20e4,
    0x49e8, 0x28c4, 0x3126, 0x49e9, 0x3125, 0x41c8, 0x2104, 0x2905, 0x5209, 0x2905, 0x520a, 0x20e4,
    0x20e4, 0x49e9, 0x2905, 0x49c8, 0x4a09, 0x20c4, 0x4a09, 0x2104, 0x5209, 0x20e4, 0x20e4, 0x520a,
    0x2104, 0x4a09, 0x20c4, 0x41c8, 0x5a4a, 0x28e5, 0x5229, 0x20e4, 0x3125, 0x520a, 0x20e4, 0x49e9,
    0x20c3, 0x20c3, 0x4a09, 0x3125, 0x5a4a, 0x49e8, 0x28c4, 0x49e9, 0x2104, 0x520a, 0x20e4, 0x20e4,
    0x49c9, 0x2904, 0x522a, 0x20c4, 0x49e9, 0x20c4, 0x3125, 0x522a, 0x20e4, 0x20c3, 0x5209, 0x2904,
    0x49e8, 0x3987, 0x2104, 0x41a7, 0x49e8, 0x49c8, 0x28e5, 0x28e4, 0x20c4, 0x20e4, 0x49e9, 0x3967,
    0x18e3, 0x522a, 0x49c8, 0x2104, 0x20a4, 0x49e8, 0x28e4, 0x49e9, 0x49e9, 0x2925, 0x20e4, 0x41c8,
    0x3146, 0x41a7, 0x5209, 0x20e3, 0x3987, 0x524a, 0x41a8, 0x3105, 0x41a8, 0x20c4, 0x3146, 0x522a,
    0x522a, 0x20e4, 0x20c4, 0x49c8, 0x20e3, 0x49e9, 0x20a3, 0x41c8, 0x5a4a, 0x4187, 0x5229, 0x2104,
    0x28e4, 0x5209, 0x20c4, 0x49e9, 0x20a3, 0x18c3, 0x41a8, 0x28e4, 0x520a, 0x5a4a, 0x20c4, 0x5229,
    0x20e4, 0x520a, 0x20e4, 0x20e4, 0x51e9, 0x20e4, 0x5229, 0x28e4, 0x49e8, 0x4a09, 0x522a, 0x49e9,
    0x20e3, 0x20e4, 0x5a4b, 0x20e4, 0x520a, 0x2925, 0x2104, 0x41c8, 0x28c4, 0x49a8, 0x28e5, 0x20e4,
    0x3967, 0x20e4, 0x520a, 0x3126, 0x18c3, 0x520a, 0x3126, 0x522a, 0x20e4, 0x522a, 0x20c4, 0x3967,
    0x5a4a, 0x20e4, 0x18c3, 0x49c9, 0x2905, 0x49c8, 0x3146, 0x2104, 0x4a09, 0x3987, 0x41a8, 0x2905,
    0x2905, 0x3987, 0x20c3, 0x520a, 0x41c8, 0x18c3, 0x522a, 0x2905, 0x3125, 0x28e4, 0x522a, 0x2905,
    0x49e9, 0x5229, 0x18e4, 0x18e3, 0x20e3, 0x20e3, 0x18e3, 0x20e3, 0x20e3, 0x20e3, 0x20e3, 0x20e3,
    0x18e3, 0x20e4, 0x20e3, 0x20e3, 0x18e3, 0x20e3, 0x20e4, 0x20e4, 0x20e4, 0x2104, 0x20e3, 0x20e4,
    0x20e4, 0x20e4, 0x28e4, 0x4a09, 0x20c3, 0x51e9, 0x520a, 0x20e3, 0x51e9, 0x5a2a, 0x2905, 0x49e9,
    0x20e4, 0x28e5, 0x20c4, 0x20e4, 0x20e3, 0x20e3, 0x20e4, 0x51e9, 0x5a2a, 0x2104, 0x2104, 0x2104,
    0x20e4, 0x20e4, 0x20c4, 0x2905, 0x3987, 0x28e4, 0x51e9, 0x5a0a, 0x20e4, 0x51e9, 0x51e9, 0x20e4,
    0x4a09, 0x20c4, 0x3967, 0x2104, 0x20e3, 0x2103, 0x20e3, 0x2104, 0x41a8, 0x520a, 0x20c4, 0x2104,
    0x20e3, 0x20c3, 0x20c3, 0x20e4, 0x3126, 0x3987, 0x28e4, 0x28e5, 0x49c9, 0x20e4, 0x3125, 0x51ca,
    0x28e5, 0x524a, 0x20c4, 0x41a8, 0x2104, 0x20e4, 0x20e4, 0x2103, 0x2103, 0x49e8, 0x4167, 0x20c3,
    0x18e3, 0x18e3, 0x20e4, 0x20e4, 0x20e4, 0x5229, 0x20e4, 0x4a09, 0x28e4, 0x51ea, 0x20c4, 0x20e4,
    0x520a, 0x4188, 0x3966, 0x2905, 0x3146, 0x18a3, 0x20e3, 0x2104, 0x20e3, 0x18e3, 0x20c3, 0x51e9,
    0x520a, 0x2104, 0x2104, 0x2104, 0x20e4, 0x20e4, 0x41c8, 0x20e4, 0x524a, 0x20e4, 0x51ea, 0x49e9,
    0x18e3, 0x520a, 0x520a, 0x20c4, 0x3166, 0x20a3, 0x20e4, 0x2104, 0x20c3, 0x20e3, 0x20e3, 0x2104,
    0x520a, 0x51e9, 0x20e4, 0x20e3, 0x20c3, 0x20c3, 0x20c3, 0x20e4, 0x20c4, 0x524a, 0x20c4, 0x520a,
    0x520a, 0x20e4, 0x28e4, 0x520a, 0x28e4, 0x41a7, 0x20e4, 0x4a09, 0x20e4, 0x20c4, 0x20e4, 0x2104,
    0x2104, 0x2905, 0x51c9, 0x3126, 0x18e3, 0x18e3, 0x18c3, 0x20e4, 0x20e4, 0x5209, 0x20c4, 0x41c8,
    0x28e4, 0x51c9, 0x20e4, 0x20c3, 0x51c9, 0x28e4, 0x3987, 0x3125, 0x41c8, 0x20e4, 0x20c3, 0x18c3,
    0x20e3, 0x2103, 0x28e4, 0x520a, 0x5209, 0x20e3, 0x20e3, 0x20e3, 0x20e4, 0x20e4, 0x3967, 0x28e4,
    0x522a, 0x20e4, 0x51c9, 0x3987, 0x20c3, 0x520a, 0x51e9, 0x3125, 0x41a7, 0x28e4, 0x20c4, 0x20e4,
    0x20e4, 0x20e3, 0x20e3, 0x20c3, 0x51e9, 0x51e9, 0x18e3, 0x18e3, 0x20e4, 0x20e4, 0x2104, 0x41c8,
    0x28e4, 0x5a8b, 0x20e4, 0x520a, 0x5a4b, 0x18c3, 0x5a0a, 0x41a8, 0x20c4, 0x2925, 0x4188, 0x20c3,
    0x20c3, 0x18c3, 0x2103, 0x18e3, 0x20e3, 0x20e3, 0x20e3, 0x20e3, 0x20e3, 0x20e3, 0x20e3, 0x20e3,
    0x20e3, 0x20e4, 0x18e4, 0x20e3, 0x20e3, 0x20e3, 0x20e3, 0x20e3, 0x2104, 0x2104, 0x20e4, 0x18e3,
    0x3966, 0x5a6b, 0x520a, 0x51e9, 0x51e9, 0x520a, 0x49e9, 0x20e3, 0x41e9, 0x520a, 0x522a, 0x522a,
    0x520a, 0x522a, 0x49e9, 0x20e3, 0x20e3, 0x5209, 0x20e4, 0x51ea, 0x520a, 0x2925, 0x5a6a, 0x2104,
    0x2103, 0x2104, 0x5a6b, 0x51e9, 0x49e9, 0x49c8, 0x51ea, 0x5209, 0x20e3, 0x39a7, 0x51ea, 0x520a,
    0x51e9, 0x49e9, 0x5209, 0x522a, 0x2103, 0x20e4, 0x524a, 0x41a7, 0x3947, 0x5a0a, 0x28e4, 0x5a4a,
    0x2104, 0x20e3, 0x20c3, 0x522a, 0x520a, 0x5209, 0x51e9, 0x51ea, 0x49e9, 0x20e3, 0x2904, 0x520a,
    0x51e9, 0x520a, 0x5209, 0x5a2a, 0x524a, 0x2104, 0x20e3, 0x5a6a, 0x524a, 0x3966, 0x51ca, 0x20a4,
    0x49e9, 0x20e4, 0x18e3, 0x20e4, 0x524a, 0x49e9, 0x520a, 0x51ea, 0x51ea, 0x51e9, 0x20e4, 0x20e3,
    0x49e9, 0x51ea, 0x49e9, 0x49c9, 0x520a, 0x5a4a, 0x20e4, 0x18e3, 0x20c3, 0x5209, 0x20c3, 0x5a0a,
    0x520a, 0x4a09, 0x522a, 0x2103, 0x2103, 0x5a6b, 0x5a4b, 0x51ea, 0x51ea, 0x51ea, 0x520a, 0x5229,
    0x2103, 0x49e8, 0x520a, 0x520a, 0x49e9, 0x520a, 0x522a, 0x41c8, 0x20e3, 0x20e4, 0x522a, 0x3125,
    0x520a, 0x51ea, 0x20e4, 0x5a6a, 0x20e3, 0x18e3, 0x20c3, 0x522a, 0x520a, 0x520a, 0x49c9, 0x51ea,
    0x49e9, 0x18e3, 0x20e4, 0x51e9, 0x49e9, 0x5209, 0x49c9, 0x5a4a, 0x5a6b, 0x20e4, 0x2104, 0x3987,
    0x5229, 0x28e4, 0x51ea, 0x20c4, 0x5229, 0x3987, 0x18e3, 0x20e3, 0x5229, 0x51e9, 0x51e9, 0x5209,
    0x51e9, 0x5209, 0x20e4, 0x20e3, 0x41c8, 0x51e9, 0x51e9, 0x49e9, 0x520a, 0x5a4a, 0x20e4, 0x18e3,
    0x3146, 0x522a, 0x20c4, 0x5a0b, 0x41c8, 0x39a7, 0x49e9, 0x18e3, 0x20e4, 0x524a, 0x5a2a, 0x51e9,
    0x520a, 0x520a, 0x49c9, 0x20c3, 0x18c3, 0x4a09, 0x520a, 0x520a, 0x520a, 0x49c9, 0x5209, 0x20e4,
    0x2104, 0x20e4, 0x5a2a, 0x20e4, 0x51ea, 0x520a, 0x41e8, 0x5209, 0x20e3, 0x18e3, 0x524a, 0x520a,
    0x49c9, 0x520a, 0x51ea, 0x520a, 0x524a, 0x18e3, 0x51e9, 0x51ea, 0x520a, 0x520a, 0x5a2a, 0x5a6b,
    0x20e4, 0x18e3, 0x20e3, 0x20e3, 0x20e3, 0x20e3, 0x20e3, 0x20e3, 0x20e3, 0x20e3, 0x20e3, 0x20e4,
    0x18e3, 0x20e4, 0x18e4, 0x20e4, 0x20e4, 0x20e4, 0x20e4, 0x20e3, 0x20e3, 0x20e3, 0x20e3, 0x20e3,
    0x41c8, 0x49c9, 0x18c3, 0x18e4, 0x20e4, 0x20c3, 0x18e3, 0x18e3, 0x18e3, 0x20e3, 0x20e3, 0x20e4,
    0x20e4, 0x522a, 0x49e9, 0x2103, 0x20c3, 0x51ca, 0x3927, 0x51ea, 0x5a2b, 0x5a4b, 0x5a2b, 0x20e4,
    0x20e4, 0x41e8, 0x5a4b, 0x18c3, 0x20c3, 0x18c3, 0x20e3, 0x18e3, 0x20e3, 0x20e4, 0x18c3, 0x18c3,
    0x20e4, 0x18c3, 0x522a, 0x522a, 0x18e3, 0x20e3, 0x5a0a, 0x4188, 0x5a2b, 0x520a, 0x520a, 0x5a0a,
    0x2905, 0x20e3, 0x3125, 0x30e5, 0x20c3, 0x18c3, 0x18a3, 0x18c3, 0x20e3, 0x18e3, 0x18c3, 0x18c3,
    0x20e3, 0x20e3, 0x18c3, 0x49e9, 0x522a, 0x20e4, 0x2104, 0x520a, 0x49a8, 0x5a2b, 0x3947, 0x520a,
    0x520a, 0x49e9, 0x18e3, 0x20e4, 0x4167, 0x3126, 0x20c4, 0x20e4, 0x18c3, 0x20e4, 0x20e3, 0x20e3,
    0x18e3, 0x18e3, 0x20e3, 0x20e3, 0x20c4, 0x5a2a, 0x39a7, 0x2103, 0x3146, 0x51e9, 0x41a8, 0x520a,
    0x520a, 0x4188, 0x5a0a, 0x2104, 0x20e3, 0x3967, 0x5a4a, 0x20c3, 0x18c3, 0x18c3, 0x18c3, 0x18e3,
    0x18e3, 0x18c3, 0x18c3, 0x18c3, 0x20e3, 0x20e4, 0x522a, 0x41a8, 0x20e3, 0x20c4, 0x5a0b, 0x3947,
    0x520a, 0x51ea, 0x4187, 0x5a2b, 0x20c3, 0x20e3, 0x4a09, 0x520a, 0x20e3, 0x18c3, 0x18e3, 0x18c3,
    0x18e3, 0x18e3, 0x18c3, 0x20e3, 0x20e3, 0x20e3, 0x20e3, 0x4187, 0x3947, 0x20c3, 0x20e4, 0x5a4b,
    0x520a, 0x5a4b, 0x4147, 0x5a2a, 0x520a, 0x5a0a, 0x20e3, 0x20c3, 0x3105, 0x2905, 0x18c3, 0x18c3,
    0x18c3, 0x18e3, 0x18e3, 0x18e3, 0x18e3, 0x18e3, 0x18e4, 0x18c3, 0x20e4, 0x3106, 0x2905, 0x2104,
    0x5209, 0x5a2a, 0x522a, 0x520a, 0x5a4b, 0x4167, 0x520a, 0x20e3, 0x20e4, 0x520a, 0x522a, 0x20c3,
    0x20e4, 0x18c3, 0x20e3, 0x2104, 0x20e3, 0x18c3, 0x20e4, 0x20e3, 0x20e4, 0x20c4, 0x5a4a, 0x41a7,
    0x20e4, 0x2905, 0x5a2b, 0x49e9, 0x520a, 0x51ea, 0x4168, 0x51c9, 0x18e3, 0x20e3, 0x520a, 0x5a6b,
    0x20e4, 0x18e4, 0x20c3, 0x18c3, 0x18c3, 0x18e3, 0x20e3, 0x18c3, 0x20c3, 0x18c3, 0x20c3, 0x51e9,
    0x41a8, 0x20e3, 0x1903, 0x18e4, 0x20e3, 0x20e4, 0x20e4, 0x20e4, 0x20e4, 0x20e4, 0x20e4, 0x20e4,
    0x2104, 0x20e4, 0x20e4, 0x20e3, 0x20e4, 0x20e3, 0x20e4, 0x20e4, 0x20e4, 0x20e4, 0x20e4, 0x18e3,
    0x20e3, 0x20e4, 0x18e3, 0x18e3, 0x18e3, 0x1903, 0x18e3, 0x18e3, 0x18e3, 0x2103, 0x18e3, 0x18e3,
    0x18e3, 0x2104, 0x20e4, 0x20e3, 0x20e3, 0x51ea, 0x5a2a, 0x20e4, 0x18c3, 0x5a4b, 0x5a2a, 0x20e4,
    0x2104, 0x2104, 0x20e4, 0x18e3, 0x18e3, 0x18e3, 0x18e3, 0x18e3, 0x20e3, 0x20e3, 0x18e3, 0x18e3,
    0x18e3, 0x1903, 0x20e3, 0x20e4, 0x18e3, 0x18e4, 0x522a, 0x5a0a, 0x3967, 0x20e3, 0x5a4b, 0x5a0a,
    0x3125, 0x2103, 0x2103, 0x2104, 0x2103, 0x2103, 0x18e3, 0x1903, 0x2103, 0x18e3, 0x2103, 0x2103,
    0x2103, 0x1903, 0x18e3, 0x2104, 0x20e4, 0x2104, 0x2104, 0x5a4a, 0x5a4b, 0x49e9, 0x20e4, 0x5a4b,
    0x5a0a, 0x522a, 0x20e4, 0x2103, 0x20e4, 0x20e3, 0x2103, 0x18e3, 0x18e3, 0x2103, 0x2103, 0x2103,
    0x18e3, 0x2103, 0x20e3, 0x2103, 0x20e4, 0x20e4, 0x2104, 0x2103, 0x20e4, 0x5a0a, 0x520a, 0x20e4,
    0x3126, 0x520a, 0x520a, 0x20e4, 0x18e3, 0x18c3, 0x2104, 0x2104, 0x18e3, 0x18e3, 0x18e3, 0x2103,
    0x18e3, 0x18e3, 0x18e3, 0x2103, 0x2104, 0x2104, 0x2104, 0x20e4, 0x18e4, 0x20a3, 0x520a, 0x520a,
    0x18c3, 0x20c3, 0x520a, 0x520a, 0x20e4, 0x20e3, 0x20e4, 0x20e4, 0x20e3, 0x2103, 0x1903, 0x18e3,
    0x2103, 0x20e3, 0x20e3, 0x18e3, 0x18e3, 0x18e3, 0x18e3, 0x20e4, 0x20c3, 0x20e3, 0x20e4, 0x522a,
    0x5a0a, 0x49c9, 0x20e4, 0x524a, 0x5a0a, 0x49c8, 0x20e4, 0x20e4, 0x20e4, 0x20e3, 0x18e3, 0x18e3,
    0x18e3, 0x18e3, 0x18e3, 0x2103, 0x20e3, 0x2103, 0x18e3, 0x2103, 0x2103, 0x18c3, 0x2104, 0x2104,
    0x524a, 0x5a4b, 0x41a8, 0x18c3, 0x49c8, 0x5a2b, 0x520a, 0x20e3, 0x2104, 0x20e4, 0x18e3, 0x2103,
    0x20e3, 0x20e3, 0x18e3, 0x20e3, 0x20e3, 0x18e3, 0x18e3, 0x2103, 0x20e3, 0x18e3, 0x20c3, 0x20e4,
    0x2103, 0x20c3, 0x5a2a, 0x49e9, 0x20c3, 0x2905, 0x520a, 0x51e9, 0x20e3, 0x2104, 0x20c3, 0x2104,
    0x2103, 0x18e3, 0x18e3, 0x2103, 0x18e3, 0x18e3, 0x18e3, 0x18e3, 0x2103, 0x2103, 0x18e3, 0x20e4,
    0x20e3, 0x2103, 0x1903, 0x2104, 0x20e4, 0x20e4, 0x20e3, 0x20e3, 0x20e4, 0x20e4, 0x20e4, 0x20e3,
    0x20e4, 0x20e4, 0x2104, 0x20e4, 0x20e4, 0x20e4, 0x20e4, 0x20e4, 0x20e4, 0x20e4, 0x20e4, 0x20e3,
    0x20e3, 0x2103, 0x18e3, 0x20e3, 0x2104, 0x18e3, 0x18e3, 0x20e3, 0x18e3, 0x18e3, 0x18e3, 0x18e3,
    0x2103, 0x20e4, 0x20e4, 0x2104, 0x20e4, 0x20c3, 0x20e4, 0x20e4, 0x18e3, 0x18e3, 0x20e4, 0x20e3,
    0x20e4, 0x2104, 0x20e4, 0x2103, 0x18e3, 0x18e3, 0x18e3, 0x20e3, 0x20e3, 0x18e3, 0x18e4, 0x20e3,
    0x18e3, 0x20e3, 0x20e3, 0x2104, 0x18e3, 0x20e3, 0x20e4, 0x18c3, 0x20e3, 0x18e3, 0x20e3, 0x20c3,
    0x18c3, 0x2104, 0x20e4, 0x20e3, 0x2103, 0x2103, 0x2103, 0x2103, 0x20e4, 0x20e4, 0x20e4, 0x18e3,
    0x2104, 0x20e4, 0x2104, 0x2103, 0x20e4, 0x20e3, 0x20e4, 0x18e4, 0x20e3, 0x18e3, 0x18e3, 0x20e3,
    0x20c3, 0x20e4, 0x18e3, 0x2104, 0x20e4, 0x20e4, 0x2104, 0x18e3, 0x20e4, 0x2104, 0x20e3, 0x20e3,
    0x2104, 0x18e3, 0x20e4, 0x20e4, 0x20e4, 0x2104, 0x2103, 0x2104, 0x20e4, 0x20c3, 0x18e4, 0x18e3,
    0x18e3, 0x18c3, 0x20c3, 0x20e3, 0x18e4, 0x20e4, 0x20e4, 0x20e3, 0x20e4, 0x20e4, 0x20e3, 0x20e3,
    0x20e3, 0x18e3, 0x2103, 0x18e3, 0x20e4, 0x20e4, 0x2103, 0x2104, 0x20e3, 0x2103, 0x20c4, 0x20e3,
    0x18e3, 0x20e4, 0x20e3, 0x20e3, 0x2103, 0x20e3, 0x20e4, 0x20e4, 0x20e3, 0x20e3, 0x2103, 0x20e3,
    0x20e3, 0x18e3, 0x20e3, 0x18e3, 0x20e3, 0x20e3, 0x18e3, 0x18e3, 0x2104, 0x20e3, 0x18e3, 0x20e3,
    0x20e4, 0x18c3, 0x18e3, 0x20e3, 0x18c3, 0x20e4, 0x20e4, 0x20e4, 0x20e4, 0x18e3, 0x18e3, 0x18e3,
    0x18e3, 0x18e3, 0x18e3, 0x18e3, 0x18e3, 0x20e4, 0x20e4, 0x2104, 0x18e3, 0x20e4, 0x2103, 0x18e3,
    0x20e3, 0x20c4, 0x20e3, 0x18e3, 0x18e3, 0x20e4, 0x20e3, 0x20e3, 0x2104, 0x20e3, 0x20e3, 0x18e3,
    0x20e3, 0x18e3, 0x20e3, 0x18e3, 0x18e3, 0x20e3, 0x20e3, 0x20e3, 0x20e3, 0x20e3, 0x20e4, 0x20e4,
    0x20e4, 0x18e3, 0x20e4, 0x20e3, 0x18e3, 0x18e3, 0x20c3, 0x18c3, 0x20e3, 0x20e4, 0x20e3, 0x20e3,
    0x18e3, 0x20e4, 0x20e3, 0x20e3, 0x18e3, 0x20e3, 0x20e3, 0x20e3, 0x20e3, 0x2103, 0x20e4, 0x20e3,
    0x20e4, 0x20e3, 0x2103, 0x2104, 0x2104, 0x20e4, 0x20e4, 0x20e4, 0x20e4, 0x20e4, 0x2104, 0x2104,
    0x20e4, 0x20e4, 0x20e4, 0x20e3, 0x20e4, 0x20e4, 0x20e4, 0x20e3, 0x20e4, 0x20e4, 0x20e4, 0x20e4,
    0x20e4, 0x20e4, 0x2104, 0x20e4, 0x20e4, 0x20e4, 0x18e3, 0x20e3, 0x20e3, 0x20e4, 0x18e3, 0x20e3,
    0x20e4, 0x2104, 0x20e4, 0x20e4, 0x20e4, 0x20e4, 0x20e4, 0x2103, 0x20e3, 0x20e4, 0x20e4, 0x20e3,
    0x20e3, 0x20e4, 0x20e4, 0x20e3, 0x20e4, 0x20e3, 0x2104, 0x20e4, 0x2104, 0x20e3, 0x20e3, 0x20e3,
    0x20e3, 0x20e3, 0x20e3, 0x18e3, 0x20e4, 0x20e3, 0x2104, 0x20e3, 0x20e3, 0x2104, 0x2103, 0x2104,
    0x2104, 0x2104, 0x20e4, 0x20e4, 0x20e4, 0x20e4, 0x20e4, 0x20e4, 0x20e4, 0x20e4, 0x20e4, 0x20e4,
    0x2104, 0x20e4, 0x20e4, 0x20e4, 0x20e4, 0x20e3, 0x20e4, 0x20e4, 0x20e4, 0x20e4, 0x20e4, 0x20e4,
    0x2104, 0x20e4, 0x20e3, 0x20e4, 0x20e3, 0x20e4, 0x2104, 0x20e4, 0x20e4, 0x20e4, 0x20e4, 0x20e4,
    0x20e4, 0x20e4, 0x20e4, 0x20e4, 0x20e4, 0x20e4, 0x20e4, 0x20e4, 0x20e4, 0x2103, 0x2103, 0x2104,
    0x20e4, 0x20e4, 0x20e4, 0x20e4, 0x20e4, 0x20e4, 0x20e4, 0x20e4, 0x20e3, 0x20e4, 0x20e4, 0x18e3,
    0x20e4, 0x18e3, 0x20e4, 0x20e3, 0x20e4, 0x20e4, 0x20e4, 0x2103, 0x20e3, 0x20e3, 0x18e3, 0x20e3,
    0x20e4, 0x20e4, 0x20e4, 0x2103, 0x2103, 0x20e4, 0x2104, 0x20e3, 0x20e3, 0x18e3, 0x20e3, 0x20e4,
    0x18e3, 0x20e3, 0x20e3, 0x20e3, 0x18e3, 0x20e3, 0x18e3, 0x18e3, 0x18e3, 0x18e3, 0x20e4, 0x20e3,
    0x20e3, 0x20e3, 0x20e4, 0x20e4, 0x20e4, 0x20e4, 0x20e3, 0x2104, 0x20e4, 0x20e3, 0x20e3, 0x20e3,
    0x20e3, 0x20e3, 0x20e3, 0x20e3, 0x20e3, 0x20e3, 0x20e4, 0x20e4, 0x20e4, 0x20e3, 0x20e4, 0x18e3,
    0x18e3, 0x20e4, 0x20e4, 0x2104, 0x20e4, 0x20e4, 0x20e4, 0x20e3, 0x20e4, 0x20e4, 0x20e4, 0x20e4,
    0x20e4, 0x20e4, 0x20e4, 0x18e3, 0x20e3, 0x20e3, 0x20e3, 0x18e3, 0x20e3, 0x20e3, 0x20e3, 0x18e3,
    0x20e3, 0x20e3, 0x20e4, 0x20e4, 0x20e4, 0x2104, 0x20e4, 0x20e3, 0x2104, 0x2103, 0x20e4, 0x20e4,
    0x20e4, 0x20e4, 0x18e3, 0x20e3, 0x20e3, 0x20e3, 0x20e3, 0x20e3, 0x20e3, 0x18e3, 0x20e4, 0x20e4,
    0x20e4, 0x20e4, 0x20e4, 0x20e4, 0x20e4, 0x20e4, 0x20e4, 0x20e4, 0x20e4, 0x20e4, 0x20e3, 0x20e4,
};

static const Fuchey::SpriteAnim FairPass = {
    FairPass_data, 240, 240, 1, 10, true,
};
