#pragma once
// Auto-generated by scripts/convert_sprite.py from 'firmware/assets/pass_top_blur.png'.
// 240x130 x1 frames, 62400 bytes RGB565. Do not hand-edit.
#include <cstdint>
#include "SpritePlayer.hpp"

static const uint16_t PassBlurTop_data[] = {
    0x84f6, 0x84f6, 0x84f6, 0x84f6, 0x84f6, 0x84f6, 0x84d6, 0x84d6, 0x84d6, 0x84d6, 0x84d6, 0x84d6,
    0x84d6, 0x84f6, 0x84f6, 0x84f6, 0x84f6, 0x84f6, 0x84f6, 0x84f6, 0x84f6, 0x84f6, 0x84f6, 0x84f6,
    0x84f6, 0x84f6, 0x84f6, 0x84f6, 0x84f6, 0x84f6, 0x84f6, 0x84f6, 0x84f6, 0x8cf6, 0x8cf6, 0x8cf6,
    0x8cf6, 0x84f6, 0x84f6, 0x84f6, 0x84f6, 0x84f6, 0x84f6, 0x84f6, 0x84f6, 0x84f6, 0x84f6, 0x84f6,
    0x84f6, 0x84f6, 0x84f6, 0x84f6, 0x84f6, 0x84f6, 0x84f6, 0x84f6, 0x84f6, 0x84f6, 0x84f6, 0x84f6,
    0x84f6, 0x84f6, 0x84f6, 0x84f6, 0x84f6, 0x84f6, 0x84d6, 0x84d6, 0x84d6, 0x84d6, 0x84f6, 0x84f6,
    0x84f6, 0x84f6, 0x84d6, 0x84d6, 0x84d6, 0x84d6, 0x84d6, 0x84d6, 0x84d6, 0x84d6, 0x84d6, 0x84f6,
    0x84f6, 0x84f6, 0x84f6, 0x84f6, 0x84f6, 0x84f6, 0x8cf6, 0x8cf6, 0x8cf6, 0x8cf6, 0x8cf6, 0x8cf6,
    0x8cf6, 0x8cf6, 0x8cf6, 0x8cf6, 0x84f6, 0x84f6, 0x84d6, 0x84d6, 0x84b5, 0x8494, 0x7c73, 0x7c33,
    0x7432, 0x7411, 0x6bf1, 0x6bd0, 0x6bd0, 0x6bb0, 0x6bd0, 0x6bd0, 0x73f0, 0x7411, 0x7c32, 0x7c72,
    0x8493, 0x84b4, 0x8cd4, 0x8cd4, 0x84b4, 0x8493, 0x7c73, 0x7432, 0x7411, 0x6bf0, 0x6bf0, 0x6bf0,
    0x6bf0, 0x6bf1, 0x7411, 0x7412, 0x7412, 0x7433, 0x7c33, 0x7c53, 0x7c74, 0x7c74, 0x8495, 0x8495,
    0x84b6, 0x84b6, 0x84d6, 0x84d6, 0x84d6, 0x84d6, 0x84d6, 0x84d6, 0x8cd6, 0x8cd6, 0x8cf6, 0x8cf6,
    0x8cf6, 0x8cf6, 0x8cf6, 0x8cf6, 0x8cf6, 0x8cf6, 0x8cf6, 0x8cf6, 0x8cf6, 0x8cf6, 0x8cf6, 0x8cf6,
    0x8cf6, 0x8cf6, 0x8cf6, 0x8cf6, 0x84f6, 0x84f6, 0x84f6, 0x8cf6, 0x8cf6, 0x8cf6, 0x8cf6, 0x8cf6,
    0x8cf6, 0x84d6, 0x84d6, 0x84d6, 0x84d6, 0x8cd6, 0x8cd6, 0x8cd6, 0x8cd6, 0x84d6, 0x84d6, 0x84d6,
    0x84d6, 0x84d6, 0x84f6, 0x8cf6, 0x8cf6, 0x8cf6, 0x8cf6, 0x8cf6, 0x8cf6, 0x8cf6, 0x8cf6, 0x84f6,
    0x84f6, 0x84f6, 0x84f6, 0x84f6, 0x8cf6, 0x8cf6, 0x8cf6, 0x8cf6, 0x8cf6, 0x8cf6, 0x8cf6, 0x8cf6,
    0x8cf6, 0x8cf6, 0x8cf6, 0x8cf6, 0x8cf6, 0x8cf6, 0x8cf6, 0x84f6, 0x84f6, 0x84f6, 0x84f6, 0x84f6,
    0x84f6, 0x8cf6, 0x8cf6, 0x8cf6, 0x8cf6, 0x8cf6, 0x8cf6, 0x84f6, 0x84f6, 0x84f6, 0x8cf6, 0x8cf6,
    0x84f6, 0x84f6, 0x84f6, 0x84f6, 0x84f6, 0x84f6, 0x84f6, 0x84f6, 0x84d6, 0x84d6, 0x84d6, 0x84f6,
    0x84f6, 0x84f6, 0x84f6, 0x84f6, 0x84f6, 0x84f6, 0x84f6, 0x84f6, 0x84f6, 0x84f6, 0x84f6, 0x84f6,
    0x84f6, 0x84f6, 0x84f6, 0x84f6, 0x84f6, 0x84f6, 0x84f6, 0x84f6, 0x84f6, 0x84f6, 0x84f6, 0x84f6,
    0x84f6, 0x84f6, 0x84f6, 0x84f6, 0x84f6, 0x84f6, 0x84f6, 0x84f6, 0x84f6, 0x84f6, 0x84f6, 0x84f6,
    0x84f6, 0x84f6, 0x84f6, 0x84f6, 0x84f6, 0x84f6, 0x84f6, 0x84f6, 0x84f6, 0x84f6, 0x84f6, 0x84f6,
    0x84f6, 0x84f6, 0x84f6, 0x84f6, 0x84f6, 0x84f6, 0x84f6, 0x84f6, 0x84f7, 0x84f6, 0x84f6, 0x84f6,
    0x84f6, 0x84f6, 0x84d6, 0x84d6, 0x84d6, 0x84d6, 0x84d6, 0x84d6, 0x84d6, 0x84f6, 0x84f6, 0x84f6,
    0x84f6, 0x84f6, 0x84f6, 0x84f6, 0x84d6, 0x84f6, 0x8cf6, 0x8cf6, 0x8cf7, 0x8cf7, 0x8cf7, 0x8cf7,
    0x8cf7, 0x8cf6, 0x8cf6, 0x8cf6, 0x8cf6, 0x84d6, 0x84d5, 0x84b5, 0x7c94, 0x7c53, 0x7432, 0x7411,
    0x6bf0, 0x6bd0, 0x6baf, 0x63af, 0x638e, 0x638e, 0x6baf, 0x6baf, 0x73d0, 0x7410, 0x7c31, 0x8472,
    0x8493, 0x8cb4, 0x8cd4, 0x8cd4, 0x8cd4, 0x8493, 0x7c73, 0x7c32, 0x7410, 0x6bf0, 0x6bcf, 0x6baf,
    0x6baf, 0x6baf, 0x6baf, 0x6bd0, 0x6bd0, 0x6bf1, 0x73f1, 0x7412, 0x7412, 0x7c33, 0x7c53, 0x7c74,
    0x8495, 0x8495, 0x84b6, 0x84b6, 0x84d6, 0x84d6, 0x84d6, 0x84d6, 0x8cd6, 0x8cd6, 0x8cf6, 0x8cf6,
    0x8cf6, 0x8cf6, 0x8cf6, 0x8cf6, 0x8cf6, 0x8cf6, 0x8cf6, 0x8cf6, 0x8cf6, 0x8cf6, 0x8cf6, 0x8cf6,
    0x8cf6, 0x8cf6, 0x8cf6, 0x84f6, 0x84f6, 0x84f6, 0x84f6, 0x8cf6, 0x8cf6, 0x8cf6, 0x8cf6, 0x8cf6,
    0x84f6, 0x84f6, 0x84d6, 0x84f6, 0x8cf6, 0x8cf7, 0x8cf7, 0x8cd7, 0x8cd7, 0x84d6, 0x84d6, 0x84d6,
    0x84d6, 0x84d6, 0x84f6, 0x84f6, 0x8cf6, 0x8cf6, 0x8cf6, 0x8cf6, 0x8cf6, 0x8cf6, 0x8cf6, 0x8cf6,
    0x8cf6, 0x8cf6, 0x8cf6, 0x8cf6, 0x8cf6, 0x8cf6, 0x8cf6, 0x8cf6, 0x8cf6, 0x8cf6, 0x8cf6, 0x8cf6,
    0x8cf6, 0x8cf6, 0x8cf6, 0x8cf6, 0x8cf6, 0x8cf6, 0x84f6, 0x84f6, 0x84f6, 0x84f6, 0x84f6, 0x84f6,
    0x84f6, 0x8cf6, 0x8cf6, 0x8cf6, 0x8cf6, 0x8cf6, 0x8cf6, 0x84f6, 0x84f6, 0x84f6, 0x8cf6, 0x8cf6,
    0x84f6, 0x84f6, 0x84f6, 0x84f6, 0x84f6, 0x84f6, 0x84f6, 0x84f6, 0x84d6, 0x84d6, 0x84d6, 0x84f6,
    0x84f6, 0x84f6, 0x84f6, 0x84f6, 0x84f6, 0x84f6, 0x84f6, 0x84f6, 0x84f6, 0x84f6, 0x84f6, 0x84f6,
    0x84f6, 0x84f6, 0x84f6, 0x84f6, 0x84f6, 0x84f6, 0x84f6, 0x84f6, 0x84f6, 0x84f6, 0x84f6, 0x84f6,
    0x84f6, 0x84f6, 0x84f6, 0x84f6, 0x84f6, 0x84f6, 0x84f6, 0x84f6, 0x84f6, 0x84f6, 0x84f6, 0x84f6,
    0x84f6, 0x84f6, 0x84f6, 0x84f6, 0x84f6, 0x84f6, 0x84f6, 0x84f6, 0x84f6, 0x84f6, 0x84f6, 0x84f6,
    0x84f6, 0x84f6, 0x84f6, 0x84f6, 0x84f6, 0x84f6, 0x8cf7, 0x8cf7, 0x8cf7, 0x8cf7, 0x8cf7, 0x84f6,
    0x84f6, 0x84f6, 0x84f6, 0x84f6, 0x84f6, 0x84f6, 0x84d6, 0x84d6, 0x84d6, 0x84f6, 0x84f6, 0x84f6,
    0x84f6, 0x84f6, 0x84f6, 0x84f6, 0x84f6, 0x8cf7, 0x8cf7, 0x8cf7, 0x8cf7, 0x8d17, 0x8d17, 0x8d17,
    0x8d17, 0x8d16, 0x8d16, 0x8cf6, 0x84f5, 0x84d5, 0x8494, 0x7c73, 0x7432, 0x7411, 0x6bd0, 0x6baf,
    0x638e, 0x636d, 0x636d, 0x636d, 0x636d, 0x636d, 0x638e, 0x6bae, 0x73cf, 0x7410, 0x7c31, 0x8472,
    0x8493, 0x8cd4, 0x8cd4, 0x8cd4, 0x8cd4, 0x84b3, 0x7c72, 0x7c31, 0x7410, 0x6bef, 0x6bae, 0x638d,
    0x636d, 0x636d, 0x636d, 0x636d, 0x636d, 0x636e, 0x638f, 0x6baf, 0x6bb0, 0x6bd1, 0x73f1, 0x7412,
    0x7c33, 0x7c54, 0x7c74, 0x8495, 0x8495, 0x84b6, 0x84b6, 0x84d6, 0x84d6, 0x8cd6, 0x8cd6, 0x8cf6,
    0x8cf6, 0x8cf6, 0x8cf6, 0x8cf6, 0x8cf6, 0x8cf6, 0x8cf6, 0x8cf6, 0x8cf6, 0x8cf6, 0x8cf6, 0x8cf6,
    0x8cf6, 0x8cf6, 0x84f6, 0x84f6, 0x84f6, 0x84f6, 0x84f6, 0x84f6, 0x8cf6, 0x8cf6, 0x8cf6, 0x8cf6,
    0x84f6, 0x84f6, 0x84f6, 0x84f7, 0x8cf7, 0x8cf7, 0x8cf7, 0x8cf7, 0x8cf7, 0x8cd7, 0x84d6, 0x84d6,
    0x84d6, 0x84d6, 0x84f6, 0x84f6, 0x8cf6, 0x8cf6, 0x8cf6, 0x8cf6, 0x8cf6, 0x8cf6, 0x8cf6, 0x8cf6,
    0x8cf6, 0x8cf6, 0x8cf6, 0x8cf6, 0x8cf6, 0x8cf6, 0x8cf6, 0x8cf6, 0x8cf6, 0x8cf6, 0x8cf6, 0x8cf6,
    0x8cf6, 0x8cf6, 0x8cf6, 0x8cf6, 0x8cf6, 0x8cf6, 0x84f6, 0x84f6, 0x84f6, 0x84f6, 0x84f6, 0x84f6,
    0x84f6, 0x8cf6, 0x8cf6, 0x8cf6, 0x8cf6, 0x8cf6, 0x84f6, 0x84f6, 0x84f6, 0x84f6, 0x8cf6, 0x8cf6,
    0x84f6, 0x84f6, 0x84f6, 0x84f6, 0x84f6, 0x84f6, 0x84f6, 0x84d6, 0x84d6, 0x84d6, 0x84d6, 0x84d6,
    0x84f6, 0x84f6, 0x84f6, 0x84f6, 0x84f6, 0x84f6, 0x84f6, 0x84f6, 0x84d6, 0x84d6, 0x84d6, 0x84d6,
    0x84d6, 0x84f6, 0x84f6, 0x84f6, 0x84f6, 0x84f6, 0x84f6, 0x84f6, 0x84f6, 0x84f6, 0x84f6, 0x84f6,
    0x84f6, 0x84f6, 0x84f6, 0x84f6, 0x84f6, 0x84f6, 0x84f6, 0x84f6, 0x84f6, 0x84f6, 0x84f6, 0x84f6,
    0x84f6, 0x84f6, 0x84f6, 0x84f6, 0x84f6, 0x84f6, 0x84f6, 0x84f6, 0x84f6, 0x84f6, 0x84f6, 0x84f6,
    0x84f6, 0x84d6, 0x84f6, 0x84f6, 0x84f6, 0x84f7, 0x8cf7, 0x8cf7, 0x8cf7, 0x8cf7, 0x8cf7, 0x84f7,
    0x84f6, 0x84f6, 0x84f6, 0x84f6, 0x84f6, 0x84f6, 0x84d6, 0x84d6, 0x84d6, 0x84f6, 0x84f6, 0x84f6,
    0x84f6, 0x84f6, 0x84f6, 0x8cf7, 0x8cf7, 0x8cf7, 0x8cf7, 0x8d17, 0x9517, 0x9537, 0x9537, 0x9537,
    0x9537, 0x9536, 0x8d16, 0x8cf5, 0x84b4, 0x7c93, 0x7452, 0x7411, 0x6bd0, 0x63ae, 0x636d, 0x5b4c,
    0x5b2b, 0x5b0b, 0x5b2b, 0x5b2b, 0x5b4c, 0x636c, 0x6b8d, 0x6bae, 0x73ef, 0x7410, 0x7c31, 0x8472,
    0x8492, 0x84b3, 0x8cb3, 0x8cb3, 0x84b3, 0x8492, 0x7c72, 0x7c31, 0x7410, 0x6bce, 0x63ad, 0x636c,
    0x5b4b, 0x5b2b, 0x530a, 0x5b0a, 0x5b0b, 0x5b0b, 0x5b0c, 0x5b2c, 0x634d, 0x636e, 0x6b8f, 0x6bb0,
    0x6bd1, 0x7412, 0x7433, 0x7c53, 0x7c74, 0x8495, 0x8495, 0x84b6, 0x84d6, 0x84d6, 0x8cd6, 0x8cd6,
    0x8cd6, 0x8cf6, 0x8cf6, 0x8cf6, 0x8cf6, 0x8cf6, 0x8cf6, 0x8cf6, 0x8cf6, 0x8cf6, 0x8cf6, 0x84f6,
    0x84f6, 0x84f6, 0x84f6, 0x84f6, 0x84f6, 0x84f6, 0x84f6, 0x84f6, 0x84f6, 0x84f6, 0x84f6, 0x84f6,
    0x84f6, 0x84f6, 0x84f7, 0x8cf7, 0x8cf7, 0x8cf7, 0x8cf7, 0x8cf7, 0x8cf7, 0x8cf7, 0x8cf7, 0x84d6,
    0x84d6, 0x84d6, 0x84f6, 0x84f6, 0x84f6, 0x84f6, 0x84f6, 0x8cf6, 0x8cf6, 0x8cf6, 0x8cf6, 0x8cf6,
    0x8cf6, 0x8cf6, 0x8cf6, 0x8cf6, 0x8cf6, 0x8cf6, 0x8cf6, 0x8cf6, 0x8cf6, 0x8cf6, 0x8cf6, 0x8cf6,
    0x8cf6, 0x8cf6, 0x8cf6, 0x8cf6, 0x8cf6, 0x84f6, 0x84f6, 0x84f6, 0x84f6, 0x84f6, 0x84f6, 0x8cf6,
    0x8cf6, 0x8cf6, 0x8cf6, 0x8cf6, 0x8cf6, 0x84f6, 0x84f6, 0x84f6, 0x84f6, 0x84f6, 0x84f6, 0x8cd6,
    0x84f6, 0x84f6, 0x84f6, 0x84f6, 0x84f6, 0x84f6, 0x84d6, 0x84d6, 0x84d6, 0x84d6, 0x84d6, 0x84d6,
    0x84d6, 0x84f6, 0x84f6, 0x84f6, 0x84f7, 0x84f7, 0x84f6, 0x84f6, 0x84d6, 0x84d6, 0x84d6, 0x84d6,
    0x84d6, 0x84f6, 0x84f6, 0x84f6, 0x84f6, 0x84f6, 0x84f6, 0x84d6, 0x84d6, 0x84d6, 0x84d6, 0x84d6,
    0x84d6, 0x84d6, 0x84d6, 0x84d6, 0x84d6, 0x84f6, 0x84f6, 0x84f6, 0x84f6, 0x84f6, 0x84f6, 0x84f6,
    0x84f6, 0x84f6, 0x84f6, 0x84f6, 0x84f6, 0x84f6, 0x84f6, 0x84f6, 0x84f6, 0x84d6, 0x84f6, 0x84d6,
    0x84f6, 0x84d6, 0x84f6, 0x84f6, 0x84f6, 0x8cf7, 0x8cf7, 0x8cf7, 0x8cf7, 0x8cf7, 0x8cf7, 0x84f7,
    0x84f6, 0x84f6, 0x84f6, 0x84f6, 0x84f6, 0x84f6, 0x84d6, 0x84d6, 0x84d6, 0x84f6, 0x84f6, 0x84f6,
    0x84f6, 0x8cf7, 0x8cf7, 0x8cf7, 0x8d17, 0x8d17, 0x9537, 0x9537, 0x9537, 0x9557, 0x9557, 0x9557,
    0x9536, 0x8d15, 0x8cf4, 0x84b3, 0x7c71, 0x7430, 0x6bef, 0x63ae, 0x636d, 0x5b2c, 0x5b0b, 0x52ea,
    0x52ea, 0x52e9, 0x5aea, 0x5b0a, 0x634b, 0x636c, 0x6b8d, 0x6bce, 0x73ef, 0x7c10, 0x7c30, 0x7c31,
    0x8451, 0x8471, 0x8471, 0x8471, 0x8451, 0x7c51, 0x7c30, 0x7410, 0x73ef, 0x6bce, 0x638d, 0x634b,
    0x5b0a, 0x52e9, 0x52c9, 0x52a9, 0x52a9, 0x52a9, 0x52a9, 0x52ca, 0x5aca, 0x5aeb, 0x5b0c, 0x634d,
    0x636e, 0x6b8f, 0x6bb0, 0x73f1, 0x7412, 0x7c33, 0x7c74, 0x8495, 0x84b6, 0x84d6, 0x84d6, 0x8cd6,
    0x8cf6, 0x8cf6, 0x8cf6, 0x8cf6, 0x8cf6, 0x8cf6, 0x8cf6, 0x84f6, 0x8cf6, 0x84f6, 0x84f6, 0x84f6,
    0x84f6, 0x84f6, 0x84f6, 0x84f6, 0x84f6, 0x84f6, 0x84d6, 0x84f6, 0x84f6, 0x84f6, 0x84f6, 0x84f6,
    0x84f6, 0x84f6, 0x84f7, 0x8cf7, 0x8cf7, 0x8cf7, 0x8cf7, 0x8cf7, 0x8cf7, 0x8cf7, 0x8cf7, 0x84d6,
    0x84d6, 0x84d6, 0x84f6, 0x84f6, 0x84f6, 0x84f6, 0x84f6, 0x84f6, 0x84d6, 0x84d6, 0x8cd6, 0x84f6,
    0x8cf6, 0x8cf6, 0x8cf6, 0x8cf6, 0x8cf6, 0x8cf6, 0x8cf6, 0x8cf6, 0x8cf6, 0x8cf6, 0x8cf6, 0x8cf6,
    0x8cf6, 0x8cf6, 0x8cf6, 0x8cf6, 0x8cf6, 0x84f6, 0x84f6, 0x84f6, 0x84f6, 0x84f6, 0x8cf6, 0x8cf7,
    0x8cf7, 0x8cf7, 0x8cf6, 0x8cf6, 0x8cf6, 0x84f6, 0x84d6, 0x84f6, 0x84f6, 0x84f6, 0x84f6, 0x84d6,
    0x84f7, 0x84f7, 0x84d7, 0x84d7, 0x84d7, 0x84d7, 0x84d7, 0x84d7, 0x84d7, 0x84d6, 0x84d6, 0x84d6,
    0x84f6, 0x84f6, 0x8cf7, 0x8cf7, 0x8cf7, 0x8cf7, 0x8cf7, 0x84f7, 0x84d6, 0x84d6, 0x84d6, 0x84d6,
    0x84d6, 0x84d6, 0x84f6, 0x84f6, 0x84f6, 0x84f6, 0x84f6, 0x84f6, 0x84d7, 0x84d7, 0x84d7, 0x84d7,
    0x84d7, 0x84d7, 0x84d7, 0x84d7, 0x84d7, 0x84f7, 0x84f7, 0x84f7, 0x84f7, 0x84f7, 0x84f7, 0x84f7,
    0x84f7, 0x84f7, 0x84f7, 0x84f7, 0x84f7, 0x84f7, 0x84f7, 0x84f7, 0x84f7, 0x84f7, 0x84f7, 0x84d7,
    0x84f7, 0x84d7, 0x84f7, 0x84f7, 0x84f7, 0x8cf7, 0x8cf7, 0x8cf7, 0x8cf7, 0x8cf7, 0x8cf7, 0x8cf7,
    0x84f7, 0x84f7, 0x84f7, 0x84f7, 0x84f7, 0x84f7, 0x84d6, 0x84d6, 0x84f6, 0x84f6, 0x8cf6, 0x8cf7,
    0x8cf7, 0x8cf7, 0x8d17, 0x9537, 0x9537, 0x9557, 0x9d57, 0x9d57, 0x9d77, 0x9d57, 0x9556, 0x9536,
    0x8d15, 0x8cd4, 0x8492, 0x7c50, 0x6bef, 0x63ad, 0x636c, 0x5b2b, 0x5b0a, 0x52ea, 0x52c9, 0x52a9,
    0x52a9, 0x52c9, 0x5ae9, 0x5b0a, 0x634b, 0x6b6c, 0x6b8d, 0x73ae, 0x73ce, 0x73ef, 0x73ef, 0x73ef,
    0x7bef, 0x7bef, 0x7bef, 0x7bef, 0x73ef, 0x73ef, 0x73ef, 0x73ce, 0x6bae, 0x6b8d, 0x636c, 0x5b2b,
    0x5aea, 0x52c9, 0x52a8, 0x5288, 0x4a88, 0x4a68, 0x5268, 0x5288, 0x5289, 0x52a9, 0x52aa, 0x5aca,
    0x5aeb, 0x5b0c, 0x634d, 0x636e, 0x6bb0, 0x73f1, 0x7432, 0x7c74, 0x8495, 0x84d6, 0x84d6, 0x8cf6,
    0x8cf7, 0x8cf7, 0x8cf7, 0x8cf7, 0x8cf7, 0x8cf6, 0x8cf6, 0x84f7, 0x84f7, 0x84f7, 0x84f7, 0x84f7,
    0x84f7, 0x84f6, 0x84f6, 0x84f6, 0x84f6, 0x84f6, 0x84d7, 0x84f7, 0x84f7, 0x84f7, 0x84f7, 0x84f7,
    0x84f7, 0x84f7, 0x8cf7, 0x8cf7, 0x8cf7, 0x8cf7, 0x8cf7, 0x8cf7, 0x8cf7, 0x8cf7, 0x8cf7, 0x8cd7,
    0x84d7, 0x84d7, 0x84f7, 0x84f7, 0x84f7, 0x84f7, 0x84f7, 0x84f7, 0x84d6, 0x84d6, 0x8cd6, 0x8cf6,
    0x8cf6, 0x8cf6, 0x8cf6, 0x8cf6, 0x8cf6, 0x8cf6, 0x8cf6, 0x8cf6, 0x8cf6, 0x8cf6, 0x8cf7, 0x8cf6,
    0x8cf6, 0x8cf6, 0x8cf6, 0x8cf6, 0x8cf6, 0x84f6, 0x84f6, 0x84f6, 0x84f6, 0x8cf7, 0x8cf7, 0x8cf7,
    0x8cf7, 0x8cf7, 0x8cf7, 0x8cf7, 0x8cf7, 0x8cf6, 0x84f6, 0x84f6, 0x84f6, 0x84f6, 0x84f6, 0x84d6,
    0x8cf7, 0x8cf7, 0x8cf7, 0x8cf7, 0x8cf7, 0x8cf7, 0x8cd7, 0x8cd7, 0x8cd7, 0x8cd7, 0x8cd7, 0x8cf7,
    0x8cf7, 0x8cf7, 0x8cf7, 0x8cf7, 0x8cf7, 0x8cf7, 0x8cf7, 0x8cf7, 0x8cd7, 0x8cd7, 0x8cd6, 0x8cd6,
    0x8cd6, 0x8cf6, 0x8cf6, 0x8cf6, 0x8cf7, 0x8cf7, 0x8cf7, 0x8cf7, 0x8cf7, 0x8cf7, 0x8cf7, 0x8cf7,
    0x8cf7, 0x8cf7, 0x8cf7, 0x8cf7, 0x8cf7, 0x8cf7, 0x8cf7, 0x8cf7, 0x8cf7, 0x8cf7, 0x8cf7, 0x8cf7,
    0x8cf7, 0x8cf7, 0x8cf7, 0x8cf7, 0x8cf7, 0x8cf7, 0x8cf7, 0x8cf7, 0x8cf7, 0x8cf7, 0x8cf7, 0x8cf7,
    0x8cf7, 0x8cf7, 0x8cf7, 0x8cf7, 0x8cf7, 0x8cf7, 0x8cf7, 0x8cf7, 0x8cf7, 0x8cf7, 0x8cf7, 0x8cf7,
    0x8cf7, 0x8cf7, 0x8cf7, 0x8cf7, 0x8cf7, 0x8cf7, 0x8cf7, 0x8cf7, 0x8cf7, 0x8cf7, 0x8cf7, 0x8cf7,
    0x8d17, 0x9517, 0x9537, 0x9557, 0x9d77, 0x9d77, 0x9d77, 0x9d77, 0x9d57, 0x9536, 0x9515, 0x8cf4,
    0x84b3, 0x7c71, 0x7430, 0x6bce, 0x636c, 0x5b2a, 0x5309, 0x52c9, 0x52a8, 0x52a8, 0x5288, 0x5288,
    0x52a8, 0x52a8, 0x5ac9, 0x5b0a, 0x632b, 0x6b4c, 0x6b6c, 0x6b8d, 0x6bad, 0x6b8d, 0x6b8d, 0x6b8d,
    0x6b8d, 0x6b8d, 0x6b8d, 0x6b6d, 0x6b8d, 0x6b8d, 0x6b8d, 0x6b6d, 0x6b6c, 0x634b, 0x632b, 0x5b0a,
    0x5ac9, 0x52a8, 0x5288, 0x5267, 0x4a67, 0x4a67, 0x4a67, 0x4a67, 0x5267, 0x5268, 0x5268, 0x5289,
    0x52a9, 0x52aa, 0x5aeb, 0x5b0c, 0x634d, 0x6b8f, 0x6bd0, 0x7432, 0x7c74, 0x84b5, 0x84f6, 0x8cf6,
    0x8cf7, 0x8cf7, 0x8cf7, 0x8cf7, 0x8cf7, 0x8cf7, 0x8cf7, 0x8cf7, 0x8cf7, 0x8cf7, 0x8cf7, 0x8cf7,
    0x8cf7, 0x8cf7, 0x8cf7, 0x8cf7, 0x8cf7, 0x8cf7, 0x8cd7, 0x8cf7, 0x8cf7, 0x8cf7, 0x8cf7, 0x8cf7,
    0x8cf7, 0x8cf7, 0x8cf7, 0x8cf7, 0x8cf7, 0x8cf7, 0x8cf7, 0x8cf7, 0x8cf7, 0x8cf7, 0x8cf7, 0x8cf7,
    0x8cf7, 0x8cf7, 0x8cf7, 0x8cf7, 0x8cf7, 0x8cf7, 0x8cf7, 0x8cf7, 0x8cf7, 0x8cf7, 0x8cf7, 0x8cf7,
    0x8cf7, 0x8cf7, 0x8cf7, 0x8cf7, 0x8cf7, 0x8cf7, 0x8cf7, 0x8cf7, 0x8cf7, 0x8cf7, 0x8cf7, 0x8cf7,
    0x8cf7, 0x8cf7, 0x8cf7, 0x8cf7, 0x8cf7, 0x8cf7, 0x8cf7, 0x8cf7, 0x8cf7, 0x8cf7, 0x8cf7, 0x8d17,
    0x8d17, 0x8d17, 0x8cf7, 0x8cf7, 0x8cf7, 0x8cf7, 0x8cf7, 0x8cf7, 0x8cf7, 0x8cf7, 0x8cf7, 0x8cf7,
    0x8cf7, 0x8cf7, 0x8cf7, 0x8cf7, 0x8cf7, 0x8cf7, 0x8cf7, 0x8cf7, 0x8cf7, 0x8cf7, 0x8cf7, 0x8cf7,
    0x8cf7, 0x8cf7, 0x8cf7, 0x8cf7, 0x8cf7, 0x8cf7, 0x8cf7, 0x8cf7, 0x8cf7, 0x8cd7, 0x8cd7, 0x8cd7,
    0x8cd6, 0x8cf6, 0x8cf6, 0x8cf7, 0x8cf7, 0x8cf7, 0x8cf7, 0x8cf7, 0x8cf7, 0x8cf7, 0x8cf7, 0x8cf7,
    0x8cf7, 0x8cf7, 0x8cf7, 0x8cf7, 0x8cf7, 0x8cf7, 0x8cf7, 0x8cf7, 0x8cf7, 0x8cf7, 0x8cf7, 0x8cf7,
    0x8cf7, 0x8cf7, 0x8cf7, 0x8cf7, 0x8cf7, 0x8cf7, 0x8cf7, 0x8cf7, 0x8cf7, 0x8cf7, 0x8cf7, 0x8cf7,
    0x8cf7, 0x8cf7, 0x8cf7, 0x8cf7, 0x8cf7, 0x8cf7, 0x8cf7, 0x8cf7, 0x8cf7, 0x8cf7, 0x8cf7, 0x8cf7,
    0x8cf7, 0x8cf7, 0x8cf7, 0x8cf7, 0x8cf7, 0x8cf7, 0x8cf7, 0x8cf7, 0x8cf7, 0x8cf7, 0x8d17, 0x8d17,
    0x9537, 0x9557, 0x9d78, 0x9d98, 0xa598, 0xa598, 0x9d77, 0x9d56, 0x9535, 0x8cf4, 0x84b3, 0x7c71,
    0x7c30, 0x73ef, 0x6bad, 0x634b, 0x5b09, 0x52c8, 0x52a8, 0x4a87, 0x4a87, 0x5267, 0x5267, 0x5287,
    0x5288, 0x52a8, 0x5ac9, 0x5ae9, 0x630a, 0x632b, 0x6b4b, 0x6b4b, 0x6b4b, 0x6b4b, 0x6b4b, 0x6b2b,
    0x6b2b, 0x632b, 0x6b2a, 0x6b2b, 0x6b2b, 0x6b2b, 0x6b2b, 0x632b, 0x632a, 0x630a, 0x5ae9, 0x5ac9,
    0x52a8, 0x5288, 0x5287, 0x5267, 0x5267, 0x5267, 0x5267, 0x5267, 0x5267, 0x5267, 0x5267, 0x5267,
    0x5268, 0x5288, 0x5289, 0x52a9, 0x5aeb, 0x632c, 0x6b8e, 0x73f0, 0x7c53, 0x8494, 0x84f5, 0x8d16,
    0x8d17, 0x9537, 0x8d37, 0x8d17, 0x8d17, 0x8d17, 0x8cf7, 0x8cf7, 0x8cf7, 0x8cf7, 0x8cf7, 0x8cf7,
    0x8cf7, 0x8cf7, 0x8cf7, 0x8cf7, 0x8cf7, 0x8cf7, 0x8cf7, 0x8cf7, 0x8cf7, 0x8cf7, 0x8cf7, 0x8cf7,
    0x8cf7, 0x8cf7, 0x8cf7, 0x8cf7, 0x8cf7, 0x8cf7, 0x8cf7, 0x8cf7, 0x8cf7, 0x8cf7, 0x8cf7, 0x8cf7,
    0x8cf7, 0x8cf7, 0x8cf7, 0x8cf7, 0x8cf7, 0x8cf7, 0x8cf7, 0x8cf7, 0x8cf7, 0x8cf7, 0x8cf7, 0x8cf7,
    0x8cf7, 0x8cf7, 0x8cf7, 0x8cf7, 0x8cf7, 0x8cf7, 0x8cf7, 0x8cf7, 0x8cf7, 0x8cf7, 0x8cf7, 0x8cf7,
    0x8cf7, 0x8cf7, 0x8cf7, 0x8cf7, 0x8cf7, 0x8cf7, 0x8cf7, 0x8cf7, 0x8cf7, 0x8cf7, 0x8d17, 0x9517,
    0x9517, 0x9517, 0x8d17, 0x8cf7, 0x8cf7, 0x8cf7, 0x8cf7, 0x8cf7, 0x8cf7, 0x8cf7, 0x8cf7, 0x8cf7,
    0x8cf7, 0x8cf7, 0x8cf7, 0x8cf7, 0x8cf7, 0x8cf7, 0x8cf7, 0x8cf7, 0x8cf7, 0x8cf7, 0x8cf7, 0x8cf7,
    0x8cf7, 0x8cf7, 0x8cf7, 0x8cf7, 0x8cf7, 0x8cf7, 0x8cf7, 0x8cf7, 0x8cf7, 0x8cf7, 0x8cf7, 0x8cd6,
    0x8cf6, 0x8cf6, 0x8cf6, 0x8cf7, 0x8cf7, 0x8cf7, 0x8cf7, 0x8cf7, 0x8cf7, 0x8cf7, 0x8cf7, 0x8cf7,
    0x8cf7, 0x8cf7, 0x8cf7, 0x8cf7, 0x8cf7, 0x8cf7, 0x8cf7, 0x8cf7, 0x8cf7, 0x8cf7, 0x8cf7, 0x8cf7,
    0x8cf7, 0x8cf7, 0x8cf7, 0x8cf7, 0x8cf7, 0x8cf7, 0x8cf7, 0x8cf7, 0x8cf7, 0x8cf7, 0x8cf7, 0x8cf7,
    0x8cf7, 0x8cf7, 0x8cf7, 0x8cf7, 0x8cf7, 0x8cf7, 0x8cf7, 0x8cf7, 0x8cf7, 0x8cf7, 0x8cf7, 0x8cf7,
    0x8cf7, 0x8cf7, 0x8cf7, 0x8cf7, 0x8cf7, 0x8cf7, 0x8cf7, 0x8cf7, 0x8cf7, 0x8d17, 0x9537, 0x9537,
    0x9d78, 0x9d98, 0xa598, 0xa5b8, 0xa5b8, 0xa597, 0x9d56, 0x9515, 0x84d3, 0x7c71, 0x7430, 0x6bee,
    0x6bad, 0x636c, 0x5b2a, 0x5ae9, 0x52c8, 0x4a87, 0x4a87, 0x4a67, 0x5267, 0x5267, 0x5267, 0x5267,
    0x5288, 0x5288, 0x5aa8, 0x5ae9, 0x62e9, 0x630a, 0x630a, 0x630a, 0x630a, 0x630a, 0x630a, 0x6309,
    0x6309, 0x62e9, 0x6309, 0x6309, 0x6309, 0x6309, 0x6309, 0x6309, 0x62e9, 0x5ae9, 0x5ac8, 0x52a8,
    0x5287, 0x5287, 0x5267, 0x5267, 0x5267, 0x5267, 0x5267, 0x5267, 0x5267, 0x5267, 0x5267, 0x5267,
    0x5267, 0x5267, 0x5268, 0x5288, 0x52a9, 0x5aea, 0x634c, 0x6baf, 0x7411, 0x7c73, 0x84d5, 0x8d16,
    0x9537, 0x9557, 0x9557, 0x9557, 0x9537, 0x9537, 0x9537, 0x9517, 0x8d17, 0x8cf7, 0x8cf7, 0x8cf7,
    0x8cf7, 0x8cf7, 0x8cf7, 0x8cf7, 0x8cf7, 0x8cf7, 0x8cf7, 0x8cf7, 0x8cf7, 0x8cf7, 0x8cf7, 0x8cf7,
    0x8cf7, 0x8cf7, 0x8cf7, 0x8cf7, 0x8cf7, 0x8cf7, 0x8cf7, 0x8cf7, 0x8cf7, 0x8cf7, 0x8cf7, 0x8cf7,
    0x8cf7, 0x8cf7, 0x8cf7, 0x8cf7, 0x8cf7, 0x8cf7, 0x8cf7, 0x8cf7, 0x8cf7, 0x8cf7, 0x8cf7, 0x8cf7,
    0x8cf7, 0x8cf7, 0x8cf7, 0x8cf7, 0x8cf7, 0x8cf7, 0x8cf7, 0x8cf7, 0x8cf7, 0x8cf7, 0x8cf7, 0x8cf7,
    0x8cf7, 0x8cf7, 0x8cf7, 0x8cf7, 0x8cf7, 0x8cf7, 0x8cf7, 0x8cf7, 0x8cf7, 0x8d17, 0x9517, 0x9517,
    0x9517, 0x9517, 0x9517, 0x8d17, 0x8cf7, 0x8cf7, 0x8cf7, 0x8cf7, 0x8cf7, 0x8cf7, 0x8cf7, 0x8cf7,
    0x8cf7, 0x8cf7, 0x8cf7, 0x8cf7, 0x8cf7, 0x8cf7, 0x8cf7, 0x8cf7, 0x8cf7, 0x8cf7, 0x8cf7, 0x8cf7,
    0x8cf7, 0x8cf7, 0x94f7, 0x94f7, 0x94f7, 0x94f7, 0x8cf7, 0x8cf7, 0x8cf7, 0x8cf7, 0x8cf6, 0x8cd6,
    0x8cd6, 0x8cf6, 0x8cf6, 0x8cf6, 0x9517, 0x9517, 0x9517, 0x8cf7, 0x8cf7, 0x8cf7, 0x8cf7, 0x8cf7,
    0x8cf7, 0x8cf7, 0x8cf7, 0x8cf7, 0x8cf7, 0x8cf7, 0x8cf7, 0x8d17, 0x8d17, 0x8d17, 0x8d17, 0x8d17,
    0x8d17, 0x8d17, 0x8d17, 0x8d17, 0x8d17, 0x8d17, 0x8d17, 0x8d17, 0x8d17, 0x8d17, 0x8d17, 0x8d17,
    0x8d17, 0x8d17, 0x8cf7, 0x8cf7, 0x8cf7, 0x8cf7, 0x8cf7, 0x8cf7, 0x8cf7, 0x8d17, 0x8cf7, 0x8d17,
    0x8d17, 0x8d17, 0x8d17, 0x8d17, 0x8cf7, 0x8cf7, 0x8d17, 0x9517, 0x9517, 0x9537, 0x9d57, 0x9d78,
    0xa598, 0xa5b8, 0xadd8, 0xa5d8, 0xa597, 0x9d76, 0x9514, 0x84b2, 0x7450, 0x6bee, 0x638d, 0x634b,
    0x5b2b, 0x5b0a, 0x5ac9, 0x52a8, 0x5287, 0x4a87, 0x4a66, 0x5267, 0x5267, 0x5267, 0x5267, 0x5267,
    0x5287, 0x5a88, 0x5aa8, 0x5ac8, 0x62e9, 0x62e9, 0x6309, 0x6309, 0x6309, 0x6309, 0x6309, 0x62e9,
    0x62e9, 0x62e9, 0x6b09, 0x6b09, 0x6b09, 0x6b09, 0x6309, 0x62e9, 0x62e8, 0x5ac8, 0x5aa7, 0x5287,
    0x5287, 0x5266, 0x4a66, 0x5266, 0x5267, 0x5267, 0x5267, 0x5267, 0x5267, 0x5267, 0x5267, 0x5267,
    0x5267, 0x5267, 0x5267, 0x5267, 0x5288, 0x52a9, 0x5b0b, 0x636d, 0x6bcf, 0x7c31, 0x8493, 0x8cf5,
    0x9536, 0x9d57, 0x9d77, 0x9d78, 0x9d78, 0x9d78, 0x9d58, 0x9537, 0x9537, 0x9517, 0x9517, 0x8cf7,
    0x8cf7, 0x8cf7, 0x8cf7, 0x8cf7, 0x8cf7, 0x8cf7, 0x8cf7, 0x8cf7, 0x8cf7, 0x8cf7, 0x8cf7, 0x8d17,
    0x8d17, 0x8d17, 0x8d17, 0x8d17, 0x8d17, 0x8d17, 0x9517, 0x9517, 0x8d17, 0x8d17, 0x8cf7, 0x8cf7,
    0x8cf7, 0x8cf7, 0x8d17, 0x8d17, 0x8d17, 0x8d17, 0x8d17, 0x8d17, 0x8d17, 0x8d17, 0x8d17, 0x8d17,
    0x8d17, 0x8d17, 0x8d17, 0x8d17, 0x8d17, 0x8d17, 0x8d17, 0x8d17, 0x8d17, 0x8d17, 0x8d17, 0x8d17,
    0x8d17, 0x8d17, 0x8d17, 0x8d17, 0x8d17, 0x8d17, 0x8d17, 0x8d17, 0x9517, 0x9517, 0x9517, 0x9537,
    0x9537, 0x9517, 0x9517, 0x9517, 0x9517, 0x8d17, 0x8d17, 0x8d17, 0x8d17, 0x8d17, 0x8cf7, 0x8cf7,
    0x94f7, 0x94f7, 0x94f7, 0x9517, 0x9517, 0x9517, 0x9517, 0x9517, 0x9517, 0x9517, 0x94f7, 0x94f7,
    0x94f7, 0x94f7, 0x94f7, 0x94f7, 0x94f7, 0x94f7, 0x94f7, 0x94f7, 0x8cf7, 0x8cf7, 0x8cd6, 0x8cd6,
    0x8cd5, 0x8cd5, 0x8cf6, 0x9516, 0x9517, 0x9517, 0x9517, 0x9517, 0x9517, 0x9517, 0x9517, 0x9517,
    0x9517, 0x9517, 0x9517, 0x9517, 0x9517, 0x9517, 0x9517, 0x9517, 0x9517, 0x9517, 0x9517, 0x9517,
    0x9517, 0x9517, 0x9517, 0x9517, 0x9517, 0x9517, 0x9517, 0x9517, 0x9517, 0x9517, 0x9517, 0x9517,
    0x9517, 0x9517, 0x9517, 0x9517, 0x9517, 0x9517, 0x9517, 0x9517, 0x9517, 0x9517, 0x9517, 0x9517,
    0x9517, 0x9517, 0x9517, 0x9517, 0x9517, 0x9517, 0x9517, 0x9517, 0x9537, 0x9d57, 0x9d78, 0xa598,
    0xa5b8, 0xadd8, 0xadd8, 0xa5b8, 0x9d76, 0x9515, 0x84b2, 0x7430, 0x6bad, 0x5b6b, 0x5b0a, 0x5ae9,
    0x5ac9, 0x52a8, 0x52a8, 0x5287, 0x5287, 0x5287, 0x5267, 0x5287, 0x5287, 0x5287, 0x5a87, 0x5a87,
    0x5a87, 0x5aa8, 0x5aa8, 0x62c8, 0x62e8, 0x6309, 0x6b09, 0x6b09, 0x6b09, 0x6b09, 0x6b09, 0x6b09,
    0x6b09, 0x6b09, 0x6b29, 0x6b29, 0x6b29, 0x6b29, 0x6b09, 0x6308, 0x62e8, 0x5ac8, 0x5aa7, 0x52a7,
    0x5286, 0x5286, 0x5266, 0x5266, 0x5266, 0x5287, 0x5267, 0x5267, 0x5267, 0x5267, 0x5267, 0x5267,
    0x5267, 0x5267, 0x5267, 0x5267, 0x5288, 0x5288, 0x5ac9, 0x630b, 0x6b6d, 0x73ef, 0x7c51, 0x84b3,
    0x8d15, 0x9556, 0x9d77, 0xa598, 0xa598, 0xa598, 0xa598, 0x9d78, 0x9d58, 0x9d38, 0x9537, 0x9517,
    0x9517, 0x94f7, 0x94f7, 0x94f7, 0x94f7, 0x9517, 0x9517, 0x9517, 0x9517, 0x9517, 0x9517, 0x9517,
    0x9517, 0x9517, 0x9517, 0x9517, 0x9517, 0x9517, 0x9517, 0x9517, 0x9517, 0x9517, 0x9517, 0x9517,
    0x9517, 0x9517, 0x9517, 0x9517, 0x9517, 0x9517, 0x9517, 0x9517, 0x9517, 0x9517, 0x9517, 0x9517,
    0x9517, 0x9517, 0x9517, 0x9517, 0x9517, 0x9517, 0x9517, 0x9517, 0x9517, 0x9517, 0x9517, 0x9517,
    0x9517, 0x9517, 0x9517, 0x9517, 0x9517, 0x9517, 0x9517, 0x9517, 0x9517, 0x9517, 0x9517, 0x9517,
    0x9517, 0x9517, 0x9517, 0x9517, 0x9517, 0x9517, 0x9517, 0x9517, 0x9517, 0x9517, 0x9517, 0x9517,
    0x9517, 0x9517, 0x9517, 0x9517, 0x9517, 0x9517, 0x9517, 0x9517, 0x9517, 0x9517, 0x9517, 0x9517,
    0x9517, 0x94f7, 0x94f7, 0x94f7, 0x94f7, 0x94f7, 0x94f7, 0x94f7, 0x8cf7, 0x8cd6, 0x8cd5, 0x8cb5,
    0x8cb4, 0x8cb4, 0x8cf5, 0x9516, 0x9516, 0x9537, 0x9517, 0x9517, 0x9517, 0x9517, 0x9517, 0x9517,
    0x9517, 0x9517, 0x9517, 0x9517, 0x9517, 0x9517, 0x9517, 0x9517, 0x9517, 0x9517, 0x9517, 0x9517,
    0x9517, 0x9517, 0x9517, 0x9517, 0x9517, 0x9517, 0x9517, 0x9517, 0x9517, 0x9517, 0x9517, 0x9517,
    0x9517, 0x9517, 0x9517, 0x9517, 0x9517, 0x9517, 0x9517, 0x9517, 0x9517, 0x9517, 0x9517, 0x9517,
    0x9517, 0x9517, 0x9517, 0x9517, 0x9517, 0x9517, 0x9517, 0x9537, 0x9d57, 0x9d78, 0xa598, 0xadb8,
    0xadd8, 0xa5b8, 0xa597, 0x9d76, 0x9515, 0x84b2, 0x7430, 0x6bad, 0x5b4b, 0x52e9, 0x52c8, 0x52a8,
    0x52a8, 0x52a8, 0x5287, 0x5287, 0x5287, 0x5287, 0x5a87, 0x5aa7, 0x5aa7, 0x5aa8, 0x5aa8, 0x5aa8,
    0x5ac8, 0x62c8, 0x62e8, 0x6308, 0x6b09, 0x6b29, 0x6b29, 0x6b49, 0x7349, 0x7349, 0x7349, 0x7349,
    0x7349, 0x7349, 0x7349, 0x7349, 0x7349, 0x7349, 0x6b49, 0x6b29, 0x6b08, 0x62e8, 0x5ae7, 0x5ac7,
    0x52a6, 0x52a6, 0x52a6, 0x52a6, 0x52a6, 0x52a7, 0x5287, 0x5287, 0x5287, 0x5287, 0x5287, 0x5287,
    0x5267, 0x5267, 0x5267, 0x5267, 0x5267, 0x5288, 0x5aa9, 0x5aea, 0x632b, 0x6b8d, 0x73ef, 0x7c51,
    0x84b3, 0x9515, 0x9d56, 0xa597, 0xa5b8, 0xadd8, 0xadb8, 0xa5b8, 0xa598, 0x9d78, 0x9d58, 0x9537,
    0x9517, 0x9517, 0x9517, 0x9517, 0x9517, 0x9517, 0x9517, 0x9517, 0x9517, 0x9517, 0x9517, 0x9517,
    0x9517, 0x9517, 0x9517, 0x9517, 0x9517, 0x9517, 0x9517, 0x9517, 0x9517, 0x9517, 0x9517, 0x9517,
    0x9517, 0x9517, 0x9517, 0x9517, 0x9517, 0x9517, 0x9517, 0x9517, 0x9517, 0x9517, 0x9517, 0x9517,
    0x9517, 0x9517, 0x9517, 0x9517, 0x9517, 0x9517, 0x9517, 0x9517, 0x9517, 0x9517, 0x9517, 0x9517,
    0x9517, 0x9517, 0x9517, 0x9517, 0x9517, 0x9517, 0x9517, 0x9517, 0x9517, 0x9517, 0x9517, 0x9517,
    0x9517, 0x9517, 0x9517, 0x9517, 0x9517, 0x9517, 0x9517, 0x9517, 0x9517, 0x9517, 0x9517, 0x9517,
    0x94f7, 0x9517, 0x9517, 0x9517, 0x9517, 0x9537, 0x9537, 0x9537, 0x9537, 0x9517, 0x9517, 0x9517,
    0x9517, 0x94f7, 0x94f7, 0x94f7, 0x94f7, 0x94f7, 0x94f7, 0x94f7, 0x8cf7, 0x8cd6, 0x8495, 0x8473,
    0x8473, 0x8493, 0x8cb3, 0x94f5, 0x9516, 0x9536, 0x9537, 0x9517, 0x9517, 0x9517, 0x9517, 0x9517,
    0x9517, 0x9517, 0x9517, 0x9517, 0x9517, 0x9517, 0x9517, 0x9517, 0x9517, 0x9517, 0x9517, 0x9517,
    0x9517, 0x9517, 0x9517, 0x9517, 0x9517, 0x9517, 0x9517, 0x9517, 0x9517, 0x9517, 0x9517, 0x9517,
    0x9517, 0x9517, 0x9517, 0x9517, 0x9517, 0x9517, 0x9517, 0x9517, 0x9517, 0x9517, 0x9517, 0x9517,
    0x9517, 0x9517, 0x9517, 0x9517, 0x9517, 0x9517, 0x9537, 0x9d57, 0x9d78, 0xa598, 0xa5b8, 0xadb8,
    0xa5b8, 0x9d97, 0x9d56, 0x8cf4, 0x8492, 0x7430, 0x6bad, 0x5b4b, 0x52e9, 0x4aa8, 0x4a87, 0x5287,
    0x5287, 0x5287, 0x5aa7, 0x5aa7, 0x5aa7, 0x5aa8, 0x5ac8, 0x62c8, 0x62e8, 0x62e8, 0x62e8, 0x62e8,
    0x6b08, 0x6b08, 0x6b29, 0x6b29, 0x7349, 0x7369, 0x736a, 0x7b8a, 0x7b8a, 0x7b8a, 0x7b8a, 0x7b8a,
    0x7b8a, 0x7b8a, 0x7baa, 0x7b8a, 0x7b8a, 0x7b8a, 0x736a, 0x7369, 0x6b49, 0x6b28, 0x6308, 0x5ae7,
    0x5ae7, 0x5ae6, 0x52c6, 0x5ac7, 0x5ac7, 0x5ac7, 0x5ac7, 0x5ac7, 0x5aa7, 0x5aa7, 0x5aa7, 0x5a87,
    0x5287, 0x5287, 0x5287, 0x5267, 0x5287, 0x5288, 0x5288, 0x5aa9, 0x5aea, 0x632b, 0x6b6d, 0x73cf,
    0x7c51, 0x84b3, 0x9515, 0x9d76, 0xa597, 0xadd8, 0xadd9, 0xadd9, 0xadb9, 0xa598, 0xa578, 0x9d58,
    0x9d38, 0x9537, 0x9517, 0x9517, 0x9517, 0x9517, 0x9517, 0x9517, 0x9517, 0x9517, 0x9517, 0x9517,
    0x9517, 0x9517, 0x9517, 0x9517, 0x9517, 0x9517, 0x9517, 0x9517, 0x9517, 0x9517, 0x9517, 0x9517,
    0x9517, 0x9517, 0x9517, 0x9517, 0x9517, 0x9517, 0x9517, 0x9517, 0x9517, 0x9517, 0x9517, 0x9517,
    0x9517, 0x9517, 0x9517, 0x9517, 0x9517, 0x9517, 0x9517, 0x9517, 0x9517, 0x9517, 0x9517, 0x9517,
    0x9517, 0x9517, 0x9517, 0x9517, 0x9517, 0x9517, 0x9517, 0x9517, 0x9517, 0x9517, 0x9517, 0x9517,
    0x9517, 0x9517, 0x9517, 0x9517, 0x9517, 0x9517, 0x9517, 0x9517, 0x9517, 0x9517, 0x9517, 0x9517,
    0x9517, 0x9517, 0x9517, 0x9517, 0x9517, 0x9537, 0x9d37, 0x9d37, 0x9537, 0x9537, 0x9517, 0x9517,
    0x9517, 0x94f7, 0x94f7, 0x94f7, 0x94f7, 0x94f7, 0x94f7, 0x94f7, 0x8cd6, 0x8cb5, 0x8473, 0x7c32,
    0x7c31, 0x8451, 0x8c92, 0x94d4, 0x9515, 0x9536, 0x9537, 0x9517, 0x9517, 0x9517, 0x9517, 0x9517,
    0x9517, 0x9517, 0x9517, 0x9517, 0x9517, 0x9517, 0x9517, 0x9517, 0x9517, 0x9517, 0x9517, 0x9517,
    0x9517, 0x9517, 0x9517, 0x9517, 0x9517, 0x9517, 0x9517, 0x9517, 0x9517, 0x9517, 0x9517, 0x9517,
    0x9517, 0x9517, 0x9517, 0x9517, 0x9517, 0x9517, 0x9517, 0x9517, 0x9517, 0x9517, 0x9517, 0x9517,
    0x9517, 0x9517, 0x9517, 0x9517, 0x9517, 0x9537, 0x9537, 0x9d77, 0x9d78, 0xa598, 0xa5b8, 0xa597,
    0x9d76, 0x9535, 0x8cd3, 0x8472, 0x7410, 0x6bad, 0x634b, 0x52e9, 0x52a8, 0x4a87, 0x4a87, 0x5287,
    0x5287, 0x5aa7, 0x5aa8, 0x62c8, 0x62e8, 0x62e8, 0x6b08, 0x6b09, 0x6b29, 0x6b29, 0x6b49, 0x7349,
    0x7349, 0x7349, 0x736a, 0x738a, 0x7baa, 0x7baa, 0x7bab, 0x83cb, 0x83cb, 0x83cb, 0x83cb, 0x83cb,
    0x83cb, 0x83cb, 0x83cb, 0x83cb, 0x83cb, 0x83cb, 0x7bab, 0x7baa, 0x738a, 0x6b69, 0x6b49, 0x6348,
    0x6328, 0x5b07, 0x5b07, 0x5b07, 0x6307, 0x6307, 0x6307, 0x62e7, 0x5ae7, 0x5ae7, 0x5ac7, 0x5aa7,
    0x5aa7, 0x5a87, 0x5287, 0x5287, 0x5287, 0x5287, 0x5288, 0x5aa8, 0x5aa9, 0x5aea, 0x632b, 0x6b6d,
    0x73ce, 0x7c30, 0x8493, 0x9514, 0x9d56, 0xa597, 0xa5d8, 0xadd9, 0xadd9, 0xadd9, 0xa598, 0xa578,
    0x9d58, 0x9d38, 0x9537, 0x9517, 0x9517, 0x9517, 0x9517, 0x9517, 0x9517, 0x9517, 0x9517, 0x9517,
    0x9517, 0x9517, 0x9517, 0x9517, 0x9517, 0x9517, 0x9517, 0x9517, 0x9517, 0x9517, 0x9517, 0x9517,
    0x9517, 0x9517, 0x9517, 0x9517, 0x9517, 0x9517, 0x9517, 0x9517, 0x9517, 0x9517, 0x9517, 0x9517,
    0x9517, 0x9517, 0x9517, 0x9517, 0x9517, 0x9517, 0x9517, 0x9517, 0x9517, 0x9517, 0x9517, 0x9517,
    0x9517, 0x9517, 0x9517, 0x9517, 0x9517, 0x9517, 0x9517, 0x9517, 0x9517, 0x9517, 0x9517, 0x9517,
    0x9517, 0x9517, 0x9517, 0x9517, 0x9517, 0x9517, 0x9517, 0x9517, 0x9517, 0x9517, 0x9517, 0x9517,
    0x9517, 0x9517, 0x9517, 0x9517, 0x9537, 0x9d37, 0x9d37, 0x9d37, 0x9d37, 0x9537, 0x9517, 0x9517,
    0x9517, 0x9517, 0x9517, 0x9517, 0x9517, 0x9517, 0x94f7, 0x94f7, 0x8cd6, 0x8494, 0x7c52, 0x7c11,
    0x7bf0, 0x7c10, 0x8471, 0x8cd3, 0x9515, 0x9d36, 0x9536, 0x9517, 0x9517, 0x9517, 0x9517, 0x9517,
    0x9517, 0x9517, 0x9517, 0x9517, 0x9517, 0x9517, 0x9517, 0x9517, 0x9517, 0x9517, 0x9517, 0x9517,
    0x9517, 0x9517, 0x9517, 0x9517, 0x9517, 0x9517, 0x9517, 0x9517, 0x9517, 0x9517, 0x9517, 0x9517,
    0x9517, 0x9517, 0x9517, 0x9517, 0x9517, 0x9517, 0x9517, 0x9517, 0x9517, 0x9517, 0x9517, 0x9517,
    0x9517, 0x9517, 0x9517, 0x9517, 0x9517, 0x9537, 0x9d37, 0x9d77, 0x9d77, 0x9d77, 0x9d77, 0x9d56,
    0x94f4, 0x84b3, 0x7c51, 0x73ef, 0x6b8d, 0x632b, 0x5ae9, 0x52a8, 0x4a87, 0x4a87, 0x5287, 0x52a7,
    0x5aa8, 0x62c8, 0x62e8, 0x6b08, 0x6b09, 0x6b29, 0x7349, 0x7369, 0x736a, 0x7b8a, 0x7b8a, 0x7b8a,
    0x7baa, 0x7bab, 0x7bab, 0x83cb, 0x83ec, 0x83ec, 0x840c, 0x840c, 0x840d, 0x840d, 0x8c0d, 0x8c0d,
    0x8c0d, 0x8c0d, 0x8c0d, 0x8c0d, 0x840d, 0x840c, 0x83ec, 0x7bcc, 0x7bcb, 0x73ab, 0x6b8a, 0x6b8a,
    0x6b69, 0x6369, 0x6369, 0x6348, 0x6348, 0x6b48, 0x6348, 0x6328, 0x6328, 0x6308, 0x6308, 0x62e8,
    0x5ac7, 0x5aa7, 0x5aa7, 0x5aa7, 0x5a87, 0x5a87, 0x5a88, 0x5a88, 0x5aa8, 0x5ac9, 0x5ae9, 0x630b,
    0x6b6c, 0x73ae, 0x7c30, 0x8492, 0x8cf4, 0x9556, 0x9d97, 0xa5b8, 0xadd8, 0xadd8, 0xadd9, 0xa5b8,
    0xa598, 0x9d78, 0x9d58, 0x9537, 0x9517, 0x9517, 0x9517, 0x9517, 0x9517, 0x9517, 0x9517, 0x9517,
    0x9517, 0x9517, 0x9517, 0x9517, 0x9517, 0x9517, 0x9517, 0x9517, 0x9517, 0x9517, 0x9517, 0x9517,
    0x9517, 0x9517, 0x9517, 0x9517, 0x9517, 0x9517, 0x9517, 0x9517, 0x9517, 0x9517, 0x9517, 0x9517,
    0x9517, 0x9517, 0x9517, 0x9517, 0x9517, 0x9517, 0x9517, 0x9517, 0x9517, 0x9517, 0x9517, 0x9517,
    0x9517, 0x9517, 0x9517, 0x9517, 0x9517, 0x9517, 0x9517, 0x9517, 0x9517, 0x9517, 0x9517, 0x9517,
    0x9517, 0x9517, 0x9517, 0x9517, 0x9517, 0x9517, 0x9517, 0x9517, 0x9517, 0x9517, 0x9517, 0x9517,
    0x9517, 0x9517, 0x9517, 0x9517, 0x9d37, 0x9d37, 0x9d37, 0x9d37, 0x9d37, 0x9537, 0x9517, 0x9517,
    0x9517, 0x9517, 0x9517, 0x9517, 0x9517, 0x9517, 0x94f7, 0x8cd6, 0x8cb5, 0x8473, 0x7c31, 0x73f0,
    0x73cf, 0x7c10, 0x8471, 0x94d3, 0x9d14, 0x9d36, 0x9d36, 0x9d37, 0x9537, 0x9537, 0x9537, 0x9537,
    0x9537, 0x9517, 0x9517, 0x9517, 0x9517, 0x9517, 0x9537, 0x9537, 0x9537, 0x9537, 0x9537, 0x9537,
    0x9537, 0x9537, 0x9537, 0x9537, 0x9537, 0x9537, 0x9537, 0x9537, 0x9537, 0x9537, 0x9537, 0x9537,
    0x9517, 0x9517, 0x9517, 0x9517, 0x9517, 0x9517, 0x9517, 0x9517, 0x9517, 0x9517, 0x9517, 0x9517,
    0x9517, 0x9517, 0x9517, 0x9517, 0x9517, 0x9537, 0x9537, 0x9557, 0x9d56, 0x9536, 0x9515, 0x8cd4,
    0x8472, 0x7c10, 0x73ce, 0x6b6c, 0x632b, 0x5ae9, 0x52c8, 0x52a8, 0x52a7, 0x52a7, 0x52a7, 0x5ac8,
    0x62e8, 0x6b09, 0x6b29, 0x7349, 0x7369, 0x7b6a, 0x7b8a, 0x7baa, 0x7bcb, 0x83cb, 0x83cb, 0x83ec,
    0x83ec, 0x83ec, 0x840d, 0x840d, 0x842d, 0x842e, 0x842e, 0x8c4e, 0x8c4e, 0x8c4f, 0x8c4f, 0x8c4f,
    0x8c4f, 0x8c4f, 0x8c4f, 0x8c4e, 0x8c4e, 0x844e, 0x842e, 0x840e, 0x7c0d, 0x7bed, 0x73cc, 0x73cc,
    0x6bcb, 0x6bab, 0x6baa, 0x6baa, 0x6baa, 0x6b8a, 0x6b89, 0x6b69, 0x6b69, 0x6b49, 0x6b49, 0x6328,
    0x6308, 0x62e8, 0x5ac8, 0x5ac7, 0x5aa7, 0x5aa8, 0x5aa8, 0x5aa8, 0x5aa8, 0x5aa8, 0x5ac9, 0x5ae9,
    0x630a, 0x634c, 0x6bae, 0x7c30, 0x8492, 0x8cf4, 0x9535, 0x9d76, 0xa597, 0xadb8, 0xadd8, 0xadd9,
    0xa5b8, 0xa598, 0x9d78, 0x9d58, 0x9537, 0x9537, 0x9537, 0x9517, 0x9517, 0x9517, 0x9517, 0x9517,
    0x9517, 0x9517, 0x9517, 0x9517, 0x9517, 0x9537, 0x9537, 0x9537, 0x9537, 0x9537, 0x9537, 0x9537,
    0x9537, 0x9537, 0x9537, 0x9537, 0x9537, 0x9537, 0x9537, 0x9537, 0x9537, 0x9537, 0x9537, 0x9537,
    0x9537, 0x9537, 0x9517, 0x9537, 0x9537, 0x9537, 0x9517, 0x9517, 0x9518, 0x9517, 0x9517, 0x9517,
    0x9517, 0x9517, 0x9517, 0x9517, 0x9517, 0x9537, 0x9537, 0x9537, 0x9517, 0x9517, 0x9517, 0x9517,
    0x9517, 0x9517, 0x9517, 0x9517, 0x9517, 0x9517, 0x9517, 0x9517, 0x9517, 0x9517, 0x9517, 0x9517,
    0x9518, 0x9518, 0x9538, 0x9538, 0x9d37, 0x9d37, 0x9d37, 0x9d37, 0x9d37, 0x9d37, 0x9537, 0x9537,
    0x9517, 0x9517, 0x9517, 0x9517, 0x9517, 0x9517, 0x94f7, 0x8cd6, 0x8494, 0x7c32, 0x73f0, 0x73cf,
    0x73cf, 0x7c30, 0x8c92, 0x94f3, 0x9d35, 0x9d56, 0x9d57, 0x9d57, 0x9d37, 0x9d37, 0x9537, 0x9537,
    0x9537, 0x9537, 0x9537, 0x9537, 0x9537, 0x9537, 0x9537, 0x9537, 0x9537, 0x9537, 0x9537, 0x9537,
    0x9537, 0x9537, 0x9537, 0x9537, 0x9537, 0x9537, 0x9537, 0x9537, 0x9537, 0x9537, 0x9537, 0x9537,
    0x9537, 0x9537, 0x9537, 0x9517, 0x9517, 0x9517, 0x9537, 0x9537, 0x9537, 0x9537, 0x9517, 0x9517,
    0x9517, 0x9517, 0x9517, 0x94f6, 0x8cf6, 0x8cf6, 0x8d16, 0x9515, 0x8cf5, 0x8cd4, 0x8493, 0x7c51,
    0x73ef, 0x6bad, 0x634c, 0x630a, 0x5ae9, 0x5ac9, 0x5aa8, 0x52a8, 0x52c8, 0x5ac8, 0x5ae8, 0x6309,
    0x6b29, 0x6b49, 0x736a, 0x7b8a, 0x7baa, 0x83cb, 0x83cb, 0x83ec, 0x840c, 0x840d, 0x840d, 0x842d,
    0x842e, 0x842e, 0x844e, 0x844f, 0x8c70, 0x8c70, 0x8c70, 0x8c91, 0x8c91, 0x8c91, 0x8c91, 0x8c91,
    0x8c91, 0x8c91, 0x8c91, 0x8c91, 0x8c91, 0x8470, 0x8470, 0x8470, 0x7c50, 0x7c2f, 0x7c2f, 0x742e,
    0x742e, 0x740d, 0x740d, 0x740c, 0x73ec, 0x73cb, 0x73cb, 0x73cb, 0x73aa, 0x73aa, 0x6b8a, 0x6b69,
    0x6b49, 0x6329, 0x6308, 0x62e8, 0x62e8, 0x62c8, 0x62c8, 0x5ac8, 0x5ac8, 0x5aa8, 0x5aa8, 0x5ac9,
    0x5ae9, 0x630a, 0x636c, 0x6bce, 0x7410, 0x7c71, 0x84b3, 0x8cf4, 0x9555, 0xa597, 0xadb8, 0xadd8,
    0xadd9, 0xadb9, 0xa598, 0x9d78, 0x9d58, 0x9d37, 0x9537, 0x9537, 0x9537, 0x9537, 0x9537, 0x9537,
    0x9537, 0x9537, 0x9537, 0x9537, 0x9537, 0x9537, 0x9537, 0x9537, 0x9537, 0x9537, 0x9537, 0x9537,
    0x9537, 0x9537, 0x9537, 0x9537, 0x9537, 0x9537, 0x9537, 0x9537, 0x9537, 0x9537, 0x9537, 0x9537,
    0x9537, 0x9537, 0x9537, 0x9537, 0x9537, 0x9538, 0x9538, 0x9538, 0x9538, 0x9538, 0x9538, 0x9538,
    0x9538, 0x9538, 0x9538, 0x9538, 0x9538, 0x9538, 0x9538, 0x9538, 0x9537, 0x9537, 0x9537, 0x9537,
    0x9537, 0x9537, 0x9537, 0x9537, 0x9537, 0x9537, 0x9537, 0x9517, 0x9517, 0x9517, 0x9517, 0x9517,
    0x9d38, 0x9d38, 0x9d38, 0x9d38, 0x9d37, 0x9d37, 0x9d37, 0x9d37, 0x9d37, 0x9d37, 0x9d37, 0x9d37,
    0x9d37, 0x9d37, 0x9d37, 0x9537, 0x9517, 0x94f7, 0x8cd6, 0x8c94, 0x8453, 0x7c11, 0x73cf, 0x73cf,
    0x7bef, 0x8451, 0x94d3, 0x9d35, 0xa576, 0xa597, 0xa597, 0xa578, 0x9d78, 0x9d57, 0x9d37, 0x9d37,
    0x9d37, 0x9d37, 0x9d37, 0x9d37, 0x9d37, 0x9d37, 0x9d37, 0x9d38, 0x9d38, 0x9d38, 0x9d38, 0x9d38,
    0x9d38, 0x9d38, 0x9d38, 0x9d38, 0x9d38, 0x9d38, 0x9d38, 0x9d38, 0x9d38, 0x9d37, 0x9d37, 0x9d37,
    0x9d37, 0x9d37, 0x9d37, 0x9d37, 0x9d37, 0x9d37, 0x9d37, 0x9d37, 0x9d37, 0x9d37, 0x9537, 0x9517,
    0x9517, 0x94f6, 0x8cf6, 0x8cd5, 0x8cd5, 0x8cd4, 0x84d4, 0x84d3, 0x8493, 0x8472, 0x7c30, 0x73cf,
    0x6b8d, 0x634b, 0x630a, 0x5ae9, 0x5ac9, 0x5ac8, 0x5ac8, 0x5ae8, 0x5ae9, 0x6309, 0x634a, 0x6b6a,
    0x738a, 0x7bab, 0x7bab, 0x83cb, 0x83ec, 0x840c, 0x840d, 0x842d, 0x8c2e, 0x8c4e, 0x8c4f, 0x846f,
    0x8470, 0x8470, 0x8491, 0x8491, 0x8c92, 0x8cb2, 0x8cb3, 0x8cb3, 0x8cd3, 0x8cd3, 0x8cd3, 0x8cd3,
    0x8cd3, 0x8cd3, 0x8cd3, 0x8cd3, 0x8cb3, 0x84b3, 0x84b3, 0x84b3, 0x8492, 0x8492, 0x7c72, 0x7c71,
    0x7c71, 0x7c70, 0x7c70, 0x7c4f, 0x7c4e, 0x7c2e, 0x7c0d, 0x7c0d, 0x7c0d, 0x7bec, 0x73cc, 0x73cb,
    0x6bab, 0x6b6a, 0x6b49, 0x6b29, 0x6329, 0x6309, 0x6309, 0x62e9, 0x62e9, 0x62e9, 0x5ac9, 0x5ac9,
    0x5ac9, 0x5aea, 0x632b, 0x636c, 0x6bae, 0x6bef, 0x7430, 0x7c91, 0x84d3, 0x9535, 0xa596, 0xadd8,
    0xadd9, 0xadd9, 0xadb9, 0xa598, 0x9d78, 0x9d58, 0x9d37, 0x9d37, 0x9d37, 0x9d37, 0x9d37, 0x9d37,
    0x9d37, 0x9d37, 0x9d37, 0x9d37, 0x9d37, 0x9d37, 0x9d37, 0x9d37, 0x9d37, 0x9d37, 0x9d37, 0x9d37,
    0x9d37, 0x9d37, 0x9d37, 0x9d37, 0x9d37, 0x9d37, 0x9d37, 0x9d37, 0x9d37, 0x9d37, 0x9d37, 0x9d37,
    0x9d37, 0x9d37, 0x9d37, 0x9d37, 0x9d38, 0x9d38, 0x9d38, 0x9d38, 0x9d38, 0x9d38, 0x9d38, 0x9d38,
    0x9d38, 0x9d38, 0x9d38, 0x9d38, 0x9d38, 0x9d38, 0x9d38, 0x9d38, 0x9d38, 0x9d37, 0x9d37, 0x9d37,
    0x9d37, 0x9d37, 0x9d37, 0x9d37, 0x9d37, 0x9d37, 0x9d37, 0x9d37, 0x9d37, 0x9d37, 0x9d37, 0x9d37,
    0x9d38, 0x9d38, 0x9d38, 0x9d38, 0x9d38, 0x9d37, 0x9d37, 0x9d37, 0x9d37, 0x9d37, 0x9d37, 0x9d37,
    0x9d37, 0x9d37, 0x9d37, 0x9517, 0x9517, 0x94f6, 0x8cb5, 0x8473, 0x7c11, 0x73cf, 0x6bae, 0x73cf,
    0x7c10, 0x8c92, 0x9d14, 0xa596, 0xadd7, 0xadd8, 0xadd8, 0xadb8, 0xa598, 0x9d78, 0x9d58, 0x9d58,
    0x9d37, 0x9d37, 0x9d37, 0x9d37, 0x9d37, 0x9d38, 0x9d38, 0x9d38, 0x9d38, 0x9d38, 0x9d38, 0x9d38,
    0x9d38, 0x9d38, 0x9d38, 0x9d38, 0x9d38, 0x9d38, 0x9d38, 0x9d38, 0x9d38, 0x9d38, 0x9d38, 0x9d38,
    0x9d38, 0x9d38, 0x9d38, 0x9d38, 0x9d38, 0x9d38, 0x9d37, 0x9d37, 0x9d37, 0x9d37, 0x9d37, 0x9517,
    0x94f6, 0x8cd6, 0x8cd5, 0x8494, 0x8493, 0x8493, 0x7c72, 0x7c72, 0x7c51, 0x7c10, 0x73cf, 0x6b8d,
    0x634b, 0x630a, 0x5ae9, 0x5ac9, 0x62c8, 0x62e8, 0x62e9, 0x6309, 0x634a, 0x6b6b, 0x6b8b, 0x73ac,
    0x7bcc, 0x83ec, 0x840c, 0x842d, 0x8c2d, 0x8c4e, 0x8c4f, 0x8c6f, 0x8c70, 0x8c91, 0x8c91, 0x8c92,
    0x84b2, 0x84b3, 0x8cd3, 0x8cd4, 0x8cd4, 0x8cd4, 0x8cf5, 0x8cf5, 0x8cf5, 0x8cf5, 0x8cf5, 0x8cf5,
    0x8cf5, 0x8cf5, 0x8cf5, 0x8cf5, 0x8cf5, 0x8cf5, 0x84f5, 0x84f5, 0x84d5, 0x84d4, 0x84d4, 0x84d4,
    0x84d3, 0x84d3, 0x84b3, 0x84b2, 0x8491, 0x7c70, 0x7c70, 0x7c6f, 0x7c4f, 0x7c4f, 0x7c2e, 0x7c2e,
    0x73ed, 0x73cc, 0x73ab, 0x6b8a, 0x6b6a, 0x6b4a, 0x6b4a, 0x6b2a, 0x6b2a, 0x6b09, 0x62e9, 0x62e9,
    0x5ae9, 0x5ae9, 0x5b0a, 0x632b, 0x636c, 0x638d, 0x6bcd, 0x6c0e, 0x7c50, 0x84d2, 0x9555, 0xa597,
    0xadd8, 0xadf9, 0xadd9, 0xa5b8, 0xa598, 0x9d58, 0x9d57, 0x9d37, 0x9d37, 0x9d38, 0x9d38, 0x9d38,
    0x9d38, 0x9d38, 0x9d37, 0x9d37, 0x9d37, 0x9d37, 0x9d37, 0x9d38, 0x9d38, 0x9d38, 0x9d38, 0x9d38,
    0x9d37, 0x9d37, 0x9d37, 0x9d37, 0x9d37, 0x9d37, 0x9d37, 0x9d37, 0x9d37, 0x9d37, 0x9d37, 0x9d37,
    0x9d37, 0x9d37, 0x9d37, 0x9d38, 0x9d38, 0x9d38, 0x9d38, 0x9d38, 0x9d38, 0x9d38, 0x9d38, 0x9d38,
    0x9d38, 0x9d38, 0x9d38, 0x9d38, 0x9d38, 0x9d38, 0x9d38, 0x9d38, 0x9d38, 0x9d37, 0x9d37, 0x9d37,
    0x9d37, 0x9d37, 0x9d37, 0x9d37, 0x9d37, 0x9d37, 0x9d37, 0x9d37, 0x9d37, 0x9d37, 0x9d37, 0x9d37,
    0x9d38, 0x9d38, 0x9d38, 0x9d38, 0x9d38, 0x9d38, 0x9d37, 0x9d37, 0x9d37, 0x9d37, 0x9d37, 0x9d37,
    0x9d37, 0x9d37, 0x9d17, 0x9517, 0x94f6, 0x8cb5, 0x8473, 0x7c11, 0x73cf, 0x6b8e, 0x6b8e, 0x73cf,
    0x8451, 0x94d3, 0x9d76, 0xadd8, 0xb5f9, 0xb619, 0xb5f9, 0xadf9, 0xadb9, 0xa598, 0x9d78, 0x9d58,
    0x9d58, 0x9d38, 0x9d38, 0x9d38, 0x9d38, 0x9d38, 0x9d38, 0x9d38, 0x9d38, 0x9d38, 0x9d38, 0x9d38,
    0x9d38, 0x9d38, 0x9d38, 0x9d38, 0x9d38, 0x9d38, 0x9d38, 0x9d38, 0x9d38, 0x9d38, 0x9d38, 0x9d38,
    0x9d38, 0x9d38, 0x9d38, 0x9d38, 0x9d38, 0x9d38, 0x9d38, 0x9d37, 0x9d37, 0x9d37, 0x9517, 0x94f6,
    0x8cd5, 0x8cb4, 0x8473, 0x7c52, 0x7c31, 0x7c31, 0x7c30, 0x7c30, 0x7410, 0x73ef, 0x6bad, 0x6b4c,
    0x630a, 0x62e9, 0x62e9, 0x62e8, 0x62e8, 0x6b09, 0x6b29, 0x6b4a, 0x6b8b, 0x73ac, 0x7bed, 0x7c0d,
    0x842d, 0x842e, 0x8c4e, 0x8c6f, 0x8c6f, 0x8c90, 0x8c91, 0x8c91, 0x8cb2, 0x8cd3, 0x8cd3, 0x8cd4,
    0x8cd4, 0x8cf5, 0x8cf5, 0x8cf6, 0x8d16, 0x8d16, 0x8d16, 0x8d17, 0x8d17, 0x8d17, 0x8d17, 0x8d17,
    0x8d17, 0x8d17, 0x8d17, 0x8d17, 0x8d17, 0x8d17, 0x8d17, 0x8d17, 0x8d16, 0x8516, 0x8516, 0x8516,
    0x8d15, 0x8d15, 0x84f5, 0x84f4, 0x84d3, 0x84b3, 0x84b2, 0x84b2, 0x84b2, 0x84b2, 0x8491, 0x8490,
    0x7c50, 0x7c2e, 0x7c0d, 0x73cc, 0x73cc, 0x73ab, 0x738b, 0x738b, 0x736b, 0x6b6b, 0x6b4a, 0x630a,
    0x62e9, 0x62e9, 0x62e9, 0x630a, 0x632a, 0x634b, 0x636b, 0x638c, 0x6bee, 0x7c70, 0x8cf3, 0x9d76,
    0xadd7, 0xadf9, 0xadf9, 0xadd9, 0xa598, 0x9d78, 0x9d58, 0x9d37, 0x9d38, 0x9d38, 0x9d38, 0x9d38,
    0x9d38, 0x9d38, 0x9d38, 0x9d38, 0x9d58, 0x9d58, 0x9d58, 0x9d58, 0x9d58, 0x9d38, 0x9d38, 0x9d38,
    0x9d38, 0x9d38, 0x9d37, 0x9d37, 0x9d57, 0x9d57, 0x9d57, 0x9d57, 0x9d57, 0x9d57, 0x9d57, 0x9d57,
    0x9d57, 0x9d57, 0x9d38, 0x9d38, 0x9d38, 0x9d38, 0x9d38, 0x9d38, 0x9d38, 0x9d38, 0x9d38, 0x9d38,
    0x9d38, 0x9d38, 0x9d38, 0x9d38, 0x9d38, 0x9d38, 0x9d38, 0x9d38, 0x9d38, 0x9d37, 0x9d37, 0x9d37,
    0x9d37, 0x9d37, 0x9d37, 0x9d37, 0x9d37, 0x9d37, 0x9d37, 0x9d37, 0x9d37, 0x9d37, 0x9d37, 0x9d37,
    0x9d38, 0x9d38, 0x9d38, 0x9d38, 0x9d38, 0x9d38, 0x9d37, 0x9d37, 0x9d37, 0x9d37, 0x9d37, 0x9d37,
    0x9d37, 0x9d37, 0x9517, 0x94f6, 0x8cb5, 0x8473, 0x7c32, 0x73d0, 0x6b8e, 0x6b6d, 0x6b8d, 0x73ef,
    0x8472, 0x9514, 0xa597, 0xb5f8, 0xb639, 0xbe3a, 0xbe3a, 0xb619, 0xadf9, 0xadb9, 0xa598, 0x9d78,
    0x9d58, 0x9d58, 0x9d38, 0x9d38, 0x9d38, 0x9d38, 0x9d38, 0x9d38, 0x9d38, 0x9d38, 0x9d38, 0x9d38,
    0x9d38, 0x9d38, 0x9d38, 0x9d38, 0x9d38, 0x9d38, 0x9d38, 0x9d38, 0x9d38, 0x9d38, 0x9d38, 0x9d38,
    0x9d38, 0x9d38, 0x9d38, 0x9d38, 0x9d38, 0x9d38, 0x9d38, 0x9d37, 0x9d37, 0x9d17, 0x94f6, 0x8cd5,
    0x8c94, 0x8472, 0x7c31, 0x7410, 0x73ef, 0x740f, 0x740f, 0x740f, 0x740f, 0x73ce, 0x6b8d, 0x634b,
    0x630a, 0x62e9, 0x62e9, 0x6309, 0x6b29, 0x6b49, 0x736a, 0x73ab, 0x73cd, 0x7c0e, 0x842e, 0x844f,
    0x846f, 0x8c90, 0x8c90, 0x8cb1, 0x8cb1, 0x8cd2, 0x8cd3, 0x8cd3, 0x8cf4, 0x8cf5, 0x8cf5, 0x8d16,
    0x8d16, 0x8d17, 0x8d17, 0x8d37, 0x8d37, 0x8d37, 0x8d37, 0x8d38, 0x8d38, 0x8d38, 0x8d38, 0x8d38,
    0x8d38, 0x8d38, 0x8d38, 0x8d38, 0x8d38, 0x8d38, 0x8d38, 0x8d38, 0x8d37, 0x8d37, 0x8d37, 0x8d37,
    0x8d37, 0x8d36, 0x8d36, 0x8d16, 0x8d15, 0x84f5, 0x84f5, 0x84f4, 0x8cf4, 0x8cf4, 0x8cf4, 0x8cd3,
    0x84b2, 0x8491, 0x8470, 0x7c2f, 0x7c0e, 0x7c0d, 0x7bed, 0x7bcc, 0x7bcc, 0x73ac, 0x738c, 0x6b6b,
    0x6b2a, 0x630a, 0x6309, 0x6309, 0x630a, 0x5b0a, 0x5b0a, 0x5b4a, 0x638c, 0x740e, 0x8491, 0x9534,
    0xa597, 0xadd8, 0xb5f9, 0xadd9, 0xadb8, 0xa598, 0x9d78, 0x9d58, 0x9d38, 0x9d38, 0x9d38, 0x9d38,
    0x9d38, 0x9d38, 0x9d58, 0x9d58, 0x9d58, 0x9d58, 0x9d58, 0x9d58, 0x9d58, 0x9d58, 0x9d38, 0x9d38,
    0x9d38, 0x9d38, 0x9d38, 0x9d57, 0x9d57, 0x9d57, 0x9d57, 0x9d57, 0x9d57, 0x9d57, 0x9d57, 0x9d57,
    0x9d57, 0x9d58, 0x9d38, 0x9d38, 0x9d38, 0x9d38, 0x9d38, 0x9d38, 0x9d38, 0x9d38, 0x9d38, 0x9d37,
    0x9d37, 0x9d37, 0x9d37, 0x9d38, 0x9d38, 0x9d38, 0x9d38, 0x9d38, 0x9d38, 0x9d37, 0x9d37, 0x9d37,
    0x9d37, 0x9d37, 0x9d37, 0x9d37, 0x9d37, 0x9d37, 0x9d38, 0x9d38, 0x9d37, 0x9d37, 0x9d37, 0x9d37,
    0x9d38, 0x9d38, 0x9d58, 0x9d58, 0x9d38, 0x9d38, 0x9d37, 0x9d37, 0x9d37, 0x9d37, 0x9d37, 0x9d37,
    0x9d37, 0x9517, 0x94f6, 0x8cd5, 0x8494, 0x7c32, 0x73f0, 0x6baf, 0x6b6d, 0x6b6d, 0x6bae, 0x7c30,
    0x8cb3, 0x9d35, 0xa5b7, 0xb619, 0xbe3a, 0xbe5a, 0xbe3a, 0xbe3a, 0xb619, 0xadf9, 0xadb9, 0xa598,
    0x9d78, 0x9d58, 0x9d58, 0x9d38, 0x9d38, 0x9d38, 0x9d38, 0x9d38, 0x9d38, 0x9d38, 0x9d38, 0x9d38,
    0x9d38, 0x9d38, 0x9d38, 0x9d38, 0x9d38, 0x9d38, 0x9d38, 0x9d38, 0x9d38, 0x9d38, 0x9d38, 0x9d38,
    0x9d38, 0x9d38, 0x9d38, 0x9d38, 0x9d38, 0x9d38, 0x9d37, 0x9d37, 0x9d37, 0x9516, 0x8cd5, 0x8c94,
    0x8452, 0x7410, 0x73ce, 0x6bce, 0x6bce, 0x73ee, 0x740f, 0x740f, 0x740f, 0x73ce, 0x6b8d, 0x6b4b,
    0x630a, 0x6309, 0x6b09, 0x6b29, 0x7349, 0x736a, 0x7bab, 0x7bed, 0x7c2e, 0x844f, 0x8470, 0x8491,
    0x8cb1, 0x8cd2, 0x8cf2, 0x8cf3, 0x8cf4, 0x8cf4, 0x8cf5, 0x8cf5, 0x8d16, 0x8d17, 0x8d37, 0x8d37,
    0x8d37, 0x8d38, 0x8d38, 0x8d38, 0x8d58, 0x8d58, 0x8d58, 0x8d58, 0x8d58, 0x8d58, 0x8d58, 0x8d58,
    0x8d58, 0x8d58, 0x8d58, 0x8d58, 0x8d58, 0x8d58, 0x8d58, 0x8d58, 0x8d58, 0x8d58, 0x8d58, 0x8d57,
    0x8d57, 0x8d57, 0x8d37, 0x8d37, 0x8d37, 0x8d16, 0x8d16, 0x8d16, 0x8d16, 0x8d36, 0x8d35, 0x8d15,
    0x8cf4, 0x8cd3, 0x84b2, 0x8491, 0x8470, 0x844f, 0x842e, 0x840e, 0x7c0e, 0x7bed, 0x7bcd, 0x73ac,
    0x736b, 0x6b4a, 0x6b2a, 0x630a, 0x6309, 0x5ae9, 0x5ae9, 0x5b09, 0x5b4b, 0x6bad, 0x7c30, 0x8cd3,
    0x9d56, 0xa5b8, 0xadf9, 0xadf9, 0xadd9, 0xa598, 0x9d78, 0x9d58, 0x9d38, 0x9d38, 0x9d38, 0x9d38,
    0x9d38, 0x9d38, 0x9d58, 0x9d58, 0x9d58, 0x9d58, 0x9d58, 0x9d58, 0x9d58, 0x9d38, 0x9d38, 0x9d38,
    0x9d38, 0x9d38, 0x9d38, 0x9d38, 0x9d57, 0x9d57, 0x9d57, 0x9d57, 0x9d57, 0x9d57, 0x9d57, 0x9d58,
    0x9d58, 0x9d58, 0x9d38, 0x9d38, 0x9d38, 0x9d38, 0x9d38, 0x9d38, 0x9d38, 0x9d38, 0x9d38, 0x9d37,
    0x9d37, 0x9d37, 0x9d37, 0x9d58, 0x9d58, 0x9d58, 0x9d58, 0x9d38, 0x9d37, 0x9d37, 0x9d37, 0x9d37,
    0x9d37, 0x9d37, 0x9d37, 0x9d37, 0x9d37, 0x9d37, 0x9d38, 0x9d38, 0x9d37, 0x9d37, 0x9d37, 0x9d37,
    0x9d58, 0x9d58, 0x9d58, 0x9d58, 0x9d58, 0x9d57, 0x9d37, 0x9d37, 0x9d37, 0x9d37, 0x9d37, 0x9d37,
    0x9517, 0x94f6, 0x8cd5, 0x8494, 0x8452, 0x7c11, 0x73cf, 0x6bae, 0x6bae, 0x6baf, 0x7410, 0x8472,
    0x8cf4, 0x9d76, 0xadd8, 0xb619, 0xb63a, 0xbe5a, 0xbe5a, 0xbe3a, 0xbe3a, 0xb619, 0xadf9, 0xadb9,
    0xa598, 0xa578, 0x9d58, 0x9d58, 0x9d38, 0x9d38, 0x9d38, 0x9d38, 0x9d38, 0x9d38, 0x9d38, 0x9d38,
    0x9d38, 0x9d38, 0x9d38, 0x9d38, 0x9d38, 0x9d38, 0x9d38, 0x9d38, 0x9d38, 0x9d38, 0x9d38, 0x9d38,
    0x9d38, 0x9d38, 0x9d38, 0x9d38, 0x9d38, 0x9d38, 0x9d37, 0x9d37, 0x9517, 0x94f6, 0x8c94, 0x8452,
    0x7410, 0x6bce, 0x6bad, 0x6bad, 0x6bcd, 0x740e, 0x742f, 0x7c30, 0x740f, 0x6bce, 0x6b8c, 0x6b4b,
    0x6b2a, 0x6b29, 0x6b49, 0x7369, 0x7b8a, 0x7bab, 0x83ec, 0x842e, 0x8470, 0x8491, 0x8cb2, 0x8cd3,
    0x8cf3, 0x8cf4, 0x8d14, 0x8d15, 0x8d35, 0x8d36, 0x8d36, 0x8d37, 0x8d37, 0x8d37, 0x8d38, 0x8d58,
    0x8d58, 0x8d58, 0x8d58, 0x8d58, 0x9558, 0x9558, 0x9558, 0x9558, 0x9558, 0x9558, 0x8d58, 0x8d58,
    0x8d58, 0x8d58, 0x8d58, 0x8d58, 0x8d58, 0x8d58, 0x9558, 0x9558, 0x9558, 0x8d58, 0x8d58, 0x8d58,
    0x8d57, 0x8d57, 0x8d57, 0x8d37, 0x8d37, 0x8d37, 0x8d37, 0x8d37, 0x8d37, 0x9557, 0x9557, 0x9536,
    0x8d36, 0x8d15, 0x8cf4, 0x8cf3, 0x8cb2, 0x8491, 0x8470, 0x8450, 0x844f, 0x842f, 0x7c0e, 0x7bee,
    0x7bad, 0x738b, 0x6b4b, 0x6b2a, 0x6309, 0x62e9, 0x5ae9, 0x5ae9, 0x5b0a, 0x636c, 0x740f, 0x8492,
    0x9535, 0xa597, 0xadd8, 0xadf9, 0xadd9, 0xa598, 0x9d78, 0x9d58, 0x9d58, 0x9d38, 0x9d38, 0x9d38,
    0x9d38, 0x9d38, 0x9d58, 0x9d58, 0x9d58, 0x9d58, 0x9d58, 0x9d58, 0x9d58, 0x9d38, 0x9d38, 0x9d38,
    0x9d38, 0x9d38, 0x9d38, 0x9d38, 0x9d38, 0x9d38, 0x9d58, 0x9d58, 0x9d58, 0x9d58, 0x9d58, 0x9d58,
    0x9d38, 0x9d38, 0x9d38, 0x9d38, 0x9d38, 0x9d38, 0x9d38, 0x9d38, 0x9d38, 0x9d38, 0x9d37, 0x9d37,
    0x9d37, 0x9d37, 0x9d37, 0x9d58, 0x9d58, 0x9d58, 0x9d58, 0x9d58, 0x9d37, 0x9d37, 0x9d37, 0x9d37,
    0x9d37, 0x9d37, 0x9d37, 0x9d37, 0x9d37, 0x9d37, 0x9d38, 0x9d38, 0x9d37, 0x9d37, 0x9d37, 0x9d37,
    0x9d57, 0x9d58, 0x9d58, 0x9d58, 0x9d58, 0x9d57, 0x9d37, 0x9d37, 0x9d37, 0x9d37, 0x9d37, 0x9517,
    0x94f6, 0x8cd5, 0x8494, 0x8453, 0x7c11, 0x73f0, 0x73cf, 0x6bcf, 0x73ef, 0x7410, 0x7c72, 0x8cd3,
    0x9535, 0x9d97, 0xadd8, 0xadf9, 0xb619, 0xbe3a, 0xbe3a, 0xbe5a, 0xbe3a, 0xbe3a, 0xb619, 0xadf9,
    0xadb9, 0xa598, 0xa578, 0x9d58, 0x9d58, 0x9d38, 0x9d38, 0x9d38, 0x9d38, 0x9d38, 0x9d38, 0x9d38,
    0x9d38, 0x9d38, 0x9d38, 0x9d38, 0x9d58, 0x9d58, 0x9d58, 0x9d58, 0x9d38, 0x9d38, 0x9d38, 0x9d38,
    0x9d38, 0x9d38, 0x9d38, 0x9d38, 0x9d38, 0x9d37, 0x9d37, 0x9517, 0x94f6, 0x8cb4, 0x8452, 0x7410,
    0x6bae, 0x6b8c, 0x636c, 0x6bad, 0x73ee, 0x740f, 0x7c30, 0x7430, 0x73ef, 0x6bad, 0x6b6c, 0x6b4b,
    0x6b4a, 0x7349, 0x736a, 0x7baa, 0x7bcb, 0x83ec, 0x842d, 0x844f, 0x8c91, 0x8cd3, 0x8cf4, 0x8d14,
    0x8d15, 0x8d35, 0x8d36, 0x8d36, 0x8d37, 0x8d37, 0x8d37, 0x8d37, 0x9558, 0x9558, 0x9558, 0x9558,
    0x9558, 0x9558, 0x9558, 0x9558, 0x9558, 0x9558, 0x9558, 0x9558, 0x9558, 0x9558, 0x9558, 0x9558,
    0x9558, 0x9558, 0x9558, 0x9558, 0x9558, 0x9558, 0x9558, 0x9558, 0x9558, 0x9558, 0x9558, 0x9558,
    0x8d57, 0x8d57, 0x8d57, 0x8d57, 0x8d37, 0x8d58, 0x8d58, 0x9558, 0x9557, 0x9557, 0x9557, 0x9557,
    0x9557, 0x8d56, 0x8d36, 0x8d15, 0x8cf4, 0x8cd3, 0x84b2, 0x8491, 0x8471, 0x8470, 0x8450, 0x842f,
    0x7bee, 0x7bac, 0x738b, 0x734a, 0x6b2a, 0x6309, 0x62e9, 0x5ae9, 0x5b0a, 0x634b, 0x6bce, 0x7c51,
    0x8cf4, 0x9d76, 0xa5b8, 0xadd9, 0xa5d9, 0xa598, 0x9d78, 0x9d58, 0x9d38, 0x9d38, 0x9d38, 0x9d38,
    0x9d38, 0x9d38, 0x9d38, 0x9d38, 0x9d58, 0x9d58, 0x9d58, 0x9d58, 0x9d38, 0x9d38, 0x9d38, 0x9d38,
    0x9d38, 0x9d38, 0x9d38, 0x9d38, 0x9d38, 0x9d38, 0x9d38, 0x9d38, 0x9d38, 0x9d38, 0x9d38, 0x9d38,
    0x9d38, 0x9d38, 0x9d38, 0x9d38, 0x9d38, 0x9d38, 0x9d38, 0x9d38, 0x9d38, 0x9d38, 0x9d37, 0x9d37,
    0x9d37, 0x9d37, 0x9d38, 0x9d58, 0x9d58, 0x9d58, 0x9d58, 0x9d58, 0x9d38, 0x9d37, 0x9d37, 0x9d37,
    0x9d37, 0x9d37, 0x9d37, 0x9d37, 0x9d37, 0x9d37, 0x9d37, 0x9d37, 0x9d37, 0x9d37, 0x9d37, 0x9d37,
    0x9d57, 0x9d57, 0x9d58, 0x9d58, 0x9d58, 0x9d57, 0x9d37, 0x9d37, 0x9d37, 0x9537, 0x9517, 0x94f6,
    0x8cd6, 0x8494, 0x8453, 0x7c32, 0x73f0, 0x6bd0, 0x73cf, 0x73f0, 0x7c31, 0x8472, 0x84b3, 0x8cf4,
    0x9536, 0x9d77, 0xa5b7, 0xadd8, 0xadf8, 0xb619, 0xb619, 0xbe39, 0xbe3a, 0xbe3a, 0xb63a, 0xb619,
    0xadf9, 0xadd9, 0xa598, 0xa578, 0x9d58, 0x9d58, 0x9d38, 0x9d38, 0x9d38, 0x9d38, 0x9d38, 0x9d38,
    0x9d38, 0x9d38, 0x9d58, 0x9d58, 0x9d58, 0x9d58, 0x9d58, 0x9d58, 0x9d58, 0x9d38, 0x9d38, 0x9d38,
    0x9d38, 0x9d38, 0x9d38, 0x9d38, 0x9d38, 0x9d37, 0x9d37, 0x94f6, 0x8cd5, 0x8473, 0x7c10, 0x6bae,
    0x636c, 0x634b, 0x636c, 0x6bad, 0x740f, 0x7c30, 0x7430, 0x740f, 0x6bce, 0x6b8c, 0x6b4b, 0x6b4a,
    0x736a, 0x738a, 0x7baa, 0x83cb, 0x83ec, 0x842d, 0x844e, 0x8c90, 0x8cd2, 0x8cf4, 0x8d15, 0x8d36,
    0x9536, 0x9536, 0x9557, 0x9557, 0x9557, 0x9557, 0x9558, 0x9558, 0x9558, 0x9558, 0x9558, 0x9558,
    0x9558, 0x9558, 0x9558, 0x9558, 0x9558, 0x9558, 0x9558, 0x9558, 0x9558, 0x9558, 0x9558, 0x9558,
    0x9558, 0x9558, 0x9558, 0x9558, 0x9558, 0x9558, 0x9558, 0x9558, 0x9558, 0x9558, 0x9558, 0x9558,
    0x8d57, 0x8d57, 0x8d57, 0x8d37, 0x9558, 0x9558, 0x9558, 0x9558, 0x9558, 0x9578, 0x9578, 0x9577,
    0x9577, 0x9557, 0x9557, 0x8d36, 0x8d36, 0x8cf5, 0x84d4, 0x84b3, 0x84b2, 0x8491, 0x8471, 0x8450,
    0x842f, 0x7bed, 0x7bac, 0x736b, 0x6b4a, 0x6b09, 0x62e9, 0x62e9, 0x5ae9, 0x632b, 0x6b8d, 0x7c10,
    0x84b3, 0x9535, 0x9d77, 0xa5b8, 0xa5b8, 0x9d98, 0x9d78, 0x9d58, 0x9d38, 0x9d38, 0x9d38, 0x9d38,
    0x9d38, 0x9d38, 0x9d38, 0x9d38, 0x9d58, 0x9d58, 0x9d58, 0x9d38, 0x9d38, 0x9d38, 0x9d38, 0x9d38,
    0x9d38, 0x9d38, 0x9d38, 0x9d38, 0x9d38, 0x9d38, 0x9d38, 0x9d38, 0x9d38, 0x9d38, 0x9d38, 0x9d38,
    0x9d38, 0x9d38, 0x9d38, 0x9d38, 0x9d38, 0x9d38, 0x9d38, 0x9d38, 0x9d38, 0x9d37, 0x9d37, 0x9d37,
    0x9d37, 0x9d37, 0x9d58, 0x9d58, 0x9d58, 0x9d58, 0x9d58, 0x9d58, 0x9d58, 0x9d37, 0x9d37, 0x9d37,
    0x9d37, 0x9d37, 0x9d37, 0x9d37, 0x9d37, 0x9d37, 0x9d37, 0x9d37, 0x9d37, 0x9d37, 0x9d37, 0x9d37,
    0x9d57, 0x9d58, 0x9d58, 0x9d57, 0x9d57, 0x9d37, 0x9d37, 0x9d37, 0x9517, 0x9517, 0x94f6, 0x8cd6,
    0x8495, 0x7c73, 0x7412, 0x73f0, 0x6baf, 0x6baf, 0x6bcf, 0x7410, 0x7c51, 0x8492, 0x8cd3, 0x8cf4,
    0x9515, 0x9d35, 0x9d56, 0xa576, 0xa597, 0xadb7, 0xadd8, 0xb5f8, 0xb619, 0xb619, 0xb639, 0xb619,
    0xb5f9, 0xadd9, 0xadb9, 0xa598, 0xa578, 0x9d58, 0x9d58, 0x9d58, 0x9d38, 0x9d38, 0x9d38, 0x9d38,
    0x9d38, 0x9d58, 0x9d58, 0x9d58, 0x9d58, 0x9d78, 0x9d78, 0x9d58, 0x9d58, 0x9d58, 0x9d38, 0x9d38,
    0x9d38, 0x9d38, 0x9d38, 0x9d38, 0x9d37, 0x9d37, 0x9517, 0x94d5, 0x8493, 0x7c31, 0x6bae, 0x634c,
    0x5b2b, 0x5b2a, 0x636b, 0x6bcd, 0x740f, 0x7430, 0x7430, 0x6bef, 0x63ad, 0x636c, 0x6b4b, 0x6b6a,
    0x736a, 0x7baa, 0x83cb, 0x840c, 0x8c2d, 0x8c4e, 0x8c70, 0x8cb2, 0x8cf3, 0x8d15, 0x8d36, 0x9556,
    0x9557, 0x9557, 0x9557, 0x9557, 0x9557, 0x9558, 0x9558, 0x9558, 0x9558, 0x9558, 0x9558, 0x9558,
    0x9578, 0x9578, 0x9578, 0x9558, 0x9558, 0x9558, 0x9558, 0x9558, 0x9558, 0x9558, 0x9558, 0x9558,
    0x9558, 0x9558, 0x9558, 0x9558, 0x9558, 0x9558, 0x9558, 0x9558, 0x9558, 0x9558, 0x9558, 0x9558,
    0x9558, 0x9557, 0x9557, 0x9557, 0x9558, 0x9558, 0x9558, 0x9558, 0x9558, 0x9578, 0x9578, 0x9577,
    0x9577, 0x9577, 0x9577, 0x9557, 0x8d36, 0x8d36, 0x84f5, 0x84d4, 0x84d3, 0x84b2, 0x8492, 0x8491,
    0x844f, 0x840e, 0x7bcc, 0x7b8b, 0x734a, 0x6b29, 0x6b09, 0x62e9, 0x62e9, 0x632b, 0x6b6d, 0x73ef,
    0x7c72, 0x8cd4, 0x9536, 0x9d77, 0x9d77, 0x9d77, 0x9d57, 0x9537, 0x9537, 0x9d37, 0x9d38, 0x9d38,
    0x9d38, 0x9d38, 0x9d38, 0x9d38, 0x9d58, 0x9d58, 0x9d58, 0x9d38, 0x9d38, 0x9d38, 0x9d38, 0x9d38,
    0x9d38, 0x9d38, 0x9d38, 0x9d38, 0x9d38, 0x9d38, 0x9d38, 0x9d38, 0x9d38, 0x9d38, 0x9d38, 0x9d38,
    0x9d38, 0x9d38, 0x9d38, 0x9d38, 0x9d38, 0x9d38, 0x9d38, 0x9d38, 0x9d38, 0x9d38, 0x9d37, 0x9d37,
    0x9d37, 0x9d37, 0x9d58, 0x9d58, 0x9d58, 0x9d58, 0x9d58, 0x9d58, 0x9d58, 0x9d58, 0x9d57, 0x9d37,
    0x9d37, 0x9d37, 0x9d37, 0x9d37, 0x9d37, 0x9d37, 0x9d37, 0x9d37, 0x9d37, 0x9d37, 0x9d37, 0x9d37,
    0x9d58, 0x9d58, 0x9d58, 0x9d57, 0x9d37, 0x9d37, 0x9517, 0x9516, 0x94f6, 0x8cd6, 0x8cb5, 0x8494,
    0x7c73, 0x7412, 0x6bd0, 0x6b8f, 0x636e, 0x636e, 0x6b8e, 0x6bcf, 0x7410, 0x7c51, 0x8492, 0x8cb2,
    0x8cb3, 0x8cd3, 0x94d3, 0x94f4, 0x9d14, 0x9d55, 0xa576, 0xa597, 0xadd7, 0xb5f8, 0xb5f8, 0xb619,
    0xb5f9, 0xb5f9, 0xadd9, 0xadb8, 0xa598, 0xa578, 0x9d78, 0x9d58, 0x9d58, 0x9d38, 0x9d38, 0x9d38,
    0x9d58, 0x9d58, 0x9d58, 0x9d78, 0x9d78, 0xa578, 0x9d78, 0x9d78, 0x9d58, 0x9d58, 0x9d58, 0x9d58,
    0x9d58, 0x9d58, 0x9d58, 0x9d38, 0x9d37, 0x9d17, 0x94f6, 0x8cb4, 0x8452, 0x73cf, 0x636d, 0x5b0a,
    0x5ae9, 0x5b0a, 0x634b, 0x6bad, 0x73ef, 0x7410, 0x6bef, 0x6bce, 0x638c, 0x636b, 0x6b4a, 0x736a,
    0x7baa, 0x83cb, 0x83eb, 0x8c2c, 0x8c4e, 0x8c6f, 0x8c91, 0x8cd3, 0x8cf4, 0x8d36, 0x9557, 0x9557,
    0x9557, 0x9557, 0x9557, 0x9557, 0x9557, 0x9558, 0x9558, 0x9558, 0x9578, 0x9578, 0x9578, 0x9578,
    0x9578, 0x9578, 0x9578, 0x9578, 0x9578, 0x9578, 0x9578, 0x9578, 0x9578, 0x9578, 0x9578, 0x9578,
    0x9578, 0x9578, 0x9578, 0x9578, 0x9578, 0x9578, 0x9578, 0x9578, 0x9578, 0x9578, 0x9558, 0x9558,
    0x9558, 0x9558, 0x9558, 0x9558, 0x9558, 0x9558, 0x9558, 0x9558, 0x9578, 0x9578, 0x9578, 0x9578,
    0x9577, 0x9577, 0x9577, 0x9577, 0x8d57, 0x8d36, 0x8d16, 0x84f5, 0x84d4, 0x84d3, 0x84b3, 0x8491,
    0x8470, 0x842e, 0x83ed, 0x7bac, 0x7b8a, 0x734a, 0x6b29, 0x6b09, 0x6309, 0x630a, 0x6b4c, 0x6bae,
    0x7c10, 0x8493, 0x8cf5, 0x8d16, 0x9536, 0x9536, 0x9516, 0x9517, 0x9517, 0x9537, 0x9d37, 0x9d38,
    0x9d58, 0x9d58, 0x9d58, 0x9d58, 0x9d58, 0x9d58, 0x9d58, 0x9d58, 0x9d58, 0x9d58, 0x9d58, 0x9d58,
    0x9d58, 0x9d58, 0x9d58, 0x9d58, 0x9d58, 0x9d58, 0x9d58, 0x9d58, 0x9d58, 0x9d58, 0x9d58, 0x9d58,
    0x9d58, 0x9d58, 0x9d58, 0x9d58, 0x9d58, 0x9d58, 0x9d58, 0x9d58, 0x9d58, 0x9d58, 0x9d58, 0x9d58,
    0x9d58, 0x9d58, 0x9d58, 0x9d58, 0x9d58, 0x9d58, 0x9d58, 0x9d58, 0x9d58, 0x9d58, 0x9d58, 0x9d58,
    0x9d58, 0x9d58, 0x9d58, 0x9d58, 0x9d58, 0x9d58, 0x9d58, 0x9d58, 0x9d58, 0x9d58, 0x9d58, 0x9d58,
    0x9d58, 0x9d58, 0x9d58, 0x9d57, 0x9d37, 0x9517, 0x94f6, 0x8cd5, 0x8cb5, 0x8494, 0x7c73, 0x7c32,
    0x7411, 0x6bb0, 0x636e, 0x5b2d, 0x5b0c, 0x5b0b, 0x5b2c, 0x636d, 0x6bae, 0x73ef, 0x7c0f, 0x7c30,
    0x7c30, 0x7c30, 0x8430, 0x8450, 0x8491, 0x8cb2, 0x94f3, 0x9d14, 0x9d55, 0xa596, 0xadb7, 0xadd8,
    0xb5d8, 0xb5d8, 0xadd8, 0xadd8, 0xa5b8, 0xa598, 0x9d77, 0x9d57, 0x9d57, 0x9d37, 0x9d37, 0x9d58,
    0x9d58, 0x9d58, 0x9d58, 0xa578, 0xa578, 0xa578, 0xa578, 0xa578, 0x9d78, 0x9d58, 0x9d58, 0x9d58,
    0x9d58, 0x9d58, 0x9d58, 0x9d58, 0x9d37, 0x9516, 0x94d5, 0x8473, 0x7c10, 0x6b8d, 0x630b, 0x5ae9,
    0x52c9, 0x5ae9, 0x632b, 0x6b8d, 0x6bce, 0x6bcf, 0x6bce, 0x63ad, 0x636c, 0x636b, 0x6b6a, 0x738a,
    0x7bcb, 0x83eb, 0x8c2c, 0x8c4e, 0x8c6f, 0x8c91, 0x8cd2, 0x8cf4, 0x8d15, 0x8d36, 0x9557, 0x9557,
    0x9557, 0x9557, 0x9557, 0x9557, 0x9557, 0x9578, 0x9578, 0x9578, 0x9578, 0x9578, 0x9578, 0x9578,
    0x9578, 0x9578, 0x9578, 0x9578, 0x9578, 0x9578, 0x9578, 0x9578, 0x9578, 0x9578, 0x9578, 0x9578,
    0x9578, 0x9578, 0x9578, 0x9578, 0x9578, 0x9578, 0x9578, 0x9578, 0x9578, 0x9578, 0x9578, 0x9578,
    0x9558, 0x9558, 0x9558, 0x9558, 0x9558, 0x9558, 0x9578, 0x9578, 0x9578, 0x9578, 0x9578, 0x9578,
    0x9577, 0x9577, 0x9577, 0x9577, 0x9557, 0x8d57, 0x8d37, 0x8516, 0x84f5, 0x84f4, 0x84d4, 0x8cb2,
    0x8c91, 0x844f, 0x842d, 0x83ec, 0x7bab, 0x736a, 0x734a, 0x6b29, 0x6b09, 0x6b0a, 0x6b4b, 0x6b8d,
    0x73cf, 0x7c31, 0x8493, 0x84b4, 0x84d5, 0x8cd5, 0x8cd5, 0x8cd5, 0x94f6, 0x9517, 0x9d37, 0x9d38,
    0x9d58, 0x9d58, 0x9d58, 0x9d58, 0x9d58, 0x9d58, 0x9d58, 0x9d58, 0x9d58, 0x9d58, 0x9d58, 0x9d58,
    0x9d58, 0x9d58, 0x9d58, 0x9d58, 0x9d58, 0x9d58, 0x9d58, 0x9d58, 0x9d58, 0x9d58, 0x9d58, 0x9d58,
    0x9d58, 0x9d58, 0x9d58, 0x9d58, 0x9d58, 0x9d58, 0x9d58, 0x9d58, 0x9d58, 0x9d58, 0x9d58, 0x9d58,
    0x9d58, 0x9d58, 0x9d58, 0x9d58, 0x9d58, 0x9d58, 0x9d58, 0x9d58, 0x9d58, 0x9d58, 0x9d58, 0x9d58,
    0x9d58, 0x9d58, 0x9d58, 0x9d58, 0x9d58, 0x9d58, 0x9d58, 0x9d58, 0x9d58, 0x9d58, 0x9d58, 0x9d58,
    0x9d58, 0x9d58, 0x9d58, 0x9d57, 0x9d37, 0x94f6, 0x8cb5, 0x8473, 0x7c32, 0x7411, 0x73f1, 0x6bb0,
    0x638e, 0x5b4d, 0x52eb, 0x52aa, 0x4a89, 0x4a89, 0x52a9, 0x5aea, 0x630b, 0x634c, 0x6b6c, 0x6b8d,
    0x6b8d, 0x6b8d, 0x73ad, 0x73ad, 0x73ce, 0x7c0f, 0x8450, 0x8c71, 0x94b2, 0x9cf3, 0x9d34, 0xa575,
    0xa596, 0xadb7, 0xadb7, 0xadb7, 0xa597, 0xa597, 0xa577, 0x9d57, 0x9d57, 0x9d37, 0x9d37, 0x9d37,
    0x9d58, 0x9d58, 0xa578, 0xa578, 0xa578, 0xa578, 0xa578, 0xa578, 0xa578, 0xa578, 0x9d78, 0x9d58,
    0x9d58, 0x9d58, 0x9d58, 0x9d58, 0x9d37, 0x94f6, 0x8cb4, 0x7c31, 0x73cf, 0x634c, 0x5aea, 0x52a8,
    0x52a8, 0x5ac9, 0x5b0a, 0x634c, 0x638d, 0x63ad, 0x638d, 0x638c, 0x636b, 0x6b6b, 0x738b, 0x7bab,
    0x83eb, 0x8c0c, 0x8c4d, 0x8c6f, 0x8c91, 0x8cb2, 0x8cf4, 0x8d15, 0x8d36, 0x9557, 0x9577, 0x9577,
    0x9557, 0x9557, 0x9557, 0x9557, 0x9557, 0x9578, 0x9578, 0x9578, 0x9d78, 0x9d78, 0x9d78, 0x9d78,
    0x9d78, 0x9d78, 0x9d78, 0x9d78, 0x9d78, 0x9d78, 0x9d78, 0x9d78, 0x9d78, 0x9d78, 0x9d78, 0x9d78,
    0x9d78, 0x9d78, 0x9d78, 0x9d78, 0x9d78, 0x9d78, 0x9d78, 0x9d78, 0x9d78, 0x9d78, 0x9578, 0x9578,
    0x9578, 0x9578, 0x9578, 0x9578, 0x9578, 0x9578, 0x9578, 0x9578, 0x9d78, 0x9d78, 0x9d78, 0x9d78,
    0x9577, 0x9577, 0x9577, 0x9577, 0x9557, 0x8d57, 0x8d37, 0x8d37, 0x8516, 0x84f5, 0x8cf4, 0x8cd3,
    0x8cb2, 0x8c70, 0x844e, 0x840d, 0x83cc, 0x7bab, 0x736a, 0x734a, 0x6b29, 0x6b2a, 0x6b4b, 0x6b6c,
    0x6bae, 0x73ef, 0x7c31, 0x7c52, 0x7c73, 0x7c73, 0x8473, 0x8494, 0x8cb5, 0x94f6, 0x9d17, 0x9d37,
    0x9d58, 0x9d58, 0x9d58, 0x9d58, 0x9d58, 0x9d58, 0x9d58, 0x9d58, 0x9d58, 0x9d58, 0x9d58, 0x9d58,
    0x9d78, 0x9d78, 0x9d58, 0x9d58, 0x9d58, 0x9d58, 0x9d58, 0x9d58, 0x9d58, 0x9d58, 0x9d58, 0x9d58,
    0x9d58, 0x9d58, 0x9d58, 0x9d78, 0x9d78, 0x9d78, 0x9d78, 0x9d78, 0x9d78, 0x9d78, 0x9d78, 0x9d78,
    0x9d78, 0x9d78, 0x9d78, 0x9d78, 0x9d78, 0x9d78, 0x9d78, 0x9d78, 0x9d78, 0x9d78, 0x9d78, 0x9d78,
    0x9d78, 0x9d78, 0x9d78, 0x9d78, 0x9d78, 0x9d78, 0x9d78, 0x9d78, 0x9d58, 0x9d58, 0x9d58, 0x9d58,
    0xa578, 0x9d78, 0x9d58, 0x9d37, 0x9516, 0x8cd5, 0x8473, 0x7c11, 0x73d0, 0x6b8e, 0x634d, 0x5b2d,
    0x52eb, 0x52ca, 0x4a89, 0x4a48, 0x4227, 0x4227, 0x4a47, 0x4a68, 0x52a8, 0x5ac9, 0x5ae9, 0x630a,
    0x630a, 0x630a, 0x630a, 0x632a, 0x6b4b, 0x6b6c, 0x73ad, 0x7bce, 0x840f, 0x8470, 0x8c91, 0x94d2,
    0x9d13, 0x9d34, 0x9d55, 0xa575, 0xa575, 0xa575, 0x9d55, 0x9d35, 0x9d35, 0x9d16, 0x9d36, 0x9d37,
    0x9d57, 0x9d58, 0xa578, 0xa578, 0xa578, 0xa578, 0xa578, 0xa578, 0xa578, 0xa578, 0xa578, 0xa578,
    0xa578, 0xa578, 0x9d58, 0x9d57, 0x9d17, 0x94d5, 0x8473, 0x7c10, 0x6b8d, 0x632b, 0x5ac9, 0x52a8,
    0x52a8, 0x5ac8, 0x5ae9, 0x5b2b, 0x634c, 0x636c, 0x636c, 0x636c, 0x6b6b, 0x6b8b, 0x7bab, 0x83ec,
    0x840d, 0x8c2e, 0x8c6f, 0x8c91, 0x8cd2, 0x8cf4, 0x8d15, 0x8d36, 0x9557, 0x9577, 0x9577, 0x9577,
    0x9577, 0x9577, 0x9557, 0x9557, 0x9578, 0x9578, 0x9d78, 0x9d78, 0x9d78, 0x9d78, 0x9d98, 0x9d98,
    0x9d98, 0x9d98, 0x9d98, 0x9d98, 0x9d98, 0x9d98, 0x9d98, 0x9d98, 0x9d98, 0x9d98, 0x9d98, 0x9d78,
    0x9d78, 0x9d78, 0x9d78, 0x9d78, 0x9d98, 0x9d78, 0x9d78, 0x9d78, 0x9d78, 0x9d78, 0x9d78, 0x9d78,
    0x9d78, 0x9d78, 0x9d78, 0x9d78, 0x9d78, 0x9d78, 0x9d78, 0x9d78, 0x9d78, 0x9d78, 0x9d98, 0x9d98,
    0x9577, 0x9577, 0x9577, 0x9577, 0x9577, 0x8d57, 0x8d57, 0x8d37, 0x8d37, 0x8d16, 0x8cf5, 0x8cf4,
    0x8cd3, 0x8c91, 0x8c6f, 0x842d, 0x840c, 0x83cb, 0x7baa, 0x736a, 0x734a, 0x6b4a, 0x6b4a, 0x6b6b,
    0x6b8d, 0x73ae, 0x73ef, 0x73f0, 0x7410, 0x7410, 0x7411, 0x7c32, 0x8473, 0x8cb5, 0x94f6, 0x9d37,
    0x9d58, 0x9d58, 0xa578, 0xa578, 0xa578, 0xa578, 0xa578, 0xa578, 0xa578, 0xa578, 0xa578, 0xa578,
    0xa578, 0xa578, 0xa578, 0xa578, 0xa578, 0xa578, 0xa578, 0xa578, 0xa578, 0xa578, 0xa578, 0xa578,
    0xa578, 0xa578, 0xa578, 0xa578, 0xa578, 0xa578, 0xa578, 0xa578, 0xa578, 0xa578, 0xa578, 0xa578,
    0xa578, 0xa578, 0xa578, 0xa578, 0xa578, 0xa578, 0xa578, 0xa578, 0xa578, 0xa578, 0xa578, 0xa578,
    0xa578, 0xa578, 0xa578, 0xa578, 0xa578, 0xa578, 0xa578, 0xa578, 0xa578, 0xa578, 0xa578, 0xa578,
    0xa578, 0xa578, 0x9d58, 0x9d37, 0x94f6, 0x8cb4, 0x7c32, 0x73d0, 0x634d, 0x5b0c, 0x52cb, 0x4aa9,
    0x4a69, 0x4248, 0x4227, 0x41e6, 0x39e6, 0x39e5, 0x4206, 0x4226, 0x4a47, 0x5267, 0x5267, 0x5288,
    0x5288, 0x52a8, 0x5aa8, 0x5aa8, 0x5ac9, 0x5ae9, 0x630a, 0x6b4b, 0x736c, 0x73ad, 0x7bee, 0x842f,
    0x8470, 0x8c91, 0x8cb2, 0x94d2, 0x94f3, 0x94f3, 0x94f3, 0x94f3, 0x94f4, 0x94f4, 0x94f5, 0x9d36,
    0x9d37, 0x9d58, 0xa578, 0xa578, 0xa578, 0xa578, 0xa578, 0xa578, 0xa578, 0xa578, 0xa578, 0xa578,
    0xa578, 0xa578, 0x9d58, 0x9d37, 0x9516, 0x8cb4, 0x8452, 0x73cf, 0x6b6c, 0x630a, 0x5ac9, 0x5aa8,
    0x5aa8, 0x5aa8, 0x5ac9, 0x5b0a, 0x5b2b, 0x5b4b, 0x636c, 0x636c, 0x6b8c, 0x73cc, 0x7bec, 0x840d,
    0x8c4e, 0x8c6f, 0x8c91, 0x94d2, 0x94f4, 0x9515, 0x9536, 0x9557, 0x9577, 0x9577, 0x9578, 0x9578,
    0x9577, 0x9577, 0x9577, 0x9578, 0x9d78, 0x9d78, 0x9d78, 0x9d78, 0x9d98, 0x9d98, 0x9d98, 0x9d98,
    0x9d98, 0x9d98, 0x9d98, 0x9d98, 0x9d98, 0x9d98, 0x9d98, 0x9d98, 0x9d98, 0x9d98, 0x9d98, 0x9d98,
    0x9d98, 0x9d98, 0x9d98, 0x9d98, 0x9d98, 0x9d98, 0x9d98, 0x9d98, 0x9d98, 0x9d98, 0x9d98, 0x9d98,
    0x9d78, 0x9d78, 0x9d78, 0x9d78, 0x9d78, 0x9d78, 0x9d98, 0x9d98, 0x9d98, 0x9d98, 0x9d98, 0x9d98,
    0x9577, 0x9577, 0x9577, 0x9577, 0x9577, 0x9557, 0x8d57, 0x8d37, 0x8d37, 0x8d37, 0x8d16, 0x8d15,
    0x8cd4, 0x8cb2, 0x8c90, 0x8c4f, 0x842d, 0x83ec, 0x83cb, 0x7b8a, 0x736a, 0x736a, 0x6b4b, 0x6b6b,
    0x6b8c, 0x73ad, 0x73ae, 0x6bae, 0x6bae, 0x6bae, 0x6bae, 0x73cf, 0x7c11, 0x8473, 0x94d5, 0x9d17,
    0x9d57, 0xa558, 0xa578, 0xa578, 0xa578, 0xa578, 0xa578, 0xa578, 0xa578, 0xa578, 0xa578, 0xa578,
    0xa578, 0xa578, 0xa578, 0xa578, 0xa578, 0xa578, 0xa578, 0xa578, 0xa578, 0xa578, 0xa578, 0xa578,
    0xa578, 0xa578, 0xa578, 0xa578, 0xa578, 0xa578, 0xa578, 0xa578, 0xa578, 0xa578, 0xa578, 0xa578,
    0xa578, 0xa578, 0xa578, 0xa578, 0xa578, 0xa578, 0xa578, 0xa578, 0xa578, 0xa578, 0xa578, 0xa578,
    0xa578, 0xa578, 0xa578, 0xa578, 0xa578, 0xa578, 0xa578, 0xa578, 0xa578, 0xa578, 0xa578, 0xa578,
    0xa578, 0xa578, 0xa558, 0x9d37, 0x94f6, 0x8c94, 0x7c11, 0x6b8f, 0x5b0c, 0x52aa, 0x4a68, 0x4247,
    0x4207, 0x3a06, 0x39e6, 0x39c5, 0x39c5, 0x39e5, 0x41e5, 0x4206, 0x4a26, 0x4a46, 0x4a46, 0x4a46,
    0x4a46, 0x4a47, 0x5267, 0x5267, 0x5267, 0x5287, 0x5aa8, 0x5ac8, 0x62e9, 0x632a, 0x6b4b, 0x6b6c,
    0x73ac, 0x7bcd, 0x7c0e, 0x842f, 0x8450, 0x8c70, 0x8c70, 0x8c91, 0x8c92, 0x8cb3, 0x94d4, 0x9d16,
    0x9d37, 0x9d58, 0xa578, 0xa578, 0xa578, 0xa578, 0xa578, 0xa578, 0xa578, 0xa578, 0xa578, 0xa578,
    0xa578, 0xa578, 0x9d58, 0x9d37, 0x94f6, 0x8c93, 0x7c31, 0x73ce, 0x6b4c, 0x630a, 0x5ac9, 0x5aa8,
    0x5aa8, 0x5aa8, 0x5ac9, 0x5ae9, 0x5b0a, 0x5b2b, 0x636b, 0x6b8c, 0x73ac, 0x7bed, 0x842e, 0x8c4f,
    0x8c90, 0x8cb1, 0x94d3, 0x94f4, 0x9515, 0x9536, 0x9557, 0x9577, 0x9577, 0x9578, 0x9d78, 0x9d78,
    0x9d78, 0x9d78, 0x9d78, 0x9d78, 0x9d78, 0x9d78, 0x9d78, 0x9d98, 0x9d98, 0x9d98, 0x9d98, 0x9d98,
    0x9d98, 0x9d98, 0x9d98, 0x9d98, 0x9d98, 0x9d98, 0x9d98, 0x9d98, 0x9d98, 0x9d98, 0x9d98, 0x9d98,
    0x9d98, 0x9d98, 0x9d98, 0x9d98, 0x9d98, 0x9d98, 0x9d98, 0x9d98, 0x9d98, 0x9d98, 0x9d98, 0x9d98,
    0x9d98, 0x9d98, 0x9d98, 0x9d98, 0x9d98, 0x9d98, 0x9d98, 0x9d98, 0x9d98, 0x9d98, 0x9d98, 0x9d98,
    0x9577, 0x9577, 0x9577, 0x9577, 0x9577, 0x9577, 0x9557, 0x8d57, 0x8d37, 0x8d37, 0x8d37, 0x8d36,
    0x8cf5, 0x8cd3, 0x8cb2, 0x8c90, 0x8c4e, 0x842d, 0x83ec, 0x83cb, 0x7b8a, 0x738a, 0x736b, 0x738c,
    0x738d, 0x73ad, 0x73ad, 0x6b8d, 0x6b6d, 0x634c, 0x634d, 0x6b6d, 0x73cf, 0x8432, 0x8cb4, 0x94f6,
    0x9d37, 0x9d58, 0xa578, 0xa578, 0xa578, 0xa578, 0xa578, 0xa578, 0xa578, 0xa578, 0xa578, 0xa578,
    0xa578, 0xa578, 0xa578, 0xa578, 0xa578, 0xa578, 0xa578, 0xa578, 0xa578, 0xa578, 0xa578, 0xa578,
    0xa578, 0xa578, 0xa578, 0xa598, 0xa598, 0xa598, 0xa598, 0xa598, 0xa598, 0xa598, 0xa598, 0xa598,
    0xa598, 0xa598, 0xa598, 0xa598, 0xa598, 0xa598, 0xa598, 0xa598, 0xa598, 0xa598, 0xa598, 0xa598,
    0xa598, 0xa598, 0xa598, 0xa598, 0xa598, 0xa598, 0xa598, 0xa598, 0xa598, 0xa578, 0xa578, 0xa578,
    0xa578, 0xa578, 0xa578, 0x9d57, 0x9516, 0x8cb4, 0x7c32, 0x6baf, 0x5b0c, 0x52a9, 0x4a48, 0x4206,
    0x39e6, 0x39e6, 0x39e6, 0x39e6, 0x4206, 0x4206, 0x4a26, 0x4a26, 0x4a46, 0x4a46, 0x4a26, 0x4a26,
    0x4a26, 0x4a26, 0x4a46, 0x4a46, 0x4a46, 0x5247, 0x5267, 0x5267, 0x5287, 0x5aa8, 0x5ac8, 0x5ae9,
    0x6309, 0x632a, 0x6b4b, 0x6b6c, 0x73ac, 0x7bcd, 0x7bee, 0x840f, 0x8430, 0x8c72, 0x94b3, 0x94f5,
    0x9d37, 0x9d57, 0xa578, 0xa578, 0xa578, 0xa578, 0xa578, 0xa578, 0xa578, 0xa578, 0xa578, 0xa578,
    0xa578, 0xa578, 0x9d57, 0x9d37, 0x94d5, 0x8493, 0x7c10, 0x73ae, 0x6b4c, 0x630a, 0x5ae9, 0x5ac8,
    0x5ac8, 0x5ac8, 0x5ac9, 0x5ae9, 0x5b0a, 0x634a, 0x636b, 0x6bac, 0x73ed, 0x842e, 0x846f, 0x8c91,
    0x94d2, 0x94f3, 0x9514, 0x9536, 0x9536, 0x9557, 0x9577, 0x9577, 0x9d78, 0x9d78, 0x9d78, 0x9d78,
    0x9d78, 0x9d78, 0x9d78, 0x9d78, 0x9d78, 0x9d78, 0x9d98, 0x9d98, 0x9d98, 0x9d98, 0x9d98, 0xa598,
    0xa598, 0xa598, 0xa598, 0xa598, 0x9d98, 0x9d98, 0x9d98, 0x9d98, 0x9d98, 0x9d98, 0x9d98, 0x9d98,
    0x9d98, 0x9d98, 0x9d98, 0x9d98, 0x9d98, 0xa598, 0xa598, 0xa598, 0xa598, 0xa598, 0x9d98, 0x9d98,
    0x9d98, 0x9d98, 0x9d98, 0x9d98, 0x9d98, 0x9d98, 0x9d98, 0x9d98, 0x9d98, 0x9d98, 0x9d98, 0x9d78,
    0x9577, 0x9577, 0x9577, 0x9577, 0x9577, 0x9577, 0x9557, 0x9557, 0x9557, 0x9557, 0x9537, 0x9536,
    0x8d16, 0x8cf4, 0x8cd3, 0x8cb1, 0x8c70, 0x8c4e, 0x840d, 0x83ec, 0x83cb, 0x7bab, 0x7b8b, 0x73ac,
    0x73ad, 0x73ad, 0x73ad, 0x6b8d, 0x6b4c, 0x632b, 0x632b, 0x634c, 0x6b8e, 0x7bf0, 0x8473, 0x94d5,
    0x9d37, 0x9d57, 0xa578, 0xa578, 0xa578, 0xa578, 0xa578, 0xa578, 0xa578, 0xa578, 0xa578, 0xa578,
    0xa578, 0xa578, 0xa578, 0xa578, 0xa578, 0xa578, 0xa578, 0xa578, 0xa598, 0xa578, 0xa578, 0xa578,
    0xa598, 0xa598, 0xa598, 0xa598, 0xa598, 0xa598, 0xa598, 0xa598, 0xa598, 0xa598, 0xa598, 0xa598,
    0xa598, 0xa598, 0xa598, 0xa598, 0xa598, 0xa598, 0xa598, 0xa598, 0xa598, 0xa598, 0xa598, 0xa598,
    0xa598, 0xa598, 0xa598, 0xa598, 0xa598, 0xa598, 0xa598, 0xa598, 0xa598, 0xa598, 0xa598, 0xa598,
    0xa578, 0xa578, 0xa578, 0x9d57, 0x9d17, 0x94d5, 0x8473, 0x73d0, 0x634d, 0x52ca, 0x4a68, 0x4227,
    0x4206, 0x4206, 0x4227, 0x4a47, 0x4a68, 0x5288, 0x5288, 0x5288, 0x5288, 0x5267, 0x4a47, 0x4a46,
    0x4a26, 0x4a46, 0x4a46, 0x4a46, 0x4a46, 0x4a46, 0x4a46, 0x4a46, 0x4a46, 0x5247, 0x5267, 0x5267,
    0x5287, 0x5288, 0x5aa8, 0x5ae9, 0x630a, 0x6b4b, 0x738c, 0x73cd, 0x7c0f, 0x8451, 0x8cb3, 0x94f5,
    0x9d37, 0x9d58, 0xa578, 0xa578, 0xa578, 0xa578, 0xa578, 0xa578, 0xa578, 0xa578, 0xa578, 0xa578,
    0xa578, 0xa558, 0x9d37, 0x9516, 0x8cd5, 0x8473, 0x7c10, 0x73ae, 0x6b6c, 0x632a, 0x62e9, 0x62e9,
    0x5ac9, 0x5ac9, 0x5ac9, 0x5ae9, 0x632a, 0x634a, 0x6b8b, 0x73cd, 0x7c0e, 0x8470, 0x8cb1, 0x94d3,
    0x94f4, 0x9515, 0x9536, 0x9d57, 0x9d57, 0x9d78, 0x9d78, 0x9d78, 0x9d78, 0x9d78, 0x9d78, 0x9d98,
    0x9d78, 0x9d78, 0x9d78, 0x9d78, 0x9d98, 0x9d98, 0x9d98, 0xa598, 0xa598, 0xa598, 0xa598, 0xa598,
    0xa598, 0xa598, 0xa598, 0xa598, 0xa598, 0xa598, 0xa598, 0xa598, 0xa598, 0xa598, 0xa598, 0xa598,
    0xa598, 0xa598, 0xa598, 0xa598, 0xa598, 0xa598, 0xa598, 0xa598, 0xa598, 0xa598, 0xa598, 0xa598,
    0xa598, 0xa598, 0xa598, 0xa598, 0xa598, 0xa598, 0xa598, 0x9d98, 0x9d98, 0x9d78, 0x9d78, 0x9d78,
    0x9577, 0x9577, 0x9577, 0x9577, 0x9577, 0x9577, 0x9557, 0x9557, 0x9557, 0x9557, 0x9557, 0x9557,
    0x9536, 0x9515, 0x8cf4, 0x8cd3, 0x8cb1, 0x8c6f, 0x8c4e, 0x840c, 0x83ec, 0x83cb, 0x7bac, 0x7bcc,
    0x7bcd, 0x7bce, 0x73ce, 0x73ad, 0x6b6c, 0x632b, 0x630b, 0x632c, 0x6b6d, 0x73cf, 0x8452, 0x8cb4,
    0x94f6, 0x9d37, 0x9d58, 0xa578, 0xa578, 0xa578, 0xa578, 0xa578, 0xa578, 0xa578, 0xa578, 0xa578,
    0xa578, 0xa578, 0xa578, 0xa578, 0xa578, 0xa578, 0xa598, 0xa598, 0xa598, 0xa598, 0xa598, 0xa598,
    0xa598, 0xa598, 0xa598, 0xa598, 0xa598, 0xa598, 0xa598, 0xa598, 0xa598, 0xa598, 0xa598, 0xa598,
    0xa598, 0xa598, 0xa598, 0xa598, 0xa598, 0xa598, 0xa598, 0xa598, 0xa598, 0xa598, 0xa598, 0xa598,
    0xa598, 0xa598, 0xa598, 0xa598, 0xa598, 0xa598, 0xa598, 0xa598, 0xa598, 0xa598, 0xa598, 0xa598,
    0xa578, 0xa578, 0xa578, 0x9d58, 0x9d37, 0x94f6, 0x8cb4, 0x7c32, 0x6baf, 0x632c, 0x52ca, 0x4a69,
    0x4a68, 0x4a69, 0x4aa9, 0x52ca, 0x5b0b, 0x632b, 0x632b, 0x632b, 0x630a, 0x5ac9, 0x52a8, 0x5267,
    0x5267, 0x5267, 0x5267, 0x5267, 0x5247, 0x4a46, 0x4a26, 0x4a26, 0x4a26, 0x4a46, 0x4a46, 0x4a46,
    0x4a46, 0x4a46, 0x5267, 0x5287, 0x5ac8, 0x630a, 0x6b4b, 0x73ad, 0x7bef, 0x8452, 0x8cb4, 0x94f6,
    0x9d37, 0x9d58, 0xa578, 0xa578, 0xa578, 0xa578, 0xa578, 0xa578, 0xa578, 0xa578, 0xa578, 0xa578,
    0xa578, 0x9d58, 0x9d37, 0x94f6, 0x8cb4, 0x8472, 0x7c10, 0x6bae, 0x6b6c, 0x632b, 0x630a, 0x6309,
    0x62e9, 0x62e9, 0x62e9, 0x6309, 0x6b4a, 0x6b6b, 0x73ac, 0x7c0d, 0x844f, 0x8491, 0x8cd3, 0x9514,
    0x9535, 0x9d56, 0x9d57, 0x9d77, 0x9d78, 0x9d78, 0x9d78, 0x9d78, 0x9d78, 0x9d78, 0x9d78, 0x9d98,
    0x9d98, 0x9d98, 0x9d98, 0xa598, 0xa598, 0xa598, 0xa598, 0xa598, 0xa598, 0xa598, 0xa598, 0xa598,
    0xa598, 0xa598, 0xa598, 0xa598, 0xa598, 0xa598, 0xa598, 0xa598, 0xa598, 0xa598, 0xa598, 0xa598,
    0xa598, 0xa598, 0xa598, 0xa599, 0xa599, 0xa598, 0xa598, 0xa598, 0xa598, 0xa598, 0xa598, 0xa598,
    0xa598, 0xa598, 0xa598, 0xa598, 0xa598, 0xa598, 0xa598, 0xa598, 0x9d98, 0x9d78, 0x9d78, 0x9d78,
    0x9577, 0x9577, 0x9577, 0x9577, 0x9577, 0x9577, 0x9577, 0x9557, 0x9557, 0x9557, 0x9557, 0x9557,
    0x9557, 0x9536, 0x9536, 0x94f4, 0x94d3, 0x8c91, 0x8c6f, 0x8c2d, 0x840c, 0x83ec, 0x83cc, 0x7bcc,
    0x7bed, 0x7bee, 0x7bee, 0x73ad, 0x6b8c, 0x6b4b, 0x634b, 0x6b4c, 0x6b6d, 0x73cf, 0x7c31, 0x8c93,
    0x94f5, 0x9d37, 0x9d57, 0xa578, 0xa578, 0xa578, 0xa578, 0xa578, 0xa578, 0xa578, 0xa578, 0xa578,
    0xa598, 0xa598, 0xa578, 0xa578, 0xa598, 0xa598, 0xa598, 0xa598, 0xa598, 0xa598, 0xa598, 0xa598,
    0xa598, 0xa598, 0xa598, 0xa598, 0xa598, 0xa598, 0xa598, 0xa598, 0xa598, 0xa598, 0xa598, 0xa598,
    0xa598, 0xa598, 0xa598, 0xa598, 0xa598, 0xa598, 0xa598, 0xa598, 0xa598, 0xa598, 0xa598, 0xa598,
    0xa598, 0xa598, 0xa598, 0xa598, 0xa598, 0xa598, 0xa598, 0xa598, 0xa598, 0xa598, 0xa598, 0xa598,
    0xa578, 0xa578, 0xa578, 0xa578, 0x9d57, 0x9d37, 0x94f5, 0x8493, 0x7c11, 0x6baf, 0x5b2d, 0x52eb,
    0x52eb, 0x52eb, 0x5b2c, 0x636d, 0x6bae, 0x73ce, 0x73ce, 0x73ce, 0x738d, 0x6b4c, 0x630a, 0x5ae9,
    0x5ac9, 0x5aa9, 0x5aa8, 0x5aa8, 0x5288, 0x5267, 0x4a47, 0x4a46, 0x4a46, 0x4a46, 0x4a46, 0x4a46,
    0x4a26, 0x4a46, 0x4a46, 0x5267, 0x5aa8, 0x630a, 0x6b4c, 0x73ae, 0x8410, 0x8c93, 0x94d5, 0x9d16,
    0x9d57, 0xa578, 0xa578, 0xa578, 0xa578, 0xa578, 0xa578, 0xa578, 0xa578, 0xa578, 0xa578, 0xa578,
    0xa578, 0x9d57, 0x9d37, 0x94f5, 0x8cb4, 0x8452, 0x73f0, 0x6bad, 0x6b6c, 0x6b2b, 0x632a, 0x6b0a,
    0x6b0a, 0x6309, 0x6b09, 0x6b2a, 0x6b6a, 0x73ab, 0x7bed, 0x7c2e, 0x8470, 0x8cd2, 0x9514, 0x9535,
    0x9d56, 0x9d77, 0x9d78, 0x9d78, 0x9d78, 0x9d78, 0x9d78, 0x9d78, 0x9d78, 0x9d78, 0x9d78, 0x9d98,
    0x9d98, 0xa598, 0xa598, 0xa598, 0xa598, 0xa598, 0xa598, 0xa598, 0xa598, 0xa598, 0xa598, 0xa598,
    0xa598, 0xa598, 0xa598, 0xa598, 0xa598, 0xa598, 0xa598, 0xa598, 0xa598, 0xa598, 0xa599, 0xa599,
    0xa599, 0xa599, 0xa599, 0xa599, 0xa599, 0xa599, 0xa599, 0xa599, 0xa599, 0xa599, 0xa599, 0xa599,
    0xa599, 0xa599, 0xa599, 0xa598, 0xa598, 0xa598, 0xa598, 0xa598, 0x9d98, 0x9d78, 0x9d78, 0x9d78,
    0x9577, 0x9577, 0x9577, 0x9577, 0x9578, 0x9578, 0x9578, 0x9578, 0x9578, 0x9577, 0x9577, 0x9577,
    0x9557, 0x9557, 0x9536, 0x9536, 0x94f4, 0x94d3, 0x8c91, 0x8c6f, 0x8c2d, 0x840c, 0x83ec, 0x83ec,
    0x7bed, 0x7c0e, 0x7bee, 0x7bce, 0x73ad, 0x6b6c, 0x6b6c, 0x6b6c, 0x6bad, 0x73cf, 0x7c10, 0x8472,
    0x8cd4, 0x9516, 0x9d57, 0xa578, 0xa578, 0xa578, 0xa578, 0xa578, 0xa578, 0xa578, 0xa578, 0xa578,
    0xa598, 0xa598, 0xa578, 0xa578, 0xa598, 0xa598, 0xa598, 0xa598, 0xa598, 0xa598, 0xa598, 0xa598,
    0xa598, 0xa598, 0xa598, 0xa598, 0xa598, 0xa598, 0xa598, 0xa598, 0xa598, 0xa598, 0xa598, 0xa598,
    0xa598, 0xa598, 0xa598, 0xa598, 0xa598, 0xa598, 0xa598, 0xa598, 0xa598, 0xa598, 0xa598, 0xa598,
    0xa598, 0xa598, 0xa598, 0xa598, 0xa598, 0xa598, 0xa598, 0xa598, 0xa598, 0xa598, 0xa598, 0xa598,
    0xa578, 0xa578, 0xa578, 0x9d78, 0x9d58, 0x9d37, 0x9516, 0x8cb5, 0x7c73, 0x73f1, 0x638f, 0x5b4d,
    0x5b4d, 0x636d, 0x6bae, 0x73ef, 0x7c30, 0x8471, 0x8471, 0x8450, 0x842f, 0x7bee, 0x73ad, 0x6b6c,
    0x6b4b, 0x6b2b, 0x630a, 0x630a, 0x5ac9, 0x5aa8, 0x5288, 0x5267, 0x5267, 0x5267, 0x5267, 0x5267,
    0x5247, 0x4a47, 0x5267, 0x5aa8, 0x62e9, 0x6b2b, 0x738d, 0x7c10, 0x8472, 0x8cb4, 0x94f6, 0x9d37,
    0x9d58, 0xa578, 0xa578, 0xa578, 0xa578, 0xa578, 0xa578, 0xa578, 0xa578, 0xa578, 0xa578, 0xa578,
    0x9d58, 0x9d37, 0x9516, 0x8cd5, 0x8493, 0x7c51, 0x73ef, 0x6b8d, 0x6b4c, 0x6b2b, 0x6b2a, 0x6b2a,
    0x6b2a, 0x6b4a, 0x6b4a, 0x736a, 0x738b, 0x7bcc, 0x840d, 0x846f, 0x8cb1, 0x8cf3, 0x9535, 0x9556,
    0x9d77, 0x9d78, 0x9d78, 0x9d98, 0x9d98, 0x9d98, 0x9d78, 0x9d78, 0x9d78, 0x9d78, 0x9d78, 0x9d98,
    0x9d98, 0xa599, 0xa599, 0xa599, 0xa599, 0xa599, 0xa598, 0xa598, 0xa598, 0xa598, 0xa598, 0xa598,
    0xa598, 0xa599, 0xa599, 0xa599, 0xa598, 0xa598, 0xa599, 0xa599, 0xa599, 0xa599, 0xa599, 0xa599,
    0xa599, 0xa599, 0xa599, 0xa599, 0xa599, 0xa599, 0xa599, 0xa599, 0xa599, 0xa599, 0xa599, 0xa599,
    0xa599, 0xa599, 0xa599, 0xa599, 0xa599, 0xa599, 0xa599, 0xa598, 0xa598, 0x9d98, 0x9d78, 0x9d78,
    0x9d77, 0x9d77, 0x9d77, 0x9d78, 0x9d78, 0x9d78, 0x9d78, 0x9578, 0x9578, 0x9578, 0x9577, 0x9577,
    0x9577, 0x9577, 0x9d57, 0x9d57, 0x9536, 0x94f4, 0x94d2, 0x9490, 0x8c4e, 0x8c2d, 0x840c, 0x83ec,
    0x83ed, 0x7c0e, 0x7c0e, 0x7bee, 0x73cd, 0x73ad, 0x6b8d, 0x6bad, 0x73ce, 0x73ef, 0x7c10, 0x8452,
    0x8c93, 0x94f5, 0x9d37, 0x9d58, 0xa578, 0xa578, 0xa578, 0xa578, 0xa578, 0xa578, 0xa578, 0xa578,
    0xa598, 0xa598, 0xa578, 0xa578, 0xa578, 0xa598, 0xa598, 0xa598, 0xa598, 0xa598, 0xa598, 0xa598,
    0xa598, 0xa598, 0xa598, 0xa598, 0xa598, 0xa598, 0xa598, 0xa598, 0xa598, 0xa598, 0xa598, 0xa598,
    0xa598, 0xa598, 0xa598, 0xa598, 0xa598, 0xa598, 0xa598, 0xa598, 0xa598, 0xa598, 0xa598, 0xa598,
    0xa598, 0xa598, 0xa598, 0xa598, 0xa598, 0xa598, 0xa598, 0xa598, 0xa598, 0xa598, 0xa598, 0xa598,
    0xa578, 0xa578, 0x9d78, 0x9d58, 0x9d37, 0x9537, 0x9516, 0x8cd5, 0x7c73, 0x7432, 0x6bd0, 0x63af,
    0x638e, 0x6baf, 0x6bcf, 0x7c30, 0x8471, 0x8cb2, 0x94b2, 0x94b2, 0x8c91, 0x8450, 0x840f, 0x7bee,
    0x7bcd, 0x73ad, 0x738c, 0x736c, 0x6b2b, 0x630a, 0x5ae9, 0x5ac9, 0x5ac9, 0x5ac9, 0x5ac8, 0x5aa8,
    0x5aa8, 0x5aa8, 0x5aa8, 0x62e9, 0x6b2b, 0x738d, 0x7bef, 0x8451, 0x8cb3, 0x94f5, 0x9d37, 0x9d57,
    0x9d78, 0xa578, 0xa578, 0xa578, 0xa578, 0xa578, 0xa578, 0xa578, 0xa578, 0xa578, 0xa578, 0xa578,
    0x9d57, 0x9d37, 0x94f6, 0x8cd4, 0x8493, 0x7c31, 0x73cf, 0x6b8d, 0x634b, 0x632a, 0x6b2a, 0x6b4a,
    0x6b4b, 0x734a, 0x736a, 0x738b, 0x7bcb, 0x840d, 0x844e, 0x8c90, 0x8cd3, 0x9514, 0x9556, 0x9d77,
    0x9d77, 0x9d98, 0x9d98, 0xa598, 0xa598, 0x9d98, 0x9d98, 0x9d78, 0x9d78, 0x9d78, 0x9d78, 0x9d98,
    0xa598, 0xa599, 0xa599, 0xa599, 0xa599, 0xa599, 0xa599, 0xa599, 0xa599, 0xa599, 0xa599, 0xa599,
    0xa599, 0xa5b9, 0xa5b9, 0xa5b9, 0xa5b9, 0xa5b9, 0xa5b9, 0xa599, 0xa599, 0xa599, 0xa599, 0xa599,
    0xa599, 0xa599, 0xa599, 0xa599, 0xa599, 0xa599, 0xa599, 0xa599, 0xa599, 0xa599, 0xa599, 0xa599,
    0xa599, 0xa599, 0xa599, 0xa599, 0xa599, 0xa599, 0xa599, 0xa599, 0xa598, 0x9d98, 0x9d98, 0x9d78,
    0x9d78, 0x9d78, 0x9d78, 0x9d78, 0x9d78, 0x9d98, 0x9d78, 0x9d78, 0x9d78, 0x9d78, 0x9d78, 0x9d78,
    0x9d78, 0x9d78, 0x9d78, 0x9d77, 0x9d57, 0x9d35, 0x94f4, 0x94d2, 0x9490, 0x8c4e, 0x8c0d, 0x840c,
    0x83ed, 0x7bed, 0x7bee, 0x7bce, 0x73cd, 0x6bad, 0x6bad, 0x73cd, 0x73ce, 0x73ef, 0x7c10, 0x7c51,
    0x8493, 0x8cd4, 0x9d16, 0x9d57, 0xa578, 0xa578, 0xa578, 0xa578, 0xa578, 0xa578, 0xa578, 0xa578,
    0xa578, 0xa578, 0xa578, 0xa578, 0xa578, 0xa578, 0xa578, 0xa598, 0xa598, 0xa598, 0xa598, 0xa598,
    0xa598, 0xa598, 0xa598, 0xa598, 0xa598, 0xa598, 0xa598, 0xa598, 0xa598, 0xa598, 0xa598, 0xa598,
    0xa598, 0xa598, 0xa598, 0xa598, 0xa598, 0xa598, 0xa598, 0xa598, 0xa598, 0xa598, 0xa598, 0xa598,
    0xa598, 0xa598, 0xa598, 0xa598, 0xa598, 0xa598, 0xa598, 0xa598, 0xa598, 0xa598, 0xa598, 0xa598,
    0xa578, 0x9d58, 0x9d57, 0x9d37, 0x9537, 0x9516, 0x8cf6, 0x84b5, 0x7c73, 0x7412, 0x6bd0, 0x63af,
    0x638e, 0x638e, 0x6bcf, 0x740f, 0x8450, 0x8c91, 0x8cb1, 0x94b1, 0x94b1, 0x8c91, 0x8c70, 0x8450,
    0x842f, 0x840f, 0x7c0e, 0x7bcd, 0x73ad, 0x6b6c, 0x6b4b, 0x6b2a, 0x6b2a, 0x6b2a, 0x6b2a, 0x632a,
    0x630a, 0x630a, 0x630a, 0x6b4b, 0x73ad, 0x7c0f, 0x8471, 0x8cb3, 0x94f5, 0x9d36, 0x9d57, 0x9d78,
    0xa578, 0xa578, 0xa578, 0xa578, 0xa578, 0xa578, 0xa578, 0xa578, 0xa578, 0xa578, 0xa578, 0x9d78,
    0x9d57, 0x9d36, 0x94f5, 0x8cd4, 0x8472, 0x7c30, 0x73ce, 0x6b6c, 0x632b, 0x630a, 0x632a, 0x6b4a,
    0x6b4b, 0x736b, 0x738b, 0x7bab, 0x83ec, 0x842d, 0x8c6f, 0x8cb1, 0x8cf3, 0x9535, 0x9577, 0x9d77,
    0x9d98, 0x9d98, 0xa598, 0xa599, 0xa599, 0xa599, 0xa598, 0x9d98, 0x9d98, 0x9d98, 0x9d98, 0xa599,
    0xa599, 0xa599, 0xa599, 0xa599, 0xa599, 0xa599, 0xa599, 0xa599, 0xa599, 0xa599, 0xa599, 0xa599,
    0xa5b9, 0xa5b9, 0xa5b9, 0xadb9, 0xadb9, 0xa5b9, 0xa5b9, 0xa5b9, 0xa5b9, 0xa5b9, 0xa5b9, 0xa5b9,
    0xa5b9, 0xa599, 0xa599, 0xa599, 0xa5b9, 0xa5b9, 0xa5b9, 0xa5b9, 0xa5b9, 0xa5b9, 0xa5b9, 0xa5b9,
    0xa5b9, 0xa5b9, 0xa5b9, 0xa599, 0xa599, 0xa599, 0xa599, 0xa599, 0xa599, 0xa599, 0x9d98, 0x9d78,
    0x9d78, 0x9d78, 0x9d78, 0x9d78, 0x9d98, 0x9d98, 0x9d98, 0x9d98, 0x9d78, 0x9d78, 0x9d78, 0x9d78,
    0x9d78, 0x9d78, 0x9d78, 0x9d78, 0x9d77, 0x9d56, 0x9d15, 0x94f3, 0x94b1, 0x946f, 0x8c2d, 0x840d,
    0x840d, 0x7bed, 0x7bcd, 0x73cd, 0x6bad, 0x6b8c, 0x6bad, 0x6bad, 0x73ce, 0x73ef, 0x740f, 0x7c30,
    0x8472, 0x8cb3, 0x94f5, 0x9d37, 0xa578, 0xa578, 0xa578, 0xa578, 0xa578, 0xa578, 0xa578, 0xa578,
    0xa578, 0xa578, 0xa578, 0xa578, 0xa578, 0xa578, 0xa598, 0xa598, 0xa598, 0xa598, 0xa598, 0xa598,
    0xadb8, 0xadb8, 0xad98, 0xa598, 0xa598, 0xa598, 0xa598, 0xa598, 0xa598, 0xa598, 0xa598, 0xa598,
    0xa598, 0xa598, 0xa598, 0xa598, 0xa598, 0xa598, 0xa598, 0xa598, 0xa598, 0xa598, 0xa598, 0xa598,
    0xa598, 0xa598, 0xa598, 0xa598, 0xa598, 0xa598, 0xa598, 0xa598, 0xa598, 0xa598, 0xa598, 0xa598,
    0x9d58, 0x9d57, 0x9d37, 0x9516, 0x8cf6, 0x84d5, 0x84b4, 0x7c73, 0x7432, 0x6bd0, 0x638f, 0x636d,
    0x5b4d, 0x5b4c, 0x634c, 0x6b8d, 0x73ce, 0x7c0f, 0x844f, 0x8c70, 0x8c70, 0x8c70, 0x8c70, 0x8c50,
    0x8c50, 0x844f, 0x842f, 0x840e, 0x7bee, 0x7bcd, 0x73ad, 0x738c, 0x738c, 0x73ac, 0x73ac, 0x738c,
    0x738c, 0x736c, 0x738c, 0x7bcd, 0x840f, 0x8c70, 0x94d3, 0x9d14, 0x9d36, 0x9d57, 0x9d77, 0xa577,
    0xa578, 0xa578, 0xa578, 0xa578, 0xa578, 0xa578, 0xa578, 0xa578, 0xa578, 0xa578, 0xa578, 0x9d57,
    0x9d37, 0x9516, 0x94f5, 0x8cb3, 0x8472, 0x7c10, 0x6bad, 0x634b, 0x630a, 0x6309, 0x6309, 0x6b2a,
    0x6b4a, 0x736a, 0x7bab, 0x7bcb, 0x840d, 0x8c4e, 0x8c90, 0x8cd2, 0x9514, 0x9556, 0x9d77, 0x9d98,
    0x9d98, 0xa598, 0xa598, 0xa599, 0xa599, 0xa599, 0xa599, 0xa599, 0xa598, 0xa598, 0xa599, 0xa599,
    0xa599, 0xa5b9, 0xa5b9, 0xa5b9, 0xa5b9, 0xa5b9, 0xa5b9, 0xa5b9, 0xa5b9, 0xa5b9, 0xa5b9, 0xa5b9,
    0xa5b9, 0xa5b9, 0xadb9, 0xadb9, 0xadb9, 0xadb9, 0xa5b9, 0xa5b9, 0xa5b9, 0xa5b9, 0xa5b9, 0xa5b9,
    0xa5b9, 0xa5b9, 0xa5b9, 0xa5b9, 0xa5b9, 0xa5b9, 0xa5b9, 0xa5b9, 0xa5b9, 0xa5b9, 0xa5b9, 0xa5b9,
    0xa5b9, 0xa5b9, 0xa5b9, 0xa5b9, 0xa5b9, 0xa5b9, 0xa5b9, 0xa5b9, 0xa599, 0xa599, 0xa599, 0x9d98,
    0x9d98, 0x9d98, 0x9d98, 0x9d98, 0x9d98, 0x9d98, 0x9d98, 0x9d98, 0x9d98, 0x9d98, 0x9d98, 0x9d98,
    0x9d98, 0xa598, 0xa598, 0xa598, 0xa598, 0x9d77, 0x9d36, 0x9d14, 0x94d2, 0x9490, 0x8c4e, 0x8c2d,
    0x840c, 0x7bec, 0x73cc, 0x73ac, 0x6b8c, 0x636b, 0x638c, 0x6bad, 0x6bcd, 0x6bce, 0x73ee, 0x740f,
    0x7c30, 0x8493, 0x94d5, 0x9d36, 0x9d57, 0xa578, 0xa578, 0xa578, 0xa578, 0xa578, 0xa598, 0xa598,
    0xa598, 0xa598, 0xa598, 0xa598, 0xa598, 0xa598, 0xa598, 0xa598, 0xa598, 0xa598, 0xa598, 0xa598,
    0xadb8, 0xadb8, 0xad98, 0xa598, 0xa598, 0xa598, 0xa598, 0xa598, 0xa598, 0xa598, 0xa598, 0xa598,
    0xa598, 0xa598, 0xa598, 0xa598, 0xa598, 0xa598, 0xa598, 0xa598, 0xa598, 0xa598, 0xa598, 0xa598,
    0xa598, 0xa598, 0xa598, 0xa598, 0xa598, 0xa598, 0xa598, 0xa598, 0xa598, 0xa598, 0xa598, 0xa598,
    0x9d57, 0x9d37, 0x94f6, 0x8cd5, 0x8494, 0x7c73, 0x7453, 0x6c11, 0x6bd0, 0x636e, 0x5b2d, 0x52eb,
    0x52ca, 0x52ca, 0x5aca, 0x630a, 0x6b4b, 0x738c, 0x73ad, 0x7bcd, 0x83ed, 0x840e, 0x840e, 0x840e,
    0x842e, 0x842e, 0x842e, 0x840e, 0x840e, 0x7bed, 0x7bed, 0x7bcd, 0x7bed, 0x7bed, 0x7bed, 0x7bed,
    0x7bcd, 0x7bed, 0x7bee, 0x842f, 0x8c70, 0x94d2, 0x9d14, 0x9d35, 0xa576, 0xa577, 0xa577, 0xa577,
    0xa577, 0xa578, 0xa578, 0xa578, 0xa598, 0xa598, 0xa598, 0xa598, 0xa598, 0xa578, 0xa578, 0x9d57,
    0x9d36, 0x94f5, 0x8cd4, 0x8493, 0x7c51, 0x740f, 0x6bad, 0x634b, 0x5b09, 0x5ae9, 0x62e9, 0x6b09,
    0x6b4a, 0x736a, 0x7bab, 0x83ec, 0x842d, 0x8c6f, 0x8cb1, 0x94f3, 0x9535, 0x9d77, 0x9d97, 0x9d98,
    0xa598, 0xa598, 0xa5b9, 0xa5b9, 0xa5b9, 0xa5b9, 0xa5b9, 0xa599, 0xa599, 0xa599, 0xa5b9, 0xa5b9,
    0xa5b9, 0xa5b9, 0xa5b9, 0xa5b9, 0xa5b9, 0xa5b9, 0xa5b9, 0xa5b9, 0xa5b9, 0xa5b9, 0xa5b9, 0xa5b9,
    0xadb9, 0xadb9, 0xadd9, 0xadd9, 0xadd9, 0xadd9, 0xadb9, 0xadb9, 0xa5b9, 0xa5b9, 0xa5b9, 0xadb9,
    0xadb9, 0xadb9, 0xadb9, 0xadb9, 0xadb9, 0xadb9, 0xadb9, 0xadb9, 0xadb9, 0xa5b9, 0xa5b9, 0xa5b9,
    0xa5b9, 0xa5b9, 0xa5b9, 0xa5b9, 0xa5b9, 0xa5b9, 0xa5b9, 0xa5b9, 0xa5b9, 0xa5b9, 0xa5b9, 0xa599,
    0xa598, 0xa598, 0xa598, 0xa598, 0x9d98, 0x9d98, 0x9d98, 0x9d98, 0x9d98, 0xa598, 0xa598, 0xa598,
    0xa599, 0xa599, 0xa599, 0xa599, 0xa598, 0xa578, 0xa577, 0x9d35, 0x9cf3, 0x94b1, 0x946f, 0x8c4d,
    0x840c, 0x7bcc, 0x73ac, 0x6b8b, 0x636b, 0x634b, 0x636b, 0x636c, 0x63ac, 0x6bad, 0x6bcd, 0x6bce,
    0x740f, 0x8451, 0x8cb4, 0x9d16, 0x9d57, 0xa578, 0xa578, 0xa598, 0xa598, 0xa598, 0xa598, 0xa598,
    0xa598, 0xa598, 0xa598, 0xa598, 0xa598, 0xa598, 0xa598, 0xa598, 0xa598, 0xa598, 0xad98, 0xad98,
    0xad98, 0xad98, 0xad98, 0xad98, 0xad98, 0xa598, 0xa598, 0xa598, 0xa598, 0xa598, 0xa598, 0xa598,
    0xa598, 0xa598, 0xa598, 0xa598, 0xa598, 0xa598, 0xa598, 0xa598, 0xa598, 0xa598, 0xa598, 0xa598,
    0xa598, 0xa598, 0xa598, 0xa598, 0xa598, 0xa598, 0xa598, 0xa598, 0xa598, 0xa598, 0xa598, 0xa598,
    0x9d37, 0x9516, 0x8cd5, 0x8493, 0x7c32, 0x7411, 0x6bd0, 0x638f, 0x5b4d, 0x52eb, 0x4aaa, 0x4a69,
    0x4a48, 0x4a47, 0x4a47, 0x5288, 0x5aa8, 0x62e9, 0x6b2a, 0x6b4a, 0x736b, 0x738b, 0x73ac, 0x7bac,
    0x7bad, 0x7bcd, 0x7bcd, 0x7bcd, 0x7bcd, 0x7bcd, 0x7bcd, 0x7bcd, 0x7bed, 0x83ed, 0x840d, 0x840e,
    0x840e, 0x840e, 0x842f, 0x8c50, 0x9491, 0x94f3, 0x9d34, 0xa555, 0xa576, 0xa576, 0xa576, 0xa576,
    0xa577, 0xa577, 0xa577, 0xa578, 0xa598, 0xad98, 0xad98, 0xad98, 0xad98, 0xad98, 0xa578, 0x9d57,
    0x9d16, 0x94f5, 0x8cb3, 0x8492, 0x7c30, 0x73ee, 0x6b8c, 0x632a, 0x5ae9, 0x5ae8, 0x62e9, 0x6b09,
    0x6b4a, 0x7b8a, 0x7bab, 0x840c, 0x8c2e, 0x8c90, 0x94d2, 0x9514, 0x9556, 0x9d77, 0x9d98, 0xa598,
    0xa5b8, 0xa5b8, 0xadb9, 0xadb9, 0xadb9, 0xadb9, 0xadb9, 0xadb9, 0xadb9, 0xadb9, 0xadb9, 0xadb9,
    0xadb9, 0xadb9, 0xadb9, 0xadb9, 0xadb9, 0xadb9, 0xadd9, 0xadd9, 0xadd9, 0xadd9, 0xadb9, 0xadb9,
    0xadb9, 0xadd9, 0xadd9, 0xadd9, 0xadd9, 0xadd9, 0xadd9, 0xadb9, 0xadb9, 0xadb9, 0xadb9, 0xadb9,
    0xadb9, 0xadb9, 0xadb9, 0xadb9, 0xadb9, 0xadb9, 0xadb9, 0xadb9, 0xadb9, 0xadb9, 0xadb9, 0xadb9,
    0xadb9, 0xadb9, 0xadb9, 0xadb9, 0xadb9, 0xadb9, 0xadb9, 0xadb9, 0xadb9, 0xadb9, 0xadb9, 0xa5b9,
    0xa5b9, 0xa599, 0xa598, 0xa598, 0xa598, 0xa598, 0x9d98, 0xa598, 0xa598, 0xa599, 0xa5b9, 0xa5b9,
    0xa5b9, 0xadb9, 0xadb9, 0xadb9, 0xad99, 0xa598, 0xa577, 0xa556, 0x9d34, 0x9cf2, 0x9490, 0x8c6e,
    0x840d, 0x7bcc, 0x73ab, 0x6b6b, 0x634a, 0x5b4a, 0x5b4a, 0x5b6b, 0x636b, 0x638c, 0x638c, 0x6b8d,
    0x6bce, 0x7c10, 0x8492, 0x94f5, 0x9d37, 0xa578, 0xad98, 0xad98, 0xad98, 0xad98, 0xad98, 0xad98,
    0xad98, 0xad98, 0xad98, 0xad98, 0xad98, 0xad98, 0xad98, 0xad98, 0xad98, 0xad98, 0xad98, 0xad98,
    0xad98, 0xad98, 0xad98, 0xad98, 0xad98, 0xad98, 0xad98, 0xad98, 0xad98, 0xad98, 0xad98, 0xad98,
    0xad98, 0xad98, 0xad98, 0xad98, 0xad98, 0xad98, 0xad98, 0xad98, 0xad98, 0xad98, 0xad98, 0xad98,
    0xad98, 0xad98, 0xad98, 0xad98, 0xad98, 0xad98, 0xad98, 0xad98, 0xad98, 0xad98, 0xad98, 0xad98,
    0x9d37, 0x94f5, 0x8cb4, 0x7c52, 0x73f0, 0x638f, 0x5b4d, 0x530c, 0x4aaa, 0x4a69, 0x4247, 0x4206,
    0x4206, 0x41e6, 0x4206, 0x4a26, 0x5247, 0x5287, 0x5ac8, 0x62e9, 0x6309, 0x6b09, 0x6b2a, 0x6b2a,
    0x6b4a, 0x6b4a, 0x6b4b, 0x736b, 0x736b, 0x738b, 0x738c, 0x73ac, 0x7bac, 0x7bcc, 0x7bcd, 0x7bcd,
    0x7bed, 0x83ee, 0x840e, 0x844f, 0x8c90, 0x94d2, 0x9cf3, 0x9d34, 0x9d34, 0x9d54, 0x9d55, 0xa555,
    0xa556, 0xa576, 0xa577, 0xa577, 0xad98, 0xad98, 0xad98, 0xad98, 0xad98, 0xad98, 0xa577, 0x9d36,
    0x9515, 0x8cd4, 0x8493, 0x7c71, 0x7410, 0x6bce, 0x636c, 0x5b2a, 0x5ae9, 0x5ae8, 0x62e8, 0x6b29,
    0x7349, 0x7b8a, 0x83cb, 0x840c, 0x8c4e, 0x9490, 0x94f3, 0x9535, 0x9d76, 0x9d97, 0xa598, 0xa5b8,
    0xa5b8, 0xadb9, 0xadb9, 0xadb9, 0xadd9, 0xadd9, 0xadd9, 0xadb9, 0xadb9, 0xadb9, 0xadd9, 0xadd9,
    0xadd9, 0xadd9, 0xadd9, 0xadd9, 0xadd9, 0xadd9, 0xadd9, 0xadd9, 0xadd9, 0xadd9, 0xadd9, 0xadd9,
    0xadd9, 0xadd9, 0xadd9, 0xadd9, 0xadd9, 0xadd9, 0xadd9, 0xadd9, 0xadd9, 0xadd9, 0xadd9, 0xadd9,
    0xadd9, 0xadd9, 0xadd9, 0xadd9, 0xadd9, 0xadd9, 0xadd9, 0xadd9, 0xadd9, 0xadd9, 0xadd9, 0xadd9,
    0xadd9, 0xadd9, 0xadd9, 0xadd9, 0xadd9, 0xadd9, 0xadd9, 0xadd9, 0xadd9, 0xadd9, 0xadd9, 0xadb9,
    0xadb9, 0xadb9, 0xa5b8, 0xa598, 0xa598, 0xa598, 0xa598, 0xa598, 0xa5b8, 0xa5b9, 0xadb9, 0xadb9,
    0xadb9, 0xadb9, 0xadb9, 0xadb9, 0xadb9, 0xadb9, 0xad98, 0xa577, 0xa555, 0x9d13, 0x9cd1, 0x946f,
    0x8c2d, 0x83ec, 0x73ab, 0x6b6a, 0x634a, 0x634a, 0x5b4a, 0x5b4b, 0x5b4b, 0x5b4b, 0x5b4b, 0x5b4b,
    0x636c, 0x73ce, 0x8451, 0x94d4, 0x9d36, 0xa577, 0xad98, 0xad98, 0xad98, 0xad98, 0xad98, 0xad98,
    0xad98, 0xad98, 0xad98, 0xad98, 0xad98, 0xad98, 0xad98, 0xad98, 0xad98, 0xad98, 0xad98, 0xad98,
    0xad98, 0xad98, 0xad98, 0xad98, 0xad98, 0xad98, 0xad98, 0xad98, 0xad98, 0xad98, 0xad98, 0xad98,
    0xad98, 0xad98, 0xad98, 0xad98, 0xad98, 0xad98, 0xad98, 0xad98, 0xad98, 0xad98, 0xad98, 0xad98,
    0xad98, 0xad98, 0xad98, 0xad98, 0xad98, 0xad99, 0xad99, 0xad98, 0xad98, 0xad98, 0xad98, 0xad98,
    0x9d37, 0x94f5, 0x8c93, 0x7c31, 0x6baf, 0x634d, 0x52eb, 0x4a89, 0x4248, 0x4206, 0x39e6, 0x39c5,
    0x39c5, 0x39c5, 0x41e5, 0x4205, 0x4a26, 0x5267, 0x5a87, 0x5aa8, 0x5ac8, 0x62c8, 0x62c8, 0x62e9,
    0x62e9, 0x62e9, 0x62e9, 0x6309, 0x6309, 0x6b09, 0x6b2a, 0x6b2a, 0x6b4a, 0x6b4b, 0x736b, 0x736b,
    0x738c, 0x73ac, 0x7bcd, 0x7bee, 0x842f, 0x8c70, 0x8cb1, 0x94d2, 0x94d2, 0x94f2, 0x9cf3, 0x9cf3,
    0x9d34, 0x9d55, 0xa556, 0xa577, 0xad98, 0xad98, 0xad98, 0xad98, 0xad98, 0xad98, 0xa577, 0x9d36,
    0x94f5, 0x8cb3, 0x8472, 0x7c31, 0x73ef, 0x6bad, 0x634b, 0x5b0a, 0x5ae9, 0x5ae9, 0x6309, 0x6b29,
    0x736a, 0x7baa, 0x83eb, 0x8c2d, 0x8c6f, 0x94b1, 0x94f3, 0x9535, 0x9d77, 0x9d97, 0xa598, 0xa5b8,
    0xadb8, 0xadb9, 0xadd9, 0xadd9, 0xadd9, 0xadd9, 0xadd9, 0xadd9, 0xadd9, 0xadd9, 0xadd9, 0xadd9,
    0xadd9, 0xadd9, 0xadd9, 0xadd9, 0xadd9, 0xadd9, 0xadd9, 0xadd9, 0xadd9, 0xadd9, 0xadd9, 0xadd9,
    0xadd9, 0xadd9, 0xadd9, 0xadd9, 0xadd9, 0xadd9, 0xadd9, 0xadd9, 0xadd9, 0xadd9, 0xadd9, 0xadd9,
    0xadd9, 0xadd9, 0xadd9, 0xadd9, 0xadd9, 0xadd9, 0xadd9, 0xadd9, 0xadd9, 0xadd9, 0xadd9, 0xadd9,
    0xadd9, 0xadd9, 0xadd9, 0xadd9, 0xadd9, 0xadd9, 0xadd9, 0xadd9, 0xadd9, 0xadd9, 0xadd9, 0xadd9,
    0xadd9, 0xadb9, 0xadb9, 0xa5b8, 0xa598, 0xa598, 0xa598, 0xa598, 0xa5b8, 0xadb9, 0xadb9, 0xadb9,
    0xadb9, 0xadb9, 0xadb9, 0xadb9, 0xadb9, 0xadb9, 0xadb8, 0xad97, 0xa576, 0x9d34, 0x9cd2, 0x9490,
    0x8c4e, 0x83ec, 0x7bab, 0x6b6a, 0x6b6a, 0x634a, 0x5b4b, 0x5b4b, 0x5b2a, 0x530a, 0x5309, 0x5309,
    0x5b2a, 0x6b8d, 0x7c10, 0x8c93, 0x9d15, 0xa577, 0xad98, 0xad98, 0xad98, 0xad98, 0xad98, 0xad98,
    0xad98, 0xad98, 0xad98, 0xad98, 0xad98, 0xad98, 0xad98, 0xad98, 0xad98, 0xad98, 0xad98, 0xadb8,
    0xad98, 0xad98, 0xad98, 0xad98, 0xad98, 0xad98, 0xad98, 0xad98, 0xad98, 0xad98, 0xad98, 0xad98,
    0xad98, 0xad98, 0xad98, 0xad98, 0xadb8, 0xadb8, 0xad98, 0xad98, 0xad98, 0xad98, 0xad98, 0xad98,
    0xad98, 0xad98, 0xad98, 0xad98, 0xad98, 0xad99, 0xad99, 0xad98, 0xad98, 0xad98, 0xad98, 0xadb8,
    0x9d57, 0x9d15, 0x8cb3, 0x7c31, 0x6b8e, 0x5b0c, 0x52a9, 0x4248, 0x3a06, 0x39c5, 0x39c5, 0x39a4,
    0x39a4, 0x39c4, 0x41e5, 0x4a05, 0x4a26, 0x5267, 0x5a87, 0x5aa8, 0x5aa8, 0x5aa8, 0x5aa8, 0x5aa8,
    0x5aa8, 0x5aa8, 0x5aa8, 0x5aa8, 0x5ac8, 0x62c8, 0x62c8, 0x62c9, 0x62e9, 0x62e9, 0x6309, 0x6309,
    0x6b2a, 0x6b2a, 0x6b4b, 0x736c, 0x73ad, 0x7bee, 0x840f, 0x842f, 0x8450, 0x8c70, 0x8c70, 0x9491,
    0x94d3, 0x9d14, 0xa536, 0xa577, 0xad98, 0xad98, 0xad98, 0xad98, 0xad98, 0xad77, 0xa557, 0x9d15,
    0x8cd4, 0x8472, 0x7c31, 0x73ef, 0x6bae, 0x638d, 0x634b, 0x5b0a, 0x5b09, 0x6309, 0x6309, 0x6b49,
    0x736a, 0x7baa, 0x83ec, 0x8c2d, 0x948f, 0x94d2, 0x9514, 0x9d36, 0x9d77, 0xa598, 0xa5b8, 0xa5b8,
    0xadb9, 0xadb9, 0xadd9, 0xadd9, 0xadd9, 0xadd9, 0xadd9, 0xadd9, 0xadd9, 0xadd9, 0xadd9, 0xadd9,
    0xadd9, 0xadd9, 0xadd9, 0xadd9, 0xadd9, 0xadd9, 0xadd9, 0xadd9, 0xadd9, 0xadd9, 0xadd9, 0xadd9,
    0xadd9, 0xadd9, 0xadd9, 0xadd9, 0xadd9, 0xadd9, 0xadd9, 0xadd9, 0xadd9, 0xadd9, 0xadd9, 0xadd9,
    0xadd9, 0xb5d9, 0xb5d9, 0xb5d9, 0xadd9, 0xadd9, 0xadd9, 0xadd9, 0xadd9, 0xadd9, 0xadd9, 0xadd9,
    0xadd9, 0xadd9, 0xadd9, 0xadd9, 0xadd9, 0xadd9, 0xadd9, 0xadd9, 0xadd9, 0xadd9, 0xadd9, 0xadd9,
    0xadd9, 0xadd9, 0xadb9, 0xa5b8, 0xa598, 0xa598, 0xa598, 0xa598, 0xadb8, 0xadb9, 0xadd9, 0xadd9,
    0xadd9, 0xadd9, 0xadd9, 0xadd9, 0xadd9, 0xadd9, 0xadb9, 0xad98, 0xa577, 0xa535, 0x9cf3, 0x94b0,
    0x8c4e, 0x840c, 0x7bcb, 0x738b, 0x6b6b, 0x636b, 0x634b, 0x5b4b, 0x532a, 0x52e9, 0x4ac8, 0x4ac8,
    0x52e9, 0x634b, 0x73ce, 0x8472, 0x9cf5, 0xa557, 0xad98, 0xad98, 0xadb8, 0xadb8, 0xadb8, 0xadb8,
    0xadb8, 0xadb8, 0xadb8, 0xadb8, 0xadb8, 0xadb8, 0xadb8, 0xadb8, 0xadb8, 0xadb8, 0xadb8, 0xadb8,
    0xadb8, 0xadb8, 0xadb8, 0xadb8, 0xadb8, 0xadb8, 0xadb8, 0xadb8, 0xadb8, 0xadb8, 0xadb8, 0xadb8,
    0xadb8, 0xadb8, 0xadb8, 0xadb8, 0xadb8, 0xadb8, 0xadb8, 0xadb8, 0xadb8, 0xadb8, 0xad98, 0xad98,
    0xad98, 0xad98, 0xad98, 0xad98, 0xad98, 0xad98, 0xad98, 0xad98, 0xad98, 0xad98, 0xad98, 0xadb8,
    0xa557, 0x9d36, 0x94d4, 0x8452, 0x73af, 0x5b0c, 0x5289, 0x4227, 0x39e5, 0x39c5, 0x39a4, 0x39a4,
    0x39c4, 0x41c5, 0x41e5, 0x4a26, 0x5247, 0x5a87, 0x5aa8, 0x5aa8, 0x5aa8, 0x5aa8, 0x5aa8, 0x5aa8,
    0x5aa8, 0x5aa8, 0x5aa8, 0x5aa8, 0x5aa8, 0x5aa7, 0x5a87, 0x5a87, 0x5a88, 0x5aa8, 0x5aa8, 0x5ac8,
    0x62c8, 0x62e9, 0x62e9, 0x630a, 0x6b2b, 0x6b6c, 0x738c, 0x73ad, 0x7bcd, 0x7bcd, 0x840e, 0x842f,
    0x8c91, 0x94f3, 0x9d35, 0xa577, 0xad97, 0xad98, 0xad98, 0xad98, 0xad98, 0xad77, 0x9d36, 0x94f5,
    0x8c93, 0x7c31, 0x73ef, 0x6bae, 0x638d, 0x634c, 0x5b2b, 0x5b0a, 0x5b09, 0x6309, 0x6b29, 0x7369,
    0x7b8a, 0x83cb, 0x8c0c, 0x8c4e, 0x9490, 0x94d2, 0x9d14, 0x9d56, 0x9d77, 0xa598, 0xa598, 0xadb8,
    0xadb9, 0xadb9, 0xadd9, 0xadd9, 0xb5d9, 0xb5d9, 0xb5d9, 0xb5d9, 0xb5d9, 0xb5d9, 0xb5d9, 0xb5d9,
    0xb5d9, 0xb5d9, 0xb5d9, 0xb5d9, 0xb5d9, 0xb5d9, 0xb5d9, 0xb5d9, 0xb5d9, 0xb5d9, 0xb5d9, 0xb5d9,
    0xb5d9, 0xb5d9, 0xb5d9, 0xb5d9, 0xb5d9, 0xb5d9, 0xb5d9, 0xb5d9, 0xb5d9, 0xb5d9, 0xb5d9, 0xb5d9,
    0xb5d9, 0xb5d9, 0xb5d9, 0xb5d9, 0xb5d9, 0xb5d9, 0xb5d9, 0xb5d9, 0xb5d9, 0xb5d9, 0xb5d9, 0xb5d9,
    0xb5d9, 0xb5d9, 0xb5d9, 0xb5d9, 0xb5d9, 0xb5d9, 0xb5d9, 0xb5d9, 0xb5d9, 0xb5d9, 0xb5d9, 0xb5d9,
    0xadd9, 0xadd9, 0xadb9, 0xa5b8, 0xa598, 0xa598, 0xa598, 0xa598, 0xadb8, 0xadb9, 0xadd9, 0xadd9,
    0xb5d9, 0xb5d9, 0xb5d9, 0xb5d9, 0xb5d9, 0xb5d9, 0xadb9, 0xadb8, 0xad97, 0xa556, 0x9d14, 0x9cd1,
    0x946f, 0x8c2d, 0x83cc, 0x73ab, 0x6b8b, 0x636b, 0x634b, 0x5b4b, 0x530a, 0x52c9, 0x4aa8, 0x4a87,
    0x52a8, 0x5b0a, 0x6bad, 0x8431, 0x94d4, 0xa536, 0xad77, 0xad98, 0xadb8, 0xb5b8, 0xb5b8, 0xb5b8,
    0xb5b8, 0xb5b8, 0xb5b8, 0xb5b8, 0xb5b8, 0xb5b8, 0xb5b8, 0xb5b8, 0xb5b8, 0xb5b8, 0xb5b8, 0xb5b8,
    0xb5b8, 0xb5b8, 0xb5b8, 0xb5b8, 0xb5b8, 0xb5b8, 0xb5b8, 0xb5b8, 0xb5b8, 0xb5b8, 0xadb8, 0xadb8,
    0xadb8, 0xadb8, 0xadb8, 0xadb8, 0xadb8, 0xadb8, 0xad98, 0xad98, 0xad98, 0xadb8, 0xad98, 0xad98,
    0xad98, 0xad98, 0xad98, 0xad98, 0xad98, 0xad98, 0xad98, 0xad98, 0xad98, 0xad98, 0xad98, 0xad98,
    0xa577, 0xa557, 0x94f5, 0x8c73, 0x7bf0, 0x634d, 0x52a9, 0x4a47, 0x4206, 0x39e5, 0x39c5, 0x39c5,
    0x41e5, 0x41e5, 0x4a06, 0x4a46, 0x5267, 0x5aa8, 0x62c8, 0x62c8, 0x62c8, 0x62a8, 0x5aa8, 0x62c8,
    0x62c8, 0x62c8, 0x62c8, 0x5aa8, 0x5aa7, 0x5a87, 0x5267, 0x5267, 0x5267, 0x5267, 0x5287, 0x5a87,
    0x5aa8, 0x5aa8, 0x5ac8, 0x5ac9, 0x62e9, 0x630a, 0x632a, 0x6b2b, 0x6b4b, 0x736c, 0x73ad, 0x840e,
    0x8c71, 0x94d3, 0x9d15, 0xa577, 0xad97, 0xad98, 0xad98, 0xad98, 0xad98, 0xa577, 0x9d16, 0x94b4,
    0x8451, 0x73ef, 0x6bae, 0x636d, 0x634c, 0x632b, 0x5b0a, 0x5b0a, 0x6309, 0x6329, 0x6b49, 0x736a,
    0x7baa, 0x83eb, 0x8c2d, 0x946e, 0x94b1, 0x9cf3, 0x9d35, 0x9d56, 0x9d77, 0xa598, 0xa598, 0xadb8,
    0xadb9, 0xadd9, 0xadd9, 0xadd9, 0xb5d9, 0xb5d9, 0xb5d9, 0xb5d9, 0xb5d9, 0xb5d9, 0xb5d9, 0xb5d9,
    0xb5d9, 0xb5d9, 0xb5d9, 0xb5d9, 0xb5d9, 0xb5d9, 0xb5d9, 0xb5d9, 0xb5d9, 0xb5d9, 0xb5d9, 0xb5d9,
    0xb5d9, 0xb5d9, 0xb5d9, 0xb5d9, 0xb5d9, 0xb5d9, 0xb5d9, 0xb5d9, 0xb5d9, 0xb5d9, 0xb5d9, 0xb5d9,
    0xb5d9, 0xb5d9, 0xb5d9, 0xb5d9, 0xb5d9, 0xb5d9, 0xb5d9, 0xb5d9, 0xb5d9, 0xb5d9, 0xb5d9, 0xb5d9,
    0xb5d9, 0xb5d9, 0xb5d9, 0xb5d9, 0xb5d9, 0xb5d9, 0xb5d9, 0xb5d9, 0xb5d9, 0xb5d9, 0xb5d9, 0xb5d9,
    0xadd9, 0xadd9, 0xadb9, 0xa5b8, 0xa598, 0xa598, 0xa598, 0xa598, 0xadb8, 0xadb9, 0xadd9, 0xadd9,
    0xb5d9, 0xb5d9, 0xb5d9, 0xb5d9, 0xb5d9, 0xb5d9, 0xadd9, 0xadb8, 0xad98, 0xa576, 0xa534, 0x9cf2,
    0x9490, 0x8c4e, 0x83ec, 0x7bcb, 0x738b, 0x6b6b, 0x634b, 0x5b2b, 0x530a, 0x52c9, 0x4a87, 0x4a87,
    0x4a87, 0x52e9, 0x6b6c, 0x7c10, 0x8cb3, 0x9d35, 0xad77, 0xad98, 0xb5b8, 0xb5b8, 0xb5b8, 0xb5b8,
    0xb5b8, 0xb5b8, 0xb5b8, 0xb5b8, 0xb5b8, 0xb5b8, 0xb5b8, 0xb5b8, 0xb5b8, 0xb5b8, 0xb5b8, 0xb5b8,
    0xb5b8, 0xb5b8, 0xb5b8, 0xb5b8, 0xb5b8, 0xb5b8, 0xb5b8, 0xb5b8, 0xb5b8, 0xb5b8, 0xadb8, 0xadb8,
    0xadb8, 0xadb8, 0xadb8, 0xadb8, 0xadb8, 0xad98, 0xad98, 0xadb8, 0xadb8, 0xadb8, 0xadb8, 0xadb8,
    0xad98, 0xad98, 0xa598, 0xa598, 0xa598, 0xa598, 0xa598, 0xad98, 0xad98, 0xad98, 0xad98, 0xad98,
    0xad98, 0xa577, 0x9d36, 0x94b4, 0x8431, 0x6b8e, 0x5aeb, 0x4a68, 0x4a27, 0x4206, 0x4206, 0x4206,
    0x4a06, 0x4a26, 0x4a46, 0x5267, 0x5aa8, 0x62c8, 0x62c8, 0x62c8, 0x62c8, 0x62a8, 0x5aa8, 0x62c8,
    0x62e8, 0x62e8, 0x62e8, 0x62c8, 0x5aa7, 0x5267, 0x5246, 0x5246, 0x5246, 0x5247, 0x5267, 0x5287,
    0x5aa8, 0x5aa8, 0x5aa8, 0x5ac8, 0x5ac8, 0x5ac9, 0x62e9, 0x62e9, 0x630a, 0x6b4b, 0x738c, 0x7bee,
    0x8c71, 0x94d3, 0x9d35, 0xa577, 0xad98, 0xad98, 0xadb8, 0xad98, 0xad98, 0xa557, 0x9cf5, 0x8c93,
    0x7c10, 0x6b8e, 0x634c, 0x632b, 0x5b0b, 0x5b0a, 0x5b0a, 0x5b0a, 0x6329, 0x6b29, 0x7349, 0x7b8a,
    0x83cb, 0x8c0c, 0x8c4d, 0x948f, 0x9cd1, 0x9cf3, 0x9d35, 0x9d57, 0x9d77, 0xa598, 0xa598, 0xadb8,
    0xadb9, 0xadd9, 0xb5d9, 0xb5d9, 0xb5d9, 0xb5d9, 0xb5d9, 0xb5d9, 0xb5d9, 0xb5d9, 0xb5d9, 0xb5d9,
    0xb5d9, 0xb5d9, 0xb5d9, 0xb5d9, 0xb5d9, 0xb5d9, 0xb5d9, 0xb5d9, 0xb5d9, 0xb5d9, 0xb5d9, 0xb5d9,
    0xb5d9, 0xb5d9, 0xb5d9, 0xb5d9, 0xb5d9, 0xb5d9, 0xb5d9, 0xb5d9, 0xb5d9, 0xb5d9, 0xb5d9, 0xb5d9,
    0xb5d9, 0xb5d9, 0xb5d9, 0xb5d9, 0xb5d9, 0xb5d9, 0xb5d9, 0xb5d9, 0xb5d9, 0xb5d9, 0xb5d9, 0xb5d9,
    0xb5d9, 0xb5d9, 0xb5d9, 0xb5d9, 0xb5d9, 0xb5d9, 0xb5d9, 0xb5d9, 0xb5d9, 0xb5d9, 0xb5d9, 0xb5d9,
    0xb5d9, 0xadd9, 0xadd9, 0xadb8, 0xa598, 0xa598, 0xa598, 0xa598, 0xadb9, 0xadb9, 0xadd9, 0xb5d9,
    0xb5d9, 0xb5d9, 0xb5d9, 0xb5d9, 0xb5d9, 0xb5d9, 0xb5d9, 0xadd9, 0xadb8, 0xad77, 0xa555, 0x9cf3,
    0x9cb0, 0x946e, 0x840d, 0x7bcc, 0x73ab, 0x6b6b, 0x634b, 0x5b2b, 0x530a, 0x52c9, 0x4a87, 0x4a67,
    0x4a87, 0x52c9, 0x634b, 0x7bef, 0x8c92, 0x9d15, 0xa577, 0xad98, 0xad98, 0xb5b8, 0xb5b8, 0xb5b8,
    0xb5b8, 0xb5b8, 0xb5b8, 0xb5b8, 0xb5b8, 0xb5b8, 0xb5b8, 0xb5b8, 0xb5b8, 0xb5b8, 0xb5b8, 0xb5b8,
    0xb5b8, 0xb5b8, 0xb5b8, 0xb5b8, 0xb5b8, 0xb5b8, 0xadb8, 0xadb8, 0xadb8, 0xadb8, 0xadb8, 0xadb8,
    0xadb8, 0xadb8, 0xad98, 0xadb8, 0xadb8, 0xadb8, 0xadb8, 0xadb8, 0xadb8, 0xadb8, 0xadb8, 0xadb8,
    0xadb8, 0xadb8, 0xa598, 0xa598, 0xa578, 0xa578, 0xa578, 0xa578, 0xa578, 0xa578, 0xad98, 0xad98,
    0xad98, 0xa578, 0xa537, 0x94d5, 0x8472, 0x73cf, 0x632c, 0x52ca, 0x5289, 0x4a68, 0x5268, 0x5288,
    0x5268, 0x5288, 0x5288, 0x5aa8, 0x62c9, 0x62e9, 0x62e9, 0x62c8, 0x62a8, 0x5aa8, 0x5aa8, 0x62c8,
    0x62e8, 0x6b09, 0x6ae8, 0x62c8, 0x5a87, 0x5246, 0x4a26, 0x4a26, 0x4a26, 0x4a46, 0x5267, 0x5a87,
    0x5aa8, 0x5ac8, 0x62c8, 0x62c8, 0x62c8, 0x62c8, 0x62c9, 0x62e9, 0x6309, 0x6b4b, 0x738d, 0x840f,
    0x8c72, 0x9cf4, 0xa536, 0xad77, 0xad98, 0xad98, 0xadb8, 0xad98, 0xad77, 0xa536, 0x94d4, 0x8452,
    0x73cf, 0x6b4c, 0x5b0b, 0x5aea, 0x5aea, 0x5ae9, 0x5b0a, 0x6309, 0x6329, 0x6b49, 0x736a, 0x7baa,
    0x83cb, 0x8c2c, 0x946e, 0x9cb0, 0x9cf2, 0x9d14, 0x9d56, 0x9d77, 0x9d77, 0xa598, 0xa598, 0xadb8,
    0xadd9, 0xadd9, 0xb5d9, 0xb5d9, 0xb5d9, 0xb5d9, 0xb5d9, 0xb5d9, 0xb5d9, 0xb5d9, 0xb5d9, 0xb5d9,
    0xb5d9, 0xb5d9, 0xb5d9, 0xb5d9, 0xb5d9, 0xb5d9, 0xb5d9, 0xb5d9, 0xb5d9, 0xb5d9, 0xb5d9, 0xb5d9,
    0xb5d9, 0xb5d9, 0xb5d9, 0xb5d9, 0xb5d9, 0xb5d9, 0xb5d9, 0xb5d9, 0xb5d9, 0xb5d9, 0xb5d9, 0xb5d9,
    0xb5d9, 0xb5d9, 0xb5d9, 0xb5d9, 0xb5d9, 0xb5d9, 0xb5d9, 0xb5d9, 0xb5d9, 0xb5d9, 0xb5d9, 0xb5d9,
    0xb5d9, 0xb5d9, 0xb5d9, 0xb5d9, 0xb5d9, 0xb5d9, 0xb5d9, 0xb5d9, 0xb5d9, 0xb5d9, 0xb5d9, 0xb5d9,
    0xb5d9, 0xb5d9, 0xadd9, 0xadb8, 0xadb8, 0xa598, 0xa598, 0xadb8, 0xadb9, 0xadd9, 0xb5d9, 0xb5d9,
    0xb5d9, 0xb5d9, 0xb5d9, 0xb5d9, 0xb5d9, 0xb5d9, 0xb5d9, 0xb5d9, 0xadb8, 0xad97, 0xa556, 0xa513,
    0x9cd1, 0x946f, 0x8c2d, 0x83ec, 0x73ab, 0x6b6b, 0x5b4b, 0x5b2b, 0x52ea, 0x52c9, 0x4aa8, 0x4a67,
    0x4a87, 0x52c8, 0x632b, 0x73ce, 0x8c72, 0x9cf5, 0xa557, 0xad98, 0xad98, 0xb5b8, 0xb5b8, 0xb5b8,
    0xb5b8, 0xb5b8, 0xb5b8, 0xb5b8, 0xb5b8, 0xb5b8, 0xb5b8, 0xb5b8, 0xb5b8, 0xb5b8, 0xb5b8, 0xb5b8,
    0xb5b8, 0xb5b8, 0xb5b8, 0xadb8, 0xadb8, 0xadb8, 0xadb8, 0xad98, 0xad98, 0xad98, 0xad98, 0xad98,
    0xadb8, 0xadb8, 0xadb8, 0xadb8, 0xadb8, 0xadb8, 0xadb8, 0xadd9, 0xadd9, 0xadd9, 0xb5d9, 0xadd9,
    0xadd9, 0xadd9, 0xa5b8, 0xa598, 0x9d78, 0x9d77, 0x9d57, 0x9d57, 0x9d57, 0x9d78, 0xa578, 0xa578,
    0xad98, 0xa578, 0xa557, 0x9cf5, 0x8c93, 0x7c10, 0x6b8e, 0x632c, 0x5b0b, 0x5b0b, 0x5b0b, 0x630b,
    0x630b, 0x630a, 0x630a, 0x630a, 0x632a, 0x6b0a, 0x630a, 0x62e9, 0x5aa8, 0x5aa8, 0x5aa7, 0x62a8,
    0x62e8, 0x6b09, 0x62e8, 0x62c8, 0x5267, 0x4a26, 0x41e5, 0x41e5, 0x41e5, 0x4a26, 0x5246, 0x5a87,
    0x5aa8, 0x62e8, 0x62e9, 0x62e8, 0x62e8, 0x62e8, 0x62e9, 0x62e9, 0x6b2a, 0x736b, 0x7bce, 0x8430,
    0x94b3, 0x9d15, 0xa557, 0xad97, 0xad98, 0xadb8, 0xadb8, 0xad98, 0xa577, 0x9d36, 0x94b4, 0x8431,
    0x6b8e, 0x630b, 0x5aca, 0x5ac9, 0x5ac9, 0x5ae9, 0x5ae9, 0x6309, 0x6b29, 0x6b49, 0x736a, 0x7baa,
    0x83eb, 0x8c2d, 0x948f, 0x9cd1, 0x9cf3, 0xa535, 0xa556, 0xa577, 0xa577, 0xa598, 0xa598, 0xadb8,
    0xadd9, 0xb5d9, 0xb5d9, 0xb5d9, 0xb5d9, 0xb5d9, 0xb5d9, 0xb5d9, 0xb5d9, 0xb5d9, 0xb5d9, 0xb5d9,
    0xb5d9, 0xb5d9, 0xb5d9, 0xb5d9, 0xb5d9, 0xb5d9, 0xb5d9, 0xb5d9, 0xb5d9, 0xb5d9, 0xb5d9, 0xb5d9,
    0xb5d9, 0xb5d9, 0xb5d9, 0xb5d9, 0xb5d9, 0xb5d9, 0xb5d9, 0xb5d9, 0xb5d9, 0xb5d9, 0xb5d9, 0xb5d9,
    0xb5d9, 0xb5d9, 0xb5d9, 0xb5d9, 0xb5d9, 0xb5d9, 0xb5d9, 0xb5d9, 0xb5d9, 0xb5d9, 0xb5d9, 0xb5d9,
    0xb5d9, 0xb5d9, 0xb5f9, 0xb5f9, 0xb5f9, 0xb5f9, 0xb5d9, 0xb5d9, 0xb5d9, 0xb5d9, 0xb5d9, 0xb5d9,
    0xb5d9, 0xb5d9, 0xb5d9, 0xadb9, 0xadb8, 0xadb8, 0xadb8, 0xadb8, 0xadb9, 0xb5d9, 0xb5d9, 0xb5d9,
    0xb5d9, 0xb5d9, 0xb5d9, 0xb5d9, 0xb5d9, 0xb5d9, 0xb5d9, 0xb5d9, 0xb5b8, 0xad98, 0xad76, 0xa534,
    0x9cf2, 0x948f, 0x8c2d, 0x83ec, 0x73ab, 0x6b6b, 0x5b4b, 0x530a, 0x52ea, 0x52c9, 0x4aa8, 0x4a87,
    0x4a87, 0x52a8, 0x632a, 0x73ae, 0x8451, 0x9cf4, 0xa556, 0xad98, 0xad98, 0xb5b8, 0xb5b8, 0xb5b8,
    0xb5b8, 0xb5b8, 0xb5b8, 0xb5b8, 0xb5b8, 0xb5b8, 0xb5b8, 0xb5b8, 0xb5b8, 0xb5b8, 0xb5b8, 0xb5b8,
    0xb5b8, 0xadb8, 0xadb8, 0xadb8, 0xad98, 0xad98, 0xad98, 0xad98, 0xad98, 0xad98, 0xadb8, 0xadb8,
    0xadb8, 0xadb8, 0xadb8, 0xadb8, 0xadd8, 0xb5d9, 0xb5d9, 0xb5f9, 0xb5f9, 0xb619, 0xb619, 0xb619,
    0xb5f9, 0xadf9, 0xa5d8, 0x9d98, 0x9d78, 0x9557, 0x9537, 0x9537, 0x9537, 0x9537, 0x9d37, 0x9d57,
    0xa598, 0xa578, 0x9d57, 0x9516, 0x8cb4, 0x7c52, 0x73f0, 0x6baf, 0x6bae, 0x6bae, 0x73ce, 0x73ce,
    0x73ce, 0x73ce, 0x73ae, 0x73ad, 0x738d, 0x736c, 0x6b4b, 0x630a, 0x5ac9, 0x5aa8, 0x5aa8, 0x5aa8,
    0x62e8, 0x62e9, 0x62e8, 0x5aa7, 0x5246, 0x41e5, 0x39c4, 0x39a4, 0x39c4, 0x4205, 0x4a46, 0x5287,
    0x62c8, 0x62e8, 0x62e9, 0x62e9, 0x62e8, 0x62e8, 0x62e9, 0x6b09, 0x6b4a, 0x7b8c, 0x83ee, 0x8c71,
    0x9cd4, 0xa536, 0xad77, 0xad98, 0xad98, 0xadb8, 0xadb8, 0xad98, 0xa577, 0x9d16, 0x8cb3, 0x7c10,
    0x6b6d, 0x5aea, 0x5aa9, 0x52a8, 0x5aa8, 0x5ac9, 0x62e9, 0x6309, 0x6b29, 0x6b69, 0x738a, 0x83cb,
    0x840c, 0x944d, 0x948f, 0x9cd1, 0xa514, 0xa555, 0xa577, 0xa577, 0xa597, 0xa598, 0xa598, 0xadb8,
    0xadd9, 0xb5d9, 0xb5d9, 0xb5d9, 0xb5d9, 0xb5d9, 0xb5d9, 0xb5d9, 0xb5d9, 0xb5d9, 0xb5d9, 0xb5d9,
    0xb5d9, 0xb5d9, 0xb5d9, 0xb5d9, 0xb5d9, 0xb5d9, 0xb5d9, 0xb5d9, 0xb5d9, 0xb5d9, 0xb5d9, 0xb5d9,
    0xb5d9, 0xb5d9, 0xb5d9, 0xb5d9, 0xb5d9, 0xb5d9, 0xb5d9, 0xb5d9, 0xb5d9, 0xb5d9, 0xb5d9, 0xb5d9,
    0xb5d9, 0xb5d9, 0xb5d9, 0xb5d9, 0xb5d9, 0xb5d9, 0xb5d9, 0xb5d9, 0xb5d9, 0xb5d9, 0xb5d9, 0xb5d9,
    0xb5d9, 0xb5f9, 0xb5f9, 0xb5f9, 0xb5f9, 0xb5f9, 0xb5d9, 0xb5d9, 0xb5d9, 0xb5d9, 0xb5d9, 0xb5d9,
    0xb5d9, 0xb5d9, 0xb5d9, 0xb5d9, 0xadd9, 0xadb9, 0xadb9, 0xb5d9, 0xb5d9, 0xb5d9, 0xb5d9, 0xb5d9,
    0xb5d9, 0xb5d9, 0xb5d9, 0xb5d9, 0xb5d9, 0xb5d9, 0xb5d9, 0xb5d9, 0xb5d9, 0xadb8, 0xad77, 0xa535,
    0x9cf2, 0x9cb0, 0x8c4e, 0x83ec, 0x73ab, 0x6b6b, 0x5b2a, 0x530a, 0x52ea, 0x52c9, 0x52a8, 0x4a87,
    0x5287, 0x52a8, 0x5b0a, 0x73ad, 0x8451, 0x94d4, 0xa556, 0xad97, 0xad98, 0xb5b8, 0xb5b8, 0xb5b8,
    0xb5b8, 0xb5b8, 0xb5b8, 0xb5b8, 0xb5b8, 0xb5b8, 0xb5b8, 0xb5b8, 0xb5b8, 0xadb8, 0xadb8, 0xadb8,
    0xadb8, 0xadb8, 0xadb8, 0xadb8, 0xad98, 0xadb8, 0xadb8, 0xadb8, 0xadb8, 0xadb8, 0xadb8, 0xadb8,
    0xadb8, 0xadd8, 0xadd9, 0xb5d9, 0xb5f9, 0xb5f9, 0xb619, 0xbe1a, 0xbe3a, 0xbe3a, 0xbe3a, 0xbe3a,
    0xb63a, 0xadf9, 0xa5d9, 0x9db8, 0x9578, 0x9557, 0x8d37, 0x8d37, 0x8d17, 0x8d37, 0x8d37, 0x9537,
    0xa578, 0xa578, 0x9d57, 0x9516, 0x8cd5, 0x8493, 0x7c52, 0x7431, 0x7c31, 0x7c52, 0x8472, 0x8c92,
    0x8c92, 0x8c92, 0x8c71, 0x8471, 0x8430, 0x7c0f, 0x73ad, 0x6b6c, 0x630a, 0x62e9, 0x5ac9, 0x62c9,
    0x62e9, 0x62e9, 0x62c8, 0x5a87, 0x4a26, 0x39c4, 0x3183, 0x3183, 0x39a4, 0x41e5, 0x4a26, 0x5267,
    0x5ac8, 0x62e8, 0x62e9, 0x62e8, 0x62e8, 0x62c8, 0x62e8, 0x6b09, 0x736b, 0x7bad, 0x840f, 0x9492,
    0x9cf4, 0xa556, 0xad77, 0xad98, 0xadb8, 0xadb8, 0xadb8, 0xad98, 0xa577, 0x9d15, 0x8c93, 0x7bef,
    0x6b4c, 0x5aea, 0x52a8, 0x5288, 0x5aa8, 0x5ac8, 0x62e9, 0x6309, 0x6b49, 0x7369, 0x7baa, 0x83cb,
    0x8c0c, 0x946e, 0x9cb0, 0x9cf2, 0xa534, 0xa576, 0xa577, 0xa597, 0xa598, 0xa598, 0xadb8, 0xadb8,
    0xb5d9, 0xb5d9, 0xb5d9, 0xb5d9, 0xb5d9, 0xb5d9, 0xb5d9, 0xb5d9, 0xb5d9, 0xb5d9, 0xb5d9, 0xb5d9,
    0xb5d9, 0xb5d9, 0xb5d9, 0xb5d9, 0xb5d9, 0xb5d9, 0xb5d9, 0xb5d9, 0xb5d9, 0xb5d9, 0xb5d9, 0xb5d9,
    0xb5d9, 0xb5d9, 0xb5d9, 0xb5d9, 0xb5d9, 0xb5d9, 0xb5d9, 0xb5d9, 0xb5d9, 0xb5d9, 0xb5d9, 0xb5d9,
    0xb5d9, 0xb5d9, 0xb5d9, 0xb5d9, 0xb5d9, 0xb5d9, 0xb5d9, 0xb5d9, 0xb5d9, 0xb5d9, 0xb5d9, 0xb5d9,
    0xb5d9, 0xb5f9, 0xb5f9, 0xb5f9, 0xb5f9, 0xb5f9, 0xb5f9, 0xb5d9, 0xb5d9, 0xb5d9, 0xb5d9, 0xb5d9,
    0xb5d9, 0xb5d9, 0xb5d9, 0xb5d9, 0xb5d9, 0xb5d9, 0xb5d9, 0xb5d9, 0xb5d9, 0xb5d9, 0xb5d9, 0xb5d9,
    0xb5d9, 0xb5d9, 0xb5d9, 0xb5d9, 0xb5d9, 0xb5d9, 0xb5d9, 0xb5d9, 0xb5d9, 0xb5b8, 0xad97, 0xa555,
    0xa513, 0x9cb0, 0x944e, 0x840c, 0x7bab, 0x6b6b, 0x5b4a, 0x530a, 0x52ea, 0x52c9, 0x52a9, 0x5288,
    0x5288, 0x52a8, 0x5b0a, 0x6b8d, 0x8430, 0x94d3, 0xa536, 0xad77, 0xad98, 0xb5b8, 0xb5b8, 0xb5b8,
    0xb5b8, 0xb5b8, 0xb5b8, 0xb5b8, 0xadb8, 0xadb8, 0xadb8, 0xadb8, 0xadb8, 0xad98, 0xad98, 0xadb8,
    0xadb8, 0xadb8, 0xadb8, 0xadb8, 0xadb8, 0xadb8, 0xadb8, 0xadb8, 0xadb8, 0xadb9, 0xadd9, 0xadd9,
    0xb5d9, 0xb5f9, 0xb5f9, 0xb5f9, 0xbe19, 0xbe3a, 0xbe3a, 0xbe3a, 0xbe5a, 0xbe5a, 0xbe5a, 0xbe5a,
    0xb63a, 0xae19, 0xa5d9, 0x9db8, 0x9578, 0x8d37, 0x8537, 0x8517, 0x8517, 0x8517, 0x8517, 0x8517,
    0x9d77, 0x9d77, 0x9557, 0x9516, 0x8cf5, 0x84d5, 0x84b4, 0x84b4, 0x84d4, 0x8cf4, 0x9515, 0x9d35,
    0x9d55, 0x9d55, 0x9d35, 0x9d14, 0x94d3, 0x8c92, 0x8450, 0x7bee, 0x738d, 0x6b4b, 0x6b2a, 0x6b2a,
    0x6b2a, 0x6b09, 0x62e9, 0x5287, 0x4a26, 0x39c4, 0x3183, 0x3163, 0x3183, 0x39c4, 0x4a05, 0x5267,
    0x5aa8, 0x62e8, 0x62e9, 0x62e8, 0x62c8, 0x62a8, 0x62c8, 0x6b09, 0x736b, 0x7bcd, 0x8c2f, 0x9492,
    0x9d14, 0xa556, 0xad97, 0xad98, 0xadb8, 0xadb8, 0xad98, 0xad98, 0xa557, 0x9cf5, 0x8c72, 0x73cf,
    0x634c, 0x5ac9, 0x5288, 0x5288, 0x5aa8, 0x5ac8, 0x62e8, 0x6309, 0x6b49, 0x7369, 0x7baa, 0x83eb,
    0x8c2c, 0x946e, 0x9cd0, 0xa513, 0xa555, 0xad76, 0xad97, 0xad98, 0xad98, 0xadb8, 0xadb8, 0xadd8,
    0xb5d9, 0xb5d9, 0xb5d9, 0xb5f9, 0xb5f9, 0xb5f9, 0xb5d9, 0xb5d9, 0xb5d9, 0xb5d9, 0xb5d9, 0xb5d9,
    0xb5d9, 0xb5d9, 0xb5d9, 0xb5d9, 0xb5d9, 0xb5f9, 0xb5f9, 0xb5f9, 0xb5f9, 0xb5f9, 0xb5f9, 0xb5f9,
    0xb5f9, 0xb5d9, 0xb5d9, 0xb5d9, 0xb5d9, 0xb5d9, 0xb5d9, 0xb5d9, 0xb5d9, 0xb5d9, 0xb5d9, 0xb5f9,
    0xb5f9, 0xb5f9, 0xb5f9, 0xb5f9, 0xb5f9, 0xb5d9, 0xb5d9, 0xb5d9, 0xb5d9, 0xb5d9, 0xb5f9, 0xb5d9,
    0xb5f9, 0xbdf9, 0xbdf9, 0xbdf9, 0xbdf9, 0xbdf9, 0xbdf9, 0xb5f9, 0xb5f9, 0xb5f9, 0xb5f9, 0xb5f9,
    0xb5f9, 0xb5d9, 0xb5d9, 0xb5d9, 0xb5d9, 0xb5d9, 0xb5d9, 0xb5d9, 0xb5d9, 0xb5d9, 0xb5f9, 0xb5f9,
    0xb5f9, 0xb5f9, 0xb5f9, 0xb5f9, 0xb5d9, 0xb5d9, 0xb5d9, 0xb5d9, 0xb5d9, 0xb5b8, 0xad97, 0xad75,
    0xa513, 0x9cd1, 0x946e, 0x840d, 0x7bcb, 0x6b6b, 0x5b4a, 0x532a, 0x530a, 0x52e9, 0x52c9, 0x52a8,
    0x5288, 0x52a8, 0x5b0a, 0x6b8d, 0x7c10, 0x94b3, 0x9d36, 0xad77, 0xad98, 0xadb8, 0xadb8, 0xadb8,
    0xadb8, 0xadb8, 0xadb8, 0xadb8, 0xadb8, 0xadb8, 0xad98, 0xad98, 0xad98, 0xad98, 0xad98, 0xadb8,
    0xadb8, 0xadb8, 0xadb8, 0xadb8, 0xadb8, 0xadd8, 0xadd9, 0xadd9, 0xb5d9, 0xb5d9, 0xb5f9, 0xb5f9,
    0xb5f9, 0xb619, 0xbe1a, 0xbe3a, 0xbe3a, 0xbe5a, 0xbe5a, 0xc65a, 0xc65a, 0xc65a, 0xc65a, 0xbe5a,
    0xb63a, 0xadf9, 0xa5d9, 0x9d98, 0x8d57, 0x8537, 0x8517, 0x8516, 0x84f6, 0x84f6, 0x84f6, 0x84f6,
    0x9557, 0x9557, 0x9537, 0x8d16, 0x84f6, 0x84f5, 0x84d5, 0x84f5, 0x8d16, 0x9556, 0x9d77, 0xa5b7,
    0xadd8, 0xadd8, 0xadd7, 0xadb7, 0xa576, 0x9d35, 0x94f3, 0x8c91, 0x8430, 0x7bce, 0x73ad, 0x738c,
    0x738c, 0x736b, 0x6b2a, 0x5aa8, 0x4a46, 0x41e5, 0x31a4, 0x3183, 0x31a4, 0x39c4, 0x4a06, 0x5267,
    0x5ac8, 0x62e8, 0x62e9, 0x62e8, 0x5aa8, 0x5aa8, 0x62c8, 0x6b09, 0x736b, 0x7bcd, 0x8c50, 0x94b2,
    0x9d15, 0xa556, 0xad97, 0xad98, 0xadb8, 0xadb8, 0xad98, 0xad98, 0xa557, 0x94f4, 0x8472, 0x73ae,
    0x632b, 0x5ac9, 0x5288, 0x5287, 0x5aa8, 0x5ac8, 0x62e8, 0x6b09, 0x6b49, 0x7369, 0x7baa, 0x83eb,
    0x8c2d, 0x948e, 0x9cd1, 0xa533, 0xad75, 0xad97, 0xadb8, 0xadb8, 0xadb8, 0xadb8, 0xadd8, 0xb5d9,
    0xb5d9, 0xb5d9, 0xbdf9, 0xbdf9, 0xbdf9, 0xbdf9, 0xbdf9, 0xbdf9, 0xbdf9, 0xbdf9, 0xbdf9, 0xbdf9,
    0xbdf9, 0xbdf9, 0xbdf9, 0xbdf9, 0xbdf9, 0xbdf9, 0xbdf9, 0xbdf9, 0xbdf9, 0xbdf9, 0xbdf9, 0xbdf9,
    0xbdf9, 0xbdf9, 0xbdf9, 0xbdf9, 0xbdf9, 0xbdf9, 0xbdf9, 0xbdf9, 0xbdf9, 0xbdf9, 0xbdf9, 0xbdf9,
    0xbdf9, 0xbdf9, 0xbdf9, 0xbdf9, 0xbdf9, 0xbdf9, 0xbdf9, 0xbdf9, 0xbdf9, 0xbdf9, 0xbdf9, 0xbdf9,
    0xbdf9, 0xbdf9, 0xbdf9, 0xbdf9, 0xbdf9, 0xbdf9, 0xbdf9, 0xbdf9, 0xbdf9, 0xbdf9, 0xbdf9, 0xbdf9,
    0xbdf9, 0xbdf9, 0xbdf9, 0xbdf9, 0xbdf9, 0xbdf9, 0xbdf9, 0xbdf9, 0xbdf9, 0xbdf9, 0xbdf9, 0xbdf9,
    0xbdf9, 0xbdf9, 0xbdf9, 0xbdf9, 0xbdf9, 0xbdf9, 0xbdf9, 0xbdf9, 0xb5d9, 0xb5d8, 0xb597, 0xad76,
    0xa533, 0x9cd1, 0x946f, 0x8c2d, 0x7bcc, 0x6b8b, 0x636b, 0x5b2b, 0x530a, 0x52ea, 0x52c9, 0x52a8,
    0x5288, 0x52a8, 0x5ae9, 0x6b6c, 0x7c0f, 0x8c93, 0x9d15, 0xa577, 0xad98, 0xad98, 0xad98, 0xad98,
    0xad98, 0xad98, 0xadb8, 0xadb8, 0xadb8, 0xadb8, 0xad98, 0xadb8, 0xadb8, 0xadb8, 0xadb8, 0xadb8,
    0xadb8, 0xadd8, 0xadd9, 0xadd9, 0xadd9, 0xadf9, 0xb5f9, 0xb5f9, 0xb5f9, 0xb5f9, 0xb619, 0xb619,
    0xbe3a, 0xbe3a, 0xbe3a, 0xbe5a, 0xc65a, 0xc65a, 0xc65a, 0xc65a, 0xc65a, 0xc65a, 0xbe5a, 0xbe3a,
    0xb61a, 0xa5d9, 0x9d98, 0x9577, 0x8d37, 0x8516, 0x84f6, 0x7cf6, 0x7cf6, 0x7cf6, 0x7cf6, 0x7cf6,
    0x8d37, 0x8d37, 0x8d17, 0x8516, 0x84f6, 0x84f6, 0x84f6, 0x8516, 0x8d37, 0x9577, 0x9d98, 0xa5d8,
    0xadf9, 0xb619, 0xb619, 0xb5f9, 0xb5d8, 0xadb7, 0xa576, 0x9d34, 0x94d3, 0x8c91, 0x8450, 0x842f,
    0x840e, 0x7bcd, 0x738c, 0x630a, 0x52a8, 0x4a46, 0x41e5, 0x39c5, 0x39c5, 0x41e5, 0x4a26, 0x5287,
    0x62c8, 0x6309, 0x6b09, 0x62e9, 0x62c8, 0x5aa8, 0x62c8, 0x6309, 0x736b, 0x83ed, 0x8c50, 0x94d3,
    0x9d35, 0xa577, 0xad97, 0xad98, 0xad98, 0xadb8, 0xad98, 0xad97, 0xa556, 0x94d4, 0x8451, 0x73ae,
    0x630b, 0x52a8, 0x5287, 0x5287, 0x5aa8, 0x62c8, 0x62e8, 0x6b29, 0x6b49, 0x7389, 0x7bca, 0x840b,
    0x8c4d, 0x948f, 0x9cf1, 0xa533, 0xad76, 0xb597, 0xb5b8, 0xb5d8, 0xb5d8, 0xb5d8, 0xb5d8, 0xb5d9,
    0xb5f9, 0xbdf9, 0xbdf9, 0xbdf9, 0xbdf9, 0xbdf9, 0xbdf9, 0xbdf9, 0xbdf9, 0xbdf9, 0xbdf9, 0xbdf9,
    0xbdf9, 0xbdf9, 0xbdf9, 0xbdf9, 0xbdf9, 0xbdf9, 0xbdf9, 0xbdf9, 0xbdf9, 0xbdf9, 0xbdf9, 0xbdf9,
    0xbdf9, 0xbdf9, 0xbdf9, 0xbdf9, 0xbdf9, 0xbdf9, 0xbdf9, 0xbdf9, 0xbdf9, 0xbdf9, 0xbdf9, 0xbdf9,
    0xbdf9, 0xbdf9, 0xbdf9, 0xbdf9, 0xbdf9, 0xbdf9, 0xbdf9, 0xbdf9, 0xbdf9, 0xbdf9, 0xbdf9, 0xbdf9,
    0xbdf9, 0xbdf9, 0xbdf9, 0xbdf9, 0xbdf9, 0xbdf9, 0xbdf9, 0xbdf9, 0xbdf9, 0xbdf9, 0xbdf9, 0xbdf9,
    0xbdf9, 0xbdf9, 0xbdf9, 0xbdf9, 0xbdf9, 0xbdf9, 0xbdf9, 0xbdf9, 0xbdf9, 0xbdf9, 0xbdf9, 0xbdf9,
    0xbdf9, 0xbdf9, 0xbdf9, 0xbdf9, 0xbdf9, 0xbdf9, 0xbdf9, 0xbdf9, 0xbdf9, 0xb5d8, 0xb5b7, 0xad76,
    0xa534, 0x9cd1, 0x948f, 0x8c2d, 0x83ec, 0x73ab, 0x636b, 0x5b4b, 0x532b, 0x530a, 0x52c9, 0x52a8,
    0x5288, 0x52a8, 0x5ae9, 0x634c, 0x7bef, 0x8c92, 0x9d15, 0xa577, 0xad98, 0xad98, 0xad98, 0xad98,
    0xadb8, 0xadb8, 0xadb8, 0xadb8, 0xadb8, 0xadb8, 0xadb8, 0xadb8, 0xadb8, 0xadb8, 0xadb8, 0xadd8,
    0xadd9, 0xb5d9, 0xb5f9, 0xb5f9, 0xb5f9, 0xb5f9, 0xb5f9, 0xb619, 0xb619, 0xb619, 0xb61a, 0xbe3a,
    0xbe3a, 0xbe5a, 0xbe5a, 0xc65a, 0xc65a, 0xbe5a, 0xbe5a, 0xbe5a, 0xbe5a, 0xbe5a, 0xbe3a, 0xb63a,
    0xadf9, 0x9db8, 0x9577, 0x8d36, 0x84f6, 0x7cd5, 0x7cd5, 0x7cd6, 0x7cd6, 0x7cd6, 0x7cd6, 0x7cd5,
    0x8516, 0x8516, 0x8516, 0x84f6, 0x84f6, 0x84f6, 0x84f6, 0x8516, 0x8d37, 0x9557, 0x9d98, 0xa5b8,
    0xadf9, 0xb619, 0xb63a, 0xb639, 0xb619, 0xb5f9, 0xadd8, 0xad97, 0xa555, 0x9d14, 0x94d3, 0x94b2,
    0x8c91, 0x8450, 0x7c0e, 0x73ad, 0x632b, 0x5ac9, 0x4a68, 0x4a47, 0x4a47, 0x4a47, 0x5287, 0x5ac8,
    0x6309, 0x6b2a, 0x6b4a, 0x6b2a, 0x6309, 0x62e9, 0x62e9, 0x6b2a, 0x738c, 0x840e, 0x9491, 0x9cf3,
    0xa555, 0xa577, 0xad98, 0xad98, 0xad98, 0xad98, 0xad98, 0xad77, 0xa536, 0x94d4, 0x8431, 0x6b8d,
    0x5b0a, 0x52a8, 0x5287, 0x5287, 0x5aa8, 0x62c8, 0x6308, 0x6b29, 0x7349, 0x7389, 0x7bca, 0x840b,
    0x944d, 0x9caf, 0xa4f1, 0xa534, 0xad96, 0xb5b7, 0xb5d8, 0xb5d8, 0xb5f9, 0xb5f9, 0xb5f9, 0xbdf9,
    0xbdf9, 0xbdf9, 0xbdf9, 0xbdf9, 0xbdf9, 0xbdf9, 0xbdf9, 0xbdf9, 0xbdf9, 0xbdf9, 0xbdf9, 0xbdf9,
    0xbdf9, 0xbdf9, 0xbdf9, 0xbdf9, 0xbdf9, 0xbdf9, 0xbdf9, 0xbdf9, 0xbdf9, 0xbdf9, 0xbdf9, 0xbdf9,
    0xbdf9, 0xbdf9, 0xbdf9, 0xbdf9, 0xbdf9, 0xbdf9, 0xbdf9, 0xbdf9, 0xbdf9, 0xbdf9, 0xbe19, 0xbe19,
    0xbe19, 0xbe19, 0xbe19, 0xbe19, 0xbdf9, 0xbdf9, 0xbdf9, 0xbdf9, 0xbdf9, 0xbdf9, 0xbdf9, 0xbdf9,
    0xbdf9, 0xbdf9, 0xbdf9, 0xbdf9, 0xbdf9, 0xbdf9, 0xbdf9, 0xbdf9, 0xbdf9, 0xbdf9, 0xbdf9, 0xbdf9,
    0xbdf9, 0xbdf9, 0xbdf9, 0xbdf9, 0xbdf9, 0xbdf9, 0xbdf9, 0xbdf9, 0xbdf9, 0xbdf9, 0xbdf9, 0xbdf9,
    0xbdf9, 0xbdf9, 0xbdf9, 0xbdf9, 0xbdf9, 0xbdf9, 0xbdf9, 0xbdf9, 0xbdf9, 0xbdd8, 0xb5b7, 0xad76,
    0xa534, 0xa4f1, 0x9c8f, 0x8c4d, 0x840c, 0x73cc, 0x638c, 0x5b6c, 0x532b, 0x530b, 0x52ea, 0x52a9,
    0x5288, 0x5288, 0x52c9, 0x634b, 0x73ce, 0x8472, 0x9cf5, 0xa557, 0xad98, 0xad98, 0xadb8, 0xadb8,
    0xadb8, 0xadb8, 0xadb8, 0xadb8, 0xadb8, 0xadb8, 0xadb8, 0xadb8, 0xadd8, 0xadd8, 0xadd9, 0xb5f9,
    0xb5f9, 0xb5f9, 0xb5f9, 0xb619, 0xb619, 0xb619, 0xb5f9, 0xb5f9, 0xb5f9, 0xb619, 0xb619, 0xbe39,
    0xbe3a, 0xbe5a, 0xbe5a, 0xbe5a, 0xbe5a, 0xbe5a, 0xbe3a, 0xbe3a, 0xbe3a, 0xb63a, 0xb63a, 0xadf9,
    0xa5d9, 0x9577, 0x8d16, 0x7cd5, 0x7c94, 0x7494, 0x7494, 0x74b5, 0x7cb5, 0x74b5, 0x7494, 0x7494,
    0x84f6, 0x84f6, 0x84f6, 0x84f6, 0x7cf6, 0x7cf6, 0x84f6, 0x84f6, 0x84f6, 0x8d16, 0x9557, 0x9d77,
    0xa5b8, 0xadf9, 0xb619, 0xb619, 0xb619, 0xb5f9, 0xb5f8, 0xadd8, 0xad97, 0xa575, 0x9d34, 0x94f3,
    0x94d2, 0x8cb1, 0x8470, 0x7c2f, 0x73cd, 0x6b6c, 0x632b, 0x5aea, 0x52c9, 0x5ac9, 0x5aea, 0x6b2b,
    0x6b6b, 0x738c, 0x73ac, 0x738c, 0x6b6b, 0x6b4b, 0x6b4b, 0x738c, 0x7bee, 0x8c70, 0x94d2, 0x9d34,
    0xa576, 0xad97, 0xadb8, 0xadb8, 0xadb8, 0xad98, 0xad98, 0xa577, 0x9d36, 0x94d3, 0x7c30, 0x6b8d,
    0x5b0a, 0x52a8, 0x5287, 0x5287, 0x5aa8, 0x62e8, 0x6308, 0x6b29, 0x7349, 0x7389, 0x7bca, 0x840b,
    0x944d, 0x9caf, 0xa4f2, 0xad54, 0xb596, 0xb5d8, 0xbdd8, 0xbdf9, 0xbdf9, 0xbdf9, 0xbdf9, 0xbdf9,
    0xbdf9, 0xbe19, 0xbe19, 0xbe19, 0xbe19, 0xbe19, 0xbe19, 0xbe19, 0xbe19, 0xbe19, 0xbe19, 0xbe19,
    0xbe19, 0xbe19, 0xbe19, 0xbe19, 0xbe19, 0xbe19, 0xbe19, 0xbe19, 0xbe19, 0xbe19, 0xbe19, 0xbe19,
    0xbe19, 0xbe19, 0xbe19, 0xbe19, 0xbe19, 0xbe19, 0xbe19, 0xbe19, 0xbe19, 0xbe19, 0xbe19, 0xc639,
    0xc63a, 0xc639, 0xbe19, 0xbe19, 0xbe19, 0xbe19, 0xbe19, 0xbe19, 0xbe19, 0xbe19, 0xbe19, 0xbe19,
    0xbe19, 0xbe19, 0xbe19, 0xbe19, 0xbe19, 0xbe19, 0xbe19, 0xbe19, 0xbe19, 0xbe19, 0xbe19, 0xbe19,
    0xbe19, 0xbe19, 0xbe19, 0xbe19, 0xbe19, 0xbe19, 0xbe19, 0xbe19, 0xbe19, 0xbe19, 0xbe19, 0xbe19,
    0xbe19, 0xbe19, 0xbe19, 0xbe19, 0xbe19, 0xbe19, 0xbe19, 0xbdf9, 0xbdf9, 0xbdf8, 0xb5d7, 0xad96,
    0xad34, 0xa4f1, 0x9caf, 0x946e, 0x840d, 0x73cc, 0x6bac, 0x5b6c, 0x534c, 0x532b, 0x52ea, 0x52c9,
    0x4a88, 0x4a87, 0x52a8, 0x5b2a, 0x73ad, 0x8451, 0x94f4, 0xa556, 0xad97, 0xadb8, 0xadb8, 0xadb8,
    0xadd8, 0xadd8, 0xadd8, 0xadd8, 0xadd8, 0xadd8, 0xadd8, 0xadd8, 0xadd8, 0xadd8, 0xadf9, 0xb5f9,
    0xb5f9, 0xb5f9, 0xb619, 0xb5f9, 0xb5f9, 0xadf8, 0xadd8, 0xadd8, 0xadd8, 0xadd8, 0xadf8, 0xb5f8,
    0xb619, 0xb639, 0xbe39, 0xb639, 0xb639, 0xb61a, 0xb61a, 0xb61a, 0xb61a, 0xae1a, 0xadf9, 0xa5d9,
    0x9d98, 0x8d36, 0x84d5, 0x7473, 0x6c32, 0x6c32, 0x6c53, 0x7473, 0x7474, 0x7473, 0x6c53, 0x6c32,
    0x7cb5, 0x7cd5, 0x7cd6, 0x7cf6, 0x7cf6, 0x7cf6, 0x7cd6, 0x7cd5, 0x7cd5, 0x84d5, 0x84f5, 0x9536,
    0x9d77, 0xa5b8, 0xadd9, 0xadf9, 0xadf9, 0xadf9, 0xadd8, 0xadd8, 0xa597, 0xa575, 0x9d34, 0x9513,
    0x94f2, 0x8cd2, 0x8cb1, 0x8470, 0x8430, 0x7c0f, 0x73ce, 0x6b8d, 0x6b6c, 0x6b6c, 0x6b8c, 0x73ad,
    0x7bee, 0x840e, 0x840f, 0x840e, 0x7bee, 0x7bce, 0x7bee, 0x840f, 0x8c70, 0x94b2, 0x9d13, 0xa575,
    0xad97, 0xadb7, 0xadd8, 0xadb8, 0xadb8, 0xad98, 0xad98, 0xa577, 0x9d36, 0x8cb3, 0x7c10, 0x6b6c,
    0x5ae9, 0x52a8, 0x5267, 0x5287, 0x5aa7, 0x5ae8, 0x6308, 0x6b29, 0x7349, 0x7389, 0x7bca, 0x840b,
    0x944d, 0x9caf, 0xa512, 0xad54, 0xb597, 0xbdd8, 0xbdf9, 0xbdf9, 0xbdf9, 0xbdf9, 0xbe19, 0xbe19,
    0xbe19, 0xbe19, 0xbe19, 0xbe19, 0xbe19, 0xbe19, 0xbe19, 0xbe19, 0xbe19, 0xbe19, 0xbe19, 0xbe19,
    0xbe19, 0xbe19, 0xbe19, 0xbe19, 0xbe19, 0xbe19, 0xbe19, 0xbe19, 0xbe19, 0xbe19, 0xbe19, 0xbe19,
    0xbe19, 0xbe19, 0xbe19, 0xbe19, 0xbe19, 0xbe19, 0xbe19, 0xbe19, 0xbe19, 0xbe39, 0xc63a, 0xc63a,
    0xc63a, 0xc63a, 0xc63a, 0xc639, 0xc619, 0xbe19, 0xbe19, 0xbe19, 0xbe19, 0xbe19, 0xbe19, 0xbe19,
    0xbe19, 0xbe19, 0xbe19, 0xbe19, 0xbe19, 0xbe19, 0xbe19, 0xbe19, 0xbe19, 0xbe19, 0xbe19, 0xbe19,
    0xbe19, 0xbe19, 0xbe19, 0xbe19, 0xbe19, 0xbe19, 0xbe19, 0xbe19, 0xbe19, 0xbe19, 0xbe19, 0xbe19,
    0xbe19, 0xbe19, 0xbe19, 0xbe19, 0xbe19, 0xbe19, 0xbe19, 0xbe19, 0xbdf9, 0xbdf8, 0xb5d7, 0xb596,
    0xad54, 0xa4f2, 0x9caf, 0x946e, 0x842d, 0x7bec, 0x6bac, 0x5b8c, 0x5b4c, 0x532b, 0x52ea, 0x52c9,
    0x4a87, 0x4a87, 0x52a8, 0x5b0a, 0x6b8d, 0x7c30, 0x94d4, 0x9d56, 0xa597, 0xadb8, 0xadd8, 0xadd8,
    0xadd8, 0xadd8, 0xadd8, 0xadd8, 0xadd8, 0xadb8, 0xadb7, 0xadd8, 0xadd8, 0xadd8, 0xadd8, 0xadd8,
    0xadf8, 0xadf8, 0xadf8, 0xadd8, 0xadd8, 0xa5b7, 0xa596, 0xa576, 0xa576, 0xa576, 0xa596, 0xadb7,
    0xadd7, 0xadf8, 0xadf8, 0xadf8, 0xadf8, 0xadf9, 0xadf9, 0xadd9, 0xadf9, 0xadf9, 0xa5d9, 0x9db8,
    0x9557, 0x84f5, 0x7473, 0x6c11, 0x63d0, 0x63d0, 0x6c11, 0x6c32, 0x6c32, 0x6c32, 0x63f1, 0x63d0,
    0x7473, 0x7494, 0x74b5, 0x7cd5, 0x7cd6, 0x7cd6, 0x7cd5, 0x7c94, 0x7473, 0x7c73, 0x7cb4, 0x84f5,
    0x9556, 0x9d97, 0xa5b8, 0xa5b8, 0xa5b8, 0xa5b8, 0xa5b7, 0xa597, 0xa575, 0x9d34, 0x94f3, 0x8cd2,
    0x8cb1, 0x8cb1, 0x8490, 0x8490, 0x8470, 0x8450, 0x7c30, 0x7c0f, 0x73ef, 0x7bef, 0x7c0f, 0x8430,
    0x8470, 0x8c91, 0x8c91, 0x8c91, 0x8c71, 0x8470, 0x8c71, 0x8c91, 0x94d2, 0x9d13, 0xa554, 0xa596,
    0xadb7, 0xadb7, 0xadd7, 0xadb8, 0xadb8, 0xadb8, 0xad98, 0xa577, 0x9d15, 0x8c93, 0x7c10, 0x6b6c,
    0x5ae9, 0x5287, 0x5267, 0x5287, 0x5aa7, 0x5ae8, 0x6308, 0x6b29, 0x7349, 0x7389, 0x7bca, 0x8c0b,
    0x944d, 0x9cb0, 0xa512, 0xad75, 0xb5b7, 0xbdd8, 0xbdf9, 0xbe19, 0xbe19, 0xbe19, 0xbe19, 0xbe19,
    0xbe19, 0xbe19, 0xbe19, 0xbe19, 0xbe19, 0xbe19, 0xbe19, 0xbe19, 0xbe19, 0xbe19, 0xbe19, 0xbe19,
    0xbe19, 0xbe19, 0xbe19, 0xbe19, 0xbe19, 0xbe19, 0xbe19, 0xbe19, 0xbe19, 0xbe19, 0xbe19, 0xbe19,
    0xbe19, 0xbe19, 0xbe19, 0xbe19, 0xbe19, 0xbe19, 0xbe19, 0xbe19, 0xbe19, 0xbe3a, 0xc63a, 0xc65a,
    0xc65a, 0xc65a, 0xc65a, 0xc63a, 0xc63a, 0xc639, 0xc619, 0xbe19, 0xbe19, 0xbe19, 0xbe19, 0xbe19,
    0xbe19, 0xbe19, 0xbe19, 0xbe19, 0xbe19, 0xbe19, 0xbe19, 0xbe19, 0xbe19, 0xbe19, 0xbe19, 0xbe19,
    0xbe19, 0xbe19, 0xbe19, 0xbe19, 0xbe19, 0xbe19, 0xbe19, 0xbe19, 0xbe19, 0xbe19, 0xbe19, 0xbe19,
    0xbe19, 0xbe19, 0xbe19, 0xbe19, 0xbe19, 0xbe19, 0xbe19, 0xbe19, 0xbe19, 0xbdf9, 0xbdd8, 0xb596,
    0xad54, 0xa4f2, 0x9cb0, 0x946e, 0x842d, 0x7bed, 0x6bcc, 0x638d, 0x5b6c, 0x532b, 0x530a, 0x4ac9,
    0x4a87, 0x4a67, 0x4a87, 0x52e9, 0x6b6c, 0x7c30, 0x8cd3, 0x9d56, 0xa597, 0xadb8, 0xadd8, 0xadd8,
    0xadd8, 0xadd8, 0xadd8, 0xadb7, 0xa5b7, 0xa596, 0xa596, 0xa596, 0xa596, 0xa596, 0xa597, 0xa5b7,
    0xa5b7, 0xa597, 0xa597, 0xa596, 0x9d76, 0x9d55, 0x9d14, 0x9513, 0x94f3, 0x9513, 0x9d34, 0x9d55,
    0x9d75, 0xa596, 0xa596, 0xa597, 0xa5b7, 0xa5b8, 0xa5b8, 0xa5b8, 0xa5b8, 0xa5d9, 0xa5b8, 0x9d98,
    0x8d36, 0x7cb4, 0x6c32, 0x63d0, 0x5b8e, 0x5b8e, 0x63af, 0x63f0, 0x63f1, 0x63d0, 0x5b8f, 0x534d,
    0x6c12, 0x6c32, 0x7473, 0x74b5, 0x7cd5, 0x7cd5, 0x7c94, 0x7473, 0x7432, 0x7432, 0x7473, 0x84b4,
    0x8d15, 0x9557, 0x9d77, 0x9d77, 0x9d77, 0x9d76, 0x9d56, 0x9d35, 0x9514, 0x94d2, 0x8c90, 0x846f,
    0x844f, 0x7c4f, 0x844f, 0x844f, 0x844f, 0x8470, 0x8450, 0x8450, 0x7c30, 0x8450, 0x8470, 0x8c91,
    0x8cb2, 0x94d3, 0x94f3, 0x94d3, 0x94d2, 0x94d2, 0x94d2, 0x94f3, 0x9d13, 0x9d34, 0xa554, 0xa575,
    0xa596, 0xa596, 0xa5b7, 0xa5b7, 0xadb7, 0xadb8, 0xa597, 0xa577, 0x9d15, 0x8c92, 0x7bef, 0x634c,
    0x52e9, 0x5287, 0x5267, 0x5287, 0x5aa7, 0x5ae8, 0x6308, 0x6b29, 0x7349, 0x738a, 0x83ca, 0x8c0c,
    0x946d, 0x9cd0, 0xa512, 0xad75, 0xb5b7, 0xbdf8, 0xbdf9, 0xbe19, 0xc619, 0xc619, 0xc619, 0xc619,
    0xc619, 0xc619, 0xc619, 0xc619, 0xbe19, 0xbe19, 0xbe19, 0xbe19, 0xbe19, 0xbe19, 0xbe19, 0xbe19,
    0xbe19, 0xbe19, 0xbe19, 0xbe19, 0xc619, 0xbe19, 0xbe19, 0xbe19, 0xbe19, 0xbe19, 0xbe19, 0xbe19,
    0xbe19, 0xbe19, 0xbe19, 0xbe19, 0xbe19, 0xbe19, 0xbe19, 0xbe19, 0xbe3a, 0xbe3a, 0xbe3a, 0xc65a,
    0xc65a, 0xce5a, 0xce5a, 0xc65a, 0xc63a, 0xc63a, 0xc639, 0xc619, 0xc619, 0xbe19, 0xbe19, 0xbe19,
    0xbe19, 0xbe19, 0xbe19, 0xbe19, 0xbe19, 0xbe19, 0xbe19, 0xbe19, 0xbe19, 0xbe19, 0xbe19, 0xbe19,
    0xbe19, 0xbe19, 0xbe19, 0xbe19, 0xbe19, 0xbe19, 0xbe19, 0xbe19, 0xbe19, 0xbe19, 0xbe19, 0xbe19,
    0xbe19, 0xbe19, 0xbe19, 0xbe19, 0xbe19, 0xbe19, 0xbe19, 0xbe19, 0xbe19, 0xbdf9, 0xbdd8, 0xb596,
    0xad54, 0xa512, 0x9cd0, 0x948e, 0x8c4d, 0x7c0d, 0x6bcd, 0x638d, 0x5b6c, 0x532c, 0x530a, 0x4ac9,
    0x4a87, 0x4a67, 0x4a87, 0x52e9, 0x636c, 0x7c0f, 0x8cb3, 0x9d35, 0xa597, 0xadb7, 0xadd8, 0xadd7,
    0xadd7, 0xadb7, 0xa596, 0xa575, 0x9d75, 0x9d54, 0x9d34, 0x9534, 0x9d34, 0x9d34, 0x9d34, 0x9d34,
    0x9d34, 0x9d34, 0x9534, 0x9514, 0x94f3, 0x8cd2, 0x8c91, 0x8c91, 0x8c90, 0x8c91, 0x8cd2, 0x94f3,
    0x9513, 0x9534, 0x9534, 0x9d55, 0x9d76, 0x9d77, 0x9d97, 0x9d98, 0x9d98, 0x9db8, 0x9d98, 0x9577,
    0x8d16, 0x7c93, 0x6bf1, 0x5b6e, 0x532d, 0x5b4d, 0x5b6e, 0x63af, 0x63af, 0x5b6e, 0x532d, 0x4aeb,
    0x63af, 0x63f1, 0x6c32, 0x7474, 0x74b4, 0x7cb4, 0x7473, 0x7432, 0x6c11, 0x6bf0, 0x7431, 0x7c73,
    0x8cd4, 0x9536, 0x9536, 0x9535, 0x9515, 0x9515, 0x9514, 0x94f3, 0x8cb2, 0x8470, 0x842e, 0x7bed,
    0x73ed, 0x73ec, 0x73ed, 0x7c0d, 0x7c0e, 0x7c2e, 0x7c2f, 0x842f, 0x8430, 0x8450, 0x8471, 0x8c92,
    0x8cd2, 0x94f3, 0x94f3, 0x94f3, 0x94f3, 0x94d3, 0x94f3, 0x94f3, 0x9cf3, 0x9d13, 0x9d13, 0x9d33,
    0x9d33, 0x9d54, 0x9d75, 0xa575, 0xa596, 0xa597, 0xa597, 0xa576, 0x9d15, 0x8c92, 0x73ef, 0x634b,
    0x52c9, 0x5287, 0x5287, 0x5287, 0x5ac7, 0x62e8, 0x6308, 0x6b29, 0x7349, 0x7b8a, 0x83cb, 0x8c0c,
    0x946e, 0x9cd0, 0xa533, 0xb575, 0xb5b7, 0xbdf8, 0xbe19, 0xc619, 0xc619, 0xc619, 0xc619, 0xc619,
    0xc619, 0xc619, 0xc619, 0xc619, 0xc619, 0xc619, 0xc619, 0xc619, 0xc619, 0xc619, 0xc619, 0xc619,
    0xc619, 0xc619, 0xc619, 0xc619, 0xc619, 0xc619, 0xc619, 0xc619, 0xc619, 0xc619, 0xc619, 0xbe19,
    0xbe19, 0xbe19, 0xbe19, 0xbe19, 0xbe19, 0xbe19, 0xbe19, 0xb619, 0xb61a, 0xbe3a, 0xbe3a, 0xc65a,
    0xc67a, 0xce7a, 0xce7a, 0xce7a, 0xce5a, 0xc63a, 0xc63a, 0xc639, 0xc639, 0xc619, 0xc619, 0xc619,
    0xc619, 0xc619, 0xc619, 0xc619, 0xc619, 0xc619, 0xc619, 0xc619, 0xc619, 0xc619, 0xc619, 0xc619,
    0xc619, 0xc619, 0xc619, 0xc619, 0xc619, 0xc619, 0xc619, 0xc619, 0xc619, 0xc619, 0xc619, 0xc619,
    0xc619, 0xc619, 0xc619, 0xc619, 0xc619, 0xc619, 0xc619, 0xc619, 0xbe19, 0xbdf9, 0xbdd8, 0xb596,
    0xad54, 0xa512, 0x9cd0, 0x948e, 0x8c4d, 0x7c0d, 0x73cd, 0x63ad, 0x5b6d, 0x534c, 0x4b0a, 0x4ac9,
    0x4a88, 0x4a67, 0x4a87, 0x52e8, 0x636b, 0x7c0f, 0x8cb2, 0x9d34, 0xa575, 0xa596, 0xa596, 0xa596,
    0xa575, 0x9d54, 0x9d34, 0x9513, 0x94f2, 0x8cd1, 0x8cb1, 0x8cb1, 0x8cb1, 0x8cb1, 0x8cb1, 0x8cb1,
    0x8cd2, 0x8cd2, 0x8cb2, 0x8cb2, 0x8c91, 0x8470, 0x842f, 0x840e, 0x840e, 0x842f, 0x8470, 0x8491,
    0x8cb1, 0x8cd2, 0x8cf3, 0x8d13, 0x9535, 0x9556, 0x9576, 0x9d77, 0x9d97, 0x9d97, 0x9d97, 0x9557,
    0x84f5, 0x7473, 0x63d0, 0x5b4d, 0x52ec, 0x530c, 0x532d, 0x5b6d, 0x5b6e, 0x532d, 0x4acb, 0x4289,
    0x5b4d, 0x5b8f, 0x63f1, 0x6c53, 0x7474, 0x7474, 0x7453, 0x6c11, 0x63d0, 0x63af, 0x6bf0, 0x7c52,
    0x84b3, 0x8cf4, 0x8cf5, 0x8cf4, 0x8cd3, 0x8cb3, 0x8cb3, 0x8c92, 0x8470, 0x842f, 0x7bcd, 0x73ac,
    0x738b, 0x738b, 0x73ab, 0x73ab, 0x73cc, 0x7bcd, 0x7bed, 0x7c0e, 0x7c0e, 0x842f, 0x8450, 0x8471,
    0x8c91, 0x8cb2, 0x8cd2, 0x8cd2, 0x8cb2, 0x8cb1, 0x8cb1, 0x94b1, 0x94b1, 0x94b1, 0x8cb1, 0x8cb1,
    0x94d1, 0x94d1, 0x94f2, 0x9d33, 0x9d54, 0xa576, 0xa576, 0xa576, 0x9d14, 0x8c92, 0x73ee, 0x634b,
    0x52c8, 0x5287, 0x5286, 0x52a7, 0x5ac7, 0x62e8, 0x6308, 0x6b29, 0x7369, 0x7b8a, 0x83cb, 0x8c2c,
    0x946e, 0x9cd0, 0xad33, 0xb575, 0xbdd7, 0xbdf8, 0xc619, 0xc619, 0xc619, 0xc619, 0xc619, 0xc619,
    0xc619, 0xc619, 0xc619, 0xc619, 0xc619, 0xc619, 0xc619, 0xc619, 0xc619, 0xc619, 0xc619, 0xc619,
    0xc619, 0xc619, 0xc619, 0xc619, 0xc619, 0xc619, 0xc619, 0xc619, 0xc619, 0xc619, 0xc619, 0xc619,
    0xc619, 0xc619, 0xbe19, 0xbe19, 0xbe19, 0xb619, 0xb619, 0xb61a, 0xb61a, 0xb63a, 0xbe3a, 0xbe5a,
    0xc67a, 0xce7a, 0xce7a, 0xce7a, 0xce7a, 0xce5a, 0xc63a, 0xc639, 0xc639, 0xc639, 0xc619, 0xc619,
    0xc619, 0xc619, 0xc619, 0xc619, 0xc619, 0xc619, 0xc619, 0xc619, 0xc619, 0xc619, 0xc619, 0xc619,
    0xc619, 0xc619, 0xc619, 0xc619, 0xc619, 0xc619, 0xc619, 0xc619, 0xc619, 0xc619, 0xc619, 0xc619,
    0xc619, 0xc619, 0xc619, 0xc619, 0xc619, 0xc619, 0xc619, 0xc619, 0xc619, 0xbdf9, 0xbdd8, 0xb596,
    0xad54, 0xa512, 0xa4d0, 0x9c8e, 0x8c6d, 0x842d, 0x73ed, 0x63ad, 0x5b6d, 0x534c, 0x4b0b, 0x4ac9,
    0x4a88, 0x4a87, 0x4a87, 0x52e8, 0x636b, 0x7c0e, 0x8c91, 0x94f3, 0x9d33, 0x9d54, 0x9d33, 0x9513,
    0x94f2, 0x8cd1, 0x8cb1, 0x8490, 0x846f, 0x844e, 0x7c2e, 0x7c2e, 0x7c2e, 0x7c2e, 0x7c2e, 0x842e,
    0x844f, 0x844f, 0x844f, 0x842f, 0x842f, 0x7c0e, 0x7bcd, 0x7bcc, 0x7bcc, 0x7bed, 0x7c2e, 0x844f,
    0x8470, 0x8490, 0x84b1, 0x84d2, 0x8cf4, 0x9535, 0x9556, 0x9556, 0x9d77, 0x9d77, 0x9d77, 0x9557,
    0x84d5, 0x7452, 0x63af, 0x530c, 0x4acb, 0x4aca, 0x52eb, 0x532c, 0x532c, 0x52eb, 0x4aaa, 0x4248,
    0x530c, 0x5b4d, 0x63af, 0x6c11, 0x6c53, 0x7453, 0x6c11, 0x63d0, 0x638f, 0x636e, 0x6baf, 0x7411,
    0x8493, 0x8cd3, 0x8cb3, 0x8493, 0x8472, 0x8472, 0x8471, 0x8451, 0x842f, 0x7bcd, 0x73ac, 0x736b,
    0x6b6a, 0x6b6a, 0x6b6a, 0x736a, 0x738b, 0x738b, 0x73ac, 0x7bcd, 0x7bcd, 0x7bee, 0x7c0e, 0x842f,
    0x8450, 0x8470, 0x8c71, 0x8470, 0x8450, 0x8450, 0x844f, 0x844f, 0x8c4f, 0x844f, 0x844e, 0x844e,
    0x844e, 0x846f, 0x8c90, 0x8cb1, 0x94f2, 0x9d34, 0x9d55, 0x9d55, 0x94f4, 0x8c91, 0x73ee, 0x634b,
    0x5ac8, 0x5287, 0x5286, 0x52a7, 0x5ac7, 0x62e8, 0x6309, 0x6b49, 0x736a, 0x7baa, 0x83eb, 0x8c2c,
    0x9c8e, 0xa4d0, 0xad33, 0xb595, 0xbdd7, 0xbdf8, 0xc619, 0xc619, 0xc639, 0xc639, 0xc619, 0xc619,
    0xc619, 0xc619, 0xc619, 0xc639, 0xc619, 0xc619, 0xc619, 0xc619, 0xc619, 0xc619, 0xc619, 0xc619,
    0xc619, 0xc619, 0xc619, 0xc619, 0xc619, 0xc619, 0xc619, 0xc619, 0xc619, 0xc619, 0xc619, 0xc619,
    0xc619, 0xc619, 0xbe19, 0xbe19, 0xbe19, 0xb619, 0xb61a, 0xae1a, 0xae1a, 0xae1a, 0xb63a, 0xbe5a,
    0xc67a, 0xce7a, 0xce7a, 0xce7a, 0xce7a, 0xce7a, 0xce5a, 0xc65a, 0xc639, 0xc639, 0xc639, 0xc639,
    0xc619, 0xc619, 0xc619, 0xc619, 0xc619, 0xc619, 0xc619, 0xc619, 0xc619, 0xc619, 0xc619, 0xc619,
    0xc619, 0xc619, 0xc619, 0xc619, 0xc619, 0xc619, 0xc619, 0xc619, 0xc619, 0xc639, 0xc639, 0xc639,
    0xc639, 0xc639, 0xc639, 0xc619, 0xc619, 0xc619, 0xc619, 0xc619, 0xc619, 0xbdf9, 0xbdd8, 0xb596,
    0xad74, 0xad32, 0xa4f0, 0x9cae, 0x946d, 0x842d, 0x73ed, 0x63ad, 0x5b8d, 0x534c, 0x530b, 0x4ac9,
    0x4aa8, 0x4a87, 0x4aa7, 0x5ae8, 0x6b6a, 0x7bed, 0x846f, 0x94b0, 0x94d1, 0x94d1, 0x8cb0, 0x8c90,
    0x846f, 0x7c4e, 0x7c2d, 0x7c0d, 0x73ec, 0x73cc, 0x73cc, 0x73cb, 0x73ab, 0x73cb, 0x73cc, 0x7bcc,
    0x7bed, 0x7bed, 0x7bed, 0x7bed, 0x7bcd, 0x7bac, 0x7bac, 0x7b8b, 0x738b, 0x7bac, 0x7bed, 0x7c0e,
    0x7c2f, 0x7c50, 0x7c70, 0x84b2, 0x8cd3, 0x8d14, 0x9535, 0x9536, 0x9556, 0x9d77, 0x9d77, 0x9536,
    0x84d4, 0x7432, 0x638e, 0x52eb, 0x4a8a, 0x4a89, 0x4aca, 0x52eb, 0x52eb, 0x4aca, 0x4269, 0x3a27,
    0x4aca, 0x530c, 0x5b6e, 0x63d0, 0x6c11, 0x6c11, 0x63d0, 0x638f, 0x5b4d, 0x5b4d, 0x638e, 0x73f0,
    0x7c52, 0x8492, 0x8472, 0x8451, 0x7c30, 0x7c30, 0x7c30, 0x7c0f, 0x7bce, 0x73ac, 0x736b, 0x6b4a,
    0x6b29, 0x6b29, 0x6b29, 0x6b4a, 0x6b4a, 0x736b, 0x736b, 0x738c, 0x73ac, 0x73ac, 0x73ad, 0x7bcd,
    0x7bee, 0x7c0e, 0x840f, 0x840e, 0x7c0e, 0x7bed, 0x7bed, 0x83ed, 0x83ed, 0x7bed, 0x7bec, 0x7bcc,
    0x7bec, 0x7c0d, 0x842d, 0x844e, 0x8c90, 0x94d2, 0x9d13, 0x9d34, 0x94f3, 0x8c71, 0x7bee, 0x634b,
    0x5ae8, 0x52a7, 0x5286, 0x52a7, 0x5ac7, 0x62e8, 0x6309, 0x6b49, 0x736a, 0x7baa, 0x83eb, 0x8c2d,
    0x9c8e, 0xa4f1, 0xad33, 0xb595, 0xbdd7, 0xc5f8, 0xc619, 0xc639, 0xc639, 0xc639, 0xc639, 0xc639,
    0xc639, 0xc639, 0xc639, 0xc639, 0xc639, 0xc639, 0xc639, 0xc639, 0xc639, 0xc639, 0xc639, 0xc639,
    0xc639, 0xc639, 0xc639, 0xc639, 0xc639, 0xc639, 0xc639, 0xc639, 0xc639, 0xc639, 0xc639, 0xc639,
    0xc639, 0xc619, 0xbe19, 0xbe19, 0xb619, 0xb61a, 0xadfa, 0xadfa, 0xae1a, 0xae1a, 0xb63a, 0xbe5a,
    0xbe5a, 0xc67a, 0xce9a, 0xce9b, 0xce9a, 0xce7a, 0xce7a, 0xce5a, 0xc65a, 0xc639, 0xc639, 0xc639,
    0xc639, 0xc639, 0xc639, 0xc639, 0xc639, 0xc639, 0xc639, 0xc639, 0xc639, 0xc639, 0xc639, 0xc639,
    0xc639, 0xc639, 0xc639, 0xc639, 0xc639, 0xc639, 0xc639, 0xc639, 0xc639, 0xc639, 0xc639, 0xc639,
    0xc639, 0xc639, 0xc639, 0xc639, 0xc639, 0xc639, 0xc639, 0xc639, 0xc619, 0xc619, 0xbdd8, 0xbdb6,
    0xb574, 0xad32, 0xa4f0, 0x9caf, 0x946e, 0x842d, 0x73ed, 0x6bcd, 0x5b8d, 0x534c, 0x530b, 0x4aea,
    0x4aa8, 0x4a87, 0x52a7, 0x5ae8, 0x6b6a, 0x7bcc, 0x842e, 0x8c6e, 0x8c6f, 0x846e, 0x844e, 0x7c2d,
    0x7c0c, 0x73cc, 0x73cb, 0x73ab, 0x738b, 0x738a, 0x6b6a, 0x6b6a, 0x6b6a, 0x736a, 0x738a, 0x73ab,
    0x73ab, 0x7bac, 0x7bcc, 0x73ac, 0x73ac, 0x738b, 0x736b, 0x736a, 0x736a, 0x738b, 0x73ac, 0x73ed,
    0x740e, 0x742f, 0x7c50, 0x8491, 0x84d3, 0x8cf4, 0x8d15, 0x9535, 0x9535, 0x9536, 0x9556, 0x9516,
    0x84b4, 0x7411, 0x5b6e, 0x4aca, 0x4269, 0x4268, 0x4289, 0x4aaa, 0x4aca, 0x4a8a, 0x4248, 0x3a07,
    0x4aaa, 0x52eb, 0x534d, 0x5baf, 0x63d0, 0x63d0, 0x63af, 0x5b6d, 0x5b2c, 0x5b2c, 0x636d, 0x6bcf,
    0x7c31, 0x7c51, 0x7c31, 0x7c10, 0x73cf, 0x73cf, 0x73ce, 0x73ce, 0x738d, 0x6b6b, 0x6b2a, 0x6b09,
    0x6b09, 0x6b09, 0x6b09, 0x6b09, 0x6b29, 0x6b2a, 0x6b4a, 0x734b, 0x736b, 0x736b, 0x736b, 0x738c,
    0x73ac, 0x7bcd, 0x7bcd, 0x7bcd, 0x7bad, 0x7bac, 0x7bac, 0x7bac, 0x7bab, 0x7bab, 0x7bab, 0x7bab,
    0x7bab, 0x7bab, 0x7bcc, 0x7c0d, 0x842e, 0x8c90, 0x94d2, 0x94f3, 0x94d3, 0x8471, 0x7bee, 0x6b4b,
    0x5ae9, 0x52a7, 0x5286, 0x52a7, 0x5ac7, 0x62e8, 0x6309, 0x6b49, 0x738a, 0x7bab, 0x83ec, 0x8c4d,
    0x9c8f, 0xa4f1, 0xad53, 0xb595, 0xbdd7, 0xc618, 0xc639, 0xce39, 0xce39, 0xce39, 0xce39, 0xce39,
    0xce39, 0xce39, 0xce39, 0xce39, 0xce39, 0xce39, 0xce39, 0xce39, 0xce39, 0xce39, 0xce39, 0xce39,
    0xce39, 0xce39, 0xce39, 0xce39, 0xce39, 0xce39, 0xce39, 0xce39, 0xc639, 0xc639, 0xc639, 0xc639,
    0xc639, 0xc639, 0xbe19, 0xb619, 0xb61a, 0xadfa, 0xadfa, 0xa5fa, 0xa5fa, 0xae1a, 0xae3a, 0xb63a,
    0xbe5a, 0xc67a, 0xce9a, 0xce9b, 0xce9a, 0xce9a, 0xce7a, 0xce7a, 0xce5a, 0xce5a, 0xce39, 0xce39,
    0xce39, 0xc639, 0xc639, 0xc639, 0xce39, 0xce39, 0xce39, 0xce39, 0xce39, 0xce39, 0xce39, 0xce39,
    0xce39, 0xce39, 0xce39, 0xce39, 0xce39, 0xce39, 0xce39, 0xce39, 0xce39, 0xce39, 0xce39, 0xce39,
    0xce39, 0xce39, 0xce39, 0xce39, 0xce39, 0xce39, 0xce39, 0xce39, 0xc639, 0xc619, 0xbdf8, 0xbdb6,
    0xb574, 0xad32, 0xa4f0, 0x9caf, 0x946e, 0x842d, 0x740d, 0x6bcd, 0x5b8d, 0x536c, 0x532b, 0x4aea,
    0x4aa8, 0x4aa7, 0x52a7, 0x5ae8, 0x6b4a, 0x73cb, 0x840c, 0x842d, 0x840d, 0x7c0c, 0x7bec, 0x73cb,
    0x73ab, 0x6b8a, 0x6b6a, 0x6b6a, 0x6b6a, 0x6b6a, 0x6b49, 0x6b49, 0x6b49, 0x6b49, 0x736a, 0x738a,
    0x73ab, 0x73ac, 0x73ac, 0x738b, 0x736b, 0x6b4a, 0x6b2a, 0x6b29, 0x6b29, 0x6b4a, 0x6b8b, 0x6bad,
    0x6bee, 0x740e, 0x742f, 0x7c71, 0x84b2, 0x8cd3, 0x8cf4, 0x8cf4, 0x8d15, 0x9515, 0x9535, 0x8cf5,
    0x8493, 0x6bf0, 0x5b4d, 0x4aaa, 0x4248, 0x4228, 0x4268, 0x4289, 0x428a, 0x4269, 0x3a27, 0x39e6,
    0x4269, 0x4aaa, 0x530c, 0x5b6e, 0x5b8e, 0x5b8e, 0x5b6e, 0x532c, 0x530c, 0x530c, 0x634d, 0x6baf,
    0x7410, 0x7c31, 0x7410, 0x73ae, 0x6b8d, 0x6b6d, 0x6b8d, 0x6b6d, 0x6b4c, 0x630a, 0x62e9, 0x62c9,
    0x62c8, 0x62c8, 0x62c8, 0x62e9, 0x62e9, 0x6309, 0x6b09, 0x6b0a, 0x6b2a, 0x6b2a, 0x6b2a, 0x6b4a,
    0x6b6b, 0x736b, 0x738c, 0x738c, 0x738c, 0x738b, 0x738b, 0x738b, 0x736b, 0x738b, 0x738b, 0x738b,
    0x738b, 0x738b, 0x73ab, 0x7bcc, 0x7c0d, 0x844f, 0x8c91, 0x8cd2, 0x8cd2, 0x8470, 0x7bee, 0x6b6b,
    0x5ae9, 0x52a7, 0x5287, 0x52a7, 0x5ac7, 0x62e8, 0x6329, 0x6b4a, 0x738a, 0x7bcb, 0x840c, 0x8c4d,
    0x9c8f, 0xa4f1, 0xad53, 0xb595, 0xbdd7, 0xc618, 0xce39, 0xce39, 0xce39, 0xce39, 0xce39, 0xce39,
    0xce39, 0xce39, 0xce39, 0xce39, 0xce39, 0xce39, 0xce39, 0xce39, 0xce39, 0xce39, 0xce39, 0xce39,
    0xce39, 0xce39, 0xce39, 0xce39, 0xce39, 0xce39, 0xce39, 0xce39, 0xce39, 0xce39, 0xce39, 0xc639,
    0xc639, 0xbe39, 0xbe19, 0xb619, 0xae1a, 0xadfa, 0xa5fa, 0xa5fa, 0xa5fa, 0xa61a, 0xae1a, 0xb63a,
    0xbe5a, 0xc67a, 0xc67a, 0xce9b, 0xce9a, 0xce9a, 0xce9a, 0xce7a, 0xce7a, 0xce5a, 0xce5a, 0xce59,
    0xce39, 0xce39, 0xce39, 0xce39, 0xce39, 0xce39, 0xce39, 0xce39, 0xce39, 0xce39, 0xce39, 0xce39,
    0xce39, 0xce39, 0xce39, 0xce39, 0xce39, 0xce39, 0xce39, 0xce39, 0xce39, 0xce39, 0xce39, 0xce59,
    0xce59, 0xce39, 0xce39, 0xce39, 0xce39, 0xce39, 0xce39, 0xce39, 0xce39, 0xc619, 0xc5f8, 0xbdb6,
    0xb574, 0xad32, 0xa4f0, 0x9caf, 0x946d, 0x842d, 0x740d, 0x6bcd, 0x5b8d, 0x5b6c, 0x532b, 0x52ea,
    0x4ac9, 0x4aa8, 0x52a7, 0x5ae8, 0x6b49, 0x73aa, 0x7bcb, 0x7bec, 0x7beb, 0x7bcb, 0x73ab, 0x738a,
    0x738a, 0x6b6a, 0x6b6a, 0x6b6a, 0x6b4a, 0x6b4a, 0x6b49, 0x6b29, 0x6b29, 0x6b29, 0x6b4a, 0x736a,
    0x73ab, 0x73ac, 0x738c, 0x6b6b, 0x6b4a, 0x6309, 0x62e9, 0x62e8, 0x62e9, 0x6309, 0x634b, 0x6b8c,
    0x6bad, 0x6bce, 0x740f, 0x7c30, 0x8471, 0x84b3, 0x84d3, 0x84d4, 0x8cd4, 0x8cf4, 0x8cf5, 0x8cd4,
    0x7c72, 0x6bd0, 0x5b2c, 0x4a89, 0x4227, 0x3a07, 0x3a48, 0x4269, 0x4269, 0x4248, 0x3a07, 0x31c6,
    0x4248, 0x4a89, 0x4acb, 0x530c, 0x534d, 0x534d, 0x532c, 0x52eb, 0x52eb, 0x52eb, 0x5b4d, 0x6baf,
    0x7410, 0x7410, 0x73cf, 0x6b6d, 0x634c, 0x632c, 0x632c, 0x632b, 0x5b0a, 0x5ac9, 0x5aa8, 0x5a88,
    0x5a87, 0x5a87, 0x5a88, 0x5aa8, 0x5aa8, 0x5ac8, 0x62c9, 0x62c9, 0x62e9, 0x62e9, 0x62e9, 0x62e9,
    0x630a, 0x6b4a, 0x6b6b, 0x6b6b, 0x738c, 0x736b, 0x736b, 0x736b, 0x736a, 0x736a, 0x736b, 0x738b,
    0x738b, 0x738b, 0x73ab, 0x73ac, 0x7bed, 0x842e, 0x8c90, 0x8cb2, 0x8cb2, 0x8470, 0x7bee, 0x6b6b,
    0x5ae9, 0x52a7, 0x52a7, 0x52a7, 0x5ac8, 0x6309, 0x6b29, 0x6b6a, 0x738b, 0x7bcb, 0x840c, 0x944d,
    0x9caf, 0xa4f1, 0xad53, 0xbd95, 0xc5f7, 0xc618, 0xce39, 0xce39, 0xce59, 0xce59, 0xce59, 0xce59,
    0xce59, 0xce59, 0xce59, 0xce59, 0xce59, 0xce59, 0xce59, 0xce59, 0xce59, 0xce59, 0xce59, 0xce59,
    0xce59, 0xce59, 0xce59, 0xce59, 0xce59, 0xce59, 0xce39, 0xce39, 0xce39, 0xce39, 0xce39, 0xc639,
    0xc639, 0xbe39, 0xbe19, 0xb61a, 0xae1a, 0xa5fa, 0xa5fa, 0xa5fa, 0xa5fa, 0xa61a, 0xae1a, 0xb63a,
    0xb65a, 0xbe5a, 0xc67a, 0xce9a, 0xce9a, 0xce9a, 0xce9a, 0xce9a, 0xce9a, 0xce7a, 0xce7a, 0xce5a,
    0xce59, 0xce59, 0xce39, 0xce39, 0xce39, 0xce39, 0xce59, 0xce59, 0xce59, 0xce59, 0xce59, 0xce59,
    0xce59, 0xce59, 0xce59, 0xce39, 0xce39, 0xce39, 0xce39, 0xce39, 0xce59, 0xce59, 0xce59, 0xce59,
    0xce59, 0xce59, 0xce59, 0xce59, 0xce59, 0xce59, 0xce59, 0xce39, 0xce39, 0xc639, 0xc5f8, 0xbdd6,
    0xb595, 0xad53, 0xa4f1, 0x9ccf, 0x948e, 0x844d, 0x7c0d, 0x6bcd, 0x63ad, 0x5b6c, 0x534c, 0x530a,
    0x4ae9, 0x52c8, 0x52c8, 0x5ae8, 0x6b49, 0x738a, 0x7bcb, 0x7bcb, 0x7bcb, 0x7bab, 0x73ab, 0x738b,
    0x738b, 0x738b, 0x736b, 0x736b, 0x6b6a, 0x6b4a, 0x6b2a, 0x6309, 0x6309, 0x6309, 0x6b4a, 0x736b,
    0x73ac, 0x73ac, 0x738c, 0x6b4b, 0x630a, 0x5ac8, 0x5aa8, 0x5aa7, 0x5aa8, 0x5ac9, 0x5b0a, 0x634b,
    0x636c, 0x6bad, 0x6bce, 0x740f, 0x7c51, 0x7c72, 0x8493, 0x8493, 0x8493, 0x84b3, 0x8cd4, 0x84b3,
    0x7c72, 0x6bcf, 0x5b0b, 0x4a68, 0x3a07, 0x3a06, 0x3a27, 0x3a48, 0x3a48, 0x3a28, 0x39e6, 0x31a5,
    0x3a27, 0x4268, 0x4aaa, 0x4acb, 0x4aeb, 0x4aeb, 0x4aeb, 0x4aca, 0x4aaa, 0x52eb, 0x5b2c, 0x6bae,
    0x73f0, 0x73ef, 0x6bae, 0x634c, 0x5b0b, 0x5aea, 0x52ea, 0x52ca, 0x52a9, 0x5288, 0x5267, 0x5247,
    0x5247, 0x5247, 0x5267, 0x5267, 0x5267, 0x5287, 0x5288, 0x5288, 0x5288, 0x5288, 0x52a8, 0x5aa8,
    0x5ae9, 0x630a, 0x634b, 0x6b6b, 0x6b6c, 0x6b6c, 0x6b6b, 0x6b6b, 0x6b6b, 0x6b6b, 0x736b, 0x738c,
    0x73ac, 0x73ac, 0x73ac, 0x7bcd, 0x7c0d, 0x844f, 0x8c91, 0x8cd2, 0x8cb2, 0x8470, 0x7bee, 0x6b6b,
    0x5b09, 0x52a7, 0x52a7, 0x5ac7, 0x5ae8, 0x6329, 0x6b4a, 0x738b, 0x7bab, 0x83ec, 0x8c2d, 0x946e,
    0x9caf, 0xa511, 0xb573, 0xbdb6, 0xc5f7, 0xc618, 0xce39, 0xce59, 0xce59, 0xce59, 0xce59, 0xce59,
    0xce59, 0xce59, 0xce59, 0xce59, 0xce59, 0xce59, 0xce59, 0xce59, 0xce59, 0xce59, 0xce59, 0xce59,
    0xce59, 0xce59, 0xce59, 0xce59, 0xce59, 0xce59, 0xce59, 0xce39, 0xce39, 0xce39, 0xc639, 0xc639,
    0xc639, 0xbe39, 0xb619, 0xae1a, 0xadfa, 0xa5fa, 0xa5fa, 0xa5fa, 0xa5fa, 0xa5fa, 0xae1a, 0xae3a,
    0xb63a, 0xbe5a, 0xc67a, 0xc67a, 0xce9a, 0xce9a, 0xce9a, 0xce9a, 0xce9a, 0xce7a, 0xce7a, 0xce7a,
    0xce5a, 0xce59, 0xce59, 0xce59, 0xce59, 0xce59, 0xce59, 0xce59, 0xce59, 0xce59, 0xce59, 0xce59,
    0xce59, 0xce59, 0xce59, 0xce59, 0xce59, 0xce59, 0xce59, 0xce59, 0xce59, 0xce59, 0xce59, 0xce59,
    0xce59, 0xce59, 0xce59, 0xce59, 0xce59, 0xce59, 0xce59, 0xce59, 0xce39, 0xce39, 0xc618, 0xbdd7,
    0xb595, 0xad53, 0xad11, 0x9ccf, 0x948e, 0x8c4d, 0x7c2d, 0x73ed, 0x63cd, 0x5b8d, 0x5b6c, 0x532b,
    0x52ea, 0x52c8, 0x52c8, 0x5b08, 0x6b49, 0x738a, 0x7bcb, 0x7bcc, 0x7bcc, 0x7bcc, 0x73cc, 0x73ac,
    0x73ac, 0x73ac, 0x73ac, 0x73ac, 0x738b, 0x6b6b, 0x6b2a, 0x6309, 0x62e9, 0x62e9, 0x6309, 0x6b6b,
    0x73ac, 0x73ad, 0x6b8c, 0x634b, 0x5ae9, 0x52a8, 0x5267, 0x4a67, 0x4a67, 0x5288, 0x52c9, 0x5b0a,
    0x634c, 0x636d, 0x6b8d, 0x6bce, 0x7410, 0x7c31, 0x7c52, 0x7c72, 0x7c72, 0x8492, 0x84b3, 0x8493,
    0x7c51, 0x6bae, 0x530b, 0x4a68, 0x3a06, 0x39e6, 0x3a07, 0x3a27, 0x3a27, 0x3a07, 0x31c6, 0x31a5,
    0x3a07, 0x3a27, 0x4248, 0x4289, 0x4aaa, 0x4aaa, 0x4aa9, 0x4a89, 0x4a89, 0x52ca, 0x5b2c, 0x6b8e,
    0x73cf, 0x73cf, 0x6b8d, 0x632b, 0x52ca, 0x52a9, 0x52a9, 0x4a89, 0x4a68, 0x4a47, 0x4a27, 0x4a26,
    0x4a26, 0x4a26, 0x4a46, 0x4a46, 0x4a47, 0x4a47, 0x4a47, 0x4a47, 0x4a47, 0x4a47, 0x5267, 0x5287,
    0x52a8, 0x5ae9, 0x5b0a, 0x634b, 0x6b6c, 0x6b6c, 0x6b6c, 0x6b4b, 0x6b4b, 0x6b6b, 0x6b8c, 0x73ad,
    0x73cd, 0x73ce, 0x73ee, 0x7c0e, 0x7c2f, 0x8470, 0x8cb2, 0x94d3, 0x8cd2, 0x8471, 0x7bee, 0x6b6c,
    0x5b09, 0x52c8, 0x52c8, 0x5ae8, 0x6329, 0x6b4a, 0x738b, 0x7bcc, 0x840d, 0x842d, 0x8c4e, 0x948f,
    0x9cd0, 0xad32, 0xb574, 0xbdb6, 0xc5f7, 0xc638, 0xce39, 0xce59, 0xce59, 0xce59, 0xce59, 0xce59,
    0xce59, 0xce59, 0xce59, 0xce59, 0xce59, 0xce59, 0xce59, 0xce59, 0xce59, 0xce59, 0xce59, 0xce59,
    0xce59, 0xce59, 0xce59, 0xce59, 0xce59, 0xce59, 0xce59, 0xce39, 0xce39, 0xce39, 0xc639, 0xc639,
    0xbe39, 0xb619, 0xb61a, 0xae1a, 0xadfa, 0xa5fa, 0xa5fa, 0xa5fa, 0xa5fa, 0xa5fa, 0xa61a, 0xae1a,
    0xb63a, 0xbe5a, 0xbe7a, 0xc67a, 0xce9a, 0xce9a, 0xce9b, 0xce9b, 0xce9a, 0xce9a, 0xce9a, 0xce7a,
    0xce7a, 0xce5a, 0xce59, 0xce59, 0xce59, 0xce59, 0xce59, 0xce59, 0xce59, 0xce59, 0xce59, 0xce59,
    0xce59, 0xce59, 0xce59, 0xce59, 0xce59, 0xce59, 0xce59, 0xce59, 0xce59, 0xce59, 0xce59, 0xce59,
    0xce59, 0xce59, 0xce59, 0xce59, 0xce59, 0xce59, 0xce59, 0xce59, 0xce59, 0xce39, 0xc618, 0xbdf7,
    0xbdb5, 0xb573, 0xad32, 0xa4f0, 0x9caf, 0x8c8e, 0x844e, 0x7c2e, 0x6c0e, 0x63ce, 0x5b8d, 0x5b6c,
    0x532b, 0x52e9, 0x52e9, 0x5b09, 0x6b4a, 0x738b, 0x7bcc, 0x7c0d, 0x7c0e, 0x7c0e, 0x7bee, 0x7bee,
    0x73cd, 0x73cd, 0x73cd, 0x73cd, 0x73ad, 0x6b6c, 0x634b, 0x5ae9, 0x5ac9, 0x5ac8, 0x62e9, 0x634b,
    0x6b8c, 0x6bad, 0x6b8c, 0x632b, 0x52c9, 0x4a67, 0x4a46, 0x4a26, 0x4a46, 0x4a67, 0x52a9, 0x5aea,
    0x5b0b, 0x5b4c, 0x634c, 0x638d, 0x6bce, 0x7410, 0x7410, 0x7431, 0x7431, 0x7c51, 0x8472, 0x8472,
    0x7431, 0x6bae, 0x5b0b, 0x4a68, 0x4206, 0x39e6, 0x39e6, 0x3a07, 0x3207, 0x31e6, 0x31a5, 0x2984,
    0x31c6, 0x39e6, 0x3a07, 0x3a48, 0x4248, 0x4268, 0x4268, 0x4268, 0x4a68, 0x52a9, 0x5b0b, 0x6b8d,
    0x73cf, 0x73ce, 0x6b6d, 0x5b0b, 0x52a9, 0x4a88, 0x4a68, 0x4a68, 0x4a47, 0x4227, 0x4206, 0x4206,
    0x4206, 0x4a26, 0x4a26, 0x4a26, 0x4a26, 0x4a26, 0x4a26, 0x4a26, 0x4a26, 0x4a46, 0x4a46, 0x4a67,
    0x5288, 0x52a9, 0x5b0a, 0x634b, 0x636c, 0x636d, 0x636c, 0x634b, 0x634b, 0x634b, 0x6b8c, 0x6bce,
    0x73ef, 0x740f, 0x7c30, 0x7c50, 0x8471, 0x8cb2, 0x8cf3, 0x94f3, 0x94f3, 0x8c91, 0x7c0f, 0x6b8c,
    0x632a, 0x5b09, 0x5b09, 0x632a, 0x6b6b, 0x73ac, 0x7bed, 0x842e, 0x8c4f, 0x8c6f, 0x94b0, 0x9cd0,
    0xa511, 0xad53, 0xb595, 0xbdd6, 0xc618, 0xce38, 0xce39, 0xce59, 0xce59, 0xc659, 0xce59, 0xce59,
    0xce59, 0xce59, 0xce59, 0xce59, 0xce59, 0xce59, 0xce59, 0xce59, 0xce59, 0xce59, 0xce59, 0xce59,
    0xce59, 0xce59, 0xce59, 0xce59, 0xce59, 0xce59, 0xce59, 0xce39, 0xce39, 0xc639, 0xc639, 0xbe39,
    0xbe19, 0xb619, 0xae1a, 0xae1a, 0xa5fa, 0xa5fa, 0xa5fa, 0xa5fa, 0xa5fa, 0xa5fa, 0xa5fa, 0xae1a,
    0xae3a, 0xb65a, 0xbe5a, 0xc67a, 0xce9a, 0xce9a, 0xce9b, 0xce9b, 0xce9b, 0xce9b, 0xce9a, 0xce9a,
    0xce7a, 0xce7a, 0xce5a, 0xce59, 0xce59, 0xce59, 0xce59, 0xce59, 0xce59, 0xce59, 0xce59, 0xce59,
    0xce59, 0xce59, 0xce59, 0xce59, 0xce59, 0xce59, 0xce59, 0xce59, 0xce59, 0xce59, 0xce59, 0xce59,
    0xce59, 0xce59, 0xce59, 0xce59, 0xce59, 0xce59, 0xce59, 0xce59, 0xce59, 0xce39, 0xc638, 0xc5f7,
    0xbdd6, 0xb594, 0xad53, 0xa531, 0x9cf1, 0x94d0, 0x8cb0, 0x8490, 0x7c50, 0x7430, 0x6bef, 0x63ae,
    0x5b6c, 0x5b2b, 0x5b0a, 0x632a, 0x6b6b, 0x73ac, 0x7bee, 0x7c2f, 0x7c2f, 0x7c30, 0x7c2f, 0x7c0f,
    0x740f, 0x73ef, 0x73ef, 0x73ee, 0x73ce, 0x6b8d, 0x634b, 0x5aea, 0x52a9, 0x52a8, 0x5ac9, 0x632a,
    0x6b6c, 0x6b8c, 0x636c, 0x5b2b, 0x52c9, 0x4a67, 0x4a46, 0x4226, 0x4a46, 0x4a47, 0x5288, 0x52c9,
    0x5aea, 0x5b0b, 0x5b2b, 0x634c, 0x638d, 0x6bcf, 0x6bef, 0x73f0, 0x7410, 0x7430, 0x7c51, 0x7c71,
    0x7430, 0x6bae, 0x5b0b, 0x4a89, 0x4227, 0x3a06, 0x39e6, 0x31e6, 0x31e6, 0x31c5, 0x3184, 0x2984,
    0x31a5, 0x31c5, 0x31e6, 0x31e6, 0x3a06, 0x3a06, 0x3a27, 0x4227, 0x4a48, 0x52a9, 0x5b0b, 0x636d,
    0x6bae, 0x6bae, 0x6b6d, 0x5b0b, 0x52a9, 0x4a68, 0x4a68, 0x4a47, 0x4247, 0x4226, 0x4226, 0x4206,
    0x4226, 0x4a26, 0x4a26, 0x4a26, 0x4a26, 0x4a26, 0x4a26, 0x4a26, 0x4a26, 0x4a46, 0x4a46, 0x4a67,
    0x5288, 0x52a9, 0x5aea, 0x5b2b, 0x636c, 0x636c, 0x634c, 0x632b, 0x632b, 0x634b, 0x6b8d, 0x6bce,
    0x7410, 0x7451, 0x7c71, 0x7c92, 0x84b2, 0x8cd3, 0x9514, 0x9534, 0x94f4, 0x8cb2, 0x8430, 0x73cd,
    0x636c, 0x634b, 0x634b, 0x636b, 0x6bad, 0x7c0e, 0x844f, 0x8c90, 0x94d1, 0x9cd1, 0x9cf1, 0xa512,
    0xad33, 0xb574, 0xbdb6, 0xbdf7, 0xc618, 0xc639, 0xce39, 0xc639, 0xc639, 0xc659, 0xc659, 0xc65a,
    0xce5a, 0xce5a, 0xce5a, 0xce59, 0xce59, 0xce59, 0xce59, 0xce59, 0xce59, 0xce59, 0xce59, 0xce59,
    0xce59, 0xce59, 0xce59, 0xce59, 0xce59, 0xce59, 0xce59, 0xce39, 0xc639, 0xc639, 0xbe19, 0xbe19,
    0xb619, 0xadf9, 0xadfa, 0xa5fa, 0xa5fa, 0xa5fa, 0xa5fa, 0xa5fa, 0xa5fa, 0xa5fa, 0xa5fa, 0xa5fa,
    0xae1a, 0xb63a, 0xbe5a, 0xc67a, 0xce9a, 0xce9b, 0xce9b, 0xce9b, 0xce9b, 0xce9b, 0xce9a, 0xce9a,
    0xce9a, 0xce7a, 0xce7a, 0xce5a, 0xce59, 0xce59, 0xce59, 0xce59, 0xce59, 0xce59, 0xce59, 0xce59,
    0xce59, 0xce59, 0xce59, 0xce59, 0xce59, 0xce59, 0xce59, 0xce59, 0xce59, 0xce59, 0xc639, 0xc639,
    0xc659, 0xc659, 0xce59, 0xce59, 0xce59, 0xce59, 0xce59, 0xce59, 0xce59, 0xce59, 0xce39, 0xc618,
    0xbdf7, 0xb5b5, 0xad74, 0xad53, 0xa533, 0x9d33, 0x9d13, 0x94f3, 0x84d3, 0x7c92, 0x7451, 0x6c10,
    0x63ae, 0x636c, 0x5b4b, 0x634b, 0x6b8c, 0x73cd, 0x7c0f, 0x7c50, 0x8471, 0x7c71, 0x7c51, 0x7c30,
    0x7410, 0x740f, 0x740f, 0x740f, 0x73ee, 0x6bad, 0x634c, 0x5aea, 0x52a9, 0x52a8, 0x5ac9, 0x5b0a,
    0x634b, 0x6b6c, 0x634c, 0x5b0a, 0x52c9, 0x4a67, 0x4a47, 0x4a46, 0x4a47, 0x4a67, 0x5288, 0x52a9,
    0x52ca, 0x5aea, 0x5b0a, 0x5b2b, 0x636c, 0x6b8e, 0x6bae, 0x6bcf, 0x6bcf, 0x73f0, 0x7430, 0x7c31,
    0x7410, 0x6bae, 0x5b2b, 0x52a9, 0x4a47, 0x4206, 0x39e6, 0x39c5, 0x31c5, 0x31a5, 0x3184, 0x2964,
    0x3184, 0x31a4, 0x31a4, 0x31c5, 0x31c5, 0x31e5, 0x39e6, 0x3a06, 0x4247, 0x5289, 0x5aea, 0x636c,
    0x6b8d, 0x6bad, 0x6b6c, 0x630b, 0x52c9, 0x5288, 0x4a68, 0x4a67, 0x4a67, 0x4a47, 0x4a47, 0x4a47,
    0x4a47, 0x4a47, 0x4a47, 0x4a47, 0x4a46, 0x4a46, 0x4a46, 0x4a46, 0x4a46, 0x4a46, 0x4a67, 0x5267,
    0x5288, 0x5aa9, 0x5aea, 0x632b, 0x634c, 0x636c, 0x634c, 0x5b2b, 0x5b0b, 0x632b, 0x638d, 0x6bcf,
    0x7430, 0x7c72, 0x7c92, 0x84b3, 0x84d3, 0x8cf4, 0x9515, 0x9d35, 0x9514, 0x94d3, 0x8471, 0x7c0f,
    0x6bad, 0x6bad, 0x6bad, 0x6bcd, 0x740e, 0x8450, 0x8c91, 0x94d2, 0x9d13, 0x9d33, 0xa553, 0xad74,
    0xad74, 0xb5b5, 0xbdd7, 0xc5f7, 0xc638, 0xc639, 0xc639, 0xc639, 0xc639, 0xbe39, 0xbe59, 0xc65a,
    0xc65a, 0xce7a, 0xce7a, 0xce5a, 0xce59, 0xce59, 0xce59, 0xce59, 0xce59, 0xce59, 0xce59, 0xce59,
    0xce59, 0xce59, 0xce59, 0xce59, 0xce59, 0xce59, 0xce59, 0xc639, 0xc639, 0xbe19, 0xb5f9, 0xb5f9,
    0xadf9, 0xa5f9, 0xa5f9, 0xa5fa, 0xa5fa, 0xa5fa, 0xa5fa, 0xa5fa, 0x9dfa, 0x9dd9, 0x9dd9, 0xa5f9,
    0xae1a, 0xb63a, 0xbe5a, 0xc67a, 0xce9a, 0xce9b, 0xce9b, 0xce9b, 0xce9b, 0xce9b, 0xce9b, 0xce9a,
    0xce9a, 0xce9a, 0xce7a, 0xce7a, 0xce7a, 0xce59, 0xce59, 0xce59, 0xce59, 0xce59, 0xce59, 0xce59,
    0xce59, 0xce59, 0xce59, 0xce59, 0xce59, 0xce59, 0xce59, 0xce59, 0xc659, 0xc639, 0xc639, 0xc639,
    0xc639, 0xc659, 0xc659, 0xce59, 0xce59, 0xce59, 0xce59, 0xce59, 0xce59, 0xce59, 0xce39, 0xc638,
    0xc5f7, 0xbdd6, 0xb5b6, 0xad95, 0xad95, 0xa595, 0xa575, 0x9d75, 0x9535, 0x8cf4, 0x84b3, 0x7472,
    0x6c10, 0x6bce, 0x638d, 0x636c, 0x6bad, 0x73ee, 0x7c30, 0x7c71, 0x7c72, 0x7c72, 0x7c51, 0x7431,
    0x7410, 0x740f, 0x73ef, 0x73ef, 0x73ce, 0x6bad, 0x634c, 0x5aea, 0x5ac9, 0x52a8, 0x5ac9, 0x5b0a,
    0x632b, 0x634b, 0x634b, 0x5b0a, 0x5ac9, 0x5288, 0x5267, 0x4a67, 0x4a67, 0x5288, 0x52a8, 0x52a9,
    0x5ac9, 0x5aea, 0x5aea, 0x5b2b, 0x634c, 0x638d, 0x6b8e, 0x6bae, 0x6bae, 0x6bcf, 0x7410, 0x7410,
    0x7410, 0x6bae, 0x634c, 0x5ac9, 0x4a68, 0x4226, 0x39e6, 0x39c5, 0x31a5, 0x3184, 0x3184, 0x3164,
    0x3184, 0x3184, 0x3184, 0x2984, 0x31a4, 0x31a4, 0x31c5, 0x3a06, 0x4247, 0x5288, 0x5aea, 0x634c,
    0x6b8d, 0x6b8d, 0x6b6c, 0x632b, 0x5aea, 0x5ac9, 0x52a9, 0x52a9, 0x52a9, 0x52a8, 0x52a8, 0x52a8,
    0x52a8, 0x52a8, 0x52a8, 0x5288, 0x5288, 0x5288, 0x5287, 0x5287, 0x5287, 0x5287, 0x52a7, 0x5aa8,
    0x5ac8, 0x5ae9, 0x630a, 0x632b, 0x634b, 0x634c, 0x634b, 0x5b0a, 0x5b0a, 0x632b, 0x636d, 0x6bce,
    0x7430, 0x7c72, 0x7c93, 0x84b3, 0x8cd4, 0x8cf4, 0x9515, 0x9535, 0x9514, 0x94d3, 0x8491, 0x7c30,
    0x73ef, 0x6bce, 0x6bce, 0x73ee, 0x7c0f, 0x8450, 0x8c91, 0x94f2, 0x9d13, 0xa554, 0xa574, 0xad95,
    0xb5b5, 0xb5d6, 0xbdf7, 0xc618, 0xc639, 0xc639, 0xc639, 0xbe39, 0xbe39, 0xbe39, 0xbe39, 0xbe5a,
    0xc65a, 0xce7a, 0xce7a, 0xce7a, 0xce7a, 0xce79, 0xce59, 0xce59, 0xce59, 0xce59, 0xce59, 0xce59,
    0xce59, 0xce59, 0xce59, 0xce59, 0xce59, 0xce59, 0xc659, 0xc639, 0xbe19, 0xb5f8, 0xadd8, 0xadd9,
    0xa5d9, 0xa5d9, 0x9dd9, 0x9dd9, 0x9dd9, 0x9df9, 0x9df9, 0x9dd9, 0x9dd9, 0x9dd9, 0x9db9, 0x9dd9,
    0xa5f9, 0xb619, 0xbe5a, 0xc67a, 0xce9a, 0xce9a, 0xce9b, 0xce9b, 0xce9b, 0xce9b, 0xce9b, 0xce9b,
    0xce9a, 0xce9a, 0xce9a, 0xce7a, 0xce7a, 0xce79, 0xce59, 0xce59, 0xce59, 0xce59, 0xce59, 0xce59,
    0xce59, 0xce59, 0xce59, 0xce59, 0xce59, 0xce59, 0xce59, 0xce59, 0xc659, 0xc639, 0xbe39, 0xbe39,
    0xbe39, 0xc659, 0xc659, 0xce59, 0xce59, 0xce59, 0xce59, 0xce59, 0xce59, 0xce59, 0xce59, 0xc638,
    0xc618, 0xbdf7, 0xb5d7, 0xb5d6, 0xadd6, 0xadb6, 0xadb7, 0xa596, 0x9d76, 0x9535, 0x8cf4, 0x84b3,
    0x7451, 0x6bf0, 0x6bae, 0x63ad, 0x6bad, 0x73ef, 0x7c30, 0x7c71, 0x7c72, 0x7c72, 0x7431, 0x7410,
    0x73ef, 0x73ef, 0x73ce, 0x73ce, 0x73ce, 0x6bad, 0x6b4b, 0x630a, 0x5ae9, 0x5ac9, 0x5ae9, 0x630a,
    0x632a, 0x634b, 0x632a, 0x630a, 0x5ae9, 0x5ac9, 0x5aa8, 0x52a8, 0x52a8, 0x52a9, 0x5ac9, 0x5ae9,
    0x5aea, 0x5b0a, 0x5b0a, 0x632b, 0x636c, 0x638d, 0x6b8d, 0x6b8e, 0x6b8e, 0x6bae, 0x73ef, 0x73ef,
    0x73ef, 0x6bae, 0x634c, 0x5aea, 0x5288, 0x4a27, 0x4206, 0x39c5, 0x31a4, 0x3184, 0x3184, 0x3184,
    0x3184, 0x3183, 0x2983, 0x2983, 0x2983, 0x3183, 0x31a4, 0x39e5, 0x4a26, 0x5288, 0x5aea, 0x634c,
    0x6b6d, 0x6b8d, 0x6b6d, 0x6b4c, 0x634b, 0x632b, 0x632b, 0x632b, 0x632b, 0x630b, 0x630b, 0x630b,
    0x630a, 0x630a, 0x630a, 0x630a, 0x630a, 0x5aea, 0x5ae9, 0x5ae9, 0x5ac9, 0x5ae9, 0x5ae9, 0x62e9,
    0x6309, 0x630a, 0x6b2a, 0x6b4b, 0x6b6b, 0x6b4b, 0x632b, 0x630a, 0x5b0a, 0x632b, 0x636c, 0x6bae,
    0x7410, 0x7c51, 0x8493, 0x84b3, 0x8cd3, 0x8cf4, 0x94f4, 0x94f4, 0x94f4, 0x8cd3, 0x8492, 0x7c51,
    0x7410, 0x6bef, 0x6bce, 0x6bee, 0x73ef, 0x7c2f, 0x8470, 0x8cb1, 0x94f2, 0x9d33, 0xa574, 0xad95,
    0xb5b6, 0xb5d6, 0xbdf7, 0xc618, 0xc638, 0xc639, 0xbe39, 0xbe19, 0xb619, 0xb619, 0xb639, 0xbe3a,
    0xbe5a, 0xc67a, 0xce7a, 0xce7a, 0xce7a, 0xce7a, 0xce79, 0xce79, 0xce79, 0xce79, 0xce79, 0xce79,
    0xce79, 0xce79, 0xce79, 0xce79, 0xce59, 0xce59, 0xc639, 0xbe19, 0xb5f8, 0xadd8, 0xa5b8, 0x9db8,
    0x9db8, 0x9db9, 0x9db9, 0x9db9, 0x9db9, 0x9dd9, 0x9dd9, 0x9dd9, 0x95b9, 0x9598, 0x9598, 0x9d98,
    0xa5d9, 0xadf9, 0xbe3a, 0xc67a, 0xce9a, 0xce9a, 0xce9a, 0xce9b, 0xce9b, 0xce9b, 0xce9b, 0xce9b,
    0xce9a, 0xce9a, 0xce9a, 0xce7a, 0xce7a, 0xce79, 0xce79, 0xce79, 0xce79, 0xd679, 0xce79, 0xce79,
    0xce79, 0xce79, 0xce79, 0xce59, 0xce59, 0xce59, 0xc659, 0xc639, 0xbe39, 0xbe39, 0xbe39, 0xb639,
    0xbe39, 0xbe59, 0xc659, 0xce59, 0xce79, 0xce79, 0xce79, 0xce79, 0xce79, 0xce79, 0xce59, 0xce59,
    0xc638, 0xbe18, 0xbdf8, 0xb5f7, 0xb5d7, 0xadd7, 0xadb7, 0xa597, 0x9d76, 0x9555, 0x8d14, 0x84b3,
    0x7451, 0x6c10, 0x6bce, 0x638d, 0x6bad, 0x6bce, 0x7410, 0x7c51, 0x7c51, 0x7431, 0x7410, 0x73ef,
    0x6bce, 0x73ce, 0x73ad, 0x73ad, 0x73ad, 0x6b8c, 0x6b6b, 0x632a, 0x630a, 0x630a, 0x630a, 0x632a,
    0x632a, 0x634b, 0x632a, 0x632a, 0x630a, 0x630a, 0x630a, 0x630a, 0x630a, 0x630a, 0x630b, 0x632b,
    0x632b, 0x634b, 0x634c, 0x636c, 0x6b8d, 0x6bae, 0x6bae, 0x6bae, 0x6bae, 0x6bae, 0x6bce, 0x73cf,
    0x6bce, 0x6bad, 0x634b, 0x5aea, 0x5288, 0x4a47, 0x4206, 0x39c5, 0x39a4, 0x31a4, 0x3184, 0x3184,
    0x3183, 0x3163, 0x2963, 0x2963, 0x2983, 0x3183, 0x31a4, 0x39e5, 0x4a46, 0x5288, 0x5aea, 0x632b,
    0x6b6c, 0x6b8d, 0x6bad, 0x73ad, 0x73ad, 0x73ae, 0x73ae, 0x73ce, 0x73ae, 0x73ae, 0x73ae, 0x73ae,
    0x73ae, 0x73ae, 0x73ad, 0x73ad, 0x6bad, 0x6b8c, 0x6b6c, 0x6b4b, 0x6b4b, 0x6b4b, 0x6b4a, 0x6b4b,
    0x6b6b, 0x6b6b, 0x738c, 0x738c, 0x738c, 0x6b6c, 0x6b4b, 0x632a, 0x630a, 0x632b, 0x634c, 0x6bad,
    0x73ef, 0x7c51, 0x8472, 0x8493, 0x84b3, 0x8cd3, 0x8cd3, 0x8cd3, 0x8cd3, 0x8c92, 0x8471, 0x7c30,
    0x7410, 0x6bcf, 0x6bae, 0x6bad, 0x6bad, 0x73cd, 0x7c0e, 0x844f, 0x8c90, 0x94f2, 0x9d13, 0xa554,
    0xad95, 0xb5b6, 0xbdf7, 0xbe18, 0xbe38, 0xbe39, 0xbe19, 0xb619, 0xadf9, 0xadf9, 0xae19, 0xb63a,
    0xbe5a, 0xc65a, 0xc67a, 0xce7a, 0xce7a, 0xce7a, 0xce79, 0xce79, 0xd679, 0xd679, 0xd679, 0xd679,
    0xd679, 0xd679, 0xce79, 0xce79, 0xce59, 0xc659, 0xc639, 0xb5f8, 0xadd8, 0xa598, 0x9d98, 0x9598,
    0x9598, 0x9598, 0x9598, 0x9598, 0x9598, 0x9598, 0x9599, 0x9598, 0x9578, 0x8d78, 0x8d58, 0x9578,
    0x9d98, 0xadf9, 0xb639, 0xc65a, 0xc67a, 0xce9a, 0xce9a, 0xce9a, 0xce9b, 0xce9a, 0xce9a, 0xce9a,
    0xce9a, 0xce9a, 0xce9a, 0xce7a, 0xce7a, 0xce7a, 0xce79, 0xce79, 0xce79, 0xd679, 0xd679, 0xd679,
    0xd679, 0xce79, 0xce79, 0xce59, 0xce59, 0xc659, 0xc639, 0xbe39, 0xbe19, 0xb619, 0xb619, 0xb619,
    0xb639, 0xbe5a, 0xc65a, 0xc67a, 0xce79, 0xce79, 0xce79, 0xce79, 0xd679, 0xce79, 0xce59, 0xce59,
    0xc638, 0xbe38, 0xbe18, 0xb5f8, 0xadd7, 0xadb7, 0xa596, 0x9d76, 0x9d35, 0x9514, 0x84d3, 0x7c92,
    0x7430, 0x6bcf, 0x63ad, 0x636d, 0x638d, 0x6bae, 0x73ef, 0x7410, 0x7430, 0x7410, 0x6bef, 0x6bce,
    0x6bad, 0x6b8d, 0x6b8c, 0x6b8c, 0x6b8c, 0x6b6c, 0x6b6b, 0x6b6b, 0x6b4b, 0x6b4b, 0x6b4b, 0x6b4b,
    0x6b6b, 0x6b4b, 0x6b4b, 0x6b4b, 0x6b4b, 0x6b6b, 0x6b6c, 0x6b6c, 0x6b8d, 0x6b8d, 0x6b8d, 0x6bad,
    0x6bad, 0x6bad, 0x6bae, 0x73ce, 0x73ef, 0x73ef, 0x73ef, 0x6bef, 0x6bcf, 0x6bae, 0x6bce, 0x6bce,
    0x6bae, 0x6b8d, 0x634b, 0x5ae9, 0x52a8, 0x4a47, 0x4206, 0x39c5, 0x39a4, 0x31a4, 0x31a4, 0x3184,
    0x3184, 0x3163, 0x3163, 0x2963, 0x3183, 0x3183, 0x39c4, 0x41e5, 0x4a46, 0x5288, 0x5ae9, 0x632b,
    0x6b6c, 0x6bad, 0x73ce, 0x7bef, 0x7c30, 0x7c30, 0x8451, 0x8451, 0x8451, 0x8451, 0x8451, 0x8451,
    0x8451, 0x8451, 0x8451, 0x8451, 0x7c30, 0x7c10, 0x7bef, 0x73ce, 0x73cd, 0x73ad, 0x73ad, 0x73ad,
    0x73cd, 0x7bcd, 0x7bce, 0x7bce, 0x73cd, 0x73ad, 0x6b6c, 0x6b4b, 0x632b, 0x634b, 0x6b6c, 0x6bad,
    0x73ee, 0x7c30, 0x8451, 0x8472, 0x8492, 0x8cb3, 0x8cb3, 0x8cb2, 0x8c92, 0x8471, 0x7c50, 0x7410,
    0x6bce, 0x63ad, 0x636c, 0x5b4b, 0x634b, 0x636b, 0x6b8c, 0x7bcd, 0x842e, 0x8c70, 0x94d1, 0x9d12,
    0xa554, 0xad95, 0xb5d6, 0xbdf7, 0xbe18, 0xbe19, 0xb5f9, 0xadf9, 0xa5f9, 0xa5f9, 0xa5f9, 0xae19,
    0xb63a, 0xbe5a, 0xc67a, 0xce7a, 0xce7a, 0xce9a, 0xce9a, 0xce7a, 0xd679, 0xd679, 0xd679, 0xd679,
    0xd679, 0xd679, 0xce79, 0xce79, 0xce59, 0xc659, 0xbe18, 0xadd8, 0xa597, 0x9d77, 0x9557, 0x8d57,
    0x8d58, 0x8d78, 0x8d78, 0x8d58, 0x8d58, 0x8d58, 0x8d58, 0x8d58, 0x8d37, 0x8537, 0x8d37, 0x8d57,
    0x9d98, 0xa5d9, 0xb619, 0xbe5a, 0xc67a, 0xce7a, 0xce9a, 0xce9a, 0xce9a, 0xce9a, 0xce9a, 0xce9a,
    0xce9a, 0xce9a, 0xce9a, 0xce7a, 0xce7a, 0xce7a, 0xce7a, 0xce79, 0xce79, 0xd679, 0xd679, 0xd679,
    0xd679, 0xce79, 0xce79, 0xce59, 0xc639, 0xbe38, 0xbdf8, 0xb5f8, 0xadd8, 0xadd8, 0xadf9, 0xadf9,
    0xb619, 0xbe3a, 0xc65a, 0xc67a, 0xce7a, 0xce79, 0xce79, 0xce79, 0xd679, 0xd679, 0xce79, 0xce59,
    0xc638, 0xbe38, 0xbdf8, 0xb5d7, 0xadb7, 0xa576, 0x9d35, 0x9514, 0x8cd3, 0x84b2, 0x7c71, 0x7430,
    0x6bce, 0x638d, 0x5b4c, 0x5b4b, 0x5b4c, 0x638d, 0x6bce, 0x73ef, 0x73ef, 0x6bcf, 0x6bae, 0x6bad,
    0x6b8d, 0x6b6c, 0x6b6c, 0x6b6c, 0x6b6c, 0x6b6c, 0x6b8c, 0x738c, 0x73ad, 0x73ad, 0x73ad, 0x73ad,
    0x73ad, 0x73ad, 0x73ad, 0x73ad, 0x73ad, 0x73ce, 0x7bee, 0x7c0f, 0x7c0f, 0x7c10, 0x7c30, 0x7c30,
    0x7c30, 0x7c30, 0x7c30, 0x7c51, 0x7c51, 0x7c51, 0x7c51, 0x7431, 0x7410, 0x73ef, 0x6bce, 0x6bae,
    0x6bad, 0x6b6c, 0x632b, 0x5ae9, 0x5aa8, 0x4a47, 0x4206, 0x39e5, 0x39a4, 0x39a4, 0x31a4, 0x39a4,
    0x3184, 0x3163, 0x3163, 0x3163, 0x3183, 0x3183, 0x39c4, 0x4205, 0x4a46, 0x5288, 0x5ac9, 0x630b,
    0x6b6c, 0x73ae, 0x7bef, 0x7c51, 0x8492, 0x8cb3, 0x8cd4, 0x8cd4, 0x8cd4, 0x8cd4, 0x8cd4, 0x8cd4,
    0x8cf4, 0x8cf4, 0x8cf4, 0x8cd4, 0x8cd3, 0x84b2, 0x8472, 0x8471, 0x8450, 0x7c30, 0x7c30, 0x7c30,
    0x8450, 0x8450, 0x8450, 0x8430, 0x7c2f, 0x7c0f, 0x73ce, 0x6b8d, 0x6b6c, 0x6b6c, 0x6b8c, 0x73ad,
    0x73ce, 0x7c0f, 0x7c30, 0x8471, 0x8472, 0x8492, 0x8492, 0x8c92, 0x8471, 0x8451, 0x7c10, 0x73ce,
    0x6b8d, 0x634c, 0x5b0a, 0x52e9, 0x5ae9, 0x5b09, 0x634a, 0x6b8b, 0x7bcc, 0x840e, 0x8c6f, 0x94b0,
    0x9d12, 0xad54, 0xad96, 0xb5d7, 0xb5f8, 0xb5f8, 0xadf9, 0xa5d9, 0x9dd9, 0x9dd9, 0x9dd9, 0xa5f9,
    0xae19, 0xbe3a, 0xc65a, 0xce7a, 0xce7a, 0xce9a, 0xce9a, 0xce9a, 0xd699, 0xd699, 0xd699, 0xd699,
    0xd699, 0xd679, 0xce79, 0xce79, 0xc659, 0xbe38, 0xb5f8, 0xa5b8, 0x9d77, 0x9557, 0x8d37, 0x8537,
    0x8537, 0x8537, 0x8537, 0x8537, 0x8517, 0x8517, 0x8517, 0x8517, 0x84f7, 0x84f6, 0x8517, 0x8d37,
    0x9d78, 0xa5d8, 0xb619, 0xbe5a, 0xc67a, 0xc67a, 0xce7a, 0xce9a, 0xce9a, 0xce9a, 0xce9a, 0xce9a,
    0xce9a, 0xce9a, 0xce9a, 0xce7a, 0xc67a, 0xce7a, 0xce7a, 0xce7a, 0xce79, 0xd679, 0xd679, 0xd679,
    0xce79, 0xce79, 0xce59, 0xc638, 0xbe18, 0xb5f8, 0xadd8, 0xa5b8, 0xa598, 0x9db8, 0xa5d8, 0xa5d9,
    0xae19, 0xb639, 0xbe5a, 0xc65a, 0xc67a, 0xce79, 0xce79, 0xce79, 0xce79, 0xce79, 0xce79, 0xce59,
    0xc638, 0xbe18, 0xb5f7, 0xadb7, 0xa576, 0x9d34, 0x8cd3, 0x8491, 0x8470, 0x7c2f, 0x740e, 0x63cd,
    0x5b6c, 0x532b, 0x530a, 0x530a, 0x5b2a, 0x634c, 0x6bad, 0x6bce, 0x6bce, 0x6bae, 0x6b8d, 0x6b6d,
    0x6b6c, 0x6b6c, 0x6b6c, 0x6b6c, 0x6b6c, 0x6b8d, 0x73ad, 0x7bee, 0x7c0f, 0x842f, 0x842f, 0x842f,
    0x7c0f, 0x7c0f, 0x7c0f, 0x7c0f, 0x8430, 0x8450, 0x8471, 0x8c92, 0x8c92, 0x8cb3, 0x8cb3, 0x8cb3,
    0x8cb3, 0x8cd3, 0x8cd3, 0x8cd3, 0x8cd3, 0x8cd3, 0x84b3, 0x8472, 0x7c51, 0x7410, 0x73cf, 0x6bae,
    0x6b8d, 0x6b6c, 0x632a, 0x62e9, 0x5aa8, 0x4a47, 0x4206, 0x39c5, 0x39a4, 0x31a4, 0x31a4, 0x39a4,
    0x3184, 0x3183, 0x3163, 0x3183, 0x3183, 0x31a4, 0x39c5, 0x4206, 0x4a47, 0x5288, 0x5ac9, 0x630a,
    0x6b4c, 0x73ae, 0x7c10, 0x8492, 0x8cd4, 0x9515, 0x9536, 0x9536, 0x9536, 0x9536, 0x9536, 0x9536,
    0x9536, 0x9536, 0x9536, 0x9536, 0x9535, 0x8d15, 0x8cf4, 0x8cd4, 0x8cd3, 0x8cb3, 0x8cb3, 0x8cb3,
    0x8cb3, 0x8cb3, 0x8cb3, 0x8cb3, 0x8492, 0x8471, 0x7c30, 0x7c0f, 0x73ee, 0x73ce, 0x73ad, 0x73ad,
    0x73ce, 0x7bee, 0x7c0f, 0x7c30, 0x8451, 0x8471, 0x8472, 0x8c92, 0x8471, 0x8450, 0x7c0f, 0x6bad,
    0x634c, 0x5b0a, 0x52c9, 0x52a8, 0x52c8, 0x5ae8, 0x6309, 0x6b4a, 0x738b, 0x7bcc, 0x842e, 0x946f,
    0x9cd1, 0xa533, 0xad95, 0xadb7, 0xadd8, 0xa5d8, 0xa5d8, 0x9db8, 0x9598, 0x9598, 0x95b8, 0x9dd9,
    0xadf9, 0xb639, 0xbe5a, 0xc67a, 0xce7a, 0xce9a, 0xce9a, 0xce9a, 0xd69a, 0xd69a, 0xd699, 0xd699,
    0xd699, 0xd679, 0xce79, 0xce59, 0xc639, 0xbe18, 0xadd8, 0x9d77, 0x9537, 0x8517, 0x8517, 0x8517,
    0x8517, 0x7d17, 0x7cf7, 0x7cf6, 0x7cd6, 0x74d6, 0x74d6, 0x74d6, 0x74b6, 0x7cd6, 0x84f6, 0x8d37,
    0x9d78, 0xa5d9, 0xb619, 0xbe5a, 0xc65a, 0xc67a, 0xc67a, 0xc67a, 0xc67a, 0xc69a, 0xce9a, 0xce9a,
    0xce9a, 0xce9a, 0xce7a, 0xc67a, 0xc67a, 0xc67a, 0xce7a, 0xce7a, 0xce7a, 0xce79, 0xce79, 0xce79,
    0xce79, 0xce59, 0xc638, 0xbe18, 0xadd8, 0xa597, 0x9d77, 0x9557, 0x9557, 0x9577, 0x9d98, 0x9db8,
    0xadf9, 0xb619, 0xbe3a, 0xbe5a, 0xc65a, 0xc65a, 0xc679, 0xce79, 0xce79, 0xce79, 0xce79, 0xce59,
    0xc658, 0xbe18, 0xb5d7, 0xa596, 0x9d35, 0x94f3, 0x8491, 0x7c4f, 0x740e, 0x6bcd, 0x63ac, 0x5b6b,
    0x532a, 0x4ae9, 0x4ac8, 0x52c9, 0x52e9, 0x5b2b, 0x636c, 0x6bad, 0x6bae, 0x6b8d, 0x636d, 0x634c,
    0x634c, 0x636c, 0x6b6c, 0x6b8d, 0x6bad, 0x73ce, 0x7c0f, 0x8450, 0x8c91, 0x8cb2, 0x8cb2, 0x8cb2,
    0x8c92, 0x8c92, 0x8c92, 0x8c92, 0x8cb3, 0x94d3, 0x94f4, 0x9d14, 0x9d35, 0x9d35, 0x9d35, 0x9d35,
    0x9d35, 0x9d35, 0x9d35, 0x9d35, 0x9d35, 0x9535, 0x8cf4, 0x8cd3, 0x8472, 0x7c30, 0x73ef, 0x6bae,
    0x6b8c, 0x6b4b, 0x632a, 0x62e9, 0x5aa8, 0x4a47, 0x4206, 0x39c5, 0x39a4, 0x31a4, 0x39a4, 0x39a4,
    0x3184, 0x3183, 0x3163, 0x3183, 0x3183, 0x31a4, 0x39e5, 0x4a26, 0x5267, 0x5aa8, 0x5ac9, 0x630a,
    0x6b4b, 0x73ae, 0x7c30, 0x8493, 0x8cf5, 0x9536, 0x9577, 0x9577, 0x9577, 0x9577, 0x9577, 0x9577,
    0x9577, 0x9577, 0x9577, 0x9577, 0x9577, 0x9556, 0x9536, 0x9536, 0x9535, 0x9515, 0x8d15, 0x8d15,
    0x8d15, 0x8d15, 0x8d15, 0x8d15, 0x8cf4, 0x8cd4, 0x8cb3, 0x8492, 0x8471, 0x7c30, 0x7c0f, 0x7bee,
    0x73ce, 0x73ce, 0x7bef, 0x7c0f, 0x7c30, 0x7c51, 0x8471, 0x8c92, 0x8c91, 0x8450, 0x7bef, 0x6b8d,
    0x5b2b, 0x52e9, 0x4aa8, 0x4aa7, 0x52a8, 0x5ae8, 0x6309, 0x6b4a, 0x738b, 0x7bcc, 0x840d, 0x8c6f,
    0x9cd1, 0xa533, 0xa575, 0xa5b7, 0xa5b8, 0x9db8, 0x9db8, 0x9598, 0x8d78, 0x8d78, 0x9578, 0x9d98,
    0xa5d9, 0xb5f9, 0xbe3a, 0xc65a, 0xce7a, 0xce9a, 0xce9a, 0xce9a, 0xce9a, 0xd69a, 0xd69a, 0xd699,
    0xd699, 0xce79, 0xce59, 0xc639, 0xbe18, 0xadd8, 0xa597, 0x9537, 0x8516, 0x84f6, 0x7cd6, 0x7cd6,
    0x7cd6, 0x7cd6, 0x74d6, 0x74b6, 0x7495, 0x6c95, 0x6c75, 0x6c75, 0x7495, 0x74b5, 0x84f6, 0x8d37,
    0x9d98, 0xadd9, 0xb619, 0xbe5a, 0xc65a, 0xc67a, 0xc67a, 0xc67a, 0xc67a, 0xc67a, 0xc67a, 0xc69a,
    0xce9a, 0xce7a, 0xc67a, 0xc67a, 0xc67a, 0xc67a, 0xc67a, 0xce7a, 0xce7a, 0xce7a, 0xce79, 0xce79,
    0xce59, 0xc639, 0xbe18, 0xadd8, 0xa597, 0x9557, 0x8d36, 0x8d16, 0x8d37, 0x8d37, 0x9578, 0x9d98,
    0xa5d9, 0xadf9, 0xb639, 0xbe3a, 0xbe5a, 0xc659, 0xc659, 0xc679, 0xce79, 0xce79, 0xce79, 0xce59,
    0xc658, 0xbe18, 0xb5d7, 0xa575, 0x9d14, 0x8cb2, 0x844f, 0x740e, 0x6bcc, 0x638b, 0x5b4a, 0x530a,
    0x4ae9, 0x4aa8, 0x4aa7, 0x4aa8, 0x52c9, 0x5b0a, 0x636c, 0x6b8d, 0x6b8d, 0x6b6d, 0x634c, 0x634c,
    0x634c, 0x6b6c, 0x6bad, 0x73ce, 0x7c10, 0x8451, 0x8c92, 0x94d3, 0x94f4, 0x9d34, 0x9d35, 0x9d35,
    0x9d34, 0x9d14, 0x9d14, 0x9d15, 0x9d35, 0x9d55, 0xa556, 0xa576, 0xa597, 0xa597, 0xa597, 0xa597,
    0xa597, 0xa597, 0xa597, 0xa597, 0xa577, 0x9d76, 0x9536, 0x8cf4, 0x8493, 0x7c51, 0x73ef, 0x6bad,
    0x6b6c, 0x6b4b, 0x630a, 0x62e9, 0x5aa8, 0x4a47, 0x4206, 0x39e5, 0x39a4, 0x31a4, 0x39a4, 0x39a4,
    0x3163, 0x3163, 0x3163, 0x3183, 0x3183, 0x31a4, 0x41e5, 0x4a26, 0x5267, 0x5aa8, 0x62e9, 0x630a,
    0x6b4b, 0x73ad, 0x7c30, 0x84b3, 0x9515, 0x9556, 0x9577, 0x9597, 0x9598, 0x9578, 0x9578, 0x9578,
    0x9578, 0x9598, 0x9598, 0x9577, 0x9577, 0x9577, 0x9577, 0x9557, 0x9557, 0x9557, 0x9556, 0x8d56,
    0x8d36, 0x8d36, 0x9556, 0x9556, 0x9556, 0x9536, 0x9535, 0x9514, 0x8cd3, 0x8c92, 0x8450, 0x7c0f,
    0x73ce, 0x73cd, 0x73ce, 0x73ee, 0x740f, 0x7c30, 0x8471, 0x8c92, 0x8cb2, 0x8c70, 0x7c0f, 0x6b8c,
    0x5b0a, 0x52c8, 0x4a87, 0x5287, 0x52a8, 0x5ae8, 0x6b29, 0x736a, 0x738b, 0x7bcc, 0x840d, 0x8c6f,
    0x94d1, 0x9d33, 0xa575, 0xa597, 0x9d98, 0x9598, 0x9578, 0x8d78, 0x8558, 0x8557, 0x8d57, 0x9578,
    0x9d98, 0xadf9, 0xbe3a, 0xc65a, 0xce7a, 0xce9a, 0xce9a, 0xce9a, 0xce9a, 0xce9a, 0xce9a, 0xce9a,
    0xce79, 0xce59, 0xc659, 0xbe18, 0xb5d8, 0xa597, 0x9557, 0x8cf6, 0x7cd6, 0x7cb6, 0x74b6, 0x74b6,
    0x74b6, 0x74b6, 0x6c95, 0x6c95, 0x6c75, 0x6c54, 0x6454, 0x6454, 0x6c75, 0x7495, 0x84d6, 0x8d37,
    0x9d98, 0xadf9, 0xb619, 0xbe5a, 0xc65a, 0xc67a, 0xc67a, 0xc67a, 0xc65a, 0xc65a, 0xc67a, 0xc67a,
    0xc67a, 0xc67a, 0xc67a, 0xc67a, 0xc65a, 0xc67a, 0xc67a, 0xc67a, 0xce7a, 0xce7a, 0xce7a, 0xce59,
    0xc639, 0xbe18, 0xadd8, 0xa597, 0x9536, 0x8cf6, 0x84f6, 0x84d6, 0x84f6, 0x8517, 0x8d37, 0x9578,
    0x9d98, 0xa5d9, 0xb619, 0xbe39, 0xbe39, 0xbe5a, 0xc65a, 0xc65a, 0xce7a, 0xce7a, 0xce79, 0xce79,
    0xc659, 0xbe18, 0xb5d7, 0xa575, 0x9d13, 0x8c91, 0x842f, 0x73ed, 0x6bab, 0x636a, 0x5b2a, 0x5309,
    0x4ac8, 0x4288, 0x4287, 0x4a87, 0x52c8, 0x5b0a, 0x634b, 0x6b8d, 0x6b8d, 0x636c, 0x634b, 0x634b,
    0x636c, 0x6b8d, 0x73ef, 0x7c30, 0x8492, 0x8cd3, 0x9514, 0x9d35, 0xa576, 0xa596, 0xa597, 0xa596,
    0xa576, 0xa576, 0xa576, 0xa576, 0xa597, 0xa597, 0xad97, 0xadb7, 0xadb7, 0xadb7, 0xadb7, 0xadb7,
    0xadb7, 0xadb7, 0xadb7, 0xa5b7, 0xa5b7, 0xa597, 0x9d76, 0x9515, 0x8cb3, 0x7c51, 0x73ef, 0x6b8d,
    0x6b4b, 0x632a, 0x630a, 0x5ae9, 0x5aa8, 0x4a47, 0x4206, 0x39e5, 0x39c4, 0x39a4, 0x39a4, 0x39a5,
    0x3163, 0x3163, 0x3163, 0x2983, 0x3183, 0x39a4, 0x41e5, 0x4a26, 0x5287, 0x5aa8, 0x62e9, 0x630a,
    0x6b4b, 0x73ad, 0x7c30, 0x84b3, 0x9515, 0x9557, 0x9577, 0x9d98, 0x9598, 0x9598, 0x9598, 0x9598,
    0x9598, 0x9598, 0x9598, 0x9598, 0x9577, 0x9577, 0x9577, 0x9577, 0x9577, 0x9577, 0x8d57, 0x8d57,
    0x8d57, 0x8d57, 0x9557, 0x9577, 0x9577, 0x9d77, 0x9d77, 0x9d76, 0x9535, 0x94f3, 0x8471, 0x7c0f,
    0x73ce, 0x73ad, 0x6bad, 0x6bae, 0x73cf, 0x7c30, 0x8471, 0x94b2, 0x94d2, 0x9491, 0x842f, 0x73ac,
    0x5b0a, 0x52a8, 0x4a87, 0x52a7, 0x5ac8, 0x6309, 0x6b49, 0x738a, 0x7bab, 0x83ec, 0x8c2d, 0x8c6f,
    0x94d1, 0x9d34, 0x9d56, 0x9d97, 0x9577, 0x8d78, 0x8d58, 0x8537, 0x8537, 0x8517, 0x8537, 0x8d57,
    0x9d98, 0xadd9, 0xbe19, 0xc65a, 0xc67a, 0xce9a, 0xce9b, 0xce9a, 0xce9a, 0xce9a, 0xce9a, 0xce9a,
    0xce79, 0xc659, 0xbe39, 0xb5f8, 0xa597, 0x9557, 0x8d16, 0x7cd6, 0x7495, 0x7495, 0x6c95, 0x6c95,
    0x6c95, 0x6c95, 0x6c75, 0x6c75, 0x6454, 0x6434, 0x6434, 0x6434, 0x6c54, 0x7475, 0x7cd6, 0x8d37,
    0x9d98, 0xadd9, 0xb619, 0xbe3a, 0xbe5a, 0xc65a, 0xc65a, 0xbe5a, 0xbe5a, 0xbe3a, 0xbe5a, 0xbe5a,
    0xc65a, 0xc65a, 0xc65a, 0xc65a, 0xc65a, 0xc65a, 0xc65a, 0xc67a, 0xc67a, 0xc67a, 0xc67a, 0xc659,
    0xbe19, 0xb5f8, 0xa597, 0x9537, 0x8cf6, 0x7cd5, 0x7cb5, 0x7cb6, 0x7cd6, 0x84f6, 0x8517, 0x8d57,
    0x9d98, 0xa5d8, 0xadf9, 0xb639, 0xbe39, 0xbe5a, 0xc65a, 0xc67a, 0xc67a, 0xce7a, 0xce7a, 0xce79,
    0xce59, 0xc638, 0xb5d7, 0xad75, 0x9d13, 0x8cb0, 0x844e, 0x73ec, 0x6bab, 0x636a, 0x5b2a, 0x4ae9,
    0x4ac8, 0x4288, 0x4287, 0x4a87, 0x52a8, 0x5b0a, 0x634b, 0x6b6c, 0x6b6c, 0x636c, 0x634b, 0x634b,
    0x6b6c, 0x73ce, 0x7c30, 0x8492, 0x94f4, 0x9d35, 0xa576, 0xa597, 0xadb7, 0xadd7, 0xadd7, 0xadb7,
    0xadb7, 0xadb7, 0xadb7, 0xadb7, 0xadb7, 0xadb7, 0xadd8, 0xadd8, 0xadd8, 0xadd8, 0xadd8, 0xadd8,
    0xadd8, 0xadd8, 0xadd8, 0xadb8, 0xadb7, 0xa597, 0x9d76, 0x9535, 0x8cb3, 0x7c51, 0x73ce, 0x6b6c,
    0x6b4b, 0x632a, 0x6309, 0x62c9, 0x5aa8, 0x4a47, 0x4206, 0x39e5, 0x39c4, 0x39a4, 0x39c5, 0x39c5,
    0x3183, 0x3163, 0x3163, 0x2963, 0x3183, 0x39a4, 0x41e5, 0x4a46, 0x5287, 0x5ac8, 0x62e9, 0x630a,
    0x6b4b, 0x73ad, 0x7c30, 0x84b3, 0x9515, 0x9577, 0x9d97, 0x9d98, 0x9d98, 0x9598, 0x9598, 0x9598,
    0x9598, 0x9598, 0x9598, 0x9598, 0x9598, 0x9577, 0x9577, 0x8d77, 0x8d77, 0x8d57, 0x8d57, 0x8d57,
    0x8d57, 0x8d57, 0x8d77, 0x9577, 0x9d97, 0x9d98, 0x9d98, 0x9d97, 0x9d76, 0x9514, 0x8c92, 0x7c2f,
    0x73ad, 0x6b8c, 0x6b6c, 0x6b8d, 0x73ce, 0x7c2f, 0x8c91, 0x94d2, 0x9cf3, 0x9cd2, 0x8c50, 0x73ac,
    0x632a, 0x52a8, 0x4a87, 0x52a7, 0x5ac8, 0x6309, 0x6b69, 0x738a, 0x7bcb, 0x840c, 0x8c2e, 0x9490,
    0x94d2, 0x9534, 0x9556, 0x9577, 0x8d57, 0x8557, 0x8537, 0x7d17, 0x7cf7, 0x7cf6, 0x84f7, 0x8d37,
    0x9d78, 0xadd9, 0xbe19, 0xc65a, 0xc67a, 0xce9a, 0xce9b, 0xce9b, 0xce9a, 0xce9a, 0xce9a, 0xce9a,
    0xce7a, 0xc659, 0xbe19, 0xadb8, 0x9d77, 0x8d16, 0x7cd6, 0x7495, 0x6c75, 0x6c75, 0x6c55, 0x6c55,
    0x6c55, 0x6c75, 0x6455, 0x6454, 0x6434, 0x6434, 0x6414, 0x6414, 0x6434, 0x6c75, 0x7cb6, 0x8d17,
    0x9d78, 0xadd8, 0xb5f9, 0xb619, 0xbe3a, 0xbe5a, 0xbe5a, 0xbe3a, 0xbe39, 0xb619, 0xb619, 0xb639,
    0xbe3a, 0xbe5a, 0xbe5a, 0xbe5a, 0xbe5a, 0xc65a, 0xc65a, 0xc65a, 0xc65a, 0xc65a, 0xc65a, 0xbe39,
    0xb5f9, 0xadb8, 0x9d77, 0x8d16, 0x7cd5, 0x7495, 0x7495, 0x7495, 0x74b6, 0x7cd6, 0x84f6, 0x8d37,
    0x9577, 0xa5b8, 0xadf9, 0xb639, 0xbe39, 0xbe5a, 0xc65a, 0xc67a, 0xc67a, 0xce7a, 0xce7a, 0xce7a,
    0xce59, 0xc638, 0xbdf7, 0xad95, 0xa513, 0x94b0, 0x844e, 0x7c0d, 0x6bab, 0x636b, 0x5b4a, 0x530a,
    0x4ac9, 0x42a8, 0x4287, 0x4a87, 0x52a8, 0x5ae9, 0x634b, 0x6b6c, 0x6b6c, 0x6b6c, 0x634b, 0x634b,
    0x6b8c, 0x73ce, 0x8451, 0x8cd3, 0x9d35, 0xa596, 0xadb7, 0xadd8, 0xadd8, 0xadd8, 0xadd8, 0xadd8,
    0xadd8, 0xadd8, 0xadd8, 0xadd8, 0xadd8, 0xadd8, 0xadd8, 0xadd8, 0xadd8, 0xadd8, 0xadd8, 0xadd8,
    0xadd8, 0xadd8, 0xadd7, 0xadb8, 0xadb7, 0xa5b7, 0xa597, 0x9d35, 0x8cb3, 0x7c50, 0x73ce, 0x6b6c,
    0x632a, 0x630a, 0x6309, 0x62c9, 0x5aa8, 0x4a47, 0x4206, 0x39e5, 0x39c5, 0x39c5, 0x39c5, 0x39c5,
    0x3183, 0x3163, 0x3163, 0x2963, 0x3183, 0x39a4, 0x41e5, 0x4a46, 0x5287, 0x5ac8, 0x62e9, 0x630a,
    0x6b4b, 0x73ad, 0x7c30, 0x8cb3, 0x9515, 0x9577, 0x9d97, 0x9d98, 0x9d98, 0x9d98, 0x9598, 0x9598,
    0x9598, 0x9598, 0x9598, 0x9598, 0x9598, 0x9577, 0x8d77, 0x8d77, 0x8d57, 0x8d57, 0x8d57, 0x8d57,
    0x8d57, 0x8d57, 0x8d57, 0x9577, 0x9d98, 0x9d98, 0xa5b8, 0xa5b7, 0x9d77, 0x9515, 0x8c92, 0x7c0f,
    0x73ad, 0x6b6c, 0x6b6b, 0x6b8c, 0x73cd, 0x842f, 0x8c91, 0x9cf3, 0xa533, 0x9cf2, 0x9470, 0x7bcd,
    0x632a, 0x52c8, 0x4a87, 0x52a7, 0x5ac8, 0x6309, 0x6b69, 0x7baa, 0x83cb, 0x840c, 0x8c4e, 0x8c90,
    0x94d2, 0x9514, 0x8d36, 0x8d37, 0x8537, 0x7d17, 0x7cf7, 0x74d6, 0x74d6, 0x74d6, 0x7cd6, 0x8d17,
    0x9d78, 0xadd9, 0xbe19, 0xc65a, 0xc67a, 0xce9a, 0xce9b, 0xce9b, 0xce9a, 0xce9a, 0xce9a, 0xce7a,
    0xc67a, 0xbe39, 0xb5f9, 0xa598, 0x9557, 0x84f6, 0x7cb5, 0x6c75, 0x6c55, 0x6454, 0x6434, 0x6434,
    0x6434, 0x6454, 0x6454, 0x6454, 0x6434, 0x6434, 0x5c14, 0x5c14, 0x6414, 0x6c54, 0x7495, 0x84f6,
    0x9557, 0xa598, 0xadd8, 0xadf9, 0xb619, 0xb63a, 0xbe3a, 0xb619, 0xb619, 0xadf9, 0xadf9, 0xadf9,
    0xb619, 0xb619, 0xbe3a, 0xbe3a, 0xbe5a, 0xbe5a, 0xbe5a, 0xbe5a, 0xbe5a, 0xbe5a, 0xbe3a, 0xbe39,
    0xadf8, 0xa598, 0x9557, 0x84f6, 0x7cb5, 0x7495, 0x6c75, 0x7475, 0x7495, 0x74b5, 0x7cd6, 0x84f6,
    0x9557, 0x9d98, 0xadf9, 0xb639, 0xbe5a, 0xc65a, 0xc67a, 0xc67a, 0xc67a, 0xce7a, 0xce7a, 0xce7a,
    0xce59, 0xc638, 0xbdf7, 0xb595, 0xa533, 0x94d0, 0x8c6e, 0x7c0d, 0x73cc, 0x638b, 0x5b4b, 0x530a,
    0x4ac9, 0x42a8, 0x4287, 0x4a87, 0x52a8, 0x5ae9, 0x634b, 0x6b6c, 0x6b6c, 0x6b4b, 0x634b, 0x6b4b,
    0x6b8d, 0x73ef, 0x8471, 0x94f4, 0xa576, 0xadb7, 0xadd8, 0xadd8, 0xadd8, 0xadd8, 0xadd8, 0xadd8,
    0xadd8, 0xadd8, 0xadd8, 0xadd8, 0xadd8, 0xadd8, 0xadd8, 0xadd8, 0xadd8, 0xadd7, 0xadd7, 0xadd7,
    0xadd7, 0xadd7, 0xadd7, 0xadb8, 0xadb7, 0xa5b7, 0xa597, 0x9d35, 0x8cd3, 0x7c30, 0x73ce, 0x6b6c,
    0x632a, 0x6309, 0x62e9, 0x62c9, 0x5aa8, 0x5267, 0x4226, 0x41e5, 0x39c5, 0x39c5, 0x39c5, 0x39c5,
    0x3183, 0x3163, 0x3163, 0x3163, 0x3183, 0x39a4, 0x41e5, 0x4a46, 0x5a87, 0x62c8, 0x6309, 0x6b2a,
    0x6b4b, 0x73ad, 0x7c30, 0x8cb3, 0x9535, 0x9d77, 0x9d97, 0x9d98, 0x9d98, 0x9d98, 0x9598, 0x9598,
    0x9598, 0x9d98, 0x9d98, 0x9598, 0x9598, 0x9577, 0x8d77, 0x8d57, 0x8d57, 0x8d57, 0x8557, 0x8537,
    0x8537, 0x8d57, 0x8d57, 0x9577, 0x9d97, 0xa5b8, 0xa5b8, 0xa5b8, 0x9d77, 0x9515, 0x8c92, 0x7c0f,
    0x73ad, 0x6b6b, 0x6b4b, 0x6b6c, 0x73cd, 0x842f, 0x94b1, 0xa533, 0xad54, 0xa533, 0x94b1, 0x7bed,
    0x6b4a, 0x5ac8, 0x52a7, 0x52a7, 0x5ac7, 0x6308, 0x6b69, 0x73aa, 0x83cb, 0x840d, 0x8c4e, 0x8c90,
    0x8cd2, 0x8cf4, 0x8516, 0x8516, 0x7cf7, 0x7cf6, 0x74d6, 0x74b6, 0x7496, 0x7496, 0x7cd6, 0x8d17,
    0x9d77, 0xadd8, 0xbe19, 0xc65a, 0xc67a, 0xce9a, 0xce9b, 0xce9b, 0xc69a, 0xc69a, 0xc69a, 0xc67a,
    0xc65a, 0xbe39, 0xb5f9, 0xa598, 0x9537, 0x84f6, 0x74b5, 0x6c75, 0x6454, 0x6434, 0x6434, 0x6434,
    0x6434, 0x6434, 0x6434, 0x6434, 0x6434, 0x5c14, 0x5c14, 0x5c13, 0x6414, 0x6434, 0x7475, 0x7cd6,
    0x8d16, 0x9557, 0x9d98, 0xa5b8, 0xadd9, 0xadf9, 0xb619, 0xb619, 0xadf9, 0xadd8, 0xa5b8, 0xa5b8,
    0xadd9, 0xadf9, 0xb619, 0xbe3a, 0xbe3a, 0xbe3a, 0xbe3a, 0xbe3a, 0xbe3a, 0xb639, 0xb619, 0xb619,
    0xadd8, 0xa598, 0x9557, 0x84f6, 0x7cb5, 0x7495, 0x6c75, 0x6c75, 0x6c75, 0x7495, 0x74b5, 0x84f6,
    0x8d37, 0x9d98, 0xadd9, 0xb639, 0xbe5a, 0xc65a, 0xc67a, 0xc67a, 0xc67a, 0xc67a, 0xc67a, 0xc67a,
    0xc67a, 0xc639, 0xbdf7, 0xb5b5, 0xa533, 0x9cd0, 0x8c6e, 0x840d, 0x73cc, 0x6bac, 0x5b6b, 0x532a,
    0x4ae9, 0x4aa8, 0x4a87, 0x4a87, 0x52a8, 0x5ae9, 0x632a, 0x6b6b, 0x6b6c, 0x6b4b, 0x6b4b, 0x6b4b,
    0x6b8d, 0x7bef, 0x8471, 0x94f4, 0xa576, 0xadb7, 0xadd8, 0xadd8, 0xadd8, 0xadd8, 0xadd8, 0xadd8,
    0xadd8, 0xadd7, 0xadd7, 0xadd7, 0xadd7, 0xadd7, 0xadd7, 0xadd7, 0xadd7, 0xadd7, 0xadd7, 0xadd7,
    0xadd7, 0xadd7, 0xadd7, 0xadd8, 0xadd8, 0xadb7, 0xa597, 0x9d35, 0x8cd3, 0x7c30, 0x73ae, 0x6b4b,
    0x632a, 0x6309, 0x6309, 0x62e9, 0x5aa8, 0x5267, 0x4a26, 0x41e5, 0x39c5, 0x39c5, 0x39c5, 0x39c5,
    0x3163, 0x3163, 0x3163, 0x3163, 0x3183, 0x39a4, 0x41e5, 0x4a46, 0x5a87, 0x62c8, 0x6309, 0x6b2a,
    0x6b4b, 0x73ad, 0x7c30, 0x8cb3, 0x9535, 0x9d77, 0x9d97, 0x9d98, 0x9d98, 0x9d98, 0x9597, 0x9597,
    0x9597, 0x9597, 0x9597, 0x9598, 0x9577, 0x9577, 0x8d77, 0x8d57, 0x8d57, 0x8d57, 0x8557, 0x8537,
    0x8537, 0x8d37, 0x8d57, 0x9577, 0x9d97, 0xa598, 0xa5b8, 0xa5b8, 0x9d77, 0x9515, 0x8c92, 0x7c0f,
    0x73ad, 0x6b6b, 0x6b6b, 0x6b8c, 0x7bcd, 0x8c4f, 0x9cd2, 0xad53, 0xad74, 0xad53, 0x9cd1, 0x840e,
    0x6b6b, 0x5ae8, 0x52a7, 0x52a7, 0x52c7, 0x6308, 0x6b49, 0x73aa, 0x7bcb, 0x840d, 0x844e, 0x8c90,
    0x8cd3, 0x84f4, 0x84f5, 0x7cf6, 0x74d6, 0x74b6, 0x6c95, 0x6c95, 0x6c75, 0x7495, 0x7cb6, 0x84f6,
    0x9577, 0xa5b8, 0xb619, 0xbe5a, 0xc67a, 0xce7a, 0xc67a, 0xc67a, 0xc67a, 0xc67a, 0xc67a, 0xc65a,
    0xbe5a, 0xbe39, 0xadf9, 0xa5b8, 0x9557, 0x8516, 0x7cb6, 0x6c75, 0x6c54, 0x6434, 0x5c34, 0x5c14,
    0x5c34, 0x6434, 0x6434, 0x6434, 0x6434, 0x5c14, 0x5c13, 0x5bf3, 0x5c13, 0x6434, 0x6c54, 0x7495,
    0x84d6, 0x8d16, 0x8d37, 0x9577, 0x9d98, 0xa5d8, 0xadf9, 0xadf9, 0xadd9, 0xa5b8, 0xa598, 0x9d98,
    0xa598, 0xa5b8, 0xadd9, 0xb619, 0xb63a, 0xbe3a, 0xb63a, 0xb619, 0xb619, 0xadf9, 0xadf9, 0xadf9,
    0xa5d8, 0x9d98, 0x9557, 0x8d16, 0x7cd6, 0x7495, 0x7475, 0x6c75, 0x6c75, 0x6c75, 0x7495, 0x7cd6,
    0x8d17, 0x9d78, 0xa5d8, 0xb619, 0xbe5a, 0xbe5a, 0xc65a, 0xc65a, 0xc67a, 0xc67a, 0xc67a, 0xc67a,
    0xc65a, 0xc659, 0xbe17, 0xb5b5, 0xad53, 0x9cd1, 0x946f, 0x842d, 0x7bed, 0x6bac, 0x636c, 0x532b,
    0x4ae9, 0x4aa8, 0x4a87, 0x4a87, 0x52a8, 0x5ae9, 0x632a, 0x6b4b, 0x6b4b, 0x6b4b, 0x6b4b, 0x6b6b,
    0x6b8d, 0x7c0f, 0x8491, 0x94f4, 0xa576, 0xadb7, 0xadd8, 0xadd8, 0xadd8, 0xadd8, 0xadd8, 0xadd7,
    0xadd7, 0xadd7, 0xadd7, 0xadd7, 0xadd7, 0xadd7, 0xadd7, 0xadd7, 0xadd7, 0xadd7, 0xadd7, 0xadd7,
    0xadd7, 0xadd8, 0xadd8, 0xadd8, 0xadd8, 0xadb7, 0xa597, 0x9d35, 0x8cd3, 0x7c30, 0x73ae, 0x6b4b,
    0x632a, 0x6309, 0x6309, 0x62e9, 0x5aa8, 0x5267, 0x4a26, 0x41e5, 0x39c5, 0x39c5, 0x39c5, 0x39c5,
    0x3163, 0x3163, 0x3163, 0x3163, 0x3183, 0x39c4, 0x4205, 0x4a46, 0x5a88, 0x62c8, 0x6309, 0x6b2a,
    0x6b4b, 0x73ad, 0x8430, 0x8cd3, 0x9535, 0x9d77, 0x9d97, 0x9d98, 0x9d98, 0x9d97, 0x9597, 0x9577,
    0x9577, 0x9577, 0x9577, 0x9577, 0x9577, 0x9577, 0x8d77, 0x8d57, 0x8d57, 0x8d57, 0x8d37, 0x8d37,
    0x8d37, 0x8d36, 0x8d57, 0x9577, 0x9d77, 0xa598, 0xa5b8, 0xa597, 0x9d76, 0x9515, 0x8c92, 0x7c0f,
    0x73ad, 0x6b6b, 0x6b6b, 0x738b, 0x7bed, 0x8c6f, 0x9cf2, 0xad54, 0xb594, 0xad54, 0x9cd1, 0x842e,
    0x6b6b, 0x5ae9, 0x52a7, 0x52a7, 0x52c7, 0x6308, 0x6b49, 0x73aa, 0x7bcb, 0x840d, 0x844f, 0x8471,
    0x84b3, 0x7cb4, 0x7cd5, 0x74b5, 0x6c95, 0x6c95, 0x6c75, 0x6c75, 0x6c75, 0x6c75, 0x74b5, 0x84f6,
    0x9537, 0xa598, 0xb5f9, 0xbe3a, 0xc65a, 0xc67a, 0xc67a, 0xc67a, 0xbe5a, 0xbe5a, 0xbe3a, 0xbe3a,
    0xbe39, 0xb619, 0xadf9, 0xa5b8, 0x9d78, 0x8d37, 0x84f6, 0x74b5, 0x6c75, 0x6454, 0x6434, 0x5c34,
    0x5c34, 0x5c34, 0x5c34, 0x5c34, 0x5c14, 0x5c13, 0x5c13, 0x5c13, 0x5c13, 0x6414, 0x6c54, 0x7474,
    0x7495, 0x7cd5, 0x84f6, 0x8d16, 0x9557, 0x9d98, 0xa5d8, 0xadd9, 0xadd8, 0xa5b8, 0x9d78, 0x9d77,
    0x9d77, 0x9d78, 0xa5b8, 0xadd9, 0xb619, 0xb619, 0xb619, 0xb5f9, 0xadf9, 0xadd8, 0xa5d8, 0xa5b8,
    0xa5b8, 0x9d98, 0x9577, 0x8d37, 0x84f6, 0x7cd6, 0x7495, 0x6c75, 0x6c75, 0x6c75, 0x6c75, 0x74b5,
    0x84f6, 0x9557, 0xa5b8, 0xadf9, 0xb639, 0xbe3a, 0xbe3a, 0xbe5a, 0xbe5a, 0xbe5a, 0xbe5a, 0xc65a,
    0xc65a, 0xc659, 0xbe18, 0xb5b6, 0xad53, 0x9cf1, 0x948f, 0x842e, 0x7bed, 0x6bac, 0x638c, 0x5b4b,
    0x52ea, 0x4aa8, 0x4a87, 0x4a87, 0x52a8, 0x5ae9, 0x632a, 0x6b4b, 0x6b4b, 0x6b4b, 0x6b4b, 0x6b4b,
    0x6b8d, 0x7c0f, 0x8471, 0x94f4, 0xa576, 0xadb7, 0xadd8, 0xadd8, 0xadd8, 0xadd7, 0xadd7, 0xadd7,
    0xadd7, 0xadd7, 0xadd7, 0xadd7, 0xadd7, 0xadd7, 0xadd7, 0xadd7, 0xadd7, 0xadd7, 0xadd7, 0xadd7,
    0xadd7, 0xadd8, 0xadd8, 0xadd8, 0xadd8, 0xadb7, 0xa597, 0x9d35, 0x8cd3, 0x7c30, 0x73ae, 0x6b4b,
    0x632a, 0x6309, 0x6309, 0x62e9, 0x5aa8, 0x5267, 0x4a26, 0x41e5, 0x39c5, 0x39c5, 0x39c5, 0x39c5,
    0x3163, 0x3163, 0x2963, 0x3163, 0x3183, 0x39c4, 0x4205, 0x4a46, 0x5a88, 0x62c8, 0x6309, 0x6b2a,
    0x6b4b, 0x73ad, 0x8430, 0x8cd3, 0x9535, 0x9d77, 0x9d97, 0x9d98, 0x9d98, 0x9597, 0x9577, 0x9577,
    0x8d57, 0x8d57, 0x8d57, 0x8d57, 0x8d57, 0x8d57, 0x8d57, 0x8d57, 0x8d57, 0x8d37, 0x8d37, 0x8d36,
    0x8d36, 0x8d36, 0x8d36, 0x9557, 0x9d77, 0x9d97, 0xa597, 0xa597, 0x9d76, 0x9514, 0x8c92, 0x7c0f,
    0x73ad, 0x6b6b, 0x6b6b, 0x73ab, 0x840d, 0x946f, 0xa4f2, 0xad74, 0xb594, 0xad54, 0x9cd1, 0x842e,
    0x736b, 0x5ae9, 0x52a7, 0x52a7, 0x52c7, 0x5b08, 0x6b49, 0x738a, 0x7bcb, 0x840d, 0x844f, 0x8471,
    0x7c92, 0x7c94, 0x7495, 0x6c95, 0x6c75, 0x6c75, 0x6c55, 0x6455, 0x6c55, 0x6c75, 0x7495, 0x7cb6,
    0x8d16, 0x9d77, 0xa5b8, 0xb619, 0xbe5a, 0xc65a, 0xc65a, 0xbe5a, 0xbe3a, 0xb639, 0xb619, 0xadf9,
    0xadf9, 0xadf9, 0xadf9, 0xadd9, 0xa5b8, 0x9d78, 0x8d37, 0x84f6, 0x74b5, 0x6c75, 0x6454, 0x6434,
    0x5c34, 0x5c14, 0x5c14, 0x5c14, 0x5c13, 0x5c13, 0x5c13, 0x5c13, 0x6413, 0x6434, 0x6434, 0x6c54,
    0x6c74, 0x7495, 0x7cb5, 0x7cd6, 0x8d16, 0x9557, 0xa598, 0xa5d8, 0xadd8, 0xa5b8, 0x9d77, 0x9557,
    0x9537, 0x9557, 0x9d77, 0xa5b8, 0xadd9, 0xadf9, 0xadf9, 0xadf9, 0xadd8, 0xa5b8, 0x9d98, 0x9d98,
    0x9d77, 0x9d77, 0x9557, 0x8d37, 0x8d16, 0x84f6, 0x7cd6, 0x7495, 0x6c75, 0x6c75, 0x6c75, 0x7495,
    0x7cd6, 0x8d37, 0x9d98, 0xadd9, 0xb619, 0xb619, 0xb619, 0xb619, 0xb61a, 0xb63a, 0xbe3a, 0xbe5a,
    0xbe5a, 0xbe39, 0xbe18, 0xb5d6, 0xad74, 0x9cf1, 0x948f, 0x8c4e, 0x7c0d, 0x73cd, 0x638c, 0x5b4b,
    0x530a, 0x4ac8, 0x4a87, 0x4a87, 0x52a8, 0x5ae9, 0x632a, 0x6b4b, 0x6b4b, 0x6b4b, 0x6b4a, 0x6b4b,
    0x6b8d, 0x7c0f, 0x8471, 0x94f4, 0x9d76, 0xa597, 0xadb7, 0xadd8, 0xadd7, 0xadd7, 0xadd7, 0xadd7,
    0xadd7, 0xadd7, 0xadd7, 0xadd7, 0xadd7, 0xadd7, 0xadd7, 0xadd7, 0xadd7, 0xadd7, 0xadd7, 0xadd7,
    0xadd7, 0xadd8, 0xadd8, 0xadd8, 0xadd7, 0xadb7, 0xa597, 0x9d35, 0x8cd3, 0x7c30, 0x73ae, 0x6b4b,
    0x632a, 0x6309, 0x6309, 0x62e9, 0x5aa8, 0x5267, 0x4a26, 0x41e5, 0x39c5, 0x39c5, 0x39c5, 0x39c5,
    0x2963, 0x2963, 0x3163, 0x3183, 0x3184, 0x39c4, 0x4205, 0x4a46, 0x5a88, 0x62c8, 0x6309, 0x6b2a,
    0x6b6b, 0x73cd, 0x8430, 0x8cd3, 0x9535, 0x9d77, 0x9d97, 0x9d97, 0x9d97, 0x9577, 0x9577, 0x8d57,
    0x8d36, 0x8d36, 0x8536, 0x8536, 0x8d36, 0x8d37, 0x8d37, 0x8d37, 0x8d37, 0x8d37, 0x8d36, 0x8d36,
    0x8d36, 0x8d36, 0x8d36, 0x9557, 0x9557, 0x9d77, 0x9d77, 0x9d77, 0x9d56, 0x94f4, 0x8c92, 0x7c0f,
    0x73ad, 0x6b6b, 0x6b6b, 0x73ab, 0x83ed, 0x946f, 0xa4f2, 0xad74, 0xb595, 0xad54, 0x9cd2, 0x842e,
    0x736b, 0x5ae9, 0x52a8, 0x52a7, 0x52c7, 0x6308, 0x6b49, 0x738a, 0x7bcb, 0x840d, 0x842f, 0x7c50,
    0x7c72, 0x7473, 0x6c74, 0x6c55, 0x6455, 0x6455, 0x6455, 0x6455, 0x6455, 0x6c55, 0x6c75, 0x7495,
    0x7cd6, 0x8d37, 0x9d78, 0xadd9, 0xb619, 0xbe3a, 0xbe5a, 0xbe3a, 0xb619, 0xadf9, 0xadd9, 0xa5d8,
    0xa5b8, 0xa5d8, 0xadd8, 0xadd9, 0xa5d9, 0xa5b8, 0x9d78, 0x8d37, 0x84f6, 0x74b5, 0x6c75, 0x6454,
    0x6434, 0x5c14, 0x5c14, 0x5c13, 0x5c13, 0x5c13, 0x5c13, 0x6414, 0x6434, 0x6434, 0x6434, 0x6c54,
    0x6c54, 0x6c74, 0x7475, 0x7495, 0x84d6, 0x8d37, 0x9d77, 0xa598, 0xa5b8, 0xa5b8, 0x9d77, 0x9557,
    0x8d37, 0x8d37, 0x9537, 0x9d77, 0x9d98, 0xa5d8, 0xadd9, 0xadd8, 0xa5b8, 0x9d98, 0x9d77, 0x9577,
    0x9557, 0x9557, 0x9537, 0x8d37, 0x8d37, 0x8d16, 0x84f6, 0x7cd6, 0x7495, 0x6c75, 0x6c75, 0x6c75,
    0x7cb5, 0x84f6, 0x9557, 0x9d98, 0xadd9, 0xadf9, 0xadf9, 0xadf9, 0xadf9, 0xadf9, 0xadf9, 0xb61a,
    0xbe3a, 0xbe39, 0xbe18, 0xb5d7, 0xad74, 0xa512, 0x94b0, 0x8c4e, 0x7c0d, 0x73cd, 0x6bad, 0x634c,
    0x530a, 0x52c9, 0x4aa8, 0x52a8, 0x5ae8, 0x630a, 0x6b4b, 0x6b6b, 0x6b4b, 0x6b4a, 0x6b4a, 0x6b4b,
    0x6b8d, 0x7bef, 0x8471, 0x94f4, 0x9d56, 0xa597, 0xadb7, 0xadd7, 0xadd7, 0xadd7, 0xadd7, 0xadd7,
    0xadd7, 0xadd7, 0xadd7, 0xadd7, 0xadd7, 0xadd7, 0xadd7, 0xadd7, 0xadd7, 0xadd7, 0xadd7, 0xadd7,
    0xadd7, 0xadd7, 0xadd7, 0xadd7, 0xadd7, 0xa5b7, 0xa597, 0x9d35, 0x8cb3, 0x7c30, 0x73ae, 0x6b4b,
    0x632a, 0x6b2a, 0x6b09, 0x62e9, 0x5aa8, 0x5267, 0x4a26, 0x41e5, 0x39c5, 0x39c5, 0x39c5, 0x39c5,
    0x2963, 0x3163, 0x3163, 0x3183, 0x31a4, 0x39c4, 0x4205, 0x4a46, 0x5a88, 0x62c8, 0x6309, 0x6b2a,
    0x6b6b, 0x73cd, 0x8450, 0x8cd3, 0x9535, 0x9d77, 0x9d97, 0x9d97, 0x9597, 0x9577, 0x9577, 0x8d36,
    0x8536, 0x8516, 0x8516, 0x84f6, 0x8516, 0x8516, 0x8516, 0x8536, 0x8536, 0x8536, 0x8536, 0x8d36,
    0x8d36, 0x8d36, 0x8d36, 0x8d36, 0x9557, 0x9557, 0x9d77, 0x9d77, 0x9d36, 0x94f4, 0x8492, 0x7c0f,
    0x73ad, 0x6b6b, 0x6b6b, 0x738b, 0x7bed, 0x8c6f, 0xa4f2, 0xad54, 0xb595, 0xad54, 0x9cd2, 0x842f,
    0x736c, 0x5ae9, 0x52a8, 0x52a7, 0x5ac8, 0x6309, 0x6b49, 0x73aa, 0x7bcc, 0x840d, 0x842e, 0x7c30,
    0x7452, 0x6c53, 0x6c54, 0x6c34, 0x6434, 0x6434, 0x6434, 0x6434, 0x6434, 0x6434, 0x6c54, 0x6c75,
    0x7495, 0x84d6, 0x8d37, 0x9d98, 0xadd9, 0xb619, 0xbe3a, 0xb639, 0xb5f9, 0xadd9, 0xa5b8, 0x9d98,
    0x9d98, 0x9d98, 0xa598, 0xa5b8, 0xa5d9, 0xa5b8, 0xa5b8, 0x9d77, 0x8d37, 0x84d6, 0x7495, 0x6c75,
    0x6434, 0x6414, 0x5c13, 0x5c13, 0x5c13, 0x5c13, 0x6414, 0x6434, 0x6c34, 0x6c54, 0x6c54, 0x6c54,
    0x6c54, 0x6c54, 0x6c54, 0x7475, 0x7cb5, 0x84f6, 0x8d37, 0x9d77, 0xa598, 0xa598, 0x9d98, 0x9557,
    0x8d37, 0x8d16, 0x8d16, 0x8d37, 0x9557, 0x9d98, 0xa5b8, 0xa5b8, 0xa5b8, 0x9d98, 0x9d77, 0x9557,
    0x8d37, 0x8d37, 0x8d37, 0x8d37, 0x8d37, 0x8d37, 0x8516, 0x84f6, 0x7cd6, 0x7495, 0x6c75, 0x6c75,
    0x7495, 0x7cd6, 0x8d17, 0x9577, 0x9d98, 0xa5b8, 0xa5b8, 0xa5b8, 0xa5b8, 0xa5b8, 0xa5d9, 0xadf9,
    0xb5f9, 0xb619, 0xb5f8, 0xb5d7, 0xad75, 0xa512, 0x94b0, 0x8c6f, 0x842e, 0x73ed, 0x6bad, 0x636c,
    0x5b0a, 0x52c9, 0x52a8, 0x52c8, 0x6309, 0x6b4a, 0x6b6b, 0x736b, 0x6b6b, 0x6b4a, 0x6b2a, 0x6b4b,
    0x6b8c, 0x73ef, 0x8471, 0x94f4, 0x9d56, 0xa597, 0xadb7, 0xadb7, 0xadd7, 0xadd7, 0xadd7, 0xadd7,
    0xadd7, 0xadd7, 0xadd7, 0xadd7, 0xadd7, 0xadd7, 0xadd7, 0xadd7, 0xadd7, 0xadd7, 0xadd7, 0xadd7,
    0xadd7, 0xadd7, 0xadd7, 0xadd7, 0xadd7, 0xa5b7, 0xa597, 0x9d35, 0x8cb3, 0x7c30, 0x73ae, 0x6b6c,
    0x6b2a, 0x6b2a, 0x6b09, 0x62e9, 0x5aa8, 0x5267, 0x4a26, 0x41e5, 0x39c5, 0x39c5, 0x39c5, 0x39c5,
    0x3163, 0x3163, 0x3183, 0x3184, 0x39a4, 0x39c5, 0x4206, 0x4a46, 0x5a87, 0x5ac8, 0x62e9, 0x632a,
    0x6b4b, 0x73cd, 0x8450, 0x8cd3, 0x9d35, 0x9d77, 0x9d97, 0x9d97, 0x9577, 0x9577, 0x8d56, 0x8d36,
    0x8516, 0x84f5, 0x7cd5, 0x7cd5, 0x7cd5, 0x7cf5, 0x84f5, 0x8516, 0x8516, 0x8516, 0x8536, 0x8d36,
    0x8d36, 0x8d36, 0x8d36, 0x8d36, 0x8d36, 0x9557, 0x9557, 0x9556, 0x9536, 0x8cf4, 0x8492, 0x7c0f,
    0x73ad, 0x6b6b, 0x6b4a, 0x738b, 0x7bcd, 0x8c4f, 0x9cf1, 0xad54, 0xb574, 0xad54, 0x9cd2, 0x840e,
    0x6b6c, 0x5ae9, 0x52a8, 0x52a8, 0x5ac8, 0x6309, 0x6b6a, 0x73ab, 0x7bcc, 0x840d, 0x7c2e, 0x7c30,
    0x7431, 0x6c33, 0x6c34, 0x6434, 0x6434, 0x6434, 0x6434, 0x6434, 0x6434, 0x6434, 0x6434, 0x6434,
    0x6c75, 0x7495, 0x84f6, 0x9537, 0x9d98, 0xadd9, 0xb5f9, 0xb5f9, 0xadf9, 0xa5d8, 0x9d98, 0x9d78,
    0x9577, 0x9577, 0x9d78, 0x9d98, 0xa5b8, 0xa5b8, 0xa5b8, 0x9d98, 0x9557, 0x8d17, 0x7cd6, 0x7495,
    0x6c54, 0x6434, 0x6414, 0x5c13, 0x5c13, 0x6414, 0x6434, 0x6c34, 0x6c54, 0x6c54, 0x6c54, 0x6c54,
    0x6c54, 0x6c54, 0x6c54, 0x6c74, 0x7495, 0x7cb5, 0x84f6, 0x9537, 0x9d77, 0x9d98, 0x9d98, 0x9d77,
    0x9537, 0x8d16, 0x84f6, 0x84f6, 0x8d16, 0x9537, 0x9577, 0x9d98, 0x9d98, 0x9d98, 0x9d78, 0x9557,
    0x9537, 0x8d37, 0x8d16, 0x8d16, 0x8d37, 0x8d37, 0x8d17, 0x8516, 0x84f6, 0x7cb6, 0x7495, 0x6c75,
    0x7495, 0x74b5, 0x84d6, 0x8d37, 0x9557, 0x9d78, 0x9d98, 0x9d98, 0x9d98, 0x9d98, 0x9d98, 0xa5b8,
    0xa5d9, 0xadd9, 0xadd8, 0xadb7, 0xad75, 0xa533, 0x9cd1, 0x8c6f, 0x842e, 0x73ed, 0x6bad, 0x636c,
    0x5b0a, 0x52e9, 0x52c9, 0x5ae9, 0x632a, 0x738b, 0x73ac, 0x738c, 0x6b6b, 0x6b4a, 0x632a, 0x632b,
    0x6b6c, 0x73ee, 0x8471, 0x94f4, 0x9d55, 0xa597, 0xa5b7, 0xadb7, 0xadd7, 0xadd7, 0xadd7, 0xadd7,
    0xadd7, 0xadd7, 0xadd7, 0xadd7, 0xadd7, 0xadd7, 0xadd7, 0xadd7, 0xadd7, 0xadd7, 0xadd7, 0xadd7,
    0xadd7, 0xadd7, 0xadd7, 0xadd7, 0xadb7, 0xa5b7, 0xa596, 0x9d35, 0x8cb3, 0x7c30, 0x73ae, 0x6b6c,
    0x6b2a, 0x6b2a, 0x6309, 0x62e9, 0x5aa8, 0x5267, 0x4a26, 0x41e5, 0x39e5, 0x39c5, 0x39c5, 0x39c5,
    0x3163, 0x3183, 0x3184, 0x31a4, 0x39a4, 0x39e5, 0x4206, 0x4a46, 0x5287, 0x5ac8, 0x62e9, 0x630a,
    0x6b4b, 0x73ad, 0x8430, 0x8cd3, 0x9d35, 0x9d77, 0x9d97, 0x9d97, 0x9577, 0x9557, 0x8d36, 0x8516,
    0x84f5, 0x7cd5, 0x7cd4, 0x7cb4, 0x7cb4, 0x7cd4, 0x7cd5, 0x84f5, 0x8516, 0x8516, 0x8d36, 0x8d36,
    0x8d36, 0x8d36, 0x8d36, 0x8d36, 0x8d36, 0x8d36, 0x9536, 0x9536, 0x9515, 0x8cd4, 0x8471, 0x7c0f,
    0x73ac, 0x6b6b, 0x6b4a, 0x736b, 0x7bcc, 0x8c4f, 0x9cd1, 0xa533, 0xad54, 0xa534, 0x94b1, 0x840e,
    0x6b6b, 0x5ae9, 0x52a8, 0x52a8, 0x5ae8, 0x6329, 0x6b6a, 0x7bab, 0x7bcc, 0x840d, 0x7c0e, 0x7c30,
    0x7431, 0x6c33, 0x6c34, 0x6c34, 0x6434, 0x6434, 0x6434, 0x6434, 0x6434, 0x6434, 0x6434, 0x6434,
    0x6434, 0x6c75, 0x7cb5, 0x84f6, 0x9557, 0x9d98, 0xa5d8, 0xadd9, 0xa5d9, 0xa5b8, 0x9d98, 0x9578,
    0x9557, 0x9557, 0x9577, 0x9d78, 0x9d98, 0x9d98, 0x9d98, 0x9d98, 0x9578, 0x8d37, 0x84f6, 0x7cb6,
    0x7495, 0x6c54, 0x6434, 0x6434, 0x6414, 0x6434, 0x6c34, 0x6c54, 0x6c74, 0x6c75, 0x6c75, 0x6c75,
    0x6c75, 0x6c74, 0x6c74, 0x6c74, 0x7475, 0x7495, 0x7cd5, 0x84f6, 0x9537, 0x9d77, 0x9d77, 0x9d77,
    0x9557, 0x8d16, 0x84f6, 0x84d6, 0x84d6, 0x84f6, 0x8d37, 0x9557, 0x9d78, 0x9d98, 0x9d98, 0x9d78,
    0x9557, 0x8d37, 0x8d37, 0x8d16, 0x8516, 0x8516, 0x8d17, 0x8517, 0x84f6, 0x7cd6, 0x74b5, 0x7495,
    0x6c75, 0x7495, 0x7cb5, 0x84d6, 0x8d17, 0x9557, 0x9558, 0x9578, 0x9578, 0x9578, 0x9578, 0x9d78,
    0x9d98, 0xa5b8, 0xa5b8, 0xa597, 0xa575, 0x9d13, 0x94d1, 0x8c6f, 0x842e, 0x73ed, 0x6bad, 0x636c,
    0x5b0a, 0x52e9, 0x5ae9, 0x630a, 0x6b6b, 0x73ac, 0x7bcd, 0x7bac, 0x736b, 0x6b2a, 0x630a, 0x630a,
    0x6b6c, 0x73ce, 0x8451, 0x8cd3, 0x9d55, 0xa597, 0xa5b7, 0xadb7, 0xadd7, 0xadd7, 0xadd7, 0xadd7,
    0xadd7, 0xadd7, 0xadd7, 0xadd7, 0xadd7, 0xadd7, 0xadd7, 0xadd7, 0xadd7, 0xadd7, 0xadd7, 0xadd7,
    0xadd7, 0xadd7, 0xadd7, 0xadd7, 0xadb7, 0xa5b7, 0xa596, 0x9d35, 0x8cb3, 0x7c30, 0x73ae, 0x6b6c,
    0x632a, 0x6309, 0x6309, 0x62e8, 0x5aa8, 0x5267, 0x4a26, 0x41e5, 0x39c5, 0x39c5, 0x39c5, 0x39c5,
    0x3183, 0x3184, 0x3184, 0x39a4, 0x39c4, 0x39e5, 0x4206, 0x4a46, 0x5287, 0x5aa8, 0x62e9, 0x6309,
    0x6b4b, 0x73ad, 0x8430, 0x8cd3, 0x9d35, 0x9d97, 0x9d97, 0x9d97, 0x9d77, 0x9557, 0x8d36, 0x8516,
    0x84f5, 0x7cd4, 0x7c94, 0x7493, 0x7c93, 0x7c93, 0x7cb4, 0x84d5, 0x84f5, 0x8d16, 0x8d36, 0x8d37,
    0x8d57, 0x9557, 0x9557, 0x9557, 0x8d57, 0x9537, 0x9536, 0x9536, 0x9515, 0x8cd4, 0x8471, 0x7c0f,
    0x73ac, 0x6b4b, 0x6b4a, 0x6b6b, 0x7bcc, 0x842f, 0x94b1, 0x9d13, 0xa534, 0x9cf3, 0x8c71, 0x7bee,
    0x6b4b, 0x5ae9, 0x52a8, 0x5ac8, 0x5ae9, 0x6b2a, 0x736a, 0x7bab, 0x7bec, 0x840d, 0x7c0e, 0x7c30,
    0x7431, 0x6c33, 0x6c54, 0x6c54, 0x6c54, 0x6434, 0x6434, 0x6434, 0x6434, 0x6434, 0x6434, 0x6434,
    0x6434, 0x6c54, 0x7475, 0x7cb6, 0x84f6, 0x9557, 0x9d78, 0xa598, 0xa5b8, 0x9d98, 0x9d98, 0x9578,
    0x9578, 0x9557, 0x9557, 0x9557, 0x9557, 0x9578, 0x9578, 0x9578, 0x9557, 0x8d37, 0x8d17, 0x84f6,
    0x7cb6, 0x7495, 0x6c75, 0x6c54, 0x6c34, 0x6c34, 0x6c34, 0x6c54, 0x6c74, 0x7475, 0x7495, 0x7495,
    0x7495, 0x7495, 0x7495, 0x7475, 0x7475, 0x7475, 0x7495, 0x7cd5, 0x84f6, 0x9537, 0x9557, 0x9d77,
    0x9557, 0x9537, 0x84f6, 0x84d6, 0x7cb5, 0x7cd6, 0x84f6, 0x8d16, 0x9537, 0x9d77, 0x9d98, 0x9d98,
    0x9d78, 0x9557, 0x8d37, 0x8d17, 0x8516, 0x84f6, 0x84f6, 0x84f6, 0x84f6, 0x7cd6, 0x7cb5, 0x7495,
    0x6c75, 0x6c75, 0x7495, 0x74b5, 0x84d6, 0x8517, 0x8d37, 0x9557, 0x9557, 0x9557, 0x9557, 0x9557,
    0x9577, 0x9d77, 0x9d77, 0x9d76, 0x9d55, 0x9d13, 0x94d1, 0x8c6f, 0x842e, 0x73ed, 0x6bac, 0x634b,
    0x5b0a, 0x5ae9, 0x5ae9, 0x632a, 0x738c, 0x7bcd, 0x83ed, 0x7bcd, 0x736b, 0x6b2a, 0x630a, 0x630a,
    0x634c, 0x73ce, 0x8451, 0x8cd3, 0x9d35, 0xa597, 0xa5b7, 0xadb7, 0xadd7, 0xadd7, 0xadd7, 0xadd7,
    0xadd7, 0xadd7, 0xadd7, 0xadd7, 0xadd7, 0xadd7, 0xadd7, 0xadd7, 0xadd7, 0xadd7, 0xadd7, 0xadd7,
    0xadd7, 0xadd7, 0xadd7, 0xadd7, 0xadb7, 0xa5b7, 0xa576, 0x9535, 0x8cb3, 0x7c30, 0x73ad, 0x6b4b,
    0x630a, 0x6309, 0x62e8, 0x5ac8, 0x5287, 0x4a46, 0x4206, 0x41e5, 0x39c5, 0x39c5, 0x39c5, 0x39c5,
    0x3184, 0x3184, 0x31a4, 0x39a4, 0x39c4, 0x41e5, 0x4206, 0x4a46, 0x5267, 0x5aa8, 0x5ac8, 0x62e9,
    0x632b, 0x73ad, 0x7c30, 0x8cd3, 0x9d35, 0x9d97, 0xa598, 0x9d98, 0x9d77, 0x9557, 0x8d36, 0x84f6,
    0x7cd5, 0x7cb4, 0x7493, 0x7472, 0x7472, 0x7c93, 0x7cb3, 0x84d4, 0x84f5, 0x8d16, 0x8d37, 0x9557,
    0x9557, 0x9577, 0x9577, 0x9577, 0x9557, 0x9557, 0x9557, 0x9536, 0x9515, 0x8cd4, 0x8471, 0x7c0f,
    0x73ac, 0x6b4b, 0x6b4a, 0x6b6a, 0x73ac, 0x842e, 0x8c91, 0x94f3, 0x94f4, 0x8cd3, 0x8451, 0x73ae,
    0x632b, 0x5ac9, 0x52a8, 0x5ac8, 0x6309, 0x6b4a, 0x738b, 0x7bcb, 0x83ec, 0x840d, 0x842e, 0x7c30,
    0x7c52, 0x7453, 0x7474, 0x6c75, 0x6c55, 0x6c54, 0x6434, 0x6434, 0x6434, 0x6434, 0x6434, 0x6434,
    0x6434, 0x6c34, 0x6c55, 0x7475, 0x7cb6, 0x84f6, 0x8d37, 0x9557, 0x9578, 0x9d78, 0x9578, 0x9578,
    0x9578, 0x9558, 0x9557, 0x9557, 0x8d37, 0x8d37, 0x8d37, 0x8d37, 0x8d37, 0x8d37, 0x8d17, 0x84f7,
    0x84f6, 0x7cd6, 0x7495, 0x7475, 0x6c54, 0x6c54, 0x6c54, 0x6c54, 0x6c74, 0x7475, 0x7495, 0x7cb5,
    0x7cd6, 0x7cd6, 0x7cb5, 0x7c95, 0x7495, 0x7475, 0x7475, 0x7c95, 0x84d5, 0x8cf6, 0x9537, 0x9557,
    0x9557, 0x9537, 0x84f6, 0x7cd6, 0x7cb5, 0x7c95, 0x7cb5, 0x84d6, 0x8d17, 0x9557, 0x9d77, 0x9d98,
    0x9d98, 0x9d78, 0x9557, 0x8d37, 0x8517, 0x84f6, 0x84f6, 0x84f6, 0x84f6, 0x7cd6, 0x7cb5, 0x7495,
    0x7475, 0x6c74, 0x6c74, 0x7475, 0x7495, 0x7cd6, 0x84f6, 0x8d17, 0x8d37, 0x8d37, 0x8d37, 0x8d37,
    0x8d37, 0x8d37, 0x9537, 0x9536, 0x9514, 0x94f3, 0x94b1, 0x8c6f, 0x840e, 0x73cd, 0x6b8c, 0x634b,
    0x5b0a, 0x5ae9, 0x5ae9, 0x6b4a, 0x738c, 0x7bed, 0x840e, 0x7bcd, 0x736c, 0x632a, 0x62e9, 0x630a,
    0x634c, 0x73ae, 0x7c51, 0x8cd3, 0x9d35, 0xa597, 0xa5b7, 0xadb7, 0xadd7, 0xadd7, 0xadd7, 0xadd7,
    0xadd7, 0xadd7, 0xadd7, 0xadd7, 0xadd7, 0xadd7, 0xadd7, 0xadd7, 0xadd7, 0xadd7, 0xadd7, 0xadd7,
    0xadd7, 0xadd7, 0xadd7, 0xadb7, 0xadb7, 0xa597, 0xa576, 0x9535, 0x8cb3, 0x7c30, 0x6bad, 0x634b,
    0x630a, 0x5ae9, 0x5ac8, 0x52a7, 0x5266, 0x4a26, 0x4205, 0x41e5, 0x39c5, 0x39c5, 0x39c5, 0x39a4,
    0x3184, 0x3184, 0x31a4, 0x39a4, 0x39c5, 0x41e5, 0x4226, 0x4a46, 0x5267, 0x52a8, 0x5aa8, 0x5ae9,
    0x632b, 0x6b8d, 0x7c30, 0x8cb3, 0x9d35, 0x9d77, 0xa598, 0xa598, 0x9d98, 0x9557, 0x8d36, 0x8516,
    0x84d5, 0x7c94, 0x7472, 0x7452, 0x7451, 0x7c72, 0x7c93, 0x84d4, 0x84f5, 0x8d16, 0x8d37, 0x9557,
    0x9577, 0x9577, 0x9d77, 0x9d77, 0x9577, 0x9577, 0x9557, 0x9556, 0x9515, 0x8cd4, 0x8471, 0x7bef,
    0x6b8c, 0x6b4b, 0x6b4a, 0x6b6b, 0x73ac, 0x7c0e, 0x8471, 0x8cb3, 0x8cb3, 0x8492, 0x7c10, 0x6b8e,
    0x632b, 0x5ac9, 0x5aa8, 0x5ac9, 0x6309, 0x6b4a, 0x738b, 0x7bcc, 0x83ec, 0x840d, 0x842f, 0x8450,
    0x7c72, 0x7c94, 0x7c95, 0x7495, 0x6c75, 0x6c55, 0x6434, 0x6434, 0x6434, 0x6c55, 0x6c55, 0x6c55,
    0x6c54, 0x6c34, 0x6c34, 0x6c55, 0x7475, 0x7cb6, 0x84d6, 0x8517, 0x8d37, 0x8d37, 0x9557, 0x9557,
    0x9558, 0x9558, 0x9558, 0x9537, 0x8d37, 0x8d17, 0x8517, 0x84f7, 0x8517, 0x8517, 0x8517, 0x8517,
    0x84f6, 0x84f6, 0x7cd6, 0x7c95, 0x7475, 0x6c54, 0x6c54, 0x6c54, 0x6c74, 0x7475, 0x7cb5, 0x84d6,
    0x84f6, 0x84f6, 0x84f6, 0x84d6, 0x7cb5, 0x7495, 0x7475, 0x7475, 0x7c95, 0x84d6, 0x8cf6, 0x8d37,
    0x9537, 0x8d37, 0x84f6, 0x84d6, 0x7cb5, 0x7495, 0x7495, 0x7cb5, 0x84d6, 0x8d16, 0x9557, 0x9d77,
    0x9d78, 0x9d78, 0x9557, 0x8d37, 0x8d17, 0x84f6, 0x84f6, 0x84d6, 0x84d6, 0x7cd6, 0x7cb5, 0x7495,
    0x7475, 0x6c74, 0x6c74, 0x6c75, 0x7495, 0x74b5, 0x7cd6, 0x84f6, 0x8517, 0x8517, 0x8517, 0x8517,
    0x8517, 0x8516, 0x8d16, 0x8d15, 0x8cf4, 0x8cd2, 0x8c90, 0x8c4f, 0x840d, 0x73cc, 0x6b8c, 0x634b,
    0x5b0a, 0x5ae9, 0x5ae9, 0x6b4b, 0x73ac, 0x7bee, 0x840e, 0x7bcd, 0x738c, 0x632a, 0x62e9, 0x5aea,
    0x634b, 0x6bae, 0x7c51, 0x8cd3, 0x9d35, 0xa597, 0xadb7, 0xadd8, 0xadd8, 0xadd8, 0xadd7, 0xadd7,
    0xadd7, 0xadd7, 0xadd7, 0xadd7, 0xadd7, 0xadd7, 0xadd7, 0xadd7, 0xadd7, 0xadd7, 0xadd7, 0xadd7,
    0xadd7, 0xadd7, 0xadb7, 0xadb7, 0xadb7, 0xa597, 0xa576, 0x9515, 0x8cb3, 0x7c30, 0x6b8d, 0x632b,
    0x5ae9, 0x5ac8, 0x5aa7, 0x5287, 0x4a46, 0x4225, 0x4205, 0x39e4, 0x39c4, 0x39c4, 0x39a4, 0x39a4,
    0x3183, 0x3183, 0x31a4, 0x31a4, 0x39e5, 0x4205, 0x4a46, 0x4a67, 0x5287, 0x52a8, 0x5aa8, 0x5ae9,
    0x632b, 0x6b8d, 0x7c10, 0x8cb3, 0x9535, 0x9d77, 0xa598, 0xa598, 0x9d98, 0x9d77, 0x9537, 0x8d16,
    0x84d5, 0x7c93, 0x7452, 0x7431, 0x7430, 0x7c51, 0x7c72, 0x84b3, 0x8cf5, 0x8d16, 0x9537, 0x9557,
    0x9577, 0x9d78, 0x9d98, 0x9d98, 0x9d77, 0x9d77, 0x9d77, 0x9556, 0x9535, 0x8cd4, 0x8471, 0x7bef,
    0x6b8c, 0x6b4b, 0x6b4a, 0x6b6b, 0x73ac, 0x7bee, 0x7c30, 0x8472, 0x7c73, 0x7c52, 0x73f0, 0x636d,
    0x5b0b, 0x5ac9, 0x5aa9, 0x5ae9, 0x6309, 0x6b4a, 0x738b, 0x7bcc, 0x840d, 0x842e, 0x844f, 0x8471,
    0x8493, 0x84b4, 0x7cb5, 0x7cb5, 0x7495, 0x6c75, 0x6c55, 0x6c55, 0x6c75, 0x6c75, 0x7475, 0x7475,
    0x6c75, 0x6c55, 0x6c54, 0x6c54, 0x6c55, 0x6c75, 0x7495, 0x7cd6, 0x84f6, 0x84f7, 0x8517, 0x8d37,
    0x8d37, 0x9557, 0x9557, 0x9537, 0x8d37, 0x8d17, 0x84f7, 0x84f6, 0x84f6, 0x84f6, 0x84f6, 0x84f6,
    0x84f6, 0x84f6, 0x84f6, 0x7cd6, 0x7495, 0x7475, 0x6c54, 0x6c54, 0x6c74, 0x7495, 0x7cb5, 0x84f6,
    0x8d17, 0x8d37, 0x8d37, 0x8516, 0x84d6, 0x7cb5, 0x7495, 0x7475, 0x7495, 0x7cb5, 0x84d6, 0x84f6,
    0x8d16, 0x8d16, 0x84f6, 0x7cd6, 0x7cb5, 0x7495, 0x7495, 0x7495, 0x7cb5, 0x84d6, 0x8d16, 0x9537,
    0x9557, 0x9557, 0x9557, 0x8d37, 0x8d37, 0x8517, 0x84f6, 0x84f6, 0x84f6, 0x84d6, 0x7cb5, 0x7c95,
    0x7495, 0x7475, 0x7475, 0x7475, 0x7475, 0x7495, 0x7495, 0x7cb6, 0x7cd6, 0x84f6, 0x84f6, 0x84f6,
    0x84f6, 0x84f6, 0x84f6, 0x84f5, 0x8cd4, 0x8cb2, 0x8c70, 0x844e, 0x840d, 0x73cc, 0x6b8b, 0x634a,
    0x5b0a, 0x5ae9, 0x5ae9, 0x632b, 0x738c, 0x7bee, 0x7c0e, 0x7bcd, 0x738c, 0x6b2a, 0x630a, 0x630a,
    0x634c, 0x73ae, 0x7c51, 0x8cd3, 0x9d35, 0xa597, 0xadb7, 0xadd8, 0xadd8, 0xadd8, 0xadd8, 0xadd7,
    0xadd7, 0xadd7, 0xadd7, 0xadd7, 0xadd7, 0xadd7, 0xadd7, 0xadd7, 0xadd7, 0xadd7, 0xadd7, 0xadd7,
    0xadd7, 0xadd7, 0xadb7, 0xadb7, 0xadb7, 0xa597, 0x9d76, 0x9515, 0x8cb3, 0x7c30, 0x6b8d, 0x632b,
    0x5ae9, 0x5ac8, 0x52a7, 0x5286, 0x4a46, 0x4225, 0x4204, 0x39e4, 0x39c4, 0x39c4, 0x31a4, 0x31a4,
    0x3183, 0x3183, 0x31a3, 0x31c4, 0x39e5, 0x4226, 0x4a66, 0x5287, 0x52a8, 0x5ac8, 0x5ac8, 0x62e9,
    0x632b, 0x6b8d, 0x7c10, 0x8cb3, 0x9515, 0x9d77, 0x9d98, 0x9d98, 0x9d98, 0x9d77, 0x9557, 0x8d16,
    0x84d4, 0x7c93, 0x7431, 0x7410, 0x740f, 0x7c30, 0x7c51, 0x8493, 0x8cd5, 0x8d16, 0x9537, 0x9557,
    0x9577, 0x9d78, 0x9d98, 0x9d98, 0x9d98, 0x9d77, 0x9d77, 0x9d77, 0x9536, 0x8cf4, 0x8471, 0x7bef,
    0x6b8c, 0x6b4b, 0x6b4a, 0x6b6b, 0x6b8c, 0x73ce, 0x7410, 0x7c52, 0x7452, 0x7432, 0x6bd0, 0x636e,
    0x5b0b, 0x5ac9, 0x5ac9, 0x5ae9, 0x6309, 0x6b6a, 0x73ab, 0x7bcc, 0x840d, 0x842e, 0x8c4f, 0x8c91,
    0x8cb3, 0x84d4, 0x84d5, 0x7cb5, 0x7495, 0x7475, 0x6c75, 0x6c75, 0x7495, 0x7cb6, 0x7cd6, 0x7cb6,
    0x7cb6, 0x7495, 0x6c75, 0x6c55, 0x6c34, 0x6c55, 0x6c75, 0x7495, 0x74b5, 0x7cd6, 0x7cd6, 0x84f6,
    0x8517, 0x8d17, 0x8d37, 0x8d37, 0x8d37, 0x8d17, 0x84f7, 0x84f6, 0x84f6, 0x84d6, 0x84d6, 0x84d6,
    0x84f6, 0x84f6, 0x84f6, 0x7cd6, 0x7cb6, 0x7495, 0x7475, 0x6c75, 0x6c75, 0x7475, 0x7cb5, 0x84f6,
    0x8d17, 0x9537, 0x9557, 0x8d37, 0x8d16, 0x84d6, 0x7cb5, 0x7495, 0x7495, 0x7495, 0x7cb5, 0x7cd5,
    0x84d6, 0x84d6, 0x84d6, 0x7cd5, 0x7cb5, 0x7495, 0x7495, 0x7495, 0x7495, 0x7cb5, 0x84d6, 0x84f6,
    0x8d17, 0x8d37, 0x8d37, 0x8d37, 0x8d37, 0x8d37, 0x8d17, 0x8d17, 0x84f6, 0x84f6, 0x7cd6, 0x7cb5,
    0x7495, 0x7495, 0x7495, 0x7495, 0x7495, 0x7495, 0x7495, 0x7495, 0x7495, 0x7cb6, 0x7cd6, 0x7cd6,
    0x7cd6, 0x84d6, 0x84d5, 0x84d5, 0x84b3, 0x8492, 0x8470, 0x842e, 0x840d, 0x7bcc, 0x6b8b, 0x634a,
    0x5b09, 0x5ae9, 0x5ae9, 0x632a, 0x6b6c, 0x73ce, 0x7bee, 0x7bcd, 0x738c, 0x6b4b, 0x630a, 0x630a,
    0x634c, 0x73ce, 0x7c51, 0x8cd3, 0x9d35, 0xa597, 0xadb7, 0xadd8, 0xadd8, 0xadd8, 0xadd8, 0xadd8,
    0xadd7, 0xadd7, 0xadd7, 0xadd7, 0xadd7, 0xadd7, 0xadd7, 0xadd7, 0xadd7, 0xadd7, 0xadd7, 0xadd7,
    0xadd7, 0xadd7, 0xadb7, 0xadb7, 0xadb7, 0xa597, 0x9d76, 0x9515, 0x8cb3, 0x7c30, 0x6bad, 0x632b,
    0x62e9, 0x5ac8, 0x5aa7, 0x52a7, 0x4a66, 0x4245, 0x4204, 0x39e4, 0x31e3, 0x31c3, 0x31a3, 0x31a3,
    0x3183, 0x3183, 0x31a3, 0x31c4, 0x3a05, 0x4246, 0x4a87, 0x52a8, 0x5ac8, 0x5ae8, 0x62e9, 0x62e9,
    0x632b, 0x6b8d, 0x7c10, 0x8c93, 0x9515, 0x9d57, 0x9d78, 0x9d98, 0x9d78, 0x9d77, 0x9557, 0x8d16,
    0x84d4, 0x7c72, 0x7410, 0x73ef, 0x73ce, 0x740f, 0x7c30, 0x8492, 0x84d4, 0x8d15, 0x9537, 0x9557,
    0x9577, 0x9d78, 0x9d78, 0x9d98, 0x9d98, 0x9d98, 0x9d97, 0x9d77, 0x9536, 0x8cf4, 0x8472, 0x7c0f,
    0x6b8c, 0x6b4b, 0x6b4a, 0x6b4b, 0x6b8c, 0x73ce, 0x7410, 0x7432, 0x7452, 0x7432, 0x6bf0, 0x638e,
    0x632b, 0x5ae9, 0x5ac9, 0x5ae9, 0x6309, 0x6b6a, 0x73ab, 0x7bcc, 0x840d, 0x8c2e, 0x8c6f, 0x8c91,
    0x8cd3, 0x8cd5, 0x84d6, 0x84d6, 0x7cb6, 0x7495, 0x7495, 0x7cb6, 0x7cd6, 0x84f7, 0x84f7, 0x84f7,
    0x84f6, 0x7cb6, 0x7495, 0x6c75, 0x6c55, 0x6434, 0x6c54, 0x6c75, 0x6c75, 0x7495, 0x7495, 0x7cb6,
    0x7cd6, 0x84f6, 0x8d17, 0x8d37, 0x8d37, 0x8d37, 0x8d17, 0x8517, 0x84f6, 0x84d6, 0x7cd6, 0x7cd6,
    0x7cd6, 0x84d6, 0x84d6, 0x84d6, 0x7cd6, 0x7cb6, 0x7495, 0x7475, 0x6c75, 0x7475, 0x7495, 0x84d6,
    0x8516, 0x8d37, 0x9557, 0x9557, 0x8d37, 0x8d17, 0x84f6, 0x7cb5, 0x7495, 0x7495, 0x7495, 0x7495,
    0x7c95, 0x7cb5, 0x7cb5, 0x7cb5, 0x7cb5, 0x7495, 0x7495, 0x7495, 0x7495, 0x7495, 0x7cb5, 0x84d6,
    0x84f6, 0x8d17, 0x8d37, 0x9537, 0x9557, 0x9557, 0x9557, 0x9537, 0x8d37, 0x8d17, 0x84f6, 0x7cd6,
    0x7cb6, 0x7cb5, 0x7cb5, 0x7cb5, 0x7cb5, 0x7495, 0x7495, 0x7495, 0x7495, 0x7495, 0x7495, 0x7cb5,
    0x7cb6, 0x7cd6, 0x84d5, 0x84d5, 0x84b3, 0x8492, 0x8470, 0x842e, 0x840d, 0x7bcc, 0x738b, 0x6b4a,
    0x6309, 0x5ae9, 0x5ae9, 0x630a, 0x6b6c, 0x73ad, 0x73ce, 0x73ad, 0x6b8c, 0x6b4b, 0x632a, 0x632b,
    0x6b6c, 0x73ce, 0x8451, 0x8cd3, 0x9d55, 0xa597, 0xadb7, 0xadd8, 0xadd8, 0xadd8, 0xadd8, 0xadd8,
    0xadd7, 0xadd7, 0xadd7, 0xadd7, 0xadd7, 0xadd7, 0xadd7, 0xadd7, 0xadd7, 0xadd7, 0xadd7, 0xadd7,
    0xadd7, 0xadd7, 0xadb7, 0xadb7, 0xadb7, 0xa597, 0x9d76, 0x9515, 0x8cb3, 0x7c30, 0x73ad, 0x634b,
    0x630a, 0x62e9, 0x5ac8, 0x5aa7, 0x5286, 0x4a45, 0x4224, 0x3a04, 0x31e3, 0x31e3, 0x31c3, 0x31a3,
    0x31a4, 0x31a3, 0x31a3, 0x31c4, 0x3a05, 0x4246, 0x4a87, 0x52c8, 0x5ae8, 0x62e9, 0x62e9, 0x630a,
    0x6b2b, 0x738d, 0x7c10, 0x8493, 0x94f5, 0x9557, 0x9d77, 0x9d78, 0x9d78, 0x9557, 0x9537, 0x8cf5,
    0x8493, 0x7c51, 0x73ef, 0x6bce, 0x73ae, 0x73ee, 0x7c30, 0x8472, 0x84b3, 0x8cf5, 0x8d36, 0x9537,
    0x9557, 0x9577, 0x9578, 0x9d78, 0x9d78, 0x9d98, 0x9d98, 0x9d77, 0x9d56, 0x94f4, 0x8492, 0x7c0f,
    0x738d, 0x6b4b, 0x6b4a, 0x6b4b, 0x6b8c, 0x73ce, 0x7410, 0x7c52, 0x7c73, 0x7c52, 0x7411, 0x6bae,
    0x632c, 0x5aea, 0x5ac9, 0x5ae9, 0x6309, 0x6b6a, 0x7bab, 0x83cc, 0x840d, 0x8c4e, 0x8c70, 0x8cb1,
    0x8cd3, 0x8cf5, 0x84f6, 0x84f6, 0x84d6, 0x7cd6, 0x84d6, 0x84f6, 0x8d17, 0x8d37, 0x9557, 0x9537,
    0x8d17, 0x84f7, 0x7cb6, 0x7495, 0x6c75, 0x6c54, 0x6c54, 0x6c54, 0x6c54, 0x6c75, 0x6c75, 0x7475,
    0x7495, 0x7cb6, 0x84f6, 0x8517, 0x8d37, 0x8d37, 0x8d37, 0x8d37, 0x8d37, 0x84f6, 0x84d6, 0x7cd6,
    0x7cb6, 0x7cd6, 0x7cd6, 0x7cd6, 0x7cd6, 0x7cd6, 0x7cb5, 0x7495, 0x7475, 0x7475, 0x7495, 0x7cb5,
    0x84d6, 0x8d17, 0x8d37, 0x9557, 0x9557, 0x8d37, 0x8d17, 0x84f6, 0x7cb5, 0x7495, 0x7475, 0x7475,
    0x7475, 0x7495, 0x7495, 0x7495, 0x7495, 0x7495, 0x7495, 0x7495, 0x7495, 0x7495, 0x7cb5, 0x7cd6,
    0x84f6, 0x8d17, 0x8d37, 0x9557, 0x9d77, 0x9d78, 0x9d78, 0x9d78, 0x9578, 0x9537, 0x8d17, 0x84f6,
    0x84d6, 0x7cd6, 0x7cd6, 0x7cd6, 0x7cb6, 0x7cb5, 0x7495, 0x7495, 0x7495, 0x7495, 0x7495, 0x7495,
    0x7cb5, 0x7cb5, 0x7cd5, 0x84b4, 0x84b3, 0x8491, 0x8450, 0x842e, 0x840d, 0x7bcc, 0x738b, 0x6b4a,
    0x6309, 0x5ae9, 0x5ae9, 0x5b0a, 0x634c, 0x6bad, 0x73ce, 0x73ad, 0x6b8c, 0x6b4b, 0x632a, 0x634b,
    0x6b6c, 0x73ce, 0x8451, 0x8cd3, 0x9d55, 0xa597, 0xadb7, 0xadd8, 0xadd8, 0xadd8, 0xadd8, 0xadd8,
    0xadd7, 0xadd7, 0xadd7, 0xadd7, 0xadd7, 0xadd7, 0xadd7, 0xadd7, 0xadd7, 0xadd7, 0xadd7, 0xadd7,
    0xadd7, 0xadb7, 0xadb7, 0xadb7, 0xadb7, 0xa597, 0x9d76, 0x9515, 0x8cb3, 0x7c30, 0x73ad, 0x6b4b,
    0x630a, 0x6309, 0x62e8, 0x5ac8, 0x52a7, 0x4a66, 0x4244, 0x3a04, 0x39e3, 0x31e3, 0x31c3, 0x31c3,
    0x31a4, 0x31a4, 0x31a4, 0x31c4, 0x3a04, 0x4225, 0x4a66, 0x52a7, 0x5ae8, 0x62e9, 0x6309, 0x630a,
    0x6b4b, 0x738d, 0x7c10, 0x8492, 0x8cf5, 0x9536, 0x9577, 0x9578, 0x9577, 0x9557, 0x8d16, 0x8cd4,
    0x8473, 0x7410, 0x6bce, 0x6bad, 0x6bad, 0x73ce, 0x7c0f, 0x8471, 0x84b3, 0x8cd4, 0x8d16, 0x9537,
    0x9557, 0x9557, 0x9557, 0x9578, 0x9578, 0x9d78, 0x9d98, 0x9d97, 0x9d76, 0x9515, 0x8c92, 0x7c0f,
    0x73ad, 0x6b4b, 0x6b4a, 0x6b6b, 0x6b8c, 0x73ee, 0x7c31, 0x8473, 0x8493, 0x8493, 0x7c31, 0x73cf,
    0x6b4c, 0x630a, 0x5ae9, 0x62e9, 0x630a, 0x6b6a, 0x7bab, 0x83cc, 0x840d, 0x8c4e, 0x8c70, 0x8cb1,
    0x8cd3, 0x8cf5, 0x8cf6, 0x8d16, 0x8d17, 0x8d17, 0x8d37, 0x9557, 0x9578, 0x9d78, 0x9d78, 0x9d78,
    0x9558, 0x8d37, 0x84f7, 0x7cd6, 0x7495, 0x6c75, 0x6c55, 0x6c54, 0x6c54, 0x6c54, 0x6c54, 0x6c54,
    0x6c75, 0x7495, 0x7cb6, 0x84f6, 0x8d17, 0x9557, 0x9558, 0x9578, 0x9557, 0x8d37, 0x84f6, 0x7cd6,
    0x7cb6, 0x7cb5, 0x7cb6, 0x7cd6, 0x7cd6, 0x7cd6, 0x7cd6, 0x74b5, 0x7495, 0x7475, 0x7475, 0x7495,
    0x7cb5, 0x84f6, 0x8d17, 0x8d57, 0x9557, 0x9557, 0x8d37, 0x8d16, 0x84d6, 0x7cb5, 0x7495, 0x7475,
    0x7474, 0x7474, 0x7474, 0x7475, 0x7495, 0x7495, 0x7495, 0x7495, 0x7495, 0x7cb5, 0x7cd6, 0x84d6,
    0x8d16, 0x8d37, 0x9557, 0x9d78, 0x9d98, 0xa5b8, 0xa5b8, 0xa5b8, 0x9d98, 0x9d78, 0x9557, 0x8d17,
    0x84f6, 0x84d6, 0x7cd6, 0x7cd6, 0x7cd6, 0x7cb6, 0x7cb5, 0x7495, 0x7495, 0x7495, 0x7495, 0x7cb5,
    0x7cb5, 0x7cb5, 0x7cd5, 0x84b4, 0x8493, 0x8471, 0x8450, 0x842e, 0x840d, 0x7bcc, 0x738b, 0x6b4a,
    0x6309, 0x5ae9, 0x5ac9, 0x5b0a, 0x634c, 0x6b8d, 0x73ce, 0x73ad, 0x6b8c, 0x6b4b, 0x6b4a, 0x6b4b,
    0x6b6c, 0x73ee, 0x8471, 0x8cd3, 0x9d55, 0xa597, 0xadb7, 0xadd8, 0xadd8, 0xadd8, 0xadd8, 0xadd7,
    0xadd7, 0xadd7, 0xadd7, 0xadd7, 0xadd7, 0xadd7, 0xadd7, 0xadd7, 0xadd7, 0xadd7, 0xadd7, 0xadd7,
    0xadd7, 0xadb7, 0xadb7, 0xadb7, 0xadb7, 0xa597, 0x9d76, 0x9515, 0x8cb3, 0x7c30, 0x73ad, 0x6b4b,
    0x632a, 0x6309, 0x62e9, 0x5ac8, 0x52a7, 0x4a66, 0x4245, 0x3a04, 0x3a04, 0x39e4, 0x39e4, 0x39e4,
    0x39a4, 0x31a4, 0x31c4, 0x31c4, 0x39e4, 0x4225, 0x4a66, 0x52a7, 0x5ac8, 0x62e9, 0x6309, 0x630a,
    0x6b4b, 0x6b8d, 0x7c10, 0x8472, 0x8cf5, 0x9536, 0x9557, 0x9557, 0x9557, 0x9536, 0x8cf5, 0x8493,
    0x7c31, 0x73cf, 0x6b8d, 0x6b8d, 0x6b8d, 0x73cd, 0x7c0f, 0x8451, 0x8492, 0x8cd4, 0x8cf5, 0x8d16,
    0x9537, 0x9537, 0x9557, 0x9557, 0x9577, 0x9d78, 0x9d98, 0x9d97, 0x9d77, 0x9515, 0x8c92, 0x7c0f,
    0x73ad, 0x6b6b, 0x6b4a, 0x6b6b, 0x73ad, 0x7c0f, 0x8471, 0x8cb3, 0x8cd4, 0x8cd4, 0x8472, 0x7bef,
    0x6b6c, 0x630a, 0x5ae9, 0x62e9, 0x632a, 0x6b6b, 0x7bab, 0x83cc, 0x840d, 0x8c4e, 0x8c70, 0x8cb2,
    0x8cd3, 0x8cf5, 0x8d16, 0x9537, 0x9557, 0x9578, 0x9d78, 0x9d98, 0xa5b9, 0xa5b9, 0xa5b9, 0x9d99,
    0x9d78, 0x9558, 0x8d37, 0x84f7, 0x7cd6, 0x7495, 0x6c75, 0x6c55, 0x6c54, 0x6c34, 0x6c34, 0x6c54,
    0x6c55, 0x7475, 0x74b6, 0x84d6, 0x8d17, 0x9557, 0x9d78, 0x9d98, 0x9d98, 0x9578, 0x8d37, 0x84f6,
    0x7cd6, 0x7cb5, 0x7cb5, 0x7cb6, 0x7cd6, 0x7cd6, 0x7cd6, 0x7cb5, 0x7495, 0x7475, 0x6c74, 0x7475,
    0x7495, 0x7cb5, 0x84f6, 0x8d17, 0x8d57, 0x9557, 0x9557, 0x8d37, 0x8d17, 0x84d6, 0x7cb5, 0x7495,
    0x7475, 0x6c74, 0x6c74, 0x7475, 0x7475, 0x7495, 0x7c95, 0x7cb5, 0x7cb6, 0x7cd6, 0x84f6, 0x8d17,
    0x9537, 0x9d78, 0x9d98, 0xa5b8, 0xadd9, 0xadd9, 0xadf9, 0xadd9, 0xa5d9, 0xa598, 0x9d78, 0x9537,
    0x8d17, 0x84f6, 0x7cd6, 0x7cd6, 0x7cb6, 0x7cb5, 0x7cb5, 0x7cb6, 0x7cb6, 0x7cb6, 0x7cd6, 0x7cd6,
    0x84d6, 0x84d6, 0x84d5, 0x84b4, 0x8493, 0x8471, 0x8450, 0x842e, 0x840d, 0x7bcc, 0x738b, 0x6b4a,
    0x6309, 0x5ae9, 0x5ac9, 0x5b0a, 0x634c, 0x6bad, 0x73ce, 0x73ad, 0x738c, 0x6b4b, 0x6b4b, 0x6b4b,
    0x6b8c, 0x73ee, 0x8471, 0x8cd3, 0x9d55, 0xa597, 0xa5b7, 0xadb7, 0xadd7, 0xadd7, 0xadd7, 0xadd7,
    0xadd7, 0xadd7, 0xadd7, 0xadd7, 0xadd7, 0xadd7, 0xadd7, 0xadd7, 0xadd7, 0xadd7, 0xadd7, 0xadd7,
    0xadd7, 0xadb7, 0xadb7, 0xadb7, 0xadb7, 0xa597, 0x9d76, 0x9515, 0x8cb3, 0x7c30, 0x73ad, 0x6b4b,
    0x630a, 0x6309, 0x62e9, 0x5ac8, 0x52a7, 0x4a66, 0x4245, 0x3a04, 0x3a04, 0x39e4, 0x39e4, 0x39e4,
    0x39c5, 0x39c4, 0x39c4, 0x39c4, 0x39e4, 0x4205, 0x4a46, 0x5287, 0x5ac8, 0x62e8, 0x6309, 0x630a,
    0x6b4b, 0x6b8d, 0x73ef, 0x8472, 0x8cd4, 0x8d16, 0x9537, 0x9537, 0x9536, 0x8cf5, 0x84b4, 0x7c72,
    0x7410, 0x6bae, 0x6b6d, 0x6b6c, 0x738d, 0x73cd, 0x7c0f, 0x8450, 0x8492, 0x8cd3, 0x8cf4, 0x8cf5,
    0x8d16, 0x8d36, 0x8d37, 0x8d37, 0x9557, 0x9577, 0x9d78, 0x9d97, 0x9d77, 0x9d35, 0x8cb2, 0x842f,
    0x73ad, 0x6b6b, 0x6b6b, 0x738b, 0x73cd, 0x842f, 0x8c92, 0x94f4, 0x9515, 0x94f4, 0x8c92, 0x7c0f,
    0x6b8d, 0x632a, 0x5ae9, 0x6309, 0x6b2a, 0x736b, 0x7bab, 0x83ec, 0x840d, 0x8c4e, 0x8c90, 0x8cb2,
    0x8cf4, 0x9515, 0x9537, 0x9d77, 0x9d98, 0xa5b9, 0xa5d9, 0xadd9, 0xadf9, 0xadf9, 0xadd9, 0xa5d9,
    0xa5b9, 0x9d98, 0x9578, 0x8d37, 0x84f7, 0x7cd6, 0x7495, 0x7475, 0x6c55, 0x6c54, 0x6434, 0x6434,
    0x6c55, 0x6c75, 0x74b5, 0x84d6, 0x8d17, 0x9578, 0x9d98, 0xa5b8, 0xa5b8, 0x9d98, 0x9578, 0x8d37,
    0x84f6, 0x7cd6, 0x7cb5, 0x7cb5, 0x7cb5, 0x7cd6, 0x7cb6, 0x7495, 0x7495, 0x7475, 0x6c54, 0x6c54,
    0x7474, 0x7495, 0x7cb5, 0x84f6, 0x8d17, 0x8d37, 0x9557, 0x9557, 0x8d37, 0x8d17, 0x84d6, 0x7cb5,
    0x7495, 0x7475, 0x7475, 0x7475, 0x7475, 0x7495, 0x7cb5, 0x7cd6, 0x84f6, 0x84f6, 0x8d37, 0x9557,
    0x9d78, 0xa598, 0xa5d9, 0xadf9, 0xb5f9, 0xb619, 0xb619, 0xb5f9, 0xadf9, 0xa5d9, 0xa598, 0x9d78,
    0x8d37, 0x84f6, 0x84d6, 0x7cb5, 0x7cb5, 0x7cb5, 0x7cb6, 0x7cd6, 0x84d6, 0x84f6, 0x84f6, 0x8d17,
    0x8d16, 0x8d16, 0x8cf6, 0x84d5, 0x84b3, 0x8491, 0x8450, 0x842e, 0x840d, 0x7bcc, 0x738b, 0x6b4a,
    0x6309, 0x5ae9, 0x5ae9, 0x630a, 0x6b6c, 0x73ad, 0x73ce, 0x73ce, 0x738c, 0x6b6b, 0x6b4b, 0x6b4b,
    0x6b8c, 0x73ee, 0x8471, 0x8cd3, 0x9d55, 0xa597, 0xa5b7, 0xadb7, 0xadd7, 0xadd7, 0xadd7, 0xadd7,
    0xadd7, 0xadd7, 0xadd7, 0xadd7, 0xadd7, 0xadd7, 0xadd7, 0xadd7, 0xadd7, 0xadd7, 0xadd7, 0xadd7,
    0xadd7, 0xadb7, 0xadb7, 0xadb7, 0xadb7, 0xa597, 0x9d76, 0x9515, 0x8cb3, 0x7c30, 0x6bad, 0x634b,
    0x630a, 0x62e9, 0x62e9, 0x5ac8, 0x52a7, 0x4a66, 0x4225, 0x3a05, 0x3a04, 0x39e4, 0x39e5, 0x41e5,
    0x39c5, 0x39c5, 0x39c4, 0x39c4, 0x39e4, 0x3a05, 0x4245, 0x4a86, 0x5ac7, 0x62e8, 0x6309, 0x630a,
    0x6b4b, 0x6b8d, 0x73ef, 0x7c72, 0x84b4, 0x8cf5, 0x8d16, 0x8d16, 0x8cf5, 0x84d4, 0x7c72, 0x7411,
    0x6bcf, 0x6b8d, 0x6b6c, 0x6b6c, 0x73ad, 0x7bee, 0x842f, 0x8470, 0x8c91, 0x8cb2, 0x8cd3, 0x8cf4,
    0x8cf5, 0x8cf6, 0x8d16, 0x8d16, 0x8d37, 0x9557, 0x9d77, 0x9d77, 0x9d56, 0x9515, 0x8cb2, 0x842f,
    0x73ad, 0x6b6b, 0x6b6b, 0x738c, 0x7bed, 0x8450, 0x94d2, 0x9d34, 0x9d55, 0x9d35, 0x94b3, 0x8430,
    0x738d, 0x632b, 0x62ea, 0x630a, 0x6b2a, 0x736b, 0x7bac, 0x83ec, 0x840d, 0x8c4e, 0x8c90, 0x94b2,
    0x94f4, 0x9536, 0x9557, 0x9d98, 0xa5b9, 0xadd9, 0xadfa, 0xb61a, 0xb61a, 0xb61a, 0xadfa, 0xadda,
    0xa5d9, 0xa5b9, 0x9d98, 0x9578, 0x8d37, 0x8517, 0x7cd6, 0x7495, 0x7475, 0x6c55, 0x6c55, 0x6c55,
    0x6c75, 0x7495, 0x7cb6, 0x84f6, 0x8d37, 0x9d78, 0xa5b8, 0xa5d9, 0xa5d9, 0xa5d9, 0x9d98, 0x9578,
    0x8d37, 0x8516, 0x84f6, 0x7cd6, 0x7cd6, 0x7cd6, 0x7cb5, 0x7495, 0x7475, 0x6c75, 0x6c54, 0x6c54,
    0x6c54, 0x6c74, 0x7495, 0x7cb6, 0x84f6, 0x8d17, 0x9557, 0x9577, 0x9557, 0x9557, 0x8d17, 0x84f6,
    0x7cd6, 0x7cb5, 0x7495, 0x7495, 0x7495, 0x7c95, 0x7cd6, 0x84f6, 0x8517, 0x8d37, 0x9557, 0x9d98,
    0x9db8, 0xa5d9, 0xadf9, 0xb619, 0xb61a, 0xb63a, 0xbe3a, 0xb63a, 0xb61a, 0xadf9, 0xa5d9, 0x9d98,
    0x9557, 0x8d17, 0x84f6, 0x7cd6, 0x7cb5, 0x7cb5, 0x7cd6, 0x84d6, 0x84f6, 0x8d17, 0x8d37, 0x9557,
    0x9557, 0x9557, 0x9537, 0x9515, 0x8cd4, 0x8cb2, 0x8c70, 0x842e, 0x840d, 0x7bcc, 0x738b, 0x6b4a,
    0x6309, 0x5ae9, 0x5ae9, 0x630a, 0x6b6c, 0x73ce, 0x7bee, 0x7bce, 0x73ac, 0x6b6b, 0x6b4b, 0x6b4b,
    0x6b8c, 0x73ee, 0x8471, 0x8cd3, 0x9d55, 0xa597, 0xa5b7, 0xadb7, 0xadd7, 0xadd7, 0xadd7, 0xadd7,
    0xadd7, 0xadd7, 0xadd7, 0xadd7, 0xadd7, 0xadd7, 0xadd7, 0xadd7, 0xadd7, 0xadd7, 0xadd7, 0xadd7,
    0xadd7, 0xadb7, 0xadb7, 0xadb7, 0xadb7, 0xa597, 0x9d76, 0x9515, 0x8cb3, 0x7c30, 0x6bad, 0x632b,
    0x5aea, 0x5ae9, 0x5ac8, 0x5aa8, 0x5287, 0x4a66, 0x4225, 0x3a05, 0x39e5, 0x39e5, 0x41e5, 0x41e5,
    0x39c5, 0x39c5, 0x39c5, 0x39c5, 0x39e5, 0x3a05, 0x4245, 0x4a66, 0x5aa7, 0x5ae8, 0x6309, 0x630a,
    0x6b4b, 0x6b8d, 0x73ef, 0x7c51, 0x8493, 0x84d5, 0x84f5, 0x84d5, 0x84b4, 0x7c73, 0x7c31, 0x73cf,
    0x6b8e, 0x6b6d, 0x6b6c, 0x6b8d, 0x73cd, 0x7c0e, 0x842f, 0x8470, 0x8c91, 0x8c91, 0x8cb2, 0x8cd3,
    0x8cd4, 0x8cd4, 0x8cf5, 0x8cf5, 0x8d16, 0x9536, 0x9557, 0x9d57, 0x9d56, 0x9515, 0x8c92, 0x7c2f,
    0x73ad, 0x6b6b, 0x6b6b, 0x73ac, 0x7c0d, 0x8c70, 0x94f3, 0xa555, 0xa576, 0xa555, 0x94d3, 0x8430,
    0x73ad, 0x6b2b, 0x630a, 0x630a, 0x6b4b, 0x738b, 0x7bcc, 0x83ec, 0x8c2d, 0x8c4e, 0x8c90, 0x94d2,
    0x94f4, 0x9536, 0x9d77, 0x9d98, 0xa5d9, 0xadfa, 0xb61a, 0xb63a, 0xb63a, 0xb63a, 0xb61a, 0xadfa,
    0xadfa, 0xa5d9, 0xa5b9, 0x9d99, 0x9578, 0x8d37, 0x8517, 0x7cd6, 0x7496, 0x7495, 0x6c75, 0x6c75,
    0x7495, 0x74b6, 0x7cd6, 0x8517, 0x9557, 0x9d98, 0xa5b9, 0xa5d9, 0xadf9, 0xadd9, 0xa5d9, 0x9db8,
    0x9d78, 0x9557, 0x8d37, 0x8516, 0x84f6, 0x84d6, 0x7cb6, 0x7c95, 0x7495, 0x7475, 0x6c54, 0x6c54,
    0x6c54, 0x6c54, 0x7475, 0x7495, 0x7cd6, 0x84f6, 0x8d37, 0x9578, 0x9d78, 0x9d78, 0x9578, 0x9537,
    0x8d17, 0x84f6, 0x7cd6, 0x7cb6, 0x7cb6, 0x7cd6, 0x84f6, 0x8d17, 0x8d37, 0x9558, 0x9d78, 0x9d98,
    0xa5b9, 0xadd9, 0xadf9, 0xb61a, 0xb61a, 0xbe3a, 0xbe3a, 0xbe3a, 0xbe3a, 0xb61a, 0xadf9, 0xa5d9,
    0x9d98, 0x9557, 0x8517, 0x84d6, 0x7cd6, 0x7cd6, 0x7cd6, 0x84f6, 0x8d17, 0x8d37, 0x9558, 0x9d78,
    0x9d98, 0x9d98, 0x9d77, 0x9d56, 0x9514, 0x94d2, 0x8c90, 0x8c4f, 0x840d, 0x7bcc, 0x736b, 0x6b2a,
    0x62e9, 0x5ae9, 0x5ae9, 0x632a, 0x6b6c, 0x73ce, 0x7bee, 0x7bee, 0x73ad, 0x6b6b, 0x6b4b, 0x6b4b,
    0x6b8c, 0x73ee, 0x8451, 0x8cd3, 0x9d35, 0xa596, 0xa5b7, 0xadb7, 0xadd7, 0xadd7, 0xadd7, 0xadd7,
    0xadd7, 0xadd7, 0xadd7, 0xadd7, 0xadd7, 0xadd7, 0xadd7, 0xadd7, 0xadd7, 0xadd7, 0xadd7, 0xadd7,
    0xadd7, 0xadd8, 0xadb8, 0xadb7, 0xadb7, 0xa597, 0x9d76, 0x9515, 0x8cb3, 0x7c30, 0x6bad, 0x632b,
    0x5ae9, 0x5ac9, 0x5ac8, 0x5aa8, 0x5287, 0x4a46, 0x4225, 0x3a05, 0x39e5, 0x41e5, 0x41e5, 0x41e5,
    0x39c5, 0x39c5, 0x39c5, 0x39c5, 0x39e5, 0x3a05, 0x4225, 0x4a66, 0x52a7, 0x5ae8, 0x6309, 0x630a,
    0x6b4b, 0x6b8d, 0x73ef, 0x7c51, 0x8493, 0x84b3, 0x8493, 0x7c93, 0x7c52, 0x7431, 0x73cf, 0x6b8e,
    0x6b6d, 0x6b6c, 0x6b6c, 0x73ad, 0x7bce, 0x7c0e, 0x842f, 0x8450, 0x8c70, 0x8c91, 0x8c91, 0x8c92,
    0x8cb2, 0x84b3, 0x84d4, 0x8cd4, 0x8cf5, 0x8d16, 0x9536, 0x9556, 0x9536, 0x94f4, 0x8c92, 0x7c0f,
    0x73ad, 0x6b6b, 0x6b6b, 0x73ac, 0x7c0e, 0x8c90, 0x9d13, 0xa575, 0xad96, 0xa575, 0x9cf3, 0x8450,
    0x73ad, 0x6b4b, 0x630a, 0x632a, 0x6b4b, 0x738c, 0x7bcc, 0x840d, 0x8c2d, 0x8c6e, 0x9490, 0x94d2,
    0x94f4, 0x9536, 0x9d77, 0x9d98, 0xa5d9, 0xadf9, 0xb61a, 0xb63a, 0xb63a, 0xb63a, 0xb63a, 0xb61a,
    0xb5fa, 0xadfa, 0xadd9, 0xa5b9, 0x9d98, 0x9578, 0x8d37, 0x8517, 0x7cd6, 0x7cb6, 0x7496, 0x7496,
    0x7cb6, 0x7cd6, 0x84f7, 0x8d37, 0x9558, 0x9d98, 0xa5b8, 0xa5d9, 0xadf9, 0xadf9, 0xadf9, 0xa5d9,
    0xa5b8, 0x9d98, 0x9d78, 0x9557, 0x8d37, 0x8d17, 0x84f6, 0x7cd6, 0x7cb5, 0x7495, 0x7475, 0x7475,
    0x6c75, 0x6c75, 0x7475, 0x7495, 0x7cb6, 0x84f6, 0x8d37, 0x9d78, 0xa598, 0xa5b8, 0xa5b8, 0x9d98,
    0x9557, 0x8d37, 0x8d17, 0x84f6, 0x84f6, 0x84f7, 0x8d37, 0x8d37, 0x9578, 0x9d78, 0x9d98, 0xa5b9,
    0xa5d9, 0xa5d9, 0xadf9, 0xadf9, 0xb61a, 0xb63a, 0xbe3a, 0xbe3a, 0xbe3a, 0xbe3a, 0xb619, 0xadf9,
    0xa5b8, 0x9d78, 0x8d37, 0x8517, 0x84f6, 0x84f6, 0x84f6, 0x8517, 0x8d37, 0x9558, 0x9d78, 0xa5b8,
    0xa5b9, 0xadd9, 0xadb8, 0xa597, 0x9d55, 0x9cf3, 0x94b1, 0x8c4f, 0x840d, 0x7bcc, 0x6b6b, 0x632a,
    0x5ae9, 0x5ae9, 0x5ae9, 0x632a, 0x6b6c, 0x73ce, 0x7bee, 0x7bce, 0x73ac, 0x6b6b, 0x6b4b, 0x6b4b,
    0x6b8c, 0x73ee, 0x8451, 0x8cd3, 0x9d35, 0xa596, 0xa5b7, 0xadb7, 0xadd7, 0xadd7, 0xadd7, 0xadd7,
    0xadd7, 0xadd7, 0xadd7, 0xadd7, 0xadd7, 0xadd7, 0xadd7, 0xadd7, 0xadd7, 0xadd7, 0xadd7, 0xadd7,
    0xadd8, 0xadd8, 0xadd8, 0xadb8, 0xadb7, 0xa597, 0x9d76, 0x9535, 0x8cb3, 0x7c30, 0x6bad, 0x632b,
    0x5ae9, 0x5ac9, 0x5aa8, 0x52a8, 0x5287, 0x4a46, 0x4225, 0x4205, 0x39e5, 0x41e5, 0x41e5, 0x41e5,
    0x39c5, 0x39c5, 0x39c5, 0x39c5, 0x39e5, 0x3a05, 0x4225, 0x4a66, 0x52a7, 0x5ae8, 0x6309, 0x630a,
    0x6b4b, 0x6b8d, 0x73cf, 0x7c30, 0x7c72, 0x7c72, 0x7c72, 0x7c31, 0x7410, 0x6bcf, 0x6b8e, 0x636d,
    0x634c, 0x634c, 0x6b6d, 0x73ad, 0x7bee, 0x7c0e, 0x842f, 0x844f, 0x844f, 0x8470, 0x8470, 0x8470,
    0x8471, 0x8492, 0x8492, 0x84b3, 0x8cd4, 0x8cf5, 0x9516, 0x9536, 0x9536, 0x94f4, 0x8492, 0x7c0f,
    0x73ad, 0x6b6b, 0x6b8b, 0x73ac, 0x840e, 0x8c90, 0x9d13, 0xad75, 0xad96, 0xa575, 0x9cf3, 0x8450,
    0x73ad, 0x6b4b, 0x632b, 0x6b4b, 0x6b6b, 0x73ac, 0x7bcd, 0x840d, 0x8c2e, 0x8c6f, 0x9490, 0x94d2,
    0x94f4, 0x9536, 0x9557, 0x9d78, 0xa5b9, 0xa5d9, 0xadfa, 0xb61a, 0xb63a, 0xb63a, 0xb63a, 0xb63a,
    0xb61a, 0xb61a, 0xadfa, 0xadd9, 0xa5b9, 0x9d98, 0x9578, 0x8d37, 0x8517, 0x84f6, 0x7cd6, 0x7cd6,
    0x7cd6, 0x84f7, 0x8517, 0x8d37, 0x9558, 0x9d78, 0x9d98, 0xa5b9, 0xa5d9, 0xa5d9, 0xadd9, 0xadf9,
    0xadd9, 0xa5d9, 0xa5b9, 0x9d98, 0x9d78, 0x9557, 0x8d37, 0x8d17, 0x84f6, 0x7cd6, 0x7cb5, 0x7c95,
    0x7495, 0x7495, 0x7495, 0x7495, 0x7cd6, 0x84f6, 0x9557, 0x9d98, 0xa5d9, 0xadf9, 0xadf9, 0xa5d9,
    0xa5b8, 0x9d98, 0x9557, 0x9537, 0x8d37, 0x8d37, 0x9557, 0x9578, 0x9d98, 0x9d98, 0x9db9, 0xa5b9,
    0xa5d9, 0xa5d9, 0xadd9, 0xadf9, 0xadf9, 0xb61a, 0xb61a, 0xbe3a, 0xbe3a, 0xbe3a, 0xb63a, 0xb5f9,
    0xadd9, 0x9d98, 0x9578, 0x8d37, 0x8d17, 0x8517, 0x8d17, 0x8d37, 0x9558, 0x9d78, 0x9d98, 0xa5d9,
    0xadd9, 0xadf9, 0xb5f9, 0xadd7, 0xad96, 0xa533, 0x9cd1, 0x8c6f, 0x840d, 0x7bcc, 0x6b6b, 0x632a,
    0x5ae9, 0x5ac9, 0x5ae9, 0x630a, 0x6b6c, 0x73ce, 0x7bee, 0x73ce, 0x73ac, 0x6b6b, 0x6b4b, 0x6b4b,
    0x6b8c, 0x73ee, 0x8451, 0x8cd3, 0x9d35, 0xa597, 0xa5b7, 0xadb7, 0xadd7, 0xadd7, 0xadd7, 0xadd7,
    0xadd7, 0xadd7, 0xadd7, 0xadd7, 0xadd7, 0xadd7, 0xadd7, 0xadd7, 0xadd7, 0xadd7, 0xadd7, 0xadd7,
    0xadd8, 0xadd8, 0xadd8, 0xadb8, 0xadb7, 0xa597, 0x9d76, 0x9535, 0x8cb3, 0x7c30, 0x6bad, 0x632b,
    0x5aea, 0x5ac9, 0x5ac8, 0x5aa8, 0x5287, 0x4a46, 0x4226, 0x4205, 0x41e5, 0x41e5, 0x41e5, 0x4206,
    0x39e5, 0x39c5, 0x39c5, 0x39c5, 0x39e5, 0x3a05, 0x4225, 0x4a66, 0x52a7, 0x5ae8, 0x6309, 0x632a,
    0x6b4b, 0x6b8d, 0x73cf, 0x7c30, 0x7c51, 0x7c52, 0x7c31, 0x7410, 0x6bcf, 0x6b8e, 0x634d, 0x632c,
    0x632c, 0x634c, 0x6b6d, 0x73ad, 0x7bce, 0x7c0e, 0x7c0e, 0x840e, 0x842f, 0x842f, 0x842f, 0x842f,
    0x8450, 0x8470, 0x8471, 0x8492, 0x8cb3, 0x8cf4, 0x9515, 0x9536, 0x9516, 0x8cf4, 0x8492, 0x7c0f,
    0x73ad, 0x6b6b, 0x6b8b, 0x73ac, 0x840e, 0x8c90, 0x9d13, 0xad75, 0xadb6, 0xad76, 0x9cf3, 0x8c50,
    0x73ad, 0x6b4b, 0x6b2b, 0x6b4b, 0x736c, 0x7bac, 0x83ed, 0x842d, 0x8c4e, 0x946f, 0x9490, 0x94d2,
    0x94f4, 0x9516, 0x9537, 0x9578, 0x9d98, 0xa5b9, 0xa5d9, 0xadfa, 0xae1a, 0xb63a, 0xb63a, 0xb63a,
    0xb63a, 0xb63a, 0xb61a, 0xadfa, 0xa5d9, 0x9db9, 0x9d98, 0x9558, 0x8d37, 0x8517, 0x84f7, 0x84f7,
    0x8517, 0x8517, 0x8d37, 0x8d37, 0x9558, 0x9578, 0x9d78, 0x9d98, 0x9db8, 0xa5b9, 0xa5d9, 0xa5d9,
    0xadf9, 0xadf9, 0xadd9, 0xa5d9, 0xa5b9, 0x9d98, 0x9d98, 0x9578, 0x9537, 0x8d37, 0x84f6, 0x84f6,
    0x84d6, 0x7cd6, 0x7cb6, 0x7cd6, 0x84f6, 0x8d37, 0x9d78, 0xa5b8, 0xadf9, 0xb619, 0xb61a, 0xb619,
    0xadf9, 0xa5d9, 0x9d98, 0x9d98, 0x9578, 0x9578, 0x9d78, 0x9d98, 0x9d98, 0x9d99, 0xa5b9, 0xa5b9,
    0xa5d9, 0xa5d9, 0xa5d9, 0xadd9, 0xadd9, 0xadf9, 0xb61a, 0xb61a, 0xb63a, 0xb63a, 0xb63a, 0xb61a,
    0xadf9, 0xa5d9, 0x9d98, 0x9578, 0x9557, 0x8d37, 0x9558, 0x9558, 0x9d78, 0x9d98, 0xa5b9, 0xadd9,
    0xb5f9, 0xb619, 0xb619, 0xb5f8, 0xadb6, 0xa554, 0x9cf1, 0x8c6f, 0x840d, 0x7bcc, 0x6b6b, 0x632a,
    0x5ae9, 0x5ac9, 0x5ac9, 0x630a, 0x6b6c, 0x73ad, 0x73ce, 0x73cd, 0x738c, 0x6b6b, 0x6b4a, 0x6b4b,
    0x6b8c, 0x73ce, 0x8451, 0x8cd3, 0x9d35, 0xa597, 0xa5b7, 0xadb7, 0xadd7, 0xadd7, 0xadd7, 0xadd7,
    0xadd7, 0xadd7, 0xadd7, 0xadd7, 0xadd7, 0xadd7, 0xadd7, 0xadd7, 0xadd7, 0xadd7, 0xadd7, 0xadd7,
    0xadd8, 0xadd8, 0xadd8, 0xadb8, 0xadb7, 0xa597, 0xa576, 0x9d35, 0x8cb3, 0x7c30, 0x6bae, 0x634b,
    0x630a, 0x5ae9, 0x5ac9, 0x5aa8, 0x5288, 0x4a67, 0x4226, 0x4205, 0x41e5, 0x41e5, 0x4205, 0x4206,
    0x39e5, 0x39e5, 0x39e5, 0x39e5, 0x39e5, 0x3a05, 0x4225, 0x4a66, 0x52a7, 0x5ae8, 0x6309, 0x6b2a,
    0x6b4b, 0x738d, 0x73ef, 0x7c30, 0x7c51, 0x7c51, 0x7431, 0x6bcf, 0x6bae, 0x636d, 0x5b2c, 0x5b0b,
    0x5b2b, 0x634c, 0x6b6d, 0x6bad, 0x73ce, 0x73ce, 0x7bce, 0x7bee, 0x7bee, 0x7bee, 0x7bee, 0x7c0e,
    0x7c2f, 0x8430, 0x8471, 0x8492, 0x8cb3, 0x8cf4, 0x9516, 0x9536, 0x9536, 0x8cf4, 0x8472, 0x7c0f,
    0x73ad, 0x6b6b, 0x6b8b, 0x73ac, 0x840e, 0x8c90, 0x9d13, 0xad95, 0xadb6, 0xad76, 0x9cf3, 0x8c50,
    0x73ad, 0x6b4c, 0x6b4b, 0x6b4b, 0x738c, 0x7bcd, 0x83ed, 0x8c2d, 0x8c4e, 0x948f, 0x94b0, 0x94d2,
    0x8cf4, 0x8d15, 0x9537, 0x9557, 0x9578, 0x9d98, 0x9db9, 0xa5d9, 0xadf9, 0xadfa, 0xb61a, 0xb63a,
    0xb63a, 0xb63a, 0xb63a, 0xb61a, 0xadf9, 0xa5d9, 0x9d99, 0x9d78, 0x9558, 0x8d37, 0x8d37, 0x8d37,
    0x8d37, 0x8d37, 0x8d37, 0x8d37, 0x9558, 0x9558, 0x9578, 0x9578, 0x9d98, 0x9d98, 0x9db9, 0xa5b9,
    0xa5d9, 0xa5d9, 0xadd9, 0xadd9, 0xadd9, 0xa5d9, 0xa5d9, 0xa5b9, 0x9d98, 0x9d78, 0x9577, 0x9557,
    0x8d37, 0x8d17, 0x8d17, 0x8d17, 0x9537, 0x9d78, 0xa5b8, 0xadf9, 0xb619, 0xbe3a, 0xbe3a, 0xbe3a,
    0xb61a, 0xadf9, 0xadd9, 0xa5b9, 0x9db9, 0x9d98, 0x9d98, 0x9d99, 0x9db9, 0x9db9, 0xa5b9, 0xa5d9,
    0xa5d9, 0xa5d9, 0xa5d9, 0xadd9, 0xadd9, 0xadd9, 0xadf9, 0xadf9, 0xb61a, 0xb61a, 0xb61a, 0xb61a,
    0xb5f9, 0xadd9, 0xa5b9, 0x9d98, 0x9d78, 0x9578, 0x9578, 0x9d98, 0x9d99, 0xa5b9, 0xadd9, 0xadf9,
    0xb61a, 0xbe3a, 0xbe39, 0xb5f8, 0xb5b6, 0xad54, 0x9cf1, 0x948f, 0x840d, 0x7bcc, 0x6b6b, 0x632a,
    0x5ae9, 0x5ac9, 0x5ac9, 0x5b0a, 0x634b, 0x6b8d, 0x73ad, 0x73ad, 0x6b6c, 0x6b4b, 0x632a, 0x634b,
    0x6b6c, 0x73ce, 0x8451, 0x8cd3, 0x9d35, 0xa577, 0xa5b7, 0xadb7, 0xadd7, 0xadd7, 0xadd7, 0xadd7,
    0xadd7, 0xadd7, 0xadd7, 0xadd7, 0xadd7, 0xadd7, 0xadd7, 0xadd7, 0xadd7, 0xadd7, 0xadd7, 0xadd7,
    0xadd7, 0xadd8, 0xadd8, 0xadd7, 0xadb7, 0xa597, 0xa576, 0x9d35, 0x8cb3, 0x7c30, 0x73ce, 0x6b6c,
    0x632b, 0x630a, 0x62e9, 0x5ac9, 0x52a8, 0x4a67, 0x4a26, 0x4206, 0x4205, 0x41e6, 0x4206, 0x4206,
    0x41e5, 0x41e5, 0x39e5, 0x39e5, 0x39e5, 0x4205, 0x4245, 0x4a66, 0x52a7, 0x5ae8, 0x6309, 0x6b2a,
    0x6b4b, 0x738d, 0x73ef, 0x7c31, 0x8472, 0x7c72, 0x7431, 0x6bef, 0x638e, 0x634d, 0x5b2c, 0x5b0b,
    0x5b2b, 0x634c, 0x6b6d, 0x6b8d, 0x6bad, 0x73ad, 0x73ad, 0x73ad, 0x73ad, 0x73ad, 0x73cd, 0x73ce,
    0x7bee, 0x7c2f, 0x8451, 0x8492, 0x8cd4, 0x94f5, 0x9536, 0x9536, 0x9536, 0x8cf4, 0x8472, 0x7c0f,
    0x73ad, 0x6b6b, 0x6b6b, 0x73ac, 0x840e, 0x8c90, 0x9d13, 0xad95, 0xb5b6, 0xad76, 0x9cf3, 0x8c50,
    0x73cd, 0x6b6c, 0x6b4b, 0x6b4b, 0x738c, 0x7bcd, 0x840d, 0x8c2e, 0x946e, 0x948f, 0x94b0, 0x94d2,
    0x8cf4, 0x8cf5, 0x8d37, 0x9537, 0x9558, 0x9578, 0x9d98, 0x9d99, 0xa5b9, 0xa5d9, 0xadfa, 0xb61a,
    0xb63a, 0xb63a, 0xb63a, 0xb63a, 0xae1a, 0xadf9, 0xa5d9, 0x9d99, 0x9d78, 0x9578, 0x9558, 0x8d37,
    0x8d37, 0x8d37, 0x8d37, 0x8d37, 0x8d58, 0x9558, 0x9558, 0x9578, 0x9578, 0x9578, 0x9d98, 0x9d98,
    0x9db9, 0xa5b9, 0xa5d9, 0xa5d9, 0xadd9, 0xadf9, 0xadf9, 0xadd9, 0xa5d9, 0xa5d9, 0xa5b8, 0x9d98,
    0x9d78, 0x9d78, 0x9578, 0x9d78, 0x9d98, 0xa5b8, 0xadf9, 0xb61a, 0xbe3a, 0xbe5a, 0xbe5a, 0xbe5a,
    0xbe3a, 0xbe3a, 0xb61a, 0xadf9, 0xadd9, 0xa5d9, 0xa5b9, 0xa5b9, 0x9db9, 0xa5b9, 0xa5b9, 0xa5d9,
    0xa5d9, 0xadd9, 0xadd9, 0xadd9, 0xadd9, 0xadd9, 0xadd9, 0xadd9, 0xadf9, 0xadf9, 0xadf9, 0xb619,
    0xadf9, 0xadf9, 0xa5d9, 0xa5b8, 0x9d98, 0x9d98, 0x9d99, 0xa5b9, 0xa5d9, 0xadd9, 0xadf9, 0xb61a,
    0xbe3a, 0xbe3a, 0xbe39, 0xbe18, 0xb5b6, 0xad74, 0x9cf1, 0x948f, 0x840d, 0x7bcc, 0x6b6b, 0x632a,
    0x5ae9, 0x5ac9, 0x5ac9, 0x5aea, 0x632b, 0x6b6c, 0x6b8d, 0x6b8d, 0x6b6c, 0x6b4b, 0x632a, 0x634b,
    0x6b6c, 0x73ce, 0x8451, 0x8cd3, 0x9d35, 0xa577, 0xa5b7, 0xadb7, 0xadd7, 0xadd8, 0xadd7, 0xadd8,
    0xadd8, 0xadd8, 0xadd8, 0xadd8, 0xadd7, 0xadd7, 0xadd7, 0xadd7, 0xadd7, 0xadd7, 0xadd7, 0xadd7,
    0xadd7, 0xadd7, 0xadd7, 0xadd7, 0xadb7, 0xa597, 0x9d76, 0x9535, 0x8cb3, 0x7c30, 0x73ce, 0x6b6c,
    0x6b4b, 0x6b2a, 0x630a, 0x62e9, 0x5aa8, 0x5267, 0x4a46, 0x4206, 0x4206, 0x4206, 0x4206, 0x4206,
    0x41e5, 0x41e5, 0x41e5, 0x39e5, 0x39e5, 0x4205, 0x4245, 0x4a66, 0x52a7, 0x5ae8, 0x6309, 0x6b2a,
    0x6b4b, 0x73ad, 0x7c0f, 0x8451, 0x8492, 0x8493, 0x7c52, 0x7410, 0x6bae, 0x636d, 0x5b2c, 0x5b2c,
    0x5b4c, 0x634c, 0x6b6d, 0x6b8d, 0x6b8d, 0x6b8c, 0x6b6c, 0x6b6c, 0x6b8c, 0x6b8c, 0x6bad, 0x73ad,
    0x73ee, 0x7c10, 0x8471, 0x84b3, 0x8cf4, 0x9516, 0x9536, 0x9d57, 0x9536, 0x8cf4, 0x8472, 0x7c0f,
    0x73ad, 0x6b6b, 0x736b, 0x73ac, 0x840e, 0x8c90, 0x9d13, 0xad95, 0xb5b6, 0xad76, 0x9cf3, 0x8c50,
    0x7bce, 0x6b6c, 0x6b4b, 0x6b6c, 0x73ac, 0x7bcd, 0x840d, 0x8c4e, 0x946e, 0x948f, 0x94b0, 0x94d2,
    0x8cf4, 0x8cf5, 0x8d37, 0x9537, 0x9558, 0x9578, 0x9d78, 0x9d98, 0x9d99, 0x9db9, 0xa5d9, 0xadfa,
    0xae1a, 0xb63a, 0xb63a, 0xb63a, 0xb61a, 0xb61a, 0xadf9, 0xa5d9, 0x9db9, 0x9d98, 0x9578, 0x9558,
    0x8d58, 0x8d38, 0x8d38, 0x8d38, 0x8d58, 0x9558, 0x9558, 0x9558, 0x9578, 0x9578, 0x9578, 0x9d98,
    0x9d98, 0x9d98, 0xa5b9, 0xa5b9, 0xa5d9, 0xadd9, 0xadf9, 0xadf9, 0xadf9, 0xadf9, 0xadf9, 0xadd9,
    0xa5d9, 0xa5b8, 0xa5b9, 0xadd9, 0xadf9, 0xb5f9, 0xb61a, 0xbe3a, 0xbe5a, 0xbe5a, 0xc65a, 0xc65a,
    0xc65a, 0xbe5a, 0xbe3a, 0xb61a, 0xb5fa, 0xadf9, 0xa5d9, 0xa5d9, 0xa5b9, 0xa5b9, 0xa5b9, 0xa5d9,
    0xa5d9, 0xadd9, 0xadd9, 0xadd9, 0xadd9, 0xa5d9, 0xa5d9, 0xa5d9, 0xa5d9, 0xadd9, 0xadf9, 0xadf9,
    0xadf9, 0xadf9, 0xa5d9, 0xa5b9, 0xa5b9, 0xa5b9, 0xa5b9, 0xa5d9, 0xadd9, 0xb5f9, 0xb61a, 0xbe3a,
    0xbe3a, 0xbe5a, 0xbe3a, 0xbe18, 0xb5d7, 0xad74, 0x9cf2, 0x948f, 0x840d, 0x7bcc, 0x6b6b, 0x632a,
    0x5ae9, 0x5ac9, 0x52a9, 0x5ac9, 0x5b0b, 0x634c, 0x6b6c, 0x6b6c, 0x6b4b, 0x632a, 0x632a, 0x634b,
    0x6b6c, 0x73ce, 0x8451, 0x8cd3, 0x9d35, 0xa576, 0xa5b7, 0xadb7, 0xadd7, 0xadd8, 0xadd8, 0xadd8,
    0xadd8, 0xadd8, 0xadd8, 0xadd8, 0xadd8, 0xadd7, 0xadd7, 0xadd7, 0xadd7, 0xadd7, 0xadd7, 0xadd7,
    0xadd7, 0xadd7, 0xadd7, 0xadd7, 0xadb7, 0xa5b7, 0x9d76, 0x9535, 0x8cb3, 0x7c30, 0x73ce, 0x6b8c,
    0x6b4b, 0x6b4b, 0x6b2a, 0x62ea, 0x5ac9, 0x5267, 0x4a47, 0x4206, 0x4206, 0x4206, 0x4206, 0x4206,
    0x41e6, 0x41e6, 0x41e5, 0x41e5, 0x41e5, 0x4205, 0x4245, 0x4a66, 0x52a7, 0x5ae8, 0x6309, 0x632a,
    0x6b4b, 0x73ad, 0x7c0f, 0x8472, 0x84b3, 0x84b3, 0x7c73, 0x7431, 0x6bcf, 0x638d, 0x634d, 0x634c,
    0x634c, 0x636d, 0x6b6d, 0x6b6d, 0x6b6c, 0x6b6c, 0x6b6c, 0x6b6c, 0x6b6c, 0x6b6c, 0x6b8d, 0x73ad,
    0x73ef, 0x7c30, 0x8472, 0x84b4, 0x8cf5, 0x9536, 0x9d57, 0x9d57, 0x9536, 0x8cf4, 0x8472, 0x7c0f,
    0x73ad, 0x736b, 0x736b, 0x73ac, 0x840e, 0x8c90, 0x9d13, 0xad96, 0xb5b7, 0xad76, 0x9cf3, 0x8c70,
    0x7bce, 0x736c, 0x6b6c, 0x738c, 0x7bad, 0x83ed, 0x8c2d, 0x8c4e, 0x948e, 0x94af, 0x94b1, 0x94d2,
    0x8cf4, 0x8d15, 0x9537, 0x9557, 0x9578, 0x9d78, 0x9d78, 0x9d78, 0x9d98, 0x9d98, 0x9db9, 0xa5d9,
    0xadf9, 0xae1a, 0xb63a, 0xb63a, 0xb63a, 0xb63a, 0xb61a, 0xadfa, 0xadd9, 0xa5b9, 0x9d98, 0x9578,
    0x9558, 0x9558, 0x8d58, 0x8d38, 0x8d58, 0x9558, 0x9558, 0x9558, 0x9578, 0x9578, 0x9578, 0x9d98,
    0x9d98, 0x9d98, 0x9d98, 0x9db9, 0xa5b9, 0xa5d9, 0xa5d9, 0xadf9, 0xadf9, 0xadfa, 0xb619, 0xadf9,
    0xadf9, 0xadf9, 0xb5f9, 0xb619, 0xbe3a, 0xbe3a, 0xbe5a, 0xbe5a, 0xbe5a, 0xbe5a, 0xc65a, 0xc65a,
    0xc67a, 0xc65a, 0xbe5a, 0xbe3a, 0xb63a, 0xb61a, 0xadfa, 0xadd9, 0xa5d9, 0xa5d9, 0xa5d9, 0xa5d9,
    0xa5d9, 0xadd9, 0xadd9, 0xadd9, 0xadd9, 0xa5d9, 0xa5d9, 0xa5d9, 0xa5d9, 0xa5d9, 0xa5d9, 0xa5d9,
    0xadd9, 0xadd9, 0xa5d9, 0xa5d9, 0xa5d9, 0xa5d9, 0xadd9, 0xadf9, 0xb5fa, 0xb61a, 0xbe3a, 0xbe5a,
    0xbe5a, 0xbe5a, 0xbe3a, 0xbe18, 0xb5b6, 0xad54, 0x9cf2, 0x948f, 0x842d, 0x7bcc, 0x6b6b, 0x632a,
    0x5ae9, 0x52a9, 0x52a8, 0x52c9, 0x5aea, 0x632b, 0x634c, 0x6b4c, 0x634b, 0x632a, 0x632a, 0x634b,
    0x6b6c, 0x73ee, 0x8451, 0x8cd3, 0x9d35, 0xa596, 0xa5b7, 0xadb7, 0xadd7, 0xadd8, 0xadd8, 0xadd8,
    0xadd8, 0xadd8, 0xadd8, 0xadd8, 0xadd8, 0xadd8, 0xadd7, 0xadd7, 0xadd7, 0xadd7, 0xadd7, 0xadd7,
    0xadd7, 0xadd7, 0xadd7, 0xadd7, 0xadb7, 0xa5b7, 0x9d76, 0x9535, 0x8cb3, 0x7c30, 0x73ce, 0x6b6c,
    0x6b4b, 0x6b2b, 0x630a, 0x62ea, 0x5aa9, 0x5268, 0x4a47, 0x4a26, 0x4206, 0x4206, 0x4206, 0x4206,
    0x41e6, 0x41e6, 0x41e5, 0x41e5, 0x41e5, 0x4205, 0x4225, 0x4a66, 0x52a6, 0x5ae8, 0x6309, 0x6329,
    0x6b4b, 0x73ad, 0x7c0f, 0x8472, 0x84b3, 0x84d4, 0x8493, 0x7c52, 0x6bf0, 0x6bae, 0x636d, 0x636d,
    0x636d, 0x636d, 0x6b6d, 0x6b6d, 0x6b6c, 0x6b6c, 0x6b6c, 0x6b6c, 0x6b6c, 0x6b6c, 0x6b8d, 0x73ae,
    0x73ef, 0x7c31, 0x8493, 0x8cd4, 0x8d16, 0x9537, 0x9557, 0x9557, 0x9536, 0x8cd4, 0x8472, 0x7c0f,
    0x73ad, 0x736b, 0x736b, 0x73ac, 0x840e, 0x9490, 0x9d13, 0xad96, 0xb5b7, 0xad76, 0x9d14, 0x8c71,
    0x7bee, 0x738d, 0x736c, 0x738c, 0x7bcd, 0x840d, 0x8c2e, 0x946e, 0x948e, 0x9caf, 0x94d1, 0x94d2,
    0x94f4, 0x9516, 0x9537, 0x9578, 0x9d78, 0x9d98, 0x9d98, 0x9d98, 0x9d98, 0x9d98, 0x9d98, 0x9d99,
    0xa5d9, 0xadfa, 0xae1a, 0xb63a, 0xbe3a, 0xbe3a, 0xbe3a, 0xb63a, 0xb5fa, 0xadf9, 0xa5b9, 0x9d99,
    0x9d78, 0x9558, 0x9558, 0x8d58, 0x8d58, 0x9558, 0x9558, 0x9558, 0x9578, 0x9d78, 0x9d98, 0x9d98,
    0x9d98, 0x9d98, 0x9d98, 0x9d98, 0x9d98, 0x9db9, 0xa5b9, 0xa5d9, 0xadf9, 0xadf9, 0xb61a, 0xb61a,
    0xb61a, 0xb63a, 0xbe3a, 0xbe3a, 0xbe5a, 0xc65a, 0xc65a, 0xbe5a, 0xbe5a, 0xbe5a, 0xbe5a, 0xc65a,
    0xc67a, 0xc67a, 0xc67a, 0xc65a, 0xbe5a, 0xbe3a, 0xb61a, 0xadfa, 0xadf9, 0xadd9, 0xa5d9, 0xa5d9,
    0xa5d9, 0xadd9, 0xadd9, 0xadd9, 0xa5d9, 0xa5d9, 0xa5d9, 0xa5d9, 0xa5b9, 0xa5b9, 0xa5b9, 0xa5d9,
    0xa5d9, 0xa5d9, 0xa5d9, 0xa5d9, 0xadd9, 0xadf9, 0xadfa, 0xb61a, 0xb61a, 0xbe3a, 0xbe3a, 0xbe5a,
    0xc65a, 0xc65a, 0xbe3a, 0xbe18, 0xb5b6, 0xa554, 0x9cf1, 0x946f, 0x842e, 0x7bcc, 0x6b6b, 0x632a,
    0x5ae9, 0x52a9, 0x52a8, 0x52a9, 0x5aea, 0x5b0b, 0x634c, 0x634c, 0x632b, 0x632a, 0x632a, 0x634b,
    0x6b8c, 0x73ef, 0x8471, 0x8cd3, 0x9d35, 0xa597, 0xa5b7, 0xadb7, 0xadd8, 0xadd8, 0xadd8, 0xadd8,
    0xadd8, 0xadd8, 0xadd8, 0xadd8, 0xadd8, 0xadd8, 0xadd8, 0xadd7, 0xadd7, 0xadd7, 0xadd7, 0xadd7,
    0xadd7, 0xadd8, 0xadd7, 0xadd7, 0xadb7, 0xa5b7, 0x9d76, 0x9535, 0x8cb3, 0x7c30, 0x73ae, 0x6b6c,
    0x632b, 0x630a, 0x630a, 0x62e9, 0x5aa9, 0x5268, 0x4a47, 0x4a27, 0x4a06, 0x4206, 0x4206, 0x4206,
    0x41e6, 0x41e6, 0x41e5, 0x41e5, 0x41e5, 0x4205, 0x4225, 0x4a66, 0x52a6, 0x5ae7, 0x6308, 0x6329,
    0x6b4b, 0x73ad, 0x7c0f, 0x8472, 0x8cb3, 0x84d4, 0x84b3, 0x7c52, 0x7410, 0x6bae, 0x638d, 0x638d,
    0x636d, 0x6b8d, 0x6b8d, 0x6b8d, 0x6b8c, 0x6b6c, 0x6b6c, 0x6b6c, 0x6b6c, 0x6b8d, 0x6bad, 0x73ce,
    0x740f, 0x7c51, 0x8493, 0x84d4, 0x8cf6, 0x9536, 0x9537, 0x9537, 0x9536, 0x8cd4, 0x8472, 0x7c0f,
    0x73ad, 0x738b, 0x738b, 0x73ac, 0x840e, 0x9490, 0x9d13, 0xad96, 0xadb7, 0xad76, 0x9d14, 0x8c71,
    0x7bee, 0x73ad, 0x738c, 0x73ad, 0x7bcd, 0x840d, 0x8c2e, 0x946e, 0x9c8e, 0x9caf, 0x9cd1, 0x94f2,
    0x94f4, 0x9536, 0x9d57, 0x9d98, 0x9d99, 0xa5b9, 0xa5b9, 0xa5b9, 0x9d99, 0x9d98, 0x9d98, 0x9d99,
    0x9db9, 0xa5d9, 0xadfa, 0xb61a, 0xbe3a, 0xbe3a, 0xbe5a, 0xbe3a, 0xbe3a, 0xb61a, 0xadf9, 0xa5d9,
    0x9d99, 0x9d78, 0x9578, 0x9558, 0x9558, 0x9558, 0x9558, 0x9558, 0x9578, 0x9d78, 0x9d98, 0x9d98,
    0x9d98, 0x9d98, 0x9d98, 0x9d98, 0x9d98, 0x9d98, 0x9db9, 0xa5b9, 0xa5d9, 0xadf9, 0xb61a, 0xb63a,
    0xbe3a, 0xbe3a, 0xbe5a, 0xc65a, 0xc65a, 0xc65a, 0xc65a, 0xc65a, 0xbe5a, 0xbe5a, 0xbe5a, 0xc65a,
    0xc67a, 0xc67b, 0xc67b, 0xc67a, 0xc65a, 0xbe5a, 0xbe3a, 0xb61a, 0xb61a, 0xadfa, 0xadf9, 0xadd9,
    0xadd9, 0xa5d9, 0xa5d9, 0xa5d9, 0xa5d9, 0xa5d9, 0xa5d9, 0xa5d9, 0xa5b9, 0xa5b9, 0xa5b9, 0xa5b9,
    0xa5b9, 0xa5d9, 0xa5d9, 0xadd9, 0xadf9, 0xadfa, 0xb61a, 0xb61a, 0xbe3a, 0xbe5a, 0xbe5a, 0xc65a,
    0xc65a, 0xc65a, 0xbe3a, 0xb5f8, 0xadb6, 0xa554, 0x9cd1, 0x946f, 0x842e, 0x7bcd, 0x6b8c, 0x632a,
    0x5ae9, 0x52a9, 0x52a8, 0x52a9, 0x5aca, 0x5b0b, 0x632c, 0x634c, 0x632b, 0x632a, 0x632a, 0x6b4b,
    0x6b8d, 0x73ef, 0x8471, 0x8cd3, 0x9d35, 0xa597, 0xa5b7, 0xadb7, 0xadd8, 0xadd8, 0xadd8, 0xadd8,
    0xadd8, 0xadd8, 0xadd8, 0xadd8, 0xadd8, 0xadd8, 0xadd8, 0xadd8, 0xadd8, 0xadd8, 0xadd8, 0xadd8,
    0xadd8, 0xadd8, 0xadd8, 0xadb8, 0xadb7, 0xa597, 0x9d76, 0x9535, 0x8cb3, 0x7c30, 0x73ae, 0x634c,
    0x630a, 0x62e9, 0x5ae9, 0x5ac9, 0x5aa8, 0x5268, 0x4a47, 0x4a27, 0x4a06, 0x4206, 0x4206, 0x4206,
    0x41c5, 0x41c5, 0x41e5, 0x41e5, 0x41e5, 0x4205, 0x4225, 0x4a65, 0x52a6, 0x5ac7, 0x62e8, 0x6309,
    0x6b4b, 0x738d, 0x7c0f, 0x8471, 0x84b3, 0x84b3, 0x8493, 0x7c52, 0x73f0, 0x6bae, 0x6b8d, 0x636d,
    0x636d, 0x6b6c, 0x6b8c, 0x6b8d, 0x6b8d, 0x6b8d, 0x6b8d, 0x6b8d, 0x6b8d, 0x73ad, 0x73ad, 0x73ce,
    0x7c10, 0x7c51, 0x8493, 0x84b4, 0x8cf5, 0x8d16, 0x9536, 0x9536, 0x9516, 0x8cd4, 0x8472, 0x7c0f,
    0x73ad, 0x738b, 0x738b, 0x73ac, 0x840e, 0x8c90, 0x9d13, 0xad96, 0xadb7, 0xad76, 0x9d14, 0x8c71,
    0x7bee, 0x738d, 0x736c, 0x738c, 0x7bcd, 0x840d, 0x8c2e, 0x946e, 0x9c8f, 0x9caf, 0x9cd1, 0x9cf3,
    0x9d14, 0x9d56, 0x9d78, 0xa598, 0xa5b9, 0xadd9, 0xadd9, 0xa5d9, 0xa5b9, 0xa5b9, 0x9d99, 0x9d99,
    0xa5b9, 0xa5d9, 0xadfa, 0xb61a, 0xb63a, 0xbe3a, 0xbe5a, 0xbe5a, 0xbe5a, 0xbe3a, 0xb61a, 0xadf9,
    0xa5d9, 0x9d99, 0x9d98, 0x9578, 0x9558, 0x9558, 0x9558, 0x9558, 0x9578, 0x9d78, 0x9d98, 0x9d98,
    0xa5b9, 0x9db8, 0x9d98, 0x9d98, 0x9d98, 0x9d98, 0x9d98, 0xa5b9, 0xa5d9, 0xadf9, 0xb61a, 0xbe3a,
    0xbe5a, 0xbe5a, 0xc65a, 0xc65a, 0xc67a, 0xc67a, 0xc67a, 0xc65a, 0xbe5a, 0xbe5a, 0xbe5a, 0xc65a,
    0xc65a, 0xc67a, 0xc67b, 0xc67a, 0xc65a, 0xc65a, 0xbe5a, 0xbe3a, 0xbe3a, 0xb61a, 0xb5fa, 0xadfa,
    0xadf9, 0xadd9, 0xa5d9, 0xa5d9, 0xa5d9, 0xa5d9, 0xa5d9, 0xa5d9, 0xa5b9, 0xa5b9, 0xa5b9, 0xa5b9,
    0xa5b9, 0xa5d9, 0xa5d9, 0xadf9, 0xadfa, 0xb61a, 0xb61a, 0xbe3a, 0xbe5a, 0xbe5a, 0xc65a, 0xc65a,
    0xc65a, 0xbe5a, 0xbe39, 0xb5f8, 0xad96, 0xa534, 0x9cd1, 0x8c6f, 0x842e, 0x7bcd, 0x6b8c, 0x634b,
    0x5aea, 0x52a9, 0x52a8, 0x52a9, 0x52ca, 0x5b0b, 0x632c, 0x634c, 0x632b, 0x632b, 0x632a, 0x6b4b,
    0x6b8d, 0x73ef, 0x8471, 0x8cd3, 0x9d35, 0xa597, 0xa5b7, 0xadb7, 0xadd8, 0xadd8, 0xadd8, 0xadd8,
    0xadd8, 0xadd8, 0xadd8, 0xadd8, 0xadd8, 0xadd8, 0xadd8, 0xadd8, 0xadd8, 0xadd8, 0xadd8, 0xadd8,
    0xadd8, 0xadd8, 0xadd8, 0xadb8, 0xadb7, 0xa597, 0xa576, 0x9d35, 0x8cb3, 0x7c30, 0x6bad, 0x632b,
    0x5aea, 0x5ac9, 0x5aa9, 0x5aa8, 0x5a88, 0x5268, 0x4a47, 0x4a27, 0x4a07, 0x4206, 0x4206, 0x4206,
    0x39c5, 0x39c5, 0x39c5, 0x41e5, 0x41e5, 0x4205, 0x4225, 0x4a65, 0x52a6, 0x5ac7, 0x62e8, 0x6309,
    0x6b4a, 0x6b8c, 0x73ef, 0x7c31, 0x8472, 0x8472, 0x7c52, 0x7411, 0x6bcf, 0x6bae, 0x636d, 0x636c,
    0x636c, 0x636c, 0x6b8c, 0x6b8d, 0x73ad, 0x73ad, 0x73ad, 0x73ad, 0x73ad, 0x73ad, 0x73cd, 0x7bee,
    0x7c0f, 0x7c30, 0x8472, 0x8493, 0x84d4, 0x8cf5, 0x8d16, 0x9516, 0x8d15, 0x8cd4, 0x8472, 0x7c0f,
    0x73ad, 0x738b, 0x738b, 0x73ac, 0x840e, 0x8c90, 0x9d13, 0xad75, 0xadb7, 0xad76, 0x9cf3, 0x8c71,
    0x7bce, 0x738c, 0x6b6c, 0x736c, 0x73ac, 0x83ed, 0x8c2d, 0x946e, 0x9c8f, 0x9cd0, 0x9cf1, 0x9d13,
    0x9d35, 0x9d76, 0xa598, 0xa5b9, 0xadd9, 0xadf9, 0xadf9, 0xadf9, 0xadd9, 0xa5d9, 0xa5d9, 0xa5b9,
    0xa5d9, 0xa5d9, 0xadfa, 0xae1a, 0xb61a, 0xbe3a, 0xbe5a, 0xbe5a, 0xc65a, 0xbe5a, 0xbe3a, 0xb61a,
    0xadf9, 0xa5d9, 0xa5b9, 0x9d98, 0x9578, 0x9558, 0x9558, 0x9558, 0x9578, 0x9d78, 0x9d98, 0x9d98,
    0xa5b9, 0xa5b8, 0x9d98, 0x9d98, 0x9d98, 0x9d98, 0x9db9, 0xa5d9, 0xadf9, 0xb5fa, 0xb63a, 0xbe3a,
    0xbe5a, 0xc65a, 0xc65a, 0xc65a, 0xc65a, 0xc65a, 0xc67a, 0xc65a, 0xc65a, 0xbe5a, 0xbe5a, 0xbe5a,
    0xbe5a, 0xc65a, 0xc65a, 0xc65a, 0xc65a, 0xc65a, 0xc65a, 0xbe5a, 0xbe5a, 0xbe3a, 0xbe3a, 0xb61a,
    0xb5fa, 0xadf9, 0xadd9, 0xa5d9, 0xa5d9, 0xa5d9, 0xa5d9, 0xa5d9, 0xa5b9, 0xa5b9, 0xa5b9, 0xa5b9,
    0xa5d9, 0xa5d9, 0xadf9, 0xadfa, 0xb61a, 0xb61a, 0xbe3a, 0xbe3a, 0xbe5a, 0xbe5a, 0xc65a, 0xc65a,
    0xc65a, 0xbe5a, 0xbe19, 0xb5d8, 0xad96, 0xa533, 0x9cd1, 0x8c6f, 0x842e, 0x7bed, 0x738c, 0x634b,
    0x5b0a, 0x5ac9, 0x52a9, 0x52a9, 0x52ca, 0x5b0b, 0x634c, 0x634c, 0x634b, 0x632b, 0x632b, 0x6b4b,
    0x6b8d, 0x7bef, 0x8471, 0x8cd3, 0x9d35, 0xa596, 0xa5b7, 0xadb7, 0xadd8, 0xadd8, 0xadd8, 0xadd8,
    0xadd8, 0xadd8, 0xadd8, 0xadd8, 0xadd8, 0xadd8, 0xadd8, 0xadd8, 0xadd8, 0xadd8, 0xadd8, 0xadd8,
    0xadd8, 0xadd8, 0xadd8, 0xadd8, 0xadb7, 0xa5b7, 0xa576, 0x9d35, 0x8cb3, 0x7c30, 0x6b8d, 0x632b,
    0x5ac9, 0x5aa8, 0x5aa8, 0x5aa8, 0x5288, 0x5268, 0x4a47, 0x4a27, 0x4a07, 0x4206, 0x4206, 0x4206,
    0x39a5, 0x39a5, 0x39c5, 0x39c5, 0x39e5, 0x39e5, 0x4225, 0x4a45, 0x5286, 0x5ac7, 0x62e8, 0x6309,
    0x6b2a, 0x6b6c, 0x73ce, 0x7c10, 0x7c51, 0x7c31, 0x7410, 0x73cf, 0x6bae, 0x636d, 0x634c, 0x634c,
    0x634c, 0x634c, 0x6b6c, 0x6bad, 0x73cd, 0x73ce, 0x7bce, 0x73cd, 0x73cd, 0x73cd, 0x73cd, 0x7bce,
    0x7bef, 0x7c30, 0x7c51, 0x8472, 0x8493, 0x8cd4, 0x8cf5, 0x8d15, 0x8cf5, 0x8cd4, 0x8472, 0x7c0f,
    0x73ad, 0x6b6b, 0x736b, 0x73ac, 0x840e, 0x8c70, 0x9d13, 0xad75, 0xad96, 0xad76, 0x9cf3, 0x8c50,
    0x7bce, 0x6b6c, 0x6b4b, 0x6b4b, 0x738c, 0x7bcc, 0x8c2d, 0x946e, 0x9caf, 0x9cd0, 0x9cf1, 0x9d13,
    0xa555, 0xa597, 0xa5b8, 0xadd9, 0xadf9, 0xadfa, 0xb5fa, 0xadfa, 0xadfa, 0xadf9, 0xadf9, 0xadf9,
    0xadf9, 0xadfa, 0xadfa, 0xb61a, 0xb61a, 0xb63a, 0xbe3a, 0xbe5a, 0xc65a, 0xc65a, 0xbe5a, 0xbe3a,
    0xb61a, 0xadf9, 0xa5d9, 0xa5b9, 0x9d98, 0x9578, 0x9558, 0x9558, 0x9558, 0x9578, 0x9d98, 0x9d98,
    0x9db8, 0x9db9, 0x9db9, 0x9db8, 0x9db9, 0xa5b9, 0xa5d9, 0xadd9, 0xadf9, 0xb61a, 0xbe3a, 0xbe5a,
    0xbe5a, 0xc65a, 0xc65a, 0xc65a, 0xc65a, 0xc65a, 0xc65a, 0xc65a, 0xc65a, 0xc65a, 0xbe5a, 0xbe5a,
    0xbe5a, 0xbe5a, 0xbe5a, 0xbe5a, 0xbe5a, 0xbe5a, 0xc65a, 0xc65a, 0xbe5a, 0xbe5a, 0xbe3a, 0xbe3a,
    0xb63a, 0xb61a, 0xadf9, 0xadf9, 0xadd9, 0xa5d9, 0xa5d9, 0xa5d9, 0xa5b9, 0xa5b9, 0xa5b9, 0xa5d9,
    0xa5d9, 0xadf9, 0xadfa, 0xb61a, 0xb61a, 0xbe3a, 0xbe3a, 0xbe5a, 0xbe5a, 0xbe5a, 0xbe5a, 0xbe5a,
    0xbe5a, 0xbe3a, 0xb619, 0xadd8, 0xa576, 0x9d33, 0x9cd1, 0x948f, 0x842e, 0x7bed, 0x73ac, 0x6b6b,
    0x5b0a, 0x5ac9, 0x52a9, 0x52a9, 0x5aea, 0x5b0b, 0x634c, 0x634c, 0x634b, 0x634b, 0x632b, 0x6b4b,
    0x6b8d, 0x73ef, 0x8471, 0x8cd3, 0x9d55, 0xa596, 0xa5b7, 0xadb7, 0xadd8, 0xadd8, 0xadd8, 0xadd8,
    0xadd8, 0xadd8, 0xadd8, 0xadd8, 0xadd8, 0xadd8, 0xadd8, 0xadd8, 0xadd8, 0xadd8, 0xadd8, 0xadd8,
    0xadd8, 0xadd8, 0xadd8, 0xadd8, 0xadb7, 0xa5b7, 0xa576, 0x9d35, 0x8cb3, 0x7c30, 0x6b8d, 0x630b,
    0x5ac9, 0x52a8, 0x5288, 0x5288, 0x5268, 0x5267, 0x4a47, 0x4a27, 0x4206, 0x4206, 0x41e6, 0x41e6,
    0x3184, 0x31a4, 0x39a4, 0x39a4, 0x39c4, 0x39e4, 0x4204, 0x4245, 0x4a86, 0x5aa7, 0x5ae8, 0x6309,
    0x6b2a, 0x6b6c, 0x73ce, 0x7c0f, 0x7c10, 0x7410, 0x73cf, 0x6bae, 0x636d, 0x634c, 0x5b2c, 0x5b0b,
    0x5b2b, 0x632b, 0x6b6c, 0x6bad, 0x73ce, 0x7bee, 0x7bce, 0x73cd, 0x73ad, 0x73ad, 0x73ad, 0x73cd,
    0x73ce, 0x7c0f, 0x7c30, 0x7c51, 0x8492, 0x84b3, 0x8cf5, 0x8d15, 0x8cf5, 0x8cd4, 0x8472, 0x7c0f,
    0x73ad, 0x6b6b, 0x6b6b, 0x73ac, 0x7bee, 0x8c70, 0x9cf3, 0xa575, 0xad96, 0xa576, 0x9cf3, 0x8450,
    0x73ad, 0x6b4b, 0x630a, 0x6b2a, 0x6b6b, 0x7bac, 0x840d, 0x946e, 0x9caf, 0x9cd0, 0xa511, 0xa533,
    0xa575, 0xadb7, 0xadd8, 0xadf9, 0xadfa, 0xb5fa, 0xb5fa, 0xb5fa, 0xb5fa, 0xb5fa, 0xb5fa, 0xb5fa,
    0xb5fa, 0xb61a, 0xb61a, 0xb61a, 0xb61a, 0xb63a, 0xbe3a, 0xbe5a, 0xbe5a, 0xbe5a, 0xc65a, 0xbe5a,
    0xbe3a, 0xb61a, 0xadf9, 0xa5d9, 0xa599, 0x9d98, 0x9578, 0x9578, 0x9578, 0x9578, 0x9d78, 0x9d98,
    0x9d98, 0x9db9, 0xa5b9, 0xa5b9, 0xa5b9, 0xa5d9, 0xadd9, 0xadf9, 0xb61a, 0xbe3a, 0xbe3a, 0xbe5a,
    0xbe5a, 0xbe5a, 0xbe5a, 0xbe5a, 0xbe5a, 0xbe5a, 0xc65a, 0xc65a, 0xc65a, 0xc65a, 0xbe5a, 0xbe5a,
    0xbe5a, 0xbe5a, 0xbe3a, 0xbe3a, 0xbe5a, 0xbe5a, 0xbe5a, 0xbe5a, 0xc65a, 0xc65a, 0xbe5a, 0xbe5a,
    0xbe3a, 0xbe3a, 0xb61a, 0xb5fa, 0xadf9, 0xadd9, 0xa5d9, 0xa5d9, 0xa5d9, 0xa5d9, 0xa5d9, 0xadd9,
    0xadf9, 0xadfa, 0xb61a, 0xb63a, 0xbe3a, 0xbe3a, 0xbe3a, 0xbe3a, 0xbe3a, 0xbe3a, 0xbe3a, 0xbe3a,
    0xbe3a, 0xb619, 0xb5f9, 0xadb7, 0xa576, 0x9d33, 0x9cd1, 0x948f, 0x8c4e, 0x7c0d, 0x73ac, 0x6b6b,
    0x632a, 0x5ae9, 0x52c9, 0x52c9, 0x5aea, 0x632b, 0x634c, 0x6b6c, 0x6b4c, 0x634b, 0x6b4b, 0x6b4b,
    0x6b8d, 0x73ef, 0x8471, 0x8cd3, 0x9d55, 0xa596, 0xa5b7, 0xadb7, 0xadd7, 0xadd8, 0xadd8, 0xadd8,
    0xadd8, 0xadd8, 0xadd8, 0xadd8, 0xadd8, 0xadd8, 0xadd8, 0xadd8, 0xadd8, 0xadd8, 0xadd8, 0xadd8,
    0xadd8, 0xadd8, 0xadd8, 0xadd8, 0xadb7, 0xa5b7, 0xa576, 0x9535, 0x8cb3, 0x7c10, 0x6b8d, 0x630a,
    0x5aa9, 0x5288, 0x5267, 0x5267, 0x5267, 0x4a47, 0x4a27, 0x4a06, 0x4206, 0x41e6, 0x41e6, 0x41e6,
    0x3164, 0x3184, 0x3184, 0x31a4, 0x39a4, 0x39c4, 0x3a04, 0x4245, 0x4a66, 0x52a7, 0x5ac8, 0x62e9,
    0x6b2a, 0x6b6c, 0x73ae, 0x7bef, 0x7c10, 0x73f0, 0x6bcf, 0x638d, 0x634d, 0x5b2c, 0x5b0b, 0x5b0b,
    0x5b0b, 0x5b2b, 0x634c, 0x6b8d, 0x73cd, 0x73ce, 0x73ce, 0x73ad, 0x73ad, 0x738c, 0x738c, 0x73ad,
    0x73ad, 0x73ce, 0x7c0f, 0x7c31, 0x8472, 0x84b3, 0x8cf5, 0x8d15, 0x9515, 0x8cd4, 0x8472, 0x7c0f,
    0x73ad, 0x6b6b, 0x6b6b, 0x738c, 0x7bed, 0x8c70, 0x94f3, 0xa555, 0xa576, 0xa555, 0x94d3, 0x8430,
    0x73ad, 0x6b2b, 0x630a, 0x630a, 0x6b4b, 0x7bac, 0x840d, 0x946e, 0x9caf, 0x9cf0, 0xa512, 0xa553,
    0xad96, 0xadd7, 0xadf9, 0xb5f9, 0xb5fa, 0xb5fa, 0xb5fa, 0xb5fa, 0xb5fa, 0xb61a, 0xb61a, 0xb61a,
    0xb61a, 0xb61a, 0xb61a, 0xb61a, 0xb61a, 0xb63a, 0xb63a, 0xbe3a, 0xbe5a, 0xbe5a, 0xbe5a, 0xbe5a,
    0xbe3a, 0xbe3a, 0xb61a, 0xadf9, 0xa5d9, 0xa5b9, 0x9d98, 0x9d98, 0x9d78, 0x9d78, 0x9d98, 0x9d98,
    0x9d98, 0x9db9, 0xa5b9, 0xa5d9, 0xa5d9, 0xadd9, 0xadf9, 0xb61a, 0xb63a, 0xbe3a, 0xbe3a, 0xbe3a,
    0xbe3a, 0xbe3a, 0xbe3a, 0xbe3a, 0xbe5a, 0xbe5a, 0xbe5a, 0xc65a, 0xc65a, 0xc65a, 0xbe5a, 0xbe5a,
    0xbe5a, 0xbe3a, 0xbe3a, 0xbe3a, 0xbe3a, 0xbe3a, 0xbe5a, 0xbe5a, 0xbe5a, 0xbe5a, 0xbe5a, 0xbe5a,
    0xbe5a, 0xbe5a, 0xbe3a, 0xb63a, 0xb61a, 0xadf9, 0xadd9, 0xadd9, 0xa5d9, 0xa5d9, 0xadd9, 0xadf9,
    0xb5fa, 0xb61a, 0xb63a, 0xbe3a, 0xbe3a, 0xbe3a, 0xbe3a, 0xbe3a, 0xbe3a, 0xbe3a, 0xbe3a, 0xbe3a,
    0xb61a, 0xb5f9, 0xadd8, 0xa597, 0xa575, 0x9d13, 0x94d1, 0x948f, 0x8c4e, 0x840d, 0x73cc, 0x6b8c,
    0x632b, 0x5aea, 0x5ac9, 0x5ac9, 0x5b0a, 0x632b, 0x6b6c, 0x6b6c, 0x6b6c, 0x6b4b, 0x6b4b, 0x6b4b,
    0x6b8d, 0x73ef, 0x8471, 0x8cd3, 0x9d35, 0xa596, 0xa5b7, 0xadb7, 0xadd7, 0xadd8, 0xadd8, 0xadd8,
    0xadd8, 0xadd8, 0xadd8, 0xadd8, 0xadd8, 0xadd8, 0xadd8, 0xadd8, 0xadd8, 0xadd8, 0xadd8, 0xadd8,
    0xadd8, 0xadd8, 0xadd8, 0xadd7, 0xadb7, 0xa5b7, 0xa576, 0x9535, 0x8cb3, 0x7c10, 0x6b8d, 0x5b0a,
    0x52a9, 0x5268, 0x5267, 0x4a67, 0x4a47, 0x4a47, 0x4a27, 0x4206, 0x41e6, 0x41e6, 0x39e6, 0x39c5,
    0x2963, 0x2963, 0x3183, 0x3183, 0x31a3, 0x31c3, 0x39e4, 0x4224, 0x4a65, 0x52a6, 0x5ac8, 0x62e9,
    0x6b2a, 0x6b6c, 0x73ce, 0x7c10, 0x7c10, 0x73f0, 0x6bcf, 0x636d, 0x5b4c, 0x5b0b, 0x52eb, 0x52ea,
    0x52ea, 0x5b0b, 0x634b, 0x6b6c, 0x73ad, 0x73ad, 0x73ad, 0x6b8d, 0x6b6c, 0x6b6c, 0x6b6c, 0x6b8c,
    0x6bad, 0x73ce, 0x740f, 0x7c31, 0x8492, 0x84d4, 0x8cf5, 0x9536, 0x9515, 0x8cf4, 0x8472, 0x7c0f,
    0x73ad, 0x6b6b, 0x6b6b, 0x738c, 0x7bcd, 0x8450, 0x94d3, 0x9d35, 0xa576, 0x9d35, 0x94d3, 0x8430,
    0x738d, 0x632b, 0x62ea, 0x630a, 0x6b4b, 0x73ac, 0x840d, 0x946e, 0x9caf, 0x9cf0, 0xa532, 0xad54,
    0xad96, 0xb5d7, 0xb5f9, 0xb619, 0xb61a, 0xb5fa, 0xb5fa, 0xb5fa, 0xb5fa, 0xb61a, 0xb61a, 0xb61a,
    0xb63a, 0xbe3a, 0xbe3a, 0xb63a, 0xb63a, 0xb63a, 0xb63a, 0xb63a, 0xbe3a, 0xbe5a, 0xbe5a, 0xbe5a,
    0xbe3a, 0xbe3a, 0xb61a, 0xb5f9, 0xadd9, 0xa5d9, 0xa5b9, 0xa5b9, 0x9d98, 0x9d98, 0x9d98, 0x9db9,
    0xa5b9, 0xa5b9, 0xa5d9, 0xadd9, 0xadf9, 0xadf9, 0xb61a, 0xb61a, 0xb63a, 0xbe3a, 0xbe3a, 0xbe3a,
    0xbe3a, 0xbe3a, 0xbe3a, 0xbe3a, 0xbe3a, 0xbe5a, 0xbe5a, 0xbe5a, 0xbe5a, 0xbe5a, 0xbe5a, 0xbe5a,
    0xbe5a, 0xbe3a, 0xbe3a, 0xb63a, 0xbe3a, 0xbe3a, 0xbe3a, 0xbe3a, 0xbe5a, 0xbe5a, 0xbe5a, 0xbe5a,
    0xbe5a, 0xbe5a, 0xbe5a, 0xbe3a, 0xb63a, 0xb61a, 0xadf9, 0xadf9, 0xadd9, 0xadf9, 0xadf9, 0xb5fa,
    0xb61a, 0xb63a, 0xbe3a, 0xbe3a, 0xbe3a, 0xbe3a, 0xbe3a, 0xb61a, 0xb619, 0xb619, 0xb619, 0xb5f9,
    0xb5f9, 0xadf9, 0xadd8, 0xa597, 0x9d55, 0x9d13, 0x94d1, 0x948f, 0x8c4e, 0x840d, 0x73cd, 0x6b8c,
    0x634b, 0x5b0a, 0x5ae9, 0x5aea, 0x630b, 0x634c, 0x6b6d, 0x6b8d, 0x6b6c, 0x6b4b, 0x6b4b, 0x6b4b,
    0x6b8d, 0x73ef, 0x8471, 0x8cd3, 0x9d35, 0xa596, 0xa5b7, 0xadb7, 0xadd7, 0xadd8, 0xadd8, 0xadd8,
    0xadd8, 0xadd8, 0xadd8, 0xadd8, 0xadd8, 0xadd8, 0xadd8, 0xadd8, 0xadd8, 0xadd8, 0xadd8, 0xadd8,
    0xadd8, 0xadd8, 0xadd8, 0xadd7, 0xadb7, 0xa5b7, 0xa576, 0x9535, 0x8cb3, 0x7c10, 0x6b8d, 0x5b0a,
    0x52a9, 0x5268, 0x4a67, 0x4a67, 0x4a47, 0x4a47, 0x4a06, 0x4206, 0x41e6, 0x41e6, 0x39c5, 0x39c5,
    0x2943, 0x2963, 0x3163, 0x3183, 0x31a3, 0x31a3, 0x39e3, 0x3a24, 0x4a65, 0x5286, 0x5ac8, 0x6309,
    0x6b2a, 0x6b8d, 0x73cf, 0x7c10, 0x7c31, 0x7410, 0x6bcf, 0x638e, 0x5b4c, 0x5b0b, 0x52ea, 0x52ca,
    0x52ea, 0x5aea, 0x632b, 0x634c, 0x6b6c, 0x6b8d, 0x6b6c, 0x6b6c, 0x6b4c, 0x6b4b, 0x6b4b, 0x6b6c,
    0x6b8d, 0x73ce, 0x7410, 0x7c51, 0x8493, 0x8cf5, 0x9516, 0x9536, 0x9536, 0x8cf4, 0x8492, 0x7c0f,
    0x73ad, 0x6b6b, 0x6b4b, 0x738b, 0x7bcd, 0x8450, 0x94d2, 0x9d35, 0x9d56, 0x9d35, 0x8cb3, 0x8410,
    0x6b8d, 0x632b, 0x62ea, 0x630a, 0x6b4b, 0x73ac, 0x840d, 0x8c6e, 0x9caf, 0x9cf0, 0xa532, 0xad74,
    0xadb6, 0xb5f8, 0xb619, 0xb61a, 0xb61a, 0xb61a, 0xb5fa, 0xb5fa, 0xb5fa, 0xb5fa, 0xb61a, 0xb61a,
    0xb63a, 0xbe3a, 0xbe3a, 0xbe3a, 0xbe3a, 0xb63a, 0xb63a, 0xb63a, 0xbe3a, 0xbe3a, 0xbe5a, 0xbe5a,
    0xbe3a, 0xbe3a, 0xb61a, 0xb61a, 0xadf9, 0xadf9, 0xadd9, 0xa5d9, 0xa5d9, 0xa5d9, 0xa5d9, 0xa5d9,
    0xa5d9, 0xa5d9, 0xadd9, 0xadf9, 0xadf9, 0xb61a, 0xb61a, 0xb61a, 0xb63a, 0xb63a, 0xb63a, 0xb63a,
    0xb61a, 0xb63a, 0xbe3a, 0xbe3a, 0xbe3a, 0xbe3a, 0xbe5a, 0xbe5a, 0xbe5a, 0xbe5a, 0xbe5a, 0xbe5a,
    0xbe3a, 0xbe3a, 0xb63a, 0xb63a, 0xb63a, 0xb63a, 0xbe3a, 0xbe3a, 0xbe3a, 0xbe3a, 0xbe3a, 0xbe5a,
    0xbe5a, 0xbe5a, 0xbe5a, 0xbe3a, 0xbe3a, 0xb61a, 0xb5fa, 0xadf9, 0xadf9, 0xadf9, 0xb5fa, 0xb61a,
    0xb61a, 0xbe3a, 0xbe3a, 0xbe3a, 0xbe3a, 0xb63a, 0xb61a, 0xb619, 0xb5f9, 0xadf9, 0xadf9, 0xadf9,
    0xadd9, 0xadd8, 0xa5b8, 0xa577, 0x9d55, 0x9d13, 0x94d1, 0x948f, 0x8c4e, 0x840d, 0x73cd, 0x6b8c,
    0x634b, 0x5b0a, 0x5aea, 0x5aea, 0x630b, 0x6b6c, 0x6b8d, 0x738d, 0x6b6c, 0x6b4b, 0x632b, 0x634b,
    0x6b6c, 0x73ce, 0x8451, 0x8cd3, 0x9d35, 0xa596, 0xa5b7, 0xadb7, 0xadd7, 0xadd8, 0xadd8, 0xadd8,
    0xadd8, 0xadd8, 0xadd8, 0xadd8, 0xadd8, 0xadd8, 0xadd8, 0xadd8, 0xadd8, 0xadd8, 0xadd8, 0xadd8,
    0xadd8, 0xadd8, 0xadd8, 0xadb7, 0xadb7, 0xa5b7, 0xa576, 0x9d35, 0x8cb3, 0x7c10, 0x6b8d, 0x5b0a,
    0x52a9, 0x5288, 0x5267, 0x5267, 0x4a67, 0x4a47, 0x4a06, 0x4206, 0x41e6, 0x41c5, 0x39c5, 0x39c5,
    0x2943, 0x2963, 0x3183, 0x3183, 0x31a3, 0x31a3, 0x31e3, 0x3a04, 0x4a65, 0x52a6, 0x5ac8, 0x6309,
    0x6b4b, 0x738d, 0x7bef, 0x7c31, 0x7c52, 0x7c31, 0x7410, 0x6bae, 0x634d, 0x5b0b, 0x52ea, 0x52ca,
    0x52ca, 0x5aea, 0x5b0b, 0x634b, 0x6b4c, 0x6b6c, 0x6b4c, 0x634b, 0x634b, 0x634b, 0x6b4b, 0x6b6c,
    0x6bad, 0x73ce, 0x7c10, 0x8472, 0x84b4, 0x8cf5, 0x9536, 0x9557, 0x9536, 0x94f4, 0x8492, 0x7c0f,
    0x73ad, 0x6b6b, 0x6b4b, 0x736b, 0x7bcd, 0x8430, 0x8cb2, 0x9d14, 0x9d36, 0x9d15, 0x8cb2, 0x7c0f,
    0x6b6d, 0x630a, 0x62ea, 0x630a, 0x6b4b, 0x73ac, 0x840d, 0x8c4e, 0x94af, 0x9cf0, 0xa532, 0xad74,
    0xb5b6, 0xb5f8, 0xbe19, 0xbe3a, 0xb61a, 0xb61a, 0xb61a, 0xb5fa, 0xb5fa, 0xb5fa, 0xb61a, 0xb61a,
    0xb63a, 0xbe3a, 0xbe3a, 0xbe5a, 0xbe3a, 0xbe3a, 0xbe3a, 0xbe3a, 0xbe3a, 0xbe3a, 0xbe3a, 0xbe3a,
    0xbe3a, 0xbe3a, 0xb63a, 0xb61a, 0xb61a, 0xadf9, 0xadf9, 0xadf9, 0xadf9, 0xadf9, 0xadf9, 0xadf9,
    0xadf9, 0xadf9, 0xadf9, 0xb5fa, 0xb61a, 0xb61a, 0xb61a, 0xb61a, 0xb61a, 0xb61a, 0xb61a, 0xb61a,
    0xb61a, 0xb61a, 0xb63a, 0xb63a, 0xbe3a, 0xbe3a, 0xbe3a, 0xbe3a, 0xbe3a, 0xbe5a, 0xbe5a, 0xbe3a,
    0xbe3a, 0xbe3a, 0xb63a, 0xb63a, 0xb63a, 0xb63a, 0xb63a, 0xb63a, 0xb63a, 0xbe3a, 0xbe3a, 0xbe3a,
    0xbe3a, 0xbe3a, 0xbe3a, 0xbe3a, 0xbe3a, 0xb61a, 0xb61a, 0xadfa, 0xadfa, 0xadfa, 0xb61a, 0xb61a,
    0xb63a, 0xbe3a, 0xbe3a, 0xbe3a, 0xb63a, 0xb61a, 0xb619, 0xadf9, 0xadf9, 0xadd9, 0xadd9, 0xadd8,
    0xa5d8, 0xa5b8, 0xa597, 0x9d77, 0x9d35, 0x9cf3, 0x94d1, 0x948f, 0x8c4e, 0x840d, 0x73cd, 0x6b8c,
    0x634b, 0x5b0a, 0x5aea, 0x5aea, 0x632b, 0x6b6c, 0x738d, 0x73ad, 0x6b8c, 0x6b4b, 0x632b, 0x634b,
    0x6b6c, 0x73ce, 0x8451, 0x8cd3, 0x9d35, 0xa596, 0xa5b7, 0xadb7, 0xadd7, 0xadd8, 0xadd8, 0xadd8,
    0xadd8, 0xadd8, 0xadd8, 0xadd8, 0xadd8, 0xadd8, 0xadd8, 0xadd8, 0xadd8, 0xadd8, 0xadd8, 0xadd8,
    0xadd8, 0xadd8, 0xadd8, 0xadb7, 0xadb7, 0xa5b7, 0xa576, 0x9d35, 0x8cb3, 0x7c30, 0x6b8d, 0x630b,
    0x5ac9, 0x52a8, 0x5288, 0x5288, 0x5267, 0x4a47, 0x4a26, 0x4206, 0x41e6, 0x41c5, 0x39c5, 0x39c5,
    0x2963, 0x2963, 0x3183, 0x3183, 0x31a3, 0x31c3, 0x31e3, 0x3a24, 0x4a65, 0x52a6, 0x5ae8, 0x6309,
    0x6b4b, 0x738d, 0x7bef, 0x7c51, 0x8472, 0x7c52, 0x7410, 0x6baf, 0x636d, 0x5b0b, 0x52ea, 0x52ca,
    0x52ca, 0x5aea, 0x5b0b, 0x632b, 0x634b, 0x6b4c, 0x6b4b, 0x634b, 0x634b, 0x634b, 0x6b6c, 0x6b8c,
    0x73ad, 0x73ef, 0x7c31, 0x8493, 0x8cd4, 0x9516, 0x9537, 0x9d57, 0x9536, 0x94f4, 0x8492, 0x7c0f,
    0x73ad, 0x6b6b, 0x6b4b, 0x6b6b, 0x73cd, 0x842f, 0x8cb2, 0x9514, 0x9d35, 0x9515, 0x8c92, 0x7c0f,
    0x6b6c, 0x630a, 0x62ea, 0x630a, 0x6b4b, 0x73ac, 0x840d, 0x8c4e, 0x94af, 0x9cf0, 0xa532, 0xad74,
    0xb5b6, 0xbdf8, 0xbe39, 0xbe3a, 0xbe3a, 0xb61a, 0xb61a, 0xadfa, 0xadfa, 0xadfa, 0xb5fa, 0xb61a,
    0xb61a, 0xbe3a, 0xbe3a, 0xbe5a, 0xbe5a, 0xbe5a, 0xbe3a, 0xbe3a, 0xbe3a, 0xbe3a, 0xbe3a, 0xbe3a,
    0xbe3a, 0xbe3a, 0xbe3a, 0xb63a, 0xb61a, 0xb61a, 0xb61a, 0xb61a, 0xb61a, 0xb61a, 0xb61a, 0xb61a,
    0xb61a, 0xb61a, 0xb61a, 0xb61a, 0xb61a, 0xb63a, 0xb61a, 0xb61a, 0xb61a, 0xb61a, 0xb61a, 0xb61a,
    0xb61a, 0xb61a, 0xb61a, 0xb61a, 0xb63a, 0xb63a, 0xb63a, 0xbe3a, 0xbe3a, 0xbe3a, 0xbe3a, 0xbe3a,
    0xb63a, 0xb63a, 0xb63a, 0xb63a, 0xb63a, 0xb61a, 0xb61a, 0xb61a, 0xb63a, 0xb63a, 0xb63a, 0xb63a,
    0xb63a, 0xbe3a, 0xbe3a, 0xbe3a, 0xb63a, 0xb61a, 0xb61a, 0xadfa, 0xadfa, 0xb61a, 0xb61a, 0xb61a,
    0xb61a, 0xb63a, 0xb63a, 0xb61a, 0xb61a, 0xb619, 0xadf9, 0xadf9, 0xadd9, 0xadd8, 0xa5b8, 0xa5b8,
    0xa5b8, 0xa598, 0x9d97, 0x9d76, 0x9d35, 0x9cf3, 0x94d1, 0x8c8f, 0x8c4e, 0x840d, 0x73cd, 0x6b8c,
    0x634b, 0x5b0a, 0x5aea, 0x5aea, 0x632b, 0x6b6c, 0x73ad, 0x73ad, 0x6b8c, 0x6b4b, 0x632a, 0x632b,
    0x6b6c, 0x73ce, 0x7c51, 0x8cd3, 0x9d35, 0xa597, 0xa5b7, 0xadb7, 0xadd7, 0xadd8, 0xadd8, 0xadd8,
    0xadd8, 0xadd8, 0xadd8, 0xadd8, 0xadd8, 0xadd8, 0xadd8, 0xadd8, 0xadd8, 0xadd8, 0xadd8, 0xadd8,
    0xadd8, 0xadd8, 0xadd8, 0xadb7, 0xadb7, 0xa5b7, 0xa596, 0x9d35, 0x8cd3, 0x7c30, 0x6bad, 0x632b,
    0x5ae9, 0x5ac8, 0x5aa8, 0x5aa8, 0x5288, 0x5267, 0x4a27, 0x4206, 0x41e6, 0x41c5, 0x39c5, 0x39a5,
    0x2963, 0x3184, 0x3184, 0x31a4, 0x31a3, 0x31c3, 0x39e3, 0x3a24, 0x4a65, 0x52a6, 0x5ae8, 0x6309,
    0x6b4b, 0x738d, 0x7bef, 0x7c51, 0x8472, 0x7c52, 0x7410, 0x6baf, 0x636d, 0x5b0b, 0x52ea, 0x52ca,
    0x52ca, 0x5aea, 0x5b0b, 0x632b, 0x6b4b, 0x6b4c, 0x6b4c, 0x6b4b, 0x6b4c, 0x6b6c, 0x6b6c, 0x73ad,
    0x73ce, 0x7c0f, 0x7c51, 0x8493, 0x8cd4, 0x9516, 0x9537, 0x9d57, 0x9536, 0x94f4, 0x8492, 0x7c0f,
    0x738d, 0x6b4b, 0x6b4a, 0x6b6b, 0x73cd, 0x842f, 0x8cb2, 0x94f4, 0x9d35, 0x94f4, 0x8c92, 0x7c0f,
    0x6b6c, 0x630a, 0x62e9, 0x630a, 0x6b4b, 0x73ac, 0x840d, 0x8c4e, 0x948f, 0x9cf0, 0xa532, 0xad74,
    0xb5d6, 0xbdf8, 0xbe39, 0xbe3a, 0xbe3a, 0xb61a, 0xb5fa, 0xadf9, 0xadf9, 0xadf9, 0xadfa, 0xb61a,
    0xb61a, 0xb63a, 0xbe3a, 0xbe5a, 0xbe5a, 0xbe5a, 0xbe3a, 0xbe3a, 0xbe3a, 0xbe3a, 0xbe3a, 0xbe3a,
    0xbe3a, 0xbe3a, 0xbe3a, 0xb63a, 0xb63a, 0xb61a, 0xb61a, 0xb61a, 0xb63a, 0xb63a, 0xbe3a, 0xbe3a,
    0xbe3a, 0xbe3a, 0xbe3a, 0xbe3a, 0xbe3a, 0xb63a, 0xb63a, 0xb63a, 0xb61a, 0xb61a, 0xb61a, 0xae1a,
    0xae1a, 0xae1a, 0xb61a, 0xb61a, 0xb61a, 0xb61a, 0xb63a, 0xb63a, 0xb63a, 0xb63a, 0xb63a, 0xb63a,
    0xb63a, 0xb63a, 0xb63a, 0xb63a, 0xb63a, 0xb61a, 0xb61a, 0xb61a, 0xb61a, 0xb61a, 0xb61a, 0xb61a,
    0xb61a, 0xb61a, 0xb61a, 0xb61a, 0xb61a, 0xb61a, 0xb61a, 0xadfa, 0xb5fa, 0xb61a, 0xb61a, 0xb61a,
    0xb61a, 0xb61a, 0xb61a, 0xb619, 0xb619, 0xb5f9, 0xadf9, 0xadd9, 0xadd9, 0xa5b8, 0xa5b8, 0xa5b8,
    0xa598, 0x9d97, 0x9d77, 0x9d76, 0x9d35, 0x94f3, 0x94b1, 0x8c6f, 0x842e, 0x7c0d, 0x73cc, 0x6b6c,
    0x634b, 0x5b0a, 0x5aea, 0x5aea, 0x632b, 0x6b6c, 0x73ad, 0x73ad, 0x6b8c, 0x6b4b, 0x632a, 0x632a,
    0x6b6c, 0x73ce, 0x7c51, 0x8cd3, 0x9d35, 0xa597, 0xa5b7, 0xadb7, 0xadd7, 0xadd8, 0xadd8, 0xadd8,
    0xadd8, 0xadd8, 0xadd8, 0xadd8, 0xadd8, 0xadd8, 0xadd8, 0xadd8, 0xadd8, 0xadd8, 0xadd8, 0xadd8,
    0xadd8, 0xadd8, 0xadd8, 0xadd8, 0xadb7, 0xa5b7, 0xa596, 0x9d35, 0x8cd3, 0x7c30, 0x6bad, 0x632b,
    0x5aea, 0x5ac9, 0x5ac9, 0x5aa8, 0x5a88, 0x5267, 0x4a27, 0x4206, 0x41e6, 0x39c5, 0x39a5, 0x39a5,
    0x2963, 0x3184, 0x31a4, 0x31a4, 0x31c4, 0x31e4, 0x3a04, 0x4224, 0x4a65, 0x52a6, 0x5ae8, 0x6309,
    0x6b4b, 0x738d, 0x7bef, 0x7c31, 0x8471, 0x7c51, 0x7410, 0x6bae, 0x634c, 0x5b0b, 0x52ea, 0x52ca,
    0x52ca, 0x5aea, 0x630b, 0x632b, 0x6b4c, 0x6b6c, 0x6b6c, 0x6b6c, 0x6b6c, 0x6b8c, 0x73ad, 0x73ad,
    0x7bee, 0x7c2f, 0x8451, 0x8493, 0x8cd4, 0x9515, 0x9536, 0x9556, 0x9536, 0x94f4, 0x8472, 0x7c0f,
    0x6b8c, 0x6b4b, 0x6b4a, 0x6b6b, 0x73ad, 0x842f, 0x8c92, 0x94f4, 0x9d35, 0x94f4, 0x8492, 0x7bef,
    0x6b6c, 0x630a, 0x62e9, 0x630a, 0x6b4b, 0x7bac, 0x840d, 0x8c4e, 0x94af, 0x9cf1, 0xa512, 0xad74,
    0xb5b6, 0xbdf8, 0xbe39, 0xbe3a, 0xbe3a, 0xb61a, 0xb5f9, 0xadf9, 0xadf9, 0xadf9, 0xadf9, 0xadf9,
    0xb61a, 0xb61a, 0xbe3a, 0xbe3a, 0xbe5a, 0xbe5a, 0xbe3a, 0xbe3a, 0xbe3a, 0xb63a, 0xb63a, 0xb63a,
    0xbe3a, 0xbe3a, 0xbe3a, 0xbe3a, 0xb63a, 0xb63a, 0xb63a, 0xb63a, 0xb63a, 0xb63a, 0xbe3a, 0xbe5a,
    0xbe5a, 0xbe5a, 0xbe5a, 0xbe3a, 0xbe3a, 0xbe3a, 0xbe3a, 0xbe3a, 0xb63a, 0xb63a, 0xb61a, 0xb61a,
    0xae1a, 0xae1a, 0xae1a, 0xae1a, 0xae1a, 0xb61a, 0xb61a, 0xb61a, 0xb61a, 0xb61a, 0xb61a, 0xb61a,
    0xb61a, 0xb61a, 0xb63a, 0xb63a, 0xb63a, 0xb61a, 0xb61a, 0xb61a, 0xb61a, 0xb61a, 0xb61a, 0xb61a,
    0xb61a, 0xb61a, 0xb61a, 0xb61a, 0xb61a, 0xb61a, 0xb5fa, 0xadfa, 0xb5fa, 0xb5f9, 0xb619, 0xb619,
    0xb619, 0xb619, 0xb619, 0xb619, 0xb5f9, 0xadf9, 0xadf9, 0xadd9, 0xadd9, 0xa5b8, 0xa5b8, 0xa598,
    0x9d98, 0x9d97, 0x9d77, 0x9d76, 0x9d35, 0x94f3, 0x94b1, 0x8c6f, 0x842e, 0x7bed, 0x73ac, 0x6b6b,
    0x632b, 0x5aea, 0x5ae9, 0x5aea, 0x632b, 0x6b6c, 0x73ad, 0x73ad, 0x6b6c, 0x634b, 0x630a, 0x632a,
    0x634c, 0x73ce, 0x7c51, 0x8cd3, 0x9d35, 0xa597, 0xa5b7, 0xadb7, 0xadd7, 0xadd8, 0xadd8, 0xadd8,
    0xadd8, 0xadd8, 0xadd8, 0xadd8, 0xadd8, 0xadd8, 0xadd8, 0xadd8, 0xadd8, 0xadd8, 0xadd8, 0xadd8,
    0xadd8, 0xadd8, 0xadd8, 0xadd8, 0xadb7, 0xa5b7, 0xa596, 0x9d35, 0x8cd3, 0x7c30, 0x73ad, 0x634b,
    0x62ea, 0x5ae9, 0x5ac9, 0x5ac9, 0x5aa8, 0x5268, 0x4a27, 0x4206, 0x41e6, 0x39c5, 0x39a5, 0x31a5,
    0x2963, 0x3184, 0x31a4, 0x31a4, 0x39c4, 0x39e4, 0x3a04, 0x4225, 0x4a65, 0x52a6, 0x5ae8, 0x6309,
    0x6b4b, 0x738c, 0x73ee, 0x7c30, 0x7c51, 0x7c30, 0x73ef, 0x6b8d, 0x5b4c, 0x5b0b, 0x52ea, 0x52ca,
    0x5aea, 0x5b0b, 0x632b, 0x6b4c, 0x6b6c, 0x6b8c, 0x738d, 0x738d, 0x73ad, 0x73ad, 0x73cd, 0x7bce,
    0x7c0e, 0x842f, 0x8471, 0x8492, 0x8cd3, 0x94f4, 0x9515, 0x9536, 0x9515, 0x8cd4, 0x8471, 0x7bef,
    0x6b8c, 0x6b4b, 0x6b2a, 0x6b6b, 0x73ad, 0x842f, 0x8c92, 0x94f4, 0x9515, 0x94f4, 0x8472, 0x7bef,
    0x6b6c, 0x630a, 0x62e9, 0x630a, 0x6b4b, 0x7bac, 0x840d, 0x8c4e, 0x9490, 0x9cd1, 0x9d12, 0xa574,
    0xb5b6, 0xb5f8, 0xbe39, 0xbe3a, 0xbe3a, 0xb619, 0xb5f9, 0xadd9, 0xadd9, 0xadd9, 0xadf9, 0xadf9,
    0xb5f9, 0xb619, 0xb61a, 0xbe3a, 0xbe3a, 0xbe3a, 0xbe3a, 0xbe3a, 0xbe3a, 0xb63a, 0xb61a, 0xb61a,
    0xb63a, 0xb63a, 0xbe3a, 0xbe3a, 0xbe3a, 0xb63a, 0xb63a, 0xb63a, 0xb63a, 0xb63a, 0xbe3a, 0xbe3a,
    0xbe5a, 0xbe5a, 0xbe5a, 0xbe5a, 0xbe5a, 0xbe5a, 0xbe5a, 0xbe5a, 0xbe3a, 0xbe3a, 0xb63a, 0xb61a,
    0xb61a, 0xae1a, 0xae1a, 0xadfa, 0xae1a, 0xae1a, 0xae1a, 0xae1a, 0xae1a, 0xae1a, 0xae1a, 0xae1a,
    0xb61a, 0xb61a, 0xb61a, 0xb61a, 0xb61a, 0xb61a, 0xb61a, 0xae1a, 0xae1a, 0xb61a, 0xb5fa, 0xb5fa,
    0xb5fa, 0xb61a, 0xb61a, 0xb61a, 0xb5fa, 0xb61a, 0xb5fa, 0xadfa, 0xb5fa, 0xb5f9, 0xb619, 0xb619,
    0xb619, 0xb619, 0xb619, 0xb619, 0xb5f9, 0xadf9, 0xadf9, 0xadf9, 0xadd9, 0xa5d8, 0xa5b8, 0xa598,
    0x9d97, 0x9d97, 0x9d77, 0x9d76, 0x9d35, 0x9cf3, 0x94d1, 0x8c6f, 0x842e, 0x7bed, 0x73ac, 0x6b6b,
    0x632a, 0x5aea, 0x5ac9, 0x5aea, 0x632b, 0x6b6c, 0x6b8d, 0x6bad, 0x6b6c, 0x634b, 0x632a, 0x632a,
    0x6b6c, 0x73ce, 0x8451, 0x8cd3, 0x9d35, 0xa597, 0xa5b7, 0xadb7, 0xadd8, 0xadd8, 0xadd8, 0xadd8,
    0xadd8, 0xadd8, 0xadd8, 0xadd8, 0xadd8, 0xadd8, 0xadd8, 0xadd8, 0xadd8, 0xadd8, 0xadd8, 0xadd8,
    0xadd8, 0xadd8, 0xadd8, 0xadd8, 0xadb7, 0xa5b7, 0xa596, 0x9d35, 0x8cd3, 0x7c30, 0x73ae, 0x634b,
    0x630a, 0x5ae9, 0x5ae9, 0x5ac9, 0x5aa8, 0x5268, 0x4a27, 0x4206, 0x41e6, 0x39c5, 0x39a5, 0x3184,
    0x2963, 0x3184, 0x31a4, 0x39a5, 0x39c4, 0x39e4, 0x3a04, 0x4245, 0x4a66, 0x52a7, 0x5ae8, 0x6309,
    0x6b2a, 0x6b8c, 0x73ce, 0x7c10, 0x7c30, 0x7c10, 0x73ce, 0x636d, 0x5b2b, 0x52ea, 0x52ca, 0x52ea,
    0x5aea, 0x630b, 0x634c, 0x6b6c, 0x738d, 0x73ad, 0x73ad, 0x73cd, 0x73cd, 0x7bce, 0x7bee, 0x7bee,
    0x840f, 0x842f, 0x8470, 0x8491, 0x8cb2, 0x8cd3, 0x94f4, 0x9515, 0x9515, 0x8cd3, 0x8471, 0x7bef,
    0x6b8c, 0x6b4b, 0x6b2a, 0x6b6b, 0x73ad, 0x842f, 0x8c92, 0x94f4, 0x9515, 0x8cd4, 0x8471, 0x73ce,
    0x6b4c, 0x630a, 0x62e9, 0x630a, 0x6b4b, 0x7bac, 0x840d, 0x8c4e, 0x948f, 0x94d1, 0x9d12, 0xa554,
    0xad96, 0xb5f8, 0xbe19, 0xbe39, 0xbe19, 0xb5f9, 0xadf9, 0xadd9, 0xadd9, 0xadd9, 0xadf9, 0xadf9,
    0xadf9, 0xb5f9, 0xb619, 0xb619, 0xb63a, 0xbe3a, 0xbe3a, 0xbe3a, 0xbe3a, 0xb63a, 0xb61a, 0xb61a,
    0xb61a, 0xb63a, 0xb63a, 0xb63a, 0xb63a, 0xb63a, 0xb63a, 0xb63a, 0xb61a, 0xb63a, 0xb63a, 0xbe3a,
    0xbe3a, 0xbe3a, 0xbe3a, 0xbe3a, 0xbe5a, 0xbe5a, 0xbe5a, 0xbe5a, 0xbe5a, 0xbe5a, 0xbe3a, 0xb63a,
    0xb63a, 0xb61a, 0xae1a, 0xae1a, 0xae1a, 0xae1a, 0xae1a, 0xae1a, 0xae1a, 0xae1a, 0xae1a, 0xadfa,
    0xae1a, 0xae1a, 0xb61a, 0xb61a, 0xb61a, 0xb61a, 0xb61a, 0xae1a, 0xae1a, 0xadfa, 0xadfa, 0xb5fa,
    0xb5fa, 0xb61a, 0xb61a, 0xb61a, 0xb5fa, 0xb61a, 0xadfa, 0xae1a, 0xae19, 0xae19, 0xae19, 0xae19,
    0xae19, 0xae19, 0xae19, 0xae19, 0xb619, 0xb619, 0xadf9, 0xadf9, 0xadf9, 0xadd9, 0xadd8, 0xa5b8,
    0xa598, 0x9d97, 0x9d77, 0x9d76, 0x9d35, 0x9d13, 0x94d1, 0x8c6f, 0x8c2e, 0x7bed, 0x73ac, 0x6b4b,
    0x630a, 0x5ae9, 0x52c9, 0x5ae9, 0x630a, 0x6b6c, 0x6b8d, 0x6b8d, 0x6b6c, 0x634b, 0x632a, 0x632b,
    0x6b6c, 0x73ce, 0x8451, 0x8cd3, 0x9d55, 0xa597, 0xa5b7, 0xadb8, 0xadd8, 0xadd8, 0xadd8, 0xadd8,
    0xadd8, 0xadd8, 0xadd8, 0xadd8, 0xadd8, 0xadd8, 0xadd8, 0xadd8, 0xadd8, 0xadd8, 0xadd8, 0xadd8,
    0xadd8, 0xadd8, 0xadd8, 0xadd7, 0xadb7, 0xa5b7, 0xa596, 0x9d35, 0x8cb3, 0x7c30, 0x6bad, 0x634b,
    0x630a, 0x5ae9, 0x5ac9, 0x5ac9, 0x5aa8, 0x5268, 0x4a27, 0x4206, 0x41c6, 0x39a5, 0x31a4, 0x3184,
    0x2963, 0x3184, 0x31a4, 0x39a5, 0x39c5, 0x39e5, 0x3a05, 0x4245, 0x4a66, 0x52a7, 0x5ac8, 0x6309,
    0x632a, 0x6b6c, 0x73ce, 0x7c0f, 0x7c10, 0x73ef, 0x6bae, 0x634d, 0x5b0b, 0x52ea, 0x52ca, 0x52ea,
    0x5b0b, 0x632b, 0x6b6c, 0x6b8d, 0x73ad, 0x73ad, 0x73ce, 0x7bce, 0x7bee, 0x7bee, 0x7bee, 0x7c0e,
    0x7c0e, 0x842f, 0x8450, 0x8470, 0x8c91, 0x8cb2, 0x8cd3, 0x94f4, 0x94f4, 0x8cd3, 0x8471, 0x7bef,
    0x6b8c, 0x6b4b, 0x6b4a, 0x6b6b, 0x73ad, 0x842f, 0x8c92, 0x94f4, 0x94f4, 0x8cd3, 0x8451, 0x73ce,
    0x634b, 0x5ae9, 0x5ae9, 0x6309, 0x6b4a, 0x73ac, 0x83ed, 0x8c4e, 0x8c8f, 0x94b0, 0x9cf2, 0xa534,
    0xad96, 0xb5d7, 0xb619, 0xbe19, 0xb619, 0xb5f9, 0xadd9, 0xadd8, 0xadd9, 0xadd9, 0xadf9, 0xadf9,
    0xadf9, 0xadf9, 0xadf9, 0xb5f9, 0xb619, 0xb619, 0xb61a, 0xb63a, 0xb63a, 0xb61a, 0xb61a, 0xb61a,
    0xb61a, 0xb61a, 0xb63a, 0xb63a, 0xb63a, 0xb63a, 0xb63a, 0xb61a, 0xb61a, 0xb61a, 0xb61a, 0xb61a,
    0xb63a, 0xb63a, 0xb63a, 0xbe3a, 0xbe3a, 0xbe5a, 0xc65a, 0xc65a, 0xc65a, 0xbe5a, 0xbe5a, 0xbe3a,
    0xb63a, 0xb63a, 0xb61a, 0xb61a, 0xae1a, 0xae1a, 0xae1a, 0xadfa, 0xadfa, 0xadfa, 0xae1a, 0xadfa,
    0xadfa, 0xadfa, 0xadfa, 0xae1a, 0xb61a, 0xb61a, 0xb61a, 0xae1a, 0xae1a, 0xae1a, 0xb5fa, 0xb5fa,
    0xb61a, 0xb61a, 0xb61a, 0xb61a, 0xb61a, 0xae1a, 0xae1a, 0xae19, 0xae19, 0xae19, 0xae19, 0xae19,
    0xae19, 0xae19, 0xae19, 0xae19, 0xb619, 0xb619, 0xb619, 0xb619, 0xb619, 0xb5f9, 0xadf9, 0xadd8,
    0xa5b8, 0xa597, 0xa597, 0xa576, 0x9d55, 0x9d13, 0x94d1, 0x948f, 0x8c2e, 0x83ed, 0x73ac, 0x6b4b,
    0x630a, 0x5ac9, 0x52c9, 0x5ac9, 0x5b0a, 0x634c, 0x6b8c, 0x6b8d, 0x6b6c, 0x6b4b, 0x632b, 0x634b,
    0x6b6c, 0x73ce, 0x8451, 0x8cd3, 0x9d55, 0xa597, 0xa5b7, 0xadb8, 0xadd8, 0xadd8, 0xadd8, 0xadd8,
    0xadd8, 0xadd8, 0xadd8, 0xadd8, 0xadd8, 0xadd8, 0xadd8, 0xadd8, 0xadd8, 0xadd8, 0xadd8, 0xadd8,
    0xadd8, 0xadd8, 0xadd7, 0xadd7, 0xadb7, 0xa5b7, 0xa596, 0x9d35, 0x8cb3, 0x7c30, 0x6bad, 0x634b,
    0x630a, 0x5ae9, 0x5ac9, 0x5ac9, 0x5aa8, 0x5267, 0x4a27, 0x4206, 0x39c5, 0x39a5, 0x3184, 0x3184,
    0x2963, 0x3184, 0x31a4, 0x39a5, 0x39c5, 0x39e5, 0x4205, 0x4245, 0x4a66, 0x52a7, 0x5ac8, 0x62e9,
    0x632a, 0x6b6c, 0x73ae, 0x7bef, 0x7c10, 0x73ef, 0x6bae, 0x634c, 0x5b0b, 0x52ea, 0x52ca, 0x52ea,
    0x5b0b, 0x632b, 0x6b6c, 0x6b8d, 0x73ad, 0x73ad, 0x73ce, 0x73ce, 0x7bee, 0x7bee, 0x7bee, 0x7bee,
    0x7bee, 0x7c0e, 0x7c0f, 0x842f, 0x8450, 0x8c71, 0x8cb2, 0x8cd3, 0x94d3, 0x8cb3, 0x8471, 0x7bef,
    0x6b8c, 0x6b4b, 0x6b4a, 0x6b6b, 0x73ad, 0x842f, 0x8c92, 0x94d4, 0x94f4, 0x8cb3, 0x7c30, 0x6bad,
    0x632b, 0x5ae9, 0x5ac9, 0x62e9, 0x6b4a, 0x738b, 0x7bed, 0x842e, 0x8c6f, 0x9490, 0x94d1, 0x9d33,
    0xa575, 0xadd7, 0xb5f9, 0xb619, 0xb619, 0xb5f9, 0xadd9, 0xadd8, 0xadd8, 0xadd9, 0xadd9, 0xadd9,
    0xadd9, 0xadd8, 0xadd9, 0xadd9, 0xadf9, 0xb5f9, 0xb61a, 0xb61a, 0xb61a, 0xb61a, 0xb61a, 0xb61a,
    0xb61a, 0xb61a, 0xb61a, 0xb61a, 0xb61a, 0xb61a, 0xb61a, 0xb61a, 0xb61a, 0xb61a, 0xb61a, 0xb61a,
    0xb61a, 0xb61a, 0xb63a, 0xb63a, 0xbe3a, 0xbe5a, 0xc65a, 0xc67b, 0xc67b, 0xc67b, 0xc65b, 0xbe5a,
    0xbe5a, 0xb63a, 0xb63a, 0xb63a, 0xb61a, 0xb61a, 0xae1a, 0xadfa, 0xadfa, 0xadfa, 0xae1a, 0xadfa,
    0xadfa, 0xadfa, 0xadfa, 0xadfa, 0xae1a, 0xae1a, 0xb61a, 0xb61a, 0xb61a, 0xb61a, 0xb61a, 0xb61a,
    0xb61a, 0xb61a, 0xb61a, 0xb61a, 0xae1a, 0xae19, 0xadf9, 0xae19, 0xae19, 0xae19, 0xae19, 0xae19,
    0xae19, 0xae19, 0xae19, 0xb619, 0xb63a, 0xb63a, 0xb63a, 0xbe3a, 0xbe3a, 0xb639, 0xb619, 0xb5f9,
    0xadd8, 0xa5b8, 0xa597, 0xa576, 0xa555, 0x9d33, 0x9cd1, 0x9490, 0x8c2e, 0x7bed, 0x73ac, 0x6b4b,
    0x5b09, 0x52c9, 0x52a8, 0x52c9, 0x5b0a, 0x634b, 0x6b8c, 0x6b8c, 0x6b6c, 0x6b4b, 0x634b, 0x634b,
    0x6b6d, 0x73ef, 0x8471, 0x8cd4, 0x9d56, 0xa597, 0xa5b7, 0xadb8, 0xadd8, 0xadd8, 0xadd8, 0xadd8,
    0xadd8, 0xadd8, 0xadd8, 0xadd8, 0xadd8, 0xadd8, 0xadd8, 0xadd8, 0xadd8, 0xadd8, 0xadd8, 0xadd7,
    0xadd7, 0xadd7, 0xadd7, 0xadd7, 0xadb7, 0xa5b7, 0xa596, 0x9d35, 0x8cb3, 0x7c30, 0x6bad, 0x634b,
    0x5b0a, 0x5ae9, 0x5ac9, 0x5ac9, 0x5aa8, 0x5267, 0x4a27, 0x41e6, 0x39c5, 0x39a5, 0x3184, 0x3184,
    0x2943, 0x2964, 0x3184, 0x31a4, 0x39c5, 0x39e5, 0x4205, 0x4226, 0x4a66, 0x52a7, 0x5ac8, 0x62e9,
    0x632a, 0x6b6c, 0x73ae, 0x7c0f, 0x7c10, 0x73ef, 0x6bae, 0x634c, 0x5b0b, 0x52ea, 0x52ca, 0x52ca,
    0x5aea, 0x632b, 0x634c, 0x6b6c, 0x6b8d, 0x6bad, 0x73ad, 0x73ce, 0x73ce, 0x73cd, 0x73cd, 0x73ad,
    0x73ad, 0x73cd, 0x73ce, 0x7bee, 0x7c0f, 0x8450, 0x8471, 0x8cb2, 0x8cd3, 0x8cb2, 0x8471, 0x7bef,
    0x73ad, 0x6b6b, 0x6b4b, 0x6b6b, 0x73cd, 0x842f, 0x8c92, 0x94d3, 0x94d4, 0x8c93, 0x7c30, 0x6b8d,
    0x630a, 0x5ac9, 0x5ac8, 0x5ae9, 0x6b2a, 0x738b, 0x7bcc, 0x840d, 0x8c4e, 0x8c90, 0x94d1, 0x9d13,
    0xa575, 0xadb7, 0xb5f8, 0xb619, 0xb5f9, 0xb5f9, 0xadd9, 0xadd8, 0xadd8, 0xadd9, 0xadd9, 0xadd8,
    0xa5b8, 0xa5b8, 0xa5b8, 0xa5d9, 0xadd9, 0xadf9, 0xadf9, 0xb61a, 0xb61a, 0xb61a, 0xb63a, 0xb63a,
    0xb63a, 0xb61a, 0xb61a, 0xb61a, 0xb61a, 0xb61a, 0xb61a, 0xb61a, 0xb61a, 0xb61a, 0xadfa, 0xb61a,
    0xae1a, 0xb61a, 0xb61a, 0xb61a, 0xbe3a, 0xbe5a, 0xc65a, 0xc67b, 0xc67b, 0xc67b, 0xc67b, 0xc65b,
    0xbe5a, 0xbe5a, 0xbe5a, 0xbe3a, 0xb63a, 0xb61a, 0xb61a, 0xb61a, 0xadfa, 0xadfa, 0xadfa, 0xadfa,
    0xadfa, 0xadfa, 0xadfa, 0xadfa, 0xadfa, 0xb61a, 0xb61a, 0xb61a, 0xb61a, 0xb61a, 0xb61a, 0xb61a,
    0xb61a, 0xb61a, 0xb61a, 0xae19, 0xae19, 0xadf9, 0xa5f9, 0xa5f9, 0xa5f9, 0xa5f9, 0xa619, 0xae19,
    0xae19, 0xae19, 0xae39, 0xb63a, 0xb63a, 0xbe5a, 0xbe5a, 0xbe5a, 0xbe5a, 0xbe5a, 0xbe3a, 0xb619,
    0xadf9, 0xadd8, 0xa5b7, 0xa596, 0xa555, 0x9d33, 0x9cd1, 0x9490, 0x8c2e, 0x7bed, 0x738c, 0x6b4a,
    0x5ae9, 0x52a8, 0x52a8, 0x52a8, 0x5aea, 0x634b, 0x6b6c, 0x6b8c, 0x6b6c, 0x6b4b, 0x634b, 0x6b4b,
    0x6b8d, 0x73ef, 0x8471, 0x8cf4, 0x9d56, 0xa597, 0xa5b7, 0xadb8, 0xadd8, 0xadd8, 0xadd8, 0xadd8,
    0xadd8, 0xadd8, 0xadd8, 0xadd8, 0xadd8, 0xadd8, 0xadd8, 0xadd8, 0xadd8, 0xadd7, 0xadd7, 0xadd7,
    0xadd7, 0xadd7, 0xadd7, 0xadd7, 0xadb7, 0xa5b7, 0xa597, 0x9d35, 0x8cb3, 0x7c30, 0x6bad, 0x634b,
    0x5b0a, 0x5ae9, 0x5ac9, 0x5ac9, 0x5288, 0x5267, 0x4a27, 0x41e6, 0x39c5, 0x31a5, 0x3184, 0x3184,
    0x2943, 0x2963, 0x3184, 0x31a4, 0x39c5, 0x39e5, 0x4205, 0x4226, 0x4a66, 0x52a7, 0x5ac8, 0x62e9,
    0x632a, 0x6b6c, 0x73ae, 0x7c0f, 0x7c30, 0x740f, 0x6bce, 0x636d, 0x5b0b, 0x52ea, 0x52ca, 0x52ca,
    0x52ea, 0x5b0b, 0x632b, 0x634c, 0x6b6c, 0x6b8d, 0x6b8d, 0x6bad, 0x6bad, 0x6b8d, 0x6b8d, 0x6b8c,
    0x6b8c, 0x6b8c, 0x6b8d, 0x73ad, 0x73ce, 0x7c0f, 0x8450, 0x8c92, 0x8cb3, 0x8cb2, 0x8471, 0x7c0f,
    0x73ad, 0x6b6b, 0x6b4b, 0x6b6b, 0x73cd, 0x7c2f, 0x8c92, 0x8cd3, 0x8cd4, 0x8c92, 0x7c10, 0x6b8d,
    0x5b0a, 0x52c8, 0x52a8, 0x5ae8, 0x6329, 0x6b6b, 0x7bcc, 0x840d, 0x8c4e, 0x8c6f, 0x94b1, 0x9cf3,
    0xa555, 0xadb7, 0xb5f8, 0xb5f9, 0xb5f9, 0xb5f9, 0xadd9, 0xadd9, 0xadd8, 0xadd9, 0xadd8, 0xa5b8,
    0xa5b8, 0xa598, 0xa5b8, 0xa5b8, 0xa5d9, 0xadd9, 0xadf9, 0xb5fa, 0xb61a, 0xb61a, 0xb63a, 0xb63a,
    0xbe3a, 0xb63a, 0xb63a, 0xb61a, 0xb61a, 0xb61a, 0xb61a, 0xadfa, 0xadfa, 0xadfa, 0xadfa, 0xadfa,
    0xadfa, 0xadfa, 0xae1a, 0xb61a, 0xb63a, 0xbe3a, 0xc65a, 0xc67b, 0xc67b, 0xc67b, 0xc67b, 0xc67b,
    0xc65b, 0xbe5a, 0xbe5a, 0xbe5a, 0xbe3a, 0xb63a, 0xb63a, 0xb61a, 0xb61a, 0xadfa, 0xadfa, 0xadfa,
    0xadfa, 0xadfa, 0xadfa, 0xadfa, 0xb5fa, 0xb61a, 0xb61a, 0xb61a, 0xb63a, 0xbe3a, 0xbe3a, 0xbe3a,
    0xb63a, 0xb63a, 0xb61a, 0xae19, 0xa5f9, 0xa5f9, 0xa5f9, 0xa5f9, 0xa5f9, 0xa5f9, 0xa5f9, 0xae19,
    0xae19, 0xae39, 0xb63a, 0xb63a, 0xbe5a, 0xbe5a, 0xc67a, 0xc67a, 0xc67a, 0xc67a, 0xbe5a, 0xbe3a,
    0xb619, 0xadd8, 0xa5b7, 0xa596, 0xa575, 0x9d33, 0x9cd1, 0x9490, 0x8c2e, 0x7bed, 0x738c, 0x632a,
    0x5ae9, 0x52a8, 0x5288, 0x52a8, 0x5ae9, 0x634b, 0x6b6c, 0x6b8c, 0x6b6c, 0x6b4b, 0x634b, 0x6b4b,
    0x6b8d, 0x73ef, 0x8471, 0x8cd4, 0x9d56, 0xa597, 0xa5b7, 0xadb8, 0xadd8, 0xadd8, 0xadd8, 0xadd8,
    0xadd8, 0xadd8, 0xadd8, 0xadd8, 0xadd8, 0xadd8, 0xadd8, 0xadd7, 0xadd7, 0xadd7, 0xadd7, 0xadd7,
    0xadd7, 0xadd7, 0xadd7, 0xadd7, 0xadb7, 0xadb7, 0xa597, 0x9d35, 0x8cb3, 0x7c30, 0x6bad, 0x634b,
    0x5aea, 0x5ae9, 0x5ac9, 0x5aa9, 0x5288, 0x4a67, 0x4a26, 0x41e6, 0x39c5, 0x31a4, 0x3184, 0x3184,
    0x2943, 0x2963, 0x3184, 0x31a4, 0x39c5, 0x39c5, 0x41e5, 0x4226, 0x4a67, 0x52a8, 0x5ac8, 0x62e9,
    0x632a, 0x6b6c, 0x73ce, 0x7c0f, 0x7c30, 0x7c10, 0x73ce, 0x636d, 0x5b0b, 0x52ea, 0x52ca, 0x52ca,
    0x52ea, 0x5aea, 0x5b0b, 0x632b, 0x634c, 0x636c, 0x6b6d, 0x6b8d, 0x6b6d, 0x6b6c, 0x634c, 0x634c,
    0x6b4c, 0x6b6c, 0x6b6c, 0x6b8c, 0x73ad, 0x7bef, 0x8430, 0x8492, 0x8cb2, 0x8cb2, 0x8471, 0x7c0f,
    0x73ad, 0x6b6b, 0x6b6b, 0x6b6b, 0x73ad, 0x7c0f, 0x8492, 0x8cd3, 0x8cd4, 0x8492, 0x7c0f, 0x6b6c,
    0x5aea, 0x52a8, 0x52a8, 0x5ac8, 0x6309, 0x6b6a, 0x7bcc, 0x840d, 0x844e, 0x8c6f, 0x94b1, 0x9cf3,
    0xa555, 0xad97, 0xadd8, 0xb5f9, 0xb5f9, 0xb5f9, 0xadf9, 0xadd9, 0xadd8, 0xadd8, 0xadd8, 0xa5b8,
    0xa598, 0x9d98, 0x9d98, 0xa598, 0xa5b9, 0xadd9, 0xadf9, 0xadfa, 0xb61a, 0xb61a, 0xb63a, 0xbe3a,
    0xbe3a, 0xbe3a, 0xb63a, 0xb61a, 0xb61a, 0xb61a, 0xadfa, 0xadfa, 0xadfa, 0xadfa, 0xadf9, 0xadf9,
    0xadf9, 0xadf9, 0xadfa, 0xb61a, 0xb63a, 0xbe3a, 0xbe5a, 0xc67b, 0xc67b, 0xc67b, 0xc67b, 0xc67b,
    0xc67b, 0xc67b, 0xc65a, 0xbe5a, 0xbe5a, 0xbe3a, 0xb63a, 0xb61a, 0xb61a, 0xb5fa, 0xadfa, 0xadfa,
    0xadfa, 0xadfa, 0xadfa, 0xadfa, 0xb61a, 0xb61a, 0xb61a, 0xb63a, 0xbe3a, 0xbe3a, 0xbe3a, 0xbe3a,
    0xbe3a, 0xb63a, 0xb619, 0xae19, 0xa5f9, 0x9df9, 0x9df9, 0x9df9, 0x9df9, 0xa5f9, 0xa5f9, 0xae19,
    0xae19, 0xb63a, 0xb63a, 0xbe5a, 0xbe5a, 0xc67a, 0xc67a, 0xc69b, 0xc69b, 0xc69b, 0xc67a, 0xbe5a,
    0xb619, 0xadd8, 0xa5b8, 0xa596, 0xa555, 0x9d33, 0x9cd1, 0x9490, 0x842e, 0x7bed, 0x738b, 0x632a,
    0x5ae9, 0x52a8, 0x4a87, 0x52a8, 0x5ae9, 0x632b, 0x6b6c, 0x6b8c, 0x6b6c, 0x6b4b, 0x6b4b, 0x6b4b,
    0x6b8d, 0x73ef, 0x8471, 0x94d4, 0x9d56, 0xa597, 0xa5b7, 0xadb8, 0xadd8, 0xadd8, 0xadd8, 0xadd8,
    0xadd8, 0xadd8, 0xadd8, 0xadd8, 0xadd8, 0xadd8, 0xadd8, 0xadd7, 0xadd7, 0xadd7, 0xadd7, 0xadd7,
    0xadd7, 0xadd7, 0xadd7, 0xadd7, 0xadb7, 0xadb7, 0xa597, 0x9d35, 0x8cb3, 0x7c30, 0x6bad, 0x632b,
    0x5aea, 0x5ac9, 0x5ac9, 0x5aa9, 0x5288, 0x4a47, 0x4a26, 0x41e6, 0x39a5, 0x31a4, 0x3184, 0x3184,
};

static const Fuchey::SpriteAnim PassBlurTop = {
    PassBlurTop_data, 240, 130, 1, 10, true,
};
