#pragma once
// Auto-generated by scripts/convert_sprite.py from 'Pass design .png'.
// 240x240 x1 frames, 115200 bytes RGB565. Do not hand-edit.
#include <cstdint>
#include "SpritePlayer.hpp"

static const uint16_t PassDesign_data[] = {
    0x9dba, 0x9dba, 0x9dba, 0x9dba, 0x9dba, 0x9dba, 0x9dba, 0x9dba, 0x9d9a, 0x9d9a, 0x9d9a, 0x9dba,
    0x9dba, 0x9dba, 0x9dba, 0x9dba, 0x9dba, 0x9dba, 0x9dba, 0x9dba, 0x9dba, 0x9dba, 0x9dba, 0x9dba,
    0x9dba, 0x9dba, 0x9dba, 0x9dba, 0x9dba, 0x9dba, 0x9dba, 0x9dba, 0xa5ba, 0x9dba, 0xa5ba, 0xa5ba,
    0x9dba, 0x9dba, 0x9dba, 0x9dba, 0x9dba, 0x9dba, 0x9dba, 0x9dba, 0x9dba, 0x9dba, 0x9dba, 0x9dba,
    0x9dba, 0x9dba, 0x9dba, 0x9dba, 0x9dba, 0x9dba, 0x9dba, 0x9dba, 0x9dba, 0x9dba, 0x9dba, 0x9dba,
    0x9dba, 0x9dba, 0x9dba, 0x9dba, 0x9dba, 0x9dba, 0x9dba, 0x9d9a, 0x9dba, 0x9dba, 0x9dba, 0x9dba,
    0x9dba, 0x9dba, 0x9dba, 0xa59a, 0x9dba, 0x9dba, 0x9d9a, 0x9d9a, 0x9d9a, 0x9dba, 0x9dba, 0x9dba,
    0x9dba, 0x9dba, 0x9dba, 0x9dba, 0x9dba, 0xa5ba, 0x9dba, 0x9dba, 0xa5ba, 0xa5ba, 0x9d9a, 0xa5ba,
    0x9d9a, 0x9dba, 0x9dba, 0x9d9a, 0x9d9a, 0x9d9a, 0x9dba, 0x9d9a, 0xa5ba, 0xa59a, 0x9d9a, 0x9d99,
    0x9d9a, 0x9d9a, 0x9d9a, 0x9579, 0x9579, 0x9d99, 0x9d99, 0x9d99, 0xa5ba, 0xa5ba, 0xa5ba, 0xa5ba,
    0xa5b9, 0xa5ba, 0xa5b9, 0x9db9, 0x9d9a, 0x9d9a, 0x9d99, 0x9d79, 0x9d7a, 0x9d79, 0x9d79, 0x9d79,
    0x9d99, 0x9d9a, 0x9d9a, 0x9d9a, 0x9d7a, 0x9d99, 0x9d9a, 0x9d9a, 0x9d7a, 0x9d9a, 0x9d99, 0x9d9a,
    0x9d9a, 0x9d9a, 0x9d9a, 0x9d9a, 0x9dba, 0x9dba, 0x9dba, 0x9d9a, 0x9d9a, 0xa5ba, 0xa5ba, 0xa5ba,
    0xa5ba, 0xa5ba, 0xa5ba, 0xa5ba, 0xa5ba, 0x9dba, 0x9dba, 0x9dba, 0xa5ba, 0xa5ba, 0xa5ba, 0xa5ba,
    0xa5ba, 0xa5ba, 0xa5ba, 0x9dba, 0x9dba, 0x9dba, 0x9dba, 0x9dba, 0xa5ba, 0xa5ba, 0xa5ba, 0xa5ba,
    0x9dba, 0x9dba, 0x9d9a, 0x9dba, 0x9d9a, 0x9d9a, 0xa59a, 0x9d9a, 0x9d9a, 0x9d9a, 0x9d9a, 0x9d9a,
    0x9dba, 0x9dba, 0x9dba, 0x9dba, 0xa5ba, 0xa5ba, 0xa5ba, 0xa5ba, 0xa5ba, 0x9dba, 0x9dba, 0x9dba,
    0x9dba, 0x9dba, 0x9dba, 0x9dba, 0x9dba, 0x9dba, 0x9dba, 0xa5ba, 0xa5ba, 0xa5ba, 0xa5ba, 0xa5ba,
    0xa5ba, 0xa5ba, 0xa5ba, 0xa5ba, 0xa5ba, 0xa5ba, 0x9dba, 0x9dba, 0x9dba, 0x9dba, 0x9dba, 0x9dba,
    0x9dba, 0x9dba, 0x9dba, 0xa5ba, 0xa5ba, 0xa5ba, 0x9dba, 0x9dba, 0x9dba, 0x9dba, 0x9dba, 0xa5ba,
    0x9dba, 0x9dba, 0x9dba, 0x9dba, 0x9dba, 0x9dba, 0x9dba, 0x9dba, 0x9dba, 0x9dba, 0x9dba, 0x9dba,
    0x9dba, 0x9dba, 0x9dba, 0x9dba, 0x9dba, 0x9dba, 0x9dba, 0x9dba, 0x9dba, 0x9dba, 0x9dba, 0x9dba,
    0x9dba, 0x9dba, 0x9dba, 0x9dba, 0x9dba, 0x9dba, 0x9dba, 0x9dba, 0x9dba, 0x9dba, 0x9dba, 0xa5ba,
    0xa5ba, 0xa5ba, 0x9dba, 0x9dba, 0x9dba, 0x9dba, 0x9dba, 0x9dba, 0x9dba, 0x9dba, 0x9dba, 0x9dba,
    0x9dba, 0x9dba, 0x9dba, 0x9dba, 0x9dba, 0x9dba, 0x9dba, 0x9dba, 0x9dba, 0x9dba, 0x9dba, 0x9dba,
    0x9dba, 0x9dba, 0x9dba, 0x9dba, 0x9dba, 0x9dba, 0x9dba, 0x9d9a, 0x9d9a, 0x9d9a, 0x9dba, 0x9dba,
    0x9dba, 0x9dba, 0x9dba, 0xa59a, 0x9dba, 0x9dba, 0x9dba, 0x9dba, 0x9dba, 0x9dba, 0x9dba, 0x9dba,
    0x9dba, 0x9dba, 0x9dba, 0x9dba, 0x9dba, 0x9d9a, 0xa5ba, 0xa5ba, 0xa5ba, 0x9dba, 0x9dba, 0x9d9a,
    0x9d9a, 0x9d9a, 0x9dba, 0x9d9a, 0x959a, 0x9d99, 0x9d99, 0x9d9a, 0x9d9a, 0x9dba, 0xa5ba, 0x9d79,
    0x9d58, 0x9558, 0x9537, 0x8d17, 0x7432, 0x6bb0, 0x6bb0, 0x6bd0, 0x6bd0, 0x73f0, 0x73f0, 0x73f0,
    0x7c31, 0x8493, 0x8cb3, 0x8cb3, 0x8493, 0x8493, 0x7411, 0x6baf, 0x6bcf, 0x6bcf, 0x6bcf, 0x7411,
    0x9517, 0x9558, 0x9d57, 0x9537, 0x9d58, 0x9d99, 0x9d9a, 0x9d7a, 0x9d79, 0x9d99, 0x9d9a, 0x9d9a,
    0x9d99, 0x9d9a, 0x9d9a, 0x9d9a, 0x9d9a, 0x9dba, 0x9d9a, 0x9d9a, 0x9d9a, 0xa5ba, 0xa5ba, 0xa5ba,
    0xa5ba, 0xa5ba, 0xa5ba, 0xa5ba, 0xa5ba, 0xa5ba, 0x9dba, 0x9dba, 0xa5ba, 0xa5ba, 0xa5ba, 0xa5ba,
    0xa5ba, 0xa5ba, 0xa5ba, 0x9dba, 0x9dba, 0x9dba, 0x9dba, 0x9dba, 0xa5ba, 0xa5ba, 0xa5ba, 0xa5ba,
    0x9dba, 0x9dba, 0x9dba, 0x9dba, 0x9dba, 0x9dba, 0x9d9a, 0x9d9a, 0x9d9a, 0x9d9a, 0x9dba, 0x9d9a,
    0x9dba, 0x9dba, 0x9dba, 0x9dba, 0xa5ba, 0xa5ba, 0xa5ba, 0xa5ba, 0xa5ba, 0x9dba, 0x9dba, 0x9dba,
    0x9dba, 0x9dba, 0x9dba, 0x9dba, 0x9dba, 0x9dba, 0x9dba, 0xa5ba, 0xa5ba, 0xa5ba, 0xa5ba, 0xa5ba,
    0xa5ba, 0xa5ba, 0xa5ba, 0xa5ba, 0xa5ba, 0x9dba, 0x9dba, 0x9dba, 0x9dba, 0x9dba, 0x9dba, 0x9dba,
    0x9dba, 0xa5ba, 0xa5ba, 0xa5ba, 0xa5ba, 0xa5ba, 0x9dba, 0x9dba, 0x9dba, 0x9dba, 0x9dba, 0xa5ba,
    0x9dba, 0x9dba, 0x9dba, 0x9dba, 0x9dba, 0x9dba, 0x9dba, 0x9dba, 0x9dba, 0x9dba, 0x9dba, 0x9dba,
    0x9dba, 0x9dba, 0x9dba, 0x9dba, 0x9dba, 0x9dba, 0x9dba, 0x9dba, 0x9dba, 0x9dba, 0x9dba, 0x9dba,
    0x9dba, 0x9dba, 0x9dba, 0x9dba, 0x9dba, 0x9dba, 0x9dba, 0x9dba, 0x9dba, 0x9dba, 0x9dba, 0x9dba,
    0x9dba, 0x9dba, 0x9dba, 0x9dba, 0x9dba, 0x9dba, 0x9dba, 0x9dba, 0x9dba, 0x9dba, 0x9dba, 0x9dba,
    0x9dba, 0x9dba, 0x9dba, 0x9dba, 0xa5ba, 0xa5ba, 0xa5ba, 0xa5ba, 0x9dba, 0x9dba, 0x9dba, 0x9dba,
    0x9dba, 0x9dba, 0x9dba, 0x9dba, 0x9dba, 0x9dba, 0x9dba, 0x9d9a, 0xa5ba, 0x9dba, 0x9dba, 0x9dba,
    0x9dba, 0x9dba, 0x9dba, 0x9dba, 0x9dba, 0x9dba, 0x9dba, 0x9dba, 0x9dba, 0x9dba, 0x9dba, 0x9dba,
    0x9dba, 0x9dba, 0x9dba, 0x9dba, 0x9dba, 0x9d9a, 0x9dba, 0x9dba, 0x9dba, 0x9dba, 0x9d9a, 0x9dba,
    0x9d9a, 0x9599, 0x9579, 0x9d99, 0xa5f9, 0xa5fa, 0x9dd9, 0x95b9, 0x959a, 0x9d99, 0x9516, 0x73f0,
    0x530b, 0x5b0b, 0x52ea, 0x52ea, 0x4286, 0x4265, 0x4245, 0x4a66, 0x4a46, 0x4246, 0x632a, 0x73ed,
    0x8cd2, 0xbe59, 0xcebb, 0xcedb, 0xceba, 0xc699, 0x8cd2, 0x532a, 0x4ac7, 0x4286, 0x4285, 0x4a86,
    0x52ea, 0x52ea, 0x52ea, 0x52eb, 0x6baf, 0x8cb5, 0x8cd5, 0x8cd5, 0x8cd6, 0x9d78, 0x9d99, 0x9d9a,
    0x9d9a, 0x9d9a, 0x9d9a, 0x9d9a, 0x9d9a, 0xa59a, 0x9d9a, 0x9d9a, 0x9dba, 0x9dba, 0xa5ba, 0xa5ba,
    0xa5ba, 0xa5ba, 0xa5ba, 0xa5ba, 0xa5ba, 0xa5ba, 0xa5ba, 0xa5ba, 0xa5ba, 0xa5ba, 0xa5ba, 0xa5ba,
    0x9dba, 0x9dba, 0x9dba, 0x9dba, 0x9dba, 0x9dba, 0x9dba, 0x9dba, 0xa5ba, 0xa5ba, 0xa5ba, 0x9dba,
    0x9dba, 0x9dba, 0x9dba, 0x9dba, 0x9dba, 0x9dba, 0xa5ba, 0xa5ba, 0x9d9a, 0x9d9a, 0x9d9a, 0x9d9a,
    0x9dba, 0x9dba, 0x9dba, 0x9dba, 0x9dba, 0xa5ba, 0xa5ba, 0xa5ba, 0xa5ba, 0xa5ba, 0xa5ba, 0xa5ba,
    0xa5ba, 0xa5ba, 0xa5ba, 0xa5ba, 0xa5ba, 0xa5ba, 0xa5ba, 0xa5ba, 0xa5ba, 0xa5ba, 0xa5ba, 0xa5ba,
    0xa5ba, 0xa5ba, 0xa5ba, 0xa5ba, 0xa5ba, 0x9dba, 0x9dba, 0x9dba, 0x9dba, 0x9dba, 0x9dba, 0x9dba,
    0x9dba, 0x9dba, 0xa5ba, 0xa5ba, 0xa5ba, 0xa5ba, 0x9dba, 0x9dba, 0x9dba, 0x9dba, 0x9dba, 0xa5ba,
    0x9dba, 0x9dba, 0x9dba, 0x9dba, 0x9dba, 0x9dba, 0x9dba, 0x9dba, 0x9d9a, 0x9dba, 0x9dba, 0x9dba,
    0x9dba, 0x9dba, 0x9dba, 0x9dba, 0x9dba, 0x9dba, 0x9dba, 0x9dba, 0x9dba, 0x9d9a, 0x9dba, 0x9dba,
    0x9dba, 0x9dba, 0x9dba, 0x9dba, 0x9dba, 0x9dba, 0x9dba, 0x9dba, 0x9dba, 0x9dba, 0x9dba, 0x9dba,
    0x9dba, 0x9dba, 0x9dba, 0x9dba, 0x9dba, 0x9dba, 0x9dba, 0x9dba, 0x9dba, 0x9dba, 0x9dba, 0x9dba,
    0x9dba, 0x9dba, 0x9dba, 0x9dba, 0x9dba, 0x9dba, 0x9dba, 0x9dba, 0x9d9a, 0x9dba, 0x9dba, 0x9dba,
    0x9dba, 0x9dba, 0x9d9a, 0x9dba, 0x9dba, 0x9dba, 0x9d9a, 0xa5da, 0xbe9c, 0xa5da, 0x9d9a, 0x9dba,
    0x9dba, 0x9dba, 0x9dba, 0x9dba, 0x9dba, 0x9dba, 0x9dba, 0x9dba, 0x9dba, 0x9dba, 0x9dba, 0x9dba,
    0x9dba, 0x9dba, 0x9dba, 0x9dba, 0x9dba, 0x9d9a, 0x9d9a, 0x9dba, 0x9d9a, 0x9d9a, 0x9d79, 0x9578,
    0x9d98, 0xae3a, 0xb65a, 0xc6bb, 0xdf7e, 0xc6fc, 0xae5b, 0x9dfa, 0x95b9, 0x84b3, 0x4ae9, 0x4285,
    0x42a5, 0x4ac5, 0x4ac5, 0x4aa5, 0x4aa5, 0x4aa6, 0x5b09, 0x632b, 0x7bee, 0x9513, 0xbe58, 0xdf7d,
    0xd77e, 0xcf5e, 0xd75e, 0xcf3e, 0xcf5e, 0xcf3d, 0xcf1c, 0xadf7, 0x9d94, 0x9553, 0x742d, 0x4b06,
    0x4285, 0x4aa5, 0x42a4, 0x4284, 0x4246, 0x4247, 0x4247, 0x4227, 0x4a89, 0x73d0, 0x7c32, 0x9d57,
    0x9d79, 0x9d99, 0x9d9a, 0x9d9a, 0x9d9a, 0x9d9a, 0x9d9a, 0x9d9a, 0x9dba, 0x9d9a, 0x9d9a, 0xa5ba,
    0xa5ba, 0xa5ba, 0xa5ba, 0x9dba, 0x9dba, 0xa5ba, 0xa5ba, 0xa5ba, 0x9dba, 0x9dba, 0x9dba, 0x9dba,
    0x9dba, 0x9dba, 0x9dba, 0x9dba, 0x9dba, 0x9dba, 0x9dba, 0x9dba, 0xa5ba, 0x9dba, 0x9dba, 0x9dba,
    0x9dba, 0x9dba, 0x9dba, 0x9d9a, 0x9dba, 0xa5ba, 0xb63b, 0xb63b, 0x9d99, 0x9d9a, 0x9dba, 0xa5ba,
    0x9dba, 0x9dba, 0x9dba, 0x9dba, 0x9dba, 0x9dba, 0x9dba, 0x9dba, 0x9dba, 0x9dba, 0xa5ba, 0xa5ba,
    0xa5ba, 0xa5ba, 0xa5ba, 0xa5ba, 0xa5ba, 0xa5ba, 0xa5ba, 0xa5ba, 0x9dba, 0x9dba, 0xa5ba, 0x9dba,
    0x9dba, 0xa5ba, 0xa5ba, 0xa5ba, 0x9dba, 0x9dba, 0x9dba, 0x9dba, 0x9dba, 0x9dba, 0x9dba, 0x9dba,
    0x9dba, 0x9dba, 0x9dba, 0x9dba, 0x9dba, 0x9dba, 0x9dba, 0x9dba, 0x9dba, 0x9dba, 0x9dba, 0xa5ba,
    0x9dba, 0x9dba, 0x9dba, 0x9dba, 0x9dba, 0x9dba, 0x9dba, 0x9dba, 0x9d9a, 0x9d9a, 0x9d9a, 0x9dba,
    0x9dba, 0x9dba, 0x9d9a, 0x9dba, 0x9dba, 0x9dba, 0x9d9a, 0x9dba, 0x9dba, 0x9d9a, 0x9dba, 0x9d9a,
    0x9d9a, 0x9dba, 0x9dba, 0x9dba, 0x9dba, 0x9dba, 0x9dba, 0x9dba, 0x9d9a, 0x9dba, 0x9dba, 0x9dba,
    0x9dba, 0x9dba, 0x9dba, 0x9dba, 0x9d9a, 0x9d9a, 0x9dba, 0x9dba, 0x9dba, 0x9dba, 0x9dba, 0x9dba,
    0x9dba, 0x9dba, 0x9dba, 0x9dba, 0x9dba, 0x9dba, 0x9dba, 0x9dba, 0x9dba, 0x9dba, 0x9dba, 0x9dba,
    0x9d9a, 0x9dba, 0x9dba, 0x9dba, 0x9dba, 0x9d9a, 0x9d9a, 0xadfa, 0xc6bd, 0xa5da, 0x9d9a, 0x9dba,
    0x9dba, 0x9dba, 0x9dba, 0x9dba, 0x9dba, 0x9dba, 0x9d9a, 0x9d9a, 0x9d9a, 0x9dba, 0x9dba, 0x9dba,
    0x9dba, 0x9dba, 0x9dba, 0x9dba, 0x9dba, 0x9dba, 0x9d9a, 0x9599, 0x9db9, 0x9d99, 0xae1a, 0xcefd,
    0xd71d, 0xdf7e, 0xd75e, 0xbedc, 0xa639, 0x8d55, 0x8515, 0x7cf4, 0x63ae, 0x5309, 0x52c7, 0x52c7,
    0x5ac7, 0x52c7, 0x5ac7, 0x5ae8, 0x6309, 0x73cd, 0xa555, 0xc67a, 0xbe9a, 0xb6bc, 0xbebd, 0xbedd,
    0xb69c, 0xa5fa, 0x9db8, 0xa5f9, 0xa5fa, 0x9578, 0x9dda, 0xae9c, 0xb69c, 0xb69b, 0xae79, 0x9554,
    0x5b2a, 0x52e7, 0x4ac6, 0x4aa5, 0x52a7, 0x5aa8, 0x5aa8, 0x5a88, 0x4a47, 0x4a06, 0x4227, 0x52eb,
    0x7c11, 0x8cf6, 0x9537, 0x9d99, 0x9d9a, 0x9d9a, 0x9d9a, 0x9d9a, 0x9d9a, 0x9d9a, 0x9d9a, 0x9d9a,
    0xa5ba, 0x9dba, 0x9dba, 0x9dba, 0x9dba, 0x9dba, 0x9dba, 0x9dba, 0x9dba, 0x9dba, 0x9dba, 0x9dba,
    0x9dba, 0x9dba, 0x9dba, 0x9dba, 0x9dba, 0x9dba, 0x9dba, 0x9dba, 0x9dba, 0x9dba, 0x9dba, 0x9dba,
    0x9dba, 0x9dba, 0x9dba, 0xa5ba, 0x9d9a, 0xadfb, 0xd71d, 0xcefd, 0xadfa, 0x9d9a, 0x9d9a, 0x9d9a,
    0x9dba, 0x9dba, 0x9dba, 0x9dba, 0x9dba, 0x9dba, 0x9dba, 0x9dba, 0x9dba, 0x9dba, 0x9dba, 0x9dba,
    0x9dba, 0x9dba, 0x9dba, 0x9dba, 0x9dba, 0x9dba, 0x9dba, 0x9dba, 0x9dba, 0x9dba, 0x9dba, 0x9dba,
    0x9dba, 0x9dba, 0x9dba, 0x9dba, 0x9dba, 0x9dba, 0x9dba, 0x9dba, 0x9dba, 0x9dba, 0x9d9a, 0x9d9a,
    0x9d9a, 0x9dba, 0x9dba, 0x9dba, 0x9dba, 0x9d9a, 0x9dba, 0x9dba, 0x9dba, 0x9dba, 0x9dba, 0x9d9a,
    0x9dba, 0x9dba, 0x9dba, 0x9dba, 0x9dba, 0x9dba, 0x9dba, 0x9dba, 0x9dba, 0x9dba, 0x9dba, 0x9dba,
    0x9dba, 0x9dba, 0x9dba, 0x9dba, 0xa5ba, 0x9dba, 0x9d9a, 0x9dba, 0x9dba, 0x9dba, 0x9dba, 0x9dba,
    0x9dba, 0x9dba, 0x9dba, 0x9dba, 0x9dba, 0x9dba, 0x9dba, 0x9dba, 0x9d9a, 0x9dba, 0x9d9a, 0x9d9a,
    0x9d9a, 0x9dba, 0x9dba, 0x9dba, 0x9dba, 0x9dba, 0x9dba, 0x9dba, 0x9dba, 0x9dba, 0x9dba, 0x9dba,
    0x9dba, 0x9dba, 0x9dba, 0x9dba, 0x9dba, 0x9dba, 0x9dba, 0x9dba, 0x9dba, 0x9dba, 0x9dba, 0x9dba,
    0x9dba, 0x9dba, 0x9dba, 0x9dba, 0x9dba, 0x9d9a, 0x9d9a, 0xa5ba, 0xae1b, 0xa5ba, 0x9d9a, 0x9dba,
    0x9dba, 0x9dba, 0x9dba, 0x9dba, 0x9dba, 0x9dba, 0x9dba, 0x9dba, 0x9d9a, 0x9dba, 0x9dba, 0x9dba,
    0xa5ba, 0x9dba, 0x9dba, 0x9dba, 0x9d9a, 0x9d79, 0xa5b9, 0xb65b, 0xd73d, 0xdf5e, 0xdf5e, 0xe79f,
    0xdf5e, 0xc6fd, 0xb67c, 0xa5f8, 0x6c0e, 0x4b28, 0x4b08, 0x4ac8, 0x4a87, 0x5aa8, 0x5aa8, 0x5aa9,
    0x5aa9, 0x73ad, 0x7c0f, 0x73ef, 0x8cf4, 0xb639, 0xb67b, 0xbebc, 0xa61a, 0x8d16, 0x8cd5, 0x8cd5,
    0x8cd5, 0x7410, 0x6b4d, 0x7bef, 0x8471, 0x73cf, 0x8472, 0x9536, 0x84d4, 0x7c71, 0x8d14, 0x8472,
    0x6bce, 0x6bad, 0x5ae9, 0x5ac8, 0x5ac8, 0x5ac8, 0x5ac8, 0x5ac8, 0x5aa8, 0x5aa8, 0x5a88, 0x4a47,
    0x4a27, 0x4a48, 0x5b2c, 0x7c52, 0x8cd5, 0x9d78, 0x9d9a, 0x9d9a, 0x9d9a, 0x9d9a, 0x9dba, 0x9d9a,
    0xa5ba, 0xa5ba, 0x9dba, 0x9dba, 0x9dba, 0x9dba, 0x9dba, 0x9dba, 0x9dba, 0x9dba, 0x9dba, 0x9dba,
    0x9dba, 0x9dba, 0x9dba, 0x9dba, 0x9dba, 0x9d9a, 0x9dba, 0x9dba, 0x9dba, 0x9dba, 0x9dba, 0xa5ba,
    0x9dba, 0x9dba, 0x9dba, 0x9dba, 0x9d9a, 0xa5ba, 0xbe7b, 0xbe5c, 0xa5b9, 0x9dba, 0x9d9a, 0x9dba,
    0x9dba, 0x9dba, 0x9dba, 0x9dba, 0x9dba, 0x9dba, 0x9dba, 0x9dba, 0x9dba, 0x9d9a, 0x9d9a, 0x9dba,
    0x9dba, 0x9dba, 0x9dba, 0x9dba, 0x9dba, 0x9dba, 0x9dba, 0x9dba, 0x9dba, 0x9dba, 0x9dba, 0x9dba,
    0x9dba, 0x9dba, 0x9dba, 0xa5ba, 0x9dba, 0x9dba, 0x9dba, 0x9dba, 0x9dba, 0x9d9a, 0x9dba, 0xa5da,
    0xa5da, 0xa5da, 0x9d9a, 0x9dba, 0x9dba, 0x9d9a, 0x9dba, 0x9dba, 0x9dba, 0x9dba, 0x9dba, 0x9dba,
    0x9dba, 0x9dba, 0x9dba, 0x9dba, 0x9d9a, 0x9d9a, 0x9d9a, 0x9d9a, 0x9d9a, 0x9d9a, 0x9d9a, 0x9d9a,
    0x9d9a, 0x9d9a, 0x9d9a, 0xa5ba, 0xb63b, 0xb63c, 0x9dba, 0x9d9a, 0x9d9a, 0x9dba, 0x9dba, 0x9d9a,
    0x9d9a, 0x9d9a, 0x9dba, 0x9dba, 0x9dba, 0x9dba, 0x9dba, 0x9dba, 0x9dba, 0x9dba, 0x9d9a, 0x9d9a,
    0x9d9a, 0x9d9a, 0x9d9a, 0x9d9a, 0x9d9a, 0x9d9a, 0x9dba, 0x9dba, 0x9dba, 0x9dba, 0x9dba, 0x9dba,
    0x9dba, 0x9dba, 0x9dba, 0x9dba, 0x9dba, 0x9dba, 0x9dba, 0x9d9a, 0x9dba, 0x9d9a, 0x9d9a, 0x9d9a,
    0x9d9a, 0x9dba, 0x9dba, 0x9dba, 0x9dba, 0x9dba, 0x9dba, 0x9dba, 0x9d9a, 0x9d9a, 0x9dba, 0x9dba,
    0x9dba, 0x9dba, 0x9dba, 0x9d9a, 0x9d9a, 0x9d9a, 0x9dba, 0x9dba, 0x9dba, 0xa5ba, 0xa5ba, 0xa59a,
    0x9dba, 0x9dba, 0x9d9a, 0x9d99, 0x9598, 0xbe7b, 0xd71d, 0xe79e, 0xdf7e, 0xd73e, 0xc6fd, 0xbebd,
    0xae7c, 0x9e1a, 0x8d35, 0x63cb, 0x4ac6, 0x4ac4, 0x3a44, 0x4a66, 0x5aa8, 0x5a88, 0x5aa8, 0x5a88,
    0x5aa9, 0x73ad, 0x7c2f, 0x73ce, 0x8492, 0x8492, 0x8cb2, 0x8c92, 0x8471, 0x73ad, 0x736b, 0x736b,
    0x736b, 0x734a, 0x734a, 0x736b, 0x734b, 0x7b8b, 0x83ed, 0x73ac, 0x738c, 0x736b, 0x6b4b, 0x630a,
    0x6b8c, 0x73cd, 0x5ac9, 0x5ac8, 0x5aa8, 0x5ac8, 0x5aa8, 0x5aa8, 0x5ac8, 0x5ac9, 0x5aa8, 0x5aa7,
    0x5287, 0x5267, 0x4a26, 0x4206, 0x4a89, 0x6b8e, 0x94f6, 0x9d79, 0x9d99, 0x9d99, 0x9d9a, 0x9d9a,
    0x9dba, 0x9dba, 0x9dba, 0x9dba, 0x9dba, 0x9dba, 0x9dba, 0x9dba, 0x9dba, 0x9dba, 0x9dba, 0x9dba,
    0x9dba, 0x9dba, 0x9dba, 0x9dba, 0x9dba, 0x9d9a, 0x9d9a, 0x9d9a, 0x9d9a, 0x9d9a, 0x9dba, 0x9dba,
    0x9dba, 0x9dba, 0x9dba, 0x9dba, 0x9d9a, 0x9d9a, 0xa5ba, 0xa5ba, 0x9d9a, 0x9d9a, 0x9d9a, 0x9dba,
    0x9d9a, 0x9d9a, 0x9d9a, 0x9d9a, 0x9d9a, 0x9d9a, 0x9d9a, 0x9d9a, 0x9d9a, 0x9d9a, 0x9d9a, 0x9d9a,
    0x9dba, 0x9dba, 0x9dba, 0x9dba, 0x9dba, 0x9dba, 0x9d9a, 0x9d9a, 0x9dba, 0x9dba, 0x9dba, 0x9d9a,
    0xa5ba, 0x9d9a, 0x9d9a, 0x9d9a, 0x9dba, 0x9dba, 0x9dba, 0x9dba, 0x9d9a, 0x9dba, 0x9d9a, 0xb63b,
    0xb63b, 0xb63b, 0xa5ba, 0x9dba, 0x9dba, 0x9dba, 0x9dba, 0x9dba, 0x9dba, 0x9dba, 0x9dba, 0x9dba,
    0x9d9a, 0x9d9a, 0x9d9a, 0x9d9a, 0x9d9a, 0x9d9a, 0x9d9a, 0x9d9a, 0x9d9a, 0x9d9a, 0x9d9a, 0x9d9a,
    0x9d9a, 0x9d9a, 0x9d9a, 0xa5ba, 0xb65c, 0xa5da, 0x9dba, 0x9d9a, 0x9d9a, 0x9d9a, 0x9d9a, 0x9d9a,
    0x9d9a, 0x9d9a, 0x9d9a, 0x9d9a, 0x9d9a, 0x9d9a, 0x9d9a, 0x9d9a, 0x9d9a, 0x9d9a, 0x9d9a, 0x9d9a,
    0x9d9a, 0x9d9a, 0x9d9a, 0x9d9a, 0x9d9a, 0x9d9a, 0x9d9a, 0x9d9a, 0x9d9a, 0x9d9a, 0x9d9a, 0x9d9a,
    0x9dba, 0x9dba, 0x9d9a, 0x9d9a, 0x9d9a, 0x9d9a, 0x9d9a, 0x9d9a, 0x9d9a, 0x9d9a, 0x9d9a, 0x9d9a,
    0x9d9a, 0x9d9a, 0x9d9a, 0x9d9a, 0x9d9a, 0x9d9a, 0x9d9a, 0x9d9a, 0x9d9a, 0x9d9a, 0x9d9a, 0x9d9a,
    0x9d9a, 0x9d9a, 0x9d9a, 0x9d9a, 0x9d9a, 0x9dba, 0x9dba, 0x9dba, 0x9dba, 0x9d9a, 0x9dba, 0x9dba,
    0x9d9a, 0x9599, 0x9db9, 0xb63a, 0xd71d, 0xe77e, 0xe77e, 0xd75e, 0xbedd, 0xae7c, 0xa65c, 0x9dfa,
    0x8515, 0x84b2, 0x638c, 0x52a6, 0x5ae7, 0x4a85, 0x3a24, 0x52a7, 0x5aa8, 0x5aa8, 0x62e9, 0x6b09,
    0x6b09, 0x734a, 0x736a, 0x7b8b, 0x7b8b, 0x7b8b, 0x734b, 0x736b, 0x736a, 0x734a, 0x734a, 0x732a,
    0x6b2a, 0x6b2a, 0x6b2a, 0x62e9, 0x5aa8, 0x62c9, 0x734b, 0x736b, 0x736b, 0x736b, 0x734a, 0x6b2a,
    0x6b09, 0x6b4a, 0x6b2a, 0x6ae9, 0x62e9, 0x5aa8, 0x5aa8, 0x5aa8, 0x5aa8, 0x5aa8, 0x5aa8, 0x62a8,
    0x62a8, 0x5ac8, 0x5aa8, 0x5267, 0x4a26, 0x4206, 0x5b0b, 0x7cb4, 0x8d79, 0x9dda, 0x9dd9, 0x9599,
    0x9579, 0x9d9a, 0x9d9a, 0x9d9a, 0x9dba, 0x9dba, 0x9d9a, 0x9d9a, 0x9dba, 0x9dba, 0x9d9a, 0x9d9a,
    0x9d9a, 0x9d9a, 0x9d9a, 0xa5ba, 0xa5db, 0x9d9a, 0x9d9a, 0x9d9a, 0x9d9a, 0x9d9a, 0x9d9a, 0x9d9a,
    0x9d9a, 0x9d9a, 0x9d9a, 0x9d9a, 0x9d9a, 0x9d9a, 0x9d9a, 0x9d9a, 0x9d9a, 0x9d9a, 0x9d9a, 0x9d9a,
    0x9d9a, 0x9d9a, 0x9d9a, 0x9d9a, 0x9d9a, 0x9d9a, 0x9d9a, 0x9d9a, 0x9d9a, 0x9d9a, 0x9d9a, 0x9d9a,
    0x9d9a, 0x9d9a, 0x9d9a, 0x9d9a, 0x9d9a, 0x9d9a, 0x9d9a, 0x9d9a, 0x9d9a, 0x9d9a, 0x9d9a, 0x9d9a,
    0x9d9a, 0x9d9a, 0x9d9a, 0x9d9a, 0x9d9a, 0x9d9a, 0x9d9a, 0x9d9a, 0x9d9a, 0x9d9a, 0xa5da, 0xb65b,
    0xbe9b, 0xb63b, 0xa5da, 0x9d9a, 0x9dba, 0x9d9a, 0x9d9a, 0x9d9a, 0x9d9a, 0x9d9a, 0x9d9a, 0x9d9a,
    0xa5bb, 0xa5bb, 0xa5bb, 0xa5bb, 0xa5bb, 0xa5bb, 0xa5bb, 0xa5bb, 0xa5bb, 0xa5da, 0xa5da, 0xa5da,
    0xa5da, 0xa5da, 0xa5ba, 0xa5ba, 0xa5da, 0xa5ba, 0xa5ba, 0xa5bb, 0xa5ba, 0xa5ba, 0xa5ba, 0xa5ba,
    0xa5ba, 0xa5ba, 0xa5da, 0xa5db, 0xa5da, 0xa5da, 0xa5ba, 0xa5ba, 0xa5bb, 0xa5db, 0xa5db, 0xa5db,
    0xa5db, 0xa5db, 0xa5db, 0xa5db, 0xa5db, 0xa5db, 0xa5db, 0xa5db, 0xa5db, 0xa5db, 0xa5da, 0xa5da,
    0xa5db, 0xa5db, 0xa5da, 0xa5da, 0xa5db, 0xa5db, 0xa5db, 0xa5db, 0xa5db, 0xa5db, 0xa5db, 0xa5db,
    0xa5db, 0xa5db, 0xa5db, 0xa5db, 0xa5db, 0xa5db, 0xa5db, 0xa5da, 0xa5ba, 0xa5da, 0xa5db, 0xa5db,
    0xa5db, 0xa5db, 0xa5db, 0xa5db, 0xa5db, 0xa5db, 0xa5db, 0xa5da, 0xa5da, 0xa5ba, 0xa5da, 0x9dba,
    0x9db9, 0xb65b, 0xcf1d, 0xe77f, 0xe79f, 0xe79f, 0xd73e, 0xb69d, 0xa61a, 0x8534, 0x7c91, 0x7c50,
    0x5b0a, 0x4aa7, 0x52c7, 0x62c8, 0x5ac8, 0x4265, 0x4a85, 0x6b09, 0x6b2a, 0x6b4a, 0x736a, 0x734a,
    0x62e9, 0x62c9, 0x62c9, 0x62e9, 0x6b09, 0x62e9, 0x5a88, 0x5267, 0x52a7, 0x5287, 0x5a88, 0x5a68,
    0x5267, 0x5267, 0x5a87, 0x6b2a, 0x732a, 0x732a, 0x62e9, 0x5aa8, 0x5aa8, 0x5a88, 0x5a88, 0x5a88,
    0x5a88, 0x62e9, 0x6b09, 0x732a, 0x736a, 0x6b09, 0x6b2a, 0x6b2a, 0x6ae9, 0x62a8, 0x5aa8, 0x5aa8,
    0x62c8, 0x62c8, 0x5ac8, 0x5ac8, 0x5aa8, 0x5268, 0x634c, 0x8515, 0x9dda, 0xbebc, 0xcf1d, 0xbebc,
    0xb67b, 0x9dd9, 0x9d99, 0x9dba, 0x9dba, 0xa5ba, 0xa5db, 0xa5bb, 0xa5ba, 0xa5bb, 0xa5bb, 0xa5bb,
    0xa5ba, 0xa5bb, 0xa5ba, 0xa5da, 0xa5da, 0xa5ba, 0xa5ba, 0xa5db, 0xa5db, 0xa5db, 0xa5da, 0xa5da,
    0xa5db, 0xa5db, 0xa5da, 0xa5da, 0xa5db, 0xa5db, 0xa5db, 0xa5db, 0xa5da, 0xa5ba, 0xa5db, 0xa5bb,
    0xa5db, 0xa5db, 0xa5da, 0xa5db, 0xa5db, 0xa5db, 0xa5db, 0xa5db, 0xa5da, 0xa5da, 0xa5da, 0xa5da,
    0xa5da, 0xa5db, 0xa5da, 0xa5da, 0xa5db, 0xa5da, 0xa5da, 0xa5da, 0xa5da, 0xa5db, 0xa5db, 0xa5db,
    0xa5da, 0xa5da, 0xa5da, 0xa5da, 0xa5da, 0xa5da, 0xa5da, 0xa5da, 0xa5da, 0xa5db, 0xa5da, 0xb65b,
    0xbe7c, 0xb63b, 0xa5da, 0xa5bb, 0xa5db, 0xa5ba, 0xa5da, 0xa5da, 0xa5da, 0xa5da, 0xa5da, 0xa5db,
    0xadfb, 0xadfb, 0xadfb, 0xadfb, 0xadfb, 0xadfb, 0xadfb, 0xaddb, 0xadfb, 0xaddb, 0xaddb, 0xadfb,
    0xadfb, 0xaddb, 0xaddb, 0xaddb, 0xaddb, 0xaddb, 0xaddb, 0xaddb, 0xaddb, 0xaddb, 0xaddb, 0xaddb,
    0xadda, 0xadda, 0xa5da, 0xaddb, 0xadfb, 0xadfb, 0xadfb, 0xaddb, 0xaddb, 0xadfb, 0xadfb, 0xadfb,
    0xadfb, 0xadfb, 0xadfb, 0xadfb, 0xadfb, 0xadfb, 0xadfb, 0xadfb, 0xadfb, 0xadfb, 0xadfb, 0xadfb,
    0xadfb, 0xadfb, 0xadfb, 0xadfb, 0xadfb, 0xadfb, 0xadfb, 0xadfb, 0xadfb, 0xadfb, 0xadfb, 0xadfb,
    0xadfb, 0xadfb, 0xadfb, 0xadfb, 0xadfb, 0xadfb, 0xadfb, 0xaddb, 0xadfb, 0xaddb, 0xadfb, 0xadfb,
    0xadfb, 0xadfb, 0xadfb, 0xa5fb, 0xadfb, 0xadfb, 0xadfb, 0xadfb, 0xaddb, 0xaddb, 0xa5da, 0xa5da,
    0xb65b, 0xdf7f, 0xe79f, 0xe79e, 0xe77e, 0xd75e, 0xbebc, 0xa61a, 0x84d2, 0x5328, 0x4ac6, 0x52c7,
    0x5ae8, 0x62e9, 0x62e9, 0x62e9, 0x6b09, 0x52c6, 0x5ae7, 0x734a, 0x732a, 0x6b2a, 0x5aa8, 0x5268,
    0x5247, 0x4a47, 0x5226, 0x5a88, 0x734a, 0x7b8b, 0x6b29, 0x62e8, 0x6b28, 0x6b29, 0x7b8a, 0x7b8b,
    0x7b8a, 0x7b8a, 0x7b8a, 0x83cb, 0x83cb, 0x83cb, 0x83cb, 0x7bab, 0x734a, 0x62c8, 0x62c8, 0x5a87,
    0x4a46, 0x4a26, 0x5267, 0x5287, 0x5aa8, 0x5aa8, 0x6b0a, 0x734a, 0x732a, 0x6b2a, 0x6b29, 0x62e9,
    0x62e9, 0x5aa9, 0x62c9, 0x62c8, 0x5aa8, 0x62c8, 0x62c9, 0x6b8e, 0x8d15, 0x9e1a, 0xb69c, 0xcf1d,
    0xd77e, 0xd73d, 0xcf1d, 0xae3a, 0xa5f9, 0x9dd9, 0xa5ba, 0xa5db, 0xaddb, 0xaddb, 0xaddb, 0xaddb,
    0xa5db, 0xaddb, 0xaddb, 0xaddb, 0xaddb, 0xaddb, 0xaddb, 0xadfb, 0xadfb, 0xadfb, 0xaddb, 0xaddb,
    0xadfb, 0xadfb, 0xadfb, 0xadfb, 0xadfb, 0xadfb, 0xadfb, 0xadfb, 0xadfb, 0xadfb, 0xadfb, 0xa5db,
    0xadfb, 0xadfb, 0xadfb, 0xadfb, 0xadfb, 0xadfb, 0xadfb, 0xadfb, 0xadfb, 0xadfb, 0xadfb, 0xadfb,
    0xadfb, 0xadfb, 0xadfb, 0xadfb, 0xadfb, 0xadfb, 0xadfb, 0xadfb, 0xadfb, 0xadfb, 0xadfb, 0xadfb,
    0xadfb, 0xadfb, 0xadfb, 0xadfb, 0xadfb, 0xadfb, 0xadfb, 0xadfb, 0xadfb, 0xaddb, 0xadfb, 0xadfb,
    0xadfb, 0xadfb, 0xadfb, 0xadfb, 0xadfb, 0xaddb, 0xadfb, 0xadfb, 0xadfb, 0xadfb, 0xadfb, 0xadfb,
    0xadfb, 0xadfb, 0xadfb, 0xadfb, 0xaddb, 0xadfb, 0xaddb, 0xaddb, 0xaddb, 0xadfb, 0xadfb, 0xaddb,
    0xaddb, 0xaddb, 0xaddb, 0xaddb, 0xaddb, 0xaddb, 0xadfb, 0xaddb, 0xa5db, 0xa5db, 0xaddb, 0xadda,
    0xadda, 0x9d57, 0xa5f9, 0xae1a, 0xaddb, 0xadfb, 0xadfb, 0xadfb, 0xaddb, 0xaddb, 0xaddb, 0xaddb,
    0xaddb, 0xaddb, 0xadfb, 0xaddb, 0xaddb, 0xaddb, 0xaddb, 0xaddb, 0xadfb, 0xadfb, 0xaddb, 0xadfb,
    0xadfb, 0xadfb, 0xadfb, 0xaddb, 0xaddb, 0xaddb, 0xaddb, 0xaddb, 0xadfb, 0xadfb, 0xadfb, 0xadfb,
    0xadfb, 0xadfb, 0xadfb, 0xadfb, 0xadfb, 0xaddb, 0xaddb, 0xadfb, 0xadfb, 0xaddb, 0xadfb, 0xadfb,
    0xadfb, 0xadfb, 0xadfb, 0xa5fb, 0xadfb, 0xadfb, 0xaddb, 0xadda, 0xaddb, 0xaddb, 0xa5ba, 0xc69c,
    0xe77e, 0xe79e, 0xe79f, 0xe77f, 0xcf1e, 0xb6bd, 0xa65b, 0x84d3, 0x42c7, 0x4284, 0x5ac7, 0x6309,
    0x62e9, 0x62e9, 0x6b09, 0x734a, 0x7b8b, 0x6328, 0x52a7, 0x5aa8, 0x5247, 0x5246, 0x4a26, 0x5247,
    0x5267, 0x62c8, 0x6b29, 0x7bab, 0x8c0c, 0x83eb, 0x83ec, 0x83ec, 0x83eb, 0x83eb, 0x83ec, 0x83cb,
    0x83cb, 0x83cb, 0x83cb, 0x83cb, 0x83cb, 0x83cb, 0x83cb, 0x83eb, 0x83cb, 0x83eb, 0x83cb, 0x7369,
    0x4a85, 0x3a04, 0x4a45, 0x4a46, 0x4a46, 0x4a46, 0x5267, 0x5267, 0x5267, 0x5aa8, 0x6b09, 0x734b,
    0x7b6a, 0x6b29, 0x62c8, 0x5ac8, 0x5aa8, 0x5aa8, 0x62c8, 0x5aa8, 0x632b, 0x7431, 0x9df9, 0xae7c,
    0xc6dd, 0xdf3e, 0xe79f, 0xe79f, 0xdf7e, 0xc6dc, 0xb65b, 0xadfa, 0xa5fb, 0xaddb, 0xaddb, 0xaddb,
    0xa5db, 0xaddb, 0xaddb, 0xaddb, 0xaddb, 0xaddb, 0xaddb, 0xadfb, 0xadfb, 0xadfb, 0xadfb, 0xadfb,
    0xadfb, 0xadfb, 0xadfb, 0xadfb, 0xadfb, 0xadfb, 0xadfb, 0xadfb, 0xadfb, 0xadfb, 0xadfb, 0xadfb,
    0xaddb, 0xadfb, 0xadfb, 0xadfb, 0xadfb, 0xadfb, 0xadfb, 0xadfb, 0xadfb, 0xadfb, 0xadfb, 0xadfb,
    0xadfb, 0xadfb, 0xadfb, 0xadfb, 0xadfb, 0xadfb, 0xadfb, 0xadfb, 0xadfb, 0xadfb, 0xadfb, 0xadfb,
    0xadfb, 0xadfb, 0xadfb, 0xadfb, 0xadfb, 0xadfb, 0xadfb, 0xadfb, 0xadfb, 0xadfb, 0xadfb, 0xadfb,
    0xadfb, 0xadfb, 0xadfb, 0xadfb, 0xadfb, 0xadfb, 0xadfb, 0xadfb, 0xadfb, 0xadfb, 0xadfb, 0xadfb,
    0xaddb, 0xaddb, 0xaddb, 0xaddb, 0xaddb, 0xaddb, 0xaddb, 0xaddb, 0xadfb, 0xadfb, 0xadfb, 0xaddb,
    0xaddb, 0xaddb, 0xaddb, 0xaddb, 0xaddb, 0xaddb, 0xaddb, 0xaddb, 0xa5db, 0xa5db, 0xa5db, 0xa5db,
    0xa578, 0x8cd3, 0xbebb, 0xcf1d, 0xadfa, 0xa5db, 0xadfb, 0xaddb, 0xaddb, 0xadfb, 0xadfb, 0xadfb,
    0xadfb, 0xadfb, 0xaddb, 0xadfb, 0xaddb, 0xaddb, 0xaddb, 0xaddb, 0xadfb, 0xadfb, 0xadfb, 0xadfb,
    0xadfb, 0xadfb, 0xadfb, 0xadfb, 0xadfb, 0xadfb, 0xadfb, 0xadfb, 0xadfb, 0xadfb, 0xadfb, 0xadfb,
    0xadfb, 0xaddb, 0xaddb, 0xadfb, 0xaddb, 0xaddb, 0xaddb, 0xadfb, 0xadfb, 0xadfb, 0xadfb, 0xadfb,
    0xadfb, 0xadfb, 0xadfb, 0xaddb, 0xaddb, 0xaddb, 0xa5db, 0xaddb, 0xa5da, 0xa5b9, 0xbe9c, 0xe77e,
    0xe79f, 0xe79f, 0xdf5e, 0xc6fd, 0xae9c, 0x9e3b, 0x9577, 0x5b8b, 0x3203, 0x4285, 0x62e8, 0x6b09,
    0x6b2a, 0x734a, 0x734a, 0x6ae9, 0x5aa8, 0x4a66, 0x4245, 0x5267, 0x62a8, 0x734a, 0x7b6a, 0x734a,
    0x6b49, 0x6b29, 0x7349, 0x7369, 0x7349, 0x6b49, 0x7349, 0x736a, 0x7b8a, 0x7b8a, 0x7b8a, 0x7b6a,
    0x7b6a, 0x7b6a, 0x7b6a, 0x7b6a, 0x7b6a, 0x7b6a, 0x736a, 0x6b49, 0x6b28, 0x6b28, 0x6328, 0x5b06,
    0x52e5, 0x52e5, 0x6348, 0x736a, 0x6b49, 0x5287, 0x5266, 0x4a46, 0x4a46, 0x5247, 0x5247, 0x5a88,
    0x6b09, 0x736a, 0x736a, 0x6b09, 0x62e9, 0x5aa8, 0x5aa8, 0x62a8, 0x62c9, 0x5b0a, 0x7410, 0x95b7,
    0xa67b, 0xbedd, 0xd73e, 0xe79e, 0xefbf, 0xef9f, 0xe79f, 0xd71d, 0xae1a, 0xa5da, 0xa5db, 0xaddb,
    0xaddb, 0xaddb, 0xaddb, 0xaddb, 0xaddb, 0xaddb, 0xaddb, 0xadfb, 0xadfb, 0xadfb, 0xadfb, 0xadfb,
    0xadfb, 0xadfb, 0xadfb, 0xadfb, 0xadfb, 0xadfb, 0xadfb, 0xadfb, 0xadfb, 0xadfb, 0xadfb, 0xadfb,
    0xadfb, 0xadfb, 0xadfb, 0xadfb, 0xadfb, 0xadfb, 0xadfb, 0xadfb, 0xadfb, 0xadfb, 0xadfb, 0xadfb,
    0xadfb, 0xadfb, 0xadfb, 0xadfb, 0xadfb, 0xadfb, 0xadfb, 0xadfb, 0xadfb, 0xadfb, 0xadfb, 0xadfb,
    0xadfb, 0xadfb, 0xadfb, 0xadfb, 0xadfb, 0xadfb, 0xadfb, 0xadfb, 0xadfb, 0xadfb, 0xadfb, 0xadfb,
    0xadfb, 0xadfb, 0xadfb, 0xadfb, 0xadfb, 0xadfb, 0xadfb, 0xadfb, 0xadfb, 0xadfb, 0xadfb, 0xadfb,
    0xaddb, 0xaddb, 0xaddb, 0xaddb, 0xaddb, 0xadfb, 0xae1b, 0xb61b, 0xadfb, 0xaddb, 0xaddb, 0xadfb,
    0xaddb, 0xaddb, 0xaddb, 0xaddb, 0xaddb, 0xaddb, 0xaddb, 0xaddb, 0xa5db, 0xa5db, 0xa5db, 0xa5ba,
    0x8432, 0x8450, 0xceba, 0xdf7e, 0xbe9c, 0xa5da, 0xadfb, 0xadfb, 0xaddb, 0xadfb, 0xadfb, 0xadfb,
    0xadfb, 0xadfb, 0xadfb, 0xaddb, 0xadfb, 0xb63b, 0xadfb, 0xaddb, 0xaddb, 0xadfb, 0xadfb, 0xadfb,
    0xadfb, 0xadfb, 0xadfb, 0xadfb, 0xadfb, 0xadfb, 0xadfb, 0xadfb, 0xadfb, 0xadfb, 0xadfb, 0xadfb,
    0xaddb, 0xaddb, 0xadfb, 0xaddb, 0xaddb, 0xadfb, 0xadfb, 0xadfb, 0xadfb, 0xadfb, 0xadfb, 0xadfb,
    0xadfb, 0xadfb, 0xadfb, 0xaddb, 0xaddb, 0xaddb, 0xaddb, 0xa5db, 0xa5b9, 0xbe9b, 0xe77e, 0xe79f,
    0xe77e, 0xd75e, 0xbefd, 0xa65c, 0x9e1a, 0x8515, 0x6bad, 0x52c8, 0x3223, 0x4aa5, 0x6b49, 0x738b,
    0x6b2a, 0x5ac8, 0x5a88, 0x5247, 0x5a87, 0x5aa7, 0x6307, 0x736a, 0x7b8b, 0x83cb, 0x83aa, 0x736a,
    0x6b28, 0x6308, 0x6308, 0x6b29, 0x7369, 0x7349, 0x7369, 0x83eb, 0x8c2c, 0x8c2c, 0x942c, 0x942c,
    0x942c, 0x942c, 0x942c, 0x942c, 0x942c, 0x942c, 0x8c2c, 0x6b69, 0x6328, 0x6307, 0x6327, 0x5b06,
    0x52c5, 0x4ac4, 0x5b26, 0x7bca, 0x83eb, 0x7baa, 0x738a, 0x6b48, 0x6b69, 0x6308, 0x62c8, 0x5a87,
    0x4a46, 0x5267, 0x62c9, 0x732a, 0x734a, 0x6b09, 0x62e9, 0x62c9, 0x5ac8, 0x62c9, 0x62c9, 0x73ef,
    0x95b8, 0xa63b, 0xb69c, 0xcf1d, 0xdf7f, 0xe77f, 0xef9f, 0xef9f, 0xdf3e, 0xb63b, 0x9db9, 0xa5da,
    0xaddb, 0xadfb, 0xaddb, 0xaddb, 0xaddb, 0xadfb, 0xadfb, 0xadfb, 0xadfb, 0xadfb, 0xadfb, 0xadfb,
    0xadfb, 0xadfb, 0xadfb, 0xadfb, 0xadfb, 0xadfb, 0xadfb, 0xadfb, 0xadfb, 0xadfb, 0xadfb, 0xadfb,
    0xadfb, 0xadfb, 0xadfb, 0xadfb, 0xadfb, 0xadfb, 0xadfb, 0xaddb, 0xaddb, 0xaddb, 0xadfb, 0xadfb,
    0xadfb, 0xadfb, 0xadfb, 0xadfb, 0xadfb, 0xadfb, 0xadfb, 0xadfb, 0xadfb, 0xadfb, 0xadfb, 0xadfb,
    0xadfb, 0xadfb, 0xadfb, 0xadfb, 0xadfb, 0xadfb, 0xadfb, 0xadfb, 0xadfb, 0xadfb, 0xadfb, 0xadfb,
    0xadfb, 0xadfb, 0xadfb, 0xadfb, 0xadfb, 0xadfb, 0xadfb, 0xadfb, 0xadfb, 0xadfb, 0xaddb, 0xaddb,
    0xaddb, 0xaddb, 0xaddb, 0xaddb, 0xaddb, 0xb61b, 0xbe7b, 0xbe7b, 0xadfb, 0xadfb, 0xaddb, 0xaddb,
    0xaddb, 0xaddb, 0xaddb, 0xaddb, 0xaddb, 0xaddb, 0xaddb, 0xa5db, 0xa5db, 0xaddb, 0xa5da, 0x94f6,
    0x5289, 0x736b, 0xb5d6, 0xdf5d, 0xd75d, 0xadfa, 0xadda, 0xadda, 0xaddb, 0xadfb, 0xadfb, 0xadfb,
    0xadfb, 0xaddb, 0xaddb, 0xaddb, 0xadfa, 0xb63c, 0xae1b, 0xaddb, 0xadfb, 0xadfb, 0xadfb, 0xadfb,
    0xadfb, 0xadfb, 0xadfb, 0xadfb, 0xadfb, 0xadfb, 0xadfb, 0xadfb, 0xadfb, 0xadfb, 0xadfb, 0xadfb,
    0xadfb, 0xadfb, 0xadfb, 0xadfb, 0xaddb, 0xadfb, 0xadfb, 0xadfb, 0xadfb, 0xadfb, 0xadfb, 0xadfb,
    0xadfb, 0xadfb, 0xadfb, 0xadfb, 0xadfb, 0xadfb, 0xa5da, 0xa5b9, 0xbe9b, 0xe77f, 0xef7e, 0xdf7e,
    0xcf1e, 0xb6bd, 0x9e1b, 0x95b8, 0x7cb3, 0x634b, 0x62e9, 0x5ac8, 0x4264, 0x4ac5, 0x6308, 0x5aa8,
    0x5267, 0x5267, 0x5a88, 0x6b0a, 0x7b8b, 0x83ab, 0x7b8a, 0x83cb, 0x83cb, 0x7baa, 0x7349, 0x6b29,
    0x6b29, 0x7b8a, 0x83cb, 0x8c0b, 0x944c, 0x944c, 0x9c6c, 0x9c6c, 0x9c6c, 0x9c6c, 0x9c6c, 0x9c6c,
    0x9c6c, 0x9c6c, 0x9c6c, 0x9c6c, 0x9c8c, 0x9c6c, 0x9c6c, 0x946c, 0x946c, 0x944c, 0x944c, 0x8c2c,
    0x83eb, 0x6b88, 0x5305, 0x6346, 0x6b68, 0x7389, 0x83eb, 0x83eb, 0x83eb, 0x83eb, 0x83eb, 0x7b6a,
    0x5aa8, 0x5267, 0x4a26, 0x5267, 0x62e9, 0x7b8b, 0x7b8b, 0x6b09, 0x62e9, 0x62c8, 0x62c8, 0x62ea,
    0x73ce, 0x7c51, 0x9597, 0xae5b, 0xbedd, 0xc6fd, 0xdf5e, 0xefbf, 0xef9f, 0xe79f, 0xc6bc, 0xa5b9,
    0xa5fb, 0xadfb, 0xadfb, 0xaddb, 0xadfb, 0xadfb, 0xadfb, 0xadfb, 0xadfb, 0xadfb, 0xadfb, 0xadfb,
    0xadfb, 0xadfb, 0xadfb, 0xadfb, 0xadfb, 0xadfb, 0xadfb, 0xadfb, 0xadfb, 0xadfb, 0xadfb, 0xadfb,
    0xadfb, 0xadfb, 0xadfb, 0xadfb, 0xadfb, 0xadfb, 0xadfb, 0xaddb, 0xaddb, 0xaddb, 0xadfb, 0xadfb,
    0xadfb, 0xadfb, 0xadfb, 0xadfb, 0xadfb, 0xadfb, 0xadfb, 0xadfb, 0xadfb, 0xadfb, 0xadfb, 0xadfb,
    0xadfb, 0xadfb, 0xadfb, 0xadfb, 0xadfb, 0xadfb, 0xadfb, 0xadfb, 0xadfb, 0xadfb, 0xadfb, 0xadfb,
    0xadfb, 0xadfb, 0xadfb, 0xadfb, 0xadfb, 0xadfb, 0xadfb, 0xadfb, 0xadfb, 0xaddb, 0xaddb, 0xaddb,
    0xa5db, 0xaddb, 0xaddb, 0xaddb, 0xadfb, 0xbe5b, 0xc6bc, 0xc69c, 0xb63b, 0xaddb, 0xaddb, 0xaddb,
    0xaddb, 0xaddb, 0xaddb, 0xaddb, 0xaddb, 0xaddb, 0xaddb, 0xaddb, 0xaddb, 0xa5db, 0xa5b9, 0x6b6e,
    0x5287, 0x6b29, 0x9cd0, 0xc699, 0xdf9e, 0xadd8, 0x9d37, 0xa5fb, 0xaddb, 0xadfb, 0xadfb, 0xadfb,
    0xadfb, 0xadfb, 0xadfb, 0xadfb, 0xadfb, 0xadfb, 0xadfb, 0xadfb, 0xadfb, 0xadfb, 0xadfb, 0xadfb,
    0xadfb, 0xadfb, 0xadfb, 0xadfb, 0xadfb, 0xadfb, 0xadfb, 0xadfb, 0xadfb, 0xadfb, 0xadfb, 0xadfb,
    0xadfb, 0xaddb, 0xadfb, 0xadfb, 0xadfb, 0xaddb, 0xadfb, 0xadfb, 0xadfb, 0xadfb, 0xadfb, 0xadfb,
    0xadfb, 0xadfb, 0xadfb, 0xaddb, 0xadfa, 0xa5db, 0x9d99, 0xbe7b, 0xe77e, 0xe79f, 0xdf5e, 0xcf1e,
    0xae7c, 0x9df9, 0x7c93, 0x6b6d, 0x5ae9, 0x62e9, 0x734a, 0x736a, 0x4285, 0x42a4, 0x4a86, 0x5247,
    0x5aa8, 0x6b09, 0x7b8a, 0x83cb, 0x8bcb, 0x83cb, 0x83cb, 0x83cb, 0x8beb, 0x8c0b, 0x944c, 0x944c,
    0x944c, 0x9c4c, 0xa4ad, 0xa4cd, 0xaced, 0xb54f, 0xbd8f, 0xbd6f, 0xbd8f, 0xbd90, 0xbd90, 0xbd70,
    0xbd70, 0xbd90, 0xbd8f, 0xbd6f, 0xb54e, 0xad2e, 0xb52e, 0xaced, 0xa4cd, 0x9cad, 0xa4ad, 0x9cad,
    0x948c, 0x8c4b, 0x5b66, 0x6ba8, 0x842a, 0x7bea, 0x6327, 0x5b06, 0x6b68, 0x73aa, 0x7baa, 0x83cb,
    0x7bcb, 0x736a, 0x5ac8, 0x5246, 0x5247, 0x5a87, 0x62e9, 0x736b, 0x736b, 0x6b2a, 0x62c9, 0x62c9,
    0x62e9, 0x62e9, 0x6bce, 0x9dd8, 0xae7c, 0xb69c, 0xbedd, 0xd73e, 0xe79f, 0xef9f, 0xe79f, 0xc6bc,
    0xa5ba, 0xaddb, 0xaddb, 0xadfb, 0xadfb, 0xaddb, 0xadfb, 0xadfb, 0xadfb, 0xaddb, 0xaddb, 0xaddb,
    0xadfb, 0xadfb, 0xadfb, 0xadfb, 0xadfb, 0xadfb, 0xadfb, 0xadfb, 0xadfb, 0xadfb, 0xadfb, 0xadfb,
    0xadfb, 0xadfb, 0xadfb, 0xadfb, 0xadfb, 0xadfb, 0xadfb, 0xadfb, 0xadfb, 0xadfb, 0xae1b, 0xb61b,
    0xaddb, 0xaddb, 0xadfb, 0xadfb, 0xadfb, 0xadfb, 0xadfb, 0xadfb, 0xadfb, 0xadfb, 0xadfb, 0xadfb,
    0xadfb, 0xadfb, 0xadfb, 0xadfb, 0xadfb, 0xadfb, 0xadfb, 0xadfb, 0xadfb, 0xaddb, 0xadfb, 0xadfb,
    0xadfb, 0xadfb, 0xadfb, 0xadfb, 0xadfb, 0xadfb, 0xadfb, 0xadfb, 0xadfb, 0xaddb, 0xaddb, 0xaddb,
    0xaddb, 0xaddb, 0xaddb, 0xaddb, 0xaddb, 0xb61b, 0xb63b, 0xbe5b, 0xadfb, 0xaddb, 0xaddb, 0xadfb,
    0xaddb, 0xaddb, 0xaddb, 0xaddb, 0xaddb, 0xaddb, 0xadda, 0xadda, 0xaddb, 0xaddb, 0xadb9, 0x632c,
    0x5ac8, 0x62e8, 0x7bcb, 0xad73, 0xd73c, 0xa597, 0x9d36, 0xadfb, 0xaddb, 0xadfb, 0xadfb, 0xadfb,
    0xadfb, 0xadfb, 0xadfb, 0xaddb, 0xaddb, 0xadfb, 0xadfb, 0xadfb, 0xadfb, 0xadfb, 0xadfb, 0xadfb,
    0xadfb, 0xadfb, 0xadfb, 0xadfb, 0xadfb, 0xadfb, 0xadfb, 0xadfb, 0xadfb, 0xadfb, 0xadfb, 0xadfb,
    0xadfb, 0xaddb, 0xaddb, 0xaddb, 0xaddb, 0xaddb, 0xaddb, 0xadfb, 0xaddb, 0xaddb, 0xaddb, 0xaddb,
    0xaddb, 0xaddb, 0xaddb, 0xaddb, 0xadda, 0xa5ba, 0xa5d9, 0xd75e, 0xdf5e, 0xcf1d, 0xbebd, 0xae7c,
    0x95b9, 0x7c72, 0x632b, 0x62e9, 0x6b4a, 0x7b8a, 0x736a, 0x5aa8, 0x4224, 0x4264, 0x5ac7, 0x6b09,
    0x7b8a, 0x83cb, 0x83eb, 0x83eb, 0x83eb, 0x83eb, 0x8c0c, 0x942b, 0x9c6c, 0xa4ad, 0xa4ad, 0xacee,
    0xb52e, 0xb52f, 0xbd6f, 0xbdb0, 0xbd8f, 0xbd70, 0xb570, 0xbd6f, 0xbd70, 0xbd70, 0xbd70, 0xbd70,
    0xbd70, 0xbd90, 0xbd70, 0xbd70, 0xbd70, 0xbd70, 0xbd70, 0xb570, 0x9cad, 0x842a, 0x842a, 0x844a,
    0x7c09, 0x6366, 0x6386, 0x842a, 0x8c4b, 0x8c4b, 0x7c09, 0x73c9, 0x73a9, 0x6326, 0x6327, 0x6b48,
    0x7baa, 0x83cb, 0x7bab, 0x7329, 0x6b09, 0x5a87, 0x5247, 0x5a88, 0x6b2a, 0x736a, 0x736a, 0x6b2a,
    0x62e9, 0x62e9, 0x630a, 0x84b2, 0xa63a, 0xa63b, 0x9e3b, 0xae5b, 0xd71d, 0xe79f, 0xef9f, 0xe77f,
    0xc6bc, 0xa5da, 0xa5db, 0xaddb, 0xaddb, 0xadfb, 0xadfb, 0xadfb, 0xadfb, 0xadfb, 0xaddb, 0xaddb,
    0xaddb, 0xaddb, 0xaddb, 0xaddb, 0xaddb, 0xaddb, 0xaddb, 0xadfb, 0xadfb, 0xadfb, 0xadfb, 0xadfb,
    0xadfb, 0xadfb, 0xadfb, 0xadfb, 0xadfb, 0xadfb, 0xadfb, 0xadfb, 0xaddb, 0xaddb, 0xae1b, 0xb63b,
    0xaddb, 0xaddb, 0xaddb, 0xaddb, 0xaddb, 0xaddb, 0xaddb, 0xaddb, 0xaddb, 0xaddb, 0xaddb, 0xaddb,
    0xaddb, 0xaddb, 0xaddb, 0xadfb, 0xadfb, 0xadfb, 0xadfb, 0xadfb, 0xadfb, 0xaddb, 0xaddb, 0xadfb,
    0xaddb, 0xaddb, 0xaddb, 0xaddb, 0xaddb, 0xaddb, 0xaddb, 0xaddb, 0xaddb, 0xaddb, 0xaddb, 0xaddb,
    0xadfb, 0xadfb, 0xadfb, 0xadfb, 0xadfb, 0xadfb, 0xadfa, 0xadfb, 0xadfb, 0xadfb, 0xadfb, 0xadfb,
    0xadfb, 0xaddb, 0xadfb, 0xadfb, 0xadfb, 0xaddb, 0xadfb, 0xadfb, 0xadfb, 0xadfa, 0xa577, 0x5aea,
    0x4226, 0x5b0b, 0x634c, 0x7c2f, 0xc6bb, 0xadd8, 0x9515, 0xa5da, 0xadfb, 0xadfb, 0xadfb, 0xadfb,
    0xadfb, 0xadfb, 0xadfb, 0xadfb, 0xadfb, 0xadfb, 0xadfb, 0xadfb, 0xadfb, 0xadfb, 0xadfb, 0xadfb,
    0xadfb, 0xadfb, 0xadfb, 0xadfb, 0xadfb, 0xadfb, 0xadfb, 0xadfb, 0xadfb, 0xadfb, 0xadfb, 0xadfb,
    0xadfb, 0xadfb, 0xadfb, 0xadfb, 0xadfb, 0xadfb, 0xadfb, 0xadfb, 0xadfb, 0xadfb, 0xadfb, 0xadfb,
    0xadfb, 0xadfb, 0xadfb, 0xaddb, 0xadda, 0x9db9, 0xc6dd, 0xd73e, 0xbebd, 0xa67c, 0x9e3b, 0x9578,
    0x6bee, 0x62ea, 0x6b09, 0x736a, 0x7bab, 0x6b09, 0x5a88, 0x5267, 0x4a66, 0x4285, 0x73ab, 0x83cb,
    0x83cb, 0x83cb, 0x83eb, 0x8c0b, 0x944c, 0x9c6c, 0xa4ad, 0xa4cd, 0xa4ed, 0xb52e, 0xbd8f, 0xbdb0,
    0xbdb0, 0xad2f, 0xad0f, 0xacee, 0xa4cf, 0x840e, 0x7c0f, 0x7c0e, 0x7c0f, 0x7c0e, 0x7c0e, 0x7c0e,
    0x7c0e, 0x7c0e, 0x7c0e, 0x7c0e, 0x7c0e, 0x7c0e, 0x7c0e, 0x7c0e, 0x6bac, 0x5b6b, 0x5b6b, 0x5b8b,
    0x7caf, 0x7cae, 0x5b88, 0x9d0d, 0xb5af, 0x9cec, 0x8c8a, 0x948b, 0x9c8d, 0x8c6b, 0x840a, 0x6327,
    0x5ae6, 0x6347, 0x73a9, 0x840b, 0x83cb, 0x7b6a, 0x6b09, 0x5a88, 0x5267, 0x5ac8, 0x736a, 0x7b8b,
    0x6b2a, 0x62e9, 0x62e9, 0x6b8d, 0x9dd8, 0x9e1a, 0x95b8, 0x9dfa, 0xb67c, 0xd75e, 0xe79f, 0xef9f,
    0xe79e, 0xc6dc, 0xa5da, 0xaddb, 0xadfb, 0xadfb, 0xadfb, 0xadfb, 0xadfb, 0xadfb, 0xadfb, 0xadfb,
    0xadfb, 0xadfb, 0xadfb, 0xadfb, 0xadfb, 0xadfb, 0xadfb, 0xadfb, 0xadfb, 0xadfb, 0xadfb, 0xadfb,
    0xadfb, 0xadfb, 0xadfb, 0xadfb, 0xadfb, 0xadfb, 0xadfb, 0xadfb, 0xadfb, 0xadfb, 0xadfb, 0xadfb,
    0xadfb, 0xadfb, 0xadfb, 0xadfb, 0xadfb, 0xadfb, 0xadfb, 0xadfb, 0xadfb, 0xadfb, 0xadfb, 0xadfb,
    0xadfb, 0xadfb, 0xadfb, 0xadfb, 0xadfb, 0xadfb, 0xadfb, 0xadfb, 0xadfb, 0xadfb, 0xadfb, 0xadfb,
    0xadfb, 0xadfb, 0xadfb, 0xadfb, 0xadfb, 0xadfb, 0xadfb, 0xadfb, 0xadfb, 0xadfb, 0xadfb, 0xadfb,
    0xb61c, 0xb61c, 0xb61c, 0xb61c, 0xb61b, 0xb61b, 0xb61b, 0xb61b, 0xb61b, 0xb61b, 0xb61b, 0xb61b,
    0xb61b, 0xb61b, 0xb61b, 0xb61b, 0xb61b, 0xb61b, 0xb61b, 0xae1b, 0xb61b, 0xadd9, 0x73ef, 0x5ac9,
    0x7bef, 0xb619, 0xc6bb, 0xcedc, 0xdf5e, 0xd73d, 0xb618, 0xadd9, 0xb61b, 0xb61b, 0xb61b, 0xb61b,
    0xb61b, 0xb61b, 0xb61b, 0xb61b, 0xb61b, 0xb61b, 0xb61b, 0xb61b, 0xb61b, 0xb61b, 0xb61b, 0xb61b,
    0xb61b, 0xb61b, 0xb61b, 0xb61b, 0xb61c, 0xb61c, 0xb61b, 0xb61b, 0xb61b, 0xb61b, 0xb61b, 0xb61b,
    0xb61b, 0xb61b, 0xb61b, 0xb61b, 0xb61b, 0xb61b, 0xb61b, 0xb61b, 0xb61b, 0xb61b, 0xb61b, 0xb61b,
    0xb61b, 0xb61b, 0xb61b, 0xae1a, 0xa5da, 0x9dba, 0xb69c, 0xb67b, 0x9598, 0x84d4, 0x84d3, 0x7bef,
    0x62ca, 0x6b09, 0x738a, 0x736a, 0x62e8, 0x5267, 0x5aa8, 0x6b09, 0x6329, 0x63ab, 0x9d33, 0x840d,
    0x83eb, 0x8c0b, 0x942b, 0x9c8c, 0xa4ad, 0xacee, 0xb52e, 0xbd8f, 0xbd8f, 0xb56f, 0x9cae, 0x948e,
    0x8c4e, 0x73cd, 0x7c30, 0x7c51, 0x7c92, 0x9db8, 0x9dfa, 0x9dfa, 0x9dfa, 0x9dfa, 0x9dfa, 0x9dfa,
    0x9dfa, 0x9dfa, 0x9dfa, 0x9dfa, 0x9dfa, 0x9dfa, 0x9dfa, 0x9dfa, 0x9dfa, 0x9dfa, 0x9dda, 0x9598,
    0xa5d9, 0xbe9b, 0x8513, 0x8cf1, 0xa510, 0x948d, 0x8cab, 0x9cec, 0xa4ed, 0xa50e, 0x9ccd, 0x8c6b,
    0x73a9, 0x5b26, 0x5b27, 0x6b88, 0x7bca, 0x83cb, 0x83cb, 0x7b8b, 0x6b09, 0x62c8, 0x5a88, 0x6b2a,
    0x736b, 0x734a, 0x6b09, 0x632b, 0x9556, 0x84f3, 0x5b8b, 0x7cb0, 0x9df8, 0xbebc, 0xdf7f, 0xe79f,
    0xe79f, 0xe79f, 0xc6dc, 0xa5da, 0xae1b, 0xb61b, 0xb61b, 0xb61b, 0xb61b, 0xb61b, 0xb61c, 0xb61b,
    0xb61b, 0xb61b, 0xb61b, 0xb61b, 0xb61b, 0xb61b, 0xb61b, 0xb61b, 0xb61b, 0xb61b, 0xb63b, 0xb63b,
    0xb63b, 0xb61b, 0xb61b, 0xb61b, 0xb61b, 0xb61b, 0xb61b, 0xb61b, 0xb61b, 0xb61b, 0xb61b, 0xb61b,
    0xb63b, 0xb61b, 0xb61b, 0xb61b, 0xb61b, 0xb61c, 0xb61c, 0xb61c, 0xb61c, 0xb61c, 0xb61c, 0xb61c,
    0xb61c, 0xb61c, 0xb61c, 0xb61c, 0xb61b, 0xb61c, 0xb61c, 0xb61c, 0xb61b, 0xb61c, 0xb61b, 0xb61b,
    0xb61b, 0xb61b, 0xb61b, 0xb61b, 0xb61b, 0xb61b, 0xb61b, 0xb61b, 0xb61b, 0xb61c, 0xb61c, 0xb61b,
    0xb61c, 0xb61c, 0xb61b, 0xb61b, 0xb61b, 0xb61b, 0xb61b, 0xb61b, 0xb63b, 0xbe7c, 0xb63b, 0xb61b,
    0xb61b, 0xb61b, 0xb61b, 0xb61b, 0xb61b, 0xb61b, 0xb61b, 0xae1b, 0xadd9, 0x73cf, 0x62e9, 0x6b09,
    0x9d13, 0xc6fc, 0xd75e, 0xdf9e, 0xe79f, 0xe79f, 0xe77e, 0xcefd, 0xae3b, 0xb61b, 0xb63b, 0xb61b,
    0xb61b, 0xb61b, 0xb61b, 0xb61b, 0xb61b, 0xb61b, 0xb61b, 0xb61b, 0xb61b, 0xb61b, 0xb61b, 0xb61b,
    0xb61b, 0xb61b, 0xb61b, 0xb61b, 0xb61c, 0xb61c, 0xb61b, 0xb61b, 0xb61b, 0xb61b, 0xb61b, 0xb63b,
    0xb63b, 0xb61b, 0xb61b, 0xb61b, 0xb61c, 0xb61b, 0xb61b, 0xb61b, 0xb61b, 0xb61b, 0xb61b, 0xb61b,
    0xb61b, 0xb61b, 0xb61b, 0xadfb, 0x9579, 0x9dfa, 0x9e1a, 0x8d35, 0x6bcd, 0x62e9, 0x5ac9, 0x62c9,
    0x6309, 0x736a, 0x6b29, 0x5a87, 0x5aa8, 0x6b09, 0x736a, 0x83cb, 0x6b6a, 0x63cd, 0x9d75, 0x840d,
    0x8c2c, 0x946c, 0x9c8d, 0xaced, 0xb54f, 0xbd8f, 0xbd70, 0xa50f, 0x8c4e, 0x844f, 0x8cd4, 0x8d15,
    0x8d16, 0x95b9, 0xa61b, 0xa61b, 0xa61b, 0xa61b, 0xa61c, 0xa61c, 0xa61b, 0xa63c, 0xa63c, 0xa61c,
    0xa61c, 0xa61c, 0xa61c, 0xa61c, 0xa61c, 0xa61c, 0xa63c, 0xa61c, 0xa61c, 0xa61c, 0xa61b, 0x9dda,
    0x9dfa, 0xbefd, 0x95fa, 0x8557, 0x8515, 0x8cf4, 0x848f, 0x7c4b, 0x9510, 0x9d74, 0x9d52, 0xa530,
    0xa4ee, 0x8c4b, 0x73c9, 0x5b06, 0x6b48, 0x83cb, 0x83cb, 0x83eb, 0x83eb, 0x83cb, 0x6b09, 0x5a87,
    0x5a88, 0x62e9, 0x5a88, 0x73ad, 0x8d14, 0x6bed, 0x42c4, 0x4306, 0x6c4e, 0x9df8, 0xc6dc, 0xdf7e,
    0xe79f, 0xef9f, 0xe77e, 0xc6bc, 0xa5da, 0xb61b, 0xb61b, 0xb61b, 0xb61b, 0xb61b, 0xb61b, 0xb61b,
    0xb61b, 0xb61b, 0xb61b, 0xb61b, 0xb61b, 0xb61b, 0xb61b, 0xb63b, 0xb63b, 0xb63b, 0xb63b, 0xb63b,
    0xb63b, 0xb63b, 0xb63b, 0xb63b, 0xb61b, 0xb63b, 0xb63b, 0xb63b, 0xb63b, 0xb61b, 0xb63b, 0xb61b,
    0xb63b, 0xb63b, 0xb63b, 0xb63b, 0xb63b, 0xb61c, 0xb61c, 0xb61c, 0xb61c, 0xb61b, 0xb61b, 0xb61b,
    0xb61b, 0xb61b, 0xb61b, 0xb61c, 0xb61c, 0xb61c, 0xb61c, 0xb61c, 0xb61c, 0xb61b, 0xb61b, 0xb61b,
    0xb61b, 0xb61b, 0xb61b, 0xb61b, 0xb61b, 0xb61b, 0xb61b, 0xb61b, 0xb61b, 0xb61b, 0xb61b, 0xb61b,
    0xb61b, 0xb61b, 0xb61b, 0xb61b, 0xb61c, 0xb61c, 0xb61b, 0xb61b, 0xb61b, 0xb63c, 0xb61b, 0xb61b,
    0xb61b, 0xb61b, 0xb61b, 0xb61b, 0xb61b, 0xb61b, 0xadfb, 0xadda, 0x94f5, 0x4a68, 0x5246, 0x5267,
    0x8cb2, 0xd71d, 0xe79f, 0xe79f, 0xe79f, 0xe79f, 0xe79f, 0xdf7f, 0xb65b, 0xae1b, 0xb63c, 0xb61c,
    0xb61c, 0xb61b, 0xb61b, 0xb61b, 0xb61b, 0xb61c, 0xb61c, 0xb61c, 0xb61c, 0xb61c, 0xb61c, 0xb61c,
    0xb61c, 0xb61c, 0xb61c, 0xb61c, 0xb61c, 0xb61c, 0xb61c, 0xb61c, 0xb61c, 0xb61c, 0xb61b, 0xb63b,
    0xb63b, 0xb61c, 0xb61c, 0xb61c, 0xb61c, 0xb61b, 0xb61b, 0xb61b, 0xb61b, 0xb61b, 0xb61b, 0xb61b,
    0xb61b, 0xb61b, 0xadfa, 0x9d57, 0x9577, 0x8514, 0x742f, 0x638c, 0x632a, 0x7bcd, 0x840f, 0x6b4a,
    0x6b2a, 0x62c9, 0x5a88, 0x62c8, 0x736a, 0x83cb, 0x8bec, 0x8c0c, 0x73aa, 0x744f, 0xa596, 0x8c6d,
    0x9c6d, 0xa4cd, 0xad2f, 0xbd90, 0xad71, 0x9cae, 0x8c6f, 0x8471, 0x9d57, 0x9db9, 0xa61b, 0xa63c,
    0xa61b, 0xa63c, 0xa63c, 0xa63c, 0xa61c, 0xa61c, 0xa61c, 0xa61c, 0xa61c, 0xa61c, 0xa61c, 0xa61c,
    0xa61c, 0xa61c, 0xa61c, 0xa61c, 0xa61c, 0xa61c, 0xa61c, 0xa61c, 0xa61c, 0xa61c, 0xa61c, 0xa61b,
    0x95b9, 0xbebc, 0xae7c, 0x8db9, 0x9dfa, 0xa61b, 0xa5b9, 0x8d14, 0x84f4, 0x95b8, 0xa619, 0xa5b6,
    0xa573, 0xa530, 0x9cce, 0x8c6c, 0x73c9, 0x83eb, 0x8c0c, 0x8c0c, 0x840d, 0x840c, 0x83cb, 0x736a,
    0x5aa8, 0x5287, 0x5247, 0x6b4b, 0x73ce, 0x73ee, 0x5308, 0x42a5, 0x4b06, 0x7cd1, 0xa63a, 0xcf1d,
    0xe77f, 0xef9f, 0xe79f, 0xd71d, 0xa5da, 0xadfb, 0xb61b, 0xb61b, 0xb61b, 0xb61b, 0xb61c, 0xb61c,
    0xb61c, 0xb61b, 0xb61b, 0xb61b, 0xb61b, 0xb61b, 0xb61b, 0xb61b, 0xb63b, 0xb63b, 0xb63b, 0xb63b,
    0xb61c, 0xb63b, 0xb63b, 0xb63b, 0xb63b, 0xb63b, 0xb63b, 0xb63b, 0xb63b, 0xb63b, 0xb63b, 0xb63b,
    0xb63b, 0xb63b, 0xb63b, 0xb63b, 0xb61b, 0xb61c, 0xb61c, 0xb61c, 0xb61c, 0xb61b, 0xb61b, 0xb61b,
    0xb61b, 0xb61b, 0xb61b, 0xb61b, 0xb61c, 0xb61b, 0xb61c, 0xb61b, 0xb61b, 0xb61b, 0xb61b, 0xb61b,
    0xb61b, 0xb61b, 0xb61b, 0xb61b, 0xb61b, 0xb61b, 0xb61c, 0xb61c, 0xb61b, 0xb61b, 0xb61b, 0xb61b,
    0xb61b, 0xb61b, 0xb61b, 0xb61b, 0xb61b, 0xb61b, 0xb61b, 0xb61b, 0xb61b, 0xb61b, 0xb61b, 0xb61b,
    0xb61b, 0xb61b, 0xb61b, 0xb61b, 0xb61b, 0xae1b, 0xadb9, 0x8cb4, 0x52a9, 0x4a06, 0x5267, 0x5268,
    0x8cd3, 0xc6dc, 0xdf7e, 0xe79f, 0xe79f, 0xe79f, 0xe79e, 0xe79f, 0xcefd, 0xadfa, 0xb61b, 0xb63c,
    0xb63c, 0xb61b, 0xb61b, 0xb61b, 0xb61b, 0xb61c, 0xb61c, 0xb61c, 0xb61c, 0xb61c, 0xb61c, 0xb61c,
    0xb61c, 0xb61c, 0xb61c, 0xb61c, 0xb61c, 0xb61c, 0xb61c, 0xb61c, 0xb61c, 0xb61c, 0xb61c, 0xb61b,
    0xb61b, 0xb61c, 0xb61c, 0xb61c, 0xb61c, 0xb61b, 0xb61b, 0xb61b, 0xb61b, 0xb61b, 0xb5fc, 0xb61b,
    0xb61b, 0xb5fa, 0x94f5, 0x5b2b, 0x6bcd, 0x5b29, 0x5b28, 0x6b4a, 0xa513, 0xc67a, 0xae18, 0x7bed,
    0x62a8, 0x5a88, 0x6b09, 0x7b8a, 0x83eb, 0x8c0c, 0x8c0c, 0x8c0c, 0x7beb, 0x8d33, 0xadd7, 0x9cad,
    0xad0e, 0xb570, 0xad92, 0xb616, 0x9d75, 0x8493, 0x9578, 0xa61b, 0xa63c, 0xa63c, 0xa61b, 0xa63c,
    0xa63c, 0xa63c, 0xa63c, 0xa63c, 0xa63c, 0xa63c, 0xa63c, 0xa63c, 0xa63c, 0xa63c, 0xa63c, 0xa63c,
    0xa63c, 0xa61c, 0xa63c, 0xa63c, 0xa63c, 0xa63c, 0xa63c, 0xa63c, 0xa63c, 0xa63c, 0xa63c, 0xa61c,
    0x95b9, 0xc6dc, 0xbedd, 0x95da, 0x9dfb, 0xa61c, 0xa61b, 0xa61b, 0x9dda, 0xa5f9, 0xcf1e, 0x9e1a,
    0x8d78, 0x9d76, 0xa573, 0xad50, 0xa4ee, 0x9c6d, 0x942d, 0x946f, 0xa554, 0x9d13, 0x840d, 0x83cb,
    0x7bab, 0x6b2a, 0x5aa8, 0x6b2a, 0x7bac, 0x736b, 0x632a, 0x52c9, 0x42c4, 0x5b89, 0x9576, 0xb69c,
    0xd77e, 0xe79f, 0xef9f, 0xe79f, 0xb65b, 0xa5da, 0xb63c, 0xb61c, 0xb61b, 0xb61b, 0xb61c, 0xb61c,
    0xb61c, 0xb61c, 0xb61b, 0xb63c, 0xb63b, 0xbe9c, 0xb63b, 0xb61c, 0xb61c, 0xb61c, 0xb61c, 0xb61c,
    0xb61c, 0xb61b, 0xb63b, 0xb63b, 0xb63b, 0xb63b, 0xb63b, 0xb63b, 0xb63b, 0xb63b, 0xb63b, 0xb63b,
    0xb63b, 0xb63b, 0xb61b, 0xb61b, 0xb61c, 0xb61c, 0xb61c, 0xb61c, 0xb61b, 0xb61b, 0xb61b, 0xb61b,
    0xb61b, 0xb61b, 0xb61b, 0xb61b, 0xb61c, 0xb61c, 0xb61c, 0xb61b, 0xb61b, 0xb61b, 0xb61b, 0xb61b,
    0xb61b, 0xb61b, 0xb61b, 0xb61b, 0xb61b, 0xb61b, 0xb61b, 0xb61b, 0xb61b, 0xb61b, 0xb61b, 0xb61b,
    0xb61c, 0xb61c, 0xb61c, 0xb61c, 0xb61c, 0xb61b, 0xb61b, 0xb61b, 0xb61b, 0xb61b, 0xb61b, 0xb61b,
    0xb61b, 0xb61b, 0xb61c, 0xb61b, 0xb61b, 0xadb8, 0x73cf, 0x5289, 0x5287, 0x5a67, 0x5247, 0x634c,
    0xae19, 0xbedd, 0xcf1d, 0xd75e, 0xdf7f, 0xe79f, 0xe79f, 0xe79f, 0xe79e, 0xcefd, 0xa5fa, 0xa5fa,
    0xb61c, 0xb61c, 0xb61b, 0xb61b, 0xb61b, 0xb61c, 0xb61c, 0xb61c, 0xb61c, 0xb61c, 0xb61c, 0xb61c,
    0xb61c, 0xb61c, 0xb61c, 0xb61c, 0xb61c, 0xb61c, 0xb61c, 0xb61c, 0xb61c, 0xb61c, 0xb61c, 0xb61c,
    0xb61c, 0xb61c, 0xb61c, 0xb61c, 0xb61c, 0xb61b, 0xb61b, 0xb61b, 0xb61b, 0xb61b, 0xb5fb, 0xb5fb,
    0xb5fb, 0x94f5, 0x5b09, 0x4a64, 0x4aa5, 0x5b28, 0x7bed, 0xad74, 0xd71c, 0xbebb, 0x8515, 0x5aea,
    0x5a88, 0x6b2a, 0x7b8a, 0x83cb, 0x8c0c, 0x8c0c, 0x8c0c, 0x942c, 0x94b0, 0x9db6, 0xadd6, 0xad70,
    0xad92, 0x9d95, 0x9dd8, 0xcefc, 0xa639, 0x95da, 0xa63c, 0xa63c, 0xa63c, 0xa63c, 0xa63c, 0xa63c,
    0xa63c, 0xa63c, 0xa63c, 0xa63c, 0xa63c, 0xa63c, 0xa63c, 0xa63c, 0xa63c, 0xa63c, 0xa63c, 0xa63c,
    0xa63c, 0xa63c, 0xa63c, 0xa63c, 0xa63c, 0xa63c, 0xa63c, 0xa63c, 0xa63c, 0xa63c, 0xa63c, 0xa63c,
    0x95d9, 0xc6fc, 0xb69b, 0x9dda, 0xa61c, 0xa61b, 0xa63b, 0xa63c, 0x9dda, 0xa5f9, 0xd75e, 0xae7c,
    0x95ba, 0x8d99, 0x95b8, 0xa5b6, 0xad93, 0xa50f, 0x9cae, 0x944e, 0x94f2, 0xa5f9, 0x9d54, 0x840d,
    0x8beb, 0x83cb, 0x7bab, 0x734a, 0x7b6a, 0x7bac, 0x634b, 0x5b2b, 0x4ac7, 0x4b05, 0x6c2f, 0xae3a,
    0xc6fd, 0xdf5e, 0xe79f, 0xe79f, 0xc6dc, 0xa5fa, 0xb63b, 0xb61b, 0xb61b, 0xb63b, 0xb61c, 0xb61c,
    0xb61c, 0xb61c, 0xb61b, 0xb61b, 0xbe5c, 0xcf1d, 0xc69c, 0xb63c, 0xb61c, 0xb61c, 0xb61c, 0xb61c,
    0xb61c, 0xb61c, 0xb61b, 0xb61b, 0xb61b, 0xb63b, 0xb63b, 0xb63b, 0xb63b, 0xb63b, 0xb63b, 0xb63b,
    0xb63b, 0xb61b, 0xb61c, 0xb61c, 0xb61c, 0xb61c, 0xb61c, 0xb61c, 0xb61c, 0xb61b, 0xb61b, 0xb61b,
    0xb61b, 0xb61b, 0xb61b, 0xb61b, 0xb61b, 0xb61b, 0xb61b, 0xb61b, 0xb61b, 0xb61b, 0xb61b, 0xb61b,
    0xb61b, 0xb61b, 0xb61b, 0xb61b, 0xb61b, 0xb61b, 0xbe5c, 0xb63c, 0xb61b, 0xb61b, 0xb61b, 0xb61b,
    0xb61b, 0xb61b, 0xb61b, 0xb63b, 0xb61b, 0xb61b, 0xb61b, 0xb61b, 0xb61b, 0xb61b, 0xb61b, 0xb61b,
    0xb61b, 0xb5fb, 0xb5fb, 0xb5fb, 0xa598, 0x7bef, 0x5aa9, 0x5ac8, 0x5aa8, 0x5288, 0x52ea, 0x8cd4,
    0xae7b, 0xbebd, 0xc6fd, 0xc6fd, 0xcefd, 0xd73e, 0xdf7e, 0xe79f, 0xe79f, 0xe79f, 0xcefc, 0xb63a,
    0xa5fa, 0xb61b, 0xb61b, 0xb61b, 0xb61b, 0xb61c, 0xb61c, 0xb61c, 0xb61c, 0xb61c, 0xb61c, 0xb61c,
    0xb61c, 0xb61c, 0xb61c, 0xb61c, 0xb61c, 0xb61c, 0xb61c, 0xb61c, 0xb61c, 0xb61c, 0xb61c, 0xb61c,
    0xb61c, 0xb61c, 0xb61c, 0xb61c, 0xb61b, 0xb61b, 0xb61b, 0xb61b, 0xb61b, 0xb61b, 0xb61b, 0xb5fb,
    0x94f5, 0x5b2a, 0x4aa5, 0x52c5, 0x5b28, 0x8c6f, 0xc679, 0xd71d, 0xb67a, 0x8515, 0x638e, 0x5aa9,
    0x6b29, 0x7bab, 0x83eb, 0x8beb, 0x8c0c, 0x8c2c, 0x944c, 0x9cce, 0xa553, 0x9db8, 0xadd7, 0xadb5,
    0x8d55, 0x8d98, 0xa65b, 0xc71c, 0x9df9, 0x9dfb, 0xa63c, 0xa63c, 0xa63c, 0xa63c, 0xa63c, 0xa63c,
    0xa63c, 0xa63c, 0xa63c, 0xa63c, 0xa63c, 0xae3c, 0xae3c, 0xae3c, 0xae3c, 0xa63c, 0xa63c, 0xa63c,
    0xa63c, 0xa63c, 0xa63c, 0xa63c, 0xa63c, 0xa63c, 0xae3c, 0xae3c, 0xa63c, 0xa63c, 0xae3c, 0xa63c,
    0x9dfb, 0xb63a, 0xb67b, 0x9dda, 0xa63c, 0xa61c, 0xa63c, 0xa61c, 0x9e1b, 0x9dfa, 0xc6fc, 0xbedc,
    0x9dfb, 0x8d9a, 0x9dfa, 0xa65b, 0x9dd8, 0xa594, 0xa551, 0x9cad, 0x8c6d, 0x9d34, 0xa5d8, 0x9d13,
    0x8c0d, 0x83ec, 0x8bec, 0x83cc, 0x736a, 0x734a, 0x738c, 0x636c, 0x52c8, 0x5ae7, 0x638c, 0x9db9,
    0xae7c, 0xcf1e, 0xe79f, 0xef9f, 0xdf7e, 0xae1a, 0xadfa, 0xb61c, 0xb61b, 0xb61b, 0xb61c, 0xb61c,
    0xb61c, 0xb61c, 0xb61c, 0xb61b, 0xb63b, 0xbe5c, 0xb63b, 0xb61b, 0xb61c, 0xb61c, 0xb61c, 0xb61c,
    0xb61c, 0xb61c, 0xb61c, 0xb61b, 0xb61b, 0xb61b, 0xb61b, 0xb63b, 0xb63b, 0xb63b, 0xb63b, 0xb61b,
    0xb61b, 0xb61c, 0xb61c, 0xb61c, 0xb61c, 0xb61c, 0xb61c, 0xb61c, 0xb61c, 0xb61b, 0xb61b, 0xb61b,
    0xb61b, 0xb61b, 0xb61b, 0xb61b, 0xb63b, 0xb63b, 0xb61b, 0xb61b, 0xb61b, 0xb61b, 0xb61b, 0xb61b,
    0xb61b, 0xb61b, 0xb61b, 0xb61b, 0xb61b, 0xb61b, 0xbe5c, 0xb63c, 0xb61b, 0xb61b, 0xb61b, 0xb61b,
    0xb63b, 0xb61b, 0xbe3b, 0xd6fd, 0xc67b, 0xb61b, 0xb61b, 0xb61b, 0xb61b, 0xb61b, 0xb5fb, 0xb61b,
    0xb5fb, 0xb5fb, 0xadfb, 0xa599, 0x7bf0, 0x52a9, 0x632a, 0x6b8d, 0x6b6c, 0x740f, 0xa5d8, 0xb69c,
    0xb69c, 0xcf1e, 0xdf5f, 0xd75e, 0xcf1e, 0xcf1d, 0xcf1d, 0xdf7f, 0xe79f, 0xe79f, 0xe79f, 0xdf5e,
    0xb65b, 0xa5da, 0xb61c, 0xb61c, 0xb61b, 0xb61b, 0xb61c, 0xb61b, 0xb61c, 0xb61c, 0xb61b, 0xb61c,
    0xb61c, 0xb61c, 0xb61c, 0xb61c, 0xb61c, 0xb61c, 0xb61b, 0xb61b, 0xb61c, 0xb61c, 0xb61b, 0xb61b,
    0xb61b, 0xb61c, 0xb61c, 0xb61c, 0xb61b, 0xb61b, 0xb61b, 0xb61b, 0xb61b, 0xb61b, 0xadfb, 0x9d57,
    0x5aea, 0x4ac5, 0x52e5, 0x6327, 0x8470, 0xce9a, 0xd75d, 0x9dd8, 0x7493, 0x534c, 0x5ac9, 0x734a,
    0x7bab, 0x8beb, 0x8c0b, 0x8c2b, 0x9c6c, 0x9c8c, 0xa4ad, 0xa50f, 0xa595, 0x95d9, 0xc6dc, 0xae39,
    0x8d99, 0x95da, 0xb6bd, 0xbebb, 0x95ba, 0xae1c, 0xae3c, 0xa63c, 0xae3c, 0xae3c, 0xae3c, 0xae3c,
    0xae3c, 0xae3c, 0xae3c, 0xae3c, 0xae3c, 0xae3c, 0xae3c, 0xae3c, 0xae3c, 0xae3c, 0xae3c, 0xae3c,
    0xae3c, 0xae3c, 0xae3c, 0xae3c, 0xae3c, 0xae3c, 0xae3c, 0xae3c, 0xae3c, 0xae3c, 0xae3c, 0xae3c,
    0xa63c, 0x9db9, 0xb67b, 0x9dda, 0xae3c, 0xae3c, 0xae3c, 0xae3c, 0xae3c, 0x9dba, 0xbe9b, 0xd75d,
    0x9e1b, 0x95ba, 0xb67c, 0xcf3e, 0x9e1a, 0x9599, 0x9d96, 0xa571, 0xa4ce, 0x948e, 0x9d55, 0xb639,
    0xa513, 0x8c0c, 0x8bec, 0x8bec, 0x83cc, 0x6b2a, 0x736b, 0x6b6c, 0x6309, 0x62e9, 0x636c, 0x9557,
    0xa65b, 0xc6fe, 0xdf7f, 0xe79f, 0xe79f, 0xc6bc, 0xa5da, 0xb61c, 0xb61b, 0xb61c, 0xb61c, 0xb61c,
    0xb61c, 0xb61c, 0xb61c, 0xb61c, 0xb61c, 0xb61c, 0xb61c, 0xb61c, 0xb61c, 0xb61c, 0xb61c, 0xb61c,
    0xb61c, 0xb61c, 0xb61c, 0xb61b, 0xb61b, 0xb61c, 0xb61c, 0xb61b, 0xb61b, 0xb61b, 0xb61c, 0xb61c,
    0xb61c, 0xb61c, 0xb61b, 0xb61b, 0xb61c, 0xb61c, 0xb61c, 0xb61c, 0xb61b, 0xb61b, 0xb61b, 0xb61b,
    0xb61b, 0xb61b, 0xb61b, 0xb61b, 0xc69c, 0xcefd, 0xbe5c, 0xb61b, 0xb61b, 0xb61b, 0xb61b, 0xb61b,
    0xb61b, 0xb61b, 0xb61b, 0xb61b, 0xb61b, 0xb61b, 0xb61b, 0xb61b, 0xb61b, 0xb61b, 0xb61b, 0xb61b,
    0xb61b, 0xb61b, 0xb63b, 0xcebd, 0xbe5b, 0xb61b, 0xb61b, 0xb61b, 0xb61b, 0xb61b, 0xb61b, 0xb5fb,
    0xadfb, 0xb5fb, 0xa578, 0x73ae, 0x5aa9, 0x6b8d, 0x8cf4, 0x9df9, 0xae1a, 0xbe9b, 0xc6dd, 0xbedd,
    0xc6dd, 0xcf1e, 0xdf5e, 0xe79f, 0xe79f, 0xe77f, 0xd75e, 0xd75e, 0xe79f, 0xe79f, 0xe79f, 0xe79f,
    0xdf5e, 0xbe9c, 0xa5da, 0xb61b, 0xb61b, 0xb61b, 0xb61c, 0xb61c, 0xb61b, 0xb61c, 0xb61c, 0xb61c,
    0xb61c, 0xb61c, 0xb61c, 0xb61c, 0xb63c, 0xb61b, 0xb61b, 0xb61c, 0xb61c, 0xb61c, 0xb61c, 0xb61c,
    0xb61c, 0xb61c, 0xb61c, 0xb61b, 0xb61b, 0xb61b, 0xb61b, 0xb61b, 0xae1b, 0xb61b, 0xadd9, 0x73f0,
    0x4266, 0x52e5, 0x5b07, 0x7bed, 0xbe39, 0xdf3d, 0xb69b, 0x74b3, 0x536d, 0x52ca, 0x6b4a, 0x83cb,
    0x8beb, 0x8c0b, 0x944c, 0x9cad, 0xa4ac, 0xaced, 0xb54f, 0xad93, 0x9d97, 0x9e1a, 0xd75e, 0xb67b,
    0x9db9, 0x95da, 0xb6bd, 0xbebb, 0x95b9, 0xae3c, 0xae3c, 0xae3c, 0xae3c, 0xae3c, 0xae3c, 0xae3c,
    0xae3c, 0xae3c, 0xae3c, 0xae3c, 0xae3c, 0xae3c, 0xae3c, 0xae3c, 0xae3c, 0xae3c, 0xae3c, 0xae3c,
    0xae3c, 0xae3c, 0xae3c, 0xae3c, 0xae3c, 0xae3c, 0xae3c, 0xae3c, 0xae3c, 0xae3c, 0xae3c, 0xae3c,
    0xa63c, 0x9db9, 0xb67b, 0x9dda, 0xae3c, 0xae3c, 0xae3c, 0xae3c, 0xae3c, 0x9dfb, 0xae1a, 0xcf3d,
    0xa61b, 0x95ba, 0xb69c, 0xd75e, 0xa65c, 0x8dba, 0x8d99, 0x9d97, 0xa572, 0xad50, 0xa532, 0xa5b7,
    0xadd7, 0x948f, 0x8bec, 0x8bcc, 0x83cc, 0x7bab, 0x62e8, 0x6309, 0x734b, 0x6b0a, 0x630a, 0x7c72,
    0xa5fa, 0xae5c, 0xcf3e, 0xe79e, 0xe79f, 0xc6dd, 0x9db9, 0xb63c, 0xb61b, 0xb61c, 0xb61c, 0xb61c,
    0xb61c, 0xb61c, 0xb61c, 0xb61c, 0xb61c, 0xb61b, 0xb61b, 0xb61c, 0xb61c, 0xb61c, 0xb61c, 0xb61c,
    0xb61c, 0xb61c, 0xb61c, 0xb61b, 0xb61b, 0xb61c, 0xb61c, 0xb61c, 0xb61c, 0xb61c, 0xb61c, 0xb61c,
    0xb61c, 0xb61c, 0xb61c, 0xb61c, 0xb61c, 0xb61b, 0xb61b, 0xb61b, 0xb61b, 0xb61b, 0xb61b, 0xb61b,
    0xb61b, 0xb61b, 0xb61b, 0xb61c, 0xc69d, 0xcefd, 0xbe5c, 0xb61b, 0xb61b, 0xb61b, 0xb61b, 0xb61b,
    0xb61b, 0xb61b, 0xb61b, 0xb61b, 0xb61b, 0xb61b, 0xb61b, 0xb61b, 0xb61b, 0xb61b, 0xb61b, 0xb61b,
    0xb61b, 0xb61b, 0xb61b, 0xb61b, 0xb61b, 0xb61b, 0xb61b, 0xb61b, 0xb61b, 0xb61b, 0xb61b, 0xadfb,
    0xadfb, 0xa598, 0x73af, 0x5b4d, 0x7c93, 0x9577, 0x9dfb, 0x9e1b, 0xae5c, 0xc71e, 0xc6fe, 0xbedd,
    0xbedd, 0xc6dd, 0xcf1d, 0xd73e, 0xdf5e, 0xe77e, 0xdf7e, 0xe77e, 0xe79e, 0xe79f, 0xe79f, 0xe79f,
    0xe79f, 0xdf7e, 0xbe7b, 0xa5fa, 0xae1b, 0xb61c, 0xb61c, 0xb61c, 0xb61c, 0xb61c, 0xb61c, 0xb61c,
    0xb61c, 0xb61c, 0xb61c, 0xb61b, 0xbe7c, 0xbe7c, 0xbe7c, 0xb63b, 0xb61b, 0xb61c, 0xb61c, 0xb61c,
    0xb61c, 0xb61c, 0xb61c, 0xb61b, 0xb61b, 0xb61b, 0xb61b, 0xb61b, 0xae1b, 0xadda, 0x8452, 0x4246,
    0x4284, 0x5b06, 0x6b8c, 0xa597, 0xcefc, 0xbedc, 0x8577, 0x5bef, 0x42eb, 0x5ae9, 0x7bab, 0x83eb,
    0x8c0b, 0x9c6c, 0xa4cd, 0xa4cc, 0xad0d, 0xbd6f, 0xad51, 0x9575, 0x8d99, 0xa63b, 0xcefd, 0xa5f9,
    0xa61b, 0x9dda, 0xbebc, 0xbebb, 0x95b9, 0xae3c, 0xae3c, 0xae3c, 0xae3c, 0xae3c, 0xae3c, 0xae3c,
    0xae3c, 0xae3c, 0xae3c, 0xae3c, 0xae3c, 0xae3c, 0xae3c, 0xae3c, 0xae3c, 0xae3c, 0xae3c, 0xae3c,
    0xae3c, 0xae3c, 0xae3c, 0xae3c, 0xae3c, 0xae3c, 0xae3c, 0xae3c, 0xae3c, 0xae3c, 0xae3c, 0xae3c,
    0xa63c, 0x9db9, 0xae7b, 0x9dda, 0xae3c, 0xae3c, 0xae3c, 0xae3c, 0xae3c, 0xa63c, 0x9db9, 0xcf1d,
    0xae5b, 0x95da, 0xa61a, 0xc6fc, 0xb69c, 0x95ba, 0x8d9a, 0x8db9, 0x9597, 0xa595, 0xad93, 0xa574,
    0xa5b6, 0xad52, 0x942d, 0x8bcc, 0x83cb, 0x83cb, 0x734a, 0x5aa8, 0x6b09, 0x7b6b, 0x6b2a, 0x7c31,
    0x9dda, 0x9e1b, 0xae7c, 0xcefd, 0xd73e, 0xbebc, 0x9dda, 0xadfb, 0xb61b, 0xb61c, 0xb61c, 0xb61c,
    0xb61c, 0xb61c, 0xb61c, 0xb61c, 0xb61c, 0xb61b, 0xb61b, 0xb61b, 0xb61b, 0xb61b, 0xb61c, 0xb61c,
    0xb61c, 0xb61c, 0xb61c, 0xb61c, 0xb61c, 0xb61c, 0xb61c, 0xb61c, 0xb61c, 0xb61c, 0xb61c, 0xb61c,
    0xb61c, 0xb61c, 0xb61c, 0xb61c, 0xb61c, 0xb61b, 0xb61b, 0xb61b, 0xb61b, 0xb61b, 0xb61b, 0xb61b,
    0xb61b, 0xb61b, 0xb61b, 0xb61b, 0xb63b, 0xb63b, 0xb61b, 0xb61c, 0xb61b, 0xb61b, 0xb61b, 0xb61b,
    0xb61b, 0xb61b, 0xb61b, 0xb61b, 0xb61b, 0xb61b, 0xb61b, 0xb61b, 0xb61b, 0xb61b, 0xb61b, 0xb61b,
    0xb61b, 0xb61b, 0xb61b, 0xb61b, 0xb61b, 0xb5fb, 0xb5fb, 0xb5fb, 0xb5fb, 0xb5fb, 0xadfb, 0xa5da,
    0x9d99, 0x84b4, 0x7432, 0x8d37, 0x9599, 0x8d15, 0x8d15, 0x9db7, 0xa5f8, 0xb67b, 0xb69c, 0xb67c,
    0xa63a, 0x9dd9, 0xae39, 0xb65a, 0xc6dd, 0xc6fd, 0xc6dd, 0xcf1d, 0xdf5e, 0xe77f, 0xe79f, 0xe79f,
    0xe79f, 0xe79f, 0xdf3e, 0xb63b, 0xa5da, 0xadfb, 0xb61b, 0xb61b, 0xb61b, 0xb61b, 0xb61b, 0xb61b,
    0xb61b, 0xb61b, 0xb61b, 0xb63b, 0xc69c, 0xcefd, 0xc6bc, 0xbe5c, 0xb61b, 0xb61b, 0xb61b, 0xb61b,
    0xb61b, 0xb61b, 0xb61b, 0xb61b, 0xb61b, 0xb61b, 0xb61b, 0xb61b, 0xb5fb, 0x94f5, 0x4a68, 0x4244,
    0x52c6, 0x5ae8, 0x6b8c, 0x9d96, 0xc6dc, 0xa63a, 0x74b3, 0x63ce, 0x4b0b, 0x5b0a, 0x83eb, 0x83eb,
    0x944c, 0xa4ad, 0xa4cd, 0xad0e, 0xbd8f, 0xad0f, 0x8cd2, 0x8578, 0x8d9a, 0xae7b, 0xc6dc, 0x9db9,
    0xae5c, 0x9dfa, 0xb69b, 0xbebc, 0x95ba, 0xae3c, 0xae3c, 0xae3c, 0xae3c, 0xae3c, 0xae3c, 0xae5c,
    0xae5c, 0xae3c, 0xae5c, 0xae5c, 0xae3c, 0xae3c, 0xae3c, 0xae3c, 0xae3c, 0xae5c, 0xae3c, 0xae3c,
    0xae3c, 0xae3c, 0xae3c, 0xae3c, 0xae3c, 0xae5c, 0xae5c, 0xae5c, 0xae5c, 0xae3c, 0xae3c, 0xae3c,
    0xa63c, 0x9dba, 0xa61a, 0x9dda, 0xae5c, 0xae3c, 0xae3c, 0xae3c, 0xae3c, 0xa63b, 0x9dda, 0xd73d,
    0xb69c, 0x9dfa, 0x95b9, 0xbebb, 0xbedd, 0x9dfb, 0x959a, 0x95ba, 0x95da, 0x8d98, 0x9db7, 0xa593,
    0xa532, 0xa510, 0x9c8d, 0x8bec, 0x8bcc, 0x83ec, 0x83cc, 0x732a, 0x5aa8, 0x736b, 0x738b, 0x6bae,
    0x9578, 0x9dfa, 0x9e1b, 0xae3b, 0xb69c, 0xae7c, 0x9dfa, 0xa5da, 0xb61b, 0xb61b, 0xb61b, 0xb61b,
    0xb61b, 0xb61b, 0xb61b, 0xb61b, 0xb61b, 0xb61b, 0xb61b, 0xb61b, 0xb61b, 0xb61b, 0xb61b, 0xb61b,
    0xb61b, 0xb61b, 0xb61b, 0xb61b, 0xb61b, 0xb61b, 0xb61b, 0xb61b, 0xb61b, 0xb61b, 0xb61b, 0xb61b,
    0xb61b, 0xb61b, 0xb61b, 0xb61b, 0xb61b, 0xb61b, 0xb61b, 0xb61b, 0xb61b, 0xb61b, 0xb61b, 0xb61b,
    0xb61b, 0xb61b, 0xb61b, 0xb61b, 0xb61b, 0xb61b, 0xb61b, 0xb61b, 0xb61b, 0xb61b, 0xb61b, 0xb61b,
    0xb61b, 0xb61b, 0xb61b, 0xb61b, 0xb61b, 0xb61b, 0xb61b, 0xb61b, 0xb61b, 0xb61b, 0xb61b, 0xb61b,
    0xb61b, 0xb61b, 0xb61b, 0xb61b, 0xb61b, 0xb61b, 0xb61b, 0xb61b, 0xadfb, 0xadfb, 0xa5b9, 0x8d58,
    0x8538, 0x8d78, 0x84b4, 0x6c10, 0x73cf, 0x52a9, 0x5288, 0x8c2e, 0x9490, 0xa574, 0xadb6, 0xadd6,
    0x94f3, 0x634c, 0x5b2b, 0x636d, 0x9515, 0xae5a, 0xb69b, 0xb67b, 0xbedc, 0xc6fd, 0xdf3e, 0xe77f,
    0xe79f, 0xe79e, 0xe79f, 0xdf7e, 0xc6bc, 0xae1a, 0xa5da, 0xadfb, 0xb61b, 0xb61b, 0xb61b, 0xb61b,
    0xb61b, 0xb61b, 0xb61b, 0xb61b, 0xbe7c, 0xc6bc, 0xc69c, 0xb63b, 0xb61b, 0xb61c, 0xb61c, 0xb61c,
    0xb61c, 0xb61b, 0xb61b, 0xb61b, 0xb61b, 0xb61b, 0xb61b, 0xb61b, 0xadb9, 0x6b6d, 0x4225, 0x4aa5,
    0x5ac8, 0x62c9, 0x6b0a, 0x842f, 0xae19, 0x9dd9, 0x5bce, 0x6c0e, 0x5b8d, 0x632a, 0x83eb, 0x83eb,
    0x9c6c, 0xa4cd, 0xad0d, 0xbd90, 0xad2f, 0x842e, 0x84f5, 0x8d9a, 0x95ba, 0xb6bd, 0xbedc, 0x9dda,
    0xae3c, 0x9dda, 0xbe9b, 0xae1a, 0x9dfb, 0xae5c, 0xae5c, 0xae5c, 0xae5c, 0xae5c, 0xae5c, 0xae5c,
    0xae5c, 0xae5c, 0xae5c, 0xae5c, 0xae5c, 0xae5c, 0xae5c, 0xae5c, 0xae5c, 0xae5c, 0xae5c, 0xae3c,
    0xae3c, 0xae3c, 0xae5c, 0xae5c, 0xae5c, 0xae5c, 0xae3c, 0xae3c, 0xae5c, 0xae5c, 0xae5c, 0xae3c,
    0xae3c, 0xa5fb, 0x9599, 0xa63c, 0xae3c, 0xae3c, 0xae3c, 0xae3c, 0xae3c, 0xa63b, 0x9dd9, 0xd75d,
    0xbe9c, 0x9e1b, 0x7d17, 0xbebb, 0xd75e, 0xa63b, 0x95ba, 0x9dfa, 0x95da, 0x8578, 0x95b9, 0x9597,
    0xad72, 0xad2f, 0xa4ad, 0x9c6d, 0x8c0c, 0x8bec, 0x8bec, 0x83cb, 0x732a, 0x62e9, 0x7b8b, 0x736c,
    0x7c72, 0x9d98, 0x9dfa, 0x9dfa, 0xa61b, 0xa63b, 0x95b9, 0xa5da, 0xb61b, 0xb61b, 0xb61b, 0xb61b,
    0xb61b, 0xb61b, 0xb61b, 0xb61b, 0xb61b, 0xb61b, 0xb61b, 0xb63b, 0xb61b, 0xb61b, 0xb63b, 0xb61b,
    0xb61b, 0xb63b, 0xb63c, 0xb63b, 0xb61b, 0xb61b, 0xb61b, 0xb61b, 0xb61b, 0xb61b, 0xb61c, 0xb61c,
    0xb61c, 0xb61c, 0xb61b, 0xb61b, 0xb61b, 0xb61b, 0xb61b, 0xb61b, 0xb61b, 0xb61b, 0xb61b, 0xb61b,
    0xb61b, 0xb61b, 0xb61b, 0xb61b, 0xb61b, 0xb61b, 0xb61b, 0xb61b, 0xb61c, 0xb61b, 0xb63b, 0xb61b,
    0xb61b, 0xb61b, 0xb61b, 0xb61b, 0xb61b, 0xb61b, 0xb61b, 0xb61b, 0xb61b, 0xb61b, 0xb61b, 0xb61b,
    0xbe5c, 0xbe5c, 0xbe5c, 0xbe5c, 0xb63c, 0xb63c, 0xb63b, 0xb63b, 0xb61b, 0x9d99, 0x8d58, 0x9599,
    0x9578, 0x8cf5, 0x630b, 0x4a47, 0x4a26, 0x39c5, 0x39a4, 0x5aa8, 0x734a, 0x736b, 0x840d, 0x946e,
    0x944d, 0x942d, 0x8c2c, 0x8c0c, 0x736b, 0x73cd, 0x7c2f, 0x7c4f, 0x9d55, 0xa5f9, 0xbe9b, 0xcf1d,
    0xcf1e, 0xcf1d, 0xdf5e, 0xdf7f, 0xe77f, 0xdf5e, 0xc6dc, 0xadfa, 0xb63b, 0xbe5c, 0xbe5c, 0xbe5c,
    0xbe5c, 0xbe5c, 0xbe5c, 0xbe5c, 0xbe5c, 0xbe7c, 0xbe7c, 0xbe5c, 0xbe5c, 0xbe5c, 0xbe5c, 0xbe5c,
    0xbe5c, 0xbe5c, 0xbe5c, 0xbe5c, 0xbe3c, 0xbe3c, 0xb63c, 0xb63a, 0x7bf0, 0x4a46, 0x4a65, 0x52a6,
    0x5ae8, 0x62c9, 0x734a, 0x7bac, 0x8cf4, 0x84f4, 0x534b, 0x742e, 0x63ad, 0x738b, 0x83cb, 0x83cb,
    0x9c8c, 0xaced, 0xbd6f, 0xad0f, 0x844f, 0xa597, 0x9dda, 0x9dda, 0x9e1b, 0xbefd, 0xa61a, 0xae3c,
    0xb67c, 0xa5fa, 0xb67a, 0xa5d9, 0xae5c, 0xb65c, 0xb67c, 0xb65c, 0xb65c, 0xb67c, 0xb67c, 0xb67c,
    0xb67c, 0xb65c, 0xb67c, 0xb67c, 0xb67c, 0xb67c, 0xb67c, 0xb65c, 0xb67c, 0xb67c, 0xb67c, 0xb65c,
    0xb67c, 0xb67c, 0xb67c, 0xb67c, 0xb65c, 0xb65c, 0xb65c, 0xb65c, 0xb65c, 0xb67c, 0xb67c, 0xb65c,
    0xb67c, 0xae5c, 0xae3c, 0xb65c, 0xb67c, 0xb67c, 0xb65c, 0xb65c, 0xb65c, 0xae5c, 0xa5d9, 0xd75d,
    0xbedd, 0x9e1b, 0x8537, 0xae5b, 0xd75e, 0xa65b, 0x95ba, 0xa61b, 0x9db9, 0x95ba, 0x8d58, 0x9dfa,
    0x9d96, 0xb591, 0xb54f, 0xaccd, 0x9c8d, 0x8c0c, 0x83ec, 0x83cc, 0x83cb, 0x734a, 0x6b09, 0x7bab,
    0x6b4b, 0x73af, 0x8d16, 0x9dfa, 0x9dfa, 0x9dda, 0x7cb3, 0x9d56, 0xbe3c, 0xbe5c, 0xbe5c, 0xbe5c,
    0xbe5c, 0xbe5c, 0xbe5c, 0xbe5c, 0xbe5c, 0xbe5c, 0xbe5c, 0xbe5c, 0xbe5c, 0xbe5c, 0xbe5c, 0xbe5c,
    0xbe5c, 0xbe5c, 0xbe5c, 0xbe5c, 0xbe5c, 0xbe5c, 0xbe5c, 0xbe5c, 0xbe5c, 0xbe5c, 0xbe5c, 0xbe5c,
    0xbe5c, 0xbe5c, 0xbe5c, 0xbe5c, 0xbe5c, 0xbe5c, 0xbe5c, 0xbe5c, 0xbe5c, 0xbe5c, 0xbe5c, 0xbe5c,
    0xbe5c, 0xbe5c, 0xbe5c, 0xbe5c, 0xbe5c, 0xbe5c, 0xbe5c, 0xbe5c, 0xbe5c, 0xbe5c, 0xbe5c, 0xbe5c,
    0xbe5c, 0xbe5c, 0xbe5c, 0xbe5c, 0xbe5c, 0xbe5c, 0xbe5c, 0xbe5c, 0xbe5c, 0xbe5c, 0xbe5c, 0xbe5c,
    0xbe5c, 0xbe5c, 0xbe5c, 0xbe5c, 0xbe5c, 0xbe5c, 0x9d57, 0x8472, 0x8452, 0x6bd0, 0x7c52, 0x8492,
    0x73ef, 0x5aca, 0x4a47, 0x41e5, 0x39a5, 0x3163, 0x41e5, 0x4a06, 0x4a06, 0x4a26, 0x5267, 0x5aa7,
    0x6b29, 0x83ab, 0x7bab, 0x7b8b, 0x7bab, 0x8c4d, 0x9c8e, 0xa4ae, 0x946e, 0x842e, 0xa554, 0xbe58,
    0xbebb, 0xbedd, 0xc6fd, 0xcf1d, 0xd75e, 0xdf9e, 0xe79e, 0xc6dc, 0xa5d9, 0xb61b, 0xbe5c, 0xbe5c,
    0xbe5c, 0xbe5c, 0xbe5c, 0xbe5c, 0xbe7c, 0xbe7c, 0xbe7c, 0xbe7c, 0xbe5c, 0xbe5c, 0xbe5c, 0xbe5c,
    0xbe5c, 0xbe5c, 0xbe5c, 0xbe5c, 0xbe5c, 0xbe5c, 0xbe3b, 0xa597, 0x5aea, 0x5286, 0x5ac7, 0x5aa7,
    0x62c8, 0x6b2a, 0x738b, 0x6309, 0x7c51, 0x6c72, 0x532b, 0x742e, 0x6bcd, 0x83ec, 0x8c2c, 0x946c,
    0xaced, 0xbd6f, 0xacee, 0x842f, 0xa597, 0xb65c, 0x9dfa, 0xa61b, 0xae7c, 0xcf1d, 0x9df9, 0xae7c,
    0xb67c, 0xa5fa, 0xb67b, 0x9dd9, 0xb65c, 0xb67c, 0xb67c, 0xb67c, 0xb67c, 0xb67c, 0xb67c, 0xb67c,
    0xb67c, 0xb67c, 0xb67c, 0xb67c, 0xb67c, 0xb67c, 0xb67c, 0xb67c, 0xb67c, 0xb67c, 0xb67c, 0xb67c,
    0xb67c, 0xb67c, 0xb67c, 0xb67c, 0xb67c, 0xb67c, 0xb67c, 0xb67c, 0xb67c, 0xb67c, 0xb67c, 0xb67c,
    0xb67c, 0xb67c, 0xb67c, 0xb67c, 0xb67c, 0xb67c, 0xb67c, 0xb67c, 0xb67c, 0xb65c, 0xa5d9, 0xd73d,
    0xc6fe, 0xa63c, 0x8d79, 0x9dd9, 0xcf3d, 0xae5c, 0x95ba, 0xa61b, 0x9dda, 0xae3b, 0x9db9, 0xb67c,
    0x9db8, 0x8cb1, 0xb570, 0xb54f, 0xa4ed, 0x9c6d, 0x8c0c, 0x8bcc, 0x83cc, 0x83cb, 0x6b29, 0x736b,
    0x7bab, 0x6b2b, 0x6b8d, 0x8d15, 0x9db9, 0x8d15, 0x634d, 0x7c10, 0xb5fa, 0xbe5c, 0xbe5c, 0xbe5c,
    0xbe5c, 0xbe5c, 0xbe5c, 0xbe5c, 0xbe5c, 0xbe5c, 0xbe5c, 0xbe5c, 0xbe5c, 0xbe5c, 0xbe5c, 0xbe5c,
    0xbe7c, 0xbe5c, 0xbe5c, 0xbe5c, 0xbe5c, 0xbe5c, 0xbe5c, 0xbe5c, 0xbe5c, 0xbe5c, 0xbe5c, 0xbe5c,
    0xbe5c, 0xbe5c, 0xbe5c, 0xbe5c, 0xbe5c, 0xbe5c, 0xbe5c, 0xbe5c, 0xbe5c, 0xbe5c, 0xbe5c, 0xbe5c,
    0xbe5c, 0xbe5c, 0xbe5c, 0xbe5c, 0xbe5c, 0xbe5c, 0xbe7c, 0xbe5c, 0xbe5c, 0xbe5c, 0xbe5c, 0xbe5c,
    0xbe5c, 0xbe5c, 0xbe7c, 0xbe5c, 0xbe5c, 0xbe5c, 0xbe5c, 0xbe5c, 0xbe5c, 0xbe5c, 0xbe5c, 0xbe5c,
    0xbe5c, 0xbe5c, 0xbe5c, 0xbe5c, 0xbe5c, 0xbe3b, 0x73f0, 0x39e6, 0x4a27, 0x4a47, 0x5268, 0x5288,
    0x4226, 0x39c4, 0x41c4, 0x41c4, 0x31a4, 0x39e5, 0x4a46, 0x5287, 0x5aa8, 0x5aa8, 0x5ac8, 0x62e8,
    0x5aa7, 0x5266, 0x4a46, 0x4a26, 0x4a26, 0x5287, 0x6b28, 0x944c, 0xad0f, 0xacef, 0xacef, 0xb570,
    0xb5b4, 0xbe79, 0xbe99, 0xbe99, 0xc69a, 0xcedc, 0xcefc, 0xc6fc, 0x9515, 0x8cd3, 0xb61a, 0xbe5c,
    0xbe5c, 0xbe5c, 0xbe5c, 0xbe5c, 0xbe5c, 0xbe5c, 0xbe7c, 0xbe5c, 0xbe7c, 0xbe5c, 0xbe7c, 0xbe5c,
    0xbe5c, 0xbe5c, 0xbe5c, 0xbe5c, 0xbe5c, 0xbe5c, 0xadb8, 0x634c, 0x4a65, 0x5ac7, 0x62e8, 0x62c9,
    0x6b29, 0x7bab, 0x6b09, 0x5268, 0x63ae, 0x640f, 0x634b, 0x7c2e, 0x73ed, 0x8c4d, 0x9c8c, 0xaccd,
    0xbd6f, 0xa4ee, 0x7c0e, 0x9d77, 0xb65c, 0xb67c, 0xae5c, 0x9dd9, 0xae9c, 0xcf1d, 0x9df9, 0xae5c,
    0xb67c, 0xae1b, 0x9dd9, 0x9db9, 0xb65c, 0xb65c, 0xb67c, 0xb67c, 0xb65c, 0xb65c, 0xb67c, 0xb67c,
    0xb67c, 0xb67c, 0xb67c, 0xb67c, 0xb67c, 0xb67c, 0xb67c, 0xb67c, 0xb67c, 0xb67c, 0xb67c, 0xb67c,
    0xb67c, 0xb65c, 0xb67c, 0xb67c, 0xb67c, 0xb67c, 0xb67c, 0xb67c, 0xb67c, 0xb65c, 0xb67c, 0xb67c,
    0xb67c, 0xb67c, 0xb65c, 0xb65c, 0xb65c, 0xb67c, 0xb67c, 0xb67c, 0xb67c, 0xb65c, 0xa5f9, 0xd75d,
    0xc71d, 0x9dda, 0x9dfa, 0x9dd9, 0xd73d, 0xae7c, 0x95da, 0x9dda, 0xa61b, 0xb65c, 0xa5d9, 0xb69c,
    0xa61a, 0x7cb4, 0x842d, 0xb56f, 0xb56e, 0xa4cd, 0x946c, 0x8beb, 0x8bcc, 0x83eb, 0x7bab, 0x6b2a,
    0x8c2e, 0x83ed, 0x6b2a, 0x73cf, 0x8493, 0x6bcf, 0x7bef, 0x4a68, 0x8452, 0xbe5c, 0xbe5c, 0xbe5c,
    0xbe5c, 0xbe5c, 0xbe5c, 0xbe5c, 0xbe5c, 0xbe5c, 0xbe5c, 0xbe5c, 0xbe5c, 0xbe5c, 0xbe5c, 0xbe5c,
    0xbe5c, 0xbe5c, 0xbe5c, 0xbe5c, 0xbe5c, 0xbe5c, 0xbe5c, 0xbe7c, 0xbe7c, 0xbe5c, 0xbe5c, 0xbe5c,
    0xbe5c, 0xbe7c, 0xbe7c, 0xbe7c, 0xbe7c, 0xbe7c, 0xbe7c, 0xbe7c, 0xbe7c, 0xbe7c, 0xbe7c, 0xbe7c,
    0xbe7c, 0xbe7c, 0xbe7c, 0xbe7c, 0xbe7c, 0xbe7c, 0xbe7c, 0xbe7c, 0xbe7c, 0xbe7c, 0xbe7c, 0xbe7c,
    0xbe7c, 0xbe7c, 0xbe7c, 0xbe7c, 0xbe7c, 0xbe7c, 0xbe7c, 0xbe7c, 0xbe7c, 0xbe7c, 0xbe5c, 0xbe5c,
    0xbe5c, 0xbe5c, 0xbe5c, 0xbe5c, 0xbe5c, 0xbe3b, 0x73ef, 0x39e5, 0x5267, 0x4206, 0x3183, 0x39a4,
    0x41e5, 0x4205, 0x41e5, 0x4205, 0x39a4, 0x2943, 0x3143, 0x39c4, 0x41c5, 0x41e5, 0x41e5, 0x5246,
    0x5267, 0x5267, 0x5267, 0x5287, 0x5aa8, 0x5267, 0x5267, 0x5a87, 0x5aa8, 0x5ac7, 0x7bab, 0x8c2c,
    0x8c2d, 0x8c4e, 0x9ccf, 0xad51, 0xb5b2, 0xbdf4, 0xbdf4, 0xbdf4, 0xbdb3, 0x94af, 0x94b4, 0xbe5c,
    0xbe5c, 0xbe5c, 0xbe5c, 0xbe5c, 0xbe5c, 0xbe5c, 0xbe5c, 0xbe5c, 0xbe5c, 0xbe5c, 0xbe5c, 0xbe5c,
    0xbe5c, 0xbe5c, 0xbe5c, 0xbe5c, 0xbe5c, 0xbe3b, 0x8c93, 0x4a87, 0x6328, 0x6309, 0x62e8, 0x6b09,
    0x7bcb, 0x7b8b, 0x5aa8, 0x5267, 0x5b6c, 0x5bce, 0x73ac, 0x7c2e, 0x7c2e, 0x946d, 0xacee, 0xbdb2,
    0xad10, 0x7c0e, 0x9d77, 0xb65c, 0xb65c, 0xb67c, 0xb65c, 0x9db9, 0xaebd, 0xcf1d, 0xa5fa, 0xae5c,
    0xbe7c, 0xb67c, 0xa5fa, 0xae3b, 0xb67c, 0xb67d, 0xb67c, 0xb67c, 0xb67c, 0xb67c, 0xbe7c, 0xbe7c,
    0xbe7c, 0xbe7c, 0xbe7c, 0xbe7c, 0xb67c, 0xb67c, 0xbe7c, 0xbe7c, 0xb67c, 0xbe7c, 0xbe7c, 0xbe7c,
    0xb67c, 0xb67c, 0xb67c, 0xbe7c, 0xbe7c, 0xbe7c, 0xbe7c, 0xbe7c, 0xbe7c, 0xbe7c, 0xbe7c, 0xb67c,
    0xbe7c, 0xbe7c, 0xb67c, 0xb67c, 0xb67c, 0xb67c, 0xbe7c, 0xbe7c, 0xbe7c, 0xb67c, 0xae3b, 0xbedc,
    0xc71d, 0x95b9, 0xa61b, 0x9dd9, 0xcf3d, 0xae7c, 0x9dfb, 0x9dfa, 0xa61b, 0xb65c, 0xae1b, 0xa61a,
    0xae5b, 0x8d58, 0x9d35, 0x8c4e, 0xb56f, 0xb56e, 0xa4cd, 0x944c, 0x8beb, 0x8bec, 0x83ec, 0x738c,
    0x94d2, 0x9d33, 0x83ed, 0x6b2a, 0x630a, 0x632b, 0x6b8d, 0x4a67, 0x6b2c, 0xadb9, 0xbe5c, 0xbe5c,
    0xbe5c, 0xbe5c, 0xbe5c, 0xbe5c, 0xbe5c, 0xbe5c, 0xbe5c, 0xbe5c, 0xbe5c, 0xbe5c, 0xbe5c, 0xbe5c,
    0xbe5c, 0xbe5c, 0xbe5c, 0xbe5c, 0xbe5c, 0xbe5c, 0xbe5c, 0xbe7c, 0xbe7c, 0xbe5c, 0xbe5c, 0xbe5c,
    0xbe5c, 0xbe7c, 0xbe7c, 0xbe7c, 0xbe7c, 0xbe7c, 0xbe7c, 0xbe7c, 0xbe7c, 0xbe7c, 0xbe7c, 0xbe7c,
    0xbe7c, 0xbe7c, 0xbe7c, 0xbe7c, 0xbe7c, 0xbe7c, 0xbe7c, 0xbe7c, 0xbe7c, 0xbe7c, 0xbe7c, 0xbe7c,
    0xbe7c, 0xbe7c, 0xbe7c, 0xbe7c, 0xbe7c, 0xbe7c, 0xbe7c, 0xbe7c, 0xbe7c, 0xbe7c, 0xbe7c, 0xbe5c,
    0xbe5c, 0xbe5c, 0xbe5c, 0xbe5c, 0xbe5c, 0xbe3b, 0x8451, 0x4227, 0x3184, 0x3183, 0x39c4, 0x41c5,
    0x39a4, 0x39a4, 0x31a4, 0x39a4, 0x39a4, 0x39e5, 0x39c4, 0x5aa7, 0x62c8, 0x5aa7, 0x5aa7, 0x5246,
    0x4a26, 0x4a26, 0x4a26, 0x4a06, 0x4a26, 0x4a26, 0x4205, 0x4a26, 0x5a87, 0x5aa8, 0x5246, 0x4a26,
    0x4a46, 0x5246, 0x5ac8, 0x738a, 0x7bab, 0x7bcc, 0x946d, 0xb570, 0xbd91, 0x94ae, 0x94b3, 0xbe5c,
    0xbe5c, 0xbe5c, 0xbe5c, 0xbe5c, 0xbe5c, 0xbe7c, 0xbe5c, 0xbe5c, 0xbe7c, 0xbe5c, 0xbe5c, 0xbe5c,
    0xbe5c, 0xbe5c, 0xbe5c, 0xbe5c, 0xbe5c, 0xadd9, 0x632c, 0x7bee, 0x9d32, 0x6b4a, 0x6b09, 0x7bab,
    0x83cb, 0x62e9, 0x5268, 0x5ac8, 0x6bac, 0x63cd, 0x738b, 0x7c2d, 0x7c2e, 0xa4ef, 0xb5b2, 0xc657,
    0x8cb2, 0xa577, 0xb65c, 0xb65c, 0xb67c, 0xb65c, 0xb65c, 0x95b9, 0xb6bd, 0xcf3d, 0xa5f9, 0xb65c,
    0xbe7c, 0xb67c, 0xb67d, 0xbe7c, 0xbe7c, 0xb67c, 0xbe7c, 0xbe7c, 0xbe7c, 0xbe7c, 0xbe7c, 0xbe7c,
    0xbe7c, 0xbe7c, 0xbe7c, 0xbe7c, 0xbe7c, 0xbe7c, 0xbe7c, 0xbe7c, 0xb67c, 0xbe7c, 0xbe7c, 0xbe7c,
    0xbe7c, 0xbe7c, 0xb67c, 0xb67c, 0xbe7c, 0xbe7c, 0xbe7c, 0xbe7c, 0xbe7c, 0xbe7c, 0xbe7c, 0xbe7c,
    0xbe7c, 0xbe7c, 0xbe7c, 0xbe7c, 0xbe7c, 0xbe7c, 0xbe7c, 0xbe7c, 0xbe7c, 0xb67c, 0xae5c, 0xa5f9,
    0xc73d, 0x9dba, 0xae3b, 0xae1a, 0xb69b, 0xb69c, 0x9e1b, 0x9dfa, 0xa61b, 0xb65c, 0xae3c, 0xa619,
    0xbebc, 0x8d79, 0xb65b, 0x9d35, 0x8c4d, 0xb56f, 0xad2e, 0xa4ad, 0x944c, 0x8c0c, 0x8bec, 0x738c,
    0x8cf4, 0xb619, 0x9cf2, 0x6b4a, 0x62e9, 0x5ac9, 0x62c9, 0x5ac9, 0x5287, 0x8c72, 0xbe5b, 0xbe5c,
    0xbe5c, 0xbe5c, 0xbe5c, 0xbe5c, 0xbe5c, 0xbe5c, 0xbe5c, 0xbe5c, 0xc67c, 0xbe5c, 0xbe5c, 0xbe5c,
    0xbe5c, 0xbe5c, 0xbe5c, 0xbe5c, 0xbe5c, 0xbe5c, 0xbe7c, 0xbe7c, 0xbe7c, 0xbe5c, 0xbe5c, 0xbe7c,
    0xbe7c, 0xbe7c, 0xbe7c, 0xbe7c, 0xbe7c, 0xbe7c, 0xbe7c, 0xbe7c, 0xbe7c, 0xbe7c, 0xbe7c, 0xbe7c,
    0xbe7c, 0xbe7c, 0xbe7c, 0xbe7c, 0xbe7c, 0xbe7c, 0xbe7c, 0xbe7c, 0xbe7c, 0xbe7c, 0xbe7c, 0xbe7c,
    0xbe7c, 0xbe7c, 0xbe7c, 0xbe7c, 0xbe7c, 0xbe5c, 0xbe7c, 0xbe7c, 0xbe7c, 0xbe7c, 0xbe7c, 0xbe5c,
    0xbe5c, 0xbe5c, 0xbe5c, 0xbe5c, 0xbe5c, 0xbe5b, 0xb5fa, 0x94f5, 0x632b, 0x39e5, 0x31a3, 0x3184,
    0x31a4, 0x39a4, 0x41e5, 0x4a26, 0x4a05, 0x4a26, 0x4205, 0x7b6a, 0x83ab, 0x62e9, 0x4a05, 0x4a05,
    0x5aa8, 0x62e9, 0x62e9, 0x5aa8, 0x5287, 0x5aa8, 0x5a87, 0x5267, 0x4a05, 0x41c5, 0x3984, 0x31a4,
    0x4226, 0x5267, 0x5267, 0x5a87, 0x62c8, 0x62c8, 0x62e9, 0x734a, 0x6b29, 0x6309, 0x94b3, 0xbe5c,
    0xbe5c, 0xbe5c, 0xbe5c, 0xbe5c, 0xbe5c, 0xbe5c, 0xbe5c, 0xbe5c, 0xbe7c, 0xbe5c, 0xbe5c, 0xbe5c,
    0xbe5c, 0xbe5c, 0xbe5c, 0xbe5c, 0xbe3c, 0x8c93, 0x7410, 0xadb6, 0x8c70, 0x6309, 0x734a, 0x83ec,
    0x736a, 0x5a88, 0x5a88, 0x6b29, 0x73cc, 0x63cd, 0x738b, 0x844e, 0x7c4e, 0xad72, 0xb617, 0xbe7a,
    0xa5d8, 0xb65c, 0xb65c, 0xb67c, 0xb67c, 0xb67c, 0xb65c, 0x95b9, 0xbedc, 0xcefd, 0xae1a, 0xb67c,
    0xbe7c, 0xbe7c, 0xbe7c, 0xbe7c, 0xbe7c, 0xbe7c, 0xbe7c, 0xbe7c, 0xbe7c, 0xbe7c, 0xbe7c, 0xbe7c,
    0xbe7c, 0xbe7c, 0xbe7c, 0xbe7c, 0xbe7c, 0xbe7c, 0xbe7c, 0xbe7c, 0xbe7c, 0xbe7c, 0xbe7c, 0xbe7c,
    0xbe7c, 0xbe7c, 0xbe7c, 0xbe7d, 0xbe7c, 0xbe7c, 0xbe7c, 0xbe7c, 0xbe7c, 0xbe7c, 0xbe7c, 0xbe7c,
    0xbe7c, 0xbe7c, 0xbe7c, 0xbe7c, 0xbe7c, 0xbe7c, 0xbe7c, 0xbe7c, 0xbe7c, 0xb67c, 0xae5c, 0xa5f9,
    0xc73d, 0x9dd9, 0xae3b, 0xae3b, 0xae1a, 0xbedc, 0x9e1b, 0x9dfa, 0xa61b, 0xb65c, 0xae3b, 0xae39,
    0xbedc, 0x9599, 0xb65c, 0xb65b, 0x9514, 0x8c4d, 0xb54e, 0xaced, 0xa4ad, 0x944c, 0x8c0c, 0x83ed,
    0x8cd2, 0xae5b, 0xb5f7, 0x83ed, 0x6309, 0x62c9, 0x5ac8, 0x62e9, 0x5aa8, 0x5b0b, 0xadd9, 0xbe5c,
    0xbe5c, 0xbe5c, 0xbe5c, 0xbe5c, 0xbe5c, 0xbe5c, 0xbe5c, 0xbe5c, 0xbe5c, 0xbe5c, 0xbe5c, 0xbe7c,
    0xbe7c, 0xbe5c, 0xbe5c, 0xbe5c, 0xbe7c, 0xbe7c, 0xbe7c, 0xbe7c, 0xbe7c, 0xbe7c, 0xbe7c, 0xbe7c,
    0xbe7c, 0xbe7c, 0xbe7c, 0xbe7c, 0xbe7c, 0xbe7c, 0xbe7c, 0xbe7c, 0xbe7c, 0xbe7c, 0xbe7c, 0xbe7c,
    0xbe7c, 0xbe7c, 0xbe7c, 0xbe7c, 0xbe7c, 0xbe7c, 0xbe7c, 0xbe7c, 0xbe7c, 0xbe7c, 0xbe7c, 0xbe7c,
    0xbe7c, 0xbe7c, 0xbe7c, 0xbe7c, 0xbe7c, 0xbe7c, 0xbe7c, 0xbe7c, 0xbe7c, 0xbe7c, 0xbe7c, 0xbe7c,
    0xbe5c, 0xbe5c, 0xbe5c, 0xbe5c, 0xbe5c, 0xbe5c, 0xbe5c, 0xbe3b, 0xb5d9, 0x7c0f, 0x39c5, 0x39c5,
    0x41e5, 0x4205, 0x4226, 0x4a27, 0x4a47, 0x5aa8, 0x5267, 0x83ab, 0x8bec, 0x5a87, 0x39c5, 0x39c4,
    0x39a4, 0x5aa8, 0x734a, 0x734a, 0x734a, 0x62c8, 0x5aa8, 0x5ac8, 0x5aa8, 0x5a88, 0x5267, 0x4226,
    0x2963, 0x3163, 0x39a3, 0x4a25, 0x5266, 0x5266, 0x5267, 0x5287, 0x5268, 0x7bf0, 0xb5d9, 0xbe5c,
    0xbe5c, 0xbe5c, 0xbe5c, 0xbe5c, 0xbe5c, 0xbe5c, 0xbe5c, 0xbe5c, 0xbe7c, 0xbe5c, 0xbe5c, 0xbe5c,
    0xbe5c, 0xbe5c, 0xbe5c, 0xbe5c, 0xadb9, 0x7c31, 0xa5b8, 0x9514, 0x62c9, 0x62e9, 0x7b8a, 0x7bcb,
    0x62e9, 0x5a88, 0x62e9, 0x7b8a, 0x7c0d, 0x73ed, 0x842d, 0x8c6d, 0x846e, 0xa595, 0xae5a, 0xb69b,
    0xa61a, 0xb67c, 0xb67c, 0xb67c, 0xb67c, 0xb67c, 0xb67c, 0x9dda, 0xbedd, 0xb65a, 0xae3b, 0xb67d,
    0xbe7c, 0xbe7c, 0xbe7c, 0xbe7c, 0xbe7c, 0xbe7c, 0xbe7c, 0xbe7c, 0xbe7c, 0xbe7c, 0xbe7c, 0xbe7c,
    0xbe7c, 0xbe7c, 0xbe7c, 0xbe7c, 0xbe7c, 0xbe7c, 0xbe7c, 0xbe7c, 0xbe7c, 0xbe7c, 0xbe7c, 0xbe7c,
    0xbe7c, 0xbe7c, 0xbe7c, 0xbe7c, 0xbe9c, 0xc6bd, 0xbe7c, 0xbe7c, 0xbe7c, 0xbe7c, 0xbe7c, 0xbe7c,
    0xbe7c, 0xbe7c, 0xbe7c, 0xbe7c, 0xbe7c, 0xbe7c, 0xbe7c, 0xbe7c, 0xbe7c, 0xbe7c, 0xb65b, 0xa5f9,
    0xcf3d, 0x9dd9, 0xb65c, 0xae3c, 0xae1a, 0xc6fd, 0xa61b, 0x9dfa, 0xa61b, 0xb67c, 0xae5b, 0xae39,
    0xbedc, 0x9599, 0xb65c, 0xb67c, 0xb63b, 0x8471, 0x842c, 0xb54e, 0xaccd, 0x9c8d, 0x8bec, 0x83ec,
    0x7bed, 0x9535, 0xc6bb, 0x94b1, 0x6b2a, 0x62c9, 0x62e9, 0x6b2a, 0x62e9, 0x52a8, 0x8451, 0xb61b,
    0xbe5c, 0xbe5c, 0xbe5c, 0xbe5c, 0xbe5c, 0xbe5c, 0xbe5c, 0xbe5c, 0xbe5c, 0xbe5c, 0xbe5c, 0xbe7c,
    0xbe7c, 0xbe7c, 0xbe7c, 0xbe7c, 0xbe7c, 0xbe7c, 0xbe7c, 0xbe7c, 0xbe7c, 0xbe7c, 0xbe5c, 0xbe5c,
    0xbe5c, 0xbe5c, 0xbe7c, 0xbe5c, 0xbe7c, 0xbe7c, 0xbe7c, 0xbe7c, 0xbe7c, 0xbe7c, 0xbe7c, 0xbe7c,
    0xbe7c, 0xbe7c, 0xbe7c, 0xbe7c, 0xbe7c, 0xbe7c, 0xbe7c, 0xbe7c, 0xbe7c, 0xbe7c, 0xbe7c, 0xbe7c,
    0xbe7c, 0xbe7c, 0xbe7c, 0xbe7c, 0xbe7c, 0xbe7c, 0xbe7c, 0xbe7c, 0xbe7c, 0xbe7c, 0xbe7c, 0xbe7c,
    0xbe5c, 0xbe5c, 0xbe5c, 0xbe5c, 0xbe5c, 0xbe5c, 0xbe5c, 0xbe5c, 0xbe5c, 0xa577, 0x4a27, 0x4a05,
    0x4226, 0x4aa9, 0x6bf0, 0x7cb3, 0x84d3, 0x8cf4, 0x8cb2, 0x8c6f, 0x83ed, 0x5aa8, 0x5247, 0x5246,
    0x4a05, 0x4a06, 0x83cc, 0x8bec, 0x6b09, 0x4a06, 0x41c4, 0x41e5, 0x5a87, 0x6b29, 0x6b09, 0x62c8,
    0x4a26, 0x4a26, 0x5266, 0x5286, 0x5a87, 0x4205, 0x4a27, 0x634c, 0x94d4, 0xb61a, 0xbe5c, 0xbe5c,
    0xbe5c, 0xbe5c, 0xbe5c, 0xbe5c, 0xbe5c, 0xbe5c, 0xbe5c, 0xbe5c, 0xbe5c, 0xbe5c, 0xbe5c, 0xbe5c,
    0xbe5c, 0xbe5c, 0xbe5c, 0xbe3b, 0x9515, 0x84f4, 0x9db8, 0x73ef, 0x5aa8, 0x6b09, 0x7bcb, 0x7bcd,
    0x5ac9, 0x5aa8, 0x734a, 0x8bec, 0x842d, 0x842d, 0x9c8d, 0x948d, 0x9d11, 0x9db7, 0xb6bc, 0xbe9b,
    0xa61a, 0xb67c, 0xbe7c, 0xbe7c, 0xbe7c, 0xbe7c, 0xbe7c, 0xae3b, 0xb67b, 0xb65a, 0xae3b, 0xbe7d,
    0xbe7c, 0xbe7c, 0xbe7c, 0xbe7c, 0xbe7c, 0xbe7c, 0xbe7c, 0xbe7c, 0xbe7c, 0xbe7c, 0xbe7c, 0xbe7c,
    0xbe7d, 0xbe7d, 0xbe7d, 0xbe7c, 0xbe7c, 0xbe7c, 0xbe7c, 0xbe7c, 0xbe7c, 0xbe7c, 0xbe7c, 0xbe7c,
    0xbe7c, 0xbe7d, 0xbe7d, 0xbe7d, 0xbe7c, 0xc69d, 0xbe7c, 0xbe7c, 0xbe7c, 0xbe7c, 0xbe7c, 0xbe7d,
    0xbe7d, 0xbe7d, 0xbe7d, 0xbe7c, 0xbe7c, 0xbe7c, 0xbe7c, 0xbe7c, 0xbe7c, 0xbe7c, 0xb67c, 0xae1a,
    0xb67b, 0x9dfa, 0xb65c, 0xb63c, 0xae1a, 0xc6fd, 0xa63b, 0x9dfa, 0xae1b, 0xb67c, 0xb65c, 0xa619,
    0xbedc, 0x9598, 0xb67c, 0xb65c, 0xb65c, 0xae1a, 0x7c2f, 0xad0e, 0xbd8f, 0xa4cd, 0x944c, 0x83cc,
    0x83cc, 0x7c51, 0xbe7b, 0xbdf7, 0x7bcc, 0x6b09, 0x6b8c, 0x9d75, 0x8c91, 0x52c9, 0x5aca, 0xadb8,
    0xbe5c, 0xbe5b, 0xbe5c, 0xbe5c, 0xbe5c, 0xbe5c, 0xbe5c, 0xbe5c, 0xbe5c, 0xbe5c, 0xbe5c, 0xbe7c,
    0xcedd, 0xbe7c, 0xbe5c, 0xbe7c, 0xbe7c, 0xbe7c, 0xbe7c, 0xbe7c, 0xbe7c, 0xbe7c, 0xbe7c, 0xbe7c,
    0xbe7c, 0xbe7c, 0xbe5c, 0xbe7c, 0xbe7c, 0xbe5c, 0xbe7c, 0xbe7c, 0xbe7c, 0xbe7c, 0xbe7c, 0xbe7c,
    0xbe7c, 0xbe7c, 0xbe7c, 0xbe7c, 0xbe7c, 0xbe7c, 0xbe7c, 0xbe7c, 0xbe7c, 0xbe7c, 0xbe7c, 0xbe7c,
    0xbe7c, 0xbe7c, 0xbe7c, 0xbe7c, 0xbe7c, 0xbe7c, 0xbe7c, 0xbe7c, 0xbe7c, 0xbe7c, 0xbe7c, 0xbe7c,
    0xbe5c, 0xbe5c, 0xbe5c, 0xbe5c, 0xbe5c, 0xbe5c, 0xbe5c, 0xbe3c, 0xbe5c, 0xa597, 0x4aaa, 0x5b2c,
    0x63af, 0x7cb4, 0x9598, 0xbebc, 0xdf5e, 0xdf5e, 0xdf5d, 0xce9a, 0xad75, 0x8c91, 0x630a, 0x5288,
    0x4a47, 0x4a26, 0x8bec, 0x8bec, 0x5267, 0x5246, 0x5267, 0x5247, 0x4a26, 0x734a, 0x8c0c, 0x6b09,
    0x4a46, 0x4a25, 0x4a46, 0x7349, 0x8c0c, 0x6b29, 0x7bef, 0xb5f9, 0xbe3b, 0xbe5c, 0xbe5c, 0xbe5c,
    0xbe5c, 0xbe5c, 0xbe5c, 0xbe5c, 0xbe5c, 0xbe5c, 0xbe5c, 0xbe5c, 0xbe5c, 0xbe5c, 0xbe5c, 0xbe5c,
    0xbe5c, 0xbe5c, 0xbe5c, 0xadb8, 0x8472, 0xa61a, 0x9556, 0x630a, 0x5ac8, 0x734a, 0x9490, 0xbe17,
    0x840f, 0x6b09, 0x83ab, 0x8c0c, 0x840c, 0x9c8d, 0xa4cd, 0xa510, 0x9d95, 0x95b9, 0xb6bc, 0xbe9b,
    0xae1a, 0xbe7c, 0xbe7c, 0xbe7c, 0xbe7c, 0xbe7c, 0xbe7c, 0xb65c, 0xae3a, 0xae3a, 0xae3b, 0xbe7d,
    0xbe7c, 0xbe7d, 0xbe7d, 0xbe7c, 0xbe7c, 0xbe7c, 0xbe7c, 0xbe7c, 0xbe7c, 0xbe7c, 0xbe7c, 0xbe7c,
    0xbe7d, 0xbe7c, 0xbe7c, 0xbe7c, 0xbe7c, 0xbe7c, 0xbe7c, 0xbe7c, 0xbe7c, 0xbe7d, 0xbe7d, 0xbe7d,
    0xbe7d, 0xbe7d, 0xbe7c, 0xbe7d, 0xbe7d, 0xbe7c, 0xbe7d, 0xbe7d, 0xbe7d, 0xbe7d, 0xbe7d, 0xbe7c,
    0xbe7c, 0xbe7c, 0xbe7c, 0xbe7c, 0xbe7d, 0xbe7c, 0xbe7c, 0xbe7c, 0xbe7c, 0xbe7d, 0xbe7d, 0xae1b,
    0xae3a, 0xa5f9, 0xb65c, 0xb63c, 0xae19, 0xcf3e, 0xa63b, 0x9dfa, 0xb65c, 0xbe7c, 0xb65c, 0xa619,
    0xb69b, 0x9dda, 0xb67c, 0xbe7d, 0xbe7c, 0xbe7c, 0x9d76, 0x94af, 0xc5d1, 0xb54e, 0x9c8d, 0x8beb,
    0x83cb, 0x844f, 0xbe7a, 0xce9a, 0x840d, 0x736a, 0x7bef, 0xbe59, 0xc69b, 0x8cb1, 0x4a67, 0x8451,
    0xbe3b, 0xbe5b, 0xbe5c, 0xbe5c, 0xbe5c, 0xbe5c, 0xbe5c, 0xbe5c, 0xbe5c, 0xbe5c, 0xbe7c, 0xbe7c,
    0xc67c, 0xbe7c, 0xbe5c, 0xbe5c, 0xbe5c, 0xbe7c, 0xbe7c, 0xbe7c, 0xbe7c, 0xbe7c, 0xbe7c, 0xbe7c,
    0xbe7c, 0xbe7c, 0xbe7c, 0xbe5c, 0xbe5c, 0xbe7c, 0xbe7c, 0xbe7c, 0xbe7c, 0xbe7c, 0xbe7c, 0xbe7c,
    0xbe7c, 0xbe7c, 0xbe7c, 0xbe7c, 0xbe7c, 0xbe7c, 0xbe7c, 0xbe7c, 0xbe7c, 0xbe7c, 0xbe7c, 0xbe7c,
    0xbe7c, 0xbe7c, 0xbe7c, 0xbe7c, 0xbe7c, 0xbe7c, 0xbe7c, 0xbe7c, 0xbe7c, 0xbe7c, 0xbe7c, 0xbe7c,
    0xbe5c, 0xbe5c, 0xbe5c, 0xbe5c, 0xbe5c, 0xbe5c, 0xbe5c, 0xb63b, 0xae1a, 0x8d57, 0x7453, 0x8517,
    0x8579, 0x8d79, 0x9dfa, 0xbe9c, 0xd75e, 0xe79f, 0xdf7f, 0xdf7e, 0xdf5e, 0xd71d, 0xbe18, 0x8430,
    0x6b6c, 0x632a, 0x8c2d, 0x8bed, 0x5267, 0x5267, 0x5a88, 0x5a87, 0x4a26, 0x62e8, 0x9c6d, 0x62a8,
    0x5a87, 0x5a88, 0x5267, 0x62e9, 0xa4ce, 0x83cc, 0x8431, 0xbe3b, 0xbe5c, 0xbe5c, 0xbe5c, 0xbe5c,
    0xbe5c, 0xbe5c, 0xbe5c, 0xbe5c, 0xbe7c, 0xbe7c, 0xbe7c, 0xbe7c, 0xbe7c, 0xbe5c, 0xbe5c, 0xbe5c,
    0xbe5c, 0xbe5c, 0xbe3b, 0x8c93, 0x7c31, 0xb67b, 0x8d14, 0x5b0a, 0x6b09, 0x7bab, 0x8c70, 0xce99,
    0x94d2, 0x736a, 0x8bec, 0x83ec, 0x840b, 0x9cad, 0xad0e, 0xad73, 0x95b8, 0x95fa, 0xbedd, 0xb69b,
    0xa61a, 0xbe9d, 0xbe7c, 0xbe7c, 0xbe7d, 0xbe7d, 0xbe7c, 0xb65c, 0xa61a, 0xae3a, 0xb65b, 0xbe9d,
    0xbe9d, 0xbe9d, 0xbe7d, 0xbe9d, 0xbe9d, 0xbe9d, 0xbe9d, 0xbe7c, 0xbe7c, 0xbe7c, 0xbe7c, 0xbe7c,
    0xbe7c, 0xbe9c, 0xc6bd, 0xc6bc, 0xc6bd, 0xbe9c, 0xbe9d, 0xbe9d, 0xbe9d, 0xbe9d, 0xbe9d, 0xbe9d,
    0xbe9d, 0xbe9c, 0xbe7c, 0xbe9d, 0xbe9d, 0xbe9d, 0xbe9d, 0xbe9d, 0xbe9d, 0xbe9d, 0xbe9d, 0xbe9d,
    0xbe9d, 0xbe9d, 0xbe9d, 0xbe9d, 0xbe7d, 0xbe9d, 0xbe7c, 0xbe7c, 0xbe7c, 0xbe9d, 0xbe9c, 0xae1b,
    0xae3a, 0xa5f9, 0xb65c, 0xb63c, 0xae3a, 0xd77e, 0xae7c, 0x9dda, 0xbe7c, 0xbe9d, 0xb65c, 0xa619,
    0xae3a, 0xae3b, 0xbe7c, 0xbe7c, 0xbe7c, 0xbe7c, 0xb65b, 0x8c92, 0xa4ef, 0xbdaf, 0xaced, 0x942c,
    0x83cb, 0x840d, 0xadd7, 0xc67a, 0x7bed, 0x7b8a, 0x630a, 0xa596, 0xc6dc, 0xc6ba, 0x6b8b, 0x52e9,
    0xad98, 0xbe5b, 0xbe5c, 0xbe5c, 0xbe5c, 0xbe5c, 0xbe5c, 0xbe5c, 0xbe5c, 0xbe7c, 0xbe7c, 0xbe7c,
    0xbe7c, 0xbe5c, 0xbe5c, 0xbe5c, 0xbe5c, 0xbe5c, 0xbe7c, 0xbe7c, 0xbe7c, 0xbe5c, 0xbe7c, 0xbe5c,
    0xcebc, 0xdf3d, 0xcebd, 0xbe7c, 0xbe7c, 0xbe7c, 0xbe7c, 0xbe7c, 0xbe7c, 0xbe7c, 0xbe7c, 0xbe7c,
    0xbe7c, 0xbe7c, 0xbe7c, 0xbe7c, 0xbe5c, 0xbe7c, 0xbe7c, 0xbe7c, 0xbe7c, 0xbe5c, 0xbe7c, 0xbe7c,
    0xbe7c, 0xbe5c, 0xbe7c, 0xbe7c, 0xbe7c, 0xbe5c, 0xbe7c, 0xbe7c, 0xbe7c, 0xbe7c, 0xbe5c, 0xbe7c,
    0xbe7c, 0xbe5c, 0xbe5c, 0xbe5c, 0xbe5c, 0xb65c, 0xadfb, 0x9578, 0x8538, 0x8578, 0x8d99, 0x9599,
    0x9598, 0x84f6, 0x84f5, 0xa5b7, 0xc6ba, 0xcefa, 0xcedb, 0xc6db, 0xcf1d, 0xd73e, 0xd73d, 0xd71c,
    0xd6fc, 0xc67a, 0xb5d6, 0xa553, 0x840f, 0x5aa9, 0x5288, 0x5288, 0x4a26, 0x6b08, 0x9c6d, 0x5ac8,
    0x5aa8, 0x5a88, 0x4a46, 0x62e9, 0xa4ce, 0x8c2c, 0x8451, 0xbe3b, 0xbe3c, 0xbe5b, 0xbe5c, 0xbe5c,
    0xbe5c, 0xbe7c, 0xbe5c, 0xbe5c, 0xbe5c, 0xbe7c, 0xbe5c, 0xbe5c, 0xbe5c, 0xbe5c, 0xbe5c, 0xbe5c,
    0xbe5c, 0xbe5c, 0xbe3b, 0x8493, 0xa5b7, 0xbebc, 0x7450, 0x5ae9, 0x736a, 0x7b6b, 0x62c9, 0x7bad,
    0x9cd1, 0x8c0d, 0x83ec, 0x83cb, 0x9c8d, 0xa4ce, 0xb570, 0xa596, 0x95b9, 0xa63b, 0xc71d, 0xb69b,
    0xadfa, 0xbe7c, 0xbe9d, 0xbe9d, 0xbe7d, 0xbe9d, 0xbe9d, 0xbe7c, 0x9db9, 0xae1a, 0xbe7c, 0xbe7c,
    0xc69d, 0xbe9d, 0xbe9d, 0xbe9d, 0xbe9d, 0xbe9d, 0xbe9d, 0xbe9d, 0xbe9d, 0xbe9d, 0xbe9d, 0xbe9c,
    0xbe9d, 0xbe9c, 0xcedd, 0xd6fd, 0xcefd, 0xc6bd, 0xc69d, 0xbe9d, 0xbe9d, 0xbe9d, 0xbe9d, 0xbe9d,
    0xbe9d, 0xbe9d, 0xbe9d, 0xbe9d, 0xbe9d, 0xbe9d, 0xbe9d, 0xbe9d, 0xbe9d, 0xbe9d, 0xbe9d, 0xbe9d,
    0xbe9d, 0xbe9d, 0xbe9d, 0xbe9d, 0xbe9d, 0xbe9d, 0xbe9d, 0xbe9d, 0xbe9d, 0xbe9d, 0xbe9d, 0xb65c,
    0xa61a, 0xa61a, 0xb65c, 0xbe7c, 0xb65c, 0xcf1d, 0xb69c, 0x9dda, 0xbe7c, 0xbe9d, 0xbe7c, 0xa5fa,
    0xae3a, 0xb67c, 0xbe7c, 0xbe9c, 0xbe7c, 0xbe9d, 0xbe7c, 0xb5f9, 0x8c6f, 0xbd90, 0xb52e, 0xa4ad,
    0x8bcb, 0x7bcc, 0xa575, 0xae19, 0x73ee, 0x7bcc, 0x6b2a, 0x9535, 0xb65b, 0xc6bb, 0x73ec, 0x4a86,
    0xa556, 0xbe5c, 0xbe5c, 0xbe5c, 0xbe5c, 0xbe5c, 0xbe5c, 0xbe5c, 0xbe5c, 0xbe5c, 0xbe5c, 0xbe5c,
    0xbe5c, 0xbe5c, 0xbe5c, 0xbe5c, 0xbe5c, 0xbe5c, 0xbe5c, 0xbe7c, 0xbe5c, 0xbe7c, 0xbe5c, 0xbe7c,
    0xd6fd, 0xe77f, 0xd71d, 0xc67c, 0xbe5c, 0xbe7c, 0xbe5c, 0xbe7c, 0xbe7c, 0xbe7c, 0xbe7c, 0xbe5c,
    0xbe5c, 0xbe5c, 0xbe5c, 0xbe5c, 0xbe7c, 0xbe5c, 0xbe7c, 0xbe5c, 0xbe5c, 0xbe7c, 0xbe7c, 0xbe7c,
    0xbe7c, 0xbe7c, 0xbe7c, 0xbe7c, 0xbe7c, 0xbe5c, 0xbe7c, 0xbe7c, 0xbe7c, 0xbe7c, 0xbe7c, 0xbe7c,
    0xbe5c, 0xbe5c, 0xbe5c, 0xbe5c, 0xae1b, 0x9d99, 0x8d78, 0x8579, 0x8579, 0x8d38, 0x9557, 0x8cd4,
    0x7c51, 0x632c, 0x5288, 0x738b, 0x9cd0, 0xa510, 0xa510, 0xad52, 0xb5f5, 0xbe16, 0xc637, 0xce99,
    0xd6fb, 0xd73d, 0xd73d, 0xd6fc, 0xc6bb, 0xa596, 0x9d14, 0x6b6c, 0x62e9, 0x7bac, 0x9cd0, 0x6b6b,
    0x6b2b, 0x5ac9, 0x4a46, 0x62e9, 0xa4ef, 0x9cd0, 0x9d35, 0xa5b9, 0x9db9, 0xae1b, 0xb61b, 0xb63b,
    0xbe5c, 0xbe5c, 0xbe7c, 0xbe5c, 0xbe5c, 0xbe5c, 0xbe5c, 0xbe5c, 0xbe5c, 0xbe5c, 0xbe5c, 0xbe5c,
    0xbe5c, 0xbe5c, 0xa577, 0x84b3, 0xb69a, 0xbe7a, 0x6bac, 0x62e8, 0x7bab, 0x6b09, 0x5267, 0x6b2a,
    0xad32, 0x9caf, 0x83eb, 0x8c2c, 0xa4ad, 0xb50f, 0xb5b3, 0x9db7, 0x95da, 0xae7c, 0xcf1d, 0xa61a,
    0xb65c, 0xbe9d, 0xbe9d, 0xbe9d, 0xc69d, 0xbe9d, 0xbe9d, 0xbe9d, 0xb65c, 0xb65c, 0xbe7d, 0xbe9d,
    0xc69d, 0xbe9d, 0xbe9d, 0xbe9d, 0xbe9d, 0xbe9d, 0xbe9d, 0xbe9d, 0xbe9d, 0xbe9d, 0xbe9d, 0xbe9d,
    0xbe9d, 0xc69d, 0xcedd, 0xd71d, 0xcedd, 0xc69c, 0xbe9d, 0xbe9d, 0xbe9d, 0xbe9d, 0xbe9d, 0xbe9d,
    0xbe9d, 0xbe9d, 0xbe9d, 0xbe9d, 0xbe9d, 0xbe9d, 0xbe9d, 0xbe9d, 0xbe9d, 0xbe9d, 0xbe9d, 0xbe9d,
    0xbe9d, 0xbe9d, 0xbe9d, 0xbe9d, 0xbe9d, 0xbe9d, 0xbe9d, 0xbe9d, 0xbe9d, 0xbe9d, 0xbe9d, 0xbe9d,
    0xa5fa, 0xb63b, 0xbe9d, 0xbe9d, 0xae1a, 0xbebb, 0xbebc, 0xa5fa, 0xbe7c, 0xc69d, 0xbe9d, 0xb63b,
    0xae1b, 0xbe7d, 0xbe7d, 0xbe7c, 0xbe7c, 0xbe7c, 0xbe7d, 0xbe7c, 0x9d15, 0x9ccf, 0xbd8f, 0xaced,
    0x9c6c, 0x83cb, 0x8491, 0x9576, 0x638d, 0x634a, 0x6329, 0x6bed, 0x8d34, 0xb67b, 0x846f, 0x4aa6,
    0x7c30, 0xbe3b, 0xbe5c, 0xbe5c, 0xbe5c, 0xbe5c, 0xbe7c, 0xbe7c, 0xbe7c, 0xbe5c, 0xbe5c, 0xbe5c,
    0xbe5c, 0xbe5c, 0xbe5c, 0xbe5c, 0xbe5c, 0xbe5c, 0xbe7c, 0xbe7c, 0xbe7c, 0xbe7c, 0xbe7c, 0xbe7c,
    0xc69c, 0xcedd, 0xc69c, 0xbe5c, 0xbe5c, 0xbe5c, 0xbe5c, 0xbe7c, 0xbe7c, 0xbe7c, 0xbe7c, 0xbe7c,
    0xbe7c, 0xbe7c, 0xbe7c, 0xbe7c, 0xbe5c, 0xbe5c, 0xbe5c, 0xbe5c, 0xbe5c, 0xbe5c, 0xbe7c, 0xbe7c,
    0xbe5c, 0xbe5c, 0xbe7c, 0xbe7c, 0xbe7c, 0xbe7c, 0xbe5c, 0xbe5c, 0xbe5c, 0xbe5c, 0xbe5c, 0xbe5c,
    0xbe5c, 0xbe5c, 0xbe5b, 0xa5d9, 0x9578, 0x8d79, 0x8d99, 0x8d9a, 0x8d58, 0x7411, 0x6b6d, 0x630a,
    0x5288, 0x5266, 0x4a26, 0x4a46, 0x7bab, 0x8c2d, 0x8c2d, 0x8c2c, 0x946d, 0x948e, 0x9c8e, 0x9caf,
    0xb573, 0xb5d5, 0xb5d5, 0xb5d5, 0xbe37, 0xc6b9, 0xc6b9, 0xbe79, 0xceba, 0xcedb, 0xcedb, 0xbe79,
    0xbe59, 0x94f3, 0x7bee, 0x844f, 0xb5b4, 0xd6da, 0xdf3d, 0xcefc, 0xae1a, 0x9dd9, 0xa5d9, 0xa5f9,
    0xadfa, 0xb65c, 0xbe5c, 0xbe5c, 0xbe5c, 0xbe5c, 0xbe5c, 0xbe5c, 0xbe7c, 0xbe5c, 0xbe5c, 0xbe5c,
    0xbe5c, 0xbe3b, 0x8472, 0x8d14, 0xc71c, 0x9513, 0x52c8, 0x6328, 0x6b49, 0x5287, 0x5267, 0x6b29,
    0x8c0d, 0x8c2d, 0x83eb, 0x9c6c, 0xa4cd, 0xb570, 0xb5b4, 0x9db9, 0x9e1a, 0xc6fd, 0xcf3d, 0x9dd9,
    0xbe7c, 0xc69c, 0xc69c, 0xc69c, 0xc69d, 0xc69d, 0xc69d, 0xbe7c, 0xc69d, 0xbe9d, 0xc69d, 0xbe9d,
    0xc69d, 0xbe9d, 0xbe9d, 0xbe9d, 0xbe9d, 0xbe9d, 0xbe9d, 0xbe9c, 0xbe9c, 0xbe9c, 0xbe9c, 0xbe7c,
    0xbe9d, 0xbe7d, 0xc6bc, 0xcedd, 0xc6bd, 0xc69d, 0xbe9d, 0xbe9d, 0xbe9d, 0xc69d, 0xc69d, 0xc69d,
    0xc69d, 0xc69d, 0xc69d, 0xc69d, 0xc69d, 0xc69d, 0xc69d, 0xc69d, 0xc69d, 0xc69d, 0xc69d, 0xbe9c,
    0xbe9d, 0xbe9d, 0xc69d, 0xc69d, 0xc69d, 0xbe9d, 0xc69d, 0xbe9d, 0xbe9d, 0xbe9c, 0xbe9d, 0xbe9d,
    0xbe7c, 0xbe7c, 0xc67d, 0xc69d, 0xae1a, 0xbebb, 0xbedc, 0xa5fa, 0xbe9c, 0xbe9d, 0xbe9d, 0xbe7d,
    0xbe7d, 0xbe9c, 0xc69d, 0xbe7d, 0xbe7c, 0xbe7c, 0xbe7d, 0xbe7c, 0xb61a, 0x8c90, 0xbd90, 0xb54e,
    0xa4cd, 0x8c2b, 0x7bcc, 0x8450, 0x5b8c, 0x4286, 0x4265, 0x4285, 0x63cc, 0xa5f9, 0xb637, 0x5308,
    0x5b09, 0xadb7, 0xbe3c, 0xbe5c, 0xbe5c, 0xbe5c, 0xbe5c, 0xbe7c, 0xbe7c, 0xbe5c, 0xbe5c, 0xbe5c,
    0xbe7c, 0xbe7c, 0xbe7c, 0xbe7c, 0xbe7c, 0xbe7c, 0xbe5c, 0xbe5c, 0xbe5c, 0xbe7c, 0xbe5c, 0xbe7c,
    0xbe7c, 0xbe5c, 0xbe7c, 0xbe5c, 0xbe5c, 0xbe5c, 0xbe7c, 0xbe7c, 0xbe7c, 0xbe7c, 0xbe7c, 0xbe5c,
    0xbe5c, 0xbe5c, 0xbe5c, 0xbe5c, 0xbe5c, 0xbe7c, 0xbe7c, 0xc69c, 0xbe7c, 0xbe7c, 0xbe7c, 0xbe7c,
    0xbe7c, 0xbe5c, 0xbe5c, 0xbe7c, 0xbe7c, 0xbe7c, 0xbe7c, 0xbe7c, 0xbe5c, 0xbe5c, 0xbe7c, 0xbe7c,
    0xc65c, 0xbe7c, 0xadb8, 0x638f, 0x84d5, 0x95b9, 0x9579, 0x9578, 0x84d4, 0x5b0b, 0x5267, 0x4a46,
    0x4a26, 0x4a05, 0x4a05, 0x41c4, 0x6b09, 0x7bab, 0x83ab, 0x7bab, 0x83cc, 0x8c2d, 0x942d, 0x8c2d,
    0x8c4d, 0x944d, 0x8c2d, 0x8c2c, 0x9c8e, 0xa4f0, 0xa510, 0xbdf4, 0xc656, 0xc656, 0xbe15, 0xbe16,
    0xceda, 0xcefc, 0xd6fc, 0xd71c, 0xdf3c, 0xdf7e, 0xe77e, 0xe77e, 0xdf5e, 0xdf5e, 0xe77e, 0xdf5e,
    0xc69b, 0xae1a, 0xbe5c, 0xc67c, 0xc67c, 0xc67c, 0xc67c, 0xc67c, 0xc67c, 0xc69c, 0xc67c, 0xc67c,
    0xc67c, 0xb5f9, 0x5b2d, 0x9db7, 0xcf1d, 0x8cb2, 0x6b49, 0x6b89, 0x4aa6, 0x4a66, 0x5aa8, 0x7bab,
    0x8c0c, 0x7baa, 0x83eb, 0xa4ad, 0xad0e, 0xb592, 0xadb6, 0x95b9, 0x9e1a, 0xcf1d, 0xd75d, 0xa5fa,
    0xbe9c, 0xc69d, 0xc6bd, 0xc6bd, 0xc6bd, 0xc6bd, 0xc69d, 0xc69c, 0xc69d, 0xc6bd, 0xc6bd, 0xc6bd,
    0xc6bd, 0xc6bd, 0xc6bd, 0xc6bd, 0xc6bd, 0xc6bd, 0xc6bd, 0xc6bd, 0xc6bd, 0xc6bd, 0xc6bd, 0xc6bd,
    0xc6bd, 0xc69d, 0xc69d, 0xc6bd, 0xc6bd, 0xc6bd, 0xc6bd, 0xc6bd, 0xc6bd, 0xc6bd, 0xc6bd, 0xc6bd,
    0xc6bd, 0xc6bd, 0xc6bd, 0xc6bd, 0xc6bd, 0xc6bd, 0xc6bd, 0xc6bd, 0xc6bd, 0xc6bd, 0xc6bd, 0xc6bd,
    0xc6bd, 0xc6bd, 0xc6bd, 0xc6bd, 0xc6bd, 0xc6bd, 0xc6bd, 0xc6bd, 0xc6bd, 0xc6bd, 0xc6bd, 0xc6bd,
    0xc6bd, 0xc69d, 0xc69d, 0xc6bc, 0xae3b, 0xbebb, 0xbebc, 0xa5fa, 0xc6bc, 0xc6bd, 0xc6bd, 0xc6bd,
    0xc69d, 0xc69d, 0xc69d, 0xc69d, 0xc69d, 0xc69c, 0xc69d, 0xc69c, 0xc69c, 0x9d14, 0xa50f, 0xbd90,
    0xad0d, 0x944c, 0x738a, 0x840d, 0x6b8b, 0x42a5, 0x5b69, 0x5327, 0x4ae7, 0x7491, 0xb679, 0x7c4e,
    0x4245, 0x7c0f, 0xbe5b, 0xc67c, 0xc67c, 0xc67c, 0xc67c, 0xc67c, 0xc67c, 0xc67c, 0xc67c, 0xc69c,
    0xc67c, 0xc67c, 0xc67c, 0xc67c, 0xc69c, 0xc69c, 0xc67c, 0xc67c, 0xc67c, 0xc67c, 0xc69c, 0xc67c,
    0xc67c, 0xc67c, 0xc67c, 0xc67c, 0xc67c, 0xc67c, 0xc67c, 0xc67c, 0xc67c, 0xc67c, 0xc67c, 0xc67c,
    0xc67c, 0xc67c, 0xc67c, 0xc67c, 0xc69c, 0xc69c, 0xc69c, 0xcedd, 0xc69c, 0xc67c, 0xc67c, 0xc67c,
    0xc67c, 0xc67c, 0xc67c, 0xc67c, 0xc67c, 0xc69c, 0xc69c, 0xc67c, 0xc67c, 0xc67c, 0xc67c, 0xc69c,
    0xc67c, 0xc67c, 0xa576, 0x4a89, 0x7c72, 0x9577, 0x7411, 0x636d, 0x52ca, 0x41e6, 0x41c5, 0x4205,
    0x39c4, 0x39c4, 0x39a4, 0x2963, 0x41c4, 0x4a05, 0x4a05, 0x4205, 0x5aa7, 0x7b8b, 0x83ab, 0x83ab,
    0x7b8b, 0x7b8b, 0x83cb, 0x8c0c, 0x8c0c, 0x8c2c, 0x944d, 0x9c8e, 0x9cae, 0x9c8e, 0x946d, 0x9c8e,
    0xad51, 0xad72, 0xb593, 0xb593, 0xb5d5, 0xc679, 0xcf1d, 0xd75e, 0xcedc, 0xc6ba, 0xd73c, 0xdf5d,
    0xe79e, 0xc6dc, 0xae1a, 0xce9c, 0xce9c, 0xce9c, 0xce9c, 0xce9c, 0xce9c, 0xce9c, 0xce9c, 0xce9c,
    0xce9c, 0xad76, 0x6c10, 0xae59, 0xc6fc, 0x8471, 0x6b4a, 0x83ec, 0x52e8, 0x52a8, 0x6b2a, 0x83cb,
    0x942d, 0x7baa, 0x944c, 0xa4ad, 0xb54f, 0xb5b4, 0x9dd8, 0xa61a, 0xae5b, 0xcf3d, 0xdf5e, 0xa5f9,
    0xc6bd, 0xcebd, 0xcebd, 0xcebd, 0xcebd, 0xcebd, 0xcebd, 0xcebd, 0xcebd, 0xcebd, 0xcebd, 0xcebd,
    0xcebd, 0xcebd, 0xcebd, 0xcebd, 0xcebd, 0xcedd, 0xcedd, 0xcedd, 0xcedd, 0xcedd, 0xcedd, 0xcedd,
    0xcebd, 0xcebd, 0xcebd, 0xcebd, 0xcebd, 0xcebd, 0xcebd, 0xcebd, 0xcebd, 0xcebd, 0xcebd, 0xcebd,
    0xcebd, 0xcebd, 0xcedd, 0xcebd, 0xcebd, 0xcebd, 0xcebd, 0xcedd, 0xcebd, 0xcebd, 0xcebd, 0xcebd,
    0xcebd, 0xcebd, 0xcebd, 0xcebd, 0xcebd, 0xcebd, 0xcebd, 0xcebd, 0xcebd, 0xcebd, 0xcebd, 0xcebd,
    0xcebd, 0xcebd, 0xcebd, 0xc6dd, 0xb63b, 0xbebb, 0xbe9c, 0xae3b, 0xcebd, 0xcedd, 0xcebd, 0xcebd,
    0xcebd, 0xcebd, 0xcebd, 0xcebd, 0xcebd, 0xcebd, 0xcebd, 0xc6bd, 0xc6bc, 0xbe3a, 0x9490, 0xc5d1,
    0xad0e, 0x9c8d, 0x7b8a, 0x73ab, 0x6bab, 0x5328, 0x8cf2, 0x84af, 0x5307, 0x63ab, 0xa5b6, 0x846f,
    0x4245, 0x6b8d, 0xbe3a, 0xce9c, 0xce9c, 0xce9c, 0xce9c, 0xce9c, 0xce9c, 0xce9c, 0xce9c, 0xce9c,
    0xce9c, 0xce9c, 0xce9c, 0xce9c, 0xce9c, 0xce9c, 0xce9c, 0xce9c, 0xce9c, 0xce9c, 0xce9c, 0xce9c,
    0xce9c, 0xce9c, 0xce9c, 0xce9c, 0xce9c, 0xce9c, 0xce9c, 0xce9c, 0xce9c, 0xce9c, 0xce9c, 0xce9c,
    0xce9c, 0xce9c, 0xce9c, 0xce9c, 0xce9c, 0xce9c, 0xce9c, 0xce9c, 0xce9c, 0xce9c, 0xce9c, 0xce9c,
    0xce9c, 0xce9d, 0xce9d, 0xce9d, 0xce9d, 0xce9d, 0xce9d, 0xce9c, 0xce9c, 0xce9c, 0xce9c, 0xce9c,
    0xc67c, 0xc67c, 0xad77, 0x4a68, 0x5b0b, 0x73ae, 0x5288, 0x4205, 0x41e5, 0x39a4, 0x3183, 0x3184,
    0x3183, 0x31a4, 0x41e4, 0x39a4, 0x41e5, 0x4a26, 0x4a26, 0x4a26, 0x5247, 0x5246, 0x5226, 0x5246,
    0x4a26, 0x4a05, 0x5aa7, 0x736a, 0x7b6a, 0x7b8b, 0x7bab, 0x7bab, 0x7bab, 0x83cc, 0x8c0d, 0x942d,
    0x944d, 0x946d, 0x944d, 0x946e, 0x946e, 0x9d12, 0xb65a, 0xcefb, 0xbe36, 0xbdf4, 0xbe15, 0xc635,
    0xce98, 0xcedb, 0xadf9, 0xce9c, 0xce9c, 0xce9c, 0xce9c, 0xce9c, 0xce9c, 0xce9c, 0xce9c, 0xce9c,
    0xc67b, 0x73cf, 0x6c10, 0xae3a, 0x9dd7, 0x73ce, 0x6b6a, 0x7bec, 0x4ac8, 0x5ac8, 0x7bab, 0x8c2c,
    0x8c2c, 0x83aa, 0x9c8c, 0xa4cd, 0xbd90, 0x9cf2, 0x9db9, 0xa61b, 0xae5b, 0xd73e, 0xcedc, 0xb65b,
    0xc6bd, 0xcebd, 0xcebd, 0xcebd, 0xcebd, 0xcebd, 0xcebd, 0xcedd, 0xcedd, 0xcedd, 0xcedd, 0xcedd,
    0xcedd, 0xcedd, 0xcebd, 0xcebd, 0xcedd, 0xcedd, 0xcedd, 0xcedd, 0xcedd, 0xcedd, 0xcedd, 0xcedd,
    0xcedd, 0xcedd, 0xcedd, 0xcebd, 0xcebd, 0xcedd, 0xcedd, 0xcedd, 0xcedd, 0xcebd, 0xcebd, 0xcebd,
    0xcebd, 0xcebd, 0xcedd, 0xcedd, 0xcedd, 0xcedd, 0xcebd, 0xcedd, 0xcedd, 0xcebd, 0xcebd, 0xcedd,
    0xcedd, 0xcedd, 0xcedd, 0xcedd, 0xcebd, 0xcebd, 0xcebd, 0xcebd, 0xcedd, 0xcedd, 0xcebd, 0xcebd,
    0xcedd, 0xcedd, 0xcebd, 0xcedd, 0xb63b, 0xb67a, 0xae1a, 0xc6bd, 0xcedd, 0xcebd, 0xcebd, 0xcebd,
    0xcebd, 0xcebd, 0xcebd, 0xcebd, 0xcebd, 0xcebd, 0xcebd, 0xcebd, 0xcebd, 0xc69c, 0x9d13, 0xb570,
    0xb54f, 0xa4cd, 0x83eb, 0x7349, 0x73ec, 0x636a, 0x9d55, 0x9512, 0x5b49, 0x52c8, 0x6bcc, 0x4ac7,
    0x3a24, 0x4226, 0xa515, 0xc67c, 0xce9c, 0xce9c, 0xce9c, 0xce9c, 0xce9c, 0xce9c, 0xce9c, 0xce9c,
    0xce9c, 0xce9c, 0xce9c, 0xce9c, 0xce9c, 0xce9c, 0xce9c, 0xce9c, 0xce9c, 0xce9c, 0xce9c, 0xce9c,
    0xce9c, 0xce9c, 0xce9c, 0xce9c, 0xce9c, 0xce9c, 0xce9c, 0xce9c, 0xce9c, 0xce9c, 0xce9c, 0xce9c,
    0xce9c, 0xce9d, 0xce9c, 0xce9c, 0xce9c, 0xce9d, 0xce9d, 0xce9c, 0xce9c, 0xce9c, 0xce9c, 0xce9c,
    0xce9c, 0xce9c, 0xce9d, 0xce9c, 0xce9c, 0xce9c, 0xce9d, 0xce9d, 0xce9d, 0xce9c, 0xce9c, 0xce9c,
    0xc69c, 0xc69c, 0xbe1a, 0x7bcf, 0x39e5, 0x41e5, 0x41e5, 0x31a3, 0x3183, 0x2943, 0x3183, 0x3184,
    0x41e5, 0x4a06, 0x5a88, 0x4a06, 0x5a88, 0x6b29, 0x6b09, 0x6b29, 0x6b09, 0x5aa7, 0x5287, 0x5287,
    0x5247, 0x4a47, 0x4a26, 0x41e5, 0x49e5, 0x4a06, 0x4a26, 0x4a26, 0x4a26, 0x5267, 0x6b2a, 0x7b6b,
    0x7b8b, 0x7b8b, 0x7b8b, 0x83cc, 0x942d, 0x8c4e, 0xa5d8, 0xc678, 0xa530, 0xa4ef, 0xa4cf, 0x9ccf,
    0xa531, 0xc67a, 0xadfa, 0xce9d, 0xce9c, 0xce9c, 0xce9c, 0xce9c, 0xce9c, 0xce9c, 0xce9c, 0xce9c,
    0xc65a, 0x7c30, 0x9597, 0x9db8, 0x7cd3, 0x630a, 0x738c, 0x6bac, 0x4287, 0x6309, 0x8bec, 0x944d,
    0x83cb, 0x83ea, 0xa4ac, 0xb52e, 0xad0f, 0x9d13, 0xbe7c, 0xa5fa, 0xae5b, 0xd73d, 0xb619, 0xc69c,
    0xcebd, 0xcebd, 0xcedd, 0xcedd, 0xcedd, 0xcedd, 0xcedd, 0xcedd, 0xcedd, 0xcedd, 0xcedd, 0xcedd,
    0xcedd, 0xcedd, 0xcedd, 0xcedd, 0xcedd, 0xcedd, 0xcedd, 0xcebd, 0xcebd, 0xcebd, 0xcebd, 0xcebd,
    0xcedd, 0xcedd, 0xcedd, 0xcedd, 0xcedd, 0xcedd, 0xcedd, 0xcedd, 0xcedd, 0xcedd, 0xcedd, 0xcedd,
    0xcedd, 0xcedd, 0xcedd, 0xcedd, 0xcedd, 0xcedd, 0xcedd, 0xcedd, 0xcedd, 0xcedd, 0xcedd, 0xcedd,
    0xcedd, 0xcedd, 0xcedd, 0xcedd, 0xcebd, 0xcebd, 0xcebd, 0xcebd, 0xcedd, 0xcedd, 0xcedd, 0xcedd,
    0xcedd, 0xcedd, 0xcebd, 0xcedd, 0xb63b, 0xb67a, 0xa5f9, 0xc6bd, 0xcedd, 0xcebd, 0xcedd, 0xcebd,
    0xcebd, 0xcebd, 0xcebd, 0xcebd, 0xcebd, 0xcebd, 0xcebd, 0xcebd, 0xcebc, 0xcebd, 0xb5f8, 0x948f,
    0xbd90, 0xa4cd, 0x9c6d, 0x734a, 0x73ab, 0x6b8b, 0x84d4, 0x7c92, 0x5b2a, 0x4aa7, 0x52a7, 0x3a44,
    0x3a44, 0x39e4, 0x94b3, 0xc67b, 0xce9c, 0xce9c, 0xce9c, 0xce9c, 0xce9c, 0xce9c, 0xce9c, 0xce9c,
    0xce9c, 0xce9c, 0xce9c, 0xce9c, 0xce9c, 0xce9c, 0xce9c, 0xce9c, 0xce9c, 0xce9c, 0xce9c, 0xce9c,
    0xce9c, 0xce9c, 0xce9c, 0xce9c, 0xce9c, 0xce9c, 0xce9c, 0xce9c, 0xce9c, 0xce9c, 0xce9c, 0xce9c,
    0xce9d, 0xce9c, 0xce9c, 0xce9c, 0xce9c, 0xce9c, 0xce9c, 0xce9c, 0xce9c, 0xce9c, 0xce9c, 0xce9c,
    0xce9c, 0xce9c, 0xce9c, 0xce9c, 0xce9d, 0xce9d, 0xce9d, 0xce9d, 0xce9d, 0xce9c, 0xce9c, 0xce9c,
    0xc69c, 0xc69c, 0xc67c, 0xad97, 0x6b8d, 0x4247, 0x3184, 0x3184, 0x3183, 0x39a4, 0x41e5, 0x41e5,
    0x41e5, 0x4a05, 0x5a87, 0x4a06, 0x6b09, 0x83cc, 0x83ab, 0x734a, 0x6b2a, 0x6b2a, 0x6b2a, 0x6309,
    0x62c9, 0x62c8, 0x5aa8, 0x5267, 0x5a87, 0x5a87, 0x5267, 0x5267, 0x5246, 0x41c5, 0x39c4, 0x41c5,
    0x41e5, 0x41e5, 0x41e5, 0x5aa8, 0x732a, 0x6b6c, 0x9d35, 0x8c70, 0x83cb, 0x8c0d, 0x940d, 0x8c0d,
    0x946e, 0xbe38, 0xadf9, 0xc69c, 0xce9c, 0xce9c, 0xce9c, 0xce9c, 0xce9c, 0xce9c, 0xc69c, 0xce9c,
    0x9d15, 0x634c, 0xa5f8, 0x84b3, 0x6c30, 0x5b0a, 0x7c0e, 0x63cd, 0x4287, 0x6b29, 0x8beb, 0x944d,
    0x7b89, 0x942b, 0xa4cd, 0xc5b0, 0xa4f0, 0xa555, 0xcebd, 0xa5da, 0xb67c, 0xd73e, 0xae1a, 0xc69c,
    0xcebd, 0xcebd, 0xcebd, 0xcebd, 0xcebd, 0xcebd, 0xcebd, 0xcebd, 0xcebd, 0xcebd, 0xcebd, 0xcebd,
    0xcebd, 0xcebd, 0xcebd, 0xcebd, 0xcebd, 0xcebd, 0xcebd, 0xcebd, 0xcebd, 0xcebd, 0xcebd, 0xcebd,
    0xcebd, 0xcebd, 0xcebd, 0xcebd, 0xcebd, 0xcebd, 0xcebd, 0xcebd, 0xcebd, 0xcebd, 0xcebd, 0xcebd,
    0xcebd, 0xcedd, 0xd6fd, 0xcedd, 0xcebd, 0xcebd, 0xcebd, 0xcebd, 0xcebd, 0xcebd, 0xcebd, 0xcebd,
    0xcebd, 0xcebd, 0xcebd, 0xcebd, 0xcebd, 0xcebd, 0xcebd, 0xcebd, 0xcebd, 0xcebd, 0xcebd, 0xcebd,
    0xcebd, 0xcedd, 0xcebd, 0xcedd, 0xb65b, 0xb65a, 0xa5fa, 0xc6bc, 0xcebd, 0xcedd, 0xcebd, 0xcebd,
    0xcebd, 0xcebd, 0xcebd, 0xcebd, 0xcebd, 0xcebc, 0xcebd, 0xcebc, 0xcebc, 0xcebc, 0xc69c, 0xa513,
    0xa4ee, 0xaccd, 0xa48d, 0x83aa, 0x6b29, 0x73cc, 0x8515, 0x6c72, 0x5b2b, 0x52c8, 0x5286, 0x4285,
    0x4265, 0x3a23, 0x5b0b, 0xbdf9, 0xce9c, 0xce9c, 0xce9c, 0xce9c, 0xce9c, 0xce9c, 0xce9c, 0xce9c,
    0xce9c, 0xce9c, 0xce9c, 0xce9c, 0xce9c, 0xce9c, 0xce9c, 0xce9c, 0xce9c, 0xce9c, 0xce9c, 0xce9c,
    0xce9c, 0xce9c, 0xce9c, 0xce9c, 0xce9c, 0xce9c, 0xce9c, 0xce9c, 0xce9c, 0xce9c, 0xce9c, 0xce9c,
    0xce9c, 0xce9c, 0xce9c, 0xce9c, 0xce9c, 0xce9c, 0xce9c, 0xce9c, 0xc69c, 0xce9c, 0xce9c, 0xce9c,
    0xce9c, 0xce9c, 0xce9c, 0xce9c, 0xce9c, 0xce9c, 0xce9c, 0xce9c, 0xce9c, 0xce9c, 0xce9c, 0xce9c,
    0xc69c, 0xce7d, 0xce7c, 0xc67c, 0xbe1a, 0x8c92, 0x31c5, 0x4205, 0x4205, 0x4a05, 0x4a26, 0x5246,
    0x4a05, 0x4205, 0x5246, 0x4a26, 0x7329, 0x942d, 0x942d, 0x8bec, 0x8c0c, 0x8bec, 0x8bec, 0x83cb,
    0x7349, 0x7349, 0x7349, 0x6b29, 0x6b09, 0x6b09, 0x6b09, 0x62e9, 0x62e9, 0x5aa8, 0x5aa8, 0x5aa8,
    0x5aa7, 0x5aa8, 0x5aa8, 0x4a26, 0x39a4, 0x41e6, 0x5b0c, 0x4a27, 0x4a26, 0x6b09, 0x7b8b, 0x7b8b,
    0x6b4a, 0x94d3, 0xb63a, 0xc69c, 0xce9c, 0xce9c, 0xce9c, 0xce9c, 0xce9c, 0xc69c, 0xc69c, 0xc67c,
    0x94b3, 0x530b, 0x8d55, 0x73ce, 0x630a, 0x630a, 0x7c2f, 0x536c, 0x52e8, 0x7bab, 0x942c, 0x8c2c,
    0x7b89, 0x946b, 0xb54f, 0xc5b0, 0x9cb0, 0xb5f9, 0xc6bd, 0x9dd9, 0xb67c, 0xd73e, 0xae1a, 0xc69c,
    0xcebd, 0xcebd, 0xcebd, 0xcebd, 0xcedd, 0xcedd, 0xcedd, 0xcedd, 0xcedd, 0xcebd, 0xcebd, 0xcebd,
    0xcebd, 0xcebd, 0xcebd, 0xcedd, 0xcedd, 0xcedd, 0xcedd, 0xcedd, 0xcedd, 0xcedd, 0xcedd, 0xcebd,
    0xcebd, 0xcedd, 0xcedd, 0xcedd, 0xcebd, 0xcebd, 0xcebd, 0xcebd, 0xcebd, 0xcedd, 0xcedd, 0xcedd,
    0xcedd, 0xcebd, 0xcedd, 0xcebd, 0xcebd, 0xcedd, 0xcebd, 0xcedd, 0xcedd, 0xcedd, 0xcedd, 0xcedd,
    0xcedd, 0xcedd, 0xcedd, 0xcedd, 0xcedd, 0xcedd, 0xcedd, 0xcedd, 0xcebd, 0xcedd, 0xcedd, 0xcedd,
    0xcedd, 0xcedd, 0xcedd, 0xcedd, 0xb65b, 0xae5b, 0xa5fa, 0xcebd, 0xcedd, 0xcebd, 0xcebd, 0xcebd,
    0xcebd, 0xcebd, 0xcedd, 0xcedd, 0xcedd, 0xcebd, 0xcebd, 0xcebd, 0xcebd, 0xcebc, 0xc69c, 0xa535,
    0xa4ef, 0xb54f, 0xa4cd, 0x944c, 0x6b49, 0x740e, 0x8556, 0x6431, 0x5b4b, 0x6b2a, 0x4a87, 0x4a86,
    0x4a85, 0x3a23, 0x4aa7, 0xb5d8, 0xce9c, 0xce9c, 0xce9c, 0xce9c, 0xce9c, 0xce9c, 0xce9c, 0xce9c,
    0xce9c, 0xce9c, 0xce9c, 0xce9c, 0xce9c, 0xce9c, 0xce9c, 0xce9c, 0xce9c, 0xce9c, 0xce9c, 0xce9c,
    0xce9c, 0xce9c, 0xce9c, 0xce9c, 0xce9c, 0xce9c, 0xce9c, 0xce9d, 0xce9d, 0xce9d, 0xce9d, 0xce9c,
    0xce9c, 0xce9c, 0xce9c, 0xce9c, 0xce9c, 0xce9c, 0xce9c, 0xc69c, 0xc69c, 0xce9c, 0xcebc, 0xcebc,
    0xc69c, 0xc69c, 0xc69c, 0xc69c, 0xc69c, 0xc69c, 0xce9c, 0xce9c, 0xce9c, 0xce9c, 0xce9c, 0xce9c,
    0xc67c, 0xc67c, 0xc67c, 0xc67c, 0xc67c, 0x94f4, 0x39e5, 0x4a25, 0x4a26, 0x4a46, 0x5a87, 0x5ac7,
    0x4a45, 0x4a05, 0x5246, 0x4a26, 0x734a, 0x942d, 0x942d, 0x8c0c, 0x83cb, 0x83ab, 0x83cb, 0x8bec,
    0x8beb, 0x8c0c, 0x942c, 0x9c4d, 0x942d, 0x83cc, 0x83ab, 0x7bab, 0x734a, 0x734a, 0x734a, 0x6b09,
    0x6309, 0x6309, 0x6b09, 0x62e9, 0x5aa8, 0x5aa8, 0x5288, 0x5287, 0x5a88, 0x5246, 0x41e5, 0x52a9,
    0x8451, 0xb5f8, 0xce7c, 0xce9c, 0xce9c, 0xce9c, 0xce9c, 0xce9c, 0xce9c, 0xce7c, 0xc69c, 0xbe3b,
    0x8430, 0x52ea, 0x7450, 0x632b, 0x62c9, 0x738c, 0x8491, 0x63cd, 0x6b4a, 0x83cb, 0x944d, 0x8c2c,
    0x83ea, 0xa4cd, 0xc5b0, 0xbd90, 0x9491, 0xc67b, 0xc69d, 0x9dd9, 0xb67b, 0xcefd, 0xae19, 0xcebc,
    0xd6dd, 0xcebd, 0xcedd, 0xcedd, 0xcedd, 0xcedd, 0xcedd, 0xcedd, 0xcedd, 0xcedd, 0xcedd, 0xcedd,
    0xcedd, 0xcedd, 0xcedd, 0xcedd, 0xcedd, 0xcedd, 0xcedd, 0xcedd, 0xcedd, 0xcebd, 0xcebd, 0xcebd,
    0xcedd, 0xcedd, 0xcedd, 0xcedd, 0xcedd, 0xcedd, 0xcedd, 0xcedd, 0xcedd, 0xcedd, 0xcedd, 0xcedd,
    0xcedd, 0xcedd, 0xcedd, 0xcedd, 0xcedd, 0xcedd, 0xcedd, 0xcedd, 0xcedd, 0xcedd, 0xcedd, 0xcedd,
    0xcedd, 0xcedd, 0xcedd, 0xcedd, 0xcedd, 0xcedd, 0xcedd, 0xcedd, 0xcedd, 0xcedd, 0xcedd, 0xcedd,
    0xcedd, 0xcedd, 0xcedd, 0xcedd, 0xb65b, 0xae5a, 0xa5fa, 0xc6bd, 0xcebd, 0xcebd, 0xcebd, 0xcebd,
    0xcebd, 0xcedd, 0xcedd, 0xcedd, 0xcedd, 0xcedd, 0xcedd, 0xcedd, 0xcedd, 0xcebd, 0xcebc, 0xa535,
    0xad0f, 0xcdd1, 0xacee, 0x9c8d, 0x7349, 0x6bac, 0x8556, 0x6411, 0x534b, 0x6b6a, 0x52a7, 0x52a7,
    0x5ac7, 0x3a44, 0x4245, 0x8c92, 0xc67b, 0xce9c, 0xce9c, 0xce9c, 0xce9c, 0xce9c, 0xce9c, 0xce9c,
    0xce9c, 0xce9c, 0xcedd, 0xcebc, 0xce9c, 0xce9c, 0xce9c, 0xce9c, 0xce9c, 0xce9c, 0xce9c, 0xce9c,
    0xce9c, 0xce9c, 0xce9c, 0xce9c, 0xce9c, 0xce9c, 0xce9d, 0xce9d, 0xce9d, 0xce9d, 0xce9c, 0xce9c,
    0xce9c, 0xce9c, 0xce9c, 0xce9c, 0xce7c, 0xce9c, 0xce9c, 0xc69c, 0xc69c, 0xbe5b, 0xb63b, 0xb65b,
    0xb63b, 0xb63b, 0xb63b, 0xb63b, 0xc69c, 0xc69c, 0xc69c, 0xce9c, 0xce9c, 0xce9c, 0xce9c, 0xce9c,
    0xce9c, 0xc67c, 0xc67c, 0xc67c, 0xc67c, 0x9cf4, 0x41e6, 0x4a26, 0x5266, 0x5a87, 0x5aa7, 0x5a86,
    0x4a26, 0x4a06, 0x5247, 0x4a26, 0x732a, 0x942d, 0x940d, 0x6b09, 0x4a26, 0x4a06, 0x4a05, 0x7bab,
    0x8c0c, 0x940c, 0x9c8d, 0xad0f, 0x8c2d, 0x5a87, 0x5246, 0x5246, 0x5aa7, 0x734a, 0x83cc, 0x7b8b,
    0x736a, 0x738b, 0x738a, 0x7b8b, 0x7b8b, 0x6b49, 0x62e9, 0x62e8, 0x62e9, 0x6b29, 0x5aa8, 0x9d35,
    0xce9b, 0xce9c, 0xce9c, 0xce9c, 0xce9c, 0xce9c, 0xce9c, 0xce9c, 0xce9c, 0xc69c, 0xc69c, 0xad98,
    0x5268, 0x4a47, 0x632b, 0x6b0a, 0x62e9, 0x7bac, 0x846f, 0x63cd, 0x738b, 0x83cb, 0x944c, 0x8c2b,
    0x83ea, 0xad0e, 0xce12, 0xbd90, 0x94b1, 0xc67c, 0xce9d, 0xae1b, 0xb67b, 0xb67b, 0xb63a, 0xcedd,
    0xcedd, 0xcedd, 0xcedd, 0xcedd, 0xcebd, 0xcedd, 0xcedd, 0xcedd, 0xcedd, 0xcedd, 0xcedd, 0xcedd,
    0xcedd, 0xcedd, 0xcedd, 0xcedd, 0xcedd, 0xcedd, 0xcedd, 0xcedd, 0xcedd, 0xcedd, 0xcebd, 0xcedd,
    0xcedd, 0xcedd, 0xcedd, 0xcedd, 0xcedd, 0xcedd, 0xcedd, 0xcedd, 0xcedd, 0xcedd, 0xcedd, 0xcedd,
    0xcedd, 0xcedd, 0xcedd, 0xcedd, 0xcedd, 0xcedd, 0xcedd, 0xcedd, 0xcedd, 0xcedd, 0xcedd, 0xcedd,
    0xcedd, 0xcedd, 0xcedd, 0xcedd, 0xcedd, 0xcedd, 0xcedd, 0xcedd, 0xcedd, 0xcedd, 0xcedd, 0xcedd,
    0xcedd, 0xcedd, 0xcedd, 0xcedd, 0xbe5b, 0xb69b, 0xa5fa, 0xcebd, 0xcedd, 0xd6dd, 0xcebd, 0xcedd,
    0xcedd, 0xcedd, 0xcedd, 0xcedd, 0xcedd, 0xcedd, 0xcedd, 0xcebd, 0xcedd, 0xcebd, 0xcebc, 0xb5f8,
    0xa4f0, 0xcdd2, 0xb52f, 0xa4cd, 0x83aa, 0x6b6b, 0x7cf4, 0x5bf0, 0x532b, 0x7bab, 0x62e8, 0x5ac8,
    0x5ac8, 0x3a44, 0x3a03, 0x6b6c, 0xc67b, 0xce9c, 0xce9c, 0xce9c, 0xce9c, 0xce9c, 0xce9c, 0xce9c,
    0xce9c, 0xce9c, 0xd6dd, 0xcebd, 0xce9c, 0xce9c, 0xce9c, 0xce9c, 0xce9c, 0xce9c, 0xce9c, 0xce9c,
    0xce9c, 0xce9c, 0xce9c, 0xce9c, 0xce9c, 0xce9c, 0xce9c, 0xce9d, 0xce9c, 0xce9c, 0xce9d, 0xce9c,
    0xce9c, 0xce9c, 0xce9c, 0xce9c, 0xce9c, 0xc69c, 0xc67c, 0xb61a, 0xadfa, 0xae3a, 0xb65b, 0xb65b,
    0xb65b, 0xb63b, 0xa61a, 0x9598, 0x9599, 0xa5da, 0xa5da, 0xbe5c, 0xce9d, 0xce9c, 0xce9c, 0xce9c,
    0xce9c, 0xce9c, 0xce7c, 0xc67c, 0xc67c, 0x94f4, 0x4206, 0x5287, 0x5287, 0x5a87, 0x62e8, 0x62c8,
    0x5246, 0x4a26, 0x5247, 0x4a46, 0x6b29, 0x942d, 0x83cc, 0x5a87, 0x5aa8, 0x4a26, 0x39c4, 0x5287,
    0x83eb, 0x940c, 0x9c8e, 0x944d, 0x5246, 0x3142, 0x39a4, 0x41e5, 0x4a06, 0x41c4, 0x5a87, 0x83ab,
    0x8bec, 0x8bec, 0x8bec, 0x8c0c, 0x8c0c, 0x83cb, 0x7b8b, 0x7bab, 0x7b8b, 0x8c2c, 0x7b8c, 0xb5d8,
    0xce9c, 0xce9c, 0xce9c, 0xce9c, 0xce9c, 0xce9c, 0xce9c, 0xce9c, 0xc69c, 0xc69c, 0xc69c, 0xad77,
    0x4a48, 0x4a46, 0x5aa9, 0x62c9, 0x62c9, 0x7b8c, 0x6b8b, 0x5309, 0x738a, 0x83ab, 0x8c2c, 0x7ba9,
    0x8c4b, 0xb50e, 0xcdf2, 0x9cd0, 0xb5d8, 0xce9c, 0xcebd, 0xc69c, 0xadf9, 0xb65a, 0xb65b, 0xcedd,
    0xcedd, 0xcedd, 0xcedd, 0xcedd, 0xcebd, 0xcedd, 0xcedd, 0xcedd, 0xcedd, 0xcebd, 0xcebd, 0xcebd,
    0xcebd, 0xcebd, 0xcebd, 0xcebd, 0xcebd, 0xcedd, 0xcedd, 0xd6dd, 0xd6dd, 0xd6dd, 0xd6dd, 0xcebd,
    0xcebd, 0xcebd, 0xcebd, 0xcebd, 0xcebd, 0xcedd, 0xcedd, 0xcedd, 0xcebd, 0xcebd, 0xcebd, 0xd6dd,
    0xd6dd, 0xd6dd, 0xd6dd, 0xcedd, 0xcedd, 0xcedd, 0xcedd, 0xcedd, 0xcedd, 0xcedd, 0xd6dd, 0xcebd,
    0xcedd, 0xcebd, 0xcebd, 0xd6fd, 0xd6dd, 0xcebd, 0xcebd, 0xcebd, 0xcebd, 0xcebd, 0xcedd, 0xcedd,
    0xcedd, 0xcebd, 0xcedd, 0xcedd, 0xcebc, 0xbe5b, 0xadfa, 0xcebd, 0xcebd, 0xcebd, 0xcedd, 0xcedd,
    0xcebd, 0xcebd, 0xcebd, 0xcedd, 0xcebd, 0xcebd, 0xcebd, 0xcebd, 0xcebd, 0xcebd, 0xcebd, 0xce9c,
    0x94d1, 0xc5b1, 0xbd6f, 0xa4ad, 0x8beb, 0x6329, 0x6c2f, 0x53ae, 0x532b, 0x7bab, 0x6b09, 0x62c9,
    0x5ac8, 0x3a44, 0x3a24, 0x6b6c, 0xc65b, 0xce9c, 0xce7c, 0xce9c, 0xce9c, 0xce9c, 0xce9c, 0xce9c,
    0xce9c, 0xce9c, 0xcebc, 0xce9c, 0xce9c, 0xce9c, 0xce9c, 0xce9c, 0xce9c, 0xce9c, 0xce9c, 0xce9c,
    0xce9c, 0xce9c, 0xce9c, 0xce9c, 0xce9c, 0xce9c, 0xce9c, 0xce9c, 0xce9c, 0xce9c, 0xce9c, 0xce9c,
    0xce9c, 0xce9c, 0xc69c, 0xc67c, 0xbe5b, 0xb63a, 0xadfa, 0xc6bc, 0xcf1d, 0xdf5e, 0xe79f, 0xe79f,
    0xe79f, 0xe79e, 0xd77e, 0xbebc, 0x9dda, 0x9599, 0x8d99, 0x9599, 0xadfb, 0xb63b, 0xbe5c, 0xc67c,
    0xc69c, 0xc69c, 0xc69c, 0xce9c, 0xc67c, 0x9cf4, 0x4248, 0x5b2c, 0x638e, 0x6bcf, 0x6bef, 0x6bce,
    0x638d, 0x636d, 0x634c, 0x4a89, 0x6b2b, 0x8c0d, 0x83cc, 0x5aa8, 0x6b08, 0x5a87, 0x4a26, 0x39c5,
    0x83ab, 0x942c, 0x9c8e, 0x6b4a, 0x2942, 0x2922, 0x2922, 0x3162, 0x41e5, 0x4206, 0x39c4, 0x6b29,
    0x8bec, 0x8c0c, 0x8bec, 0x8c0c, 0x8bec, 0x8bec, 0x8c0c, 0x940c, 0x940c, 0x9c8e, 0x7bcd, 0xb5b7,
    0xce9c, 0xce9c, 0xce9c, 0xce9c, 0xce9c, 0xce9c, 0xce9c, 0xce9c, 0xc69c, 0xc69c, 0xc69c, 0xa577,
    0x4a47, 0x4a46, 0x5ac8, 0x62c8, 0x62e9, 0x736b, 0x6b6a, 0x6329, 0x7bab, 0x83ab, 0x8c2c, 0x7bca,
    0x9cad, 0xb52f, 0xcdf2, 0x9490, 0xc65b, 0xcebc, 0xcebc, 0xc69c, 0xa5f9, 0xae5a, 0xbe5b, 0xd6dd,
    0xd6dd, 0xd6dd, 0xd6dd, 0xd6dd, 0xd6dd, 0xd6dd, 0xd6dd, 0xd6dd, 0xd6dd, 0xd6dd, 0xd6dd, 0xd6dd,
    0xd6dd, 0xd6dd, 0xd6dd, 0xd6dd, 0xd6dd, 0xd6dd, 0xd6dd, 0xd6dd, 0xd6dd, 0xd6dd, 0xd6dd, 0xd6dd,
    0xd6dd, 0xd6dd, 0xd6dd, 0xd6dd, 0xd6dd, 0xd6dd, 0xd6dd, 0xd6dd, 0xd6dd, 0xd6dd, 0xd6dd, 0xd6dd,
    0xd6dd, 0xd6dd, 0xd6dd, 0xd6dd, 0xd6dd, 0xd6dd, 0xd6dd, 0xd6dd, 0xd6dd, 0xd6dd, 0xd6dd, 0xd6dd,
    0xd6dd, 0xd6dd, 0xd6dd, 0xdf3e, 0xdf3e, 0xd6dd, 0xd6dd, 0xd6dd, 0xd6dd, 0xd6dd, 0xd6dd, 0xd6dd,
    0xd6dd, 0xd6dd, 0xcedd, 0xd6bd, 0xd6dd, 0xbe5b, 0xc67c, 0xd6dd, 0xd6dd, 0xd6dd, 0xd6dd, 0xd6dd,
    0xd6dd, 0xd6dd, 0xd6dd, 0xd6dd, 0xd6dd, 0xd6dd, 0xd6dd, 0xd6dd, 0xcebd, 0xcebd, 0xcebd, 0xcebd,
    0xa555, 0xad30, 0xbd6f, 0xa4ad, 0x8c0b, 0x62e8, 0x534b, 0x53ae, 0x534c, 0x738b, 0x6b29, 0x62c8,
    0x5ac8, 0x4aa6, 0x4265, 0x6b6c, 0xc67b, 0xc67c, 0xce9c, 0xce9c, 0xce9c, 0xce9c, 0xce9c, 0xce9c,
    0xce9c, 0xce9c, 0xce9c, 0xce9c, 0xce9c, 0xce9c, 0xce9c, 0xce9c, 0xce9c, 0xce9c, 0xce9c, 0xce9c,
    0xce9c, 0xce9c, 0xce9c, 0xce9c, 0xce9c, 0xce9c, 0xce9c, 0xce9c, 0xce7c, 0xce9c, 0xce9c, 0xc69d,
    0xc69c, 0xbe5b, 0xae1a, 0xae1a, 0xb65a, 0xc69c, 0xdf5e, 0xe79f, 0xe79f, 0xe79f, 0xe79f, 0xef9f,
    0xef9f, 0xe79e, 0xe79f, 0xcf1e, 0xae9c, 0x95fa, 0x95da, 0x95ba, 0x8d79, 0x8d79, 0x9d99, 0xa5da,
    0xc69c, 0xc69c, 0xc67c, 0xc69c, 0xc67b, 0x9536, 0x6c11, 0x8d77, 0x8d99, 0xa5f9, 0xbe9b, 0xc6bb,
    0xc69b, 0xc6bc, 0xb63a, 0x84b3, 0x8cb2, 0x842f, 0x7bcc, 0x5aa7, 0x6b29, 0x62c8, 0x5a67, 0x41e5,
    0x83ab, 0x940c, 0x9c8e, 0x734a, 0x2942, 0x2922, 0x2922, 0x2942, 0x3163, 0x4205, 0x4205, 0x4a06,
    0x83ec, 0x8c0c, 0x944d, 0x7b8a, 0x5aa8, 0x62c8, 0x7b8a, 0x9c6d, 0x9c6d, 0xa4ce, 0x7bed, 0xadb8,
    0xce9c, 0xce9c, 0xce9c, 0xce9c, 0xce9c, 0xce9c, 0xce9c, 0xce9c, 0xc69c, 0xc69c, 0xc69c, 0xad77,
    0x4a47, 0x5287, 0x62c8, 0x62c8, 0x6b09, 0x736b, 0x73cc, 0x6b6a, 0x83ab, 0x8c2c, 0x948d, 0x83ea,
    0xa4cd, 0xc5b0, 0xcdf2, 0x94b0, 0xc67b, 0xd6bd, 0xcebd, 0xc69c, 0xa5f9, 0xb67b, 0xb65b, 0xd6dd,
    0xd6dd, 0xd6dd, 0xd6dd, 0xd6dd, 0xd6dd, 0xd6dd, 0xd6dd, 0xd6dd, 0xd6dd, 0xd6dd, 0xd6dd, 0xd6dd,
    0xd6dd, 0xd6dd, 0xd6dd, 0xd6dd, 0xd6dd, 0xd6dd, 0xd6dd, 0xd6dd, 0xd6dd, 0xd6dd, 0xd6dd, 0xd6dd,
    0xd6dd, 0xd6dd, 0xd6dd, 0xd6dd, 0xd6dd, 0xd6dd, 0xd6dd, 0xd6dd, 0xd6dd, 0xd6dd, 0xd6dd, 0xd6dd,
    0xd6dd, 0xd6dd, 0xd6dd, 0xd6dd, 0xd6dd, 0xd6dd, 0xd6dd, 0xd6dd, 0xd6dd, 0xd6dd, 0xd6dd, 0xd6dd,
    0xd6dd, 0xd6dd, 0xd6dd, 0xdf1d, 0xdf3e, 0xd6dd, 0xd6dd, 0xd6dd, 0xd6dd, 0xd6dd, 0xd6dd, 0xd6dd,
    0xd6dd, 0xd6dd, 0xd6dd, 0xd6dd, 0xd6dd, 0xd6dd, 0xd6dd, 0xd6dd, 0xd6dd, 0xd6dd, 0xd6dd, 0xd6dd,
    0xd6dd, 0xd6dd, 0xd6dd, 0xd6dd, 0xd6dd, 0xd6dd, 0xd6dd, 0xd6dd, 0xd6bd, 0xd6dd, 0xd6dd, 0xcebc,
    0xbe19, 0x946e, 0xc5b0, 0xa4cd, 0x9c6c, 0x6b29, 0x4b0a, 0x53ee, 0x4b4d, 0x634b, 0x736b, 0x62c9,
    0x62c9, 0x5ae8, 0x4a65, 0x6b6c, 0xc65b, 0xce9c, 0xce9c, 0xce9c, 0xce9c, 0xce9c, 0xce9c, 0xce9c,
    0xce9c, 0xce9c, 0xce9c, 0xce9c, 0xce9c, 0xce9c, 0xce9c, 0xce9c, 0xce9c, 0xce9c, 0xce9c, 0xce9c,
    0xce9c, 0xce9c, 0xce9c, 0xce9c, 0xce9c, 0xc69c, 0xc67c, 0xc67c, 0xbe5c, 0xc67c, 0xb63b, 0xadf9,
    0xa5d9, 0xb65b, 0xc6bc, 0xd71d, 0xe79f, 0xe79f, 0xe79f, 0xef9f, 0xef9f, 0xe79f, 0xef9f, 0xef9f,
    0xef9f, 0xe79f, 0xd75e, 0xc6fd, 0xb69d, 0x9dda, 0x95da, 0x95da, 0x95da, 0x95da, 0x8dba, 0x8d79,
    0xc69c, 0xc69c, 0xc67c, 0xb63b, 0x9dd9, 0x8d78, 0x9599, 0x9dfa, 0xae5c, 0xc6bc, 0xdf7f, 0xe79f,
    0xe79f, 0xe79f, 0xe77f, 0xdf5e, 0xcefc, 0xadb7, 0x8cd2, 0x5aea, 0x6b09, 0x62e8, 0x5a87, 0x4a26,
    0x83cc, 0x942d, 0x9c8e, 0x6b4a, 0x2942, 0x2942, 0x3142, 0x3142, 0x3142, 0x41e5, 0x4a26, 0x4a26,
    0x83ec, 0x942c, 0x944d, 0x5287, 0x4205, 0x4a26, 0x5246, 0x83cb, 0x9c6d, 0xa4cf, 0x83ed, 0xadb8,
    0xc67c, 0xce9c, 0xce9c, 0xce9c, 0xce9c, 0xce9c, 0xce9c, 0xce9c, 0xc69c, 0xc69c, 0xc67b, 0x94d3,
    0x4246, 0x5aa8, 0x62c8, 0x62c8, 0x6b09, 0x736b, 0x6b6a, 0x6b49, 0x7baa, 0x946d, 0x946c, 0x8c2b,
    0xacee, 0xc5f1, 0xb551, 0xb5b6, 0xcebc, 0xd6dd, 0xd6dd, 0xcebc, 0xae19, 0xb67b, 0xbe7b, 0xd6dd,
    0xd6dd, 0xd6dd, 0xd6dd, 0xd6dd, 0xd6dd, 0xd6dd, 0xd6dd, 0xd6dd, 0xd6dd, 0xd6dd, 0xd6dd, 0xd6dd,
    0xd6dd, 0xd6dd, 0xd6dd, 0xd6dd, 0xd6dd, 0xd6dd, 0xd6dd, 0xd6dd, 0xd6dd, 0xd6dd, 0xd6dd, 0xd6dd,
    0xd6dd, 0xd6dd, 0xd6dd, 0xd6dd, 0xd6dd, 0xd6dd, 0xd6dd, 0xd6dd, 0xd6dd, 0xd6dd, 0xd6dd, 0xd6dd,
    0xd6dd, 0xd6dd, 0xd6fd, 0xd6dd, 0xd6dd, 0xd6dd, 0xd6dd, 0xd6dd, 0xd6dd, 0xd6dd, 0xd6dd, 0xd6dd,
    0xd6dd, 0xd6dd, 0xd6dd, 0xd6dd, 0xd6fd, 0xd6dd, 0xd6dd, 0xd6dd, 0xd6dd, 0xd6dd, 0xd6dd, 0xd6dd,
    0xd6dd, 0xd6dd, 0xd6dd, 0xd6dd, 0xd6dd, 0xd6dd, 0xd6dd, 0xd6dd, 0xd6dd, 0xd6dd, 0xd6dd, 0xd6dd,
    0xd6dd, 0xd6dd, 0xd6dd, 0xd6dd, 0xd6dd, 0xd6dd, 0xd6dd, 0xd6dd, 0xd6dd, 0xd6dd, 0xd6dd, 0xd6dc,
    0xc65a, 0x948f, 0xcdd1, 0xacee, 0x9c8d, 0x7349, 0x532a, 0x53ce, 0x53ae, 0x5b2b, 0x738b, 0x62e9,
    0x5ac9, 0x62e9, 0x4a65, 0x5b0a, 0xb5d8, 0xc67b, 0xce9c, 0xce9c, 0xce9c, 0xce9c, 0xce9c, 0xce9c,
    0xce9c, 0xce9c, 0xce9c, 0xce9c, 0xce9c, 0xce9c, 0xce9c, 0xce9c, 0xce9c, 0xce9c, 0xce9c, 0xce9c,
    0xce9c, 0xce9c, 0xce9c, 0xc69c, 0xbe5b, 0xa5f9, 0xa5d9, 0xae1a, 0xae1a, 0xae1a, 0xbe7b, 0xd71d,
    0xd73d, 0xdf7e, 0xe79f, 0xef9f, 0xe79f, 0xe79f, 0xe79f, 0xef9f, 0xef9f, 0xef9f, 0xe79f, 0xe79f,
    0xe79f, 0xd77e, 0xc6fd, 0xb69d, 0x9e1b, 0x95da, 0x95da, 0x95da, 0x95da, 0x95da, 0x95da, 0x95da,
    0xc67c, 0xbe7c, 0xa5fa, 0x8d78, 0x8d99, 0x95ba, 0x95da, 0x95fa, 0xbebd, 0xd73e, 0xe77f, 0xe77f,
    0xe77f, 0xe79f, 0xef9f, 0xe79f, 0xe79f, 0xdf5e, 0xcebc, 0x8cf4, 0x7c0f, 0x632a, 0x5aa8, 0x4a26,
    0x7bab, 0x942c, 0x9c8d, 0x6b4a, 0x2942, 0x2942, 0x3142, 0x3162, 0x3162, 0x41e5, 0x4a46, 0x4a26,
    0x8bec, 0x942d, 0x8c4d, 0x5287, 0x5a87, 0x5267, 0x4a06, 0x5266, 0x942d, 0xacef, 0x83ed, 0xb5b7,
    0xc69c, 0xce9c, 0xce9c, 0xce9c, 0xce9c, 0xce9c, 0xce9c, 0xce9c, 0xc69c, 0xc69c, 0xbe3a, 0x5b2b,
    0x3a24, 0x52a7, 0x62c8, 0x62c8, 0x734a, 0x734a, 0x734a, 0x736a, 0x7baa, 0x948d, 0x83ea, 0x9c8c,
    0xaced, 0xc5f2, 0xa510, 0xbdf8, 0xd6dd, 0xd6dd, 0xd6dd, 0xcebc, 0xae19, 0xb65a, 0xbe7b, 0xd6fd,
    0xd6dd, 0xd6dd, 0xd6dd, 0xd6dd, 0xd6dd, 0xd6dd, 0xd6dd, 0xd6dd, 0xd6dd, 0xd6dd, 0xd6dd, 0xd6dd,
    0xd6dd, 0xd6dd, 0xd6dd, 0xd6dd, 0xd6dd, 0xd6dd, 0xd6dd, 0xd6fd, 0xd6dd, 0xd6dd, 0xd6dd, 0xd6dd,
    0xd6dd, 0xd6dd, 0xd6dd, 0xd6dd, 0xd6dd, 0xd6dd, 0xd6dd, 0xd6dd, 0xd6dd, 0xd6dd, 0xd6dd, 0xd6dd,
    0xd6dd, 0xd6dd, 0xd6fd, 0xd6dd, 0xd6dd, 0xd6dd, 0xd6dd, 0xd6dd, 0xd6dd, 0xd6dd, 0xd6dd, 0xd6dd,
    0xd6dd, 0xd6dd, 0xd6dd, 0xd6dd, 0xd6dd, 0xd6fd, 0xd6fd, 0xd6dd, 0xd6dd, 0xd6dd, 0xd6dd, 0xd6dd,
    0xd6dd, 0xd6dd, 0xd6dd, 0xd6dd, 0xd6dd, 0xd6dd, 0xd6dd, 0xd6dd, 0xd6dd, 0xd6dd, 0xd6dd, 0xd6dd,
    0xd6dd, 0xd6dd, 0xd6dd, 0xd6dd, 0xd6dd, 0xd6dd, 0xd6dd, 0xd6dd, 0xd6dd, 0xd6dd, 0xd6dd, 0xd6dd,
    0xc65a, 0x946f, 0xcdd1, 0xacee, 0x9c8d, 0x7b8a, 0x534b, 0x53ae, 0x5bef, 0x534b, 0x738b, 0x62e9,
    0x62c9, 0x62c9, 0x4a85, 0x3a45, 0x8cb3, 0xc69b, 0xce9c, 0xce9c, 0xce9c, 0xce9c, 0xce9c, 0xce9c,
    0xce9c, 0xce9c, 0xce9c, 0xce9c, 0xce9c, 0xce9c, 0xce9c, 0xce9c, 0xce9c, 0xce9c, 0xce9c, 0xce9c,
    0xc67c, 0xc67c, 0xae3a, 0xae1a, 0xb65b, 0xbe9b, 0xcf1d, 0xe77f, 0xe77f, 0xe77f, 0xe77f, 0xe79f,
    0xe79f, 0xef9f, 0xef9f, 0xef9f, 0xe79f, 0xe79f, 0xef9f, 0xef9f, 0xe79f, 0xe79f, 0xef9f, 0xe79f,
    0xd75e, 0xbefd, 0xb6bd, 0xa65c, 0x95fa, 0x95fa, 0x95da, 0x95da, 0x95da, 0x95da, 0x95da, 0x95da,
    0xae1a, 0x9dd9, 0x9599, 0x95ba, 0x95da, 0x95da, 0x95da, 0x95da, 0xae5b, 0xcefd, 0xdf7f, 0xdf7e,
    0xe79f, 0xe79f, 0xe79f, 0xe79f, 0xe79f, 0xe79f, 0xe77e, 0xdf3e, 0xb65a, 0x9d35, 0x8430, 0x738d,
    0x83cd, 0x8c0d, 0x9c8d, 0x6b29, 0x2942, 0x3162, 0x3162, 0x3162, 0x2962, 0x41e5, 0x4a46, 0x4a26,
    0x8bec, 0x944d, 0x944d, 0x62c8, 0x6ae9, 0x62a8, 0x5267, 0x4a26, 0x942c, 0xa4ee, 0x840d, 0xb5b8,
    0xce7c, 0xce9c, 0xce9c, 0xce9c, 0xce9c, 0xce9c, 0xce9c, 0xce9c, 0xc69c, 0xc69c, 0xbe3a, 0x5b0a,
    0x3a24, 0x5aa7, 0x62c8, 0x62e9, 0x736a, 0x734a, 0x736a, 0x7369, 0x7bca, 0x946d, 0x7bca, 0x9c8c,
    0xbd6f, 0xce32, 0xa530, 0xb5f8, 0xd6dd, 0xd6dd, 0xd6dd, 0xd6dd, 0xbe7b, 0xb63a, 0xd6dd, 0xd6fd,
    0xd6dd, 0xd6fd, 0xd6fd, 0xd6fd, 0xd6fd, 0xd6dd, 0xd6dd, 0xd6dd, 0xd6dd, 0xd6dd, 0xd6dd, 0xd6dd,
    0xd6dd, 0xd6dd, 0xd6dd, 0xd6dd, 0xd6fd, 0xd6fd, 0xd6dd, 0xd6fd, 0xd6fd, 0xd6dd, 0xd6fd, 0xd6fd,
    0xd6fd, 0xd6dd, 0xd6dd, 0xd6fd, 0xd6dd, 0xd6fd, 0xd6dd, 0xd6dd, 0xd6dd, 0xd6dd, 0xd6dd, 0xd6dd,
    0xd6dd, 0xd6fd, 0xd6dd, 0xd6dd, 0xd6fd, 0xd6dd, 0xd6dd, 0xd6dd, 0xd6dd, 0xd6dd, 0xd6dd, 0xd6fd,
    0xd6fd, 0xd6fd, 0xd6fd, 0xd6fd, 0xd6fd, 0xd6fd, 0xd6dd, 0xd6dd, 0xd6fd, 0xd6fd, 0xd6fd, 0xd6dd,
    0xd6fd, 0xd6dd, 0xd6dd, 0xd6dd, 0xd6fd, 0xd6fd, 0xd6dd, 0xd6dd, 0xd6fd, 0xd6fd, 0xd6fd, 0xd6fd,
    0xd6dd, 0xd6fd, 0xd6fd, 0xd6fd, 0xd6dd, 0xd6dd, 0xd6fd, 0xd6dd, 0xd6dd, 0xd6dd, 0xd6dd, 0xd6dd,
    0xc65a, 0x948f, 0xc5d1, 0xacee, 0xa4ad, 0x946c, 0x5bac, 0x53ae, 0x6430, 0x534c, 0x738b, 0x6309,
    0x62c9, 0x62c9, 0x4a85, 0x3a24, 0x8c92, 0xc67c, 0xc67c, 0xce9c, 0xce9c, 0xce9c, 0xce9c, 0xce9c,
    0xce9c, 0xce9c, 0xce9c, 0xce9c, 0xce9c, 0xce9c, 0xce9c, 0xce9c, 0xce9c, 0xbe5b, 0xb63b, 0xb63b,
    0xae1a, 0xae19, 0xcefc, 0xd73e, 0xdf7e, 0xefbf, 0xe79f, 0xe79f, 0xe79f, 0xe79f, 0xe79f, 0xdf7f,
    0xdf5e, 0xe77f, 0xe79f, 0xe79f, 0xef9f, 0xef9f, 0xef9f, 0xe79f, 0xdf7f, 0xe79f, 0xe79f, 0xdf5e,
    0xbefd, 0xb6dd, 0xa63b, 0x95fa, 0x95da, 0x95da, 0x95da, 0x95da, 0x95da, 0x95da, 0x95da, 0x95ba,
    0x8578, 0x8db9, 0x95da, 0x95da, 0x95da, 0x95da, 0x95da, 0x95da, 0x95da, 0xa61b, 0xb6bd, 0xc6fd,
    0xd73e, 0xdf7f, 0xef9f, 0xef9f, 0xe77f, 0xe77f, 0xe79e, 0xe77e, 0xe77f, 0xe77e, 0xdf5e, 0xd6fc,
    0xb5d6, 0xad94, 0x9cd0, 0x736b, 0x3163, 0x2942, 0x3162, 0x2962, 0x2962, 0x41e5, 0x4a46, 0x4a26,
    0x8c0c, 0x944d, 0x948e, 0x62e8, 0x6b09, 0x6ae8, 0x5267, 0x4a06, 0x8c0c, 0xa4ef, 0x8c4e, 0xb5f8,
    0xc67c, 0xc69c, 0xc69c, 0xce9c, 0xce9c, 0xce9c, 0xce9c, 0xce9c, 0xc69c, 0xc69c, 0xc63a, 0x5b0a,
    0x3a24, 0x5aa8, 0x62a9, 0x62c9, 0x7b8a, 0x734a, 0x736a, 0x7389, 0x8c0b, 0x9c8d, 0x83ea, 0x9c8b,
    0xbd8f, 0xc5f1, 0x946f, 0xbe19, 0xd6fd, 0xdefd, 0xdefd, 0xdefd, 0xd6fd, 0xd6fd, 0xdefd, 0xdefd,
    0xdefd, 0xdefd, 0xdefd, 0xdefd, 0xdefd, 0xd6fd, 0xdefd, 0xdefd, 0xdefd, 0xdefd, 0xdefd, 0xdefd,
    0xdefd, 0xd6fd, 0xdefd, 0xdefd, 0xdefd, 0xdefd, 0xdefd, 0xdefd, 0xdefd, 0xdefd, 0xdefd, 0xdefd,
    0xdefd, 0xdefd, 0xdefd, 0xdefd, 0xdefd, 0xdefd, 0xdefd, 0xdefd, 0xdefd, 0xdefd, 0xdefd, 0xdefd,
    0xdefd, 0xdefd, 0xdefd, 0xdefd, 0xdefd, 0xdefd, 0xdefd, 0xdefd, 0xdefd, 0xdefd, 0xdefd, 0xdefd,
    0xdefd, 0xdefd, 0xdefd, 0xdefd, 0xdefd, 0xd6fd, 0xdefd, 0xdefd, 0xdefd, 0xdefd, 0xdefd, 0xdefd,
    0xdefd, 0xdefd, 0xdefd, 0xdefd, 0xdefd, 0xdefd, 0xdefd, 0xdefd, 0xdefd, 0xdefd, 0xdefd, 0xdefd,
    0xdefd, 0xdefd, 0xdefd, 0xdefd, 0xdefd, 0xdefd, 0xdefd, 0xdefd, 0xd6fd, 0xd6fd, 0xd6fd, 0xd6fd,
    0xc67a, 0x948f, 0xc5d1, 0xb54f, 0xa4ad, 0x9c8d, 0x5bad, 0x5c30, 0x6431, 0x534c, 0x6b6b, 0x6b4a,
    0x62e9, 0x62e9, 0x4a85, 0x3a24, 0x8c92, 0xc67c, 0xce9c, 0xce9c, 0xce9c, 0xce9c, 0xce9c, 0xce9c,
    0xce9c, 0xce9c, 0xc69c, 0xc69c, 0xc69c, 0xc69c, 0xc69c, 0xb61a, 0xadfa, 0xae3a, 0xb65a, 0xbe7b,
    0xd73e, 0xe79f, 0xe79f, 0xe79f, 0xe79f, 0xe79f, 0xe79f, 0xe77f, 0xe79f, 0xdf5e, 0xd73e, 0xcf1d,
    0xd73e, 0xdf7e, 0xe79f, 0xe79f, 0xe79f, 0xe79f, 0xe79f, 0xd75e, 0xcf3e, 0xdf7f, 0xef9f, 0xd75e,
    0xbefd, 0xb69d, 0x9dfb, 0x8d99, 0x8538, 0x8d99, 0x95da, 0x95da, 0x95da, 0x95da, 0x95da, 0x95ba,
    0x95da, 0x95da, 0x8dda, 0x95da, 0x95da, 0x95da, 0x95da, 0x95da, 0x95da, 0x95da, 0x9dfa, 0xa63b,
    0xbebd, 0xd75e, 0xe79f, 0xe77f, 0xdf7e, 0xdf7e, 0xe77f, 0xe77f, 0xe79f, 0xe77f, 0xe79f, 0xdf7e,
    0xe77e, 0xdf5d, 0xce9a, 0xbe17, 0x73ae, 0x5b0a, 0x630a, 0x5288, 0x3163, 0x41e5, 0x4a46, 0x4a26,
    0x8c0c, 0x9c6d, 0x946e, 0x6b08, 0x7329, 0x62c8, 0x5246, 0x41e5, 0x83eb, 0xad0f, 0xadb4, 0xbe59,
    0xae19, 0xadfa, 0xae1a, 0xbe7b, 0xce9c, 0xce9c, 0xce9c, 0xce9c, 0xce9c, 0xc69c, 0xbe5a, 0x5b0b,
    0x3a24, 0x52a7, 0x5ac9, 0x62e9, 0x736a, 0x6b29, 0x736a, 0x738a, 0x944c, 0x946c, 0x7389, 0x9c8b,
    0xbd8f, 0xb570, 0x9cd1, 0xd6dc, 0xdefd, 0xdefd, 0xdefd, 0xdefd, 0xdf1d, 0xdf1d, 0xdf1d, 0xdf1d,
    0xdf1d, 0xdf1d, 0xdf1d, 0xdf1d, 0xdf1d, 0xdf1d, 0xdf1d, 0xdf1d, 0xdf1d, 0xdf1d, 0xdf1d, 0xdf1d,
    0xdf1d, 0xdf1d, 0xdf1d, 0xdf1d, 0xdf1d, 0xdf1d, 0xdf1d, 0xdf1d, 0xdf1d, 0xdf1d, 0xdf1d, 0xdf1d,
    0xdf1d, 0xdf1d, 0xdf1d, 0xdf1d, 0xdf1d, 0xdf1d, 0xdf1d, 0xdf1d, 0xdf1d, 0xdf1d, 0xdf1d, 0xe73d,
    0xdf1d, 0xdf3d, 0xdf1d, 0xdf1d, 0xdf1d, 0xdf1d, 0xdf1d, 0xdf1d, 0xdf1d, 0xdf1d, 0xdf1d, 0xdf1d,
    0xdf1d, 0xdf1d, 0xdf1d, 0xdf1d, 0xdf1d, 0xdf1d, 0xdf1d, 0xdf1d, 0xdf1d, 0xdf1d, 0xdf1d, 0xdf1d,
    0xdf1d, 0xdf1d, 0xdf1d, 0xdf1d, 0xdf1d, 0xdf1d, 0xdf1d, 0xdf1d, 0xdf1d, 0xdf1d, 0xdf1d, 0xdf1d,
    0xdf1d, 0xdf1d, 0xdf1d, 0xdf1d, 0xdf1d, 0xdf1d, 0xdf1d, 0xdf1d, 0xdf1d, 0xdf1d, 0xdf1d, 0xdefd,
    0xce7a, 0x948f, 0xcdf1, 0xc5b0, 0xa4cd, 0x948d, 0x5bac, 0x6c72, 0x6c72, 0x4b6d, 0x636b, 0x736a,
    0x62c9, 0x62c8, 0x4284, 0x3a24, 0x8c71, 0xce7c, 0xce7c, 0xce9c, 0xc69c, 0xbe7b, 0xbe5b, 0xbe5b,
    0xbe5b, 0xb63a, 0xae1a, 0xadfa, 0xadfa, 0xadfa, 0xae19, 0xc6bc, 0xcedd, 0xdf3e, 0xe79f, 0xe79f,
    0xe79f, 0xef9f, 0xe7bf, 0xe79f, 0xdf7f, 0xcf1d, 0xcf1d, 0xcf1e, 0xcf1e, 0xcf1e, 0xcf3e, 0xdf7f,
    0xe77f, 0xe79f, 0xe79f, 0xef9f, 0xe79f, 0xd73e, 0xcf3e, 0xc6fd, 0xc6fe, 0xd75f, 0xe77f, 0xcf3e,
    0xbebd, 0xae5c, 0x95fa, 0x8517, 0x5b6e, 0x6411, 0x8d98, 0x95da, 0x95da, 0x8dda, 0x8db9, 0x8557,
    0x95da, 0x95da, 0x95da, 0x95da, 0x95da, 0x95da, 0x95da, 0x95fa, 0x95b9, 0x8536, 0x95b9, 0x95da,
    0xa65c, 0xcefd, 0xe79f, 0xcf1d, 0xbebd, 0xc6dd, 0xdf5e, 0xe79f, 0xe77e, 0xd73d, 0xcf1d, 0xcf1d,
    0xcf1e, 0xd73e, 0xd75e, 0xdf7e, 0xd71c, 0xd6fc, 0xd6fc, 0xa575, 0x3a06, 0x4a26, 0x5268, 0x52a8,
    0x8c2d, 0x9c8f, 0x9c8f, 0x6b2a, 0x734b, 0x6aea, 0x5288, 0x4a47, 0x83ec, 0xad31, 0xbe37, 0xdf3d,
    0xdf5d, 0xd6fc, 0xbe9b, 0xae1a, 0xbe5c, 0xc67c, 0xce9c, 0xc67c, 0xce9c, 0xc67c, 0xc65a, 0x5b0b,
    0x3a24, 0x4a66, 0x5ac8, 0x62e9, 0x734a, 0x6b28, 0x738a, 0x738a, 0x944c, 0x8c2c, 0x6b48, 0x9c6b,
    0xbd90, 0xb570, 0xa534, 0xdefd, 0xdefd, 0xdefd, 0xdf1d, 0xdefd, 0xdf1d, 0xdf1d, 0xdf1d, 0xdf1d,
    0xdf1d, 0xdf1d, 0xdf1d, 0xdf1d, 0xdf1d, 0xdf1d, 0xdf1d, 0xdf1d, 0xdf1d, 0xdf1d, 0xdf1d, 0xdf1d,
    0xdf1d, 0xdf1d, 0xdf1d, 0xdf1d, 0xdf1d, 0xdf1d, 0xdf1d, 0xdf1d, 0xdf1d, 0xdf1d, 0xdf1d, 0xdf1d,
    0xdf1d, 0xdf1d, 0xdf1d, 0xdf1d, 0xdf1d, 0xdf1d, 0xdf1d, 0xdf1d, 0xdf1d, 0xdf1d, 0xe75e, 0xefbf,
    0xef9e, 0xe77e, 0xdf1d, 0xdf1d, 0xdf1d, 0xdf1d, 0xdf1d, 0xdf1d, 0xdf1d, 0xdf1d, 0xdf1d, 0xdf1d,
    0xdf1d, 0xdf1d, 0xdf1d, 0xdf1d, 0xdf1d, 0xdf1d, 0xdf1d, 0xdf1d, 0xdf1d, 0xdf1d, 0xdf1d, 0xdf1d,
    0xdf1d, 0xdf1d, 0xdf1d, 0xdf1d, 0xdf1d, 0xdf1d, 0xdf1d, 0xdf1d, 0xdf1d, 0xdf1d, 0xdf1d, 0xdf1d,
    0xdf1d, 0xdf1d, 0xdf1d, 0xdf1d, 0xdf1d, 0xdf1d, 0xdf1d, 0xdf1d, 0xe73e, 0xdf1d, 0xdefd, 0xdefd,
    0xce7a, 0x948f, 0xcdf1, 0xc5b0, 0xa4cd, 0x948d, 0x5b8c, 0x6c72, 0x6c72, 0x538e, 0x5b6c, 0x736b,
    0x62c9, 0x5aa7, 0x3a44, 0x3a23, 0x6b8d, 0xc65b, 0xc67c, 0xc69c, 0xbe3b, 0xadfa, 0xae3a, 0xae3a,
    0xb63a, 0xc6bc, 0xdf7e, 0xdf7e, 0xdf7e, 0xdf5e, 0xdf5e, 0xe77f, 0xe79f, 0xe79f, 0xe79f, 0xdf7f,
    0xdf5e, 0xdf5e, 0xdf5e, 0xdf5e, 0xcf3e, 0xbedd, 0xbedd, 0xbedd, 0xbebd, 0xbedc, 0xcf1d, 0xe79f,
    0xe79f, 0xdf7f, 0xdf7f, 0xe79f, 0xcf3d, 0xbedd, 0xae9c, 0xa65b, 0xbedd, 0xd73e, 0xcf1d, 0xbebd,
    0xae7c, 0x9dfa, 0x95da, 0x6c32, 0x3a07, 0x4268, 0x84f5, 0x95da, 0x95da, 0x8dba, 0x8516, 0x5b4d,
    0x8dba, 0x95da, 0x95da, 0x95da, 0x95da, 0x95da, 0x95da, 0x95fa, 0x7cb4, 0x530c, 0x84d5, 0x95da,
    0x95fa, 0xb69c, 0xdf7f, 0xbebc, 0x95da, 0xae7c, 0xcf1d, 0xdf7f, 0xd73d, 0x9d75, 0x84d1, 0x8d13,
    0xb679, 0xbe9a, 0xc6db, 0xc6fc, 0xcefd, 0xd75f, 0xd75e, 0xc6bb, 0xadd7, 0xb5d7, 0xb5f7, 0xbe18,
    0xc659, 0xce99, 0xce99, 0xbe38, 0xc638, 0xbe18, 0xb618, 0xb5f7, 0xc658, 0xceba, 0xdf7e, 0xefbf,
    0xefbf, 0xefbf, 0xe7bf, 0xcefd, 0xa5f9, 0xbe5b, 0xc67c, 0xce7c, 0xce9c, 0xce7c, 0xbe39, 0x5b0a,
    0x3a23, 0x4224, 0x5aa8, 0x62e9, 0x736a, 0x6b29, 0x738a, 0x738a, 0x946c, 0x840b, 0x7368, 0x9c8b,
    0xc5b0, 0xb570, 0xa534, 0xdefd, 0xdefd, 0xdefd, 0xdf1d, 0xdefd, 0xdf1d, 0xdf1d, 0xdf1d, 0xdf1d,
    0xdf1d, 0xdf1d, 0xdf1d, 0xdf1d, 0xdf1d, 0xdf1d, 0xdf1d, 0xdf1d, 0xdf1d, 0xdf1d, 0xdf1d, 0xdf1d,
    0xdf1d, 0xdf1d, 0xdf1d, 0xdf1d, 0xdf1d, 0xdf1d, 0xdf1d, 0xdf1d, 0xdf1d, 0xdf1d, 0xdf1d, 0xdf1d,
    0xdf1d, 0xdf1d, 0xdf1d, 0xdf1d, 0xdf1d, 0xdf1d, 0xe71d, 0xdf1d, 0xdf1d, 0xd71d, 0xe77e, 0xf7bf,
    0xf7bf, 0xef9e, 0xdf3d, 0xdf1d, 0xdf1d, 0xdf1d, 0xdefd, 0xdf1d, 0xdf1d, 0xdf1d, 0xdf1d, 0xdf1d,
    0xdf1d, 0xdf1d, 0xdf1d, 0xdf1d, 0xdf1d, 0xdf1d, 0xdf1d, 0xdf1d, 0xdf1d, 0xdf1d, 0xdf1d, 0xdf1d,
    0xdf1d, 0xdf1d, 0xdf1d, 0xdf1d, 0xdf1d, 0xdf1d, 0xdf1d, 0xdf1d, 0xdf1d, 0xdf1d, 0xdf1d, 0xdf1d,
    0xdf1d, 0xdf1d, 0xdf1d, 0xdf1d, 0xdf1d, 0xdf1d, 0xdf1d, 0xdf1d, 0xdefd, 0xdefd, 0xe71d, 0xdefd,
    0xce7a, 0x948f, 0xcdf1, 0xc5b0, 0xa4cd, 0x948d, 0x5b8c, 0x6c92, 0x6c92, 0x4b8e, 0x5b6c, 0x738b,
    0x62e8, 0x52a7, 0x3a43, 0x3202, 0x632a, 0xbe19, 0xc67c, 0xadfa, 0xadf9, 0xcf1e, 0xdf7f, 0xe79f,
    0xe79f, 0xe7bf, 0xefbf, 0xef9f, 0xe79f, 0xd73e, 0xcf1e, 0xcf1d, 0xd75e, 0xdf7e, 0xdf5e, 0xcf1e,
    0xc6fe, 0xc6fe, 0xc6fe, 0xbefd, 0xbebc, 0xbebc, 0xbebb, 0xbe7a, 0x9d74, 0x84af, 0xa5b5, 0xdf5e,
    0xc6fd, 0xae5b, 0xae39, 0xd75d, 0xcf3e, 0xb6bd, 0x95da, 0x95b9, 0xb67c, 0xdf7f, 0xd73e, 0xae5c,
    0x9dfb, 0x95da, 0x8d79, 0x63af, 0x39e6, 0x4227, 0x8d14, 0x95da, 0x8dda, 0x8537, 0x532c, 0x39e6,
    0x84f5, 0x8d78, 0x95da, 0x95da, 0x95da, 0x95da, 0x95fa, 0xae7c, 0x7c52, 0x4248, 0x7431, 0x95da,
    0x9dfa, 0xc6fd, 0xe79f, 0xb67b, 0x8d78, 0x9dfa, 0xae7c, 0xdf7e, 0xc69a, 0x842f, 0x738a, 0x6389,
    0x6c0c, 0x6c4c, 0x7c8d, 0x7c6d, 0x9552, 0xb639, 0xbebc, 0xbebc, 0xc6dc, 0xc6fd, 0xcf1d, 0xcf1d,
    0xd71d, 0xdf5e, 0xd75e, 0xd75e, 0xd73e, 0xd75e, 0xdf7e, 0xdf7e, 0xdf7f, 0xdf7f, 0xdf7e, 0xe79f,
    0xe79f, 0xe79f, 0xdf7e, 0xdf7e, 0xcefc, 0xa5d9, 0xb61b, 0xc67c, 0xc67c, 0xc67b, 0x8c92, 0x4a67,
    0x3a44, 0x4244, 0x5ac8, 0x6b2a, 0x6b49, 0x6b49, 0x738a, 0x7b8a, 0x946d, 0x7bca, 0x83ea, 0xa4ac,
    0xbd8f, 0xb570, 0xa534, 0xdf1d, 0xdf1d, 0xdf1d, 0xdf1d, 0xdf1d, 0xdf1d, 0xdf1d, 0xdf1d, 0xdf1d,
    0xdf1d, 0xdefd, 0xdf1d, 0xdf1d, 0xdf1d, 0xdf1d, 0xdf1d, 0xdf1d, 0xdf1d, 0xdf1d, 0xdf1d, 0xdf1d,
    0xdf1d, 0xdf1d, 0xdf1d, 0xdf1d, 0xdf1d, 0xdf1d, 0xdf1d, 0xdf1d, 0xdf1d, 0xdf1d, 0xdf1d, 0xdf1d,
    0xdf1d, 0xdf1d, 0xdf1d, 0xdf1d, 0xdf1d, 0xe71d, 0xe71d, 0xdf1d, 0xcf1d, 0xcefe, 0xdf5e, 0xf7bf,
    0xf7bf, 0xefbf, 0xef9e, 0xe75e, 0xe71d, 0xe71d, 0xdf1d, 0xdf1d, 0xdf1d, 0xdf1d, 0xdf1d, 0xdf1d,
    0xdf1d, 0xdf1d, 0xdf1d, 0xdf1d, 0xdf1d, 0xdf1d, 0xdf1d, 0xdf1d, 0xdf1d, 0xdf1d, 0xdf1d, 0xdf1d,
    0xdf1d, 0xdf1d, 0xdf1d, 0xdf1d, 0xdf1d, 0xdf1d, 0xdf1d, 0xdf1d, 0xdf1d, 0xdf1d, 0xdf1d, 0xdf1d,
    0xdf1d, 0xdf1d, 0xdf1d, 0xdf1d, 0xdf1d, 0xdf1d, 0xdf1d, 0xdf1d, 0xdf1d, 0xdefd, 0xdefd, 0xdefd,
    0xce9b, 0x948f, 0xcdf1, 0xc5b0, 0xa4cd, 0x948d, 0x5b8c, 0x6c92, 0x7493, 0x538e, 0x534c, 0x738b,
    0x6309, 0x4a65, 0x3a43, 0x3222, 0x3a25, 0x73ef, 0xb61a, 0xcebc, 0xdf5e, 0xe77e, 0xe79e, 0xe79f,
    0xe79f, 0xdf7f, 0xdf5e, 0xdf5f, 0xcf1e, 0xbe9a, 0xbebb, 0xbebc, 0xc6dd, 0xc6fd, 0xbefd, 0xbedd,
    0xbedc, 0xb69a, 0xbe9b, 0xae9c, 0xa5f9, 0xa574, 0x9cf0, 0x94af, 0x840c, 0x6b89, 0x7c4c, 0xc6b9,
    0xcf3d, 0x9595, 0x6c0c, 0xa594, 0xdf7e, 0xb6bd, 0x95ba, 0x8d78, 0xadf9, 0xe77f, 0xd75e, 0xae3b,
    0x95ba, 0x95ba, 0x8516, 0x4aaa, 0x41e5, 0x4226, 0x8492, 0x9dfa, 0x95da, 0x84f5, 0x4268, 0x39e6,
    0x4a89, 0x63cf, 0x8d78, 0x95da, 0x95da, 0x95da, 0x95da, 0xae5b, 0x6bcf, 0x4247, 0x7431, 0x9dda,
    0xa63b, 0xcf1e, 0xdf5e, 0xadb7, 0x7c93, 0x95b9, 0xae5b, 0xd75e, 0xb5b5, 0x840d, 0x83ec, 0x7bcb,
    0x6baa, 0x5b67, 0x5b86, 0x63a7, 0x6baa, 0x7c4e, 0x8d13, 0x8d33, 0x9554, 0x9554, 0xadf7, 0xbebb,
    0xbedd, 0xbebd, 0xbebd, 0xbe9c, 0xbe9c, 0xbedc, 0xc6fd, 0xcf1d, 0xcf1d, 0xcefd, 0xc6dc, 0xc6db,
    0xc6db, 0xc6db, 0xc6dc, 0xcefd, 0xdf7e, 0xd71d, 0xbe7b, 0xadda, 0xbe5b, 0xc67b, 0x7c0f, 0x4a46,
    0x4244, 0x4aa5, 0x62e8, 0x734a, 0x6b49, 0x6b49, 0x738a, 0x7baa, 0x944d, 0x7baa, 0x8c0b, 0xa4ac,
    0xc58f, 0xb570, 0xa534, 0xe71d, 0xdf1d, 0xdf1d, 0xdf1d, 0xdf1d, 0xe71d, 0xdf1d, 0xdf1d, 0xdf1d,
    0xdf1d, 0xdf1d, 0xe73e, 0xe71e, 0xdf1d, 0xdf1d, 0xdf1d, 0xdf1d, 0xdf1d, 0xdf1d, 0xdf1d, 0xdf1d,
    0xdf1d, 0xdf1d, 0xdf1d, 0xdf1d, 0xdf1d, 0xdf1d, 0xdf1d, 0xdf1d, 0xdf1d, 0xdf1d, 0xdf1d, 0xdf1d,
    0xdf1d, 0xdf1d, 0xdf1d, 0xdf1d, 0xdf1d, 0xe71d, 0xdf1d, 0xd71d, 0xc71d, 0xbefd, 0xdf5e, 0xefbf,
    0xf7be, 0xf7bf, 0xf7bf, 0xef9e, 0xef5e, 0xe73e, 0xdf1d, 0xdf1d, 0xdf1d, 0xdf1d, 0xdf1d, 0xdf1d,
    0xdf1d, 0xdf1d, 0xdf1d, 0xdf1d, 0xdf1d, 0xdf1d, 0xdf1d, 0xdf1d, 0xdf1d, 0xdf1d, 0xdf1d, 0xdf1d,
    0xdf1d, 0xdf1d, 0xdf1d, 0xdf1d, 0xdf1d, 0xdf1d, 0xdf1d, 0xdf1d, 0xdf1d, 0xdf1d, 0xdf1d, 0xdf1d,
    0xdf1d, 0xdf1d, 0xdf1d, 0xdf1d, 0xdf1d, 0xdf1d, 0xdf1d, 0xdf1d, 0xdf1d, 0xdf1d, 0xdf1d, 0xdefd,
    0xce7b, 0x948f, 0xcdf1, 0xc5d1, 0xacee, 0x948c, 0x5bac, 0x6c92, 0x74b3, 0x538e, 0x4b2c, 0x634b,
    0x6b09, 0x4a86, 0x3a43, 0x3a43, 0x4265, 0x8cd3, 0xcefc, 0xe79f, 0xe77e, 0xe77f, 0xdf5e, 0xdf5e,
    0xd73e, 0xc6fd, 0xbe9c, 0xbebb, 0xb659, 0x9d72, 0x8d30, 0x9572, 0x9572, 0x9572, 0x9573, 0x9d94,
    0xa573, 0x94d1, 0x9d54, 0xa619, 0x8d35, 0x844e, 0x83cb, 0x83ec, 0x83cc, 0x83ec, 0x7c0c, 0xbe57,
    0xcf3d, 0x8512, 0x5367, 0x84b0, 0xdf5d, 0xc6fd, 0x9dfb, 0x9577, 0xadd8, 0xe79f, 0xdf5e, 0xae5b,
    0x8dba, 0x8dba, 0x84f6, 0x4268, 0x41e5, 0x3a05, 0x530b, 0x9df9, 0x95b9, 0x63f0, 0x4227, 0x39e5,
    0x4a27, 0x4aaa, 0x8536, 0x8dda, 0x95ba, 0x8dba, 0x95da, 0x9d97, 0x52aa, 0x4227, 0x7431, 0x9dda,
    0xa61b, 0xd73e, 0xcedb, 0x8c91, 0x6bae, 0x8d15, 0xa63b, 0xbe9b, 0x9cf2, 0x8c0d, 0x8bec, 0x8c0c,
    0x83ec, 0x73ca, 0x6ba9, 0x7bca, 0x7bcb, 0x7bcc, 0x7bcc, 0x73ab, 0x73cc, 0x7bcb, 0x842e, 0x9d13,
    0xb659, 0xbe9c, 0xae7b, 0x9d54, 0x9d53, 0xadf7, 0xb617, 0xb618, 0xb638, 0xae17, 0x8d11, 0x744b,
    0x84cc, 0x9550, 0xbe57, 0xbe9a, 0xcefd, 0xe77e, 0xef9e, 0xd71d, 0xc67b, 0xc65b, 0x7bef, 0x4a46,
    0x4264, 0x52c6, 0x62c8, 0x734a, 0x6b49, 0x6b49, 0x738a, 0x7b8b, 0x8c2c, 0x7389, 0x8c0b, 0xad0e,
    0xc5d1, 0xb571, 0xad54, 0xe71d, 0xe71d, 0xe71d, 0xe71d, 0xe71d, 0xe71d, 0xe71d, 0xe71d, 0xe71d,
    0xe71d, 0xe71d, 0xe73e, 0xe73e, 0xe71d, 0xe71d, 0xdf1d, 0xdf1d, 0xdf1d, 0xdf1d, 0xdf1d, 0xdf1d,
    0xe71d, 0xe71d, 0xe71d, 0xe71d, 0xe71d, 0xe71d, 0xdf1d, 0xdf1d, 0xdf1d, 0xdf1d, 0xe71d, 0xdf1d,
    0xe71d, 0xe71d, 0xe71d, 0xdf1d, 0xe71d, 0xdf1d, 0xd71e, 0xc71e, 0xbefe, 0xbefe, 0xd75e, 0xe79e,
    0xefbf, 0xf79f, 0xf7bf, 0xf79f, 0xf79f, 0xe75e, 0xdf1d, 0xdf1d, 0xe71d, 0xdf1d, 0xdf1d, 0xe71d,
    0xe71d, 0xe71d, 0xe71d, 0xe71d, 0xe71d, 0xdf1d, 0xe71d, 0xe71d, 0xe71d, 0xe71d, 0xe71d, 0xe71d,
    0xdf1d, 0xdf1d, 0xdf1d, 0xdf1d, 0xdf1d, 0xe71d, 0xe71d, 0xe71d, 0xe71d, 0xdf1d, 0xe71d, 0xe71d,
    0xdf1d, 0xe71d, 0xdf1d, 0xe71d, 0xdf1d, 0xdf1d, 0xdf1d, 0xdf1d, 0xdf1d, 0xdf1d, 0xdf1d, 0xdf1d,
    0xce9b, 0x948f, 0xcdf2, 0xce11, 0xb54f, 0x9cad, 0x7c2d, 0x7492, 0x7493, 0x53cf, 0x4b4d, 0x634b,
    0x6b4a, 0x4a87, 0x3a23, 0x3a63, 0x4a87, 0xb639, 0xd73e, 0xd71d, 0xc6bc, 0xc6dc, 0xc6bc, 0xbebc,
    0xb67b, 0xae16, 0xa5b3, 0xadd2, 0x8cce, 0x742a, 0x63c7, 0x6387, 0x6388, 0x6b88, 0x848c, 0x8c4c,
    0x8c2c, 0x840c, 0x8cd2, 0x9db7, 0x8450, 0x7bcb, 0x8bec, 0x940d, 0x940d, 0x940c, 0x738b, 0xa594,
    0xc71c, 0x7cd1, 0x4ae6, 0x740e, 0xcedb, 0xd73e, 0xa63b, 0x8d77, 0xa5d8, 0xdf7e, 0xdf5e, 0xa63b,
    0x8d99, 0x95da, 0x7cf6, 0x4268, 0x41e5, 0x41e5, 0x52ca, 0xa5f9, 0x8d98, 0x4aeb, 0x39e5, 0x41e5,
    0x4226, 0x4aaa, 0x8536, 0x95da, 0x95b9, 0x95ba, 0x95da, 0x9d97, 0x4a69, 0x4206, 0x5b4c, 0x9598,
    0xa61b, 0xd73e, 0xceba, 0x8c4f, 0x73ad, 0x84d4, 0xa63b, 0xbe59, 0x8c2e, 0x8bec, 0x8c0c, 0x8c0c,
    0x8bec, 0x8bec, 0x83eb, 0x83ec, 0x8bec, 0x83ec, 0x8bec, 0x83cc, 0x7bac, 0x7bab, 0x7bac, 0x83ed,
    0x948f, 0xa575, 0xa5b7, 0x842e, 0x83ec, 0x8c0c, 0x946e, 0x9cae, 0x9cae, 0x8c6e, 0x73ca, 0x6b88,
    0x73c9, 0x7409, 0x8ccc, 0x9d70, 0xbe59, 0xcefd, 0xd75d, 0xe79f, 0xd71d, 0xc67b, 0x7bef, 0x5266,
    0x4285, 0x52c6, 0x62c8, 0x6b49, 0x6328, 0x6b29, 0x7b8a, 0x840c, 0x8c4c, 0x7369, 0x8c2c, 0xb52f,
    0xcdd1, 0xb571, 0xad54, 0xe71d, 0xdf1d, 0xdf1d, 0xdf1d, 0xe71d, 0xe71d, 0xe71d, 0xe71d, 0xe71d,
    0xe71d, 0xdf1d, 0xe71d, 0xe71d, 0xdf1d, 0xe71d, 0xe71d, 0xdf1d, 0xdf1d, 0xdf1d, 0xe71d, 0xdf1d,
    0xdf1d, 0xe71d, 0xe71d, 0xe71d, 0xe71d, 0xe71d, 0xdf1d, 0xdf1d, 0xdf1d, 0xdf1d, 0xdf1d, 0xdf1d,
    0xdf1d, 0xdf1d, 0xdf1d, 0xe71d, 0xdf1d, 0xd6fd, 0xc6fe, 0xbefe, 0xbefe, 0xbefe, 0xc71e, 0xcf1d,
    0xe79f, 0xf79e, 0xf7bf, 0xf7bf, 0xf7bf, 0xef7e, 0xe75e, 0xe71d, 0xdf1d, 0xe71d, 0xe71d, 0xe71d,
    0xe71d, 0xdf1d, 0xdf1d, 0xdf1d, 0xdf1d, 0xdf1d, 0xdf1d, 0xdf1d, 0xdf1d, 0xe71d, 0xdf1d, 0xdf1d,
    0xdf1d, 0xdf1d, 0xdf1d, 0xe71d, 0xdf1d, 0xdf1d, 0xdf1d, 0xdf1d, 0xdf1d, 0xdf1d, 0xdf1d, 0xdf1d,
    0xdf1d, 0xdf1d, 0xe71d, 0xe71e, 0xe71e, 0xe71e, 0xe71e, 0xe71e, 0xe71d, 0xdf1d, 0xdf1d, 0xdefd,
    0xce7b, 0x9c8f, 0xcdf2, 0xd612, 0xbd6f, 0x9cad, 0x846e, 0x6c91, 0x74b3, 0x5bf0, 0x4b4d, 0x636b,
    0x6b49, 0x4a86, 0x3a24, 0x4a85, 0x5b29, 0xb5f7, 0xbe78, 0xbe37, 0xb615, 0xa5b3, 0xa5b3, 0xa5b4,
    0x9551, 0x6c0a, 0x6387, 0x5b66, 0x6367, 0x7bea, 0x83ea, 0x8c0c, 0x840c, 0x7bcb, 0x7bea, 0x73a9,
    0x83ca, 0x83ed, 0x8cd2, 0x844f, 0x8c0d, 0x8c0c, 0x940d, 0x940d, 0x940d, 0x8bec, 0x6b69, 0x84af,
    0xb6bb, 0x7cd2, 0x5307, 0x842f, 0xcebb, 0xd73e, 0xa63b, 0x8d77, 0x9555, 0xd71d, 0xdf5e, 0xb67c,
    0x95b9, 0xa63b, 0x84f5, 0x4248, 0x41e5, 0x39e5, 0x52aa, 0x9dd9, 0x8d78, 0x4aea, 0x39e5, 0x41c6,
    0x4226, 0x4aa9, 0x8536, 0x8db9, 0x7cb5, 0x8d57, 0x95da, 0x9d97, 0x5289, 0x4206, 0x3a07, 0x7cb4,
    0x9dfa, 0xd73e, 0xcebb, 0x8c6f, 0x83ed, 0x8cd4, 0xa63b, 0xbe38, 0x8c0d, 0x8bec, 0x8bec, 0x8bec,
    0x8bec, 0x8bec, 0x8bec, 0x8bec, 0x8bec, 0x8bec, 0x8bec, 0x8c4e, 0x8c4f, 0x7bcc, 0x7bac, 0x7bac,
    0x7bac, 0x844f, 0xa596, 0x840e, 0x8c0d, 0x7bab, 0x7b8b, 0x8c0c, 0x940c, 0x940d, 0x8c0c, 0x8c0c,
    0x8c0d, 0x840c, 0x73c9, 0x6bc8, 0x8ccf, 0x9d73, 0xbe9a, 0xd73e, 0xdf5e, 0xce9b, 0x8410, 0x5aa7,
    0x52a5, 0x52c6, 0x5ae8, 0x6b49, 0x6308, 0x5ae8, 0x7bab, 0x9caf, 0x946d, 0x7389, 0x8c2c, 0xb52f,
    0xc5d1, 0xb570, 0xad34, 0xe73d, 0xe71d, 0xe71d, 0xe71d, 0xe73d, 0xe71d, 0xe71d, 0xe71d, 0xe71d,
    0xe71d, 0xe71d, 0xe71d, 0xe71d, 0xe71d, 0xe71d, 0xe71d, 0xe71d, 0xe71d, 0xe71d, 0xe71d, 0xe71d,
    0xe71d, 0xe71d, 0xe71d, 0xe71d, 0xe71d, 0xe71d, 0xe71d, 0xe71d, 0xe71d, 0xe71d, 0xe71d, 0xe71d,
    0xe71d, 0xe71d, 0xe71d, 0xdf1d, 0xd71d, 0xc6fd, 0xbefe, 0xbefe, 0xbefe, 0xbefe, 0xbefe, 0xc71e,
    0xe79f, 0xf7be, 0xf7bf, 0xf7bf, 0xf7bf, 0xf7bf, 0xef9f, 0xe73e, 0xe73d, 0xe71d, 0xe71d, 0xe71d,
    0xe71d, 0xe71d, 0xe71d, 0xe71d, 0xe71d, 0xe71d, 0xe71d, 0xe71d, 0xe71d, 0xe71d, 0xe71d, 0xe71d,
    0xe71d, 0xe71d, 0xe71d, 0xe71d, 0xe71d, 0xe71d, 0xe71d, 0xe71d, 0xe71d, 0xe71d, 0xe71d, 0xe75e,
    0xe75e, 0xe71d, 0xe71d, 0xe71d, 0xe71d, 0xe71d, 0xe71d, 0xe71d, 0xe71d, 0xe71d, 0xe71d, 0xe71d,
    0xd69b, 0x9c8f, 0xcdf2, 0xd632, 0xbd70, 0xa4ad, 0x846d, 0x6450, 0x7493, 0x5bf0, 0x4b4d, 0x5b6b,
    0x734a, 0x52a8, 0x4a86, 0x4a66, 0x842c, 0xbdf2, 0xbdb1, 0xad70, 0x848b, 0x73e8, 0x73e9, 0x6bc8,
    0x5b66, 0x5306, 0x5b27, 0x5b07, 0x73aa, 0x8c0d, 0x8c0d, 0x8c0d, 0x7baa, 0x6b69, 0x6b68, 0x73a9,
    0x83eb, 0x8c0d, 0x8cb0, 0x842d, 0x942d, 0x8c0d, 0x940d, 0x940d, 0x940d, 0x83cc, 0x7bca, 0x9510,
    0xb69a, 0x74b2, 0x5b28, 0x846f, 0xcedb, 0xd75e, 0xa65b, 0x8d77, 0x8471, 0xc6bb, 0xe79f, 0xcf1e,
    0x95da, 0x9dfa, 0x63af, 0x39c6, 0x39c5, 0x39a4, 0x3a07, 0x7c93, 0x8d78, 0x4aca, 0x39e5, 0x41e5,
    0x4206, 0x4a89, 0x8536, 0x8db8, 0x5b8f, 0x63f0, 0x95d9, 0x9d97, 0x4a48, 0x39a4, 0x3a07, 0x7cb4,
    0x9dda, 0xcf1d, 0xb5f7, 0x7bac, 0x6b4b, 0x8492, 0xa61a, 0xb618, 0x83ec, 0x83ec, 0x8bec, 0x8c0c,
    0x8c0c, 0x8bec, 0x8bec, 0x8bec, 0x8bec, 0x8bec, 0x8bec, 0xa532, 0xc658, 0x8c6f, 0x83ec, 0x8c0d,
    0x8c0c, 0x946f, 0xa575, 0x8c2e, 0x8c2d, 0x83ec, 0x734a, 0x8c0c, 0x8c0c, 0x8c0c, 0x8c0c, 0x8c0d,
    0x8c0d, 0x8c0c, 0x8c0c, 0x8c0c, 0x840b, 0x6be9, 0x9d73, 0xcefc, 0xd75e, 0xcebb, 0x842f, 0x5ac8,
    0x5b07, 0x52c6, 0x5ac7, 0x6b49, 0x6308, 0x5ac8, 0x6b4a, 0xa532, 0x94af, 0x738a, 0x8c2c, 0xb54f,
    0xcdf1, 0xbd70, 0xad54, 0xe75d, 0xe73d, 0xef3d, 0xe73d, 0xef5d, 0xef5d, 0xef3d, 0xef3d, 0xef5d,
    0xef3d, 0xef3d, 0xef3d, 0xef5d, 0xef5d, 0xef3d, 0xef3d, 0xef3d, 0xe73d, 0xef3d, 0xef3d, 0xef3d,
    0xef5d, 0xef3d, 0xef3d, 0xef3d, 0xef3d, 0xef3d, 0xef3d, 0xe73d, 0xe73d, 0xe73d, 0xe73d, 0xef3d,
    0xe73d, 0xe75d, 0xe73d, 0xd71d, 0xc6fe, 0xbefe, 0xbefe, 0xc6fe, 0xbefe, 0xbefe, 0xbefe, 0xc71e,
    0xe79f, 0xf7bf, 0xf7be, 0xf7bf, 0xf7bf, 0xf7bf, 0xefbe, 0xef9e, 0xe77e, 0xe75d, 0xe73d, 0xe73d,
    0xe73d, 0xe73d, 0xe73d, 0xe73d, 0xe73d, 0xe73d, 0xef3d, 0xef5d, 0xe73d, 0xe73d, 0xe73d, 0xef3d,
    0xef5d, 0xef3d, 0xef3d, 0xef3d, 0xef3d, 0xef3d, 0xef3d, 0xef3d, 0xef3d, 0xef3d, 0xe75d, 0xef7e,
    0xef7e, 0xe75d, 0xef3d, 0xef3d, 0xef3d, 0xef3d, 0xef3d, 0xef5d, 0xef3d, 0xe73d, 0xe73d, 0xe73d,
    0xd6bb, 0x9caf, 0xce12, 0xd632, 0xbd70, 0x9cad, 0x8cae, 0x6c70, 0x6c72, 0x5bf0, 0x4b8e, 0x5b6c,
    0x6b4a, 0x4a66, 0x4265, 0x4a46, 0x840c, 0xc5d1, 0xb570, 0x9cce, 0x7be9, 0x842a, 0x8c2c, 0x7bca,
    0x73a9, 0x6b68, 0x6b69, 0x83ec, 0x83ec, 0x8c0d, 0x8bec, 0x83cb, 0x6b68, 0x7389, 0x8beb, 0x8c0c,
    0x8c0c, 0x8c0c, 0x8c2d, 0x8c2d, 0x940d, 0x940d, 0x8c0c, 0x8c2c, 0x8c0c, 0x83ec, 0x7bcb, 0x9d10,
    0xb69a, 0x7cd3, 0x7c0c, 0x844e, 0xc6ba, 0xdf7e, 0xae7c, 0x8d57, 0x73ef, 0xc679, 0xef9f, 0xcf1e,
    0x9dfa, 0x95b9, 0x52cb, 0x2943, 0x3163, 0x2983, 0x2984, 0x6411, 0x8d78, 0x4aca, 0x39e5, 0x41e5,
    0x4a06, 0x4a89, 0x8536, 0x9598, 0x532c, 0x5b8e, 0x95b9, 0x63af, 0x39e6, 0x4a47, 0x52a9, 0x84f5,
    0xa63b, 0xcf1d, 0x73ef, 0x39e5, 0x39a4, 0x52eb, 0x9577, 0xadd7, 0x62e9, 0x5ac8, 0x736a, 0x83cb,
    0x83cc, 0x83ac, 0x83ab, 0x83cc, 0x8bec, 0x8c0c, 0x8bec, 0x948f, 0xad74, 0x948f, 0x8bec, 0x8c0c,
    0x8c2c, 0x8c4e, 0x94b1, 0x8c0d, 0x8c0d, 0x8c0d, 0x83cc, 0x8c0c, 0x8c0d, 0x8c0d, 0x8c0c, 0x8c0c,
    0x940d, 0x940d, 0x8c0d, 0x8c0c, 0x83ec, 0x6368, 0x7c6c, 0xb678, 0xbe9b, 0xcebb, 0x8c50, 0x5ac8,
    0x6308, 0x4a85, 0x5286, 0x7349, 0x6b29, 0x5aa8, 0x6b29, 0x946e, 0x8c6d, 0x738a, 0x8c2d, 0xb550,
    0xcdf2, 0xbd71, 0xad54, 0xef5d, 0xef5d, 0xef5d, 0xef5d, 0xef5d, 0xef5d, 0xef5d, 0xef5d, 0xef5d,
    0xef5d, 0xef5d, 0xef5d, 0xef5d, 0xef5d, 0xef5d, 0xef5d, 0xef5d, 0xef5d, 0xef5d, 0xef5d, 0xef5d,
    0xef5d, 0xef5d, 0xef5d, 0xef5d, 0xef5d, 0xef5d, 0xef3d, 0xef3d, 0xef5d, 0xef3d, 0xef3d, 0xef5d,
    0xef5d, 0xef5d, 0xe73d, 0xcf1d, 0xbefe, 0xbefe, 0xbefe, 0xc6fe, 0xbefe, 0xbefe, 0xbefe, 0xc71d,
    0xe79f, 0xf7bf, 0xf7bf, 0xefbe, 0xefbf, 0xf7be, 0xf7be, 0xefbf, 0xef9e, 0xef7e, 0xef5d, 0xef5d,
    0xef5d, 0xef3d, 0xef3d, 0xef3d, 0xef3d, 0xef3d, 0xef5d, 0xef5d, 0xef5d, 0xef5d, 0xef5d, 0xef5d,
    0xef5d, 0xef5d, 0xef3d, 0xef3d, 0xef3d, 0xef3d, 0xef3d, 0xef3d, 0xef3d, 0xef5d, 0xef5d, 0xef5d,
    0xef5d, 0xef5d, 0xef5d, 0xef3d, 0xef3d, 0xef3d, 0xef5d, 0xef5d, 0xef5d, 0xef3d, 0xef3d, 0xe73d,
    0xd6bb, 0x9caf, 0xce12, 0xd632, 0xbd70, 0x948c, 0x848c, 0x6c90, 0x6410, 0x6c30, 0x5bf0, 0x638c,
    0x6b6a, 0x4244, 0x3a23, 0x4a45, 0x83ec, 0xc5d1, 0xad2f, 0x842b, 0x73a9, 0x8c2c, 0x940d, 0x942d,
    0x942c, 0x7baa, 0x7baa, 0x8c0d, 0x8c0d, 0x8bec, 0x7bab, 0x736a, 0x83eb, 0x8c2d, 0x940d, 0x940c,
    0x944d, 0x946e, 0x8c2d, 0x8c0c, 0x940d, 0x8c0c, 0x8c4c, 0x948d, 0x9cad, 0x8c4c, 0x6308, 0x6b8b,
    0xae3a, 0x8d55, 0x634a, 0x5b2a, 0xbe59, 0xdf5e, 0xae5c, 0x7cf6, 0x52ca, 0xb618, 0xe79f, 0xcf1d,
    0x9dda, 0x9598, 0x632c, 0x39c5, 0x3163, 0x3183, 0x29a4, 0x63f0, 0x8537, 0x4289, 0x39c5, 0x41c5,
    0x39c5, 0x4248, 0x8515, 0x7494, 0x3a28, 0x5bae, 0x95b9, 0x4acb, 0x4a26, 0x5a88, 0x52a9, 0x84f5,
    0xae3b, 0xd73d, 0x7bef, 0x5268, 0x5267, 0x4a89, 0x84d4, 0xa596, 0x5267, 0x4206, 0x4205, 0x4a46,
    0x4a46, 0x5246, 0x5247, 0x4a47, 0x6b2a, 0x736a, 0x736a, 0x734a, 0x734a, 0x734a, 0x734a, 0x7bab,
    0x83ec, 0x944d, 0x948d, 0x946d, 0x8c2c, 0x8c2d, 0x8c0c, 0x8c0c, 0x944c, 0x8c0c, 0x8c0d, 0x8c0c,
    0x8c0d, 0x8c0c, 0x8c0c, 0x8c0d, 0x83ec, 0x73a9, 0x848d, 0xb679, 0xa5f9, 0xc69b, 0x8c50, 0x5ac8,
    0x6328, 0x4a85, 0x52a6, 0x736a, 0x734a, 0x62e9, 0x7bab, 0x946d, 0x8c6d, 0x738a, 0x8c2d, 0xb54f,
    0xcdf2, 0xbd91, 0xad54, 0xef5d, 0xef5d, 0xef5d, 0xef5d, 0xef5d, 0xef5d, 0xef5d, 0xef5d, 0xef5d,
    0xef5d, 0xef3d, 0xef3d, 0xef5d, 0xef5d, 0xef5d, 0xef5d, 0xef5d, 0xef5d, 0xef5d, 0xef5d, 0xef5d,
    0xef5d, 0xef5d, 0xef5d, 0xef5d, 0xef5d, 0xef5d, 0xef3d, 0xef3d, 0xef5d, 0xef5d, 0xef3d, 0xef5d,
    0xef5d, 0xef5d, 0xdf3d, 0xc6fd, 0xbefe, 0xbefe, 0xbefe, 0xbefe, 0xbefe, 0xbefe, 0xbefe, 0xc6fe,
    0xdf5e, 0xef9f, 0xefbf, 0xe79e, 0xef9f, 0xefbf, 0xefbe, 0xf7bf, 0xefbf, 0xef9e, 0xef7e, 0xef5d,
    0xef5d, 0xef3d, 0xef3d, 0xef3d, 0xef5d, 0xef5d, 0xef5d, 0xef5d, 0xef5d, 0xef5d, 0xef5d, 0xef5d,
    0xef5d, 0xef5d, 0xef5d, 0xef5d, 0xef5d, 0xef5d, 0xef5d, 0xef5d, 0xef5d, 0xef5d, 0xef5d, 0xef5d,
    0xef5d, 0xef5d, 0xef5d, 0xef5d, 0xef5d, 0xef5d, 0xef5d, 0xef5d, 0xef5d, 0xef3d, 0xe73d, 0xef3d,
    0xd6bb, 0x9cb0, 0xce12, 0xd633, 0xbd70, 0x9c8c, 0x7c0a, 0x640e, 0x6410, 0x6c51, 0x5c10, 0x638d,
    0x7baa, 0x52a6, 0x4285, 0x4a66, 0x840c, 0xc5d1, 0xa4ce, 0x83cb, 0x7ba9, 0x8c2c, 0x8c0c, 0x8c0c,
    0x942d, 0x8c2c, 0x8c0c, 0x8c0d, 0x8bed, 0x83cb, 0x7369, 0x8bcc, 0x940c, 0x940c, 0x8c0d, 0x944c,
    0x9cce, 0xad93, 0x9d74, 0x7bed, 0x736b, 0x5287, 0x4a65, 0x5286, 0x5266, 0x4a46, 0x31a4, 0x4268,
    0xa619, 0x9db7, 0x4a89, 0x4247, 0xae18, 0xd75e, 0xa65b, 0x8536, 0x5b0b, 0x8451, 0xdf5e, 0xcf1d,
    0x95da, 0x7452, 0x52a9, 0x4a27, 0x39c4, 0x39a4, 0x31a4, 0x532d, 0x7cf6, 0x3a48, 0x2942, 0x3163,
    0x2983, 0x3a07, 0x7cf5, 0x6c31, 0x3a06, 0x63af, 0x95b8, 0x52ca, 0x4a26, 0x52a8, 0x5ac9, 0x84f5,
    0xae5b, 0xd73e, 0x7c0f, 0x5a89, 0x5a87, 0x52a9, 0x7493, 0x9d76, 0x5288, 0x5267, 0x5247, 0x5268,
    0x5268, 0x5268, 0x5288, 0x5267, 0x4a26, 0x4a06, 0x4a06, 0x4a06, 0x4205, 0x39c5, 0x3984, 0x4a46,
    0x5aa7, 0x738a, 0x7beb, 0x73cb, 0x6b6a, 0x738c, 0x73ab, 0x840b, 0x946c, 0x8c2c, 0x8c0c, 0x8c0d,
    0x8c0d, 0x8c0c, 0x8bec, 0x8c0d, 0x8c0c, 0x8c2b, 0x9cef, 0xc6ba, 0xae19, 0xce9b, 0x8c50, 0x5ac8,
    0x6308, 0x52c6, 0x52a6, 0x736a, 0x736a, 0x6309, 0x83eb, 0x946d, 0x8c4c, 0x738a, 0x8c2c, 0xb54f,
    0xce12, 0xb591, 0xad54, 0xef5d, 0xef3d, 0xef3d, 0xef5d, 0xef5d, 0xef5d, 0xef5d, 0xef5d, 0xef5d,
    0xef5d, 0xef5d, 0xef5d, 0xef5d, 0xef5d, 0xef5d, 0xef5d, 0xef5d, 0xef5d, 0xef5d, 0xef5d, 0xef5d,
    0xef5d, 0xef5d, 0xef5d, 0xef5d, 0xef5d, 0xef5d, 0xef5d, 0xef5d, 0xef5d, 0xef5d, 0xef3d, 0xef3d,
    0xe73d, 0xe73d, 0xd71e, 0xbefe, 0xbefe, 0xbefe, 0xbefe, 0xbefe, 0xbefe, 0xbefe, 0xbefe, 0xbefe,
    0xc71e, 0xd75e, 0xefbf, 0xe79e, 0xe79e, 0xefbf, 0xefbe, 0xefbf, 0xefbf, 0xefbf, 0xef9e, 0xef7e,
    0xef5d, 0xef3d, 0xef3d, 0xef5d, 0xef5d, 0xef5d, 0xef5d, 0xef5d, 0xef5d, 0xef5d, 0xef5d, 0xef5d,
    0xef5d, 0xef5d, 0xef5d, 0xef5d, 0xef5d, 0xef5d, 0xef5d, 0xef5d, 0xef5d, 0xef5d, 0xef5d, 0xef5d,
    0xef5d, 0xef5d, 0xef5d, 0xef5d, 0xef5d, 0xef5d, 0xef5d, 0xef5d, 0xef5d, 0xef5d, 0xef3d, 0xef5d,
    0xd6bb, 0x9cb0, 0xce12, 0xd613, 0xbd6f, 0x9cac, 0x7c0a, 0x6bec, 0x6c0f, 0x6c51, 0x5c10, 0x63ad,
    0x7bab, 0x6328, 0x52a6, 0x4a86, 0x840c, 0xbd90, 0xa48e, 0x8bec, 0x8c0c, 0x8c0c, 0x83cb, 0x738a,
    0x942d, 0x942d, 0x8c2c, 0x8c2c, 0x944c, 0x840b, 0x6348, 0x6329, 0x6b29, 0x6b09, 0x6b09, 0x73aa,
    0xad92, 0xcefb, 0x9d97, 0x4268, 0x31a4, 0x2963, 0x3184, 0x41e5, 0x41e5, 0x39e5, 0x4206, 0x52ca,
    0xae19, 0x9d96, 0x52c9, 0x5288, 0x8cd3, 0xcefd, 0xae5b, 0x8516, 0x630b, 0x73ef, 0xd73d, 0xc71d,
    0x95b9, 0x6bf0, 0x5267, 0x5246, 0x41c5, 0x31a4, 0x3184, 0x530c, 0x7cf6, 0x3a69, 0x2943, 0x2943,
    0x39a5, 0x4207, 0x7473, 0x6c31, 0x39e6, 0x5b4d, 0x8d77, 0x4aaa, 0x4205, 0x5287, 0x52a9, 0x8d15,
    0xae5b, 0xdf3e, 0x7bef, 0x5288, 0x5287, 0x52a9, 0x7c93, 0x9535, 0x5aa9, 0x5a88, 0x5a88, 0x5a88,
    0x5a88, 0x5a88, 0x5a88, 0x5aa8, 0x5a88, 0x5a88, 0x5a88, 0x5a88, 0x5287, 0x4a47, 0x4a26, 0x4206,
    0x4a47, 0x52ca, 0x5b6d, 0x63cf, 0x7c92, 0xa5d7, 0x9514, 0x52c8, 0x4a66, 0x634a, 0x8c8e, 0x94af,
    0x842d, 0x7bab, 0x83cb, 0x8bec, 0x840c, 0x8c6d, 0x9d32, 0xceda, 0xae19, 0xcebb, 0x8c50, 0x5aa8,
    0x6308, 0x5b07, 0x4264, 0x6b69, 0x738b, 0x6b29, 0x840c, 0x946d, 0x8c2c, 0x7369, 0x8c4c, 0xbd70,
    0xce12, 0x948e, 0xbdd6, 0xef5d, 0xef3d, 0xef3d, 0xef5d, 0xef5d, 0xef5d, 0xef5d, 0xef5d, 0xef5d,
    0xef3d, 0xef5d, 0xef5d, 0xef5d, 0xef5d, 0xef5d, 0xef5d, 0xef5d, 0xef5d, 0xef5d, 0xef5d, 0xef5d,
    0xef5d, 0xef5d, 0xef5d, 0xef5d, 0xef5d, 0xef5d, 0xef5d, 0xef5d, 0xef3d, 0xef3d, 0xef3d, 0xe73d,
    0xe73d, 0xd71d, 0xc6fd, 0xbefe, 0xbefe, 0xbefe, 0xbefe, 0xbefe, 0xbefe, 0xbefe, 0xbefe, 0xbefe,
    0xbefe, 0xc71d, 0xe79e, 0xefbf, 0xe77e, 0xe79e, 0xefbf, 0xf7bf, 0xefbf, 0xefbf, 0xef9e, 0xef9e,
    0xef5d, 0xef5d, 0xef5d, 0xef5d, 0xef5d, 0xef5d, 0xef5d, 0xef5d, 0xef5d, 0xef5d, 0xef5d, 0xef5d,
    0xef5d, 0xef5d, 0xef5d, 0xef5d, 0xef5d, 0xef5d, 0xef5d, 0xef5d, 0xef5d, 0xef5d, 0xef5d, 0xef5d,
    0xef5d, 0xef5d, 0xef5d, 0xef5d, 0xef5d, 0xef5d, 0xef5d, 0xef5d, 0xef5d, 0xef5d, 0xef5d, 0xef5d,
    0xe71c, 0xa532, 0xb550, 0xce12, 0xc5b0, 0xa4ed, 0x842a, 0x7c0c, 0x6c2f, 0x7492, 0x6431, 0x5bae,
    0x6b8b, 0x6308, 0x4aa5, 0x5ae7, 0x6b29, 0x9cae, 0x946d, 0x8c2c, 0x842c, 0x7bec, 0x83ec, 0x840e,
    0x9490, 0x840e, 0x6b6b, 0x73ac, 0x7c2d, 0x73cd, 0x5b8d, 0x636c, 0x39e5, 0x39a4, 0x39c4, 0x4226,
    0x9534, 0xcf3d, 0x9597, 0x52ca, 0x4a26, 0x4a27, 0x5247, 0x5288, 0x5288, 0x5a88, 0x5a88, 0x630a,
    0xadf8, 0x9534, 0x4aa8, 0x5268, 0x6b8e, 0xc6bc, 0xae5b, 0x8516, 0x52ea, 0x6bae, 0xd73d, 0xc71d,
    0xa63b, 0x63cf, 0x31a4, 0x3184, 0x3183, 0x2983, 0x2983, 0x530c, 0x7cf5, 0x4289, 0x3184, 0x3184,
    0x39a5, 0x39a5, 0x532c, 0x6bef, 0x3184, 0x31e6, 0x7c93, 0x4289, 0x2963, 0x31a4, 0x39e6, 0x84d4,
    0xae5b, 0xdf3d, 0x6b6c, 0x31a3, 0x39a4, 0x4206, 0x4a88, 0x52a9, 0x4a27, 0x4a26, 0x5267, 0x5aa8,
    0x6b2a, 0x6b2a, 0x6b2a, 0x6b2a, 0x6b2a, 0x6b2a, 0x6b2a, 0x6b2a, 0x6b0a, 0x62c9, 0x5aa8, 0x5a88,
    0x52a8, 0x52a9, 0x5b2c, 0x7cd4, 0x7cf6, 0xae7b, 0x8492, 0x4a47, 0x4205, 0x6bad, 0x8d34, 0xa618,
    0x8d34, 0x6c30, 0x7430, 0x84b1, 0x8cf2, 0x9d96, 0xb659, 0xd73d, 0xb619, 0xcedc, 0x8c50, 0x52a7,
    0x6308, 0x5b07, 0x4aa5, 0x5b07, 0x738a, 0x6b6a, 0x840d, 0x842d, 0x7bcc, 0x83ec, 0xa4ce, 0xbd70,
    0xcdf2, 0x9cd1, 0xdefb, 0xef5d, 0xef5d, 0xef5d, 0xef5d, 0xef5d, 0xef5d, 0xef5d, 0xef5d, 0xef7e,
    0xef7e, 0xef5d, 0xef5d, 0xef5d, 0xef5d, 0xef5d, 0xef5d, 0xef5d, 0xef5d, 0xef5d, 0xef5d, 0xef5d,
    0xef5d, 0xef5d, 0xef5d, 0xef5d, 0xef5d, 0xef5d, 0xef5d, 0xef5d, 0xef3d, 0xef3d, 0xef3d, 0xe73d,
    0xe73d, 0xcf1d, 0xbefe, 0xbefe, 0xbefe, 0xbefe, 0xc71e, 0xc6fe, 0xbefe, 0xbefe, 0xbefe, 0xbefe,
    0xbefe, 0xc71d, 0xe7be, 0xefbf, 0xef9e, 0xef9e, 0xf7bf, 0xefbf, 0xefbf, 0xefbf, 0xef9f, 0xef9e,
    0xef9e, 0xef9e, 0xef5d, 0xef5d, 0xef5d, 0xef5d, 0xef5d, 0xef5d, 0xef5d, 0xef5d, 0xef5d, 0xef5d,
    0xef5d, 0xef5d, 0xef5d, 0xef5d, 0xef5d, 0xef5d, 0xef5d, 0xef5d, 0xef5d, 0xef5d, 0xef5d, 0xef5d,
    0xef5d, 0xef5d, 0xef5d, 0xef5d, 0xef5d, 0xef5d, 0xef5d, 0xef5d, 0xef5d, 0xef5d, 0xef5d, 0xef5d,
    0xef5d, 0xce78, 0xa4f0, 0xcdf1, 0xc611, 0xad0f, 0x844c, 0x7c4e, 0x6c51, 0x6c72, 0x5c31, 0x53cf,
    0x536c, 0x5ae9, 0x5ae8, 0x62e8, 0x5a87, 0x840c, 0xadb4, 0x9513, 0x8d13, 0x7471, 0x9555, 0xb67a,
    0xa5f9, 0x7cd4, 0x7472, 0xa5b7, 0xc6db, 0x9dd8, 0x7c73, 0x5b0b, 0x4a47, 0x5247, 0x5287, 0x5aa8,
    0x8470, 0xcf1c, 0x9db8, 0x6b4c, 0x5ac9, 0x5ae9, 0x6309, 0x6309, 0x6309, 0x6309, 0x6b2a, 0x630a,
    0x7c51, 0x8cd3, 0x4247, 0x4206, 0x636c, 0xc6bb, 0xae5b, 0x84f4, 0x3a07, 0x5b0b, 0xcf1d, 0xcf1d,
    0xae5b, 0x63cf, 0x4a47, 0x5267, 0x39c4, 0x2963, 0x2142, 0x4acb, 0x63d0, 0x31c5, 0x2963, 0x3184,
    0x3184, 0x2943, 0x4aaa, 0x638d, 0x2142, 0x29a4, 0x7410, 0x4a89, 0x4226, 0x5288, 0x52a8, 0x6bae,
    0xae1a, 0xd73d, 0x6b8c, 0x39a4, 0x3984, 0x31a4, 0x31e5, 0x31a4, 0x2943, 0x2962, 0x3183, 0x31a3,
    0x4a26, 0x4a46, 0x4a46, 0x4a46, 0x4a46, 0x4a46, 0x4a46, 0x4a46, 0x4a46, 0x5ac8, 0x6309, 0x6b0a,
    0x6309, 0x62e9, 0x62ea, 0x7c31, 0x7452, 0xae5b, 0x7c30, 0x5aa8, 0x5aa8, 0x5b0b, 0x8492, 0xa61a,
    0x9dfa, 0x8d78, 0x8db9, 0x95d9, 0x9598, 0x95b8, 0xb6bc, 0xe77e, 0xb63a, 0xd6dc, 0x8c70, 0x4225,
    0x62e7, 0x5ae7, 0x4284, 0x4285, 0x6349, 0x7c2e, 0xbe17, 0xc658, 0xbe38, 0xc678, 0xc5f3, 0xbdb0,
    0xa50f, 0x9cb2, 0xe71c, 0xef3d, 0xef5d, 0xef5d, 0xef5d, 0xef5d, 0xef3d, 0xe75d, 0xd73d, 0xef9e,
    0xf7be, 0xef7d, 0xef5d, 0xef3d, 0xef5d, 0xef5d, 0xef5d, 0xef5d, 0xef5d, 0xef5d, 0xef5d, 0xef5d,
    0xef5d, 0xef5d, 0xef5d, 0xef5d, 0xef5d, 0xef5d, 0xef5d, 0xef5d, 0xef3d, 0xe73d, 0xe73d, 0xdf3d,
    0xdf3e, 0xc6fd, 0xbefe, 0xbefe, 0xbefe, 0xc73e, 0xcf5e, 0xc71d, 0xbefe, 0xbefe, 0xbefe, 0xbefe,
    0xc6fe, 0xcf3d, 0xe79e, 0xefbf, 0xefbf, 0xefbf, 0xefbf, 0xefbf, 0xefbf, 0xf7bf, 0xf7bf, 0xf7bf,
    0xefbf, 0xef9e, 0xef7e, 0xef5e, 0xef5d, 0xef5d, 0xef5d, 0xef5d, 0xef5d, 0xef5d, 0xef5d, 0xef5d,
    0xef5d, 0xef5d, 0xef5d, 0xef5d, 0xef5d, 0xef5d, 0xef5d, 0xef5d, 0xef5d, 0xef5d, 0xef3d, 0xe75e,
    0xe75d, 0xef5d, 0xef5d, 0xef5d, 0xef5d, 0xef5d, 0xef5d, 0xef5d, 0xef5d, 0xef5d, 0xef5d, 0xef3d,
    0xef3d, 0xe71c, 0xa532, 0xbdd1, 0xc634, 0xbe57, 0xae17, 0xae18, 0xae39, 0x8536, 0x5bf0, 0x53cf,
    0x538e, 0x530b, 0x52a7, 0x5ac7, 0x62e8, 0x7bed, 0xd73c, 0xc6fc, 0xa61a, 0x8d77, 0xa639, 0xb69c,
    0xa61a, 0x7430, 0x73ae, 0xce9a, 0xdf5e, 0xa5d8, 0x632c, 0x5aa8, 0x5a88, 0x62c9, 0x6309, 0x6b2a,
    0x8c70, 0xcefb, 0x9d97, 0x632b, 0x4a26, 0x4205, 0x4205, 0x4206, 0x4206, 0x4226, 0x4a47, 0x4a26,
    0x6bce, 0x84b2, 0x31c5, 0x3183, 0x4a88, 0xa596, 0xae5a, 0x63ae, 0x31a5, 0x52ea, 0xc6db, 0xcefd,
    0xa65b, 0x6c10, 0x738b, 0x7bab, 0x62e9, 0x41e6, 0x3184, 0x31e6, 0x31e6, 0x2122, 0x2122, 0x2942,
    0x2963, 0x3183, 0x39e5, 0x31e5, 0x2162, 0x29a3, 0x4248, 0x3a06, 0x5287, 0x6b09, 0x6b0a, 0x5b2c,
    0xae19, 0xc6bb, 0x7bce, 0x62e9, 0x62e9, 0x630a, 0x6bac, 0x5b0a, 0x39e5, 0x3184, 0x39c4, 0x39c4,
    0x39c4, 0x3183, 0x2962, 0x2942, 0x2943, 0x2943, 0x2942, 0x2942, 0x2962, 0x31a3, 0x4a26, 0x5aa8,
    0x5aa8, 0x5288, 0x5287, 0x52a9, 0x63af, 0xae3a, 0x7c51, 0x630a, 0x6b09, 0x632a, 0x636d, 0x9598,
    0xae7c, 0x7cf5, 0x8d98, 0xa63a, 0xae1a, 0x9597, 0xbedc, 0xe77e, 0xb63a, 0xd6fc, 0xad54, 0x5aa8,
    0x5b09, 0x638c, 0x5b6c, 0x7c70, 0xa5d6, 0xcefc, 0xdf7e, 0xdf7e, 0xd75e, 0xdf7e, 0xdf1b, 0xce76,
    0xb5b4, 0xce79, 0xe75d, 0xef5d, 0xef5d, 0xef5d, 0xef5d, 0xef3d, 0xe73d, 0xd71d, 0xc6fd, 0xe79f,
    0xefbf, 0xf7bf, 0xef7e, 0xef3d, 0xef3d, 0xef5d, 0xef5d, 0xef5d, 0xef5d, 0xef5d, 0xef5d, 0xef5d,
    0xef5d, 0xef5d, 0xef5d, 0xef5d, 0xe75d, 0xe73d, 0xef5d, 0xe75d, 0xef5d, 0xef3d, 0xdf3d, 0xc6fd,
    0xc6fd, 0xbefd, 0xbefe, 0xbefe, 0xbefe, 0xc6fd, 0xc71d, 0xbefe, 0xbefe, 0xbefe, 0xbefe, 0xbefe,
    0xc6fe, 0xdf7e, 0xefdf, 0xefbe, 0xf7bf, 0xefbf, 0xefbf, 0xefbe, 0xefbf, 0xefbf, 0xf7bf, 0xf7bf,
    0xf7bf, 0xef9e, 0xef9e, 0xef9e, 0xef5e, 0xef5d, 0xef5d, 0xef5d, 0xef5d, 0xef5d, 0xef5d, 0xef5d,
    0xef5d, 0xef5d, 0xef5d, 0xef5d, 0xef5d, 0xef5d, 0xef5d, 0xef5d, 0xef5d, 0xef3d, 0xef5d, 0xd71d,
    0xc6dc, 0xdf5d, 0xe75d, 0xef5d, 0xef5d, 0xef5d, 0xef5d, 0xef5d, 0xef5d, 0xef5d, 0xef5d, 0xef5d,
    0xe75d, 0xe73c, 0xbdd6, 0xadb3, 0xced9, 0xdf7e, 0xcf1d, 0xd75e, 0xe79e, 0xc6bb, 0x95b7, 0x8514,
    0x7cf4, 0x7492, 0x742f, 0x5b29, 0x62e8, 0x7bee, 0xd73d, 0xd75e, 0xa63a, 0x74d5, 0x84f4, 0xb67b,
    0x8d57, 0x638d, 0x632a, 0xa554, 0xcefc, 0x8d15, 0x52a9, 0x5267, 0x5267, 0x5288, 0x5288, 0x5aa8,
    0x632b, 0x9555, 0x63ce, 0x39e5, 0x3183, 0x2983, 0x2963, 0x2962, 0x2942, 0x3183, 0x4206, 0x4a46,
    0x6b8d, 0x7c50, 0x4246, 0x5286, 0x5aa8, 0x8cb2, 0xae3a, 0x634d, 0x5288, 0x5aea, 0x9d96, 0xc6fd,
    0x9e3b, 0x6c10, 0x738b, 0x83cc, 0x736b, 0x5267, 0x4a26, 0x39c5, 0x3184, 0x3183, 0x39a4, 0x3183,
    0x41e5, 0x41c5, 0x39c4, 0x2161, 0x2181, 0x29a2, 0x39a4, 0x39c5, 0x5287, 0x6b0a, 0x6b09, 0x632b,
    0xae19, 0xa575, 0x6b4b, 0x6309, 0x6b0a, 0x6b2a, 0x738b, 0x6b6b, 0x630a, 0x6309, 0x6b4a, 0x736b,
    0x736b, 0x6309, 0x5ac8, 0x5ac8, 0x5ac8, 0x6308, 0x6309, 0x62e9, 0x5287, 0x4205, 0x41e4, 0x4204,
    0x4205, 0x41e5, 0x4204, 0x4205, 0x52a9, 0x9576, 0x6bce, 0x4a47, 0x4a46, 0x4a46, 0x4aa9, 0x84f5,
    0xae7c, 0x7cb4, 0x8d78, 0xae9c, 0xbe7a, 0x7431, 0xae39, 0xe77e, 0xb63a, 0xd6fc, 0xdeda, 0x8cb2,
    0x8d14, 0x95b8, 0x9578, 0xae5c, 0xbe9c, 0xbe7a, 0xc69a, 0xc6bb, 0xc6fd, 0xcf3e, 0xdf5e, 0xdf3d,
    0xdf5d, 0xe75d, 0xef5d, 0xef5d, 0xef5d, 0xef5d, 0xef5d, 0xe73d, 0xd73d, 0xc71e, 0xc71d, 0xefbe,
    0xf7bf, 0xf7bf, 0xef9e, 0xef9e, 0xef7d, 0xef5d, 0xef5d, 0xef5d, 0xef5d, 0xef5d, 0xef5d, 0xef5d,
    0xef5d, 0xef5d, 0xef5d, 0xef5d, 0xef5d, 0xef5d, 0xef5d, 0xef5d, 0xef5d, 0xe75d, 0xc6dc, 0xb6bd,
    0xbefe, 0xbefe, 0xbefe, 0xbefe, 0xbefe, 0xbefe, 0xbefd, 0xbefe, 0xbefe, 0xbefe, 0xb6dd, 0xae9d,
    0xb69c, 0xd73e, 0xefbf, 0xefbe, 0xf7bf, 0xef9e, 0xefbf, 0xefbe, 0xefbf, 0xefbf, 0xf7bf, 0xf7bf,
    0xf7bf, 0xefbf, 0xefbf, 0xefbe, 0xef7d, 0xef5d, 0xef5d, 0xef5d, 0xef5d, 0xef5d, 0xef5d, 0xef5d,
    0xef5d, 0xef5d, 0xef5d, 0xef5d, 0xef5d, 0xef5d, 0xef5d, 0xef5d, 0xef5d, 0xe75d, 0xe75e, 0xcf3e,
    0xbedd, 0xdf5e, 0xe75d, 0xef5d, 0xef5d, 0xef5d, 0xef5d, 0xef5d, 0xef5d, 0xef5d, 0xef5d, 0xef5d,
    0xe75d, 0xe75d, 0xcedb, 0xae19, 0xdf5e, 0xe79f, 0xe77f, 0xe79f, 0xef9f, 0xe79f, 0xdf5e, 0xcf1e,
    0xbebd, 0xa63b, 0x9dfa, 0x7c72, 0x5288, 0x6bad, 0xc6db, 0xcf1d, 0x95b9, 0x63f1, 0x7430, 0xb65b,
    0x8516, 0x52ca, 0x5267, 0x94d2, 0xc6dc, 0x7451, 0x39e5, 0x41e5, 0x39e5, 0x39e5, 0x39e5, 0x4205,
    0x4226, 0x742f, 0x636c, 0x4a45, 0x73aa, 0x8c6d, 0x8c4d, 0x8c4d, 0x736b, 0x6b2a, 0x7bac, 0x7bac,
    0x7bcd, 0x7bcc, 0x5b08, 0x6b8a, 0x5ac8, 0x8cb2, 0xae1a, 0x636d, 0x5ac8, 0x5ae9, 0x94f3, 0xc6dc,
    0x9e1a, 0x6c10, 0x73ac, 0x7bcc, 0x736b, 0x5247, 0x4a27, 0x4a27, 0x41e5, 0x39a4, 0x4205, 0x49e6,
    0x39c5, 0x41e5, 0x39c4, 0x2182, 0x2182, 0x31a3, 0x39c4, 0x39c4, 0x5267, 0x6b0a, 0x6b0a, 0x5b2b,
    0xae19, 0x94d3, 0x6309, 0x62e9, 0x6b09, 0x6b09, 0x6b2a, 0x736b, 0x736b, 0x736b, 0x736b, 0x736b,
    0x736a, 0x7bab, 0x7bab, 0x7bab, 0x7bab, 0x7bab, 0x7bab, 0x83cc, 0x83ec, 0x948d, 0x9cce, 0x9cce,
    0x9cce, 0x9cce, 0x9cae, 0x9cae, 0x9cae, 0x9d74, 0x6b8c, 0x4a46, 0x4a46, 0x4a46, 0x4a67, 0x7431,
    0x9df9, 0x6c11, 0x8d78, 0xb6dd, 0xc679, 0x5b2c, 0xa5d7, 0xe77e, 0xae1a, 0xce9a, 0x9d33, 0x9d97,
    0xae5c, 0xa61a, 0x8d36, 0x9577, 0x9d75, 0x9d12, 0xad73, 0xadb5, 0xb659, 0xc6da, 0xcefb, 0xd71c,
    0xdf5e, 0xdf3d, 0xef5d, 0xef7d, 0xef7d, 0xef7d, 0xef7d, 0xd71d, 0xb69c, 0xb6bd, 0xc71d, 0xe7bf,
    0xefbf, 0xf7bf, 0xefbe, 0xefbf, 0xef9e, 0xef9d, 0xef7d, 0xef7d, 0xef7d, 0xef7d, 0xef7d, 0xef7d,
    0xef7d, 0xef9d, 0xef9d, 0xef9d, 0xef9d, 0xef9d, 0xef7d, 0xef7d, 0xef7d, 0xe75d, 0x9db8, 0x9e1b,
    0xb6de, 0xbedd, 0xbefe, 0xb6dd, 0xae9d, 0xbefd, 0xbefe, 0xbefe, 0xbefd, 0xb6bd, 0x8d99, 0x8579,
    0xae9c, 0xdf5e, 0xefbf, 0xf7bf, 0xefbe, 0xef9e, 0xefbf, 0xefbe, 0xefbe, 0xefbf, 0xefbe, 0xef9e,
    0xefbf, 0xefbf, 0xefbf, 0xefbe, 0xef9d, 0xef7d, 0xf79d, 0xf79d, 0xef7d, 0xf79d, 0xef7d, 0xef7d,
    0xef7d, 0xef7d, 0xef7d, 0xef7d, 0xef7d, 0xef7d, 0xef9d, 0xef7d, 0xef7d, 0xdf5d, 0xc6fd, 0xbefd,
    0xbefd, 0xe79e, 0xef9e, 0xef7d, 0xef7d, 0xef7d, 0xef7d, 0xef9d, 0xef7d, 0xef7d, 0xef9d, 0xef7d,
    0xef7d, 0xef7d, 0xbe9a, 0xc6fd, 0xe77e, 0xef9e, 0xe79f, 0xdf7e, 0xdf7e, 0xdf7f, 0xd73e, 0xae7b,
    0x9df9, 0x8d77, 0x95b9, 0x8d16, 0x5b0b, 0x530a, 0x9db6, 0xcf1d, 0x95b9, 0x5b6e, 0x5b2b, 0x9d97,
    0x7c92, 0x52a8, 0x5266, 0x9490, 0xb659, 0x6bae, 0x5ac8, 0x946d, 0x9cce, 0x9cae, 0x9cae, 0x948e,
    0x948e, 0x9cf0, 0x9ccf, 0xa4ef, 0x946d, 0x8c2d, 0x8c2d, 0x8c2d, 0x83cc, 0x7bac, 0x7bac, 0x7bac,
    0x7bac, 0x7bcc, 0x7bab, 0x73ab, 0x6309, 0x8471, 0xa619, 0x636d, 0x5ac8, 0x62e9, 0x6b8d, 0xb619,
    0x9576, 0x5b4b, 0x7bac, 0x83cc, 0x736b, 0x5247, 0x4a27, 0x5247, 0x4a26, 0x39c4, 0x4206, 0x4a06,
    0x41c5, 0x41c5, 0x41c5, 0x31a3, 0x2982, 0x31a3, 0x39c4, 0x39c4, 0x5aa8, 0x736a, 0x6b09, 0x632c,
    0xa5f8, 0x8cb2, 0x5aa8, 0x5aa9, 0x5ac9, 0x5ac9, 0x5ac9, 0x62e9, 0x5ac9, 0x5ac9, 0x5ac9, 0x5ac9,
    0x5ac9, 0x630a, 0x630a, 0x630a, 0x6b0a, 0x6b0a, 0x734b, 0x83cc, 0x8bec, 0x8c2c, 0x8c2c, 0x944d,
    0x944d, 0x944d, 0x942d, 0x944d, 0x948e, 0x9cd1, 0x842d, 0x944d, 0x946d, 0x946d, 0x946e, 0x9cf2,
    0x9d96, 0x7c2f, 0x8d15, 0xbebd, 0xc659, 0x5b0b, 0xa5b7, 0xdf5e, 0xb619, 0x9491, 0x5b2c, 0x95b8,
    0xae5b, 0x9556, 0x73cd, 0x73cd, 0x73cd, 0x7bcc, 0x946f, 0x94d0, 0xa596, 0xbe57, 0xc656, 0xc698,
    0xcedb, 0xc6dc, 0xd6fb, 0xef7d, 0xf77d, 0xf77d, 0xef9d, 0xd71d, 0xa65c, 0xae9d, 0xbefd, 0xd75e,
    0xdf5e, 0xefbf, 0xefbf, 0xefbf, 0xef9e, 0xf79d, 0xf79d, 0xf79d, 0xf79d, 0xf79d, 0xf79d, 0xf79d,
    0xf79d, 0xf79d, 0xf79d, 0xf79d, 0xf79d, 0xef9d, 0xef7d, 0xe75d, 0xcebb, 0xb67b, 0x8d38, 0x8dba,
    0xb6bd, 0xb6dd, 0xb6dd, 0xa63c, 0x9e1b, 0xb6dd, 0xbefe, 0xbefe, 0xbefe, 0xaebd, 0x7d18, 0x7cf8,
    0xbebc, 0xe79e, 0xef9e, 0xefbf, 0xefbe, 0xf7bf, 0xefbf, 0xef9f, 0xefbf, 0xefbf, 0xefbf, 0xef9e,
    0xf7bf, 0xefbf, 0xefbe, 0xefbe, 0xef9e, 0xf79d, 0xf79d, 0xf79d, 0xf79d, 0xf79d, 0xf79d, 0xf79d,
    0xf79d, 0xf79d, 0xf79d, 0xf79d, 0xf79d, 0xf79d, 0xf79d, 0xef7d, 0xef9d, 0xdf5e, 0xbedd, 0xb6de,
    0xbefd, 0xe79e, 0xefbe, 0xf79d, 0xf79d, 0xf79d, 0xf79d, 0xf79d, 0xf79d, 0xf79d, 0xf79d, 0xf79d,
    0xf79d, 0xe75c, 0xc6bb, 0xdf7e, 0xe79f, 0xe79f, 0xc6dd, 0xa5f9, 0xb65a, 0xcf1e, 0xb67b, 0x7cf5,
    0x6c51, 0x63cf, 0x9576, 0x7c92, 0x52e9, 0x4a67, 0x94d2, 0xcf1d, 0x95b9, 0x5b4d, 0x52a9, 0x9555,
    0xa574, 0xa4ef, 0x9cce, 0x9ccf, 0x9d74, 0x9d31, 0xa4ee, 0xa4ee, 0x944d, 0x942d, 0x8c0d, 0x8c0d,
    0x83ec, 0x8bed, 0x8c0d, 0x8c2d, 0x83ec, 0x83cc, 0x734b, 0x62e9, 0x5ac9, 0x5aa9, 0x5aa9, 0x5aa9,
    0x5ac9, 0x5ac9, 0x5ac9, 0x5ac9, 0x52a8, 0x8471, 0xa619, 0x636d, 0x52a9, 0x5aa9, 0x5b0a, 0xae18,
    0x8d34, 0x5b09, 0x7bac, 0x7bcc, 0x736b, 0x5267, 0x4a27, 0x4a26, 0x4205, 0x31a3, 0x4206, 0x4a06,
    0x41c5, 0x41c5, 0x39c5, 0x3183, 0x31a3, 0x39a4, 0x39a4, 0x39a4, 0x62e8, 0x83cc, 0x734a, 0x5b2b,
    0xa5b8, 0x8c91, 0x73ad, 0xb5f8, 0xbe18, 0xb618, 0xb639, 0xbe59, 0xbe39, 0xb618, 0xb619, 0xb5d8,
    0xb618, 0xadf8, 0xb5f8, 0xbe38, 0xbe39, 0xb5f8, 0x73cd, 0x5287, 0x5267, 0x5267, 0x5267, 0x5287,
    0x5287, 0x62c8, 0x6b09, 0x7b8b, 0x83cc, 0x83cc, 0x83cc, 0x7bcc, 0x7bcc, 0x83cc, 0x7bcc, 0x8c70,
    0x9d54, 0x946e, 0x8471, 0xc6dc, 0xc679, 0x5aea, 0xa5b7, 0xc6bb, 0xc658, 0x6b6c, 0x738c, 0x9dd9,
    0xae7b, 0x742f, 0x4ac7, 0x4ac7, 0x4aa7, 0x5b09, 0x738c, 0x7bac, 0x94d1, 0xad52, 0xce34, 0xce34,
    0xbe57, 0xae39, 0xbe38, 0xef7c, 0xef7d, 0xef7d, 0xef7e, 0xc6fd, 0xa65b, 0xae9c, 0xb6fd, 0xbede,
    0xc6fd, 0xe79e, 0xefbf, 0xefbe, 0xef9e, 0xf79e, 0xef9d, 0xef9d, 0xf79d, 0xf79d, 0xf79d, 0xf79d,
    0xf79d, 0xf79d, 0xf79d, 0xf79d, 0xf79d, 0xef7d, 0xef9d, 0xdf3c, 0x95b9, 0x8579, 0x8538, 0x95ba,
    0xae9d, 0xb6dd, 0xae7c, 0x95da, 0x95fb, 0xb6bd, 0xbefe, 0xc6fe, 0xbefd, 0xae9c, 0x74f7, 0x74d7,
    0xae5b, 0xc6dc, 0xe77e, 0xefbf, 0xf79f, 0xf7bf, 0xef9e, 0xdf5e, 0xe79f, 0xefbf, 0xefbf, 0xefbe,
    0xefbe, 0xefbe, 0xef9f, 0xe79f, 0xef9e, 0xef9d, 0xf79d, 0xf79d, 0xf79d, 0xf79d, 0xf79d, 0xf79d,
    0xf79d, 0xf79d, 0xf79d, 0xef9d, 0xef9d, 0xef9d, 0xef9d, 0xef7d, 0xe75d, 0xd73d, 0xbedd, 0xb6de,
    0xbefd, 0xe79e, 0xefbe, 0xefbf, 0xef9e, 0xf77d, 0xf79d, 0xf79d, 0xf79d, 0xf79d, 0xf79d, 0xf79d,
    0xf79d, 0xd6fb, 0xc6bb, 0xe7bf, 0xe79f, 0xcf1d, 0x9576, 0x7c71, 0x8d14, 0xcf1c, 0xae3a, 0x6430,
    0x5bcf, 0x5bae, 0x9d95, 0x6b8c, 0x4a66, 0x52a8, 0x94f2, 0xcefc, 0x9db9, 0x5b4d, 0x632b, 0x9d76,
    0x94f2, 0x8c2d, 0x840c, 0x83ec, 0x8490, 0x842e, 0x83ec, 0x83cc, 0x7bcc, 0x7bab, 0x6b2a, 0x5a88,
    0x5288, 0x5287, 0x5a67, 0x5288, 0x5a87, 0x5a88, 0x7bef, 0x8493, 0x7c72, 0x7c72, 0x8492, 0x84b3,
    0x84b3, 0x8cd3, 0x84b3, 0x8492, 0x7c92, 0x9576, 0xa61a, 0x84d4, 0x84b3, 0x7c51, 0x632b, 0xadf8,
    0x7c71, 0x6329, 0x83ec, 0x83ac, 0x736b, 0x5247, 0x4a27, 0x4a25, 0x31c3, 0x3183, 0x4206, 0x4a06,
    0x41c5, 0x41c5, 0x39c5, 0x31a3, 0x31a3, 0x39c4, 0x39a4, 0x39a4, 0x62e9, 0x83ec, 0x734a, 0x52e9,
    0x8cd3, 0x7c0f, 0x7c10, 0xc6bc, 0xc6fd, 0xbebc, 0xc6fd, 0xd71d, 0xcefd, 0xbedc, 0xc6dd, 0xbebc,
    0xcf1d, 0xbedc, 0xbebc, 0xc71d, 0xcf1d, 0xc6dd, 0x9d76, 0x8491, 0x8471, 0x8471, 0x8491, 0x8c91,
    0x8c91, 0x8c92, 0x8cb2, 0x94d2, 0x94d2, 0x73ad, 0x4a06, 0x4205, 0x4205, 0x4205, 0x4a46, 0x7bac,
    0x8c4f, 0x946e, 0x8491, 0xc6bc, 0xc659, 0x52ca, 0x9d56, 0xb659, 0xbe38, 0x73ad, 0x7bac, 0x9535,
    0x9d96, 0x532a, 0x4265, 0x3a65, 0x4265, 0x4266, 0x5ac9, 0x738b, 0x842d, 0x946e, 0xad30, 0xc5d2,
    0xc655, 0xa595, 0xb5b6, 0xef7d, 0xef7d, 0xe77d, 0xcefd, 0xae9c, 0x9e5b, 0xa69d, 0xb6fe, 0xbedd,
    0xc6fd, 0xe79e, 0xefbf, 0xf79f, 0xf79e, 0xefbf, 0xef9e, 0xef9e, 0xf79d, 0xf79d, 0xf79d, 0xf79d,
    0xf79d, 0xf79d, 0xf79d, 0xef9d, 0xef9d, 0xef9d, 0xef9d, 0xdf5c, 0x95b9, 0x8579, 0x9e1b, 0xae7d,
    0xae7c, 0x9e3b, 0x95fa, 0x95da, 0x95da, 0x95ba, 0x9dfb, 0xbedd, 0xae7c, 0x8d79, 0x6c96, 0x6cb7,
    0xa61c, 0xb67c, 0xcefd, 0xdf5e, 0xf7bf, 0xf7bf, 0xef9f, 0xcf1d, 0xdf5e, 0xef9f, 0xef9f, 0xefbe,
    0xefbe, 0xefbe, 0xefbf, 0xe79f, 0xcefd, 0xdf3d, 0xef9e, 0xef9d, 0xf79d, 0xf79d, 0xf79d, 0xf79d,
    0xf79d, 0xf79d, 0xf79d, 0xef9d, 0xef9d, 0xef7d, 0xcebb, 0xbe7b, 0xa5fa, 0xae5b, 0xb6dd, 0xb6dd,
    0xbefd, 0xe79f, 0xefbe, 0xefbf, 0xef9e, 0xef9e, 0xf79d, 0xef7c, 0xf79d, 0xf79d, 0xf79d, 0xf79d,
    0xf79d, 0xdf1b, 0xbe7a, 0xcefc, 0xcf1e, 0xbe9b, 0x8491, 0x842d, 0x9490, 0xceba, 0xa5b6, 0x63ce,
    0x5bad, 0x534b, 0x636a, 0x52a7, 0x4a67, 0x52a8, 0x740f, 0xb67a, 0x9db9, 0x5b4c, 0x632a, 0x9d55,
    0x8cb2, 0x734b, 0x5246, 0x4a05, 0x4226, 0x4206, 0x4a46, 0x6b8d, 0x8470, 0x94d2, 0x8cb1, 0x7bef,
    0x73ce, 0x73ce, 0x6bae, 0x6bae, 0x73ef, 0x73ef, 0x9d56, 0xb619, 0xae19, 0xb639, 0xb63a, 0xb63a,
    0xbe5a, 0xbe9b, 0xb65a, 0xae19, 0xae19, 0xae3a, 0x9df9, 0x9598, 0x9d97, 0x8cf4, 0x634c, 0xb5f8,
    0x7430, 0x6b49, 0x83ec, 0x83cc, 0x738b, 0x5247, 0x4a27, 0x4a26, 0x39e3, 0x31a3, 0x4206, 0x4a06,
    0x41c5, 0x41c5, 0x41c5, 0x31a3, 0x29a2, 0x39e4, 0x41e5, 0x41e5, 0x62e9, 0x83ec, 0x736a, 0x4a47,
    0x634b, 0x738c, 0x7c10, 0xbe9b, 0xb69c, 0xb69c, 0xbebc, 0xbe9c, 0xae3b, 0xb67c, 0xc6dd, 0xcefd,
    0xb69c, 0xb69c, 0xbebd, 0xae7b, 0xbebc, 0xbebc, 0xbebc, 0xbebc, 0xc6bc, 0xc6bc, 0xcefd, 0xcefc,
    0xd71d, 0xc6dc, 0xc6dd, 0xcefd, 0xcefc, 0x9514, 0x52ca, 0x52a9, 0x52c9, 0x52c9, 0x5aea, 0x7bac,
    0x8bed, 0x8c4e, 0x8492, 0xbebc, 0xbe39, 0x4aa9, 0x9515, 0xb659, 0xbe38, 0x840e, 0x736b, 0x7c30,
    0x8492, 0x52c8, 0x4a86, 0x4a66, 0x5b09, 0x632a, 0x6309, 0x6309, 0x632a, 0x6b29, 0x7bab, 0x9cae,
    0xb5b2, 0x9cd1, 0xd699, 0xef7d, 0xe75d, 0xd73d, 0xae7b, 0x9e5c, 0x9e5c, 0xa69d, 0xb6de, 0xb6dd,
    0xbedd, 0xe79f, 0xefbf, 0xf79e, 0xef9f, 0xefbf, 0xef9e, 0xef9e, 0xf79e, 0xf79d, 0xf79d, 0xf79d,
    0xf79d, 0xf79d, 0xf79d, 0xef7d, 0xef9d, 0xef7d, 0xef7d, 0xd71d, 0x9599, 0x8579, 0xa63c, 0xae7c,
    0xa65c, 0x8dda, 0x8dda, 0x95da, 0x8db9, 0x74d7, 0x74d7, 0xa65b, 0x95ba, 0x6c96, 0x6c96, 0x7d17,
    0xae5b, 0xb67c, 0xbe9c, 0xd71d, 0xefbf, 0xefbe, 0xefbf, 0xcf1d, 0xdf5e, 0xefbf, 0xefbf, 0xefbe,
    0xefbe, 0xefbf, 0xefbf, 0xe77f, 0xbe9c, 0xcefd, 0xef9f, 0xef9e, 0xef9d, 0xf79d, 0xf79d, 0xf79d,
    0xf77d, 0xf79d, 0xef7d, 0xef9d, 0xe75c, 0xd71d, 0x9d98, 0x8538, 0x7d38, 0x95da, 0xb6bd, 0xb6bd,
    0xbedd, 0xe79f, 0xefbf, 0xefbf, 0xe77e, 0xe77e, 0xef9e, 0xef9d, 0xf79d, 0xf79d, 0xf79d, 0xf79d,
    0xf77d, 0xef7c, 0xb5d6, 0xadd8, 0xae5c, 0xae1a, 0x73ee, 0x6b68, 0x6b8a, 0xb5b5, 0x846f, 0x52e7,
    0x4ae7, 0x4ac6, 0x4ac5, 0x52a6, 0x52a8, 0x6309, 0x740e, 0xb67a, 0x8d15, 0x4a88, 0x630a, 0x94b1,
    0x73cd, 0x5ae9, 0x4a88, 0x4a88, 0x4a68, 0x4a48, 0x4a89, 0x8cf3, 0xb639, 0xbe9a, 0xbe59, 0xadf8,
    0xa597, 0xa5b7, 0xa597, 0xa5b7, 0xadf8, 0xadf8, 0xc6bb, 0xdf3d, 0xd71d, 0xd71d, 0xd71d, 0xd71d,
    0xd71d, 0xd71d, 0xd71d, 0xd71d, 0xd71d, 0xd71d, 0xae3a, 0xb67b, 0xae19, 0x8cd4, 0x634c, 0xadd7,
    0x7430, 0x6349, 0x83ec, 0x83cc, 0x738b, 0x5247, 0x4a27, 0x4225, 0x31e3, 0x31a3, 0x4a06, 0x4a06,
    0x41c5, 0x41c5, 0x41c5, 0x31a3, 0x29a2, 0x4205, 0x5247, 0x4a47, 0x6b0a, 0x83cc, 0x7b8a, 0x5267,
    0x736b, 0x8c0d, 0x7c51, 0xbebc, 0xb69c, 0xa63b, 0xa65b, 0xae7b, 0xa63b, 0xbebc, 0xb69b, 0xae7b,
    0xb6bc, 0xa65b, 0xbefd, 0xae9b, 0x9e3b, 0xa65b, 0xb69c, 0xbe9c, 0xbebc, 0xc6dc, 0xc6bc, 0xbebc,
    0xb6bc, 0xa61a, 0xa63b, 0xc6dd, 0xc6fd, 0xc6bc, 0xc6bb, 0xc6bb, 0xcefb, 0xcebb, 0xc679, 0x73ad,
    0x7b8c, 0x8c4e, 0x8471, 0xb69c, 0xa5b7, 0x4aa9, 0x9535, 0xbe5a, 0xceba, 0xbdd5, 0x62e9, 0x73ef,
    0x7c91, 0x4246, 0x4225, 0x4a47, 0x5aa7, 0x5ac8, 0x5ac8, 0x62c8, 0x6308, 0x62e8, 0x6b29, 0x6b29,
    0x736a, 0xbdb4, 0xf77c, 0xe75d, 0xbebc, 0xae9c, 0x9e3b, 0x9e5c, 0x9e5c, 0xae9d, 0xb6dd, 0x95da,
    0x95b9, 0xdf5e, 0xef9e, 0xef9e, 0xef9f, 0xef9f, 0xefbf, 0xefbf, 0xf79e, 0xf79d, 0xf79d, 0xf79d,
    0xf79d, 0xf79d, 0xf79d, 0xef9d, 0xef7d, 0xef7d, 0xc69b, 0x9db9, 0x8539, 0x7d18, 0x8558, 0x95ba,
    0x9e1b, 0x8dda, 0x8dda, 0x8dba, 0x7d38, 0x6c96, 0x6cb6, 0x74d7, 0x6cb6, 0x6476, 0x8559, 0xb67c,
    0xd75e, 0xe77e, 0xe79e, 0xef9f, 0xefbf, 0xefbf, 0xefbf, 0xe79f, 0xef9e, 0xefbf, 0xefbe, 0xefbf,
    0xefbf, 0xefbf, 0xefbf, 0xefbf, 0xe77f, 0xe77f, 0xef9f, 0xef9f, 0xef9e, 0xef9d, 0xf79d, 0xf79d,
    0xef9d, 0xef7d, 0xef7d, 0xe75c, 0xadd8, 0x9598, 0x8538, 0x7d39, 0x7d18, 0x95da, 0xb6bd, 0xa63b,
    0x9dfa, 0xdf5e, 0xef9e, 0xefbe, 0xd71d, 0xb67b, 0xdf5e, 0xef9e, 0xef9d, 0xef9d, 0xf79d, 0xf79d,
    0xef7d, 0xef7d, 0xdeda, 0x9d35, 0x9598, 0x9db7, 0x638b, 0x6346, 0x5b26, 0x6baa, 0x5327, 0x4285,
    0x3a85, 0x4286, 0x4a85, 0x4aa6, 0x5ac7, 0x6b49, 0x7c2f, 0xbe7a, 0x84b2, 0x4206, 0x62e9, 0x8c6e,
    0x6b4b, 0x636c, 0x8cf4, 0x8cf4, 0x8d14, 0x8cf5, 0x8cf5, 0xbe5a, 0xd71d, 0xd6fd, 0xcefc, 0xcefc,
    0xcefc, 0xcefc, 0xcefc, 0xcefc, 0xd71d, 0xd6fd, 0xd71d, 0xdf1d, 0xd71d, 0xd6fc, 0xcedc, 0xcebc,
    0xcebc, 0xc6bc, 0xc6bc, 0xcedc, 0xd71d, 0xcefd, 0xae3a, 0xc6dc, 0xae19, 0x8cd4, 0x634c, 0xadd7,
    0x7410, 0x6b49, 0x83ec, 0x83cc, 0x738b, 0x5247, 0x4a26, 0x39c4, 0x31a2, 0x39e4, 0x4a06, 0x4a06,
    0x41c5, 0x41c5, 0x39c5, 0x31a3, 0x29a2, 0x39e4, 0x5247, 0x5247, 0x6b2a, 0x83cc, 0x7bcb, 0x5287,
    0x7bac, 0x946e, 0x8470, 0xc6dc, 0xc6fd, 0xae5b, 0xae5b, 0xae7c, 0xa63b, 0xae5c, 0xa65b, 0xa63c,
    0xa63b, 0xa65c, 0xb6bc, 0xb69c, 0x95fa, 0x961a, 0xb69c, 0xbedd, 0xbedc, 0xc6dd, 0xb69c, 0xa63b,
    0x9e1a, 0x95fa, 0xa65b, 0xbebc, 0xc6fd, 0xb69c, 0xc6fd, 0xbedc, 0xcf1d, 0xcf1d, 0xcedc, 0x738c,
    0x736b, 0x8c4d, 0x8470, 0xb65b, 0x84b2, 0x4a88, 0x8cf4, 0xadf8, 0xd6bb, 0xdefa, 0x7bcd, 0x632b,
    0x63ac, 0x3a24, 0x4266, 0x6b2a, 0x840c, 0x8c4d, 0x944d, 0x946d, 0xb54f, 0xbdb1, 0xc5b2, 0xad30,
    0x9cb0, 0xe71b, 0xe75d, 0xd71d, 0xae9c, 0x9e5c, 0x963c, 0x9e3b, 0x9e5c, 0xae9c, 0xa67c, 0x8559,
    0x8d78, 0xdf5e, 0xef9f, 0xef9f, 0xef9f, 0xe79f, 0xef9f, 0xef9e, 0xef9e, 0xef9e, 0xf79d, 0xf79d,
    0xf79d, 0xf77d, 0xf79d, 0xef7d, 0xe75d, 0xcefc, 0xae1b, 0x8559, 0x7d18, 0x7d18, 0x7d18, 0x8d9a,
    0x9e1b, 0x95da, 0x8d9a, 0x7518, 0x6c96, 0x6c96, 0x6496, 0x6476, 0x6476, 0x6496, 0x959a, 0xbebd,
    0xe79f, 0xe79e, 0xd73d, 0xdf5e, 0xe79e, 0xef9e, 0xef9e, 0xefbf, 0xefbe, 0xe79f, 0xe79f, 0xefbf,
    0xefbf, 0xefbf, 0xef9f, 0xe79f, 0xdf3d, 0xdf7e, 0xe79f, 0xe79f, 0xef9e, 0xef9e, 0xef9d, 0xef9d,
    0xef7d, 0xef9d, 0xef7d, 0xdf1d, 0x9598, 0x7d18, 0x7cf8, 0x74f8, 0x8538, 0x9dfa, 0xb6bd, 0x9e1b,
    0x95b9, 0xd73e, 0xe79e, 0xef9e, 0xcefd, 0xae5b, 0xd75e, 0xef9e, 0xef9e, 0xef9d, 0xf79d, 0xf79d,
    0xef9d, 0xef7c, 0xef5c, 0xc679, 0x8d77, 0x8d56, 0x8c90, 0x9cee, 0x7c2a, 0x7c4b, 0x5b49, 0x42c8,
    0x42ea, 0x42ca, 0x52a8, 0x52a7, 0x5ae7, 0x52a7, 0x73ee, 0xbe9a, 0x84b3, 0x4a47, 0x5ae9, 0x8c6e,
    0x6b2a, 0x6b8d, 0x9556, 0xae19, 0xbe7a, 0xbe7a, 0xbe9a, 0xd71d, 0xdf3d, 0xd71d, 0xd71d, 0xd71d,
    0xd71d, 0xd6fd, 0xd6fc, 0xd6fc, 0xd71d, 0xd6fd, 0xd71d, 0xd6fd, 0xcedc, 0xcebc, 0xcedc, 0xcefc,
    0xc6bb, 0xc6bb, 0xc6bb, 0xc6bb, 0xcedb, 0xc6bc, 0xa5fa, 0xc6dc, 0xb639, 0x8cd3, 0x634b, 0x9d34,
    0x6bae, 0x736a, 0x8c0c, 0x83cc, 0x738b, 0x5247, 0x4a47, 0x3a05, 0x31c3, 0x4225, 0x4a27, 0x4a27,
    0x41c5, 0x41c5, 0x3183, 0x2982, 0x2982, 0x39e4, 0x5247, 0x5247, 0x6b2a, 0x83cc, 0x8bec, 0x5aa8,
    0x6309, 0x738b, 0x8450, 0xc6bc, 0xb67b, 0xae7b, 0xb67b, 0xae5b, 0xa63b, 0xa63b, 0xa63b, 0xa63b,
    0x9e1b, 0x9e3b, 0xa63b, 0xa61b, 0x961a, 0xa67b, 0xb6bc, 0xa63b, 0xa63b, 0xae5b, 0xae5b, 0x9e1b,
    0x9e1b, 0x961a, 0x9e1b, 0xae7c, 0xb69c, 0xa63b, 0xb69c, 0xb6bc, 0xb69b, 0xc6dd, 0xcedb, 0x6b8c,
    0x734b, 0x8c2d, 0x632b, 0xadd8, 0x8492, 0x4a88, 0x7472, 0xadd8, 0xe71c, 0xef7c, 0x9cf1, 0x632a,
    0x4a86, 0x3a24, 0x3a25, 0x5ac8, 0x7b8b, 0x840d, 0x948e, 0x9cae, 0xa4ce, 0x9cad, 0xad0f, 0xb550,
    0xb574, 0xef7d, 0xcefd, 0xbedd, 0xae7c, 0x9e3c, 0x963b, 0x963c, 0x9e3c, 0x95fa, 0x8559, 0x7d18,
    0x8d78, 0xdf5e, 0xef9f, 0xefbf, 0xef9f, 0xe79f, 0xe79f, 0xef9f, 0xefbf, 0xefbe, 0xefbe, 0xef9e,
    0xef9d, 0xf79d, 0xef7d, 0xef9d, 0xd6fc, 0xa61a, 0x8d79, 0x7d18, 0x7cf8, 0x7d18, 0x7d18, 0x8559,
    0x8d99, 0x8d99, 0x7518, 0x6496, 0x6496, 0x7d39, 0x74d7, 0x6476, 0x6476, 0x74d7, 0xae5c, 0xbebd,
    0xe77e, 0xe77e, 0xc6bc, 0xcefd, 0xe79f, 0xe79f, 0xef9f, 0xef9e, 0xe77e, 0xcedd, 0xd73d, 0xefbf,
    0xefbf, 0xefbf, 0xe79f, 0xe77f, 0xc6bc, 0xd71d, 0xef9f, 0xe79f, 0xe7bf, 0xef9f, 0xef9e, 0xef9d,
    0xef7d, 0xef7d, 0xcedc, 0x9db9, 0x8518, 0x74f8, 0x74d7, 0x8d59, 0xb69c, 0xbedd, 0xb6bd, 0x95ba,
    0x8d79, 0xcf3e, 0xe79e, 0xef9e, 0xcefd, 0xb65b, 0xd75e, 0xe79f, 0xef9f, 0xef9e, 0xef9d, 0xef9d,
    0xef9d, 0xef7d, 0xef9d, 0xdf1b, 0xa5d6, 0x9d73, 0x8c8f, 0x8c2b, 0x7be9, 0x73eb, 0x5b8c, 0x4b4c,
    0x432c, 0x4b0b, 0x52c8, 0x5ac8, 0x5ac7, 0x39e4, 0x6bae, 0xbe7a, 0x9513, 0x5288, 0x5ae9, 0x8c4e,
    0x6b4b, 0x638d, 0x9576, 0xbe7b, 0xd71d, 0xdf3d, 0xdf3d, 0xd71d, 0xd71d, 0xd71d, 0xd6fd, 0xcefc,
    0xcedc, 0xcebc, 0xcebc, 0xcebc, 0xcebc, 0xcedc, 0xcefc, 0xcedc, 0xc69b, 0xc69b, 0xc6bb, 0xc6dc,
    0xc6bb, 0xc69b, 0xc69b, 0xc6bb, 0xc6bb, 0xcedc, 0xbe7b, 0xc6fc, 0xb619, 0x8cd3, 0x632a, 0x73ac,
    0x5288, 0x6b4a, 0x840c, 0x83cc, 0x7b8b, 0x5267, 0x4a47, 0x3a05, 0x31a3, 0x4a26, 0x4a27, 0x4a27,
    0x41e5, 0x41c5, 0x3183, 0x2983, 0x2161, 0x39e4, 0x5247, 0x5247, 0x6b2a, 0x83ec, 0x9c6d, 0x6309,
    0x5aa8, 0x736b, 0x8450, 0xbebc, 0xae7c, 0xa61b, 0xb65b, 0xb69c, 0xae7c, 0xae5b, 0xae7b, 0xa65b,
    0xa63b, 0xa61b, 0xae5b, 0xae7b, 0xa65b, 0xae7c, 0xa63b, 0x9dfb, 0x961b, 0x9e1a, 0xa65b, 0xa61b,
    0x9e1b, 0x9e3b, 0x961b, 0xa63b, 0xae7c, 0xa65b, 0xae5b, 0xc6dc, 0xcf1d, 0xc6fc, 0xcebb, 0x6b6c,
    0x732b, 0x8c0c, 0x5287, 0x8cb2, 0x8471, 0x4a88, 0x8cf3, 0xe73c, 0xf77c, 0xf77c, 0xa4f1, 0x6b4a,
    0x52c7, 0x3224, 0x4245, 0x62e9, 0x6b4a, 0x738b, 0x840c, 0x9cad, 0x8c2c, 0x83eb, 0xa4ce, 0xad10,
    0xa534, 0xcefc, 0xbedd, 0xb6bd, 0x9e5c, 0x9e3c, 0x963b, 0x961b, 0x8dba, 0x8559, 0x7cf8, 0x7cf8,
    0x8d79, 0xdf5e, 0xefbf, 0xefbe, 0xef9e, 0xefbf, 0xe79f, 0xe79f, 0xefbf, 0xefbe, 0xefbf, 0xef9e,
    0xef9e, 0xef9d, 0xef7d, 0xc6bb, 0xae1a, 0x8559, 0x7d18, 0x74f8, 0x7d18, 0x7d18, 0x7d18, 0x7d38,
    0x74f7, 0x74d7, 0x6c96, 0x6cd7, 0x74f7, 0x8559, 0x74d7, 0x6476, 0x6476, 0x74b7, 0x95ba, 0xa5fa,
    0xe77e, 0xef9e, 0xd71d, 0xd73e, 0xe79f, 0xe79f, 0xef9f, 0xe79f, 0xcf3d, 0xa5fa, 0xc6dc, 0xefbf,
    0xefbf, 0xe79f, 0xd71d, 0xd75e, 0xd73e, 0xdf5e, 0xef9f, 0xe79f, 0xe79f, 0xe79f, 0xe79f, 0xef9e,
    0xdf3d, 0xcedc, 0xae1a, 0x7d18, 0x74f7, 0x74d7, 0x74d7, 0x8d59, 0xae3b, 0xae3b, 0x9dfa, 0x8538,
    0x7d38, 0xb69c, 0xd73d, 0xef9e, 0xdf5e, 0xcefc, 0xdf7e, 0xe79f, 0xe79f, 0xe79f, 0xef9e, 0xef9d,
    0xf77d, 0xef7c, 0xef7d, 0xdeba, 0xa553, 0xb5b2, 0x9cce, 0x9c8d, 0x8c4c, 0x8c8e, 0x7470, 0x53ae,
    0x536d, 0x42c9, 0x4a65, 0x5ae7, 0x5ae7, 0x39e4, 0x740f, 0xbe9b, 0x9513, 0x5aa8, 0x5ae9, 0x946e,
    0x6b4b, 0x636d, 0x9556, 0xc69b, 0xdf3d, 0xdf3d, 0xd6fc, 0xcedc, 0xd6fd, 0xd71d, 0xcedc, 0xc6bb,
    0xc6bb, 0xc69b, 0xc69b, 0xc69b, 0xc69b, 0xc6bb, 0xc6bb, 0xc69b, 0xc69b, 0xc6bb, 0xc6bb, 0xc69b,
    0xc6bb, 0xc6bb, 0xc69b, 0xc69b, 0xc6bb, 0xc6bb, 0xcedc, 0xcf1d, 0xb619, 0x8cd3, 0x632a, 0x7b8b,
    0x5aa8, 0x6b29, 0x8c0d, 0x83cc, 0x738b, 0x5267, 0x4a47, 0x3a05, 0x31c3, 0x4a26, 0x4a27, 0x4a27,
    0x41e5, 0x41c5, 0x41e5, 0x31a3, 0x2162, 0x39e4, 0x5247, 0x5247, 0x6b0a, 0x83ec, 0x9c8d, 0x6b29,
    0x6b2a, 0x7b8c, 0x8450, 0xc6dc, 0xae7b, 0xa63b, 0xbebc, 0xcf1d, 0xbebc, 0xbedc, 0xbebc, 0xb67b,
    0xae5b, 0xb67b, 0xbebc, 0xc6fd, 0xae7c, 0xa63b, 0x9dfa, 0x9e1a, 0x961a, 0x961b, 0x95fa, 0x95fa,
    0x9e1b, 0xa65b, 0x9e1a, 0x9dd9, 0xbebc, 0xbebc, 0xbedc, 0xcefd, 0xd73d, 0xbebc, 0xc6bb, 0x6b6c,
    0x6b2a, 0x8c2d, 0x5287, 0x638d, 0x8cd2, 0x4aa9, 0x8cf4, 0xef7d, 0xf77d, 0xf77c, 0xd698, 0x73ac,
    0x6329, 0x3a24, 0x3a45, 0x6309, 0x6b4a, 0x5b08, 0x9cce, 0xa4ee, 0x840b, 0x8c2c, 0xbd90, 0xb550,
    0x9513, 0xae9c, 0xa69c, 0x9e5c, 0x963b, 0x963b, 0x9e3c, 0x95fb, 0x74f8, 0x74f8, 0x7cf8, 0x7cf8,
    0x8d58, 0xdf5e, 0xef9f, 0xef9e, 0xef9f, 0xef9e, 0xe79e, 0xe79f, 0xe79f, 0xefbf, 0xefbf, 0xefbf,
    0xef9f, 0xef9e, 0xdf3d, 0x9578, 0x7d18, 0x7cf8, 0x7cf8, 0x74f8, 0x7518, 0x7d18, 0x7cf8, 0x6c96,
    0x6476, 0x6496, 0x74d7, 0x8559, 0x7d59, 0x8559, 0x74d7, 0x6476, 0x6476, 0x6476, 0x6c76, 0x84f7,
    0xdf5e, 0xef9e, 0xdf7e, 0xe79f, 0xe79f, 0xe79f, 0xefbe, 0xe79f, 0xc6dc, 0x8d58, 0xb67b, 0xefbf,
    0xef9f, 0xdf7f, 0xbe7b, 0xcefd, 0xefbf, 0xef9f, 0xef9f, 0xe79f, 0xe79f, 0xe79f, 0xe79f, 0xe79f,
    0xbe9b, 0x8d58, 0x7d17, 0x74d7, 0x6cb7, 0x6cb7, 0x6cb7, 0x7d18, 0x8537, 0x8537, 0x7d17, 0x7cf8,
    0x8558, 0x9dfa, 0xc6dc, 0xefbe, 0xefbe, 0xef9e, 0xef9e, 0xef9f, 0xe79f, 0xe79f, 0xe79f, 0xef9e,
    0xef7d, 0xef7d, 0xef7d, 0xdeda, 0xa532, 0xc5b2, 0xad30, 0x9cce, 0x8c6c, 0x740d, 0x7492, 0x53cf,
    0x536d, 0x52e8, 0x4264, 0x4aa5, 0x6308, 0x4204, 0x94b1, 0xb67a, 0x8cd2, 0x5ac8, 0x5b09, 0x946e,
    0x6b6b, 0x636d, 0x9555, 0xc6bb, 0xdf5e, 0xdf3d, 0xcedc, 0xc6bb, 0xcefc, 0xcedc, 0xc6bb, 0xc69b,
    0xc6bb, 0xc6bb, 0xc6bb, 0xc6bb, 0xc6bb, 0xc6bb, 0xc6bb, 0xc6bb, 0xc6bb, 0xc6bb, 0xc6bb, 0xc6bb,
    0xc6bb, 0xc6bb, 0xc6bb, 0xc69b, 0xc6bb, 0xc69b, 0xcefc, 0xd71d, 0xae19, 0x84d3, 0x632b, 0x7bcc,
    0x6b2a, 0x6b29, 0x8c0d, 0x83cc, 0x7b8b, 0x5267, 0x4a47, 0x4205, 0x39e4, 0x4a26, 0x4a27, 0x4a27,
    0x41c5, 0x41c5, 0x41c5, 0x31a3, 0x2162, 0x39e4, 0x5247, 0x5247, 0x6b29, 0x83ec, 0x9c8d, 0x6b29,
    0x630a, 0x7b8c, 0x8450, 0xc6bc, 0xae5b, 0xb69c, 0xc6dc, 0xbe9c, 0xae5b, 0xb69c, 0xbe9c, 0xb69b,
    0xb67b, 0xbe9c, 0xcf1d, 0xc6fd, 0xae7b, 0xae5b, 0xa63b, 0x9dfa, 0x95fb, 0x961b, 0x95fa, 0x95fb,
    0x9e1b, 0xa63b, 0x95b9, 0x9dd9, 0xc6dc, 0xd73d, 0xd71d, 0xc6bc, 0xb67b, 0xb67c, 0xbe7a, 0x6b4c,
    0x6b2b, 0x946d, 0x5287, 0x6bae, 0x9512, 0x5ac9, 0xa596, 0xef7d, 0xf77c, 0xf77c, 0xe71b, 0x7bad,
    0x6b4a, 0x4a66, 0x4245, 0x6329, 0x52c8, 0x52e7, 0xad50, 0xad0e, 0x8c2b, 0x9c8d, 0xc5b1, 0x9cb0,
    0xadf8, 0xae7c, 0x95fb, 0x8dda, 0x961b, 0x961b, 0x8579, 0x7d38, 0x74d7, 0x74d8, 0x7d38, 0xa61a,
    0xb65b, 0xe77e, 0xef9f, 0xef9f, 0xef9e, 0xef9e, 0xefbe, 0xefbf, 0xe7bf, 0xefbf, 0xefbf, 0xefbf,
    0xefbf, 0xef9e, 0xd71d, 0x9599, 0x7d18, 0x7cf8, 0x74f8, 0x7d18, 0x7518, 0x6cd7, 0x6496, 0x6496,
    0x6476, 0x6496, 0x7518, 0x8579, 0x7d59, 0x7d39, 0x6cb7, 0x6476, 0x6476, 0x6c76, 0x6c76, 0x7cf7,
    0xdf5e, 0xdf5e, 0xa5f9, 0xae5b, 0xc6fd, 0xcefe, 0xd71d, 0xe79f, 0xdf3e, 0x9db9, 0x9db9, 0xbe9c,
    0xdf5e, 0xdf7e, 0xcefd, 0xd73e, 0xe79e, 0xdf5e, 0xcf1e, 0xcf1d, 0xd71d, 0xe79f, 0xe79f, 0xe7bf,
    0xd71d, 0xb67b, 0x95b9, 0x6cb7, 0x74d7, 0x74f7, 0x7d18, 0x7d18, 0x7d18, 0x7cf8, 0x74f7, 0x959a,
    0xae5b, 0xc71d, 0xdf7e, 0xe79e, 0xef9e, 0xef9e, 0xef9e, 0xe79f, 0xe79f, 0xe79f, 0xe79f, 0xe79e,
    0xef9e, 0xef7d, 0xef9d, 0xef5c, 0xa553, 0xb551, 0xad30, 0x8c4c, 0x73aa, 0x73ed, 0x74b2, 0x53ce,
    0x536d, 0x52c8, 0x4a85, 0x4a85, 0x6329, 0x4225, 0x9491, 0xadf8, 0x8470, 0x62c8, 0x6329, 0x946f,
    0x736b, 0x636d, 0x9555, 0xc6bb, 0xdf3d, 0xd71d, 0xcedc, 0xc6bb, 0xc6bc, 0xc6bb, 0xc6bb, 0xc6bb,
    0xc6bb, 0xc6bb, 0xc6bb, 0xc6bb, 0xc6bb, 0xc6bb, 0xc6bb, 0xc6bb, 0xc6bb, 0xc6bb, 0xc6bb, 0xc6bb,
    0xc6bb, 0xc6bb, 0xc6bb, 0xc6bc, 0xc6bb, 0xc6bb, 0xcedc, 0xd6fc, 0xae19, 0x84d3, 0x632b, 0x83cc,
    0x6b2a, 0x736a, 0x8c2d, 0x83cc, 0x7b8b, 0x5267, 0x4a47, 0x4205, 0x4205, 0x4a27, 0x4a27, 0x4a27,
    0x41c5, 0x41c5, 0x39c5, 0x2983, 0x2141, 0x39c4, 0x5247, 0x5247, 0x6b2a, 0x83ec, 0x9c8e, 0x6b29,
    0x62e9, 0x7b8c, 0x8471, 0xcefc, 0xcefd, 0xb69c, 0xbedc, 0xbebc, 0xae7b, 0xae7b, 0xae5b, 0xae7b,
    0xae5b, 0xb67b, 0xc6dc, 0xd75e, 0xb69b, 0xae5b, 0xae5b, 0xa63b, 0xa63b, 0x9e3b, 0x9e3b, 0x9e3b,
    0xa63b, 0x95fa, 0x95b8, 0xb65b, 0xc6dc, 0xd6fd, 0xdf3e, 0xcefd, 0xbe9c, 0xbebc, 0xb65a, 0x634c,
    0x6b2a, 0x944d, 0x52a7, 0x73cc, 0x9cf0, 0x632a, 0xce78, 0xf77c, 0xf77c, 0xef7c, 0xe71a, 0x7bcd,
    0x736b, 0x4a87, 0x4245, 0x5b29, 0x52a7, 0x52c6, 0xa50f, 0xa4ce, 0x840b, 0x948d, 0xb570, 0x9cd1,
    0xcf1d, 0x9e1a, 0x8599, 0x8dba, 0x95fb, 0x8dda, 0x74f7, 0x74d7, 0x74d7, 0x6cd7, 0x8538, 0xcf1d,
    0xdf7e, 0xef9f, 0xef9f, 0xe79f, 0xef9e, 0xef9f, 0xefbf, 0xef9f, 0xe79f, 0xe79f, 0xefbf, 0xefbf,
    0xefbf, 0xefbf, 0xdf7e, 0xae3a, 0x8d79, 0x7d39, 0x7518, 0x7d18, 0x6cd7, 0x6496, 0x6496, 0x6496,
    0x6c96, 0x7d38, 0x7d59, 0x8559, 0x7d39, 0x6cb7, 0x6475, 0x6476, 0x6476, 0x6476, 0x6c96, 0x7d17,
    0xcf1d, 0xcefd, 0x8537, 0x8d9a, 0xae5c, 0xb69c, 0xc6dc, 0xe77f, 0xe77e, 0xa5f9, 0x8538, 0x8d58,
    0xc6bc, 0xdf5e, 0xe77e, 0xe79f, 0xe79f, 0xcf1d, 0xbe9c, 0xb69c, 0xbebc, 0xd75e, 0xdf5e, 0xe79e,
    0xe79f, 0xe79e, 0xbe7b, 0x7cf7, 0x7d18, 0x8538, 0x8538, 0x7cf8, 0x74d7, 0x6cb7, 0x6cd7, 0x95da,
    0xb67c, 0xd75e, 0xe77f, 0xe79e, 0xef9e, 0xef9e, 0xe79e, 0xe79f, 0xe79f, 0xe79f, 0xe79f, 0xe79f,
    0xe79f, 0xef7e, 0xef9d, 0xf79d, 0xbdb4, 0xad30, 0xbdd2, 0xa4cf, 0x83eb, 0x740e, 0x74b2, 0x53ee,
    0x534c, 0x52c8, 0x4a65, 0x4a85, 0x6329, 0x4205, 0x8c71, 0x9d55, 0x8cb0, 0x6b29, 0x6329, 0x948e,
    0x736b, 0x636d, 0x9555, 0xc6bb, 0xdf3d, 0xcefc, 0xc6bb, 0xc69b, 0xc6bb, 0xc6bb, 0xc6bb, 0xc6bb,
    0xc6bb, 0xc6bb, 0xc6bb, 0xc6bb, 0xc6bb, 0xc6bb, 0xc6bb, 0xc6bb, 0xc6bb, 0xc6bb, 0xc6bb, 0xc6bb,
    0xc6bb, 0xc6bb, 0xc6bb, 0xcedc, 0xc6bb, 0xc69b, 0xcedc, 0xd71d, 0xae19, 0x84d3, 0x634b, 0x83cd,
    0x6b2a, 0x7baa, 0x944d, 0x83cc, 0x738b, 0x5267, 0x4a47, 0x4205, 0x39e5, 0x4a26, 0x4a27, 0x4a26,
    0x41e5, 0x41c5, 0x39c4, 0x2122, 0x2982, 0x4225, 0x5267, 0x5247, 0x6b2a, 0x83ec, 0x9c8e, 0x6b29,
    0x62ea, 0x7b8c, 0x8470, 0xbebb, 0xcefc, 0xb69b, 0xbebb, 0xbebc, 0xae7b, 0xae7b, 0xae7b, 0xae7b,
    0xae5b, 0xae5b, 0xbebc, 0xc6dc, 0xb67b, 0xae5b, 0xae5b, 0xa65b, 0xa65b, 0xa65b, 0xa65b, 0xa63b,
    0x9df9, 0x95d9, 0xa5f9, 0xb65a, 0xae3a, 0xbe9b, 0xd6fc, 0xcedc, 0xd6fd, 0xbe9c, 0xbe5a, 0x634c,
    0x6b2a, 0x8c4d, 0x5ac7, 0x8c8e, 0xb5b1, 0x6b29, 0xd698, 0xf77c, 0xf77c, 0xef7c, 0xe71b, 0x83ed,
    0x7b8c, 0x52a7, 0x4265, 0x5b29, 0x4aa6, 0x52c6, 0xa50f, 0x946d, 0x7bca, 0x8c4c, 0xad30, 0x94b1,
    0xbebc, 0x8db9, 0x859a, 0x8dba, 0x8579, 0x74f7, 0x74d7, 0x74b7, 0x7d18, 0x7518, 0x74d7, 0x8558,
    0xae1a, 0xdf7e, 0xef9e, 0xef9f, 0xefbe, 0xefbf, 0xefbf, 0xe79f, 0xdf7e, 0xd75e, 0xe7bf, 0xefbf,
    0xefbf, 0xef9f, 0xef7f, 0xdf5e, 0xc6dd, 0xa61b, 0x74d7, 0x6cb7, 0x6496, 0x6496, 0x6496, 0x6496,
    0x74f7, 0x7d59, 0x7d59, 0x74f8, 0x6c96, 0x6475, 0x6475, 0x6476, 0x6476, 0x6496, 0x6cb7, 0x7cf7,
    0x8d58, 0x8d38, 0x74f7, 0x7d17, 0x9dfa, 0xc6fd, 0xe79e, 0xef9e, 0xe77e, 0xbebc, 0x9dda, 0x7d18,
    0x8d58, 0x9db8, 0xd73e, 0xe79f, 0xe79e, 0xe77e, 0xdf7e, 0xcf1d, 0xb67b, 0x9db9, 0x9dd9, 0xd73d,
    0xe79e, 0xe79f, 0xdf5e, 0xc6dd, 0x9578, 0x8538, 0x7cf7, 0x7d17, 0x74f7, 0x6cb7, 0x6cd7, 0x74f7,
    0x8538, 0xae5b, 0xcefd, 0xe79f, 0xe79f, 0xe79f, 0xe79e, 0xe79f, 0xe79f, 0xe79f, 0xe79f, 0xe79f,
    0xe79f, 0xe79f, 0xef9e, 0xef9d, 0xb5b4, 0xb530, 0xc5d1, 0xad0f, 0x946d, 0x7c2e, 0x7cb2, 0x5bef,
    0x5b6c, 0x52c8, 0x4a65, 0x4a65, 0x6309, 0x41e5, 0x8c70, 0x8c70, 0x8c4e, 0x734a, 0x6329, 0x948f,
    0x736b, 0x636d, 0x9555, 0xc69b, 0xdf3d, 0xcedc, 0xc6bb, 0xc69b, 0xc6bb, 0xc6bb, 0xc6bb, 0xc6bb,
    0xc6bb, 0xc6bb, 0xc6bb, 0xc6bb, 0xc6bb, 0xc6bb, 0xc6bb, 0xc6bb, 0xc6bb, 0xc6bb, 0xc6bb, 0xc6bb,
    0xc6bc, 0xc6bc, 0xc6bb, 0xc6bb, 0xc6bb, 0xc6bb, 0xcefc, 0xd71d, 0xae19, 0x8cd3, 0x632b, 0x7bcd,
    0x6309, 0x7baa, 0x946d, 0x83cc, 0x7b8b, 0x5267, 0x5247, 0x4225, 0x31a3, 0x4a26, 0x4a27, 0x4a26,
    0x41e5, 0x41c5, 0x39c4, 0x2962, 0x31c4, 0x4a26, 0x5247, 0x5247, 0x6b2a, 0x83ec, 0x946d, 0x6b29,
    0x62ea, 0x7b8c, 0x8451, 0xb67b, 0xc6fc, 0xc6fc, 0xbebc, 0xb69b, 0xb67b, 0xb67b, 0xae7b, 0xae5b,
    0x9df9, 0x95b9, 0xa63a, 0xae5b, 0xae7b, 0xae5b, 0xae5b, 0xa65b, 0xa65b, 0xa65b, 0xa61a, 0xa61a,
    0xa61a, 0x95b8, 0xa61a, 0xb65b, 0xae19, 0xc6bc, 0xcedc, 0xcebc, 0xcedd, 0xb69b, 0xbe5a, 0x6b4c,
    0x734a, 0x946d, 0x5aa7, 0x948d, 0xb591, 0x6b29, 0xd698, 0xf77c, 0xef7c, 0xef7c, 0xe71a, 0x83ed,
    0x7b8c, 0x52a7, 0x4265, 0x6329, 0x52a7, 0x52c6, 0x9cce, 0x946d, 0x7bca, 0xa4ce, 0xbdd2, 0x8491,
    0x9dfa, 0x8dba, 0x8579, 0x7d39, 0x74d7, 0x6cb7, 0x6cb7, 0x74f8, 0x857a, 0x7d18, 0x74b7, 0x74d7,
    0x9599, 0xc6fd, 0xe79e, 0xef9f, 0xef9e, 0xef9f, 0xefbf, 0xe79f, 0xd75e, 0xcf1d, 0xdf5e, 0xdf5e,
    0xdf5e, 0xe79e, 0xe79f, 0xe79f, 0xd71d, 0xb69c, 0x8d79, 0x7d37, 0x6cb6, 0x6496, 0x6496, 0x6cb7,
    0x7d38, 0x7d59, 0x74f8, 0x6496, 0x6475, 0x6476, 0x6496, 0x6496, 0x6476, 0x6496, 0x74d7, 0x7cf7,
    0x74f7, 0x74d8, 0x74f7, 0x7cf7, 0x8d79, 0xc6dd, 0xe79e, 0xef9f, 0xe79e, 0xd71d, 0xa5fa, 0x7d18,
    0x7cf8, 0x8538, 0xc6fd, 0xdf5e, 0xe79f, 0xe79f, 0xe7bf, 0xd73d, 0xb67b, 0x8d58, 0x8d58, 0xc6fd,
    0xd75e, 0xdf5e, 0xdf5d, 0xd73d, 0x9dd9, 0x8d78, 0x8518, 0x74f8, 0x6cd7, 0x6cb7, 0x6cb7, 0x6cb7,
    0x74d7, 0xa61b, 0xc6dd, 0xe77f, 0xe79e, 0xe79e, 0xdf5e, 0xdf5e, 0xe79f, 0xe79f, 0xe79f, 0xe79f,
    0xe79f, 0xe79f, 0xe79f, 0xef9e, 0xb5b5, 0xad30, 0xbd90, 0xa4ef, 0x946d, 0x740e, 0x7cd3, 0x6c51,
    0x6bad, 0x5ac8, 0x4a65, 0x4265, 0x6309, 0x41e5, 0x8c70, 0x840e, 0x83ec, 0x6b4a, 0x6b4a, 0x948f,
    0x736b, 0x636d, 0x9555, 0xc69b, 0xd73d, 0xcedc, 0xc6bb, 0xc69b, 0xc6bb, 0xc6bb, 0xc6bb, 0xc6bb,
    0xc6bb, 0xc6bb, 0xc6bb, 0xc6bb, 0xc6bb, 0xc6bb, 0xc6bb, 0xc6bb, 0xc6bb, 0xc6bb, 0xc6bb, 0xc6bb,
    0xc6bc, 0xc6bc, 0xc6bb, 0xc6bb, 0xc69b, 0xc6bb, 0xcedc, 0xd71d, 0xae19, 0x8cd3, 0x632b, 0x7bac,
    0x5288, 0x738a, 0x946d, 0x83ec, 0x736b, 0x5267, 0x5247, 0x4a26, 0x39c4, 0x4a26, 0x4a26, 0x4a26,
    0x3163, 0x3163, 0x2963, 0x2962, 0x39c4, 0x4a26, 0x5247, 0x5247, 0x6b2a, 0x83ec, 0x946d, 0x6b09,
    0x630a, 0x7bac, 0x8471, 0xbebb, 0xcf1d, 0xbebc, 0xb69c, 0xb69c, 0xbebc, 0xc6fd, 0xae7b, 0x9e1a,
    0x95b9, 0x8d98, 0x95f9, 0xa63b, 0xa63b, 0xa65b, 0xa65b, 0xa63a, 0xa63b, 0xa61a, 0xae5a, 0xa5fa,
    0x95d9, 0x9598, 0x9dd9, 0xae5b, 0xc6bc, 0xb65b, 0xadf9, 0xbe7b, 0xd6fd, 0xbebc, 0xbe7a, 0x6b6d,
    0x734b, 0x946e, 0x5aa8, 0x8c6e, 0xb592, 0x630a, 0xd698, 0xf77c, 0xf77c, 0xf77c, 0xe71a, 0x83ed,
    0x738b, 0x52a7, 0x4265, 0x632a, 0x52a7, 0x52c7, 0x948e, 0x840c, 0x83eb, 0xb570, 0xcdf3, 0x8471,
    0x95da, 0x7d59, 0x7d18, 0x7cf8, 0x6cb7, 0x6c96, 0x6cb7, 0x7d59, 0x857a, 0x7d18, 0x74d7, 0x74d7,
    0x74f8, 0x8558, 0xc6dc, 0xe79e, 0xef9e, 0xe79f, 0xef9f, 0xe79e, 0xc6dc, 0xa61a, 0x9598, 0x8d78,
    0x9db9, 0xd75e, 0xe79e, 0xe79f, 0xe77f, 0xe77f, 0xdf5e, 0xc6dc, 0x7cf7, 0x6496, 0x6c96, 0x7518,
    0x7d39, 0x7518, 0x6496, 0x6475, 0x6476, 0x6476, 0x6476, 0x6c96, 0x6c96, 0x74d7, 0x7cf7, 0x7cf7,
    0x74f7, 0x74f7, 0x7cf7, 0x7cf7, 0x8538, 0x9dda, 0xbe9c, 0xdf7f, 0xefbf, 0xe79e, 0xb67b, 0x7d17,
    0x7cf8, 0x7cf8, 0x8d78, 0xa5f9, 0xdf5e, 0xef9e, 0xefbe, 0xe79f, 0xd71e, 0x9578, 0x7d18, 0x8558,
    0x8d79, 0x8d78, 0x9dfa, 0xbe9c, 0xcf1d, 0xcf1c, 0x95b9, 0x74d7, 0x6cb7, 0x6cb6, 0x6cb7, 0x6c96,
    0x74d7, 0xa63c, 0xbe9c, 0xc6dd, 0xd73d, 0xdf5e, 0x9dd9, 0x95b9, 0xc6dd, 0xcefd, 0xdf7f, 0xe79f,
    0xe79f, 0xe79f, 0xe79f, 0xe79e, 0xbe37, 0x946f, 0xb550, 0xa4ce, 0x948e, 0x7c2e, 0x7cd3, 0x84d3,
    0x73ce, 0x5ac8, 0x4265, 0x4265, 0x6309, 0x5267, 0x9d12, 0x840e, 0x83ec, 0x6b4a, 0x6b49, 0x9c8f,
    0x736b, 0x636d, 0x9555, 0xc69b, 0xd71d, 0xcedc, 0xc69b, 0xc6bb, 0xc6bb, 0xc6bb, 0xc6bb, 0xc6bb,
    0xc6bb, 0xc6bb, 0xc6bb, 0xc6bb, 0xc6bb, 0xc6bb, 0xc6bb, 0xc6bb, 0xc6bb, 0xc6bb, 0xc6bb, 0xc6bb,
    0xc6bb, 0xc6bb, 0xc6bb, 0xc6bb, 0xc6bb, 0xc6bb, 0xcedc, 0xcefc, 0xae19, 0x8cd3, 0x632b, 0x734b,
    0x4a47, 0x736a, 0x946d, 0x8c0d, 0x7b6c, 0x5267, 0x5247, 0x4a46, 0x39e4, 0x4226, 0x4a27, 0x4a26,
    0x2942, 0x2962, 0x39c4, 0x4205, 0x31a3, 0x39e4, 0x5246, 0x5247, 0x6b2a, 0x83ec, 0x946d, 0x6b29,
    0x630a, 0x7bac, 0x8450, 0xcedc, 0xcf1d, 0xae7b, 0xae5a, 0xa65a, 0xae5a, 0xc6fc, 0xbedc, 0x9df9,
    0x8d98, 0x8d98, 0x8d98, 0x95b9, 0x95d9, 0x9dfa, 0x9df9, 0x9e1a, 0x9e1a, 0xa61a, 0xae3a, 0x95b8,
    0x8d99, 0x9db9, 0xae3b, 0xa61a, 0xb65b, 0xa5f9, 0xb67b, 0xbe9b, 0xcedc, 0xcefd, 0xc69b, 0x6b6d,
    0x736b, 0x948e, 0x5aa8, 0x8c6e, 0xb592, 0x632a, 0xd698, 0xf77c, 0xf77c, 0xf77c, 0xe71a, 0x83ed,
    0x738b, 0x52a7, 0x4265, 0x632a, 0x52c7, 0x6349, 0x948e, 0x7bcb, 0x840b, 0xad2f, 0xc5d2, 0x7c30,
    0x8538, 0x74f8, 0x7cf8, 0x74d7, 0x6cb7, 0x6cb7, 0x7518, 0x8559, 0x7d38, 0x74d7, 0x74d7, 0x74b7,
    0x6cb7, 0x6cd7, 0x9dd9, 0xcedc, 0xe79f, 0xef9f, 0xef9f, 0xe79f, 0xc6dd, 0xb67b, 0xae3a, 0x8d78,
    0x7d17, 0xa61a, 0xbe5b, 0xd71d, 0xe77e, 0xefbf, 0xefbf, 0xdf5d, 0xa5f9, 0x8d59, 0x74f8, 0x6cd7,
    0x6cb7, 0x6476, 0x6476, 0x6475, 0x6476, 0x6c76, 0x74b6, 0x9599, 0x8d58, 0x7cf7, 0x7cf7, 0x7cf7,
    0x74d7, 0x74f7, 0x74d7, 0x74f7, 0x7d17, 0x8d58, 0x9dd9, 0xc6dd, 0xe75e, 0xef9e, 0xcefd, 0xae1a,
    0x8d58, 0x7cf7, 0x7d18, 0x8d58, 0xb67b, 0xcefd, 0xd75d, 0xdf7e, 0xdf7e, 0xb65b, 0xa5fa, 0x7d18,
    0x7cf7, 0x7cf8, 0x8558, 0x9dd9, 0xc6dd, 0xd73d, 0xbe7b, 0x9dda, 0x8d99, 0x7d38, 0x6c97, 0x6496,
    0x6cb6, 0x8578, 0xa61b, 0xbebd, 0xd6fd, 0xdf7e, 0xae1a, 0x9dba, 0x9dfb, 0x9dfa, 0xbebc, 0xd73e,
    0xdf5e, 0xe79f, 0xe79f, 0xe79f, 0xdf3d, 0x94b1, 0xa50f, 0xad2f, 0x9cce, 0x846f, 0x7cb2, 0x7cb3,
    0x73ce, 0x5ac8, 0x4a65, 0x4265, 0x5266, 0x73ac, 0xded9, 0x840e, 0x840c, 0x6b49, 0x6b49, 0x948f,
    0x736b, 0x636d, 0x9555, 0xc69b, 0xcedc, 0xc6bb, 0xc69b, 0xc69b, 0xc6bb, 0xc6bb, 0xc6bb, 0xc6bb,
    0xc6bb, 0xc6bb, 0xc6bb, 0xc6bb, 0xc6bb, 0xc6bb, 0xc6bb, 0xc6bc, 0xc6bb, 0xc6bb, 0xc6bb, 0xc6bb,
    0xc6bb, 0xc6bb, 0xc6bb, 0xc69b, 0xc69b, 0xc6bb, 0xcedc, 0xcefc, 0xae19, 0x84d3, 0x632b, 0x736c,
    0x5aa8, 0x7bab, 0x9cae, 0x8c2d, 0x7b8c, 0x5267, 0x4a47, 0x4a46, 0x41e4, 0x4205, 0x4a26, 0x4a26,
    0x2942, 0x3183, 0x4a26, 0x4a26, 0x31a3, 0x39e4, 0x5247, 0x5247, 0x6b2a, 0x83ec, 0x946e, 0x6b29,
    0x630a, 0x7bac, 0x8450, 0xcefc, 0xdf5e, 0xcefd, 0xae7b, 0x9df9, 0x95b8, 0xae5a, 0xbebc, 0xb69b,
    0x8d99, 0x8d78, 0x8d78, 0x8578, 0x8d98, 0x8d98, 0x8d98, 0x8db9, 0x95f9, 0xae5a, 0x9dd9, 0x9598,
    0x8d98, 0x9dd9, 0xb67b, 0x9598, 0x8d78, 0x9db9, 0xa61a, 0x9dd9, 0xb67b, 0xc69b, 0xcebb, 0x6b6d,
    0x736a, 0x946d, 0x52a7, 0x7bcc, 0xa531, 0x6309, 0xd678, 0xf77c, 0xf77c, 0xf77c, 0xe71b, 0x83cd,
    0x736b, 0x6309, 0x4a46, 0x5ae9, 0x5ae8, 0x842c, 0x9caf, 0x7bcb, 0x842b, 0xad0f, 0xc5b2, 0x73ef,
    0x74b6, 0x74d7, 0x6cb7, 0x6c97, 0x74b7, 0x7d18, 0x8559, 0x8559, 0x74f7, 0x6cb7, 0x6cb7, 0x74b7,
    0x6cb7, 0x74d7, 0x7d18, 0x9dda, 0xd75e, 0xefbf, 0xefbe, 0xe79f, 0xc6bc, 0xcf1d, 0xdf7e, 0xa61a,
    0x74d7, 0x6cd7, 0x7cf7, 0xb67c, 0xd73e, 0xef9f, 0xefbf, 0xefbf, 0xdf7e, 0xbebc, 0x74f7, 0x6476,
    0x6476, 0x6476, 0x6476, 0x6476, 0x6475, 0x6c96, 0x7d18, 0xae7c, 0xa5da, 0x7cf7, 0x7cf7, 0x7cf7,
    0x7cf7, 0x74d7, 0x6cb6, 0x74d7, 0x7d17, 0x7d17, 0x8538, 0xae5c, 0xcefd, 0xe79e, 0xef9e, 0xdf5e,
    0x9dd9, 0x7d17, 0x7d17, 0x7d18, 0x8517, 0x9dfa, 0xb69c, 0xcf1d, 0xe79f, 0xe79e, 0xd73e, 0x8d78,
    0x7d18, 0x7cf7, 0x7cf7, 0x7d17, 0xa61a, 0xcf1d, 0xe77f, 0xcefd, 0xb69c, 0x95da, 0x6c96, 0x6c96,
    0x6496, 0x6496, 0x9599, 0xbe9d, 0xcefd, 0xe79f, 0xcf1e, 0xb69c, 0x8558, 0x7d18, 0x8558, 0xa61a,
    0xc6dd, 0xdf7e, 0xe79f, 0xe79f, 0xe77e, 0xb5d6, 0xad30, 0xc5b1, 0xa4ef, 0x846f, 0x7cb2, 0x7cb2,
    0x6bad, 0x52c8, 0x4a86, 0x52a6, 0x52c8, 0xb594, 0xef5b, 0x840e, 0x840c, 0x6b49, 0x6b29, 0x946e,
    0x736b, 0x636d, 0x9555, 0xbe7b, 0xcedc, 0xc6bb, 0xc6bb, 0xc6bb, 0xc6bb, 0xc6bb, 0xc6bb, 0xc6bb,
    0xc6bb, 0xc6bb, 0xc6bb, 0xc6bb, 0xc6bb, 0xc6bb, 0xc6bb, 0xc6bb, 0xc6bb, 0xc6bb, 0xc6bb, 0xc6bb,
    0xc6bb, 0xc6bb, 0xc6bb, 0xc6bb, 0xc6bb, 0xc6bb, 0xc6bc, 0xd71d, 0xb639, 0x8cf3, 0x632b, 0x7bcd,
    0x6b2a, 0x83eb, 0xad0f, 0x8c2d, 0x7b8b, 0x5267, 0x5247, 0x4a46, 0x4225, 0x39c4, 0x4a26, 0x4a26,
    0x3183, 0x41c5, 0x4a26, 0x4a26, 0x31a3, 0x39e4, 0x5247, 0x5247, 0x6b2a, 0x83cc, 0x9c6e, 0x6b29,
    0x62ea, 0x7bac, 0x8450, 0xc6dc, 0xd73d, 0xc6dd, 0xbebc, 0xa619, 0x95b8, 0xbebc, 0xa619, 0xbe9b,
    0x95b8, 0x8d78, 0x8578, 0x8578, 0x8558, 0x8d98, 0x8db9, 0x9598, 0xa61a, 0x9dd9, 0x8d98, 0x8d99,
    0x9df9, 0xa619, 0x9dd9, 0x8d98, 0x8d98, 0xa61a, 0xa63a, 0x95b9, 0x9db8, 0xae5a, 0xb65a, 0x6b6c,
    0x736a, 0x948e, 0x52a7, 0x6309, 0x840c, 0x5ae9, 0xd698, 0xef7c, 0xef7c, 0xef7c, 0xd6fb, 0x7bad,
    0x734b, 0x62e9, 0x4a66, 0x4a87, 0x6329, 0x842d, 0x8c6e, 0x83ec, 0x9cad, 0xad2e, 0xbd91, 0x73ef,
    0x74d7, 0x6cb7, 0x6c96, 0x6cb7, 0x7cf8, 0x7d18, 0x7d18, 0x8559, 0x74d7, 0x6cb7, 0x6cb7, 0x74d7,
    0x74b7, 0x6cb7, 0x74d7, 0x8558, 0xb67c, 0xd73e, 0xefbe, 0xe77e, 0xbebc, 0xbebc, 0xc6bd, 0xae3b,
    0x8d99, 0x8d99, 0x8d99, 0x8d79, 0xb65c, 0xd73e, 0xd73e, 0xdf5e, 0xe79e, 0xcf1e, 0x9579, 0x74f7,
    0x6476, 0x6476, 0x6476, 0x6476, 0x6c96, 0x74d7, 0x7cf7, 0x8538, 0x8d99, 0x9599, 0x7cf7, 0x74f7,
    0x7cf7, 0x74d7, 0x74d7, 0x7cf7, 0x7cf7, 0x7cf7, 0x8517, 0x9dda, 0xa61b, 0xc6bc, 0xdf3d, 0xe77e,
    0xb65b, 0x95ba, 0x8538, 0x7d17, 0x7d17, 0x8538, 0x8d58, 0xae5b, 0xd73e, 0xd73e, 0xcf1d, 0xbe9c,
    0xae3b, 0x9dda, 0x8d99, 0x7d17, 0x8538, 0x9dfa, 0xc6fd, 0xc6dd, 0xb69c, 0xa61b, 0x8d79, 0x74f7,
    0x6c96, 0x6496, 0x8538, 0x9dda, 0xae5b, 0xc6dd, 0xc6bd, 0xbebd, 0xa5fa, 0x9dda, 0x9dda, 0x9dda,
    0xa61a, 0xcf1e, 0xe77f, 0xe77e, 0xe77e, 0xbe18, 0xad30, 0xc5b1, 0xa4ef, 0x7c4f, 0x7492, 0x7cb2,
    0x6bad, 0x52a7, 0x5286, 0x6308, 0x62e9, 0xce77, 0xef7c, 0x842e, 0x736a, 0x5ac8, 0x6309, 0x8c4e,
    0x736b, 0x636c, 0x9555, 0xbe7b, 0xc6bc, 0xc69b, 0xc6bb, 0xc6bb, 0xc6bb, 0xc6bb, 0xc6bb, 0xc6bb,
    0xc6bb, 0xc6bb, 0xc6bb, 0xc6bb, 0xc6bb, 0xc6bb, 0xc6bb, 0xc6bb, 0xc6bb, 0xc6bb, 0xc6bb, 0xc6bb,
    0xc6bb, 0xc6bb, 0xc6bb, 0xc6bb, 0xc6bb, 0xc69b, 0xc6bb, 0xcefc, 0xae39, 0x84d3, 0x632b, 0x7bcd,
    0x6b2a, 0x840c, 0x9cce, 0x83ec, 0x738b, 0x5287, 0x5247, 0x5247, 0x4a47, 0x39c4, 0x4a06, 0x4a06,
    0x39a4, 0x4a26, 0x4a06, 0x4a26, 0x39a4, 0x41e5, 0x5247, 0x5267, 0x6b2a, 0x83ec, 0x9c8e, 0x6b29,
    0x630a, 0x7bac, 0x8450, 0xbe9b, 0xcf1d, 0xc6dc, 0xc6dc, 0xbe9c, 0xa5f9, 0xae3a, 0x9dd9, 0x9dd9,
    0x8d78, 0x8d78, 0x8578, 0x8557, 0x7cd3, 0x8556, 0x95d9, 0x8d98, 0x8d78, 0x9598, 0xa61a, 0xae3b,
    0xb67c, 0xbebc, 0xae5b, 0x95b9, 0x95b9, 0xae3b, 0xae5b, 0xae3a, 0xb67b, 0xa5f9, 0xae18, 0x6b6c,
    0x736a, 0x948e, 0x52a7, 0x5286, 0x6b29, 0x5ac8, 0xd678, 0xef7c, 0xef7d, 0xdf5d, 0xc67a, 0x738c,
    0x734a, 0x62e9, 0x4a67, 0x5287, 0x6b4a, 0x842d, 0x842e, 0x83ec, 0x9ced, 0xad2e, 0xbd71, 0x73cf,
    0x7496, 0x6cb7, 0x74b7, 0x7cf7, 0x7cf8, 0x74d7, 0x74d7, 0x74d7, 0x6cb7, 0x6cb7, 0x6cb7, 0x6cb7,
    0x6cb7, 0x74b7, 0x74b7, 0x74d7, 0x8d79, 0xb65b, 0xdf5e, 0xdf5e, 0xbe9c, 0xbe9d, 0xbe9d, 0xb69d,
    0xb6bd, 0xbebc, 0xae7c, 0x8518, 0x95ba, 0xb67c, 0xb67c, 0xb67c, 0xd75e, 0xd73e, 0xbe9c, 0xa61b,
    0x7cf7, 0x74b6, 0x74b7, 0x6c96, 0x74b7, 0x7cf7, 0x7cf7, 0x7cd7, 0x95da, 0xae5c, 0x7d38, 0x74f7,
    0x8518, 0x84f7, 0x7cf7, 0x7d17, 0x7cf7, 0x7cf7, 0x7cf7, 0x7cf7, 0x7d18, 0x9dda, 0xc6dc, 0xe77e,
    0xcedc, 0xbe9d, 0x8d58, 0x7d17, 0x7d17, 0x7cf8, 0x7cf8, 0x95ba, 0xb67c, 0xbe9d, 0xc6bd, 0xe77e,
    0xd71d, 0xbebd, 0xa61b, 0x7d17, 0x74f7, 0x7d18, 0xa63b, 0xae5c, 0xae5c, 0xb67c, 0xbe9c, 0x8d58,
    0x74d7, 0x6496, 0x6c96, 0x6c96, 0x8559, 0xb67c, 0xbe9d, 0xbebd, 0xbebd, 0xbebd, 0xbebd, 0x9e1b,
    0x7d17, 0xa63b, 0xd73e, 0xdf5e, 0xe77e, 0xbe18, 0xad30, 0xbd91, 0x9cce, 0x7c2e, 0x7472, 0x7c92,
    0x6bad, 0x52a7, 0x5a87, 0x6b09, 0x736b, 0xd6b9, 0xef7c, 0x840e, 0x5287, 0x41e5, 0x4a47, 0x736b,
    0x6b2a, 0x636c, 0x9555, 0xc69b, 0xc6bc, 0xc69b, 0xc6bb, 0xc6bb, 0xc6bb, 0xc6bb, 0xc6bb, 0xc6bb,
    0xc6bb, 0xc6bb, 0xc6bb, 0xc6bb, 0xc6bb, 0xc6bb, 0xc6bb, 0xc6bb, 0xc6bb, 0xc6bb, 0xc6bb, 0xc6bb,
    0xc6bb, 0xc6bb, 0xc6bb, 0xc6bb, 0xc6bb, 0xc6bb, 0xc69b, 0xcefc, 0xae19, 0x84d3, 0x630b, 0x7bcd,
    0x6b2a, 0x840c, 0x9cad, 0x83cb, 0x7b8b, 0x5267, 0x5247, 0x5247, 0x4a27, 0x41e5, 0x4a26, 0x4a06,
    0x31a4, 0x4a26, 0x4a26, 0x4a26, 0x4a46, 0x4a46, 0x5247, 0x5267, 0x6b2a, 0x83cc, 0x946e, 0x6b29,
    0x62e9, 0x738b, 0x8450, 0xb67b, 0xc6fd, 0xd71d, 0xcedd, 0xc6bc, 0xb67c, 0x9db9, 0x8d78, 0x8d78,
    0x8578, 0x8558, 0x8d78, 0x84d3, 0x9d32, 0x8cf3, 0x8d56, 0x8578, 0x95b8, 0xa61a, 0xbe9c, 0xb67c,
    0xae3b, 0xb67b, 0xbebc, 0xae5b, 0xae3b, 0x9dd9, 0x9db9, 0xb65b, 0xb65a, 0xbe9c, 0xbe5a, 0x6b8c,
    0x6b4a, 0x948d, 0x52c7, 0x944d, 0xad30, 0x6b29, 0xd699, 0xef7d, 0xd6fc, 0xbe9c, 0xa5d9, 0x634c,
    0x6b4a, 0x62e9, 0x4a67, 0x5287, 0x738b, 0x948f, 0x8c2e, 0x840c, 0xa4ee, 0xad2e, 0xbd71, 0x6bae,
    0x6c96, 0x74b7, 0x9599, 0xa61b, 0x7cf7, 0x6cb7, 0x6cb7, 0x74b7, 0x74b7, 0x6cb7, 0x6cb7, 0x6cb7,
    0x6cb7, 0x74d7, 0x74b7, 0x74d7, 0x7cf8, 0x8d58, 0xbe9c, 0xc6dd, 0xbebd, 0xbe9d, 0xbe9d, 0xbe9d,
    0xbe9c, 0xbebc, 0xbe9d, 0xb67c, 0x9dda, 0x8538, 0x7d18, 0x8558, 0xb67c, 0xbebc, 0xb69c, 0xb69d,
    0xb67c, 0xb67c, 0xa63b, 0x7cf7, 0x74d7, 0x7cf7, 0x74d7, 0x74b7, 0x74d7, 0x7d18, 0x74f7, 0x8538,
    0xb69c, 0xbebc, 0x8d58, 0x7cf7, 0x7cf7, 0x7cf7, 0x7cf7, 0x7cf7, 0x7cf7, 0x8538, 0xb65b, 0xdf5e,
    0xe77e, 0xdf5e, 0x9598, 0x7cf7, 0x7cf7, 0x7cf7, 0x74f8, 0x7d18, 0x8d79, 0xb67c, 0xc6bd, 0xe77e,
    0xe77e, 0xdf5e, 0xc6dd, 0xa61b, 0x7d18, 0x74f7, 0x7d18, 0x8518, 0x8538, 0xa5fa, 0xbebd, 0x8d58,
    0x7cf7, 0x74b6, 0x6c96, 0x6476, 0x6c96, 0x7cf7, 0xb65c, 0xc6bd, 0xbebd, 0xbebd, 0xbebd, 0x9dfb,
    0x74f7, 0x7d38, 0x9dfa, 0xb67c, 0xbe9c, 0xa576, 0xad10, 0xb550, 0xa50f, 0x842e, 0x6bee, 0x7450,
    0x73ad, 0x5288, 0x5aa7, 0x62e9, 0x6b4b, 0xe71a, 0xf77c, 0x8c2f, 0x83ec, 0x62e9, 0x5268, 0x83cd,
    0x6b2b, 0x634c, 0x9556, 0xbe7b, 0xc6dc, 0xc69b, 0xc6bb, 0xc6bb, 0xc6bb, 0xc6bb, 0xc6bb, 0xc6bb,
    0xc6bb, 0xc6bb, 0xc6bb, 0xc6bb, 0xc6bb, 0xc6bb, 0xc6bb, 0xc6bb, 0xc6bb, 0xc6bb, 0xc6bb, 0xc6bb,
    0xc6bb, 0xc6bb, 0xc6bb, 0xc6bb, 0xc6bb, 0xc6bb, 0xc6bb, 0xcefc, 0xae19, 0x84b3, 0x632b, 0x7bcd,
    0x6b2a, 0x840c, 0x9cae, 0x6309, 0x5287, 0x5247, 0x5247, 0x5247, 0x5247, 0x4a27, 0x4a27, 0x4a26,
    0x39a4, 0x4a26, 0x4a26, 0x4a46, 0x5267, 0x5267, 0x5247, 0x4205, 0x5267, 0x6b2a, 0x736a, 0x4a46,
    0x62e9, 0x738c, 0x7c50, 0xb65b, 0xbebc, 0xdf5e, 0xcefd, 0xc6bc, 0xc6bc, 0xb67b, 0x9db9, 0x8d78,
    0x8557, 0x8558, 0x8557, 0x7c72, 0x9cd0, 0x8cb1, 0x84f4, 0x8d78, 0xae5a, 0xbe9c, 0xb65b, 0xae3b,
    0xae3b, 0xb69c, 0xbebc, 0xbedc, 0xbe9c, 0x95b9, 0x9598, 0xb65b, 0xbe7a, 0xb63a, 0xc69b, 0x6b6c,
    0x734a, 0x948e, 0x5ae7, 0x948d, 0xad50, 0x6329, 0xc658, 0xd71d, 0xbe7b, 0x9599, 0x7cd6, 0x5b2b,
    0x734a, 0x6309, 0x4a67, 0x5287, 0x7bec, 0x9cf1, 0x842e, 0x8c0c, 0xa4ee, 0xad2f, 0xbd71, 0x6baf,
    0x7496, 0x8538, 0xae3b, 0xb67c, 0x7cf7, 0x6cb7, 0x6cb7, 0x6cb7, 0x6cb7, 0x74d7, 0x74d7, 0x6cb7,
    0x6cb7, 0x74d7, 0x74d7, 0x74b7, 0x74b7, 0x74d7, 0x9dda, 0xb67c, 0xb67c, 0xbebd, 0xb67c, 0xb67c,
    0xbebc, 0xbe9c, 0xbe9d, 0xbebd, 0x9dda, 0x74d7, 0x74d7, 0x7cf8, 0xa63c, 0xb67c, 0xae3b, 0xb65c,
    0xc6bd, 0xbebc, 0xb67c, 0x8517, 0x7cf7, 0x7cf7, 0x74d7, 0x6c96, 0x6cb7, 0x74f7, 0x7cf7, 0x8d78,
    0xc6fd, 0xc6fd, 0x9598, 0x8517, 0x7cf7, 0x7cf7, 0x7cf7, 0x7cf7, 0x7cf7, 0x7cf7, 0x9d99, 0xc6bc,
    0xe77e, 0xdf7e, 0x9db9, 0x7d17, 0x7cf7, 0x74f7, 0x74f7, 0x7cf7, 0x8517, 0xa61a, 0xbe9c, 0xdf5e,
    0xe77e, 0xe77f, 0xcf1e, 0xae5c, 0x8538, 0x7d17, 0x74f7, 0x7cf7, 0x7cf7, 0x9db9, 0xb69c, 0x8d58,
    0x7cf7, 0x7cf7, 0x7cf7, 0x6cb6, 0x6476, 0x6c96, 0x95ba, 0xb69c, 0xbe9c, 0xbe9d, 0xbe9d, 0x9dfb,
    0x7d18, 0x74f7, 0x7d38, 0x9dfb, 0xae5c, 0x9d56, 0xad10, 0xb571, 0xa50f, 0x842d, 0x638b, 0x742f,
    0x73ad, 0x5287, 0x5aa8, 0x62e9, 0x632a, 0xdf1a, 0xef7c, 0x842e, 0x840c, 0x6329, 0x5267, 0x6b0a,
    0x4227, 0x5b2c, 0x9556, 0xbe7b, 0xc6bc, 0xc69b, 0xc69b, 0xc69b, 0xc6bb, 0xc6bb, 0xc6bb, 0xc6bb,
    0xc6bb, 0xc6bb, 0xc6bb, 0xc6bb, 0xc6bb, 0xc6bb, 0xc6bb, 0xc6bb, 0xc6bb, 0xc6bb, 0xc6bb, 0xc6bb,
    0xc6bb, 0xc6bb, 0xc6bb, 0xc69b, 0xc6bb, 0xc69b, 0xc69b, 0xcedc, 0xae19, 0x84d3, 0x5b0b, 0x736c,
    0x4a46, 0x4a66, 0x5aa7, 0x39c4, 0x3183, 0x39a4, 0x4a26, 0x5247, 0x5247, 0x5247, 0x5247, 0x5247,
    0x4206, 0x4a06, 0x41e5, 0x41e5, 0x4206, 0x39e5, 0x31a4, 0x2983, 0x39c4, 0x5267, 0x4205, 0x39c4,
    0x630a, 0x738c, 0x7c2f, 0xb67b, 0xbe9c, 0xcefe, 0xcefd, 0xc6bc, 0xc6bc, 0xc69c, 0xb67b, 0xa5fa,
    0x8d78, 0x8558, 0x8536, 0x7410, 0x8c2e, 0x8c70, 0x9d75, 0xae3b, 0xae5b, 0xae1b, 0xa61a, 0xa61b,
    0xae5b, 0xbe9c, 0xc6dd, 0xc6dc, 0xbebc, 0xb67b, 0xa5d9, 0xae3a, 0xc6dc, 0xb67b, 0xbe7a, 0x634c,
    0x736b, 0x7bcb, 0x4a66, 0x946d, 0xad50, 0x5b09, 0xadb7, 0xa5fa, 0x8d58, 0x7cf8, 0x74b6, 0x5b0b,
    0x736b, 0x6309, 0x4a67, 0x5287, 0x7bcc, 0x9cf1, 0x842e, 0x8c0c, 0xa4ee, 0xad2f, 0xbd71, 0x73cf,
    0x8d79, 0xae5c, 0xb69c, 0xb65c, 0x7cf7, 0x6cb7, 0x6cb7, 0x6cb7, 0x6cb7, 0x8d99, 0x9dfb, 0x7cd7,
    0x74d7, 0x74b7, 0x74b7, 0x74b7, 0x74b7, 0x6cb7, 0x74f8, 0x8d79, 0x959a, 0xa65b, 0x9599, 0xa5fa,
    0xbebd, 0xbe9c, 0xc69d, 0xbebd, 0x9dba, 0x74d7, 0x74b7, 0x74b7, 0x7d18, 0x8538, 0x8517, 0xa5fa,
    0xbebd, 0xbebd, 0xb67c, 0x8517, 0x7cd7, 0x74d7, 0x6cb6, 0x6cb7, 0x74d7, 0x7cf7, 0x9dda, 0xbebd,
    0xcf1d, 0xcf1e, 0xc6bd, 0xa5fa, 0x7cf7, 0x7cf7, 0x7cf7, 0x7cf7, 0x7cf7, 0x7cf7, 0x8517, 0xa61a,
    0xc6dc, 0xc6dc, 0xb67c, 0xa61b, 0x8538, 0x7cf7, 0x7cf8, 0x7d17, 0x7d17, 0x8538, 0x9db9, 0xbe9c,
    0xc6bd, 0xc6dd, 0xbebd, 0xb69c, 0xae3b, 0xa61b, 0x8538, 0x7cf7, 0x7cf7, 0x8537, 0x9579, 0x8517,
    0x7d17, 0x7cf7, 0x7cf7, 0x74d7, 0x6476, 0x6c96, 0x74d7, 0x8538, 0x8558, 0x9dda, 0xb69d, 0xb67c,
    0xa61b, 0x8538, 0x7d18, 0x8538, 0x8d79, 0x8493, 0xacf0, 0xbd91, 0xad10, 0x840c, 0x636a, 0x742e,
    0x73ad, 0x5287, 0x5aa8, 0x62e9, 0x632a, 0xdf1a, 0xef7b, 0x840e, 0x83ec, 0x6b29, 0x5267, 0x734b,
    0x4227, 0x5b2c, 0x9556, 0xbe9a, 0xc6bc, 0xc69b, 0xc69b, 0xc6dc, 0xc6bc, 0xc6bb, 0xc6bb, 0xc6bb,
    0xc6bb, 0xc6bb, 0xc6bb, 0xc6bb, 0xc6bb, 0xc6bb, 0xc6bb, 0xc6bb, 0xc6bb, 0xc6bb, 0xc6bb, 0xc6bb,
    0xc6bb, 0xc6bb, 0xc6bb, 0xc6bb, 0xc69b, 0xc69b, 0xc69b, 0xc6bb, 0xae19, 0x84b3, 0x630b, 0x6b2b,
    0x4206, 0x2962, 0x4204, 0x5ac7, 0x4224, 0x31a2, 0x39e4, 0x4206, 0x4206, 0x4205, 0x4206, 0x41e6,
    0x39c4, 0x3184, 0x2962, 0x2161, 0x2982, 0x31e4, 0x738c, 0x5ae9, 0x52c7, 0x8c2c, 0x7bcb, 0x5287,
    0x6b2b, 0x738c, 0x7c2f, 0xc6bb, 0xbebc, 0xbe9c, 0xc6bd, 0xbe9c, 0xb67c, 0xbe9c, 0xc69c, 0xbe9c,
    0xae1a, 0x8d78, 0x7cb3, 0x6b8d, 0x94b0, 0xad52, 0x8cb2, 0xae1a, 0xae1a, 0xa61b, 0xa5fb, 0xa61b,
    0xae1a, 0xbebc, 0xcedd, 0xc6bc, 0xc6bc, 0xc6bc, 0xbe9c, 0xa5f9, 0x9db8, 0xa61a, 0xbe5a, 0x634c,
    0x6b2a, 0x6308, 0x4225, 0x946e, 0xad31, 0x52c9, 0x7c73, 0x7d18, 0x74f7, 0x74d8, 0x74b6, 0x5b0c,
    0x734b, 0x6309, 0x5267, 0x5287, 0x7bcc, 0x9cd0, 0x842e, 0x8c2d, 0xa4ee, 0xad2f, 0xbd71, 0x8451,
    0xae5b, 0xb67c, 0xbe9c, 0xb65c, 0x7cf7, 0x6cb7, 0x74d7, 0x6cb7, 0x74b7, 0x95ba, 0xb67c, 0x9dda,
    0x8d99, 0x7cd7, 0x74d7, 0x6cb7, 0x6cb7, 0x6cb7, 0x6497, 0x6cb7, 0x7d18, 0x8559, 0x7d18, 0x8d79,
    0xa61b, 0xbe9c, 0xbe9c, 0xbe9d, 0xae1b, 0x9599, 0x9599, 0x8d79, 0x74d7, 0x74d7, 0x74d7, 0x8d79,
    0xa61a, 0xb67c, 0xbe9c, 0x9dda, 0x8d79, 0x74d7, 0x6cb7, 0x74f7, 0x7cf7, 0x7cf7, 0x9599, 0xb67b,
    0xcf1d, 0xcf1e, 0xcf1e, 0xb67b, 0x9dda, 0x8d79, 0x7cf8, 0x7cf8, 0x7cf7, 0x7cf7, 0x7cf7, 0x8d79,
    0xae5b, 0xa61b, 0x9dfa, 0xa5fa, 0x9dba, 0x8d58, 0x7cf7, 0x7d17, 0x7d17, 0x7d17, 0x8517, 0x9dda,
    0xa5fa, 0xa5fa, 0xae1b, 0xb67c, 0xbe9d, 0xbe9c, 0xa5da, 0x9dd9, 0x9dda, 0x8d79, 0x8517, 0x7cf7,
    0x7d17, 0x8d79, 0x9599, 0x8d99, 0x7d18, 0x74d7, 0x74d7, 0x6cb7, 0x74b7, 0x8559, 0x9dda, 0x9dfa,
    0xa5fa, 0x9dfa, 0x9dda, 0x9dda, 0x9599, 0x7473, 0xa4f0, 0xb570, 0xa4ef, 0x842d, 0x6bab, 0x7c6f,
    0x73cc, 0x5a87, 0x5aa8, 0x62e9, 0x630a, 0xce99, 0xe73c, 0x840f, 0x83ec, 0x6b29, 0x62e8, 0x8c2d,
    0x630a, 0x634c, 0x9556, 0xbe7a, 0xc6bc, 0xc69b, 0xc69b, 0xdf5e, 0xdf5d, 0xcebc, 0xc6bb, 0xc6bb,
    0xc6bb, 0xc6bb, 0xc6bb, 0xc6bb, 0xc6bb, 0xc6bb, 0xc6bb, 0xc6bb, 0xc6bb, 0xc6bb, 0xc6bb, 0xc6bb,
    0xc6bb, 0xc6bb, 0xc6bb, 0xc6bb, 0xc69b, 0xc69b, 0xc69b, 0xc6bb, 0xae19, 0x8cd3, 0x632b, 0x7bac,
    0x6309, 0x6308, 0x944c, 0xa4ee, 0x6b68, 0x4283, 0x3a22, 0x31c2, 0x31c2, 0x31c2, 0x2961, 0x2121,
    0x39c4, 0x2962, 0x29a1, 0x29c1, 0x3202, 0x6b8b, 0xd6b9, 0xb5b5, 0x73ab, 0x83ec, 0x944d, 0x62e9,
    0x6b0b, 0x7b8c, 0x8450, 0xcedc, 0xc6dc, 0xae1b, 0xae3b, 0xbe9d, 0xb67c, 0xb65b, 0xbe9c, 0xc69c,
    0xbe9c, 0xae1a, 0x7431, 0x5b0b, 0x738c, 0x7c0d, 0x7c2f, 0xa5b9, 0xa61b, 0xa61b, 0xa61b, 0xa5fa,
    0xb69c, 0xbebc, 0xae3b, 0xb65b, 0xbebc, 0xbebc, 0xbebc, 0xb67b, 0xae3a, 0xa61a, 0xbe7a, 0x634c,
    0x7bcd, 0x840c, 0x4a66, 0x8c6d, 0xad30, 0x52c9, 0x7473, 0x74f7, 0x74f7, 0x7d18, 0x7cf6, 0x632c,
    0x736b, 0x6b09, 0x5267, 0x5287, 0x7bcc, 0x9cd0, 0x840d, 0x8c0d, 0xa4ee, 0xad2f, 0xbd71, 0x8c91,
    0xbe7c, 0xbe9c, 0xb67c, 0xa61b, 0x7cf7, 0x74b7, 0x74b7, 0x74f7, 0x7d17, 0x9dda, 0xbebd, 0xbebd,
    0xae5c, 0x8538, 0x74d7, 0x6cb7, 0x6cb7, 0x6cb7, 0x6cb7, 0x6496, 0x7d17, 0x7cf7, 0x74d7, 0x74d7,
    0x8518, 0xae3c, 0xb67c, 0xbe9c, 0xbe9d, 0xbe9d, 0xb69d, 0xae7c, 0x8d58, 0x7d18, 0x74d7, 0x74d7,
    0x7cd7, 0x9dba, 0xb69c, 0xbebd, 0xb67c, 0x8558, 0x7cf7, 0x7cf7, 0x7cf7, 0x74f7, 0x74d6, 0x8d38,
    0xbebd, 0xc6fd, 0xcefd, 0xc6fd, 0xc6fd, 0xae3b, 0x8538, 0x7cf7, 0x7d17, 0x7cf7, 0x7cf7, 0x7cf7,
    0x8538, 0x7cf8, 0x7cf7, 0x8538, 0xae5c, 0x9dfa, 0x8538, 0x8517, 0x7d17, 0x7d17, 0x7cf7, 0x7d17,
    0x8517, 0x7d17, 0x9599, 0xb67c, 0xb67c, 0xbe9c, 0xbebd, 0xbebc, 0xbebd, 0xae1b, 0x8d38, 0x7d17,
    0x7d18, 0xa61b, 0xb67c, 0xb69c, 0xa5fa, 0x8517, 0x7cf7, 0x74d7, 0x74d7, 0x74b7, 0x74d7, 0x74d7,
    0x8537, 0xb67c, 0xbebd, 0xc6dd, 0xa61a, 0x7452, 0xa4ef, 0xb550, 0xa4ef, 0x842d, 0x73cd, 0x8cb0,
    0x7bcd, 0x5aa8, 0x5aa8, 0x62e8, 0x52a9, 0xa5b8, 0xb65a, 0x73ae, 0x83ec, 0x6b49, 0x6b4a, 0x9c8f,
    0x632b, 0x636c, 0x9556, 0xc69b, 0xc6bc, 0xc69b, 0xc69b, 0xdf3d, 0xdf3d, 0xcebc, 0xc6bb, 0xc6bb,
    0xc6bb, 0xc6bb, 0xc6bb, 0xc6bb, 0xc6bb, 0xc6bb, 0xc6bb, 0xc6bb, 0xc6bb, 0xc6bb, 0xc6bb, 0xc6bb,
    0xc6bb, 0xc6bb, 0xc6bb, 0xc69b, 0xc69b, 0xc69b, 0xc69b, 0xc6bb, 0xb619, 0x8cd3, 0x632b, 0x83cd,
    0x6b2a, 0x7bcc, 0x9c8d, 0x8c0c, 0x738a, 0x4264, 0x42a3, 0x42a3, 0x3a62, 0x3a22, 0x3202, 0x31e2,
    0x4a27, 0x4225, 0x29c2, 0x29a1, 0x3a24, 0x52c8, 0x8cb0, 0x7c2d, 0x738a, 0x83cc, 0x942d, 0x62e8,
    0x62ea, 0x7b8c, 0x8430, 0xbe7b, 0xbebc, 0xbe7c, 0xae3b, 0xae3b, 0xae3c, 0xae3b, 0xb65c, 0xbe9c,
    0xbe9c, 0xadf9, 0x6bae, 0x73ad, 0x9490, 0xa511, 0xa552, 0x8cf4, 0xa5fa, 0xa5fb, 0xa5fb, 0xb67b,
    0xbebc, 0xae3b, 0xa61b, 0xa61b, 0xb67c, 0xc6bc, 0xbebc, 0xbe9c, 0xc6dc, 0xbebc, 0xc69b, 0x6b6c,
    0x736b, 0x83cc, 0x4a46, 0x8c6d, 0xad30, 0x52c9, 0x7474, 0x7cf7, 0x8d79, 0xae3b, 0xa61a, 0x6b8d,
    0x738b, 0x6b29, 0x5287, 0x5287, 0x7bcc, 0x9cd0, 0x840d, 0x8c2d, 0xa4ee, 0xad2f, 0xb571, 0x8c91,
    0xbe7c, 0xbe9d, 0x9dda, 0x7cf7, 0x6cb7, 0x6cb7, 0x74b7, 0x9dda, 0xb67c, 0xb67c, 0xbe9c, 0xbe9d,
    0xbe9c, 0xb65c, 0x8d79, 0x6cb7, 0x6cb7, 0x6cb7, 0x6cb7, 0x6cb6, 0xae3a, 0xae1a, 0x7cf7, 0x74d7,
    0x74d7, 0x7d18, 0x8d58, 0xb65c, 0xbe9d, 0xbe9d, 0xbebd, 0xbebd, 0xb67c, 0xae5b, 0x8517, 0x74d7,
    0x74d7, 0x7cf7, 0x8558, 0xa63b, 0xbebd, 0xae7c, 0x8d99, 0x74d7, 0x74d7, 0x74d7, 0x74d7, 0x7cf7,
    0x8d58, 0x9599, 0xbebd, 0xc71d, 0xc6fd, 0xc6dd, 0xb69c, 0x8d38, 0x7cf7, 0x7cf7, 0x7cf7, 0x7cf7,
    0x7cf7, 0x7cf7, 0x7cf7, 0x7cf7, 0x8d58, 0xa61a, 0xae5c, 0x95b9, 0x7d17, 0x7d18, 0x7cf7, 0x7cf8,
    0x7cf8, 0x7cf8, 0x8538, 0x8d58, 0x8d78, 0xa5fa, 0xbe9c, 0xbe9d, 0xbe9d, 0xbe9c, 0xae5c, 0x8d79,
    0x74f7, 0x7d18, 0x9dda, 0xbe9d, 0xb69c, 0xae3b, 0x7d17, 0x74d7, 0x74d7, 0x74d7, 0x74d7, 0x74d7,
    0x7cf7, 0x8558, 0x9599, 0xbe9c, 0xae3b, 0x84b3, 0xa4ef, 0xb570, 0xa4ef, 0x840d, 0x7c0d, 0x9cb0,
    0x7bcc, 0x5287, 0x5287, 0x5ac8, 0x52ea, 0x9d98, 0xa5d9, 0x638d, 0x840c, 0x7369, 0x6b4a, 0x948f,
    0x6b2b, 0x634c, 0x9556, 0xc69a, 0xc6bc, 0xc69b, 0xc69b, 0xc6bb, 0xc6bb, 0xc6bc, 0xc6bb, 0xc6bb,
    0xc6bb, 0xc6bb, 0xc6bb, 0xc6bb, 0xc6bb, 0xc6bb, 0xc6bb, 0xc6bb, 0xc6bb, 0xc6bb, 0xc6bb, 0xc6bb,
    0xc6bb, 0xc6bb, 0xc6bb, 0xc69b, 0xc69b, 0xc6bb, 0xc69b, 0xc6bb, 0xae19, 0x84d3, 0x632b, 0x83cd,
    0x6b2a, 0x7bcb, 0x8c0c, 0x83ac, 0x736b, 0x4a66, 0x3a63, 0x4ac4, 0x5306, 0x3a43, 0x3222, 0x3a22,
    0x4a27, 0x4a26, 0x31c3, 0x29c2, 0x4a45, 0x4a46, 0x3a44, 0x4ac6, 0x736a, 0x83cc, 0x944d, 0x62e9,
    0x630a, 0x7b8c, 0x7c30, 0xae1a, 0xae3b, 0xc6dd, 0xb67b, 0xa61b, 0xa61b, 0xae3c, 0xae3b, 0xae5c,
    0xb65b, 0x8cb3, 0x5b0a, 0x5b0a, 0x6b6c, 0x73ad, 0x7c0d, 0x73ef, 0x9557, 0xa5fa, 0xae3b, 0xbebd,
    0xb65b, 0xae1b, 0xa61b, 0xa5fb, 0xae1b, 0xb67c, 0xbebc, 0xc6bc, 0xcf1d, 0xc6dd, 0xc69b, 0x6b6d,
    0x736b, 0x7bcc, 0x4a26, 0x8c4d, 0xad30, 0x52a9, 0x7453, 0x9599, 0xb67c, 0xbe7c, 0xb63a, 0x738d,
    0x738b, 0x6b4b, 0x5288, 0x5287, 0x7bcc, 0x9cd0, 0x8c2e, 0x8c4d, 0xa4ee, 0xad2f, 0xbd71, 0x8c91,
    0xb67b, 0xae5c, 0x8d79, 0x7cd7, 0x7cf7, 0x7cf7, 0x84f7, 0xa61b, 0xbebd, 0xbe9d, 0xbe9d, 0xbe9d,
    0xbe9d, 0xbe9d, 0x9599, 0x7cf7, 0x74d7, 0x6cb7, 0x6cb7, 0x6cb6, 0x8538, 0x8d78, 0x74d7, 0x74d7,
    0x74d7, 0x6cd7, 0x74f7, 0xa63b, 0xb67c, 0xb67c, 0xbe9c, 0xbebd, 0xc6bd, 0xb67c, 0x8558, 0x7cf7,
    0x74d7, 0x74f7, 0x7cf7, 0x9dda, 0xb69c, 0xbedd, 0xa5fa, 0x8538, 0x7cf8, 0x74d7, 0x7cf7, 0x7cf7,
    0x7cf7, 0x8538, 0xae7c, 0xc6dd, 0xc6fd, 0xcf1d, 0xc6fd, 0x9598, 0x8538, 0x7cf8, 0x7cf7, 0x7cf7,
    0x7cf7, 0x7cf7, 0x7cf7, 0x7cf7, 0x7cf7, 0x95b9, 0xb67c, 0x9dda, 0x7cf7, 0x7cf7, 0x7d17, 0x7d18,
    0x8538, 0x8538, 0x8d58, 0x9578, 0xa5fa, 0xae3b, 0xbe9c, 0xbebd, 0xbe9d, 0xbebd, 0xbe9d, 0x9dba,
    0x7d18, 0x7cf7, 0x95ba, 0xb67c, 0xb67c, 0xae5c, 0x8d58, 0x7cf7, 0x7cf7, 0x7cd7, 0x74d7, 0x7cd7,
    0x7cf7, 0x7cf7, 0x8518, 0xae5c, 0xb67c, 0x9536, 0xacef, 0xbd90, 0xa4cf, 0x7bed, 0x7c0d, 0x9caf,
    0x83cd, 0x52a7, 0x5288, 0x62c9, 0x52ca, 0x9578, 0x9db9, 0x638d, 0x840c, 0x734a, 0x6b4a, 0x948f,
    0x6b2b, 0x634c, 0x9555, 0xbe7a, 0xc6bb, 0xc6bb, 0xc69b, 0xc69b, 0xc6bb, 0xc6bc, 0xc6bb, 0xc6bb,
    0xc6bb, 0xc6bb, 0xc6bb, 0xc6bb, 0xc6bb, 0xc6bb, 0xc6bb, 0xc6bb, 0xc6bb, 0xc6bb, 0xc6bb, 0xc6bb,
    0xc6bb, 0xc6bb, 0xc6bb, 0xc69b, 0xc69b, 0xc69b, 0xc69b, 0xc6bb, 0xae19, 0x84b3, 0x632b, 0x83cd,
    0x6b2a, 0x7bcb, 0x840c, 0x83ac, 0x736b, 0x5287, 0x4244, 0x4284, 0x5b27, 0x4244, 0x4245, 0x4a46,
    0x4a27, 0x4a26, 0x4205, 0x29c2, 0x4a46, 0x4a46, 0x3a24, 0x4aa6, 0x7bab, 0x83cc, 0x944d, 0x6309,
    0x630a, 0x7b8c, 0x7c2f, 0xae19, 0x9dda, 0xb69c, 0xc6dd, 0xb65b, 0xa61b, 0xae3b, 0xa63b, 0xa63b,
    0x9556, 0x636d, 0x632b, 0x5aea, 0x7bee, 0x8c6f, 0xa531, 0xa532, 0x8cd3, 0xa5fa, 0xb67c, 0xae1a,
    0xa61b, 0xa61b, 0xa61b, 0xa61b, 0xa61b, 0xa5fa, 0xb65b, 0xc6bc, 0xcefd, 0xd73e, 0xcebb, 0x6b4c,
    0x6b0a, 0x83ec, 0x4a67, 0x8c4d, 0xad30, 0x52a9, 0x8cf5, 0xae3b, 0xbe9c, 0xbe7c, 0xb63a, 0x73ad,
    0x738c, 0x7bcd, 0x5aa8, 0x5288, 0x7bcc, 0x9cd0, 0x840d, 0x8c2d, 0xa4ee, 0xad30, 0xbd92, 0x8cb1,
    0xae3a, 0x8d78, 0x8d78, 0xae3b, 0xc6fd, 0xc6fd, 0xc6fd, 0xc6dd, 0xbebc, 0xbe9c, 0xbe9d, 0xbe9d,
    0xbe9d, 0xbe7c, 0xb67c, 0xae5c, 0x8d79, 0x6cb7, 0x74d7, 0x74b7, 0x74d7, 0x74d7, 0x74d7, 0x74d7,
    0x74b7, 0x6cd7, 0x6cd7, 0x7cf8, 0x7d18, 0x8518, 0xa5fa, 0xc6bd, 0xbebd, 0xbe9d, 0xae5c, 0xa61b,
    0x7d18, 0x74d7, 0x74f7, 0x7d17, 0x8d58, 0xbebd, 0xbedd, 0xbebd, 0x9dda, 0x7cf7, 0x7cf7, 0x7cf7,
    0x7cd7, 0x7cf7, 0x8538, 0xa61a, 0xc71e, 0xcf1d, 0xcf1d, 0xbedd, 0xb67c, 0x8538, 0x7cf7, 0x7cf7,
    0x7cf7, 0x7cf7, 0x7cf7, 0x7cf7, 0x7cf7, 0x8517, 0x8d58, 0x8538, 0x7cf7, 0x7cf7, 0x8518, 0xa61b,
    0xbebd, 0xcf1d, 0xd71d, 0xd73d, 0xdf5e, 0xdf5e, 0xcefd, 0xbe9c, 0xbe9c, 0xbe9c, 0xbe9d, 0xb67c,
    0xa63b, 0x8538, 0x8537, 0x8538, 0x8538, 0x8d58, 0xae3b, 0xae5c, 0xae5c, 0x8d99, 0x74d7, 0x7cd7,
    0x7cf7, 0x7cf7, 0x7cf7, 0x8538, 0x8518, 0x7473, 0xa4ef, 0xbd90, 0xa4cf, 0x7bed, 0x840d, 0x9cd0,
    0x7bcc, 0x52a7, 0x5267, 0x62e9, 0x52a9, 0x8d36, 0xae19, 0x73ae, 0x840c, 0x734a, 0x6b49, 0x948f,
    0x6b2b, 0x634c, 0x9555, 0xbe7a, 0xcedc, 0xc6bb, 0xc6bb, 0xc69b, 0xc6bb, 0xc6bb, 0xc6bb, 0xc6bb,
    0xc6bb, 0xc6bb, 0xc6bb, 0xc6bb, 0xc6bb, 0xc6bb, 0xc6bb, 0xc6bb, 0xc6bb, 0xc6bb, 0xc6bb, 0xc6bb,
    0xc6bb, 0xc6bb, 0xc6bb, 0xc69b, 0xc69b, 0xc69b, 0xc69b, 0xc6bb, 0xb619, 0x8cd3, 0x632b, 0x7bcd,
    0x6b2a, 0x7bcb, 0x840c, 0x83ac, 0x736b, 0x5267, 0x3a23, 0x3a24, 0x52c7, 0x4a66, 0x5267, 0x5247,
    0x4a27, 0x4a27, 0x4205, 0x29a2, 0x4a26, 0x4a46, 0x4244, 0x52c6, 0x83ab, 0x83cc, 0x944d, 0x6309,
    0x630a, 0x7bac, 0x7c30, 0xae1a, 0x9dfa, 0xa61a, 0xb69c, 0xc6dd, 0xb65b, 0xae3b, 0xae3b, 0xa5d9,
    0x7c30, 0x6b6c, 0x630b, 0x632a, 0x8c4f, 0x948f, 0x9cd0, 0xad73, 0xa553, 0x9556, 0xa5fa, 0xa5fa,
    0xa5fa, 0xa61b, 0xa61b, 0xa61b, 0xa61b, 0xae3b, 0xb69c, 0xc6dd, 0xcefd, 0xd71d, 0xcedb, 0x6b6c,
    0x6b2a, 0x946e, 0x5aa7, 0x8c4d, 0xad30, 0x630a, 0xc69a, 0xcf1d, 0xc6bc, 0xcedc, 0xcedc, 0x7bce,
    0x738c, 0x630a, 0x5267, 0x5287, 0x7bcc, 0x9cd0, 0x840d, 0x8c2d, 0xa4ee, 0xad30, 0xbd92, 0x8cb2,
    0x9dfa, 0x9599, 0x9dfb, 0xbe9c, 0xdf5f, 0xdf7f, 0xdf7f, 0xd73e, 0xcf1e, 0xcf1e, 0xc6fe, 0xbe9d,
    0xbe9c, 0xbe9c, 0xbe9d, 0xbe9d, 0xae1b, 0x959a, 0x7cf8, 0x74b7, 0x74d7, 0x74d7, 0x74d7, 0x74d7,
    0x6cb7, 0x74b7, 0x74d7, 0x8d59, 0x8d58, 0x95b9, 0xb67b, 0xd71e, 0xcf1d, 0xcefd, 0xb69d, 0x95ba,
    0x74d7, 0x74d7, 0x74d7, 0x74f7, 0x8517, 0xa5fb, 0xa61b, 0xa61b, 0x9599, 0x7cf7, 0x7cf7, 0x7cf7,
    0x7cf7, 0x7cf7, 0x7cf7, 0x8d79, 0xa63b, 0xbebc, 0xcf1d, 0xc6fd, 0xbebc, 0xa5fa, 0x8d59, 0x7cf7,
    0x7cf7, 0x7cf7, 0x7cf7, 0x7cf7, 0x7cf7, 0x7cf8, 0x7cf8, 0x8558, 0x95ba, 0x95ba, 0x9dda, 0xb65c,
    0xcf1d, 0xe79f, 0xe79f, 0xe79f, 0xe77f, 0xe79f, 0xdf5e, 0xd71d, 0xcefd, 0xc6dd, 0xbe9c, 0xbe9c,
    0xb69c, 0x8d58, 0x7d17, 0x7cf7, 0x7cf7, 0x8517, 0x9dda, 0xa5fa, 0xb67c, 0x9dfa, 0x9579, 0xa5fa,
    0xae3a, 0x9dd9, 0x8538, 0x74f7, 0x74f7, 0x6c32, 0xa4ef, 0xbd91, 0xa4ef, 0x83ed, 0x7c0d, 0x94af,
    0x7bcc, 0x5287, 0x5287, 0x62e9, 0x5ac9, 0xadd7, 0xdf1d, 0x840f, 0x83ec, 0x736a, 0x6b4a, 0x948f,
    0x6b2b, 0x636c, 0x9555, 0xb67a, 0xcedc, 0xc6bb, 0xc6bb, 0xc6bb, 0xc6bb, 0xc6bb, 0xc6bb, 0xc6bb,
    0xc6bb, 0xc6bb, 0xc6bb, 0xc6bb, 0xc6bb, 0xc6bb, 0xc6bb, 0xc6bb, 0xc6bb, 0xc6bb, 0xc6bb, 0xc6bb,
    0xc6bb, 0xc6bb, 0xc6bb, 0xc69b, 0xc69b, 0xc69b, 0xc69b, 0xc6bb, 0xb619, 0x84d3, 0x632b, 0x73ac,
    0x5ac8, 0x7bcb, 0x840c, 0x83ac, 0x7b6b, 0x5287, 0x3a44, 0x3203, 0x4a66, 0x5267, 0x5247, 0x5247,
    0x4a27, 0x4a27, 0x4206, 0x31e4, 0x4a46, 0x4a47, 0x3a24, 0x4aa6, 0x83cb, 0x83cc, 0x944d, 0x6309,
    0x630a, 0x7bac, 0x7c30, 0xae1a, 0x9dda, 0x9dda, 0x9dfb, 0xb69c, 0xc6fd, 0xae5b, 0xa5d9, 0x8493,
    0x6b8d, 0x6b6c, 0x632b, 0x6b6c, 0x8c6f, 0x9490, 0x94b0, 0xa533, 0xb5d5, 0xa575, 0x9556, 0x9dda,
    0xa5fa, 0xa5fa, 0xa5fb, 0xa61b, 0xa5fb, 0xa61b, 0xae5b, 0xbe9c, 0xcf1d, 0xd71d, 0xd6db, 0x6b6c,
    0x6b4a, 0x948e, 0x5aa7, 0x8c6d, 0xad50, 0x630a, 0xceba, 0xdf7e, 0xcefd, 0xdf5e, 0xe75d, 0x83ee,
    0x738b, 0x62e9, 0x5287, 0x5288, 0x7bcc, 0x9cd0, 0x842e, 0x8c2d, 0xa4ee, 0xad2f, 0xbd92, 0x8c71,
    0x9dda, 0xa61b, 0xae3c, 0xb67c, 0xdf7f, 0xdf7f, 0xdf7f, 0xdf7f, 0xdf7f, 0xdf7f, 0xd73f, 0xbe9d,
    0xbe9d, 0xbe9d, 0xbe9d, 0xbe9d, 0xbe9d, 0xb67c, 0x8517, 0x74d7, 0x74d7, 0x74b7, 0x6cb7, 0x6cb7,
    0x74b7, 0x74d7, 0x7cf7, 0xa61b, 0xae5b, 0xbebd, 0xd73e, 0xe79f, 0xe77e, 0xdf5f, 0xbebd, 0x9dda,
    0x8538, 0x7cf7, 0x74d7, 0x7cf7, 0x7cf7, 0x7d17, 0x7cf7, 0x7d18, 0x7cf8, 0x7cf7, 0x7cf7, 0x7cf7,
    0x7cf7, 0x7cf7, 0x7cf8, 0x7d17, 0x8517, 0x9dda, 0xc6fd, 0xc6dd, 0xc6bd, 0xbebd, 0x9dda, 0x7cf7,
    0x7d17, 0x7d17, 0x7cf7, 0x7cf8, 0x7cf7, 0x7cf8, 0x7cf7, 0x9599, 0xb67c, 0xb67c, 0xb67c, 0xb69c,
    0xcf3e, 0xe79f, 0xe77f, 0xe77f, 0xe77e, 0xe79e, 0xe79f, 0xe79f, 0xe77f, 0xd73e, 0xbe9c, 0xbe9d,
    0xb67c, 0x8d58, 0x7d18, 0x7cf7, 0x7cf7, 0x7d17, 0x7d17, 0x8538, 0xae5c, 0xae3b, 0xae3b, 0xcefd,
    0xe79f, 0xd73e, 0xb67c, 0x8d58, 0x7cf7, 0x7452, 0xad10, 0xbdb1, 0xa4f0, 0x83ed, 0x73cd, 0x8c4f,
    0x7bcc, 0x5287, 0x5287, 0x6b09, 0x5ae9, 0xce9a, 0xe77d, 0x842f, 0x83eb, 0x734a, 0x6b4a, 0x948f,
    0x6b2b, 0x636d, 0x9555, 0xbe7a, 0xc6dc, 0xc6bb, 0xc69b, 0xc6bb, 0xc6bb, 0xc6bb, 0xc6bb, 0xc6bb,
    0xc6bb, 0xc6bb, 0xc6bb, 0xc6bb, 0xc6bb, 0xc6bb, 0xc6bb, 0xc6bb, 0xc6bb, 0xc6bb, 0xc6bb, 0xc6bb,
    0xc6bb, 0xc6bb, 0xc6bb, 0xc69b, 0xc69b, 0xc69b, 0xc69b, 0xc6bb, 0xb619, 0x84b3, 0x632b, 0x6b4b,
    0x5267, 0x6b4a, 0x83ec, 0x83ac, 0x7b6b, 0x5287, 0x3a44, 0x29c2, 0x4245, 0x5247, 0x5247, 0x5247,
    0x4a27, 0x4a27, 0x4206, 0x3a04, 0x4a47, 0x4a47, 0x3a24, 0x4aa5, 0x7bcb, 0x83cc, 0x8c2d, 0x6309,
    0x630a, 0x7bac, 0x7c2f, 0xb65b, 0xa61b, 0x9dda, 0x95db, 0x9dfa, 0xbe9c, 0xae3a, 0x9535, 0x8430,
    0x738d, 0x6b6c, 0x634b, 0x840f, 0x8c6f, 0x9490, 0x94f2, 0xa5b5, 0xb5f6, 0xbe16, 0x9d12, 0x9535,
    0x9dda, 0xa5fa, 0xa5fb, 0xa5fb, 0xa61b, 0xa61b, 0xae5b, 0xb67b, 0xcefd, 0xd73d, 0xcedb, 0x6b6c,
    0x6b2a, 0x948e, 0x5ac8, 0x8c6d, 0xad50, 0x632a, 0xceba, 0xe79f, 0xdf7e, 0xdf5e, 0xdf3d, 0x83ee,
    0x738b, 0x62e9, 0x6b4b, 0x6b6b, 0x7bcd, 0x9cd0, 0x8c2e, 0x944e, 0xa50f, 0xad2f, 0xbd91, 0x94b1,
    0xc6bc, 0xc6dd, 0xbe9c, 0xb65c, 0xdf5f, 0xdf7f, 0xdf7f, 0xdf7f, 0xdf7f, 0xdf7f, 0xd73f, 0xbebd,
    0xbe9d, 0xbebd, 0xbe9d, 0xbe9d, 0xbe9d, 0xbe9c, 0xa5fa, 0x95b9, 0x74f7, 0x6cd7, 0x74d7, 0x6cb7,
    0x74d7, 0x8538, 0x8d79, 0xa61a, 0xbe9c, 0xcefe, 0xd73e, 0xdf7f, 0xe77e, 0xdf7e, 0xdf5e, 0xd73e,
    0xc6fd, 0xae5b, 0x8d78, 0x7d17, 0x7cf7, 0x7cf7, 0x7cf8, 0x7cf7, 0x7cf7, 0x7cf7, 0x7cf7, 0x7cf7,
    0x7cf7, 0x7cf7, 0x7cf7, 0x7d18, 0x7cf7, 0x8d78, 0xa63a, 0xbebd, 0xc6bd, 0xbedd, 0xae5b, 0x9dfa,
    0x9dfa, 0x9dba, 0x8518, 0x7cf7, 0x7cf7, 0x7d18, 0x9599, 0xa61b, 0xb67c, 0xb67c, 0xb69c, 0xbebd,
    0xc6dd, 0xd71e, 0xcf1d, 0xd71d, 0xdf7e, 0xe79f, 0xe79f, 0xe79f, 0xe79e, 0xd73e, 0xcefd, 0xc6bd,
    0xbe9c, 0x9dda, 0x8d79, 0x7d17, 0x7cf8, 0x7cf7, 0x7cf7, 0x8518, 0xae3b, 0xb65c, 0xb65c, 0xc6bd,
    0xd71e, 0xdf7e, 0xdf7e, 0xcf1d, 0xa5d9, 0x7c73, 0xad10, 0xbdb1, 0xa4f0, 0x7bed, 0x73cd, 0x844f,
    0x7bac, 0x5267, 0x5287, 0x6b2a, 0x630a, 0xce99, 0xe75d, 0x842f, 0x840c, 0x6b4a, 0x6b4a, 0x948e,
    0x6b2b, 0x636c, 0x9555, 0xb65a, 0xc6bb, 0xc6bb, 0xc6bb, 0xc69b, 0xc6bb, 0xc6bb, 0xc6bb, 0xc6bb,
    0xc6bb, 0xc6bb, 0xc6bb, 0xc6bb, 0xc6bb, 0xc6bb, 0xc6bb, 0xc6bb, 0xc6bb, 0xc6bb, 0xc6bb, 0xc6bb,
    0xc6bb, 0xc6bc, 0xc6bb, 0xc69b, 0xc6bb, 0xc6bb, 0xc69b, 0xc6bb, 0xb619, 0x84b3, 0x632b, 0x738c,
    0x5ac9, 0x39e5, 0x738b, 0x83ac, 0x736b, 0x5267, 0x3a24, 0x31e2, 0x4a46, 0x5247, 0x5247, 0x5247,
    0x4a27, 0x4a27, 0x4225, 0x3a04, 0x4a47, 0x4a47, 0x3a04, 0x4aa5, 0x73aa, 0x83ec, 0x942d, 0x6309,
    0x630a, 0x7bac, 0x7c2f, 0xbe5a, 0xb63a, 0x9dfa, 0x9dfb, 0x95ba, 0x8d57, 0x8472, 0x8c91, 0x8430,
    0x6b6d, 0x5b2b, 0x73ad, 0x9490, 0x8c90, 0x9d33, 0xa574, 0xa533, 0xa532, 0xad74, 0xb5d5, 0x9512,
    0x8d14, 0x9d98, 0x9dda, 0x9dfa, 0xa5fa, 0x9dd9, 0xae1b, 0xae3b, 0xbe7b, 0xc6dd, 0xc69b, 0x6b4c,
    0x6b2a, 0x948e, 0x52c8, 0x8c6e, 0xad51, 0x632a, 0xceba, 0xef9f, 0xe79f, 0xdf5e, 0xd6fc, 0x7bee,
    0x736b, 0x62e9, 0x632a, 0x6b4b, 0x7bcd, 0x9cd0, 0x8c2e, 0x946e, 0xad2f, 0xad2f, 0xbd91, 0x8c91,
    0xc6bc, 0xcf3e, 0xc6bd, 0xae3b, 0xd73e, 0xd75f, 0xdf7f, 0xdf7f, 0xdf7f, 0xdf7f, 0xd75f, 0xc6bd,
    0xc6bd, 0xc6bd, 0xc6bd, 0xbe9d, 0xbebd, 0xbebd, 0xbebd, 0xae7c, 0x8518, 0x74d7, 0x74d7, 0x74f8,
    0x8518, 0x9dfb, 0xa61b, 0xa61b, 0xbebc, 0xd73e, 0xd73e, 0xd75e, 0xd75e, 0xd75e, 0xdf7f, 0xdf7f,
    0xdf7f, 0xdf7e, 0xbebc, 0x9578, 0x8d58, 0x8d58, 0x7d17, 0x7cf7, 0x7cf8, 0x7cf7, 0x7cf7, 0x7d17,
    0x7cf7, 0x7d17, 0x7cf8, 0x7cf8, 0x7cf8, 0x7cf8, 0x8538, 0xb65c, 0xc6dd, 0xcefd, 0xc6dd, 0xbebd,
    0xbebd, 0xbebd, 0x9dba, 0x8518, 0x8518, 0x9599, 0xae5c, 0xb67d, 0xb67c, 0xb69c, 0xb69d, 0xbebd,
    0xbe9c, 0xb69d, 0xb67c, 0xbe9c, 0xd73e, 0xdf7f, 0xe77f, 0xe77f, 0xe79f, 0xe79f, 0xdf7e, 0xcedd,
    0xbe9c, 0xbebd, 0xbebc, 0x9598, 0x7d18, 0x7d18, 0x7d18, 0x8558, 0xae3b, 0xb65c, 0xae5c, 0xae5c,
    0xbe9c, 0xd73e, 0xdf7e, 0xe79f, 0xd73d, 0xadb6, 0xad31, 0xbdb1, 0xa4ef, 0x7bed, 0x73cd, 0x844f,
    0x7bac, 0x5287, 0x5287, 0x6b2a, 0x630a, 0xc69a, 0xd71c, 0x7bef, 0x842c, 0x6b49, 0x6b49, 0x948f,
    0x6b2b, 0x636c, 0x9555, 0xbe5a, 0xc69b, 0xc6bb, 0xc6bb, 0xc6bb, 0xc6bb, 0xc6bb, 0xc6bb, 0xc6bb,
    0xc6bb, 0xc6bb, 0xc6bb, 0xc6bb, 0xc6bb, 0xc6bb, 0xc6bb, 0xc6bb, 0xc6bb, 0xc6bb, 0xc6bb, 0xc6bb,
    0xc6bb, 0xc6bc, 0xc6bc, 0xc6bb, 0xc69b, 0xc6bb, 0xc69b, 0xc6db, 0xb639, 0x84d3, 0x632b, 0x7bcc,
    0x6309, 0x39c5, 0x738b, 0x7bac, 0x736b, 0x5267, 0x3a24, 0x3203, 0x4a66, 0x5247, 0x5267, 0x5267,
    0x4a27, 0x4a27, 0x4225, 0x3a04, 0x4a47, 0x4a47, 0x3a04, 0x42a4, 0x73a9, 0x83ec, 0x942d, 0x6309,
    0x6b2a, 0x7bac, 0x842f, 0xadd8, 0x9d77, 0x9577, 0x8d57, 0x84d4, 0x73cf, 0x840f, 0x7c0f, 0x6b8d,
    0x632b, 0x632b, 0x844f, 0x94b1, 0x9cf2, 0xa533, 0x9cf1, 0x94b0, 0x9cf1, 0xa512, 0xad32, 0xb594,
    0x9d33, 0x8cb2, 0x8d14, 0x8d36, 0x9555, 0x84b3, 0x9d98, 0xae1b, 0xae1b, 0xb67c, 0xbe5a, 0x634c,
    0x6b4a, 0x948e, 0x52c8, 0x8c6d, 0xad30, 0x632a, 0xceba, 0xe79f, 0xef9f, 0xe79f, 0xdf1d, 0x7bce,
    0x736b, 0x62e9, 0x5287, 0x62ea, 0x7bee, 0x9cd0, 0x8c2e, 0x948e, 0xad2f, 0xb570, 0xbdb2, 0x8451,
    0xa5fa, 0xae3b, 0xa63b, 0xa61b, 0xae3b, 0xb67c, 0xd75f, 0xdf7f, 0xdf7f, 0xdf7f, 0xdf5f, 0xdf5f,
    0xd75f, 0xdf7f, 0xcefd, 0xc6bd, 0xbebd, 0xbe9d, 0xbebd, 0xb69c, 0xae3c, 0x95ba, 0x8d79, 0x9dba,
    0x9ddb, 0xa5fb, 0xa61b, 0xa61b, 0xa63b, 0xae5b, 0xae5b, 0xc6dd, 0xb69c, 0xbe9c, 0xd75e, 0xdf7f,
    0xe77f, 0xdf7e, 0xdf5f, 0xd73e, 0xcf1e, 0xcf1e, 0xa63b, 0x7d17, 0x7cf8, 0x7cf8, 0x7cf8, 0x7cf7,
    0x7cf7, 0x7d17, 0x7cf8, 0x7cf8, 0x7cf8, 0x7d18, 0x8518, 0xae3b, 0xd73e, 0xe77f, 0xdf5e, 0xc6dd,
    0xbebd, 0xbebd, 0xb67c, 0x9db9, 0x9dfb, 0xb67c, 0xb67c, 0xb69c, 0xbe9c, 0xb69d, 0xb69d, 0xbe9c,
    0xb67c, 0xbe9c, 0xb67c, 0xbe9d, 0xbe9d, 0xc6bd, 0xdf5e, 0xe79f, 0xe79f, 0xe79f, 0xe79e, 0xdf5e,
    0xcf1d, 0xc6bc, 0xcf1d, 0xae3b, 0x95ba, 0x9dfb, 0xa61b, 0xa61b, 0xae5c, 0xae5c, 0xae5c, 0xb65c,
    0xbebd, 0xcefd, 0xdf5e, 0xe79f, 0xe79f, 0xbe38, 0xad30, 0xbdb1, 0xa4ef, 0x7bcc, 0x6b8b, 0x844f,
    0x7bac, 0x5287, 0x5287, 0x6b2a, 0x630a, 0xb619, 0xc6bc, 0x73ce, 0x840c, 0x6b49, 0x6b49, 0x948f,
    0x6b2b, 0x636c, 0x9556, 0xbe5a, 0xc6bb, 0xc69b, 0xc6bb, 0xc69b, 0xc6bb, 0xc6bb, 0xc6bb, 0xc6bb,
    0xc6bb, 0xc6bb, 0xc6bb, 0xc6bb, 0xc6bb, 0xc6bb, 0xc6bb, 0xc6bb, 0xc6bb, 0xc6bb, 0xc6bb, 0xc6bb,
    0xc6bb, 0xc6bc, 0xc6bc, 0xc6bb, 0xc6bb, 0xc69b, 0xc69b, 0xc6dc, 0xb639, 0x84d3, 0x632b, 0x7bcc,
    0x6309, 0x39e5, 0x738b, 0x7bac, 0x736b, 0x5267, 0x4245, 0x3a04, 0x4a66, 0x5267, 0x5267, 0x5267,
    0x4a47, 0x5227, 0x4226, 0x4204, 0x4a47, 0x4a27, 0x3a04, 0x42a4, 0x73a9, 0x83ec, 0x942d, 0x6309,
    0x6b4b, 0x7bac, 0x7c2f, 0xadf8, 0xadb7, 0x7410, 0x73ce, 0x73ce, 0x7bee, 0x7c0f, 0x73ae, 0x6b4c,
    0x52ea, 0x73ce, 0x94b1, 0xa553, 0xadb5, 0xa553, 0x94b1, 0x8c90, 0x8c90, 0x9cd0, 0xa532, 0xa511,
    0xad52, 0xb5b3, 0xa512, 0x9cf1, 0x9d12, 0x8cd3, 0x9db8, 0xae1b, 0xae1b, 0xb67c, 0xbe5a, 0x6b4c,
    0x6b4a, 0x948e, 0x52c8, 0x8c6e, 0xad51, 0x632a, 0xceba, 0xef9f, 0xef9f, 0xe79e, 0xdf3d, 0x7bee,
    0x736b, 0x6b09, 0x62e9, 0xa513, 0x9cf2, 0x94d1, 0x8c4f, 0x948e, 0xa52f, 0xbdb1, 0xc5d2, 0x8451,
    0xa5fb, 0x9dfb, 0xa5fb, 0xa61b, 0xae1b, 0xae3b, 0xbebd, 0xd75f, 0xdf7f, 0xdf7f, 0xdf7f, 0xdf7f,
    0xdf7f, 0xe79f, 0xd73e, 0xc6dd, 0xbe9d, 0xbe9d, 0xb69d, 0xb69c, 0xae5c, 0xa61b, 0xa61b, 0xa61b,
    0xa61b, 0xa61b, 0xa61b, 0xa61b, 0xa61b, 0xa61b, 0xa61c, 0xa63b, 0xa63b, 0xae5b, 0xc6fd, 0xdf7e,
    0xdf7f, 0xdf7f, 0xdf7f, 0xdf7f, 0xdf7e, 0xd75e, 0xcf1e, 0xae1b, 0x8d58, 0x8538, 0x8538, 0x8538,
    0x7d18, 0x7d18, 0x7d18, 0x7d18, 0x7d18, 0x8518, 0x9dfa, 0xcefd, 0xe77e, 0xef9f, 0xe7bf, 0xdf5e,
    0xc6dd, 0xbe9d, 0xb69c, 0xae3b, 0xb67c, 0xb67c, 0xb69c, 0xb69c, 0xbe9c, 0xb69d, 0xbe9c, 0xbebc,
    0xb69c, 0xb69c, 0xb69d, 0xb69d, 0xb67c, 0xbe9c, 0xd75e, 0xe77f, 0xe77f, 0xe77f, 0xe79f, 0xe79f,
    0xdf7f, 0xc6dd, 0xa5fa, 0x95ba, 0x9dfb, 0xae5c, 0xae5c, 0xae5c, 0xae5c, 0xb65c, 0xb67c, 0xbebd,
    0xcefd, 0xd71e, 0xdf7f, 0xe79f, 0xe79f, 0xbe18, 0xad30, 0xbdb1, 0xa4ef, 0x7bcb, 0x636a, 0x844e,
    0x7bac, 0x5267, 0x5287, 0x6b2a, 0x630a, 0xb5f8, 0xc69b, 0x73cf, 0x840c, 0x6b4a, 0x6b4a, 0x9c8f,
    0x6b4b, 0x636c, 0x9556, 0xbe5a, 0xc6bc, 0xc69b, 0xc6bb, 0xc6bb, 0xcefc, 0xcedc, 0xc6bb, 0xc6bb,
    0xc6bb, 0xc6bb, 0xc6bc, 0xc6bb, 0xc6bb, 0xc6bb, 0xc6bb, 0xc6bb, 0xc6bb, 0xc6bb, 0xc6bb, 0xc6bb,
    0xc6bb, 0xc6bc, 0xc6bc, 0xc6bb, 0xc6bb, 0xc6bb, 0xc69b, 0xc6dc, 0xb63a, 0x8cf4, 0x634b, 0x7bac,
    0x6309, 0x4205, 0x738b, 0x7bac, 0x736b, 0x5267, 0x4245, 0x3a04, 0x5267, 0x5248, 0x5247, 0x5267,
    0x4a47, 0x5227, 0x4225, 0x4205, 0x4a47, 0x4a27, 0x3a04, 0x42a3, 0x73a9, 0x83ec, 0x942d, 0x6b09,
    0x736b, 0x7bac, 0x7c0f, 0xae19, 0xadd7, 0x73ef, 0x7bcd, 0x7bee, 0x9d13, 0x7c50, 0x6b4c, 0x632b,
    0x52ca, 0x5b2b, 0x842f, 0xad75, 0xadb5, 0xb5b4, 0xad73, 0xa573, 0xad72, 0xa552, 0xb5b4, 0xa532,
    0x9cd0, 0xad31, 0xad31, 0xa511, 0x8cb1, 0x9536, 0xa5fa, 0xbe9c, 0xcefd, 0xbebc, 0xb639, 0x6b4c,
    0x734a, 0x948e, 0x52a8, 0x8c4e, 0xad51, 0x632a, 0xceba, 0xef9f, 0xef9e, 0xe79e, 0xdf3d, 0x7bce,
    0x736b, 0x6b2a, 0x630a, 0xa533, 0x9cf2, 0x9cf1, 0x8c4f, 0x948e, 0xa50f, 0xc5d2, 0xc5f2, 0x8471,
    0xa5fa, 0x9dfb, 0xa5fb, 0xa61b, 0xc6de, 0xc6fe, 0xa61a, 0xbebd, 0xd75f, 0xdf7f, 0xdf7f, 0xdf7f,
    0xdf7f, 0xdf7f, 0xdf7f, 0xd75e, 0xbebd, 0xa61b, 0xa63b, 0xa63b, 0xa61b, 0xa61b, 0xa61b, 0xa61b,
    0xa61b, 0xa61b, 0xa61b, 0xa61b, 0xa61b, 0xa61b, 0xa61b, 0xa61b, 0xa61c, 0xa63b, 0xae5b, 0xb67c,
    0xbebc, 0xd77f, 0xdf5f, 0xdf5f, 0xd75f, 0xdf5f, 0xdf5f, 0xd75f, 0xcf1e, 0xcefd, 0xcefd, 0xbebd,
    0x9599, 0x7cf7, 0x7cf7, 0x7cf7, 0x8d58, 0xa61a, 0xcefd, 0xe79f, 0xef9f, 0xefbf, 0xefbf, 0xef9f,
    0xdf7e, 0xcf1d, 0xc6dd, 0xb69d, 0xb69c, 0xb69c, 0xbe9d, 0xb67c, 0xbe9d, 0xb69c, 0xbebc, 0xd75e,
    0xcf1d, 0xbe9c, 0xbe7c, 0xbe7c, 0xb67c, 0xb67c, 0xbebd, 0xc6bd, 0xc6bc, 0xcf1d, 0xe79f, 0xe77e,
    0xe77f, 0xcf1e, 0xae3b, 0xa61b, 0xae3c, 0xae5c, 0xae5c, 0xae5c, 0xb65c, 0xbebd, 0xc6dd, 0xcefd,
    0xd73e, 0xdf5e, 0xdf5e, 0xe79f, 0xe79f, 0xbe18, 0xad10, 0xbdb1, 0xa4ef, 0x73cb, 0x6389, 0x844e,
    0x7bac, 0x5267, 0x5287, 0x6b2a, 0x630a, 0xadf8, 0xc69b, 0x73ce, 0x7bec, 0x6b29, 0x6b29, 0x946e,
    0x630a, 0x636c, 0x9556, 0xb65a, 0xc69b, 0xc69b, 0xc6bb, 0xc6bb, 0xcedc, 0xc6bc, 0xc6bb, 0xc6bb,
    0xc6bb, 0xc6bb, 0xc6bb, 0xc6bb, 0xc6bb, 0xc6bb, 0xc6bb, 0xc6bb, 0xc6bb, 0xc6bb, 0xc6bb, 0xc6bb,
    0xc6bb, 0xc6bb, 0xc6bc, 0xc6bb, 0xc69b, 0xc69b, 0xc69b, 0xc6bb, 0xb639, 0x8cf4, 0x632b, 0x7bac,
    0x6309, 0x4205, 0x738b, 0x7bac, 0x736b, 0x5287, 0x4245, 0x3a04, 0x5267, 0x5248, 0x5267, 0x5267,
    0x4a47, 0x5247, 0x4a26, 0x4225, 0x4a47, 0x4a47, 0x3a04, 0x42a3, 0x73a9, 0x83ec, 0x942d, 0x6b09,
    0x736b, 0x7b8c, 0x7c0f, 0xb65a, 0xbe5b, 0x9535, 0x73ef, 0x636d, 0x84b2, 0x6bae, 0x5b0b, 0x52ca,
    0x4288, 0x4aa9, 0x6bae, 0x8471, 0x7bef, 0x7bee, 0x7bed, 0x7c0e, 0x7c0e, 0x840e, 0x844e, 0x842e,
    0x842e, 0x842e, 0x7c2f, 0x8491, 0xa5b7, 0xb63b, 0xadfa, 0xc6bc, 0xdf5e, 0xc6bc, 0xae19, 0x6b4c,
    0x734a, 0x948e, 0x52c8, 0x8c6e, 0xad51, 0x632a, 0xceba, 0xef9e, 0xe79e, 0xef9e, 0xdf3d, 0x7bee,
    0x736b, 0x6309, 0x5aa8, 0x632b, 0x842f, 0x94d1, 0x842f, 0x948e, 0xad2f, 0xce12, 0xcdf3, 0x8471,
    0xa5fa, 0xa61b, 0xa5fb, 0xa5fb, 0xb65b, 0xbe9c, 0x9dfb, 0xa61b, 0xbebd, 0xc6dd, 0xcefd, 0xdf7f,
    0xdf7f, 0xdf7f, 0xdf7f, 0xdf7f, 0xcefd, 0xbe9c, 0xae7c, 0xa61b, 0xa61b, 0xa61c, 0xa61b, 0xa61b,
    0xa61b, 0xa61b, 0xa61b, 0xa61b, 0xa61c, 0xa61c, 0xa61b, 0xa61c, 0xa61c, 0xa63b, 0xa63b, 0xa61b,
    0xae3c, 0xbebd, 0xc6dd, 0xcf1e, 0xcf1e, 0xdf5f, 0xdf7f, 0xdf7f, 0xdf7f, 0xdf7f, 0xdf7f, 0xdf7f,
    0xc6dd, 0xa61a, 0xa61a, 0xa61a, 0xb67c, 0xd73e, 0xe79e, 0xe79f, 0xdf5e, 0xdf3e, 0xef9f, 0xef9f,
    0xe7bf, 0xdf7e, 0xd71e, 0xbe9c, 0xb69d, 0xbe9d, 0xbe9d, 0xbe9d, 0xb67c, 0xb69d, 0xbe9c, 0xcefd,
    0xcf1d, 0xd71e, 0xcefd, 0xcefd, 0xbebd, 0xb69d, 0xb69c, 0xbe9d, 0xb69d, 0xbebd, 0xcf1d, 0xdf7e,
    0xe77e, 0xdf7e, 0xcf1e, 0xb67c, 0xb65c, 0xb65c, 0xb65c, 0xbe9c, 0xc6dd, 0xc6fd, 0xcefd, 0xd71d,
    0xe77f, 0xdf7e, 0xdf3e, 0xe79f, 0xe79f, 0xbe18, 0xad30, 0xbdb1, 0xa4ef, 0x7bcb, 0x6b8a, 0x844e,
    0x7bac, 0x5287, 0x5287, 0x6b0a, 0x5ae9, 0x8c92, 0xb65a, 0x73ce, 0x83ec, 0x6b29, 0x6309, 0x8c4e,
    0x5ac9, 0x636c, 0x9576, 0xb65a, 0xc69b, 0xc6bb, 0xc69b, 0xc6bb, 0xc6bb, 0xc6bb, 0xc6bb, 0xc6bb,
    0xc6bb, 0xc6bb, 0xc6bb, 0xc6bb, 0xc6bb, 0xc6bb, 0xc6bb, 0xc6bb, 0xc6bb, 0xc6bb, 0xc6bb, 0xc6bb,
    0xc6bb, 0xc6bb, 0xc6bb, 0xc6bb, 0xc6bb, 0xc6bb, 0xc6bb, 0xc6bb, 0xb63a, 0x84f3, 0x632b, 0x7bac,
    0x736b, 0x8c4f, 0x946f, 0x7bac, 0x736b, 0x5288, 0x4a66, 0x4205, 0x5267, 0x5268, 0x5267, 0x5267,
    0x5247, 0x5247, 0x4a47, 0x4a46, 0x4a47, 0x4a46, 0x3a04, 0x4283, 0x73a8, 0x83ec, 0x944d, 0x6b09,
    0x736b, 0x7b8c, 0x7c2f, 0xbe7b, 0xae5b, 0xa61a, 0x9d98, 0x7c72, 0x5b2c, 0x52ea, 0x4aa9, 0x4aa9,
    0x52ea, 0x7c71, 0x8cf4, 0x73ef, 0x52ca, 0x52c9, 0x52a9, 0x52c9, 0x52c9, 0x52c9, 0x5aea, 0x5b0a,
    0x5aea, 0x638d, 0x84b3, 0xa5d9, 0xbe9c, 0xc69c, 0xb65b, 0xae1b, 0xc69c, 0xb65b, 0xb619, 0x6b4c,
    0x734a, 0x948e, 0x52a7, 0x8c6d, 0xad51, 0x632a, 0xceba, 0xe79f, 0xef9f, 0xe79f, 0xdf3d, 0x7bee,
    0x736b, 0x6309, 0x52a8, 0x632b, 0x844f, 0x94b0, 0x946f, 0xa4f0, 0xad2f, 0xd633, 0xc5f2, 0x8471,
    0xa5da, 0xa5fb, 0xa5fb, 0xa5fb, 0x9dfb, 0x9dfb, 0x9ddb, 0x9dfb, 0x9dfb, 0xa5fb, 0xae3b, 0xdf5f,
    0xdf7f, 0xdf7f, 0xdf7f, 0xd77f, 0xdf5f, 0xdf7f, 0xcf1e, 0xb67c, 0xa61b, 0xa61b, 0xa61b, 0xa61b,
    0xa61b, 0xa61b, 0xa61b, 0xa61b, 0xa61b, 0xa61c, 0xae3b, 0xae3b, 0xa61b, 0xa61c, 0xa61b, 0xa61b,
    0xa61b, 0xa61b, 0xa61b, 0xae3c, 0xb67c, 0xd75e, 0xdf7f, 0xdf7f, 0xdf7f, 0xdf7f, 0xdf7f, 0xdf5e,
    0xd75e, 0xd73e, 0xd73e, 0xd73e, 0xd73e, 0xe79f, 0xef9f, 0xe79f, 0xd71e, 0xd71e, 0xef9f, 0xef9f,
    0xefbf, 0xefbf, 0xe79f, 0xd71e, 0xc6bd, 0xbe9d, 0xbe9d, 0xb69c, 0xb69c, 0xb69d, 0xb69d, 0xbe9d,
    0xbe9c, 0xdf7e, 0xe79f, 0xe77f, 0xcefd, 0xb69c, 0xb69c, 0xbe9d, 0xb69c, 0xb67c, 0xb69c, 0xd73e,
    0xdf7e, 0xe77e, 0xdf7e, 0xbebd, 0xb65c, 0xb67c, 0xbebd, 0xcedd, 0xcefe, 0xcefe, 0xcefd, 0xdf5e,
    0xe79f, 0xdf5e, 0xdf5e, 0xe7bf, 0xe79f, 0xbe18, 0xad30, 0xbd91, 0xa4f0, 0x7bec, 0x6b8b, 0x844f,
    0x7bac, 0x5287, 0x5287, 0x6309, 0x62ea, 0x634c, 0xadf8, 0x6baf, 0x83ec, 0x6b49, 0x6b2a, 0x946e,
    0x632a, 0x636d, 0x9d56, 0xb67a, 0xc69b, 0xc69b, 0xc6bb, 0xc6bb, 0xc6bb, 0xc6bb, 0xc6bb, 0xc6bb,
    0xc6bb, 0xc6bc, 0xc6bc, 0xc6bc, 0xc6bb, 0xc6bb, 0xc6bb, 0xc6bb, 0xc6bb, 0xc6bb, 0xc6bb, 0xc6bb,
    0xc6bb, 0xc6bb, 0xc6bb, 0xc6bb, 0xc6bb, 0xc6bb, 0xc69b, 0xc6dc, 0xb63a, 0x84f4, 0x634b, 0x7bcc,
    0x94b1, 0xdeda, 0xc617, 0x83ee, 0x736b, 0x5a88, 0x4a67, 0x4226, 0x5267, 0x5268, 0x5248, 0x5268,
    0x5247, 0x4a47, 0x5247, 0x5267, 0x5247, 0x4a46, 0x3a04, 0x42a4, 0x6ba9, 0x83ec, 0x948f, 0x6b4a,
    0x734b, 0x738b, 0x7c30, 0xbe9b, 0xbe9c, 0x9e1b, 0x9dfb, 0x9dd9, 0x7431, 0x5b0b, 0x5b0b, 0x5b2b,
    0x7430, 0xadf8, 0x9513, 0x7bee, 0x6b6c, 0x6b8c, 0x73ad, 0x7bee, 0x7c30, 0x73ce, 0x738d, 0x7bed,
    0x73ce, 0x8cf4, 0xa5fa, 0xa5fb, 0xbe7c, 0xc69c, 0xbe9c, 0xb67c, 0xadfa, 0xae5b, 0xb63a, 0x6b6c,
    0x734a, 0x948e, 0x52a7, 0x8c4d, 0xad50, 0x632a, 0xceba, 0xef9f, 0xef9f, 0xe79f, 0xdf3d, 0x7bce,
    0x736b, 0x62e9, 0x52a8, 0x73ad, 0x842f, 0x94b0, 0x9caf, 0xb550, 0xb54f, 0xd633, 0xcdf3, 0x8471,
    0xa5fa, 0x9dfb, 0x9dfb, 0x9ddb, 0x9dfb, 0xae5c, 0xa5fb, 0x9dfb, 0x9dfb, 0x9dfb, 0xa61b, 0xc6dd,
    0xd73e, 0xdf7f, 0xdf7f, 0xd77f, 0xdf7f, 0xdf7f, 0xe77f, 0xd73e, 0xc6bc, 0xae3b, 0xa61b, 0xa61c,
    0xa61c, 0xa61b, 0xa61b, 0xa61b, 0xa61c, 0xa61b, 0xbebd, 0xc71d, 0xae3b, 0xa61c, 0xa61b, 0xa61b,
    0xa5fb, 0xa61b, 0xa61b, 0xa61b, 0xae3b, 0xc6dd, 0xcefe, 0xcefd, 0xd73e, 0xdf5e, 0xdf5e, 0xd75e,
    0xd73e, 0xd71e, 0xcefd, 0xd73d, 0xe79f, 0xefbf, 0xef9f, 0xdf7e, 0xcefd, 0xcf1e, 0xdf5e, 0xe79f,
    0xefbf, 0xefbf, 0xefbf, 0xe79f, 0xdf7e, 0xcedd, 0xbe9d, 0xb69d, 0xb69d, 0xb69d, 0xb69d, 0xbe9d,
    0xbe9d, 0xcf1d, 0xd73e, 0xdf3e, 0xd75e, 0xc6dd, 0xbe9c, 0xb69d, 0xb69d, 0xb67c, 0xb67c, 0xc6dd,
    0xcf1e, 0xcf1d, 0xcf1d, 0xbe9c, 0xb67c, 0xc6bd, 0xcefe, 0xcefd, 0xcefe, 0xcefd, 0xdf5e, 0xef9f,
    0xe77f, 0xd73e, 0xe79f, 0xefbf, 0xef9f, 0xbdf7, 0xad0f, 0xbd91, 0xa4f0, 0x7c0e, 0x6b8d, 0x8450,
    0x7bac, 0x4a87, 0x5267, 0x62e9, 0x6b2a, 0x636c, 0xa5b8, 0x6baf, 0x83ec, 0x6b49, 0x6b4a, 0x948f,
    0x6b4b, 0x636d, 0x9556, 0xb67a, 0xc69b, 0xc69b, 0xc6bb, 0xc6bb, 0xc6bb, 0xc6bb, 0xc6bb, 0xc6bc,
    0xc6bc, 0xc6bc, 0xc6bc, 0xc6bc, 0xc6bb, 0xc6bb, 0xc6bb, 0xc6bb, 0xc6bb, 0xc6bb, 0xc6bb, 0xc6bb,
    0xc6bb, 0xc6bb, 0xc6bb, 0xc6bb, 0xc6bb, 0xc6bb, 0xc69b, 0xc6dc, 0xae19, 0x84d4, 0x632b, 0x7bac,
    0x73ac, 0xa533, 0x9cf2, 0x83cd, 0x736b, 0x5a88, 0x5287, 0x5267, 0x5267, 0x5268, 0x5268, 0x5268,
    0x5227, 0x5247, 0x4a27, 0x4a47, 0x4a26, 0x4a46, 0x4225, 0x4283, 0x6b88, 0x83cb, 0x8c6e, 0x632a,
    0x734a, 0x738b, 0x7c0f, 0xc6bb, 0xc6bc, 0xae5c, 0x9dfb, 0x9dfa, 0x7451, 0x634c, 0x6b6c, 0x73ef,
    0xa5d7, 0x9534, 0x7c0e, 0x8c70, 0x7bee, 0x8c4f, 0x844f, 0x8450, 0x9d54, 0x94d1, 0x7bce, 0x9cf1,
    0x94d1, 0x9536, 0xa5fa, 0xa5fb, 0xa5fb, 0xb65c, 0xbe9c, 0xbe9c, 0xb65b, 0xae1a, 0xb63a, 0x6b6c,
    0x734a, 0x9c8e, 0x5aa7, 0x944d, 0xad50, 0x632a, 0xceba, 0xef9f, 0xe79f, 0xe79f, 0xdf3d, 0x7bee,
    0x738b, 0x6b2a, 0x7bee, 0x9cf2, 0x9cd2, 0xa512, 0x9caf, 0xb570, 0xad2e, 0xd633, 0xcdf3, 0x8471,
    0xa5fa, 0xa5fb, 0x9dfb, 0x9dfb, 0xb65c, 0xd71e, 0xcedd, 0xae1b, 0x9dfb, 0x9dfb, 0x9dfb, 0x9dfa,
    0xb69c, 0xd75f, 0xdf7f, 0xdf7f, 0xdf7f, 0xe77f, 0xef9f, 0xef9f, 0xe79f, 0xcf1e, 0xb65c, 0xa61b,
    0xa61c, 0xa61b, 0xa61b, 0xa61b, 0xa61c, 0xa61b, 0xb67c, 0xbe9c, 0xa63b, 0xa63b, 0xc6dd, 0xc6dd,
    0xae3b, 0xa61b, 0xa61b, 0xb67c, 0xcefd, 0xae5b, 0xa63c, 0xae3b, 0xbebc, 0xd75f, 0xcf1e, 0xc6dd,
    0xc6dd, 0xcefd, 0xd73e, 0xe77f, 0xef9f, 0xefbf, 0xefbf, 0xe77f, 0xcefd, 0xc6fe, 0xcefd, 0xe77e,
    0xefbf, 0xefbf, 0xefbf, 0xefbf, 0xef9f, 0xe79f, 0xd73e, 0xbe9d, 0xb67d, 0xb69d, 0xbe9d, 0xbe9d,
    0xbe9d, 0xbe9c, 0xbe9c, 0xc6bc, 0xdf5e, 0xdf5e, 0xbe9d, 0xb67c, 0xbe9c, 0xb67c, 0xb67c, 0xb67c,
    0xb67c, 0xb65c, 0xb65c, 0xb67c, 0xc6de, 0xcefe, 0xcefe, 0xcefd, 0xcefd, 0xdf5e, 0xe79f, 0xef9f,
    0xdf3e, 0xdf5e, 0xe79f, 0xef9f, 0xe79f, 0xb5f7, 0xad0f, 0xbdb1, 0xa4f0, 0x7c0e, 0x6bad, 0x8470,
    0x7bad, 0x4a67, 0x5267, 0x5aa8, 0x630a, 0x634c, 0x9db8, 0x6bae, 0x736a, 0x5ac8, 0x734a, 0x9c8f,
    0x6b2a, 0x636d, 0x9556, 0xbe7a, 0xc6bb, 0xc69b, 0xc6bb, 0xc6bb, 0xc6bb, 0xc6bb, 0xc6bc, 0xc6bc,
    0xc6bc, 0xc6bc, 0xc6bc, 0xc6bc, 0xc6bb, 0xc6bb, 0xc6bb, 0xc6bb, 0xc6bb, 0xc6bb, 0xc6bb, 0xc6bb,
    0xc6bb, 0xc6bb, 0xc6bc, 0xc6bb, 0xc6bb, 0xc6bb, 0xc69b, 0xc6dc, 0xae19, 0x84d4, 0x6b4c, 0x7bac,
    0x630a, 0x4226, 0x738b, 0x7bac, 0x736b, 0x5a88, 0x5267, 0x5267, 0x5267, 0x5268, 0x5268, 0x5248,
    0x4a27, 0x4a27, 0x5227, 0x5247, 0x4a27, 0x5247, 0x4a46, 0x3a63, 0x6367, 0x83cb, 0x8c2c, 0x62e8,
    0x6b4b, 0x736b, 0x7c2f, 0xc6bb, 0xbebc, 0xbe9c, 0xae5b, 0xa5fa, 0x7451, 0x636c, 0x8470, 0x9d75,
    0x9d34, 0x6b8d, 0x6bad, 0x8c6f, 0x73ac, 0x8c90, 0x842f, 0x5b2b, 0x6bce, 0x8c90, 0x738c, 0x94b0,
    0x94b1, 0x8d36, 0xa5fa, 0xa5fb, 0xa5fb, 0xa5fb, 0xb65b, 0xbe9c, 0xc69c, 0xbe9c, 0xbe5a, 0x6b6c,
    0x734a, 0x9c8e, 0x5ac8, 0x946d, 0xad50, 0x632a, 0xceba, 0xef9f, 0xef9f, 0xe79f, 0xdf3d, 0x7bee,
    0x738b, 0x6b4b, 0x9cf2, 0xc638, 0xad74, 0x9cf2, 0x9ccf, 0xb570, 0xb52f, 0xd633, 0xc5f2, 0x8471,
    0xa5fa, 0xa5fb, 0xa61b, 0xae5c, 0xc6dd, 0xd73e, 0xe79f, 0xcefd, 0xae3b, 0x9dfb, 0x9ddb, 0x95db,
    0x9dfb, 0xbebd, 0xc6dd, 0xd75e, 0xe77f, 0xe79f, 0xefbf, 0xefbf, 0xefbf, 0xe77f, 0xd71d, 0xb65c,
    0xa61c, 0xa61b, 0xa61b, 0xa61b, 0xa61b, 0xa61b, 0xa61b, 0xae1b, 0xa61b, 0xae3b, 0xd75f, 0xdf7f,
    0xc6fd, 0xa61b, 0xa61b, 0xbe9c, 0xcf1e, 0xae5b, 0xa63c, 0xa63b, 0xae5b, 0xbe9c, 0xc6bd, 0xc6dd,
    0xd71e, 0xdf7e, 0xe79f, 0xe79f, 0xef9f, 0xefbf, 0xefbf, 0xe77e, 0xcefd, 0xcefe, 0xd73e, 0xe79f,
    0xefbf, 0xefbf, 0xefbf, 0xef9f, 0xef9f, 0xef9f, 0xe79f, 0xdf5e, 0xcedd, 0xbe9c, 0xbe9d, 0xbe9d,
    0xbe9c, 0xb69d, 0xb69d, 0xbe9c, 0xbebd, 0xbebd, 0xb67c, 0xb69c, 0xd73e, 0xcf1d, 0xb67c, 0xb67c,
    0xae7c, 0xae5c, 0xb67c, 0xc6dd, 0xcefe, 0xcefe, 0xcefe, 0xcefe, 0xd73e, 0xe79f, 0xef9f, 0xe79f,
    0xdf5e, 0xe79f, 0xef9f, 0xe79f, 0xd73e, 0xa596, 0xad10, 0xc591, 0xa4f0, 0x7c0e, 0x6bad, 0x8470,
    0x7bcc, 0x5287, 0x4a67, 0x5267, 0x630a, 0x634c, 0x9d98, 0x6bae, 0x6b4a, 0x5ac8, 0x736a, 0x948f,
    0x6b2a, 0x636d, 0x9556, 0xbe7a, 0xc6bc, 0xc6bb, 0xc6bb, 0xc6bb, 0xc6bb, 0xc6bc, 0xc6bc, 0xc6bc,
    0xc6bc, 0xc6bc, 0xc6bc, 0xc6bc, 0xc6bc, 0xc6bb, 0xc6bb, 0xc6bb, 0xc6bb, 0xc6bb, 0xc6bb, 0xc6bc,
    0xc6bb, 0xc6bb, 0xc6bc, 0xc6bb, 0xc69b, 0xc6bb, 0xc69b, 0xc6dc, 0xae19, 0x8cd4, 0x632b, 0x7bac,
    0x6309, 0x41e5, 0x736b, 0x7bac, 0x736b, 0x5a88, 0x5268, 0x5268, 0x5268, 0x5268, 0x5268, 0x5268,
    0x4a47, 0x5247, 0x5227, 0x5247, 0x5227, 0x5247, 0x4245, 0x3a63, 0x6367, 0x83cb, 0x8c0c, 0x62e8,
    0x6b2a, 0x736b, 0x7c0f, 0xbe9b, 0xb69c, 0xbe9d, 0xb69c, 0xa5fa, 0x7431, 0x73ef, 0xa5b6, 0x9533,
    0x6bad, 0x5aea, 0x6b8c, 0x8c6f, 0x7bce, 0x8c4f, 0x7bce, 0x5b0b, 0x634c, 0x842f, 0x73ad, 0x8c4f,
    0x8450, 0x8cf5, 0xa5fb, 0xa5fb, 0xa5fa, 0xa5fb, 0xa61b, 0xae5c, 0xbe7c, 0xc6bc, 0xc67a, 0x6b4c,
    0x734a, 0x9cae, 0x5ac8, 0x946d, 0xad50, 0x632a, 0xceba, 0xef9f, 0xe79f, 0xe79f, 0xdf3d, 0x7bee,
    0x738c, 0x6b6b, 0x8c50, 0xb595, 0xa533, 0x94d1, 0x9caf, 0xb570, 0xad2f, 0xd632, 0xc5f2, 0x8471,
    0xa5fa, 0xae1b, 0xbe9d, 0xc6dd, 0xc6fe, 0xcefd, 0xd73e, 0xe77e, 0xcedd, 0xae1b, 0x9ddb, 0x95db,
    0x95db, 0x95da, 0xa61b, 0xcefd, 0xd73e, 0xe77e, 0xefbf, 0xef9f, 0xef9f, 0xef9f, 0xe77f, 0xcefe,
    0xb65c, 0xa61b, 0xa61c, 0xa61b, 0xa61b, 0xa61b, 0xa61c, 0xa61c, 0xa61b, 0xae3b, 0xd73e, 0xe79f,
    0xd73e, 0xb65b, 0xae3b, 0xae3b, 0xae3b, 0xa63b, 0xa61b, 0xae1b, 0xae5c, 0xc6dd, 0xcefd, 0xdf5e,
    0xe79f, 0xe79f, 0xef9f, 0xef9f, 0xe79f, 0xe79f, 0xefbf, 0xe79f, 0xd71d, 0xcefd, 0xdf3e, 0xefbf,
    0xe79f, 0xef9f, 0xef9f, 0xe79f, 0xe79f, 0xe79f, 0xef9f, 0xef9f, 0xe77f, 0xd73e, 0xc6dd, 0xbe9d,
    0xbe9d, 0xb69c, 0xb67c, 0xb67c, 0xb67c, 0xb69d, 0xbebd, 0xbe7c, 0xc6dd, 0xc6dd, 0xb65c, 0xb67c,
    0xae5c, 0xb67c, 0xc6bd, 0xcefe, 0xc6fe, 0xcefe, 0xcefd, 0xd73e, 0xe79f, 0xef9f, 0xe79f, 0xdf5e,
    0xe77e, 0xef9f, 0xef9e, 0xe79f, 0xcf1d, 0xa576, 0xad10, 0xc591, 0xa510, 0x7c0e, 0x6bad, 0x8470,
    0x7bcc, 0x5287, 0x4a66, 0x4a47, 0x630a, 0x634c, 0x9d97, 0x6b8e, 0x6b4a, 0x5ac8, 0x736b, 0x9caf,
    0x6b2b, 0x6b6d, 0x9556, 0xb65a, 0xc69b, 0xc6bb, 0xc6bb, 0xc6bb, 0xc6bb, 0xc6bb, 0xc6bc, 0xc6bc,
    0xc6bc, 0xc6bc, 0xc6bc, 0xc6bc, 0xc6bc, 0xc6bb, 0xc6bc, 0xc6bc, 0xcedc, 0xc6bb, 0xc6bb, 0xc6bc,
    0xc6bb, 0xc6bb, 0xc6bc, 0xc6bb, 0xc69b, 0xc6bb, 0xc69b, 0xc6bb, 0xae19, 0x8cd3, 0x632b, 0x7bac,
    0x6309, 0x41e5, 0x738b, 0x7bac, 0x736b, 0x5a88, 0x5a89, 0x5288, 0x5268, 0x5248, 0x5268, 0x5268,
    0x4a47, 0x4a47, 0x5247, 0x5247, 0x5247, 0x4a47, 0x3a04, 0x3a62, 0x6388, 0x7bcb, 0x8c2c, 0x62e8,
    0x6b2a, 0x7b6b, 0x7c2f, 0xbe9b, 0xae3b, 0xae1b, 0xa5f9, 0x9536, 0x6b8e, 0x7c30, 0x7c30, 0x636c,
    0x4ac9, 0x5b2b, 0x73ad, 0x842f, 0x73ed, 0x7c0e, 0x73ed, 0x6bcd, 0x73cd, 0x7bee, 0x73ad, 0x7bee,
    0x7c0e, 0x7410, 0x9557, 0xa5da, 0xa5fb, 0xa5fa, 0x9dd9, 0xa61b, 0xae1b, 0xae3b, 0xbe5a, 0x634c,
    0x734a, 0x9caf, 0x62e8, 0x8c6e, 0xad50, 0x632a, 0xce9a, 0xef9e, 0xef9f, 0xe79f, 0xdf3d, 0x7bee,
    0x736b, 0x736b, 0x8c4f, 0x7bcd, 0x7bee, 0x840e, 0x9c8f, 0xbd90, 0xad4f, 0xd633, 0xc5d2, 0x8451,
    0xadfb, 0xbebd, 0xcefe, 0xcefe, 0xcefe, 0xcefd, 0xcefd, 0xd73e, 0xdf7f, 0xd73e, 0xb67b, 0xae1b,
    0xa61b, 0xae5c, 0xbebd, 0xc6fe, 0xcefd, 0xd71e, 0xe77f, 0xefbf, 0xef9f, 0xe79f, 0xe79f, 0xe79f,
    0xd73e, 0xbe9c, 0xae3b, 0xa61b, 0xa61c, 0xa61c, 0xa61b, 0xa61b, 0xa61b, 0xa61b, 0xbe9c, 0xd73e,
    0xdf5e, 0xdf5e, 0xcf1d, 0xae5b, 0xa63c, 0xa61b, 0xa63b, 0xb69d, 0xc6dd, 0xd71e, 0xdf5e, 0xef9f,
    0xe79f, 0xef9f, 0xef9f, 0xe79f, 0xdf7f, 0xdf5e, 0xefbf, 0xefbf, 0xe77e, 0xcf1d, 0xdf5e, 0xe79e,
    0xd73e, 0xdf5e, 0xe79f, 0xe79f, 0xdf3e, 0xdf3e, 0xe79f, 0xef9f, 0xef9f, 0xef9f, 0xdf7f, 0xd73e,
    0xc6bd, 0xb67c, 0xb69c, 0xb67d, 0xb67c, 0xbe9d, 0xdf5e, 0xdf5e, 0xc6bc, 0xb67c, 0xae5c, 0xae5c,
    0xb69d, 0xc6de, 0xcefe, 0xcefe, 0xcefe, 0xcefd, 0xd73e, 0xe79f, 0xefbf, 0xe79f, 0xdf5e, 0xd73e,
    0xe79f, 0xef9f, 0xe79f, 0xd71e, 0xc6dd, 0xa576, 0xad30, 0xbdb1, 0xa50f, 0x7c0e, 0x6b8d, 0x844f,
    0x7bac, 0x5288, 0x4a66, 0x4a47, 0x6b2a, 0x634c, 0x9598, 0x6baf, 0x7bcc, 0x6309, 0x736b, 0x9caf,
    0x736c, 0x73cf, 0x9d96, 0xbe5a, 0xc69b, 0xc6bb, 0xc6bb, 0xc6bb, 0xc6bb, 0xc6bb, 0xc6bc, 0xc6bc,
    0xc6bc, 0xc6bc, 0xc6bb, 0xc6bb, 0xc6bb, 0xc6bb, 0xc6bb, 0xc6bb, 0xc6bc, 0xc6bb, 0xc6bb, 0xc6bb,
    0xc6bc, 0xc6bc, 0xc6bc, 0xc6bb, 0xc69b, 0xc69b, 0xcebb, 0xcedc, 0xae19, 0x8cd3, 0x632b, 0x7bac,
    0x6309, 0x41e5, 0x7b8b, 0x83cc, 0x736b, 0x5a88, 0x6b4c, 0x62ea, 0x5268, 0x5267, 0x5268, 0x5268,
    0x4a47, 0x5247, 0x5247, 0x4a27, 0x5247, 0x4a46, 0x3203, 0x3a62, 0x6ba8, 0x83eb, 0x942c, 0x6308,
    0x734a, 0x736b, 0x7c0f, 0xadf8, 0xae19, 0x9d56, 0x7430, 0x6b8e, 0x7c0f, 0x94d3, 0x73ef, 0x634c,
    0x52ea, 0x7c2f, 0x94b1, 0xa512, 0xa573, 0xa553, 0xa532, 0xad53, 0xad73, 0xa553, 0xad73, 0xad73,
    0xadb4, 0xa574, 0x8cd2, 0x8cd3, 0x8cf4, 0x9d55, 0x8cd4, 0xa5d9, 0xa61b, 0xae3b, 0xb63a, 0x634c,
    0x6b4a, 0x9ccf, 0x5ae8, 0x83ec, 0xad30, 0x632a, 0xce9a, 0xef9e, 0xef9f, 0xe79f, 0xdf3d, 0x7bee,
    0x736b, 0x62e9, 0x62ea, 0x62e9, 0x7bcd, 0x7bcd, 0x9c8e, 0xbdd1, 0xb570, 0xd633, 0xc5d2, 0x8c91,
    0xbe9c, 0xc6fd, 0xcefd, 0xcefe, 0xcefe, 0xcefe, 0xcefe, 0xcefe, 0xd71e, 0xdf5e, 0xdf7e, 0xdf7f,
    0xdf5f, 0xcefe, 0xc6fe, 0xc6fe, 0xcefe, 0xcefe, 0xd73e, 0xe77f, 0xef9f, 0xe79f, 0xe79f, 0xef9f,
    0xe79f, 0xdf7e, 0xc6dd, 0xae3b, 0xa61c, 0xa61c, 0xa61b, 0xa61b, 0xa61b, 0xa61b, 0xa61b, 0xae3b,
    0xbe9c, 0xdf7f, 0xd73e, 0xae5c, 0xa63c, 0xae5c, 0xb69d, 0xc6dd, 0xc6dd, 0xd73e, 0xe77e, 0xef9f,
    0xef9f, 0xef9f, 0xe79f, 0xd73e, 0xcefd, 0xdf3e, 0xefbf, 0xef9f, 0xd73e, 0xd73e, 0xefbf, 0xe79f,
    0xcf1e, 0xcefe, 0xd73e, 0xe79f, 0xe77f, 0xd71d, 0xd73e, 0xe79f, 0xef9f, 0xef9f, 0xe79f, 0xe79f,
    0xdf7e, 0xcf1e, 0xc6bd, 0xb67c, 0xb69d, 0xbe7c, 0xcefd, 0xcf1d, 0xbebd, 0xb67c, 0xb67c, 0xb67c,
    0xc6dd, 0xcefe, 0xcefe, 0xcefe, 0xcefe, 0xd73e, 0xe77f, 0xef9f, 0xe79f, 0xdf7e, 0xd71d, 0xdf5e,
    0xe79f, 0xe79f, 0xdf5e, 0xcedd, 0xc6dd, 0xa576, 0xad10, 0xbdb1, 0xad50, 0x844f, 0x638c, 0x8470,
    0x7bed, 0x630a, 0x4a67, 0x5247, 0x6b0a, 0x634c, 0x9598, 0x6bcf, 0x8c8f, 0x6b6a, 0x6b4a, 0x946e,
    0x6b2b, 0x6b8e, 0x9d76, 0xbe5a, 0xc69b, 0xc6bb, 0xc6bb, 0xc6bb, 0xc6bb, 0xc6bb, 0xc6bc, 0xc6bc,
    0xc6bc, 0xc6bc, 0xc6bb, 0xc6bb, 0xc6bb, 0xc6bb, 0xc6bb, 0xc6bb, 0xc6bb, 0xc6bb, 0xc6bb, 0xc6bb,
    0xc6bc, 0xc6bc, 0xc6bc, 0xc6bb, 0xc6bb, 0xc6bc, 0xcefc, 0xcedc, 0xae19, 0x84d3, 0x632b, 0x7bac,
    0x6309, 0x41e5, 0x7b8b, 0x7bac, 0x736b, 0x5a88, 0x5288, 0x5288, 0x5268, 0x5268, 0x5268, 0x5267,
    0x31a4, 0x4a47, 0x4a47, 0x5247, 0x5247, 0x4a46, 0x3a03, 0x3a42, 0x6b88, 0x840c, 0x9c6d, 0x6309,
    0x6b2a, 0x736b, 0x7c0f, 0x9d55, 0x8471, 0x7bef, 0x73ce, 0x73ad, 0x7bee, 0x7c30, 0x8450, 0x6b6d,
    0x634b, 0x7bee, 0x8c70, 0x9cb0, 0xa574, 0xb5f6, 0x9cf2, 0x9cd1, 0x9cf1, 0x9cb1, 0x9cd1, 0x9cd1,
    0x9cf1, 0xa553, 0xb5b4, 0xa552, 0xa533, 0x9cf2, 0x8cf4, 0xae3a, 0xbebc, 0xae3b, 0xb619, 0x632c,
    0x6b2a, 0x9cae, 0x5ae8, 0x7bec, 0xad30, 0x632a, 0xce9b, 0xe79f, 0xe79f, 0xe79f, 0xdf3d, 0x7bee,
    0x736b, 0x62e9, 0x52a8, 0x62e9, 0x7bcc, 0x7bed, 0x9caf, 0xc5f2, 0xbd91, 0xd633, 0xcdf2, 0x9cd2,
    0xcefd, 0xcefd, 0xcefe, 0xcefe, 0xcefe, 0xcefe, 0xcefe, 0xcefe, 0xcefe, 0xcefe, 0xd73e, 0xe77e,
    0xe79f, 0xdf5e, 0xcefe, 0xc6fe, 0xc6fe, 0xc6fe, 0xcefd, 0xdf5e, 0xe79f, 0xe79f, 0xe79f, 0xe77f,
    0xef9f, 0xefbf, 0xe77f, 0xcedd, 0xae3b, 0xa61c, 0xa61b, 0xa61b, 0xa61b, 0xa61b, 0xa61b, 0xa61b,
    0xae3b, 0xb67c, 0xb67c, 0xae3b, 0xb67c, 0xbebd, 0xc6de, 0xc6de, 0xcefe, 0xdf5e, 0xe79f, 0xef9f,
    0xef9f, 0xe77f, 0xd73e, 0xcefe, 0xcf1e, 0xe77f, 0xefbf, 0xe77f, 0xcefd, 0xdf3e, 0xefbf, 0xe77f,
    0xcf1e, 0xc6fe, 0xcefd, 0xd73e, 0xe79f, 0xe77e, 0xd71d, 0xdf5e, 0xe79f, 0xef9f, 0xef9f, 0xe79f,
    0xe79f, 0xe79f, 0xdf5e, 0xc6dd, 0xb69c, 0xb67d, 0xb67d, 0xb67c, 0xb67c, 0xb67c, 0xb69c, 0xc6dd,
    0xcefe, 0xcefe, 0xcefd, 0xcf1e, 0xdf5e, 0xe79f, 0xef9f, 0xef9f, 0xdf5e, 0xd71d, 0xdf5e, 0xe79f,
    0xe79f, 0xe79f, 0xd71e, 0xc6dd, 0xc6dd, 0xa576, 0xad30, 0xbdb1, 0xb591, 0xa511, 0x6b8c, 0x8470,
    0x7c0e, 0x6b8c, 0x5267, 0x5267, 0x6b2b, 0x634c, 0x9578, 0x6bcf, 0x8c8f, 0x6b4a, 0x6b2a, 0x946e,
    0x6b2b, 0x6b6d, 0x9576, 0xb65a, 0xc6bb, 0xc6bb, 0xc6bb, 0xc6bb, 0xc6bb, 0xc6bb, 0xc6bc, 0xc6bc,
    0xc6bc, 0xc6bc, 0xc6bc, 0xc6bb, 0xc6bb, 0xc6bb, 0xc6bb, 0xc6bb, 0xc6bb, 0xc6bb, 0xc6bb, 0xc6bc,
    0xc6bb, 0xc6bb, 0xc6bb, 0xc6bb, 0xc6bb, 0xc6bb, 0xc6bb, 0xc6bb, 0xae19, 0x84d3, 0x632b, 0x7bac,
    0x6309, 0x39e5, 0x738b, 0x7bac, 0x736b, 0x5288, 0x5268, 0x5268, 0x5268, 0x5248, 0x5268, 0x5268,
    0x2122, 0x39c5, 0x4a27, 0x4a27, 0x5227, 0x4a46, 0x3a03, 0x3a63, 0x6b68, 0x83ec, 0x944c, 0x62c8,
    0x734b, 0x7b6b, 0x842f, 0xb5f9, 0x7c50, 0x636c, 0x6b6d, 0x6b6d, 0x6b6c, 0x7c50, 0x8451, 0x5b0b,
    0x52ca, 0x5b2a, 0x6bad, 0x842f, 0xadb6, 0xc6bb, 0x9cf3, 0x8c50, 0x8c4f, 0x8c4f, 0x8c4f, 0x8c4f,
    0x842f, 0x844f, 0x8c70, 0x8c70, 0x8c90, 0x84b2, 0x9db8, 0xae5b, 0xcefd, 0xb67b, 0xbe7a, 0x634c,
    0x6b4a, 0x9ccf, 0x5ae8, 0x83ed, 0xad30, 0x630a, 0xc65a, 0xdf7e, 0xe79f, 0xe79f, 0xdf3d, 0x7bee,
    0x736b, 0x62e9, 0x5aa8, 0x5ae9, 0x7bcd, 0x7bee, 0x9caf, 0xc5f2, 0xb591, 0xd633, 0xcdf2, 0x9d12,
    0xdf5e, 0xcf1d, 0xcefe, 0xcefe, 0xcefe, 0xcefe, 0xcefe, 0xcefe, 0xcefe, 0xcefe, 0xcefd, 0xd71e,
    0xe77f, 0xe79f, 0xd73e, 0xcefd, 0xc6fe, 0xc6fe, 0xc6fe, 0xcefe, 0xdf7e, 0xef9f, 0xe77e, 0xd71d,
    0xdf7f, 0xe77e, 0xe79f, 0xe77f, 0xc6dd, 0xae3b, 0xa61b, 0xa61c, 0xa61b, 0xa61b, 0xa61b, 0xa61b,
    0xa61b, 0xa63b, 0xae5c, 0xbe9d, 0xc6dd, 0xc6dd, 0xcefd, 0xd73e, 0xdf5e, 0xe79f, 0xef9f, 0xe77f,
    0xdf5e, 0xcf1d, 0xcefd, 0xcefd, 0xdf3e, 0xefbf, 0xefbf, 0xdf5e, 0xd71e, 0xe77f, 0xefbf, 0xe77f,
    0xd71e, 0xcefe, 0xc6dd, 0xcefe, 0xdf5e, 0xef9f, 0xe77f, 0xd71e, 0xd71d, 0xdf5e, 0xe79f, 0xef9f,
    0xe79f, 0xe79f, 0xe79f, 0xe77e, 0xcefd, 0xbe9c, 0xb67c, 0xb67c, 0xb67c, 0xbebd, 0xc6fe, 0xcefe,
    0xc6fe, 0xcefe, 0xcf1e, 0xdf5e, 0xef9f, 0xef9f, 0xe79f, 0xdf5e, 0xcedd, 0xd73e, 0xef9f, 0xef9f,
    0xe79f, 0xd73d, 0xbebc, 0xc6de, 0xc6dd, 0xa576, 0xad30, 0xbd70, 0xb591, 0xa530, 0x6b8c, 0x8490,
    0x846f, 0x6b8c, 0x5267, 0x5267, 0x6b2a, 0x636c, 0x9d98, 0x6bcf, 0x8c4e, 0x632a, 0x6b29, 0x946e,
    0x6b2b, 0x6b6d, 0x9576, 0xb65a, 0xc6bb, 0xc6bb, 0xc6bb, 0xc6bb, 0xc6bb, 0xc6bb, 0xc6bb, 0xc6bb,
    0xc6bb, 0xc6bb, 0xc6bc, 0xc6bb, 0xc6bb, 0xc6bb, 0xc6bb, 0xc6bc, 0xc6bc, 0xc6bb, 0xc6bb, 0xc6bb,
    0xc6bb, 0xc6bb, 0xc6bc, 0xc6bb, 0xc6bb, 0xc6bb, 0xc69b, 0xc6bb, 0xae19, 0x8cd3, 0x632b, 0x7bac,
    0x62e9, 0x39c4, 0x6b2a, 0x736b, 0x6b2a, 0x5288, 0x5268, 0x5268, 0x5268, 0x5268, 0x4a27, 0x4206,
    0x2101, 0x2101, 0x2963, 0x4206, 0x4a06, 0x4a06, 0x39e4, 0x4244, 0x62e8, 0x6b09, 0x5ac8, 0x4226,
    0x734b, 0x7b6c, 0x8430, 0xc69b, 0xb63a, 0x7c93, 0x5b2c, 0x5b2b, 0x634c, 0x73ef, 0x4aca, 0x4288,
    0x4aa9, 0x52ea, 0x5b0b, 0x636c, 0x9d14, 0xb5f7, 0x73ce, 0x630a, 0x5b0a, 0x5b0a, 0x5b0a, 0x5aea,
    0x5aea, 0x5b0a, 0x634c, 0x6bcf, 0x84d4, 0x9d99, 0xa5fa, 0xa61b, 0xbebc, 0xcefd, 0xc69b, 0x6b4c,
    0x734b, 0x948e, 0x5aa8, 0x7bec, 0xad30, 0x630a, 0xb5f9, 0xcefe, 0xdf5e, 0xe77f, 0xd71d, 0x7bce,
    0x736b, 0x62e9, 0x5ac8, 0x6b4a, 0x7bed, 0x7bee, 0x9caf, 0xc5f2, 0xb591, 0xce12, 0xcdf3, 0xa513,
    0xe79e, 0xdf5e, 0xcefd, 0xc6fe, 0xcefe, 0xcefd, 0xcefe, 0xcefe, 0xcefe, 0xcefe, 0xcefe, 0xcefe,
    0xd73e, 0xe79f, 0xe77f, 0xd71e, 0xc6fe, 0xc6fe, 0xc6fe, 0xc6fd, 0xd73e, 0xef9f, 0xe79f, 0xdf3e,
    0xcefd, 0xcefe, 0xd71e, 0xdf5e, 0xdf5f, 0xc6bc, 0xb67c, 0xae3c, 0xa61b, 0xa61b, 0xa63c, 0xae3c,
    0xae5c, 0xbe9d, 0xc6dd, 0xc6de, 0xcefd, 0xdf3e, 0xe77e, 0xef9f, 0xe79f, 0xe79f, 0xdf5f, 0xd71e,
    0xcefd, 0xcefd, 0xcefd, 0xdf3e, 0xe79f, 0xefbf, 0xdf5e, 0xcefd, 0xdf5e, 0xe7bf, 0xef9f, 0xef9f,
    0xe79f, 0xcf1e, 0xcefe, 0xcefe, 0xcf1e, 0xdf5e, 0xe79f, 0xe79f, 0xd71d, 0xcefd, 0xd73e, 0xe79f,
    0xef9f, 0xef9f, 0xef9f, 0xefbf, 0xe79f, 0xdf3e, 0xc6dd, 0xbe9c, 0xbebd, 0xc6fd, 0xcefe, 0xcefe,
    0xcefd, 0xd73e, 0xe77f, 0xe79f, 0xef9f, 0xe79f, 0xd73e, 0xc6fd, 0xbe9c, 0xbe7b, 0xe77f, 0xef9f,
    0xcf1d, 0xae3b, 0xb65b, 0xc6de, 0xc6dd, 0xa576, 0xad10, 0xbd70, 0xb571, 0xa530, 0x6b6c, 0x8470,
    0x8cd2, 0x6b8c, 0x5267, 0x5287, 0x6b2b, 0x73ad, 0xc69a, 0x8430, 0x844e, 0x632a, 0x6b2a, 0x946f,
    0x6b2b, 0x636d, 0x9555, 0xb65a, 0xc6bb, 0xc69b, 0xc6bb, 0xc6bb, 0xc6bb, 0xc6bb, 0xc6bc, 0xc6bb,
    0xc6bb, 0xc6bc, 0xc6bb, 0xc6bc, 0xc6bc, 0xc6bc, 0xc6bc, 0xc6bc, 0xc6bc, 0xc6bc, 0xc6bc, 0xc6bc,
    0xc6bc, 0xc6bc, 0xc6bb, 0xc6bb, 0xc6bb, 0xc6bb, 0xc69b, 0xc6bb, 0xb619, 0x8cd3, 0x632b, 0x736c,
    0x4a26, 0x2122, 0x31a4, 0x5267, 0x5aa9, 0x4a47, 0x4a47, 0x4a47, 0x4a47, 0x4a47, 0x39a5, 0x2943,
    0x2942, 0x2963, 0x2963, 0x2962, 0x2962, 0x2942, 0x2962, 0x31e2, 0x4a86, 0x6b29, 0x6b29, 0x5267,
    0x736b, 0x7b8c, 0x8430, 0xc69b, 0xbe9c, 0xae1a, 0x6bf0, 0x5b0b, 0x52ea, 0x5b2b, 0x4aa9, 0x4a89,
    0x52ea, 0x632b, 0x738d, 0x738d, 0x7bee, 0x7bef, 0x6b6c, 0x634b, 0x6b4c, 0x6b6c, 0x6b6b, 0x6b6c,
    0x6b6c, 0x73ac, 0x73ef, 0x9577, 0xa5da, 0xae3b, 0xa61b, 0xa61b, 0xb67c, 0xcefd, 0xbe5a, 0x6b6c,
    0x734b, 0x946e, 0x5288, 0x7bcc, 0xa530, 0x630a, 0xb5f9, 0xc6dd, 0xc6dd, 0xd73e, 0xc6bb, 0x73ad,
    0x736b, 0x62e9, 0x62e9, 0x6b4b, 0x842e, 0x7c0e, 0x948f, 0xc5f3, 0xad50, 0xbdb1, 0xc5f3, 0xa513,
    0xe79e, 0xe79f, 0xdf5e, 0xcefd, 0xcefe, 0xcefe, 0xcefe, 0xcefe, 0xcefe, 0xcefe, 0xcefe, 0xcefe,
    0xcefd, 0xdf5e, 0xef9f, 0xe77f, 0xd71e, 0xc6fe, 0xc6fe, 0xc6fe, 0xd71e, 0xe79f, 0xef9f, 0xe79f,
    0xd71e, 0xcedd, 0xc6dd, 0xc6dd, 0xcf1e, 0xd73e, 0xdf7e, 0xc6dd, 0xbe9c, 0xbe9c, 0xbebd, 0xbebd,
    0xbebd, 0xc6fd, 0xc6dd, 0xcefd, 0xd73e, 0xe77f, 0xe77f, 0xe77e, 0xdf5f, 0xd75f, 0xcefe, 0xc6de,
    0xcefe, 0xcefd, 0xd73e, 0xe79f, 0xe79f, 0xdf5e, 0xcefd, 0xcefd, 0xe77e, 0xe79f, 0xe77f, 0xe77f,
    0xe79f, 0xdf3e, 0xcefd, 0xc6fe, 0xcefd, 0xcefd, 0xdf5e, 0xe79f, 0xdf7e, 0xcf1e, 0xc6fd, 0xd73e,
    0xdf7e, 0xe79f, 0xefbf, 0xefbf, 0xe79f, 0xe79f, 0xd73e, 0xc6dd, 0xcefe, 0xcefd, 0xcefe, 0xcefe,
    0xdf5e, 0xe79f, 0xe7bf, 0xe79f, 0xe77e, 0xd73e, 0xc6dd, 0xc6bd, 0xbebc, 0xb65a, 0xcedc, 0xdf7e,
    0xbe9c, 0xa5fa, 0xcefd, 0xc6bc, 0xc6dd, 0xa576, 0xa510, 0xb570, 0xb571, 0xa531, 0x6b6c, 0x8490,
    0x8cf2, 0x6b8c, 0x5267, 0x5287, 0x6b2b, 0x7bcd, 0xd6fb, 0x8450, 0x842d, 0x6329, 0x6b2a, 0x946f,
    0x6b4b, 0x636d, 0x9575, 0xb65a, 0xc69b, 0xc69b, 0xc6bb, 0xc6bb, 0xc6bb, 0xc6bb, 0xc6bb, 0xc6bb,
    0xc6bc, 0xc6bc, 0xc6bb, 0xc6bb, 0xc6bb, 0xc6bb, 0xc6bb, 0xc6bc, 0xc6bc, 0xc6bc, 0xc6bc, 0xc6bc,
    0xc6bc, 0xc6bb, 0xc6bb, 0xc6bb, 0xc69b, 0xc6bb, 0xc6bb, 0xc6dc, 0xb639, 0x8cd4, 0x632b, 0x734b,
    0x4206, 0x2963, 0x4a46, 0x5ac8, 0x5aa8, 0x39c5, 0x4205, 0x4205, 0x41e5, 0x39e5, 0x4206, 0x4a26,
    0x39a5, 0x4206, 0x4a26, 0x39e4, 0x29c2, 0x2181, 0x29a1, 0x3222, 0x5305, 0x8c4c, 0x9cce, 0x6b49,
    0x736b, 0x7b8c, 0x8450, 0xbe7b, 0xa61b, 0x9dda, 0x6c11, 0x73ef, 0x7c0f, 0x6bce, 0x632b, 0x632b,
    0x5b0b, 0x632b, 0x840e, 0x842f, 0x7bce, 0x7bee, 0x8c4f, 0x73ad, 0x6b6c, 0x842e, 0x8c6f, 0x842e,
    0x8c6f, 0x9cf1, 0x8492, 0xa5da, 0xa61b, 0xae3b, 0xb67b, 0xb67b, 0xbe9c, 0xb65b, 0xae19, 0x6b6c,
    0x734b, 0x8c6e, 0x5287, 0x7bcb, 0xad30, 0x630a, 0xb5f9, 0xc6dd, 0xc6dd, 0xc6bd, 0xbe7b, 0x73ad,
    0x736b, 0x62e9, 0x62e9, 0x630a, 0x840e, 0x842f, 0x948f, 0xc613, 0xad50, 0xb591, 0xc5f3, 0xa513,
    0xe79e, 0xe79f, 0xe79f, 0xdf5e, 0xcefe, 0xc6fe, 0xcefe, 0xcefe, 0xcefe, 0xcefe, 0xcefe, 0xcefe,
    0xcf1e, 0xdf5e, 0xe79f, 0xefbf, 0xe79e, 0xd73e, 0xcefe, 0xc6fe, 0xcefd, 0xd71d, 0xe79f, 0xef9f,
    0xe79f, 0xd71e, 0xc6dd, 0xc6dd, 0xc6dd, 0xcefd, 0xdf5e, 0xe79e, 0xe79f, 0xe77e, 0xd73d, 0xc6fd,
    0xc6dd, 0xc6dd, 0xc6fe, 0xc6fd, 0xcefd, 0xcefd, 0xcefd, 0xcefe, 0xcedd, 0xc6fe, 0xc6de, 0xc6fe,
    0xcefd, 0xd73e, 0xe79f, 0xe77e, 0xd73e, 0xcefd, 0xcefd, 0xdf5e, 0xe79f, 0xe79f, 0xd73e, 0xd73e,
    0xe79f, 0xe79f, 0xd73e, 0xc6fd, 0xc6fd, 0xc6fe, 0xcefd, 0xdf5e, 0xe79f, 0xdf7e, 0xcefd, 0xc6fd,
    0xcefd, 0xdf3e, 0xe79f, 0xe79f, 0xe79f, 0xdf3e, 0xcefd, 0xc6fe, 0xc6fe, 0xcefd, 0xcefd, 0xdf5e,
    0xef9f, 0xef9f, 0xe79f, 0xdf3e, 0xcefd, 0xc6dd, 0xcefd, 0xd73e, 0xcefd, 0xa5f9, 0xadf9, 0xd73e,
    0xbe9d, 0xb67c, 0xbe9b, 0xbe5b, 0xc6bd, 0x9d76, 0xad10, 0xb570, 0xb571, 0xa530, 0x6b6c, 0x8491,
    0x8cf2, 0x6b8d, 0x5268, 0x5267, 0x6b2b, 0x7bcd, 0xdefb, 0x8450, 0x844d, 0x632a, 0x6b2a, 0x946f,
    0x6b4b, 0x636d, 0x9575, 0xb65a, 0xc6bb, 0xc69b, 0xc6bb, 0xc6bb, 0xc6bc, 0xc6bb, 0xc6bb, 0xc6bb,
    0xc6bc, 0xc6bc, 0xc6bb, 0xc6bb, 0xc6bb, 0xc6bb, 0xc6bb, 0xc6bc, 0xc6bc, 0xc6bc, 0xc6bc, 0xc6bb,
    0xc6bc, 0xc6bb, 0xc6bb, 0xc6bb, 0xc69b, 0xc6bb, 0xc6bb, 0xcefc, 0xb639, 0x8cd4, 0x632b, 0x7bac,
    0x5ac9, 0x4226, 0x94ae, 0x9cae, 0x7bac, 0x5268, 0x5288, 0x5288, 0x5247, 0x5268, 0x5247, 0x4a47,
    0x3184, 0x41e6, 0x4a27, 0x4a46, 0x39e3, 0x29c2, 0x21c1, 0x29e1, 0x4ac4, 0x73aa, 0x946d, 0x6b29,
    0x736b, 0x7b8c, 0x8470, 0xb65a, 0x9dda, 0x95ba, 0x84b4, 0x94f3, 0xadb6, 0x73ef, 0x5b4b, 0x5b2b,
    0x5b0a, 0x5b2b, 0x842f, 0x7c0e, 0x632b, 0x842e, 0x94b0, 0x5b2b, 0x4ac9, 0x73ac, 0x9cd1, 0x7bed,
    0x7c0e, 0xa532, 0x8492, 0xa5fa, 0xa61b, 0xae3b, 0xc6dc, 0xcefd, 0xcf1d, 0xbe9c, 0xae19, 0x6b6c,
    0x736b, 0x948e, 0x5287, 0x7bcb, 0xad30, 0x630a, 0xb619, 0xc6dd, 0xc6dd, 0xc6dd, 0xbe9b, 0x73ad,
    0x736b, 0x62e9, 0x62c9, 0x62e9, 0x73ad, 0x7bee, 0x948e, 0xc5f2, 0xad50, 0xb591, 0xc613, 0x9d13,
    0xe79e, 0xef9f, 0xe79f, 0xe77e, 0xcf1d, 0xc6fe, 0xcefe, 0xcefe, 0xcefd, 0xcf1e, 0xcefd, 0xcefe,
    0xcefe, 0xcefd, 0xdf7e, 0xe79f, 0xef9f, 0xe79f, 0xd73e, 0xcefd, 0xcefd, 0xcefd, 0xd73e, 0xe79f,
    0xe79f, 0xe79f, 0xd71e, 0xc6dd, 0xc6fe, 0xc6fe, 0xcefd, 0xd73e, 0xe79f, 0xef9f, 0xe79f, 0xdf7e,
    0xd71e, 0xcefd, 0xc6dd, 0xc6dd, 0xc6dd, 0xc6fd, 0xc6dd, 0xc6fe, 0xc6fe, 0xc6fe, 0xc6fe, 0xc6fe,
    0xcefd, 0xd73e, 0xd73e, 0xcefd, 0xcefd, 0xcedd, 0xd73e, 0xe79f, 0xe79f, 0xdf5e, 0xcefd, 0xcefd,
    0xd73e, 0xe79f, 0xe77f, 0xd71d, 0xc6dd, 0xc6fd, 0xc6fd, 0xcefd, 0xd73e, 0xe79f, 0xdf5e, 0xcedd,
    0xcefd, 0xcefd, 0xd73e, 0xdf7f, 0xd71e, 0xcefd, 0xc6de, 0xc6fe, 0xcefe, 0xcefd, 0xd75e, 0xdf7e,
    0xe77f, 0xd73e, 0xd71e, 0xcefd, 0xc6de, 0xc6fe, 0xcefd, 0xd71d, 0xcf1d, 0xbe7c, 0xa5d9, 0xc6fd,
    0xbebd, 0xc6fd, 0xae3a, 0xc6dd, 0xc6bd, 0x9d56, 0xa510, 0xb571, 0xad70, 0xa510, 0x6b6c, 0x8471,
    0x8cd2, 0x6b8d, 0x5268, 0x5267, 0x6b2b, 0x7bcd, 0xdefb, 0x8450, 0x844e, 0x6b4a, 0x6b2a, 0x946f,
    0x6b4b, 0x634c, 0x9555, 0xbe5a, 0xc6bb, 0xc69b, 0xc69b, 0xc6bb, 0xc6bb, 0xc6bb, 0xc6bc, 0xc6bc,
    0xc6bc, 0xc6bc, 0xc6bc, 0xc6bc, 0xc6bc, 0xc6bc, 0xc6bc, 0xc6bc, 0xc6bc, 0xc6bc, 0xc6bc, 0xc6bb,
    0xc6bc, 0xc6bb, 0xc6bb, 0xc6bb, 0xc69b, 0xc6bb, 0xc6bb, 0xcedc, 0xb639, 0x8cf4, 0x634b, 0x7bac,
    0x5ae9, 0x4a46, 0x9ccf, 0x8c4d, 0x736b, 0x5268, 0x5267, 0x5268, 0x5247, 0x5247, 0x5248, 0x4a27,
    0x2963, 0x41e6, 0x4a27, 0x4a47, 0x4225, 0x3a03, 0x31e2, 0x2a01, 0x4aa4, 0x738a, 0x8c2c, 0x6b29,
    0x736b, 0x7b8c, 0x8450, 0xb65b, 0x9dfa, 0xa63b, 0xb65a, 0x9514, 0x6bae, 0x6b6c, 0x632b, 0x5b2b,
    0x52ea, 0x5b0b, 0x842f, 0x7bee, 0x632b, 0x840e, 0x9490, 0x632b, 0x52ca, 0x634b, 0x9490, 0x73ad,
    0x7bed, 0xa512, 0x8492, 0xa5da, 0xa5fa, 0xae3c, 0xc6bd, 0xbe9c, 0xc6bc, 0xbe9c, 0xbe5a, 0x6b8c,
    0x736b, 0x948e, 0x5287, 0x7bcb, 0xad30, 0x630a, 0xb5f9, 0xc6dd, 0xc6dd, 0xc6bd, 0xbe7b, 0x73ad,
    0x736b, 0x62c9, 0x62c8, 0x62e9, 0x738c, 0x7bad, 0x946e, 0xc5f2, 0xa530, 0xb592, 0xc613, 0xa533,
    0xe77e, 0xef9f, 0xe79f, 0xe79f, 0xdf5e, 0xcf1e, 0xc6dd, 0xc6dd, 0xd73e, 0xd75e, 0xcefd, 0xcefe,
    0xc6fe, 0xcefd, 0xd71d, 0xe77f, 0xefbf, 0xefbf, 0xe79f, 0xd75e, 0xcefd, 0xc6de, 0xc6fe, 0xd71e,
    0xe79f, 0xef9f, 0xe79f, 0xd71e, 0xcefd, 0xc6fd, 0xc6fd, 0xcefd, 0xcf1d, 0xdf7e, 0xe79f, 0xe79f,
    0xe79f, 0xe77e, 0xdf3e, 0xd71e, 0xcf1d, 0xcefd, 0xc6dd, 0xcefd, 0xc6fd, 0xcefe, 0xc6fe, 0xc6fe,
    0xc6fe, 0xcefe, 0xcefd, 0xc6fe, 0xc6fd, 0xd71e, 0xe79f, 0xdf5e, 0xd73e, 0xcefd, 0xc6fe, 0xc6fe,
    0xcefd, 0xd73e, 0xe79f, 0xdf7e, 0xcf1e, 0xc6fd, 0xc6fd, 0xc6fd, 0xc6fd, 0xd71e, 0xdf5e, 0xd73e,
    0xcefd, 0xcefd, 0xcefd, 0xcefd, 0xcefd, 0xc6fe, 0xcefe, 0xc6fd, 0xcedd, 0xcf1e, 0xd75e, 0xcefd,
    0xcefd, 0xcefd, 0xcefd, 0xcefd, 0xc6dd, 0xc6dd, 0xd71e, 0xd73e, 0xd71e, 0xcf1e, 0xb67c, 0xadfa,
    0xc6dd, 0xbe7b, 0xa5f9, 0xbe9c, 0xcf1d, 0xa596, 0xa510, 0xb571, 0xad30, 0x9ccf, 0x6b6c, 0x8470,
    0x8cf2, 0x6b8d, 0x5268, 0x5287, 0x6b4b, 0x73cd, 0xd71b, 0x8450, 0x8c4e, 0x6b4a, 0x5287, 0x736a,
    0x52a8, 0x634c, 0x9555, 0xbe7a, 0xcedc, 0xc6bb, 0xc6bb, 0xc6bb, 0xc6bb, 0xc6bb, 0xc6bb, 0xc6bb,
    0xc6bb, 0xc6bc, 0xc6bc, 0xc6bc, 0xc6bc, 0xc6bb, 0xc6bb, 0xc6bc, 0xc6bc, 0xc6bc, 0xc6bc, 0xc6bc,
    0xc6bc, 0xc6bc, 0xc6bb, 0xc6bb, 0xc6bb, 0xc6bb, 0xc69b, 0xcebb, 0xc6bb, 0x9535, 0x634b, 0x7bac,
    0x62ea, 0x4a46, 0x948e, 0x840d, 0x736b, 0x5268, 0x5268, 0x5248, 0x5247, 0x5247, 0x4a47, 0x39c5,
    0x2122, 0x39c5, 0x4a27, 0x4a47, 0x5267, 0x4a46, 0x3a03, 0x3221, 0x4ac5, 0x73aa, 0x942c, 0x6309,
    0x734b, 0x7b8c, 0x8450, 0xb67a, 0xbe9c, 0xc69b, 0x9534, 0x73ef, 0x5b2b, 0x632b, 0x5b2b, 0x5b0a,
    0x52ca, 0x5aeb, 0x73cd, 0x7bcd, 0x73ad, 0x842e, 0x9490, 0x840e, 0x7bee, 0x7c0e, 0x842f, 0x7bee,
    0x8c90, 0x9cd1, 0x8471, 0x9db9, 0xa5fa, 0xa5fb, 0xae1b, 0xae1b, 0xb65b, 0xb67b, 0xc69b, 0x6b6c,
    0x734a, 0x948e, 0x5288, 0x7bcc, 0xad30, 0x630a, 0xb619, 0xc6dd, 0xc6dd, 0xc6bd, 0xbe7b, 0x73ad,
    0x736b, 0x62c8, 0x62c9, 0x6b0a, 0x842e, 0x840e, 0x946e, 0xc5d2, 0xa531, 0xb5b3, 0xc5f3, 0xa512,
    0xe79e, 0xef9f, 0xef9f, 0xe79f, 0xef9f, 0xdf7e, 0xc6bc, 0xbe7c, 0xcf1d, 0xbe9b, 0xcefe, 0xcefe,
    0xc6fe, 0xcf1e, 0xd73e, 0xdf5e, 0xe79f, 0xef9f, 0xe77e, 0xe79f, 0xdf5e, 0xcefd, 0xc6fd, 0xc6fd,
    0xd73e, 0xe77f, 0xef9f, 0xe79f, 0xd73e, 0xcefd, 0xc6fe, 0xc6fd, 0xc6fd, 0xcefd, 0xdf5e, 0xe79f,
    0xefbf, 0xef9f, 0xef9f, 0xe79f, 0xe77f, 0xe77f, 0xdf5e, 0xd75e, 0xcf1e, 0xcefd, 0xcefd, 0xc6fd,
    0xc6fe, 0xc6fe, 0xc6fd, 0xc6fe, 0xc6dd, 0xcf1e, 0xd73e, 0xcefd, 0xcefd, 0xc6fd, 0xc6fe, 0xc6fe,
    0xc6fd, 0xcefd, 0xd73e, 0xe79f, 0xdf7e, 0xcefd, 0xc6fd, 0xc6fd, 0xc6fd, 0xc6fd, 0xcefd, 0xcf1e,
    0xcefd, 0xcefe, 0xcefe, 0xcefe, 0xcefe, 0xcefe, 0xc6fe, 0xcefe, 0xcefd, 0xcefe, 0xcefd, 0xcefd,
    0xcefd, 0xcefd, 0xcefd, 0xcefd, 0xcefd, 0xcefd, 0xc69c, 0xb63a, 0xcefd, 0xd73e, 0xcefd, 0xb65a,
    0xbe7b, 0xbe9b, 0xb67b, 0xcf1e, 0xbe9b, 0x9514, 0xa510, 0xb570, 0xad30, 0x9ccf, 0x6b8b, 0x842f,
    0x8cd1, 0x6bad, 0x4a67, 0x5288, 0x6b4b, 0x73cd, 0xcedb, 0x8450, 0x8c6d, 0x634a, 0x4a26, 0x62e9,
    0x4a67, 0x634c, 0x9555, 0xbe5a, 0xc6dc, 0xc6bb, 0xc6bb, 0xc6bb, 0xc6bb, 0xc6bb, 0xc6bb, 0xc6bb,
    0xc6bb, 0xc6db, 0xc6bc, 0xc6bc, 0xc6bc, 0xc6bc, 0xc6bc, 0xc6bc, 0xc6bc, 0xc6bc, 0xc6bc, 0xc6bb,
    0xc6bc, 0xc6bc, 0xc6bc, 0xc6bb, 0xc6bb, 0xc6bb, 0xc6bb, 0xcedc, 0xbe9b, 0x9514, 0x634b, 0x7bac,
    0x62e9, 0x4a46, 0x946e, 0x83cc, 0x736b, 0x5268, 0x5268, 0x5248, 0x5247, 0x5247, 0x4a47, 0x2964,
    0x2143, 0x39c5, 0x4a27, 0x4a47, 0x5247, 0x4a67, 0x3a04, 0x3222, 0x4ae5, 0x73aa, 0x942c, 0x6309,
    0x6b2b, 0x7b8c, 0x8c70, 0xc6bb, 0xbe7a, 0x94f3, 0x638d, 0x634c, 0x5b0b, 0x52ea, 0x52ea, 0x4ac9,
    0x4aa9, 0x5aca, 0x632b, 0x6b4b, 0x738d, 0x738c, 0x73ac, 0x73ad, 0x73ad, 0x738c, 0x738c, 0x73cd,
    0x844f, 0x8c90, 0x8c91, 0x8cf4, 0x9d98, 0xae1a, 0xa5fb, 0xa5fb, 0xae3b, 0xc6dc, 0xc69a, 0x6b4c,
    0x6b2a, 0x73ab, 0x4226, 0x7bcc, 0xad30, 0x630a, 0xb5f9, 0xc6dd, 0xc6dd, 0xc6dd, 0xbe7b, 0x73ad,
    0x734b, 0x5ac9, 0x5ac8, 0x6b4a, 0x94b0, 0x8c4e, 0x946e, 0xc5d2, 0xad95, 0xbe16, 0xc5f3, 0xa512,
    0xe79e, 0xe79f, 0xe79f, 0xef9f, 0xef9f, 0xef9f, 0xcefd, 0xb65b, 0xae3b, 0xbe9d, 0xcefe, 0xcefe,
    0xcf1e, 0xcf1d, 0xdf5e, 0xdf5e, 0xdf5e, 0xe7bf, 0xd71d, 0xdf5e, 0xe79f, 0xdf7e, 0xcefd, 0xc6fd,
    0xc6dd, 0xd73e, 0xe77f, 0xefbf, 0xe79f, 0xd73e, 0xcefe, 0xc6dd, 0xc6dd, 0xc6fd, 0xd71e, 0xe79f,
    0xefbf, 0xefbf, 0xef9f, 0xef9f, 0xef9f, 0xe79f, 0xe79f, 0xefbf, 0xe77f, 0xd71e, 0xcefd, 0xc6fe,
    0xc6fe, 0xcefd, 0xc6fd, 0xc6fe, 0xc6fe, 0xc6fd, 0xcefd, 0xc6fd, 0xc6fe, 0xc6fe, 0xc6fe, 0xc6fe,
    0xc6fe, 0xc6fe, 0xcefd, 0xd73e, 0xdf7e, 0xdf7e, 0xd73e, 0xc6fd, 0xc6fd, 0xcefe, 0xcede, 0xcede,
    0xc6de, 0xcefe, 0xcefe, 0xcefe, 0xcefe, 0xcefd, 0xcefd, 0xcefd, 0xcedd, 0xcefd, 0xcedd, 0xcedd,
    0xcedd, 0xcefd, 0xcefd, 0xcefd, 0xcefd, 0xcedd, 0xc6bd, 0xbe7c, 0xa5b9, 0xae1a, 0xa5d9, 0xc6bc,
    0xb63a, 0xbe7b, 0xae3a, 0xb67b, 0xa63b, 0x9515, 0xa510, 0xb570, 0xad30, 0x9ccf, 0x736b, 0x6b4c,
    0x7c0e, 0x6b6c, 0x4a67, 0x5288, 0x6b4b, 0x73cd, 0xc6bb, 0x7c30, 0x844d, 0x634a, 0x6b09, 0x8c4e,
    0x5aea, 0x634c, 0x9555, 0xbe5a, 0xc6bb, 0xc69b, 0xc69b, 0xc6bb, 0xc6bb, 0xc6bb, 0xc6bc, 0xc6bc,
    0xc6bc, 0xc6bc, 0xc6bc, 0xc6bc, 0xc6bc, 0xc6bc, 0xc6bc, 0xc6bc, 0xc6bc, 0xc6bc, 0xc6bc, 0xc6bc,
    0xc6bc, 0xc6bc, 0xc6bc, 0xc6bb, 0xc6bb, 0xc6bb, 0xc6bb, 0xcefc, 0xb619, 0x84b3, 0x634b, 0x7bad,
    0x62e9, 0x4a46, 0x946e, 0x7bcc, 0x736b, 0x5268, 0x5268, 0x5247, 0x5248, 0x5247, 0x4206, 0x2943,
    0x2142, 0x39c5, 0x4a47, 0x4a47, 0x4a47, 0x4a47, 0x3a04, 0x3222, 0x52c5, 0x73aa, 0x8c2c, 0x6308,
    0x6b2b, 0x738b, 0x8450, 0xb618, 0x9d55, 0x8450, 0x7c2f, 0x7bee, 0x6b6c, 0x634c, 0x634c, 0x5b2b,
    0x6b6c, 0x73ad, 0x842f, 0x8c70, 0x94b1, 0x9cd2, 0x94b1, 0x94b1, 0x94b1, 0x94b1, 0x9cf1, 0xa532,
    0xad53, 0xad93, 0xbdf6, 0xb5d6, 0x9d54, 0x9535, 0xa5d9, 0xae3b, 0xcefd, 0xcf1d, 0xc67a, 0x634c,
    0x6b0a, 0x5ac8, 0x39c5, 0x7bcc, 0xa530, 0x5b0a, 0xb5f9, 0xc6dd, 0xc6dd, 0xc6bd, 0xbe7b, 0x6bad,
    0x734b, 0x5ac8, 0x5ac8, 0x6b4a, 0x94b0, 0x8c6e, 0x948e, 0xc5f3, 0xb617, 0xadf7, 0xb5b2, 0x9d12,
    0xe77e, 0xe79f, 0xe79f, 0xdf5e, 0xbe5a, 0xdf1d, 0xd71d, 0xae3b, 0xb65b, 0xc6de, 0xc6fd, 0xcefd,
    0xd71d, 0xb65a, 0xc6bb, 0xd73e, 0xd71e, 0xdf5e, 0xdf5e, 0xdf3e, 0xd71e, 0xd73e, 0xd71e, 0xcefe,
    0xc6fe, 0xcefd, 0xd73e, 0xe79f, 0xe79f, 0xe79f, 0xdf5e, 0xd73e, 0xcefd, 0xc6fe, 0xcefe, 0xdf5e,
    0xe77f, 0xe79f, 0xdf5e, 0xd75e, 0xd75e, 0xd73e, 0xe77f, 0xefbf, 0xef9f, 0xe77f, 0xd73e, 0xcefd,
    0xc6fe, 0xcefe, 0xc6fe, 0xc6fe, 0xc6fe, 0xc6fe, 0xc6fe, 0xc6fd, 0xc6fe, 0xc6fe, 0xcefd, 0xcefd,
    0xc6fe, 0xc6fe, 0xc6fe, 0xcefd, 0xcf1d, 0xd73e, 0xd73e, 0xcefe, 0xc6fe, 0xcefe, 0xcefe, 0xcefe,
    0xcefe, 0xcefe, 0xcefe, 0xcefe, 0xcefe, 0xcefe, 0xc6fe, 0xc6fe, 0xc6fd, 0xcefd, 0xcedd, 0xcefd,
    0xcefd, 0xcedd, 0xcefd, 0xcefd, 0xd71d, 0xdf5e, 0xd75e, 0xd73e, 0xbe7c, 0xc6dd, 0xc6fd, 0xae3a,
    0xb65a, 0x9dd9, 0x9dfa, 0xb65a, 0xcf1d, 0xa596, 0xa4ef, 0xb570, 0xad30, 0x9ccf, 0x738c, 0x736c,
    0x7bed, 0x6b6c, 0x4a67, 0x5287, 0x6b4b, 0x73ad, 0xbe9a, 0x7c30, 0x844d, 0x634a, 0x6b29, 0x946e,
    0x632b, 0x636d, 0x9555, 0xbe7b, 0xcedc, 0xc6bb, 0xc69b, 0xc6bb, 0xc6bb, 0xc6bc, 0xc6bc, 0xc6bc,
    0xc6bc, 0xc6bc, 0xc6bc, 0xc6bc, 0xc6bc, 0xc6bc, 0xc6bc, 0xc6bc, 0xc6bc, 0xc6bc, 0xc6bc, 0xc6bb,
    0xc6bb, 0xc6bb, 0xc6bb, 0xc6bb, 0xc6bb, 0xc6bb, 0xc6bb, 0xcefc, 0xae19, 0x84d4, 0x634b, 0x7bcd,
    0x62e9, 0x4a46, 0x946e, 0x7bcc, 0x736b, 0x5268, 0x5268, 0x5247, 0x5247, 0x5248, 0x39c5, 0x2943,
    0x2142, 0x39c5, 0x4a47, 0x4a47, 0x4a47, 0x4a47, 0x39e4, 0x3223, 0x52e6, 0x7baa, 0x8c2c, 0x6308,
    0x630a, 0x736b, 0x842f, 0xb5f8, 0xa596, 0x7c30, 0x94d2, 0x73ce, 0x6b4c, 0x5b0b, 0x5b0b, 0x6b6c,
    0x73ad, 0x7c0e, 0x94b1, 0x9cf2, 0x9491, 0x9d12, 0x9cf2, 0x94b1, 0x9cf2, 0xa553, 0xad74, 0xa532,
    0x9cf1, 0xa532, 0xad73, 0xad94, 0xb5b4, 0xa533, 0x94f4, 0xadd8, 0xc67a, 0xc69b, 0xbe5a, 0x634c,
    0x6b2a, 0x842d, 0x5267, 0x7bcc, 0xad30, 0x630a, 0xb5f9, 0xc6dd, 0xc6dd, 0xc6bc, 0xb5f9, 0x6b6c,
    0x6b4a, 0x5ac8, 0x62e9, 0x734a, 0x946f, 0x840d, 0x948f, 0xc5f3, 0xad94, 0xa574, 0xad71, 0x94d2,
    0xd71d, 0xdf7f, 0xe79f, 0xe77e, 0xd6fc, 0xbe5a, 0xbe7b, 0xae3a, 0xcefd, 0xcefd, 0xc6fe, 0xcf1d,
    0xd71d, 0xc69b, 0xcf1d, 0xcefd, 0xcefd, 0xcefd, 0xd71e, 0xdf5e, 0xcf1d, 0xcedd, 0xcefd, 0xcefd,
    0xc6fd, 0xc6fd, 0xcefe, 0xcf1e, 0xd71e, 0xdf5e, 0xdf7f, 0xe77f, 0xdf7f, 0xd71e, 0xcedd, 0xcefe,
    0xcefe, 0xcf1e, 0xcefd, 0xcefd, 0xcf1d, 0xd71d, 0xdf3e, 0xe79f, 0xef9f, 0xe79f, 0xe79f, 0xd73e,
    0xcefd, 0xc6fe, 0xc6fe, 0xc6fe, 0xc6fe, 0xc6fe, 0xcefe, 0xcefe, 0xc6fd, 0xcf1e, 0xd73e, 0xcefd,
    0xcefd, 0xcefd, 0xc6fe, 0xc6fe, 0xc6fd, 0xcefd, 0xcefd, 0xc6fe, 0xcefd, 0xcefe, 0xc6fe, 0xc6fe,
    0xc6fd, 0xcefe, 0xcefe, 0xcefe, 0xcefe, 0xcefe, 0xcefe, 0xcefd, 0xcefd, 0xd71e, 0xd71e, 0xcf1d,
    0xcf1e, 0xd75e, 0xdf7f, 0xdf7f, 0xd75e, 0xd75e, 0xd75e, 0xcf3d, 0xb69b, 0xbebc, 0xcf1d, 0xd73d,
    0xa5d8, 0x84f6, 0xae5b, 0xe77e, 0xef9e, 0xb5d7, 0xa4ef, 0xb570, 0xad72, 0xad73, 0x7bed, 0x736c,
    0x83ee, 0x6b8c, 0x4245, 0x4a66, 0x6b2a, 0x6b8d, 0xbe7a, 0x7c30, 0x844d, 0x6329, 0x6b29, 0x946f,
    0x632b, 0x636d, 0x9555, 0xbe7b, 0xcefc, 0xc6dc, 0xc6bb, 0xc6bb, 0xc6bb, 0xc6bc, 0xc6bc, 0xc6bc,
    0xc6bc, 0xc6bc, 0xc6bc, 0xc6bc, 0xc6bc, 0xc6bc, 0xc6bc, 0xc6bc, 0xc6bc, 0xc6bc, 0xc6bc, 0xc6bb,
    0xc6bb, 0xc6bb, 0xc6bb, 0xc6bb, 0xc6bb, 0xc6bb, 0xc6bb, 0xcefc, 0xae19, 0x84d3, 0x634b, 0x7bcd,
    0x630a, 0x4a46, 0x946e, 0x83cd, 0x736b, 0x5268, 0x5268, 0x5247, 0x5248, 0x4a27, 0x31a5, 0x39c5,
    0x2142, 0x39e5, 0x4a47, 0x5247, 0x4a47, 0x4a47, 0x39c4, 0x3a03, 0x6308, 0x7bac, 0x8c2d, 0x5ae8,
    0x5aa9, 0x736b, 0x7c2f, 0xadf8, 0xadf7, 0x8c92, 0x73ce, 0x6b8c, 0x6b4c, 0x52ca, 0x5b2b, 0x73ad,
    0x73ce, 0x8c70, 0x9d12, 0x94b1, 0x8c70, 0x9490, 0x9490, 0x9d12, 0xad74, 0xbe38, 0x9513, 0x94b1,
    0x94d1, 0x94d1, 0xa512, 0x9cf1, 0xad53, 0xb5b4, 0xad94, 0xa574, 0xb5f6, 0xc67a, 0xbe5a, 0x634c,
    0x6b2a, 0x948e, 0x5aa8, 0x7bec, 0xad30, 0x630a, 0xb5f9, 0xc6dd, 0xc6dd, 0xc6bc, 0x8472, 0x630a,
    0x6b4a, 0x5ac8, 0x62e9, 0x6b2a, 0x840d, 0x6b6b, 0x94af, 0xc5f3, 0xa531, 0x9cf0, 0xad51, 0x8cb1,
    0xc6dc, 0xd73e, 0xe77f, 0xe79f, 0xdf5e, 0xcedd, 0xb61a, 0xa5b8, 0xd6fd, 0xdf5e, 0xcefd, 0xd71e,
    0xb63a, 0xc6dc, 0xcefd, 0xcefd, 0xcefd, 0xcefd, 0xcefd, 0xcf1e, 0xdf5e, 0xdf5e, 0xd6fd, 0xcedd,
    0xcefd, 0xcefe, 0xc6fd, 0xc6fd, 0xc6fd, 0xc6fe, 0xc6fd, 0xd71e, 0xd75e, 0xd71e, 0xcefe, 0xc6fe,
    0xc6fe, 0xc6fd, 0xc6dd, 0xcefe, 0xd73e, 0xe79f, 0xe77f, 0xe79f, 0xefbf, 0xe79f, 0xe79f, 0xe77f,
    0xd73e, 0xcf1e, 0xc6fe, 0xc6fd, 0xc6fd, 0xcefd, 0xcefd, 0xc6fd, 0xc6fd, 0xcf1d, 0xdf5e, 0xcf1e,
    0xcefd, 0xcefe, 0xcefe, 0xcefe, 0xc6fe, 0xc6fd, 0xc6fd, 0xc6fe, 0xcefe, 0xc6fe, 0xc6fe, 0xc6de,
    0xcefe, 0xcefd, 0xc6fd, 0xc6fd, 0xcefd, 0xd71e, 0xd73e, 0xd73e, 0xdf5e, 0xdf9f, 0xdf9f, 0xdf9f,
    0xd77e, 0xbedc, 0xb6bc, 0xb6dc, 0xb6bc, 0xbedc, 0xc6fc, 0xc6fc, 0xcf1d, 0xdf7e, 0xefbf, 0xefbf,
    0xdf5e, 0x9578, 0xb65b, 0xefbf, 0xefbf, 0xb5d6, 0xa4ef, 0xb551, 0xb593, 0xad74, 0x7bed, 0x738c,
    0x83ee, 0x6b8b, 0x4245, 0x4a66, 0x632a, 0x6b8d, 0xbe7a, 0x7c30, 0x842d, 0x6309, 0x6b2a, 0x946f,
    0x6b2b, 0x636d, 0x9556, 0xbe7b, 0xcefc, 0xc6bb, 0xc69b, 0xc6bb, 0xc6bb, 0xc6bc, 0xc6bc, 0xc6bc,
    0xc6bc, 0xc6bb, 0xc6bc, 0xc6bc, 0xc6bb, 0xc6bb, 0xc6bb, 0xc6bc, 0xc6bb, 0xc6bb, 0xc6bb, 0xc6bb,
    0xc6bb, 0xc6bb, 0xc6bb, 0xc6bb, 0xc6bb, 0xc6bb, 0xcebc, 0xcefc, 0xae19, 0x84d3, 0x634b, 0x7bcc,
    0x6309, 0x4a46, 0x8c6e, 0x7bcc, 0x736b, 0x5268, 0x5267, 0x5247, 0x4a67, 0x39c5, 0x3184, 0x41e5,
    0x2142, 0x39e5, 0x4a27, 0x5247, 0x5247, 0x4a47, 0x39e4, 0x3a03, 0x6328, 0x83cc, 0x8c2d, 0x62e8,
    0x5aa9, 0x736b, 0x7c2f, 0xa5b6, 0x9d76, 0x9514, 0x73ad, 0x634c, 0x5b0b, 0x52ea, 0x52ea, 0x5b0b,
    0x636c, 0x844f, 0x94d1, 0x8c71, 0x8c4f, 0x842f, 0x8450, 0x9d13, 0xa574, 0x94d2, 0x842f, 0x94b1,
    0xa4f2, 0x9cf2, 0x94b0, 0x94b1, 0xa512, 0xa512, 0xa553, 0xb5f6, 0xb617, 0xb639, 0xb639, 0x634c,
    0x6b4a, 0x948e, 0x5ac8, 0x7bec, 0xad31, 0x630a, 0xadf9, 0xc6dd, 0xc6bd, 0xc6bc, 0x8471, 0x6b4b,
    0x6b2a, 0x4a66, 0x5287, 0x6b2a, 0x840d, 0x6b6b, 0x8c6e, 0xbd92, 0xad31, 0x9cf0, 0xad51, 0x8cb1,
    0xc6bd, 0xcefd, 0xdf3e, 0xe79f, 0xdf3e, 0xcefd, 0xcefd, 0xadd9, 0xcedc, 0xe79e, 0xd75e, 0xcf1d,
    0xbe7b, 0xd71d, 0xd71d, 0xcefd, 0xcefd, 0xcefd, 0xc6fe, 0xcefe, 0xd71e, 0xe79f, 0xe77f, 0xdf7e,
    0xdf5e, 0xcefd, 0xcefd, 0xc6dd, 0xc6fd, 0xc6fd, 0xc6fd, 0xcefe, 0xcefd, 0xcefd, 0xc6fd, 0xc6fe,
    0xcefe, 0xcefe, 0xc6fd, 0xc6fd, 0xcefd, 0xe79f, 0xef9f, 0xef9f, 0xe7bf, 0xe79f, 0xe79f, 0xefbf,
    0xe79f, 0xdf7f, 0xdf5e, 0xd73e, 0xcefe, 0xc6fe, 0xc6fe, 0xc6fe, 0xc6dd, 0xcefe, 0xcefd, 0xcefd,
    0xcefd, 0xc6fd, 0xc6fd, 0xc6fd, 0xcefe, 0xcefe, 0xc6fe, 0xc6fd, 0xcefe, 0xcefd, 0xcefd, 0xcefe,
    0xcefe, 0xd71d, 0xdf5e, 0xdf5e, 0xdf5e, 0xe79f, 0xdf7e, 0xd75e, 0xcf3e, 0xaebb, 0xa69b, 0xa69b,
    0xa69b, 0xa67b, 0xa69b, 0xae9b, 0xc71d, 0xdf7f, 0xe79f, 0xefbf, 0xefbf, 0xefdf, 0xefdf, 0xefbf,
    0xe79f, 0xae1a, 0x8d57, 0xd73d, 0xefbf, 0xb5f6, 0xa4ef, 0xb571, 0xa510, 0x9d11, 0x7bee, 0x738c,
    0x83ed, 0x632a, 0x4245, 0x4a66, 0x6b2a, 0x6b8d, 0xbe7a, 0x7c30, 0x844d, 0x632a, 0x6b2a, 0x946e,
    0x6b2b, 0x636d, 0x9556, 0xbe7a, 0xcedc, 0xc6bb, 0xc6bb, 0xc6bb, 0xc6bc, 0xc6bc, 0xc6bc, 0xc6bc,
    0xc6bc, 0xc6bb, 0xc6bc, 0xc6bc, 0xc6bb, 0xc6bb, 0xc6bb, 0xc6bb, 0xc6bb, 0xc6bb, 0xc6bb, 0xc6bb,
    0xc6bb, 0xc6bb, 0xc6bb, 0xc6bb, 0xc6bb, 0xc6bb, 0xcedc, 0xd71d, 0xae19, 0x8cd4, 0x634b, 0x7bcc,
    0x62e9, 0x4a46, 0x8c6e, 0x7bcc, 0x736b, 0x5268, 0x5267, 0x5267, 0x4a47, 0x2964, 0x31a5, 0x41e5,
    0x2942, 0x31a4, 0x41e6, 0x4a47, 0x4a47, 0x4a47, 0x31c4, 0x31e3, 0x6329, 0x83cc, 0x8c4d, 0x62e9,
    0x5ac9, 0x738c, 0x7c0f, 0xadf7, 0x9d55, 0x9d35, 0x94d3, 0x7c10, 0x4aa9, 0x4aa9, 0x52ca, 0x4aa9,
    0x52ea, 0x5b4b, 0x6b8c, 0x6b6c, 0x636b, 0x6bad, 0x7c70, 0x8cf2, 0x6bad, 0x6b6c, 0x6b8c, 0x6bac,
    0x73cd, 0x73cd, 0x73ac, 0x6b8c, 0x73ad, 0x7c0f, 0x8c90, 0x9d34, 0x9d76, 0xc69b, 0xbe7a, 0x6b6c,
    0x736b, 0x9cef, 0x5ae9, 0x7bcc, 0x9cf0, 0x630a, 0xb5f8, 0xc6dd, 0xc6dd, 0xc6bc, 0x8471, 0x6b4b,
    0x5ae8, 0x3a03, 0x4a46, 0x6b2a, 0x8c2e, 0x6b4b, 0x7c0c, 0xad71, 0xad31, 0x9cf0, 0xad51, 0x8c91,
    0xc6bd, 0xc6dd, 0xd71d, 0xdf5e, 0xe77f, 0xd73e, 0xcedd, 0xa5b9, 0xd6fd, 0xe79f, 0xdf5e, 0xc6dd,
    0xb65b, 0xae3a, 0x9db8, 0xa5d9, 0xa5fa, 0xbe9d, 0xcefe, 0xc6fe, 0xcefd, 0xd73e, 0xdf5e, 0xdf5e,
    0xe79f, 0xe77f, 0xdf5e, 0xcefd, 0xc6dd, 0xc6fe, 0xc6fd, 0xc6fe, 0xcefe, 0xcefd, 0xcefe, 0xcefe,
    0xcefe, 0xcefe, 0xc6fd, 0xc6fd, 0xcefe, 0xe77f, 0xef9f, 0xef9f, 0xe7bf, 0xe79f, 0xe79f, 0xe79f,
    0xef9f, 0xe7bf, 0xef9f, 0xe79f, 0xe77f, 0xd73e, 0xcefe, 0xc6fe, 0xc6fe, 0xc6fe, 0xcefe, 0xcefe,
    0xcefe, 0xc6fe, 0xc6fe, 0xcefd, 0xcefe, 0xc6de, 0xcefe, 0xcefd, 0xd71e, 0xd73e, 0xdf3e, 0xe77f,
    0xe77f, 0xe77e, 0xdf7e, 0xdf7e, 0xcf3d, 0xbefd, 0xae9b, 0xa67b, 0xa69b, 0xa69c, 0xa69c, 0xaebc,
    0xbedc, 0xc71d, 0xd77e, 0xdf7e, 0xe79f, 0xe79f, 0xefbf, 0xefbf, 0xefdf, 0xefdf, 0xefbf, 0xefbf,
    0xe7bf, 0xbe9c, 0x8516, 0xcefd, 0xefbf, 0xb5d6, 0xa510, 0xb571, 0xa510, 0x9cf0, 0x7bee, 0x6b6b,
    0x6b6b, 0x5ae9, 0x4244, 0x4a66, 0x630a, 0x6b8c, 0xbe7a, 0x740f, 0x8c4d, 0x634a, 0x6b2a, 0x944f,
    0x6b2b, 0x636d, 0x9556, 0xbe7b, 0xcedc, 0xc69b, 0xc6bb, 0xc6bb, 0xc6bc, 0xc6bc, 0xc6bc, 0xc6bc,
    0xc6bc, 0xc6bb, 0xc6bc, 0xc6bb, 0xc6bc, 0xc6bb, 0xc6bb, 0xc6bb, 0xc6bb, 0xc6bb, 0xc6bb, 0xc6bb,
    0xc6bb, 0xc6bb, 0xc6bb, 0xc6bb, 0xc69b, 0xc69b, 0xcedc, 0xd6fd, 0xae19, 0x8cd4, 0x632b, 0x7bac,
    0x62e9, 0x4a46, 0x8c6f, 0x7bcc, 0x736b, 0x4a47, 0x5268, 0x5268, 0x4a47, 0x2943, 0x3184, 0x41e5,
    0x2943, 0x2943, 0x3164, 0x4a47, 0x4a47, 0x4a27, 0x31a4, 0x39e4, 0x6329, 0x83cc, 0x8c2d, 0x62e9,
    0x5ae9, 0x7b8c, 0x7c2f, 0xbe9a, 0xb639, 0x8492, 0x94f3, 0x9d54, 0x52ea, 0x5aea, 0x632b, 0x5b0b,
    0x634c, 0x6b6c, 0x632b, 0x5b4b, 0x634c, 0x73ce, 0x8492, 0x73ef, 0x632c, 0x632b, 0x632b, 0x634b,
    0x636c, 0x634c, 0x6b6c, 0x6b4c, 0x73ad, 0x73ee, 0x740f, 0xa5d8, 0xb65b, 0xc6bc, 0xc6bb, 0x6b8c,
    0x736b, 0x9caf, 0x5ac8, 0x6b6a, 0x94af, 0x73ac, 0xa596, 0xbe7b, 0xc6bd, 0xbe9c, 0x8451, 0x736b,
    0x5ae8, 0x3223, 0x4a66, 0x6b2a, 0x8c4e, 0x7bcd, 0x73ea, 0xa550, 0xad30, 0x9cf0, 0xb571, 0x8cb2,
    0xc6dd, 0xcefd, 0xcefd, 0xcefd, 0xd71d, 0xdf5e, 0xcefd, 0xa5d9, 0xc69c, 0xdf5e, 0xd73e, 0xa5b9,
    0x8d37, 0xae3b, 0xb67c, 0xb67c, 0xc6de, 0xc6de, 0xcefe, 0xc6fe, 0xcefe, 0xcefd, 0xcefd, 0xcefd,
    0xd73e, 0xdf5e, 0xe79f, 0xd73e, 0xcefd, 0xcefd, 0xcefe, 0xcede, 0xcefe, 0xc6fd, 0xc6fd, 0xc6fd,
    0xc6fd, 0xc6fd, 0xc6fd, 0xcefe, 0xcefe, 0xd71e, 0xe77e, 0xe79f, 0xe79f, 0xdf7e, 0xe79f, 0xe79f,
    0xe77f, 0xdf3e, 0xe79f, 0xe79f, 0xef9f, 0xe79f, 0xdf5e, 0xcefd, 0xcefd, 0xcefd, 0xcefe, 0xcefe,
    0xcefe, 0xc6fe, 0xcefd, 0xcefd, 0xcefd, 0xd71e, 0xdf5f, 0xdf5e, 0xe77f, 0xe79f, 0xe79f, 0xef9f,
    0xe77f, 0xd75e, 0xc6fd, 0xa69b, 0x9e7b, 0x965b, 0x9e9b, 0xa6bc, 0xaedc, 0xbefc, 0xcf3e, 0xd75e,
    0xe79f, 0xe79f, 0xef9f, 0xe79f, 0xefbf, 0xefbf, 0xefbf, 0xefbf, 0xefbf, 0xefbf, 0xefbf, 0xe79f,
    0xe79f, 0xcf1e, 0x8d58, 0xae3a, 0xe79e, 0xb5d7, 0xa510, 0xb571, 0xa510, 0x9cf0, 0x7bee, 0x6b4b,
    0x5ac8, 0x5ac8, 0x4245, 0x4a66, 0x6309, 0x6b8c, 0xadd6, 0x846f, 0x8c4e, 0x6329, 0x6b4a, 0x946f,
    0x6b2b, 0x6b8d, 0x9556, 0xbe7b, 0xcebc, 0xc69b, 0xc6bb, 0xc6bb, 0xc6bc, 0xc6bc, 0xc6bc, 0xc6bc,
    0xc6bc, 0xc6bb, 0xc6bc, 0xc6bc, 0xc6bc, 0xc6bb, 0xc6bb, 0xc6bb, 0xc6bb, 0xc6bb, 0xc6bb, 0xc6bb,
    0xc6bb, 0xc6bb, 0xc6bb, 0xc6bb, 0xc69b, 0xc6bb, 0xcedc, 0xd6fc, 0xae19, 0x8cd4, 0x632b, 0x7bac,
    0x62e9, 0x4a46, 0x8c6e, 0x7bcd, 0x6b4b, 0x4206, 0x5268, 0x5268, 0x4a47, 0x2963, 0x31a5, 0x41e5,
    0x2142, 0x2942, 0x3184, 0x4a47, 0x4a47, 0x41e6, 0x3184, 0x4206, 0x6309, 0x83cc, 0x83cc, 0x52a8,
    0x5ae9, 0x7b8c, 0x7c0f, 0xbe7a, 0x9515, 0x6bae, 0x7c2f, 0x6bad, 0x5aeb, 0x5b0b, 0x5b2b, 0x5b2b,
    0x7c0e, 0x8c70, 0x7bee, 0x73ce, 0x8cb1, 0x94d2, 0x8450, 0x7c0f, 0x7c0e, 0x7c0f, 0x840e, 0x842f,
    0x842f, 0x8c70, 0x9cf2, 0x842f, 0x7c0f, 0x94d2, 0x8cd3, 0xae3b, 0xb67c, 0xbebc, 0xc6bb, 0x6b8d,
    0x736b, 0x7bab, 0x4a67, 0x6b8b, 0x9ccf, 0xa530, 0x6b4b, 0x8cb3, 0xbe9c, 0xbe9c, 0x8451, 0x736b,
    0x5b08, 0x3243, 0x4a66, 0x6b2a, 0x8c4e, 0x842e, 0x73cb, 0xa50f, 0xa531, 0xad74, 0xb5b3, 0x94d2,
    0xcedd, 0xcefd, 0xbe7b, 0xb65a, 0xcf1d, 0xcefd, 0xcefe, 0xbe9c, 0xa5d9, 0xd71d, 0xcedc, 0x9578,
    0xbe9c, 0xc6dd, 0xc6dd, 0xb65c, 0xcede, 0xcede, 0xcefe, 0xc6fe, 0xc6fe, 0xcefe, 0xcefe, 0xcefe,
    0xcefe, 0xcefd, 0xd73e, 0xe77f, 0xe77f, 0xd73e, 0xcefe, 0xcefd, 0xcefd, 0xc6fd, 0xc6fd, 0xc6fd,
    0xc6fd, 0xcefe, 0xcefe, 0xcefe, 0xcefe, 0xcefd, 0xcf1e, 0xdf7f, 0xe77f, 0xd71e, 0xd71d, 0xe79f,
    0xe77e, 0xd71d, 0xcefd, 0xd73e, 0xdf5e, 0xdf7f, 0xe7bf, 0xe79f, 0xdf7f, 0xd73e, 0xcefe, 0xc6fe,
    0xcefe, 0xcefe, 0xcefd, 0xcf1e, 0xdf5f, 0xe79f, 0xef9f, 0xef9f, 0xe79f, 0xe79f, 0xe79f, 0xd75e,
    0xbedc, 0xa67b, 0x9e7b, 0x967b, 0x9e9b, 0xa6bb, 0xaebc, 0xc71d, 0xdf9f, 0xe79f, 0xe79f, 0xe79f,
    0xefbf, 0xefbf, 0xefbf, 0xefbf, 0xefbf, 0xefbf, 0xe79f, 0xe77e, 0xe77f, 0xe77f, 0xe77e, 0xe77f,
    0xe77f, 0xcf1e, 0x8d58, 0x8517, 0xdf5e, 0xbdf7, 0xa510, 0xb591, 0xa510, 0x9d10, 0x842e, 0x738c,
    0x6309, 0x6309, 0x4a86, 0x4a66, 0x630a, 0x632a, 0x52a9, 0x94d0, 0x9cd0, 0x5ac9, 0x6b4a, 0x9c8f,
    0x6b4b, 0x73ef, 0x9d97, 0xbe7a, 0xcedc, 0xc6bb, 0xc6bb, 0xc6bb, 0xc6bc, 0xc6bc, 0xc6bc, 0xc6bc,
    0xc6bc, 0xc6bc, 0xc6bb, 0xc6bb, 0xc6bb, 0xc6bb, 0xc6bb, 0xc6bb, 0xc6bb, 0xc6bb, 0xc6bb, 0xc6bb,
    0xc6bb, 0xc6bb, 0xc6bb, 0xc6bc, 0xcefc, 0xcedc, 0xd6fc, 0xd6fd, 0xae19, 0x8cd4, 0x632b, 0x7bac,
    0x6309, 0x4226, 0x842e, 0x7bcc, 0x6b4b, 0x4206, 0x5247, 0x5268, 0x4a47, 0x2963, 0x31a5, 0x41e6,
    0x2942, 0x2142, 0x3184, 0x4a47, 0x4a47, 0x4206, 0x39e5, 0x4a27, 0x630a, 0x83cc, 0x7bcc, 0x5288,
    0x5aea, 0x738c, 0x7c2f, 0xb67a, 0xb65a, 0x9514, 0x6bae, 0x5b0b, 0x5b0a, 0x5b0b, 0x5b0b, 0x5b2b,
    0x7c2f, 0x7c0e, 0x73ce, 0x8450, 0x8cd3, 0x7c50, 0x73ce, 0x73cd, 0x73cd, 0x73cd, 0x73ed, 0x73ce,
    0x73ad, 0x73cd, 0x9cf2, 0x7c4f, 0x8491, 0xa5b6, 0xb639, 0xb67c, 0xae5c, 0xb69c, 0xbe7b, 0x6b8d,
    0x6b4b, 0x6329, 0x4206, 0x738b, 0x9cae, 0xad50, 0x62e8, 0x8451, 0xc69c, 0xc69c, 0x8471, 0x6b6b,
    0x52e7, 0x3a43, 0x4aa6, 0x6b2a, 0x8c2d, 0x7bed, 0x6b8a, 0x9cef, 0xa573, 0xbe38, 0xbdf5, 0x94f2,
    0xcefd, 0xd71d, 0xdf3d, 0xbe5a, 0xcefd, 0xcefd, 0xc6fd, 0xc6dd, 0x9d99, 0xbe9b, 0xb61a, 0x9db9,
    0xc6de, 0xc6de, 0xc6dd, 0xb67c, 0xcf1e, 0xdf3d, 0xd73e, 0xcf1e, 0xc6fd, 0xcefe, 0xcefe, 0xcefe,
    0xcefe, 0xcefe, 0xcefe, 0xd71e, 0xdf7e, 0xe79f, 0xe77e, 0xd71e, 0xcefd, 0xc6dd, 0xcefd, 0xcefd,
    0xcefe, 0xcefe, 0xcefe, 0xcefe, 0xcefd, 0xcefe, 0xc6fd, 0xcf1d, 0xdf5e, 0xe77f, 0xd73e, 0xd71e,
    0xe77f, 0xe79f, 0xdf5e, 0xcf1e, 0xcedd, 0xcefe, 0xd73e, 0xdf7e, 0xe79f, 0xe79f, 0xdf7e, 0xcefe,
    0xcefe, 0xcefe, 0xcefd, 0xdf5e, 0xe79f, 0xe79f, 0xe79f, 0xef9f, 0xe79f, 0xdf7e, 0xcf3d, 0xae9b,
    0xaebc, 0xaedc, 0xa6dc, 0xa6bc, 0xa67b, 0xcf3e, 0xdf7e, 0xdf7f, 0xe77f, 0xe79f, 0xe79f, 0xe79f,
    0xe79f, 0xe77f, 0xe77e, 0xe79e, 0xe79f, 0xe77e, 0xe79e, 0xe79f, 0xe79f, 0xe79f, 0xe79f, 0xe77f,
    0xdf3e, 0xd73e, 0xae3b, 0x7cd6, 0xbe7b, 0xb5d6, 0xa510, 0xb571, 0xa510, 0xa531, 0x8c6f, 0x7bcd,
    0x6b2a, 0x6b2a, 0x4a86, 0x4a66, 0x6309, 0x6b2a, 0x4226, 0x94af, 0x9cf1, 0x5ae9, 0x6b6a, 0x9caf,
    0x6b4b, 0x73ef, 0x9d97, 0xbe7a, 0xcefc, 0xc6bb, 0xc6bb, 0xc6bb, 0xc6bc, 0xc6bc, 0xc6bc, 0xc6bc,
    0xc6bc, 0xc6bc, 0xc6bb, 0xc6bb, 0xc6bb, 0xc6bb, 0xc6bb, 0xc69b, 0xc6bb, 0xc6bb, 0xc6bb, 0xc6bb,
    0xc6bb, 0xc6bb, 0xc6bb, 0xc6bc, 0xd73d, 0xcefc, 0xd71d, 0xcefc, 0xae19, 0x8cd4, 0x634b, 0x7bcc,
    0x5b09, 0x39e5, 0x7bac, 0x7bcc, 0x6b6b, 0x4a27, 0x4a47, 0x4a67, 0x4206, 0x2964, 0x31a5, 0x41e6,
    0x2142, 0x2142, 0x3183, 0x4a47, 0x4a27, 0x39a5, 0x4206, 0x4a47, 0x6b0a, 0x83ec, 0x8c0d, 0x5ae9,
    0x62ea, 0x738c, 0x7c2f, 0xb67b, 0xb65a, 0xbe7b, 0xa576, 0x6b8d, 0x634c, 0x6b4c, 0x6b4c, 0x636c,
    0x8c91, 0x846f, 0x8c90, 0x8c91, 0x8cb1, 0x73ee, 0x8c4f, 0x8470, 0x73ad, 0x73ad, 0x8c70, 0x8c70,
    0x842f, 0x73cd, 0x94d1, 0x8cb1, 0x9d13, 0x9d54, 0xb618, 0xbebc, 0xb67c, 0xb67c, 0xbe5b, 0x6b8d,
    0x736b, 0x8c2d, 0x5287, 0x738b, 0x94ae, 0xad50, 0x62e8, 0x8451, 0xc69c, 0xbe5b, 0x7c0f, 0x632a,
    0x4a86, 0x3a63, 0x52a6, 0x6b4a, 0x8c2e, 0x7bcd, 0x636a, 0x846e, 0xadd6, 0xbe9b, 0xc637, 0xa533,
    0xc69b, 0xcebc, 0xadf9, 0x9db9, 0xadd9, 0xc6bc, 0xd71d, 0xcefe, 0xae3b, 0xa5d9, 0x9d78, 0xb65b,
    0xcefd, 0xcefd, 0xcefd, 0xd73e, 0xd71d, 0xd71d, 0xbe7b, 0xc6bc, 0xcefe, 0xcefe, 0xcefe, 0xcefe,
    0xcefe, 0xcefe, 0xcefe, 0xcefd, 0xcefd, 0xd73e, 0xdf7f, 0xe77f, 0xdf5e, 0xcf1d, 0xcefd, 0xc6fe,
    0xcefe, 0xcefe, 0xcefe, 0xcefe, 0xcefe, 0xc6fe, 0xc6fe, 0xc6fd, 0xcefd, 0xdf5e, 0xe79f, 0xd71d,
    0xd71d, 0xdf5e, 0xe77f, 0xe77f, 0xd73e, 0xcefd, 0xc6dd, 0xcefe, 0xdf5e, 0xe79f, 0xef9f, 0xe77f,
    0xdf7e, 0xdf7f, 0xdf3e, 0xe77f, 0xef9f, 0xef9f, 0xef9f, 0xdf7e, 0xcf5e, 0xbefc, 0x9e7b, 0xaebc,
    0xb6fd, 0xaefc, 0xb6fd, 0xaebb, 0xa597, 0xbe5b, 0xc6dd, 0xc6bd, 0xc6dd, 0xcf1d, 0xcf1d, 0xcf1d,
    0xd73e, 0xdf5e, 0xdf5e, 0xdf7e, 0xdf7e, 0xe77e, 0xe77f, 0xe79f, 0xe77e, 0xe79f, 0xe7bf, 0xe7bf,
    0xe77f, 0xcf1d, 0xb67c, 0x9dba, 0xbe5b, 0xb5b6, 0xa510, 0xad50, 0xa510, 0xa594, 0x8cb1, 0x738c,
    0x632a, 0x6309, 0x4a86, 0x4225, 0x5ac8, 0x6b2a, 0x4a26, 0x94af, 0x9d11, 0x5b09, 0x62e9, 0x8c2e,
    0x6b4b, 0x7c10, 0x9db7, 0xb65a, 0xcefc, 0xc6bb, 0xc6bb, 0xc6bb, 0xc6bb, 0xc6bb, 0xc6bb, 0xc6bc,
    0xc6bc, 0xc6bb, 0xc6bb, 0xc6bb, 0xc6bb, 0xc6bb, 0xc6bb, 0xc6bb, 0xc6bb, 0xc6bb, 0xc6bb, 0xc6bb,
    0xc6bb, 0xc6bb, 0xc6bb, 0xc6bb, 0xc6bb, 0xcedc, 0xd71d, 0xcedc, 0xae19, 0x8cd4, 0x634b, 0x7bcc,
    0x5b09, 0x39e5, 0x738c, 0x7bcc, 0x738b, 0x5268, 0x4206, 0x4206, 0x4206, 0x31a4, 0x39c5, 0x41e6,
    0x2142, 0x2942, 0x3184, 0x4a47, 0x4a26, 0x39c5, 0x4a68, 0x5268, 0x630a, 0x83cc, 0x946e, 0x6b4a,
    0x62ea, 0x738c, 0x7c0f, 0xb639, 0x9d56, 0xa5b7, 0x9514, 0x634c, 0x6b4c, 0x6b4c, 0x6b6c, 0x6bad,
    0x9cf2, 0x8c90, 0x8c70, 0x7c2f, 0x8cd1, 0x842f, 0x9491, 0x73cd, 0x52ea, 0x52ea, 0x6b8c, 0x9490,
    0x8c4f, 0x73cd, 0x94d1, 0x8c70, 0x842f, 0x9d12, 0x9514, 0xae3a, 0xb69c, 0xbebd, 0xb65a, 0x6b6d,
    0x736b, 0x94af, 0x5aa8, 0x738b, 0x94ae, 0xad30, 0x5ae9, 0x7c51, 0xc69c, 0x9d56, 0x632a, 0x6b29,
    0x52a6, 0x4a85, 0x5ac8, 0x6b4b, 0x8c2e, 0x7bcd, 0x5b49, 0x742d, 0xadf9, 0xc6dc, 0xd6da, 0xb5d6,
    0xa596, 0xc69b, 0xb63a, 0xbebd, 0xb65c, 0x9d98, 0xc6bc, 0xd71d, 0xbe7c, 0x84d6, 0x8d58, 0xc6dd,
    0xd71d, 0xd75e, 0xcf1c, 0xbe9b, 0x9d98, 0xb65b, 0xc6dd, 0xcefe, 0xcefe, 0xcefe, 0xcefe, 0xcefe,
    0xcefe, 0xcefe, 0xcefe, 0xcefe, 0xcefe, 0xcefd, 0xcefd, 0xd73e, 0xdf5e, 0xdf7e, 0xd73e, 0xcefd,
    0xcefe, 0xcefe, 0xcefe, 0xcefe, 0xcefe, 0xc6fe, 0xc6fe, 0xc6fe, 0xc6fe, 0xcefd, 0xd73e, 0xdf7f,
    0xd73e, 0xcefd, 0xcf1d, 0xdf3e, 0xdf7f, 0xdf7f, 0xd73e, 0xd73e, 0xcefd, 0xd73e, 0xd73e, 0xd73e,
    0xd75e, 0xdf5e, 0xe77f, 0xe79f, 0xef9f, 0xef9f, 0xe79f, 0xc6fd, 0x963a, 0x967b, 0x9ebc, 0xa6dc,
    0xa6bc, 0xbf3d, 0xc73d, 0xb6fc, 0x9d76, 0x8cd4, 0x9d57, 0x9d57, 0x9d57, 0x9d57, 0x9536, 0x9d77,
    0xae1a, 0xbe9c, 0xc69b, 0xc6bc, 0xdf5e, 0xdf3e, 0xd71e, 0xdf5e, 0xdf7f, 0xdf7e, 0xdf7e, 0xe77e,
    0xe77e, 0xe77f, 0xd73e, 0xc6dd, 0xcefd, 0xa575, 0xa50f, 0xad51, 0xa573, 0xae18, 0x9514, 0x7c0e,
    0x738c, 0x6309, 0x4a87, 0x3a25, 0x52a8, 0x630a, 0x4226, 0x94cf, 0x9d11, 0x5b09, 0x52a8, 0x83ed,
    0x6b6b, 0x7c30, 0x9597, 0xae19, 0xcefc, 0xc6bb, 0xc6bb, 0xc69b, 0xc6bb, 0xc6bb, 0xc6bb, 0xc6bb,
    0xc6bb, 0xc6bb, 0xc6bb, 0xc6bb, 0xc6bb, 0xc6bb, 0xc6bb, 0xc6bb, 0xc6bb, 0xc6bb, 0xc6bb, 0xc6bb,
    0xc6bb, 0xc6bb, 0xc6bb, 0xc6bb, 0xc6bb, 0xcedc, 0xd71d, 0xc6dc, 0xadf9, 0x8cd4, 0x632b, 0x7bcc,
    0x630a, 0x39e5, 0x738c, 0x7bcc, 0x738b, 0x5268, 0x4227, 0x31a5, 0x31a4, 0x3184, 0x39c5, 0x41e6,
    0x2963, 0x39a4, 0x39a5, 0x4a47, 0x4a27, 0x52ea, 0x7c0f, 0x5aca, 0x630a, 0x83cc, 0x946d, 0x6b29,
    0x62ea, 0x738c, 0x8430, 0xadd7, 0xb5f8, 0x94f3, 0x6bce, 0x7c0f, 0xa513, 0x738d, 0x8cb2, 0x9d54,
    0xadd6, 0x8490, 0x844f, 0x7c0e, 0x8cb1, 0x844f, 0x94b1, 0x5b2b, 0x52ea, 0x52ea, 0x5b2b, 0x9490,
    0x8c70, 0x73cd, 0x94d1, 0x8c70, 0x7c2f, 0x9d12, 0x94f4, 0xae3a, 0xbebd, 0xc6dd, 0xbe9b, 0x6b6c,
    0x736b, 0x948f, 0x5aa8, 0x738b, 0x9ccf, 0xad31, 0x5ae9, 0x7c51, 0xbe9c, 0x9d55, 0x632a, 0x6b2a,
    0x52a7, 0x4a86, 0x632b, 0x8471, 0x8c6f, 0x7bcd, 0x5b48, 0x7c4c, 0xadd7, 0xc6bc, 0xd71c, 0xbdf7,
    0xa596, 0xcefd, 0xcefd, 0xcedd, 0xc6dd, 0xae1a, 0xadf9, 0xdf7f, 0xcf1d, 0x8d58, 0x8517, 0xcefd,
    0xd71d, 0xadf9, 0x9db8, 0xae1a, 0xbe9c, 0xc6fd, 0xcefe, 0xcefe, 0xcefe, 0xcefe, 0xcefe, 0xcefe,
    0xcefe, 0xcefe, 0xcefe, 0xcefe, 0xc6fe, 0xcefe, 0xc6fd, 0xc6fe, 0xcefd, 0xd71e, 0xd71e, 0xcefd,
    0xcefe, 0xcefe, 0xcefe, 0xcefe, 0xc6fd, 0xc6fd, 0xcefe, 0xc6fe, 0xcefe, 0xc6fe, 0xcefd, 0xcf1d,
    0xd71e, 0xcefd, 0xc6fe, 0xcefd, 0xcf1e, 0xd71e, 0xdf7e, 0xdf7e, 0xd75e, 0xcf1e, 0xcefd, 0xcefe,
    0xc6de, 0xcefe, 0xcf1e, 0xd71e, 0xdf3e, 0xe77f, 0xe79f, 0xc71d, 0x965a, 0x965b, 0x9e9b, 0x967b,
    0xa6bc, 0xbf3d, 0xdf9f, 0xc75d, 0xae7a, 0x8d14, 0x8472, 0x7bf0, 0x7bf0, 0x7bf0, 0x83f1, 0x7c32,
    0x8473, 0x8cb3, 0x8493, 0x8cd4, 0xa598, 0xb61a, 0xb63b, 0xbebd, 0xcefd, 0xcefe, 0xcefd, 0xd73e,
    0xe77f, 0xdf5e, 0xd73e, 0xd73e, 0xd71e, 0xa555, 0xa510, 0xad93, 0xae18, 0xbedc, 0x9d97, 0x94b1,
    0x7bed, 0x6b2a, 0x5ac8, 0x4226, 0x5288, 0x5ac9, 0x4206, 0x94cf, 0x9cf0, 0x5ae9, 0x6b2a, 0x946f,
    0x6b6c, 0x8cb2, 0x9df9, 0xa5d8, 0xcefc, 0xcedc, 0xc6bb, 0xc6bb, 0xc6bb, 0xc6bb, 0xc6bb, 0xc6bb,
    0xc6bb, 0xc6bb, 0xc6bb, 0xc6bb, 0xc6bb, 0xc6bb, 0xc6bb, 0xc6bb, 0xc6bb, 0xc6bb, 0xc6bb, 0xc6bb,
    0xc6bb, 0xc6bb, 0xc69b, 0xc69b, 0xc6bb, 0xcefc, 0xd71d, 0xc6bc, 0xadf9, 0x9515, 0x6b6c, 0x7bcc,
    0x630a, 0x39e5, 0x738b, 0x7bcc, 0x738b, 0x5268, 0x4a47, 0x39e6, 0x2963, 0x31a4, 0x39c5, 0x41e6,
    0x3163, 0x39e5, 0x4206, 0x4a47, 0x4206, 0x4aa9, 0x7c0f, 0x5aca, 0x630a, 0x7bcc, 0x944d, 0x6b29,
    0x62ea, 0x7b8c, 0x844f, 0xbe7a, 0xb5f8, 0x8cd3, 0x8c92, 0x8c71, 0xa534, 0x94f3, 0xa576, 0xb638,
    0xa575, 0x8470, 0x844f, 0x7bee, 0x8c90, 0x842f, 0x94b1, 0x5b4b, 0x52ea, 0x52ea, 0x5b2b, 0x9490,
    0x8c70, 0x73ee, 0x8cb1, 0x8470, 0x842f, 0xa553, 0xadd7, 0xbe9b, 0xbebc, 0xbebc, 0xc69b, 0x6b4c,
    0x6b4b, 0x8c8f, 0x52a8, 0x738b, 0x9ccf, 0xad31, 0x5ae9, 0x7c51, 0xbe9c, 0x9d55, 0x630a, 0x5ac8,
    0x4a86, 0x4a66, 0x5b2c, 0x8d15, 0x8c91, 0x7c2f, 0x6369, 0x846d, 0xadb6, 0xc6dc, 0xd75e, 0xbe18,
    0xa576, 0xcefd, 0xc6bc, 0xbebc, 0xc6dc, 0xc6dc, 0xb61a, 0xbe7b, 0xcedc, 0x8d37, 0x9d99, 0xbe9b,
    0x9d98, 0x9578, 0xc6bc, 0xcefc, 0xcf1d, 0xc6fd, 0xc6fe, 0xcefe, 0xcefe, 0xcefe, 0xcefe, 0xcefe,
    0xcefe, 0xcefe, 0xcefe, 0xcefe, 0xcefe, 0xcefe, 0xcefe, 0xcefe, 0xc6fe, 0xcefe, 0xcefe, 0xcefd,
    0xcefe, 0xcefe, 0xcefe, 0xcefe, 0xcefe, 0xc6fe, 0xcefd, 0xcefd, 0xcefe, 0xcefe, 0xcefd, 0xcefe,
    0xcefe, 0xcefe, 0xcefe, 0xcefe, 0xc6fe, 0xcefd, 0xcefe, 0xcf1e, 0xcf1e, 0xcf1e, 0xd73e, 0xcefe,
    0xcefe, 0xcefe, 0xcefe, 0xcefe, 0xcefe, 0xcf1d, 0xdf5e, 0xdf7e, 0xbedc, 0x9e7b, 0x9e7b, 0xa6bc,
    0xaedc, 0xb6fc, 0xcf5e, 0xd79e, 0xc73d, 0xae9b, 0x9e19, 0x8515, 0x8493, 0x7c11, 0x7c10, 0x8410,
    0x8431, 0x8c71, 0x8c71, 0x8451, 0x8451, 0x8c92, 0x8c93, 0xa577, 0xadd9, 0xa5da, 0xb65b, 0xcefd,
    0xd73e, 0xd73e, 0xd71e, 0xcf1d, 0xcf1e, 0xa555, 0xa510, 0xc698, 0xc6fc, 0xb67c, 0x9555, 0x94d1,
    0x7c0e, 0x6b2a, 0x5ac8, 0x4226, 0x4a67, 0x5288, 0x4206, 0x94af, 0x9cf0, 0x5ae9, 0x632a, 0x946f,
    0x6b6c, 0x8cd3, 0xae5b, 0xa5d8, 0xcedc, 0xd6fd, 0xc6bc, 0xc6bb, 0xc6bb, 0xc6bb, 0xc6bb, 0xc6bb,
    0xc6bb, 0xc6bb, 0xc6bb, 0xc6bb, 0xc6bb, 0xc6bb, 0xc6bb, 0xc6bb, 0xc6bb, 0xc6bb, 0xc6bb, 0xc6bb,
    0xc6bb, 0xc6bb, 0xc6bb, 0xc6bb, 0xcedc, 0xd71d, 0xd71d, 0xc69b, 0xb63a, 0xadf8, 0x738d, 0x7bcd,
    0x5ae9, 0x39e5, 0x738c, 0x7bac, 0x736b, 0x5267, 0x4a47, 0x39c5, 0x3184, 0x39e6, 0x39c5, 0x41e6,
    0x2963, 0x39c5, 0x39c5, 0x4a27, 0x39c5, 0x4a47, 0x5288, 0x4a68, 0x630a, 0x7bcc, 0x944d, 0x6309,
    0x5ac9, 0x738c, 0x8430, 0xbe9a, 0xa576, 0x94d2, 0x9d35, 0xb5d7, 0x94d2, 0xadb7, 0xb618, 0x8cb2,
    0x94f2, 0x8c90, 0x844f, 0x7bee, 0x8c90, 0x842f, 0x9491, 0x5b2b, 0x52ea, 0x52ea, 0x632b, 0x9490,
    0x9d13, 0x9d33, 0x94d2, 0x8450, 0x844f, 0xadb6, 0xbe59, 0xcefd, 0xd71d, 0xcefd, 0xbe9b, 0x6b4c,
    0x734b, 0x8c6f, 0x52a8, 0x73ab, 0x9cef, 0xad51, 0x630a, 0x7c51, 0xbe9c, 0x9535, 0x5ae9, 0x4a86,
    0x4266, 0x4a66, 0x5b2b, 0x9515, 0x8cb1, 0x8cf4, 0x6bed, 0x846d, 0xad95, 0xcefc, 0xdf7e, 0xbe18,
    0xa576, 0xc6fd, 0xbe9c, 0xae1a, 0xb65b, 0xbe7b, 0xc6bc, 0x9d98, 0x9558, 0x7475, 0x8d37, 0x9558,
    0xa5da, 0xc6bd, 0xcefd, 0xbe7b, 0xc6bc, 0xcefd, 0xc6fd, 0xc6fe, 0xcefe, 0xcefe, 0xcefe, 0xcefe,
    0xcefe, 0xcefe, 0xcefe, 0xcefe, 0xcefe, 0xcefe, 0xcefe, 0xcefe, 0xcefe, 0xcefe, 0xcefd, 0xcf1d,
    0xcefe, 0xcefd, 0xcefe, 0xcefe, 0xcefe, 0xcefe, 0xcefe, 0xcefd, 0xcefe, 0xcefe, 0xcefe, 0xcefe,
    0xcefe, 0xcefe, 0xcefe, 0xcefe, 0xcefe, 0xcefe, 0xc6fe, 0xcefe, 0xcefe, 0xcefe, 0xcefe, 0xcefe,
    0xcefe, 0xcefe, 0xcefe, 0xcefe, 0xcefe, 0xcefe, 0xcefd, 0xd73d, 0xdf7e, 0xd75e, 0xb6bc, 0xa67b,
    0xa6bc, 0xaedc, 0xaedc, 0xcf5e, 0xdf9e, 0xcf7e, 0xb6fd, 0xaebc, 0x9e5a, 0x8d97, 0x9597, 0x9577,
    0x7cb4, 0x8d55, 0xa5b7, 0x8cf3, 0x8451, 0x8c91, 0x8451, 0x8431, 0x8431, 0x8c93, 0x94f5, 0xa577,
    0xb63b, 0xcedd, 0xcedd, 0xcefd, 0xcefd, 0x9d34, 0xa531, 0xcefb, 0xc71d, 0xa61a, 0x8cb1, 0x94b0,
    0x7c0e, 0x6b0a, 0x5ac9, 0x4a46, 0x3a25, 0x4a88, 0x4205, 0x94cf, 0x94d0, 0x5b09, 0x632a, 0x8c6f,
    0x6b6c, 0x8cb3, 0xcefd, 0xae19, 0xcedc, 0xd6fd, 0xcefc, 0xc6bc, 0xc6bb, 0xc6bb, 0xc6bb, 0xc6bb,
    0xc6bb, 0xc6bb, 0xc6bb, 0xc6bb, 0xc6bb, 0xc6bb, 0xc6bb, 0xc6bb, 0xc6bb, 0xc6bb, 0xc6bc, 0xc6bc,
    0xc6bc, 0xc6bc, 0xc6bb, 0xc6bb, 0xcefc, 0xd71d, 0xd71d, 0xbe5a, 0xbe7a, 0xbe7a, 0x6b8d, 0x738c,
    0x4a68, 0x39e5, 0x738c, 0x7bac, 0x736b, 0x5267, 0x4a47, 0x39e5, 0x3184, 0x41e6, 0x41e6, 0x41e6,
    0x3163, 0x3184, 0x3164, 0x3163, 0x31a4, 0x5267, 0x5288, 0x5268, 0x6b0a, 0x7bac, 0x8c4d, 0x62e8,
    0x5268, 0x738c, 0x7c30, 0xbe7a, 0xadd7, 0x7c50, 0x9d54, 0xadb7, 0x94d3, 0xbe59, 0x9534, 0x73ce,
    0x9d12, 0x8cb1, 0x844f, 0x7bee, 0x8c91, 0x842f, 0x8c90, 0x5b2b, 0x4aea, 0x52ea, 0x632b, 0x9490,
    0x9d13, 0xa554, 0xadb6, 0x9d33, 0x9d34, 0xcebb, 0xcedc, 0xcefd, 0xd73d, 0xcf3d, 0xc69b, 0x634c,
    0x6b4b, 0x8c8f, 0x52c9, 0x73cc, 0x9d10, 0xad72, 0x632a, 0x8491, 0xc6bc, 0x9d55, 0x52c9, 0x4266,
    0x3a24, 0x4245, 0x5b2b, 0x9514, 0x94f2, 0xadd7, 0xa595, 0x8c8f, 0xad95, 0xc6bc, 0xdf5e, 0xbe18,
    0xa596, 0xcefd, 0xbebd, 0xb67b, 0xd71d, 0xd73e, 0xd75e, 0xcefd, 0x8d17, 0x6435, 0x6c55, 0x9599,
    0xcefe, 0xd73e, 0xd73e, 0xc6bc, 0xbe9b, 0xd73e, 0xd71e, 0xd71e, 0xd71e, 0xd71e, 0xcf1e, 0xcf1e,
    0xd71e, 0xd71e, 0xd71e, 0xd71e, 0xd71e, 0xd71e, 0xd71e, 0xd71e, 0xd71e, 0xd71e, 0xd73e, 0xdf7f,
    0xdf5e, 0xd71e, 0xd71e, 0xd71e, 0xd71e, 0xd71e, 0xd71e, 0xd71e, 0xcefe, 0xcefd, 0xcefd, 0xc6fd,
    0xc6fe, 0xc6fe, 0xcefe, 0xcefe, 0xcefe, 0xcefe, 0xcefe, 0xcefe, 0xcefe, 0xcefe, 0xc6fe, 0xcefe,
    0xcefe, 0xcefe, 0xcefe, 0xcefe, 0xcefe, 0xcefd, 0xd71e, 0xdf5e, 0xefbf, 0xefdf, 0xe79f, 0xcf3d,
    0xae9b, 0xaebc, 0xa6bc, 0xaebc, 0xc73d, 0xd75e, 0xcf7e, 0xcf7e, 0xc73d, 0xb6dc, 0xa65b, 0x9e3a,
    0x8dd9, 0x85d8, 0x965b, 0x9e19, 0x8d35, 0x8d14, 0x8cf4, 0x8472, 0x8430, 0x8c51, 0x94b2, 0x8c93,
    0x8cb4, 0x8cb4, 0x94f6, 0xc6bc, 0xc69b, 0x9d13, 0xad73, 0xc6fb, 0xbefd, 0x9d96, 0x8470, 0x8cd1,
    0x7bee, 0x6b0a, 0x6309, 0x4a87, 0x3a25, 0x4a87, 0x4226, 0x9ccf, 0x94f0, 0x5aea, 0x632a, 0x8c4f,
    0x6b6b, 0x8cb2, 0xcf1d, 0xb639, 0xc6bb, 0xd71d, 0xd6fd, 0xcedc, 0xc6bb, 0xc6bb, 0xc6bb, 0xc6bb,
    0xc6bb, 0xc6bb, 0xc6bc, 0xc6bc, 0xc6bc, 0xc6bb, 0xc6bb, 0xc6bb, 0xc6bb, 0xc6bc, 0xc6bc, 0xc6bb,
    0xc6bc, 0xc6bc, 0xc6bb, 0xc6bc, 0xcefc, 0xd71d, 0xcefd, 0xb63a, 0xc6bb, 0xbe7a, 0x6b8d, 0x6b6c,
    0x4a47, 0x39e5, 0x738b, 0x7bac, 0x736b, 0x5267, 0x4a47, 0x41e6, 0x31a5, 0x41e6, 0x41e6, 0x41e6,
    0x3163, 0x2964, 0x3163, 0x2983, 0x4247, 0x5ac9, 0x5268, 0x5aa9, 0x736b, 0x83cc, 0x946e, 0x6329,
    0x5288, 0x734b, 0x7c0f, 0xb65a, 0x9d56, 0xadb6, 0xb618, 0xa596, 0xb618, 0x9d34, 0x73ce, 0x6bad,
    0x8cf2, 0x8cb1, 0x8450, 0x7bee, 0x8450, 0x7bee, 0x8450, 0x5b0b, 0x4aea, 0x52ea, 0x634b, 0x8c90,
    0x9d12, 0xa595, 0xa596, 0xcebb, 0xc6bb, 0xcedc, 0xbe7a, 0xcf1d, 0xd71d, 0xd73d, 0xc69b, 0x634c,
    0x734b, 0x8c90, 0x52a8, 0x73ab, 0x9cef, 0xad52, 0x632a, 0x94f3, 0xe75d, 0xad96, 0x5aa9, 0x4a66,
    0x3a44, 0x4265, 0x636b, 0x9513, 0xa554, 0xb619, 0xc69a, 0x9513, 0x9513, 0xa5d8, 0xc6dc, 0xb5f8,
    0xb5d7, 0xdf7e, 0xdf7f, 0xdf5e, 0xe79e, 0xefbf, 0xefbf, 0xefbf, 0xae19, 0x6c55, 0x7cf7, 0xcefd,
    0xe77f, 0xe79f, 0xe79f, 0xcf1d, 0xc6dd, 0xe79f, 0xe79f, 0xe77f, 0xe77f, 0xe79f, 0xe79f, 0xdf9f,
    0xe79f, 0xe77f, 0xe77f, 0xe79f, 0xe77f, 0xe77f, 0xe77f, 0xe79f, 0xe79f, 0xe79f, 0xe77f, 0xe77f,
    0xe77f, 0xe77f, 0xe79f, 0xe79f, 0xe79f, 0xe79f, 0xe79f, 0xe79f, 0xdf5e, 0xd75e, 0xd73e, 0xd73e,
    0xcefd, 0xcefe, 0xcefd, 0xcf1e, 0xcefd, 0xcf1e, 0xd73e, 0xd73e, 0xd73e, 0xcf1e, 0xcefd, 0xcefe,
    0xcefe, 0xcefe, 0xcefe, 0xcf1e, 0xdf5e, 0xdf5e, 0xe79f, 0xefbf, 0xefdf, 0xefdf, 0xefdf, 0xefbf,
    0xe79e, 0xc6fd, 0xa69b, 0x9ebc, 0xa6dc, 0xaefc, 0xb6fd, 0xc71d, 0xcf7e, 0xdf9e, 0xd77e, 0xd77e,
    0xcf5e, 0xaedc, 0x8df9, 0x7db9, 0x85b8, 0x8df9, 0x9619, 0x8db8, 0x9597, 0x8cf4, 0x94b2, 0x9cd2,
    0x9491, 0x8450, 0x8451, 0xa597, 0x94f4, 0xa532, 0xc656, 0xc6fc, 0xae7b, 0x8cf3, 0x8cd2, 0x9d76,
    0x7430, 0x634c, 0x5aea, 0x4246, 0x3a04, 0x4aa7, 0x4226, 0x94cf, 0x94f0, 0x5ae9, 0x632a, 0x8c4f,
    0x6b4b, 0x8492, 0xd73d, 0xc6bb, 0xb63a, 0xd6fc, 0xd71d, 0xd6fc, 0xcedc, 0xc6bb, 0xc6bb, 0xc6bb,
    0xc6bb, 0xc6bb, 0xc6bc, 0xc6bb, 0xc6bb, 0xc6bb, 0xc6bb, 0xc6bb, 0xc6bb, 0xc6bb, 0xc6bc, 0xc6bb,
    0xc6bc, 0xc6bc, 0xcebc, 0xcedc, 0xd6fd, 0xd71d, 0xcedc, 0xb619, 0xd75e, 0xb63a, 0x6b8d, 0x6b4b,
    0x4a47, 0x39e5, 0x738b, 0x7bac, 0x736b, 0x5267, 0x4a47, 0x39e6, 0x31a5, 0x41e6, 0x41e6, 0x39c5,
    0x2942, 0x2942, 0x2962, 0x39e5, 0xa554, 0xa513, 0x5288, 0x62e9, 0x7bac, 0x83cd, 0x8c4e, 0x6309,
    0x630a, 0x736b, 0x7c0f, 0xbe9b, 0xb63a, 0xbe59, 0xbe5a, 0xc6db, 0xb618, 0x73ef, 0x6b8d, 0x740f,
    0x9513, 0x8471, 0x842f, 0x7c0e, 0x7c0e, 0x73ce, 0x73ee, 0x6b6c, 0x636c, 0x6b8d, 0x6bad, 0x7c2e,
    0x8450, 0xa595, 0x9d34, 0xc67a, 0xdf3d, 0xbe39, 0xbe7a, 0xc6bc, 0xb618, 0xcf1c, 0xc6bb, 0x6b6c,
    0x736b, 0x8c8f, 0x5287, 0x738b, 0x9cef, 0xad72, 0x632a, 0x9d13, 0xe77e, 0xadb6, 0x5aa9, 0x4a66,
    0x4a66, 0x4aa5, 0x6348, 0x740c, 0x7c4e, 0x8492, 0xa596, 0x9d55, 0x8cd2, 0x84b3, 0x8d36, 0xa5b7,
    0xb5f7, 0xefbe, 0xefbf, 0xefbf, 0xefbf, 0xefbf, 0xefbf, 0xf7df, 0xc69c, 0x7475, 0x9558, 0xe77e,
    0xefbf, 0xefdf, 0xefbf, 0xd73e, 0xcefd, 0xe79f, 0xe79f, 0xe79f, 0xe79f, 0xe79f, 0xe79f, 0xe79f,
    0xe79f, 0xefbf, 0xefbf, 0xefbf, 0xefbf, 0xefbf, 0xefbf, 0xefbf, 0xefbf, 0xefbf, 0xe79f, 0xe79f,
    0xe79f, 0xefbf, 0xefbf, 0xefbf, 0xefbf, 0xefbf, 0xefbf, 0xefbf, 0xe79f, 0xe79f, 0xe79f, 0xe79f,
    0xe77e, 0xdf7e, 0xdf7e, 0xdf7e, 0xdf7e, 0xdf7e, 0xe79f, 0xe79f, 0xe79f, 0xdf7e, 0xdf7e, 0xdf7e,
    0xdf7e, 0xdf7e, 0xdf7e, 0xe79f, 0xe7bf, 0xe79f, 0xefbf, 0xefdf, 0xefdf, 0xefdf, 0xefdf, 0xefdf,
    0xefbf, 0xe79f, 0xd77e, 0xb6bc, 0xa69b, 0xa6bc, 0xa6bb, 0xaedc, 0xbf3d, 0xc75e, 0xcf7e, 0xcf5e,
    0xbf3d, 0xbf5d, 0xbf3d, 0xaedc, 0x9e5a, 0x85d8, 0x7d98, 0x7db8, 0x85d9, 0x9619, 0x8d56, 0x8cd3,
    0x9491, 0x9490, 0x9491, 0x9492, 0x840f, 0xad53, 0xcf1b, 0xcf1e, 0xae7b, 0x9dd8, 0x9df9, 0x9e1a,
    0x9597, 0x9576, 0x7c71, 0x5b09, 0x4265, 0x4286, 0x4225, 0x9ccf, 0x94f0, 0x5ae9, 0x630a, 0x8c4e,
    0x6b8d, 0x8d15, 0xd73d, 0xcefc, 0xae19, 0xcefc, 0xd6fd, 0xd71d, 0xd6fd, 0xcedc, 0xc6bb, 0xc6bb,
    0xc6bb, 0xc6bb, 0xc6bb, 0xc6bb, 0xc6dc, 0xc6bb, 0xc6bb, 0xc6bb, 0xc6bb, 0xc6bb, 0xc6bb, 0xc6bb,
    0xcefc, 0xcefc, 0xcefc, 0xd71d, 0xd71d, 0xd71d, 0xbe9b, 0xb65a, 0xdf5e, 0xae19, 0x6b8d, 0x738c,
    0x4a47, 0x39c5, 0x736b, 0x7bac, 0x736b, 0x5268, 0x4a47, 0x39e6, 0x3184, 0x39c5, 0x39c5, 0x2943,
    0x31c3, 0x31a3, 0x2983, 0x31c5, 0x8c91, 0x8450, 0x4a68, 0x5ac9, 0x7b8c, 0x736b, 0x5ac8, 0x4226,
    0x632a, 0x736b, 0x7c0f, 0xc6bc, 0xbe7b, 0xadf8, 0xa5d8, 0xc6bb, 0x9d55, 0x8491, 0x8c91, 0xadb6,
    0xc69a, 0xb618, 0xad74, 0xad73, 0xa573, 0xa554, 0xa533, 0x9cf2, 0x9cf2, 0x9cf2, 0x9cf2, 0x9d33,
    0xa594, 0xa596, 0xbe39, 0xc67a, 0xbe58, 0xbe38, 0xc6bb, 0xd71d, 0xd71c, 0xd73e, 0xc69b, 0x6b6c,
    0x736b, 0x8c8e, 0x5287, 0x738b, 0x9cef, 0xad72, 0x632a, 0x9d13, 0xdf3c, 0x94d2, 0x5ac9, 0x4a67,
    0x5288, 0x4aa7, 0x52a6, 0x52e7, 0x52e8, 0x52e9, 0x634b, 0x6b8c, 0x638c, 0x73ee, 0x8d15, 0xa5d8,
    0xa575, 0xdf3c, 0xefdf, 0xf7bf, 0xf7bf, 0xefdf, 0xefdf, 0xefbf, 0xae1a, 0x74b5, 0xb65a, 0xefbf,
    0xefdf, 0xefdf, 0xefdf, 0xe7bf, 0xe77e, 0xefbf, 0xefbf, 0xefbf, 0xefdf, 0xefdf, 0xefdf, 0xefdf,
    0xefdf, 0xefdf, 0xf7df, 0xefdf, 0xf7df, 0xefdf, 0xefdf, 0xefdf, 0xf7df, 0xefdf, 0xefdf, 0xefdf,
    0xefdf, 0xefdf, 0xf7df, 0xefdf, 0xf7df, 0xf7bf, 0xefbf, 0xefbf, 0xefdf, 0xefbf, 0xefdf, 0xefbf,
    0xefbf, 0xefbf, 0xefbf, 0xefdf, 0xefdf, 0xef9f, 0xef9f, 0xe79f, 0xe79f, 0xefbf, 0xefbf, 0xefdf,
    0xefdf, 0xefdf, 0xefdf, 0xefdf, 0xefdf, 0xefdf, 0xefdf, 0xefdf, 0xefdf, 0xefdf, 0xefdf, 0xefdf,
    0xefdf, 0xefbf, 0xefbf, 0xdf9e, 0xcf1d, 0xb6dc, 0xb71c, 0xaefc, 0xaedc, 0xaedc, 0xbf1d, 0xbf3d,
    0xb73d, 0xb73d, 0xb6fc, 0xbf3d, 0xcf5e, 0xc73e, 0xb71d, 0x9e9b, 0x8e1a, 0x7db8, 0x7db8, 0x8597,
    0x8d35, 0x8cb2, 0x9cd1, 0xa512, 0x8c2e, 0xad94, 0xd73c, 0xc71d, 0xae3a, 0x9db7, 0xa5d7, 0x9d96,
    0x9535, 0x9514, 0x844f, 0x6b4a, 0x4a86, 0x3a24, 0x4225, 0x9ccf, 0x94d0, 0x5ae9, 0x5ae9, 0x8c4e,
    0x73ce, 0xa5f9, 0xd73e, 0xdf7e, 0xb65a, 0xc6bb, 0xd71d, 0xd71d, 0xd6fd, 0xd71d, 0xcedc, 0xcedc,
    0xc6bb, 0xc6bb, 0xc69b, 0xc6bc, 0xc6dc, 0xc6bb, 0xc6bb, 0xc6bc, 0xc6bb, 0xc6bb, 0xc6dc, 0xcedc,
    0xd6fc, 0xd6fc, 0xd6fc, 0xd6fc, 0xd6fd, 0xcefc, 0xb639, 0xd71d, 0xd73e, 0xae19, 0x6b8d, 0x6b6c,
    0x4a47, 0x3183, 0x41e5, 0x62e9, 0x736b, 0x5267, 0x39c5, 0x2963, 0x2122, 0x2122, 0x2142, 0x2122,
    0x4a47, 0x4a47, 0x4226, 0x39c5, 0x3a06, 0x39e5, 0x31c5, 0x4206, 0x5ac8, 0x5aa8, 0x52a8, 0x4226,
    0x52a8, 0x6b4b, 0x7c0f, 0xbebb, 0xb67b, 0xadf8, 0xa5b7, 0x9d55, 0x9514, 0xadb7, 0xa5b6, 0xbe59,
    0xb618, 0xb638, 0xa554, 0xa594, 0xa554, 0xa595, 0x94f3, 0x94f2, 0x9cf2, 0xa533, 0xa553, 0xadd6,
    0xb617, 0xadd6, 0xc679, 0xb618, 0xbe38, 0xadd7, 0xb638, 0xcefc, 0xcf1c, 0xd71e, 0xc69b, 0x6b6c,
    0x736b, 0x842d, 0x4a67, 0x738b, 0x9ccf, 0xad71, 0x632a, 0x9d13, 0xd6db, 0x738d, 0x632a, 0x4a67,
    0x5aa8, 0x5ae9, 0x6329, 0x6329, 0x634a, 0x5ae8, 0x52c8, 0x5b29, 0x6bab, 0x8caf, 0xadd6, 0xb67b,
    0xc659, 0xb5d7, 0xef9e, 0xefbf, 0xefbf, 0xefbf, 0xefdf, 0xdf5e, 0x8d17, 0x84f6, 0xd73d, 0xf7df,
    0xefdf, 0xefdf, 0xefdf, 0xefdf, 0xefdf, 0xefdf, 0xefdf, 0xefdf, 0xefdf, 0xf7df, 0xf7df, 0xf7df,
    0xf7df, 0xf7df, 0xf7df, 0xefdf, 0xefdf, 0xf7df, 0xf7df, 0xf7df, 0xf7df, 0xf7df, 0xf7df, 0xf7df,
    0xf7df, 0xefdf, 0xefdf, 0xefbf, 0xefbf, 0xefdf, 0xefdf, 0xefdf, 0xefdf, 0xefdf, 0xefbf, 0xefbf,
    0xefbf, 0xefbf, 0xf7df, 0xefbf, 0xefbf, 0xefdf, 0xefbf, 0xefbf, 0xefbf, 0xefbf, 0xefdf, 0xefdf,
    0xefdf, 0xefdf, 0xefdf, 0xf7df, 0xefdf, 0xe79f, 0xe7bf, 0xefbf, 0xefdf, 0xefdf, 0xefdf, 0xefdf,
    0xefbf, 0xefbf, 0xefbf, 0xefbf, 0xefbf, 0xdf9e, 0xd75d, 0xbf1d, 0xb71d, 0xaedc, 0xa6bc, 0xa69b,
    0xbefd, 0xbf3d, 0xa6dc, 0xa6dc, 0xaefc, 0xbf1d, 0xcf5e, 0xcf7e, 0xb73d, 0xa6bc, 0x85f9, 0x7557,
    0x7d98, 0x95d8, 0x8d13, 0x8c50, 0x94b1, 0xbe79, 0xc6fc, 0xae39, 0x8cd3, 0x6bcd, 0x6b8d, 0x6b8c,
    0x6b8c, 0x6b8c, 0x632a, 0x5ac8, 0x52c7, 0x4285, 0x4225, 0x9ccf, 0x94d0, 0x52e9, 0x6309, 0x8c4e,
    0x73ef, 0xae1a, 0xd73e, 0xe79f, 0xc6bc, 0xae1a, 0xcedc, 0xcefc, 0xd6fd, 0xd71d, 0xd71d, 0xcf1c,
    0xcefc, 0xc6bb, 0xc6bb, 0xc6bb, 0xc6dc, 0xcedc, 0xc6bc, 0xcedc, 0xcefd, 0xcefc, 0xd6fc, 0xd6fc,
    0xd6fd, 0xd6fc, 0xd6fc, 0xd6fd, 0xd6fc, 0xbe9b, 0xbe7b, 0xdf7e, 0xc6fd, 0x9dd9, 0x6b8d, 0x632b,
    0x4a47, 0x2942, 0x2942, 0x31a4, 0x39e5, 0x3184, 0x31a4, 0x39e6, 0x39c5, 0x39e5, 0x4226, 0x4a46,
    0x4a27, 0x4207, 0x4a47, 0x4a67, 0x4a47, 0x4a67, 0x4a67, 0x5aa8, 0x7bac, 0x83ed, 0x948e, 0x6329,
    0x5288, 0x6b4b, 0x7c30, 0xbebc, 0xbebb, 0xae19, 0x9535, 0x8cf3, 0xadd7, 0xbe7a, 0xb618, 0xb638,
    0xa5b6, 0xadf7, 0xa595, 0xa594, 0x9d33, 0x9d74, 0xadd7, 0xadd5, 0xa574, 0xa595, 0xadb6, 0xb618,
    0xbe79, 0xb618, 0xb639, 0xadf8, 0xb639, 0xb639, 0xb639, 0xcedc, 0xc6dc, 0xc6fd, 0xc69b, 0x6b6c,
    0x738c, 0x7bec, 0x4246, 0x73ab, 0x9cce, 0xad50, 0x6309, 0x9cf3, 0xd6db, 0x738d, 0x6309, 0x4a86,
    0x5287, 0x5ac8, 0x630a, 0x5ae9, 0x52c8, 0x52c8, 0x52c8, 0x5b29, 0x6bcb, 0x9d30, 0xadd5, 0xc6dc,
    0xcedb, 0xa555, 0xe77e, 0xefbf, 0xefbf, 0xefbf, 0xefbf, 0xc6dc, 0x7cd6, 0x9db9, 0xe79e, 0xf7df,
    0xf7df, 0xefdf, 0xefdf, 0xefdf, 0xefdf, 0xf7df, 0xf7bf, 0xf7bf, 0xf7bf, 0xf7bf, 0xf7bf, 0xf7df,
    0xf7df, 0xefdf, 0xefdf, 0xefdf, 0xf7df, 0xefdf, 0xf7df, 0xf7df, 0xf7df, 0xf7df, 0xefbf, 0xefbf,
    0xefbf, 0xefdf, 0xefdf, 0xef9f, 0xe79f, 0xe79f, 0xefbf, 0xefbf, 0xefbf, 0xe79f, 0xe79f, 0xe79f,
    0xe79f, 0xe79f, 0xefbf, 0xefbf, 0xefbf, 0xefbf, 0xefbf, 0xefbf, 0xefbf, 0xefbf, 0xefbf, 0xefbf,
    0xe79f, 0xe79f, 0xefbf, 0xefbf, 0xe7bf, 0xe79f, 0xe79f, 0xefbf, 0xefbf, 0xefbf, 0xe79f, 0xe77e,
    0xe79e, 0xefbf, 0xefbf, 0xefbf, 0xefbf, 0xefdf, 0xefbf, 0xd77e, 0xbefc, 0xbf3d, 0xbf3d, 0xbf1d,
    0xcf5e, 0xcf5e, 0xbf5e, 0xbf5e, 0xbf3d, 0xb71c, 0xb6fc, 0xc73d, 0xc73e, 0xb71d, 0xaefc, 0x967b,
    0x7db8, 0x7598, 0x9619, 0x8d14, 0x9d33, 0xcefc, 0xc6fd, 0x9576, 0x6bad, 0x632a, 0x632b, 0x636c,
    0x632a, 0x5ae9, 0x5b09, 0x5ac7, 0x52c6, 0x4284, 0x3a05, 0x9ccf, 0x94d0, 0x52c9, 0x630a, 0x8c6f,
    0x7c0f, 0xae3a, 0xd73e, 0xe79f, 0xdf5e, 0xb63a, 0xa5f9, 0xc6bc, 0xcedc, 0xd71d, 0xd71d, 0xd71d,
    0xd71d, 0xcedc, 0xc6bc, 0xcedc, 0xcefc, 0xd6fd, 0xcedc, 0xd6fd, 0xd71d, 0xd71d, 0xd6fd, 0xd6fd,
    0xd6fd, 0xd6fc, 0xd6fd, 0xcefc, 0xc6bc, 0xb619, 0xd6fd, 0xe7bf, 0xc6dd, 0x9db9, 0x6bad, 0x6b6b,
    0x5268, 0x2963, 0x4226, 0x5ae9, 0x4a88, 0x31a5, 0x4a27, 0x4a47, 0x4a27, 0x4226, 0x39e5, 0x31a4,
    0x31a4, 0x2943, 0x39e5, 0x4206, 0x5248, 0x5248, 0x5248, 0x5ac9, 0x7bac, 0x7bcc, 0x946e, 0x6b4a,
    0x5ae9, 0x734b, 0x8450, 0xbebb, 0xbedc, 0xbebc, 0xa5b8, 0x84b2, 0x9514, 0xa596, 0x8cf3, 0xadf7,
    0x9d34, 0x9d13, 0x9d33, 0x9d12, 0x8c91, 0x8c90, 0x8cd3, 0xa575, 0xb638, 0xcedc, 0xcefc, 0xcefc,
    0xc69b, 0xbe7a, 0xbe7a, 0xbe59, 0x9d76, 0xadb6, 0xadf8, 0xc6bc, 0xcefd, 0xcf1e, 0xc69b, 0x6b6c,
    0x7bac, 0x73ac, 0x4206, 0x73ab, 0x94ce, 0xa550, 0x5ae9, 0x94f2, 0xd6ba, 0x738c, 0x5ae8, 0x4a86,
    0x4a87, 0x5b09, 0x6b4b, 0x6b4b, 0x7c0d, 0x6b6b, 0x52a8, 0x636a, 0x6baa, 0xa530, 0xadb4, 0xbe9b,
    0xcebc, 0xa555, 0xe75d, 0xe77f, 0xe77f, 0xe77f, 0xe77f, 0xa5d9, 0x6c55, 0xa5d9, 0xe79e, 0xefdf,
    0xefbf, 0xefbf, 0xf7df, 0xf7bf, 0xf7bf, 0xefdf, 0xefdf, 0xefdf, 0xefdf, 0xefbf, 0xefbf, 0xefdf,
    0xefdf, 0xefdf, 0xefdf, 0xefdf, 0xefbf, 0xefbf, 0xe7bf, 0xef9f, 0xe79f, 0xe7bf, 0xefbf, 0xefbf,
    0xefbf, 0xefbf, 0xe79f, 0xe79f, 0xe77f, 0xe77f, 0xe77f, 0xe77f, 0xe77f, 0xe77f, 0xe77f, 0xe77f,
    0xe77e, 0xe77e, 0xe77f, 0xe79f, 0xe77e, 0xe77e, 0xe79f, 0xefbf, 0xe7bf, 0xe79f, 0xe79f, 0xe77f,
    0xe77f, 0xe77e, 0xe77e, 0xe77e, 0xe77e, 0xe77e, 0xe77f, 0xe77e, 0xe77e, 0xe77e, 0xe77e, 0xe77f,
    0xdf7e, 0xdf7e, 0xdf7e, 0xdf5e, 0xdf7e, 0xdf9e, 0xe79f, 0xd75e, 0xae7b, 0xbf1d, 0xc75d, 0xbf1d,
    0xbf1d, 0xb71d, 0xbf3d, 0xcf7e, 0xc75e, 0xbf5e, 0xbf5e, 0xb6fd, 0xaedc, 0xbf1d, 0xc75e, 0xb71d,
    0x9e9b, 0x7d98, 0x7598, 0x8597, 0xa554, 0xdf7e, 0xd73e, 0xadd7, 0x842e, 0x6b8c, 0x8491, 0x9db8,
    0x8c92, 0x7bcd, 0x73cc, 0x5ae8, 0x52c6, 0x3a64, 0x39e4, 0x9ccf, 0x94f0, 0x5ae9, 0x630a, 0x8c6f,
    0x7c10, 0xae3a, 0xd73e, 0xe79f, 0xe79f, 0xd73d, 0xadf9, 0xa5f9, 0xb63a, 0xbe9b, 0xbe9b, 0xc6dc,
    0xcedc, 0xcedc, 0xcefc, 0xd6fc, 0xd6fc, 0xd6fc, 0xd6fd, 0xcedc, 0xcedc, 0xcedc, 0xcefd, 0xcedc,
    0xc6bc, 0xc6bc, 0xbebb, 0xbe9b, 0xae19, 0xc6dc, 0xe79f, 0xe79f, 0xc6dd, 0x9db9, 0x6b8d, 0x73ac,
    0x5aa9, 0x5ac9, 0x7bed, 0x7c0e, 0x6b6c, 0x4206, 0x4a47, 0x4a27, 0x4a27, 0x4a27, 0x3184, 0x2102,
    0x2122, 0x2122, 0x2943, 0x2943, 0x4a27, 0x5248, 0x5268, 0x5aa9, 0x7bac, 0x7bcc, 0x946e, 0x6b6a,
    0x6b4b, 0x738c, 0x8450, 0xbe9b, 0xc6dd, 0xc6fd, 0xc6bc, 0xae19, 0xa596, 0x9d76, 0xa5d7, 0xb639,
    0x94f3, 0x9d54, 0xb5f7, 0x9514, 0x94f3, 0x8cb1, 0x8cb3, 0x9d76, 0xb65a, 0xc6dc, 0xc69b, 0xc69b,
    0xb639, 0xb659, 0xc6bb, 0xbe7a, 0xadf8, 0x9d97, 0xb63a, 0xc6bc, 0xd73e, 0xd73e, 0xc69b, 0x6b6c,
    0x7bac, 0x7bcc, 0x4226, 0x73ab, 0x94ee, 0xa551, 0x5ae9, 0x94b2, 0xb5d7, 0x6b4b, 0x52c7, 0x4a66,
    0x6b6b, 0xb5b5, 0xad74, 0x8c6e, 0x9cf0, 0x83ed, 0x632a, 0x7bcc, 0x73cb, 0x9d0f, 0xad92, 0xbe58,
    0xcedb, 0xa555, 0xdf3d, 0xe77f, 0xe77f, 0xe77f, 0xe79f, 0xa5b9, 0x7475, 0xa5da, 0xdf5e, 0xe7bf,
    0xe79f, 0xe79f, 0xefbf, 0xefbf, 0xefbf, 0xefbf, 0xefbf, 0xe79f, 0xe79f, 0xe79f, 0xe79f, 0xe79f,
    0xe79f, 0xe79f, 0xe79f, 0xe79f, 0xe79f, 0xe79f, 0xe79f, 0xe79f, 0xe79f, 0xe79f, 0xefbf, 0xefbf,
    0xf7bf, 0xefbf, 0xefbf, 0xefbf, 0xe79f, 0xe77e, 0xe77e, 0xe77f, 0xe77f, 0xe77f, 0xe77f, 0xe77f,
    0xe77f, 0xe77f, 0xe79f, 0xefbf, 0xefbf, 0xefbf, 0xe79f, 0xe77f, 0xe77e, 0xe77e, 0xe77e, 0xe77e,
    0xe79f, 0xe77f, 0xe77f, 0xe77e, 0xe77e, 0xe77f, 0xe77f, 0xdf7e, 0xdf5e, 0xdf7e, 0xe77e, 0xdf5e,
    0xd71e, 0xd73e, 0xdf5e, 0xcf1d, 0xbedd, 0xb67b, 0xadf8, 0x9d15, 0x8d56, 0xaedc, 0xb71c, 0xb6fc,
    0xbf1d, 0xaefc, 0xaefc, 0xcf7e, 0xcf9f, 0xc77e, 0xbf5e, 0xbf5d, 0xaefc, 0x9e5b, 0xb6fc, 0xc75d,
    0xb6fd, 0x9e7b, 0x7557, 0x64b4, 0x9d34, 0xdf5d, 0xd73e, 0xb617, 0x94d1, 0x8cb2, 0xae3b, 0xae7c,
    0xae3a, 0x8cd3, 0x6b4b, 0x5ac8, 0x52a6, 0x3a64, 0x39e4, 0x9ccf, 0x94f0, 0x52e9, 0x5ae9, 0x8c6e,
    0x7c10, 0xae1a, 0xd73e, 0xe77e, 0xe79f, 0xe79f, 0xdf5e, 0xd73d, 0xbe9b, 0xae19, 0xae19, 0xae3a,
    0xb63a, 0xb65a, 0xb63a, 0xc69b, 0xcedc, 0xc6bb, 0xbe5a, 0xb65a, 0xb63a, 0xb63a, 0xa5d9, 0xa5d9,
    0xae3a, 0xb63a, 0xb65a, 0xae3a, 0xcedc, 0xdf9f, 0xe79f, 0xdf5e, 0xb67c, 0x9dd9, 0x6b8d, 0x73ad,
    0x5aa9, 0x6b8b, 0x8c6e, 0x6b6b, 0x6b4b, 0x39e6, 0x4a47, 0x4a27, 0x4a27, 0x41e6, 0x2943, 0x2122,
    0x2122, 0x2923, 0x39c5, 0x3184, 0x4206, 0x5248, 0x5268, 0x5ac9, 0x7bac, 0x7bcc, 0x946e, 0x6b6a,
    0x6b4b, 0x738c, 0x8450, 0xbebb, 0xbe9c, 0xbebc, 0xc6fd, 0xbebc, 0xa5d8, 0x9d97, 0xb63a, 0xc6db,
    0xb639, 0xb65a, 0xbe7b, 0xbe59, 0x9d55, 0x9d55, 0xb639, 0x9d77, 0xb65a, 0xcefc, 0xcedc, 0xbe9b,
    0xb65a, 0xbe9b, 0xbe9b, 0xc6bc, 0xc6dc, 0xbe9b, 0xbe9c, 0xc6dc, 0xd75e, 0xd71d, 0xbe59, 0x6b4c,
    0x7bac, 0x7bcc, 0x4226, 0x73cb, 0x94ce, 0xa531, 0x5ae9, 0x94b1, 0x8430, 0x5ae9, 0x4a66, 0x4a66,
    0x73cc, 0xb5b6, 0x9d33, 0x7c0d, 0x9cf0, 0x94af, 0x842e, 0x840d, 0x7bec, 0x9d0f, 0xad71, 0xbe37,
    0xcedc, 0xa596, 0xc67a, 0xe77e, 0xe77f, 0xdf7e, 0xbe9b, 0x84f6, 0x7cb5, 0xbe7b, 0xe77f, 0xe79f,
    0xe79f, 0xe79f, 0xe79f, 0xe77f, 0xe77e, 0xe77e, 0xe77f, 0xe77f, 0xe77f, 0xe79f, 0xe79f, 0xe77f,
    0xe79f, 0xe79f, 0xe77f, 0xe79f, 0xe77f, 0xe79f, 0xefbf, 0xefbf, 0xefbf, 0xefbf, 0xefbf, 0xefbf,
    0xefbf, 0xefbf, 0xefdf, 0xefbf, 0xefbf, 0xe7bf, 0xe79f, 0xe79f, 0xe79f, 0xe79f, 0xe79f, 0xe77f,
    0xe79f, 0xe79f, 0xe79f, 0xe79f, 0xefbf, 0xefbf, 0xe79e, 0xdf7e, 0xdf7e, 0xe77e, 0xe77e, 0xdf7e,
    0xdf5e, 0xe77e, 0xe77e, 0xdf5e, 0xdf5e, 0xd73e, 0xd73e, 0xcf1d, 0xcedd, 0xd71e, 0xd71e, 0xcefd,
    0xcedd, 0xcefd, 0xc6dc, 0xae19, 0xa597, 0x8cd4, 0x8c51, 0x8c51, 0x84d4, 0xa69b, 0xbf3d, 0xbf1d,
    0xaebc, 0xaefc, 0xaedc, 0xbf1d, 0xd79f, 0xcf7f, 0xc75e, 0xbf5e, 0xbf5e, 0xaefc, 0x965a, 0xbf1d,
    0xbf3d, 0xaedc, 0x8df9, 0x6c52, 0x9d55, 0xc6fc, 0xaebb, 0xadb6, 0x94b1, 0x9d97, 0xae7d, 0xae7d,
    0xae7d, 0xa61a, 0x84b3, 0x632b, 0x52a7, 0x3a45, 0x39e4, 0x9cef, 0x9cf0, 0x5ae9, 0x632a, 0x946f,
    0x7c10, 0xa61a, 0xbebd, 0xc6fd, 0xd75e, 0xd75e, 0xd75e, 0xd73e, 0xcf1d, 0xd73e, 0xdf7e, 0xdf5e,
    0xdf7e, 0xe77e, 0xc6bc, 0xadf9, 0xae19, 0xbe7a, 0xc6bb, 0xd73e, 0xdf7e, 0xdf5e, 0xc6bb, 0xc69b,
    0xdf5e, 0xdf7e, 0xdf7f, 0xdf7e, 0xe79f, 0xe79f, 0xe79e, 0xd73e, 0xae5c, 0x9dd9, 0x6b8d, 0x7bad,
    0x52a9, 0x6b6b, 0x8c4e, 0x6b6b, 0x6b4b, 0x39e6, 0x4a47, 0x4a47, 0x4a27, 0x31a4, 0x2122, 0x2122,
    0x2122, 0x2122, 0x39c5, 0x39c5, 0x4206, 0x5247, 0x5248, 0x5ac9, 0x7bac, 0x7bcc, 0x946e, 0x6b6a,
    0x734b, 0x736c, 0x8430, 0xbebb, 0xc6bc, 0xbe9b, 0xc6dd, 0xbedd, 0xb67b, 0xae3a, 0xae5a, 0xbebc,
    0xb67b, 0xbe9b, 0xbe9b, 0xa5b6, 0x8d14, 0xa5f8, 0xae3a, 0x9556, 0xbe9b, 0xcefc, 0xb65a, 0xae39,
    0xbe9b, 0xc6dc, 0xc69b, 0xbe39, 0xbe5a, 0xbe5a, 0xb65a, 0xbe5a, 0xbe7a, 0xa596, 0x7c2f, 0x6b4a,
    0x840d, 0x7bec, 0x4226, 0x73ab, 0x9cce, 0xad51, 0x6309, 0x8c91, 0x7bee, 0x52a8, 0x4246, 0x4a66,
    0x5ae8, 0x9cf1, 0x6b8b, 0x6329, 0x8c6f, 0x9d32, 0x94d1, 0x7c0d, 0x844d, 0x8c8d, 0xa550, 0xb5f5,
    0xc6bb, 0xadf8, 0xa576, 0xe79e, 0xe79f, 0xdf5e, 0x9557, 0x6413, 0x7cd6, 0xbe9c, 0xe79f, 0xe79f,
    0xefbf, 0xefbf, 0xe79f, 0xe79f, 0xef9f, 0xe79f, 0xe77f, 0xe77e, 0xe77f, 0xe79f, 0xe79f, 0xe77e,
    0xe79f, 0xe79f, 0xe79f, 0xe77f, 0xe79f, 0xe79f, 0xe79f, 0xe79f, 0xe79f, 0xe79f, 0xe79f, 0xefbf,
    0xefbf, 0xefbf, 0xefbf, 0xefdf, 0xefdf, 0xefdf, 0xefbf, 0xefbf, 0xefbf, 0xefbf, 0xefbf, 0xefbf,
    0xefbf, 0xefbf, 0xef9f, 0xefbf, 0xefbf, 0xe77f, 0xdf7e, 0xdf5e, 0xd73e, 0xdf5e, 0xdf5e, 0xd73e,
    0xc6fd, 0xd73e, 0xdf5e, 0xd73e, 0xcf1e, 0xc6bc, 0xc6dd, 0xc6fd, 0xc6dd, 0xbe5b, 0xb63a, 0xbe5a,
    0xadb7, 0x94f4, 0x94d4, 0x8452, 0x8410, 0x8c50, 0x8c50, 0x8c30, 0x9576, 0xa6db, 0xcf7e, 0xbedc,
    0x9e5a, 0xb6fc, 0xbf1d, 0xc75e, 0xcf5e, 0xcf7e, 0xc75e, 0xbf5e, 0xc77e, 0xbf5e, 0x963a, 0xae9b,
    0xcf7e, 0xb6fd, 0xa67a, 0x7c92, 0xbe9a, 0xae9c, 0x9619, 0x8d13, 0x8491, 0x9dd9, 0xae7d, 0xae7c,
    0xae7c, 0xb65b, 0x9535, 0x634c, 0x5288, 0x3a25, 0x39e4, 0x9cef, 0x9cf0, 0x5b09, 0x632a, 0x948f,
    0x7c0f, 0xa5fa, 0xae3c, 0xa65c, 0xb69c, 0xb67c, 0xb69c, 0xae7c, 0xae5c, 0xbedd, 0xdf7f, 0xdf5e,
    0xdf7e, 0xe79f, 0xe77f, 0xcf1d, 0xcefc, 0xdf7e, 0xe79f, 0xe79f, 0xe79f, 0xe79f, 0xe79f, 0xe79f,
    0xe79f, 0xe79f, 0xe79f, 0xe79f, 0xe79f, 0xe79f, 0xe77f, 0xcf1d, 0xae5c, 0xa5d9, 0x6b8e, 0x7bac,
    0x5aa9, 0x6b6a, 0x844e, 0x6b6b, 0x6b4b, 0x39e6, 0x4a47, 0x4a27, 0x39e6, 0x2143, 0x2122, 0x2122,
    0x2122, 0x2122, 0x31a4, 0x39a5, 0x4206, 0x5247, 0x5247, 0x5ac9, 0x7bac, 0x7bcc, 0x8c4e, 0x6b4a,
    0x6b4b, 0x736c, 0x7c30, 0xc6bc, 0xcf1d, 0xcf1d, 0xc6dc, 0xc6fd, 0xc71d, 0xbedc, 0xbedc, 0xc6fd,
    0xc6fd, 0xc6fc, 0xadf8, 0xb618, 0xbe9b, 0xbe9b, 0xb69b, 0xae5a, 0xb67b, 0xbe7b, 0xadf8, 0xa5b6,
    0xb5f7, 0xb5f7, 0xa534, 0x7bee, 0x7bee, 0x7bee, 0x73cd, 0x73cd, 0x7bed, 0x73ac, 0x6b4a, 0x840d,
    0x944e, 0x7bed, 0x4226, 0x7bcb, 0xa4ef, 0xad51, 0x6309, 0x6b8c, 0x738c, 0x5ac9, 0x4246, 0x4246,
    0x4aa6, 0x5ae8, 0x5ae8, 0x632b, 0x73ce, 0x9534, 0x94f3, 0x7bed, 0x8c8d, 0x7c4c, 0x9d0f, 0xb593,
    0xb65a, 0xbe5b, 0xa555, 0xd6fc, 0xefbf, 0xd71d, 0x84f6, 0x6c54, 0x7cf7, 0xa5fa, 0xcefd, 0xef9f,
    0xefdf, 0xefdf, 0xefdf, 0xefbf, 0xefdf, 0xe79f, 0xe77e, 0xe77e, 0xe77f, 0xe79f, 0xe77e, 0xe77f,
    0xe77f, 0xdf7e, 0xe77e, 0xe77e, 0xe77f, 0xe77e, 0xe77e, 0xe77e, 0xdf7e, 0xdf5e, 0xdf7e, 0xe77f,
    0xdf7f, 0xdf7e, 0xe79f, 0xefbf, 0xefbf, 0xefbf, 0xefbf, 0xefbf, 0xefbf, 0xef9f, 0xe7bf, 0xe79e,
    0xdf5e, 0xdf5e, 0xe79f, 0xe79f, 0xdf5e, 0xcf1d, 0xd71e, 0xcf1e, 0xc6dd, 0xc6dd, 0xbedd, 0xbebd,
    0xbedd, 0xc6dd, 0xc6dd, 0xc6dc, 0xb63a, 0x9d56, 0xadd8, 0xadd8, 0xa597, 0x8432, 0x7bf0, 0x7c10,
    0x83f0, 0x840f, 0x8410, 0x840f, 0x8c50, 0x9470, 0x8c71, 0x8d35, 0xa65a, 0xbf3d, 0xd77e, 0xb6bb,
    0xa69b, 0xbf1d, 0xcf5e, 0xbf3d, 0xbf3e, 0xc75e, 0xbf3e, 0xb73d, 0xbf5e, 0xc75e, 0x9e7b, 0xa67b,
    0xd77e, 0xaefc, 0xa67a, 0x84d2, 0xc6bb, 0xae9c, 0x95f8, 0x8cd2, 0x9556, 0xa65c, 0xae5c, 0xae3b,
    0xa5b8, 0x8492, 0x634c, 0x52a8, 0x52a8, 0x3a05, 0x3a05, 0x9cf0, 0x9cf0, 0x5ae9, 0x6309, 0x8c4e,
    0x7bee, 0x8cf4, 0x9536, 0xa61b, 0xa63b, 0xa63b, 0xa63b, 0xa63c, 0xa65c, 0xae7c, 0xae7c, 0xb67c,
    0xb69c, 0xbebd, 0xbebd, 0xc6bd, 0xd73e, 0xd73e, 0xd75e, 0xe77f, 0xe79f, 0xe79f, 0xdf7f, 0xd75e,
    0xcf1e, 0xd75f, 0xdf7f, 0xe79f, 0xe79f, 0xe79f, 0xdf5e, 0xbedd, 0xae5c, 0xa61b, 0x8471, 0x7bcd,
    0x5aa9, 0x6b6a, 0x844e, 0x736b, 0x6b4b, 0x3184, 0x4206, 0x4a27, 0x3184, 0x2122, 0x2122, 0x2122,
    0x2122, 0x2122, 0x2943, 0x2943, 0x4206, 0x5247, 0x5247, 0x62c9, 0x7bac, 0x7bcc, 0x83ec, 0x5ae9,
    0x6b4b, 0x736c, 0x7c30, 0xbebb, 0xcf1d, 0xd73e, 0xcf1d, 0xcf1d, 0xc71d, 0xc71d, 0xc71d, 0xbebc,
    0xbe9b, 0xbe9b, 0xc69a, 0xc69b, 0xc69b, 0xc6bb, 0xc69a, 0x8cb2, 0x8451, 0x8471, 0x7c2f, 0x6b6c,
    0x736b, 0x738c, 0x840d, 0x83ed, 0x840d, 0x83ed, 0x83cd, 0x83cd, 0x83ec, 0x83ed, 0x7bad, 0x7bac,
    0x738b, 0x630a, 0x5267, 0x840c, 0xa4ef, 0xad71, 0x6309, 0x3a05, 0x5ae9, 0x5ae9, 0x4226, 0x4a66,
    0x52a6, 0x52a7, 0x6b6b, 0x94f3, 0x7c10, 0x84b3, 0x9515, 0x73ee, 0x846e, 0x8c8e, 0x8c8e, 0xa531,
    0xadf8, 0xcefd, 0xb619, 0xa596, 0xdf5d, 0xd73e, 0xa5d9, 0x8517, 0xa61a, 0xc6dd, 0xc6dc, 0xe79f,
    0xefbf, 0xe79f, 0xe79f, 0xe79f, 0xe79f, 0xe79f, 0xe77f, 0xdf7f, 0xd73e, 0xdf7f, 0xdf7f, 0xe77f,
    0xd71e, 0xd71e, 0xdf7f, 0xdf7e, 0xdf7f, 0xdf7f, 0xdf7f, 0xdf5e, 0xd73e, 0xd73e, 0xdf5f, 0xd71e,
    0xcefe, 0xcf1e, 0xcf1e, 0xd75e, 0xdf7f, 0xdf7f, 0xe79f, 0xe77f, 0xe77e, 0xdf7e, 0xcf1e, 0xc6fe,
    0xc6de, 0xc6dd, 0xcf1e, 0xcf1e, 0xcf1d, 0xc6bc, 0xc6bc, 0xc69c, 0xbe7b, 0x9db8, 0x9d78, 0xb63b,
    0xbe7c, 0xbe7b, 0xbe7b, 0xa5b8, 0x8cb3, 0x7bd0, 0x83f0, 0x8c30, 0x83f0, 0x7bcf, 0x83ef, 0x8c30,
    0x9450, 0x8c30, 0x8c30, 0x8410, 0x8c92, 0x8493, 0x8d35, 0xa6bb, 0xbf3d, 0xc75e, 0xa67b, 0x8dd9,
    0x965b, 0xa6bc, 0xaebc, 0xb6fd, 0xc75e, 0xbf5e, 0xb71d, 0xaefd, 0xb71d, 0xbf1d, 0xa6bc, 0x9e5a,
    0xc73d, 0xaedc, 0x9e19, 0x8cf3, 0xc6dc, 0xaebc, 0x95d7, 0x94f3, 0xa5fa, 0xa61b, 0x9516, 0x8492,
    0x7c0f, 0x5b0a, 0x52a8, 0x4a86, 0x4a87, 0x4a47, 0x4205, 0xa510, 0x9cf0, 0x634a, 0x5288, 0x736b,
    0x738c, 0x7bcd, 0x7c0e, 0x8471, 0x8492, 0x8492, 0x84b3, 0x84b3, 0x8492, 0x8493, 0xa5d9, 0xa5fa,
    0xa5fa, 0xa5fa, 0xa5fa, 0xa61a, 0xae7c, 0xae7d, 0xb69c, 0xbedd, 0xbedd, 0xbebd, 0xbedd, 0xae7c,
    0xae5c, 0xb67c, 0xc6dd, 0xdf7f, 0xdf7e, 0xd73e, 0xb69c, 0xa65c, 0xa63c, 0xa5fa, 0x8451, 0x7bcd,
    0x5ac9, 0x632a, 0x842d, 0x736b, 0x6b4b, 0x2963, 0x41e6, 0x41e6, 0x2943, 0x2122, 0x2122, 0x2122,
    0x2122, 0x2122, 0x2122, 0x2122, 0x39c5, 0x4a27, 0x5247, 0x62c9, 0x7bac, 0x7bcc, 0x7bcc, 0x5ac8,
    0x632a, 0x738c, 0x7c0f, 0xa597, 0xadb7, 0xb5f8, 0xb618, 0xb5f8, 0xadd7, 0xa5b7, 0xadd7, 0x8451,
    0x73ee, 0x844f, 0x8c70, 0x8c70, 0x8c90, 0x8c90, 0x8c4f, 0x738c, 0x7bac, 0x7bcc, 0x8c0d, 0x8c2d,
    0x8c0d, 0x83ed, 0x8c2e, 0x7bac, 0x736c, 0x6b4b, 0x630a, 0x5aca, 0x5ac9, 0x5ae9, 0x62ea, 0x630a,
    0x52a8, 0x4a66, 0x73aa, 0x9cad, 0x9cee, 0xb571, 0x6309, 0x4246, 0x52c9, 0x5287, 0x4a46, 0x4a66,
    0x4a86, 0x4aa7, 0x73cd, 0xae19, 0x84b3, 0x84b3, 0xa5b8, 0x8cd3, 0x7bee, 0x8c6f, 0x94d0, 0x9d11,
    0xa595, 0xc6bc, 0xd73d, 0xad96, 0xbe7a, 0xcf1d, 0xc6dd, 0xbe9c, 0xc6dd, 0xd73e, 0xdf5e, 0xe79e,
    0xe77f, 0xe77f, 0xe77f, 0xe77f, 0xe77f, 0xe77e, 0xe77f, 0xdf7f, 0xcefd, 0xcefe, 0xd73e, 0xd75e,
    0xcefe, 0xcefe, 0xd73e, 0xcefd, 0xd71e, 0xcf1e, 0xcefe, 0xcefd, 0xc6fd, 0xc6fe, 0xc6de, 0xc6bd,
    0xc6bd, 0xc6dd, 0xc6de, 0xc6fe, 0xcf1e, 0xd71e, 0xdf5e, 0xdf5e, 0xe77e, 0xd73e, 0xc6dd, 0xc6bd,
    0xb63b, 0xb65b, 0xbebd, 0xc6dd, 0xb61a, 0x8c93, 0x8452, 0x8c72, 0x8452, 0x7bf0, 0x73d0, 0x7c32,
    0x8472, 0x8472, 0x8472, 0x8411, 0x7bcf, 0x8410, 0x9c70, 0x9c90, 0x9450, 0x840f, 0x83ef, 0x8c50,
    0x8c50, 0x8430, 0x8492, 0x8d14, 0xa659, 0xae9b, 0xaebb, 0xb71d, 0xc75d, 0xaebc, 0x85b8, 0x8e1a,
    0xa69c, 0xa6bc, 0xb6fd, 0xcf5e, 0xcf7e, 0xbf5e, 0xaefc, 0xaefd, 0xaf1d, 0xaf1d, 0xa6bc, 0x963a,
    0xb6dc, 0xa69b, 0x84f3, 0xb618, 0xc6fd, 0xaebc, 0x9df8, 0xa5d8, 0xae3b, 0x8d14, 0x844f, 0x94af,
    0x9490, 0x5ae9, 0x4286, 0x4265, 0x52c8, 0x5aea, 0x4a26, 0xa510, 0x9cf0, 0x842d, 0x4a67, 0x4226,
    0x5ac8, 0x7b8c, 0x83cc, 0x7bac, 0x7bcc, 0x7bed, 0x840e, 0x840e, 0x7bac, 0x738c, 0x7c0f, 0x7c30,
    0x7c0f, 0x7c0f, 0x7c2f, 0x7c31, 0x9536, 0x9d98, 0x9db9, 0xa63b, 0xa63b, 0xa63b, 0xa63c, 0xa65c,
    0xae5c, 0xa65c, 0xae7c, 0xb69d, 0xb69c, 0xb67c, 0xa65c, 0xa63c, 0xa63c, 0x9db9, 0x636d, 0x7bad,
    0x5aa9, 0x5b09, 0x7c0d, 0x738c, 0x6b4b, 0x2963, 0x39c5, 0x39a5, 0x2942, 0x2142, 0x2142, 0x2142,
    0x2122, 0x2122, 0x2122, 0x2122, 0x2964, 0x4a47, 0x5247, 0x5ac9, 0x7bac, 0x7bcc, 0x7bcc, 0x5aa8,
    0x5ae9, 0x7bcc, 0x840d, 0x738c, 0x634c, 0x6b6c, 0x6b6c, 0x738d, 0x7bee, 0x7bcd, 0x7bcd, 0x6b6b,
    0x736b, 0x840d, 0x8c4e, 0x946e, 0x946f, 0x948f, 0x946f, 0x7b8c, 0x6b4b, 0x6b2b, 0x6b4b, 0x6b4b,
    0x736b, 0x736c, 0x736c, 0x62e9, 0x5288, 0x52a8, 0x52a8, 0x6b6b, 0x6b6b, 0x6b8b, 0x738b, 0x73ac,
    0x6b8b, 0x73cb, 0x846c, 0x94ad, 0x9cee, 0xb592, 0x6309, 0x4247, 0x4a67, 0x4246, 0x5287, 0x4a66,
    0x4a86, 0x4a87, 0x73ef, 0xae3a, 0x8d15, 0x8cb3, 0xa5d9, 0xa5d9, 0x8471, 0x7c30, 0x94af, 0xad52,
    0xa573, 0xbe79, 0xd73e, 0xc69b, 0x9d35, 0xcefd, 0xcf1d, 0xcf1e, 0xd73e, 0xdf5e, 0xe77f, 0xe77e,
    0xe77e, 0xe77e, 0xe77e, 0xdf7e, 0xe77f, 0xdf7e, 0xdf7e, 0xdf5e, 0xcefd, 0xc6fe, 0xc6fe, 0xc6dd,
    0xc6de, 0xc6de, 0xc6dd, 0xc6dd, 0xc6dd, 0xc6dd, 0xcedd, 0xc6dd, 0xc6dd, 0xc6bd, 0xae1a, 0x9515,
    0x94f5, 0x9d16, 0xbe7b, 0xb63a, 0xa598, 0xbe9c, 0xc69c, 0xbe5a, 0xd73d, 0xadf9, 0x9d16, 0x94f5,
    0x7c11, 0x8c72, 0x9d15, 0x9d36, 0x8452, 0x83ef, 0x8c30, 0x8c0f, 0x8c2f, 0x8c30, 0x7bcf, 0x7baf,
    0x73af, 0x7baf, 0x7baf, 0x7bcf, 0x840f, 0x9470, 0x9c90, 0x8c50, 0x8c30, 0x7c10, 0x7c11, 0x7c31,
    0x8472, 0x9dd8, 0xae9b, 0xa6bb, 0xaefc, 0xbf5d, 0xc75d, 0xb6dc, 0x963a, 0x85f9, 0x8619, 0x9e9b,
    0xa6bc, 0xa6dc, 0xbf1d, 0xcf7e, 0xc77e, 0xb71d, 0xaefc, 0xa6dc, 0x9ebc, 0xaefd, 0xa6bc, 0xa69b,
    0xb71c, 0x9df8, 0x9513, 0xcefc, 0xbefd, 0xb6bd, 0xae7b, 0xae7b, 0xa61a, 0x9513, 0x9d31, 0x9d31,
    0x8c90, 0x5ae9, 0x4a66, 0x4aa7, 0x5ae9, 0x52a9, 0x4a46, 0xa510, 0x9cef, 0x8c6d, 0x634a, 0x39e4,
    0x39c4, 0x4a67, 0x5288, 0x5288, 0x5267, 0x5ac9, 0x736b, 0x7b8c, 0x7bac, 0x83cc, 0x840d, 0x83ed,
    0x83ed, 0x83ed, 0x840d, 0x83ed, 0x7bad, 0x73ad, 0x6b8e, 0x7c52, 0x7c72, 0x7c51, 0x8d15, 0xa61a,
    0xa63b, 0xae3b, 0xae3b, 0xae3b, 0xae3b, 0xae5c, 0xa65c, 0xa63c, 0xa61b, 0x84d5, 0x632b, 0x7bcd,
    0x5ae9, 0x5b09, 0x7bed, 0x736c, 0x6b6b, 0x2963, 0x2963, 0x2942, 0x2942, 0x2142, 0x2942, 0x2942,
    0x3a27, 0x2943, 0x2922, 0x2122, 0x2963, 0x4a27, 0x5247, 0x5ac9, 0x7bac, 0x7bcc, 0x73cb, 0x52a7,
    0x62ea, 0x736c, 0x8c2e, 0x840d, 0x738c, 0x736c, 0x738c, 0x7bcd, 0x8c0e, 0x8c0e, 0x83ed, 0x7b8c,
    0x734b, 0x734b, 0x734b, 0x630a, 0x62ea, 0x630a, 0x630a, 0x5ac9, 0x5ac9, 0x5ac9, 0x52a8, 0x4a87,
    0x4a66, 0x4a87, 0x52c8, 0x73cc, 0x8c6e, 0x8c6e, 0x8c8e, 0x94cf, 0x94ae, 0x948f, 0x946f, 0x946e,
    0x8c6e, 0x844d, 0x842c, 0x844c, 0x9ccf, 0xad92, 0x6309, 0x3a25, 0x4a87, 0x52c8, 0x5ae8, 0x4a66,
    0x4a86, 0x52e7, 0x73ef, 0xa61a, 0x8d15, 0x7c2f, 0x9d54, 0xa5d8, 0x8cf4, 0x9d77, 0x94d2, 0xa532,
    0xad93, 0xb617, 0xd73e, 0xcedc, 0xa575, 0xcedc, 0xdf7e, 0xdf7e, 0xe77e, 0xe77e, 0xe77e, 0xe77e,
    0xe77e, 0xe77e, 0xdf5e, 0xd73e, 0xd73e, 0xd73e, 0xcefe, 0xcefe, 0xc6fd, 0xc6fe, 0xc6dd, 0xc6dd,
    0xbe7c, 0xc6bd, 0xb65b, 0xb63a, 0x9d36, 0x8c93, 0x8c93, 0x8c93, 0x8c93, 0x8c93, 0x8c72, 0x7bf0,
    0x83ef, 0x8410, 0x8c72, 0x8431, 0x73cf, 0x8c72, 0x8452, 0x7c11, 0x8cb3, 0x83f0, 0x738f, 0x738f,
    0x7bae, 0x8c0f, 0x83ef, 0x7bae, 0x7bce, 0x8c2f, 0x9c70, 0x9c90, 0x9c70, 0x9470, 0x8c30, 0x7bcf,
    0x7baf, 0x7baf, 0x7bcf, 0x7bcf, 0x7bcf, 0x8410, 0x8450, 0x8cd3, 0x8d14, 0xa639, 0xa67a, 0xa65a,
    0x9e5a, 0x965a, 0x8e3a, 0x9e9c, 0xa6bc, 0xaebc, 0x9619, 0x7d98, 0x7598, 0x861a, 0x9ebb, 0xa6bb,
    0xa6dc, 0xbf3d, 0xc77e, 0xc79e, 0xbf3d, 0xaefc, 0xaefc, 0x9e9c, 0x9e9c, 0xa6dc, 0xa6bc, 0xa69b,
    0xae9b, 0x8d14, 0xb5f8, 0xcf1e, 0xbedd, 0xb6bd, 0xb69d, 0xae3b, 0x9d96, 0x9d52, 0xa552, 0x94f1,
    0x8470, 0x7c31, 0x638e, 0x6bcf, 0x6bf0, 0x530b, 0x4a47, 0x9cf0, 0x94cf, 0x842d, 0x7c0c, 0x73cb,
    0x73cb, 0x7beb, 0x840c, 0x842d, 0x6329, 0x52a7, 0x5ae8, 0x6309, 0x62e9, 0x630a, 0x6b4b, 0x6b4b,
    0x734b, 0x736b, 0x738c, 0x7b8c, 0x7bac, 0x83ed, 0x8c4e, 0x8c2e, 0x7bad, 0x6b4b, 0x73ad, 0x7c0f,
    0x73cf, 0x73ef, 0x7bef, 0x73ef, 0x7c31, 0x9d77, 0xa61b, 0x9598, 0x9537, 0x6bae, 0x6b4b, 0x7bcd,
    0x632a, 0x5b09, 0x7bed, 0x73ac, 0x6b4b, 0x2963, 0x2122, 0x2122, 0x2142, 0x2942, 0x2943, 0x2963,
    0x8cf5, 0x4aaa, 0x2963, 0x2142, 0x2142, 0x39c5, 0x4a47, 0x5ac9, 0x7bac, 0x7bac, 0x73aa, 0x4a86,
    0x62ea, 0x6b4b, 0x736b, 0x736b, 0x6b4b, 0x734b, 0x736b, 0x736c, 0x738c, 0x6b4b, 0x5ae8, 0x5ac8,
    0x5aa8, 0x5aa8, 0x52a8, 0x6309, 0x632a, 0x6b4a, 0x6b4a, 0x73ac, 0x948f, 0x948f, 0x842d, 0x73cb,
    0x5b48, 0x6369, 0x73cb, 0x844d, 0x8c6e, 0x8c6e, 0x8c6e, 0x8c4e, 0x840d, 0x83ed, 0x7bac, 0x7bac,
    0x7bcd, 0x7bcd, 0x83ec, 0x842c, 0x94cf, 0xad92, 0x6309, 0x39e5, 0x4a87, 0x5b09, 0x5b09, 0x4a66,
    0x4266, 0x5b09, 0x6bcf, 0xa619, 0x7c92, 0x6b8d, 0x8cd1, 0x9534, 0x8cd3, 0xa5f9, 0xae1a, 0x9535,
    0x9d33, 0xadf6, 0xcf1d, 0xd75e, 0xb5f8, 0xbe39, 0xdf7e, 0xe77e, 0xe77e, 0xdf7e, 0xdf7e, 0xdf7f,
    0xdf5e, 0xd73e, 0xcf1e, 0xc6fe, 0xc6fe, 0xc6dd, 0xbebd, 0xc6dd, 0xc6fd, 0xc6dd, 0xc6dd, 0xc6bc,
    0x9d36, 0xadb8, 0x9515, 0x73d0, 0x73af, 0x73af, 0x73af, 0x73af, 0x7baf, 0x83ef, 0x8c30, 0x9470,
    0x9470, 0x9470, 0x8c30, 0x7bcf, 0x73af, 0x738f, 0x738e, 0x738e, 0x7bcf, 0x8c0f, 0x83ef, 0x7bcf,
    0x7bef, 0x9450, 0x944f, 0x942f, 0x8c4f, 0x8c4f, 0x9c91, 0x9c91, 0x8c50, 0x83ef, 0x7bef, 0x7bcf,
    0x7bf0, 0x73f0, 0x7bf0, 0x73f0, 0x7c52, 0x9556, 0x9dd7, 0xb6bb, 0xa69b, 0x85f9, 0x85f9, 0x7dd9,
    0x7df9, 0x6d58, 0x6517, 0x6537, 0x6d58, 0x7577, 0x7dd9, 0x85f9, 0x967b, 0xa6bc, 0xa6bb, 0xaefc,
    0xb73d, 0xc77e, 0xc77e, 0xbf3d, 0xaefc, 0xaefc, 0xa6bc, 0x8e1a, 0xaefc, 0xa6dc, 0xa6bc, 0xa69c,
    0x8d97, 0xa596, 0xcefc, 0xc6fd, 0xb6bd, 0xb69d, 0xae5b, 0x9576, 0x9d34, 0x9d33, 0x94f2, 0x8491,
    0x7c72, 0x84f5, 0x8d16, 0x8516, 0x8d37, 0x7c72, 0x4a68, 0x9cd0, 0x94af, 0x7bec, 0x7bcd, 0x7bec,
    0x7bec, 0x842c, 0x8c4d, 0x94ae, 0x94ae, 0x8cae, 0x8c8e, 0x8c6d, 0x6309, 0x4a87, 0x6b6b, 0x5ac9,
    0x4a68, 0x5288, 0x52a8, 0x52c8, 0x5aa8, 0x630a, 0x738c, 0x738c, 0x738b, 0x736b, 0x736b, 0x738c,
    0x73ac, 0x7bcd, 0x7bcd, 0x7bcd, 0x7bcd, 0x8471, 0x94f4, 0x73cf, 0x6b6d, 0x6b6c, 0x83cd, 0x83cd,
    0x632a, 0x5b09, 0x840d, 0x7bad, 0x6b4b, 0x2963, 0x2142, 0x2142, 0x2142, 0x2942, 0x39e6, 0x6bcf,
    0xa63c, 0x8d36, 0x4aaa, 0x2963, 0x2942, 0x39c5, 0x4a47, 0x5ac9, 0x7bac, 0x7bac, 0x7bab, 0x52a6,
    0x4a46, 0x62e9, 0x62ea, 0x5aa8, 0x5267, 0x5287, 0x5288, 0x5288, 0x52a8, 0x5287, 0x5b08, 0x73ca,
    0x6bca, 0x6bca, 0x6b89, 0x7c2c, 0x8c8e, 0x8c8f, 0x948f, 0x94af, 0x94af, 0x94b0, 0x8c8f, 0x844e,
    0x4aa7, 0x6b4a, 0x73ac, 0x7bac, 0x7bcd, 0x7bcd, 0x7bcc, 0x7bcd, 0x7bcc, 0x7bac, 0x7bac, 0x7bac,
    0x7bac, 0x7bac, 0x7bcc, 0x840c, 0x94cf, 0xad92, 0x6309, 0x39e5, 0x4a66, 0x5b2a, 0x636b, 0x532b,
    0x532b, 0x63ad, 0x8472, 0x9d76, 0x8cd3, 0x7c71, 0x8cf3, 0x8cf3, 0x7c71, 0x7cb4, 0x9dd9, 0xa5f9,
    0xa5b6, 0xadd6, 0xbe79, 0xd75e, 0xb5f8, 0xb5f8, 0xd71e, 0xcf1e, 0xcf1e, 0xcf1e, 0xcf1e, 0xd71e,
    0xcefe, 0xcefd, 0xc6fd, 0xc6dd, 0xbe7b, 0x9536, 0x8cd4, 0xadd8, 0xbe7b, 0xa597, 0x94d4, 0x94d4,
    0x8431, 0x7c10, 0x7bf0, 0x7baf, 0x83ef, 0x7bef, 0x7bef, 0x83ef, 0x840f, 0x8410, 0x8c50, 0x9470,
    0x9470, 0x9c90, 0x9c90, 0x9450, 0x83ef, 0x73af, 0x7bae, 0x83ef, 0x944f, 0x9c90, 0x9470, 0x8c30,
    0x83cf, 0x83cf, 0x8c2f, 0x9430, 0x8c0f, 0x83cf, 0x83ef, 0x840f, 0x7bef, 0x8471, 0x8472, 0x8cd4,
    0x9dd8, 0x9dd8, 0x95d8, 0x95b8, 0x95f9, 0x9e7b, 0x9e7b, 0x965b, 0x7d98, 0x7578, 0x6d58, 0x6517,
    0x5d17, 0x6537, 0x6537, 0x6d57, 0x85f9, 0x8e3a, 0x9e7b, 0x9ebb, 0xa6db, 0xaefc, 0xb71d, 0xbf5e,
    0xc79e, 0xc75e, 0xb73d, 0xaefc, 0xa6dc, 0x9e9b, 0x85f9, 0x9e5b, 0xb71d, 0xa6dc, 0xa6bc, 0xa69b,
    0x84f3, 0xbe59, 0xcf3e, 0xb6fd, 0xae9d, 0xa61a, 0x8d56, 0x8d14, 0x9535, 0x9d55, 0xb659, 0xbe9b,
    0xbe7b, 0x9db8, 0x7cb4, 0x7cd5, 0x8516, 0x7c72, 0x4a68, 0x94af, 0x948f, 0x7bcc, 0x7bcd, 0x83cd,
    0x83cd, 0x83ed, 0x83ed, 0x840d, 0x8c4d, 0x844d, 0x8c4d, 0x7bec, 0x634a, 0x6b6a, 0x842d, 0x7c0d,
    0x842e, 0x8c6f, 0x846e, 0x844e, 0x844e, 0x7bcc, 0x52c9, 0x52a8, 0x5288, 0x52a8, 0x52a8, 0x5ac9,
    0x632b, 0x738c, 0x738c, 0x738c, 0x7bac, 0x840e, 0x842f, 0x7bcd, 0x83cd, 0x83ed, 0x7bcd, 0x7bcd,
    0x630a, 0x6309, 0x7bcd, 0x7bac, 0x6b4b, 0x2963, 0x2122, 0x2142, 0x2942, 0x31c5, 0x7431, 0xa61a,
    0xa63c, 0xa61b, 0x9557, 0x4aaa, 0x2963, 0x39a5, 0x4a68, 0x5aa9, 0x736b, 0x7bac, 0x7bab, 0x5b08,
    0x4aa6, 0x52a7, 0x52c7, 0x5b28, 0x6369, 0x6368, 0x6369, 0x6368, 0x6368, 0x6388, 0x6ba8, 0x63c8,
    0x6bc8, 0x6bc9, 0x6ba9, 0x6bca, 0x7bec, 0x7bcc, 0x7bcc, 0x7bcc, 0x7bed, 0x7bec, 0x7c0d, 0x842d,
    0x39e5, 0x6b2a, 0x7bac, 0x7bac, 0x7bac, 0x7bcc, 0x7bac, 0x7bac, 0x7bac, 0x7bac, 0x7bac, 0x73ac,
    0x7bad, 0x7bad, 0x7bad, 0x6b6b, 0x73ab, 0x842e, 0x52a8, 0x39c5, 0x4226, 0x5b0a, 0x9556, 0x9dfa,
    0x9dd9, 0xb65a, 0xd73d, 0xdf5e, 0xdf5e, 0xdf5e, 0xd75e, 0xd73d, 0xae19, 0x8d36, 0x7cb3, 0x84f4,
    0x9d76, 0xa5b6, 0xadf7, 0xcefd, 0xbe5a, 0x9d55, 0xbebc, 0xc6fd, 0xc6fe, 0xc6fe, 0xc6fe, 0xc6fe,
    0xc6dd, 0xbe5b, 0xb63a, 0xbe5a, 0x8472, 0x73af, 0x738f, 0x7bd0, 0x7c11, 0x73af, 0x738f, 0x73af,
    0x73af, 0x73af, 0x7bcf, 0x8410, 0x8c30, 0x842f, 0x83ef, 0x840f, 0x8c30, 0x8c2f, 0x9470, 0x9470,
    0x9470, 0x9c90, 0x9470, 0x9470, 0x8c0f, 0x83ef, 0x8c2f, 0x8c4f, 0x8c2f, 0x8c50, 0x8c50, 0x842f,
    0x7bcf, 0x73cf, 0x7baf, 0x7bcf, 0x73cf, 0x73cf, 0x8472, 0x8cf5, 0x8d36, 0xae5a, 0xaebb, 0xaebc,
    0xa6bc, 0x85f9, 0x6d57, 0x6d37, 0x6537, 0x6537, 0x6517, 0x6d37, 0x6537, 0x6d37, 0x7578, 0x7598,
    0x7578, 0x85f9, 0x8e3a, 0x8e3a, 0x9e9b, 0xa6bb, 0xa6bc, 0xa6dc, 0xaf1d, 0xbf3d, 0xc77e, 0xbf5d,
    0xaf1c, 0xaefc, 0xaefc, 0xa6dc, 0x9e7b, 0x85f9, 0x963a, 0xb6fd, 0xaefd, 0xa6bc, 0xa6bc, 0x95d8,
    0x9534, 0xcedb, 0xcf1d, 0xa63b, 0x8578, 0x7cd5, 0x9577, 0xb67b, 0xcf1d, 0xdf7e, 0xef9f, 0xdf7e,
    0xcf3e, 0xb67c, 0xa61b, 0x8d57, 0x6c11, 0x5b6d, 0x4207, 0x7bcc, 0x6b4b, 0x6b4b, 0x7bcd, 0x83cc,
    0x83ed, 0x83ed, 0x83ed, 0x83ed, 0x7bec, 0x83cc, 0x7bac, 0x6b4b, 0x6b2b, 0x6b4a, 0x632a, 0x5b09,
    0x7c2d, 0x948f, 0x8c6f, 0x8c6f, 0x8c6e, 0x8c6e, 0x8c6e, 0x8c6e, 0x8c6e, 0x8c6e, 0x8c6e, 0x844d,
    0x6349, 0x6309, 0x6309, 0x6309, 0x6309, 0x6b2a, 0x6b2a, 0x6b4b, 0x7bad, 0x7bcd, 0x736c, 0x5aea,
    0x4226, 0x6b6b, 0x7bcc, 0x7bad, 0x6b4b, 0x2983, 0x2942, 0x2142, 0x31c6, 0x7411, 0x9dfa, 0xa63c,
    0xa65c, 0xa63c, 0xa63c, 0x9536, 0x4289, 0x3184, 0x4227, 0x4a48, 0x6b2a, 0x7bac, 0x7bac, 0x6b69,
    0x5306, 0x5b46, 0x6368, 0x73aa, 0x73aa, 0x73aa, 0x73aa, 0x6baa, 0x73aa, 0x73aa, 0x73ca, 0x6368,
    0x73ca, 0x7bcb, 0x7bcb, 0x7bcc, 0x7bac, 0x7bac, 0x7bac, 0x7bac, 0x7bac, 0x7bac, 0x7bec, 0x7c0d,
    0x3a05, 0x6b2a, 0x7b8c, 0x7bac, 0x7bac, 0x7bac, 0x73ac, 0x7b8c, 0x7b8c, 0x736b, 0x5ae9, 0x52a8,
    0x5268, 0x4a67, 0x5288, 0x4a67, 0x5b09, 0x842f, 0x8c70, 0x6b6c, 0x4a68, 0x52eb, 0x8cf5, 0x9dda,
    0xa65c, 0xbe9c, 0xcefd, 0xdf7f, 0xe77f, 0xe79f, 0xe79f, 0xe79e, 0xdf7e, 0xdf5e, 0xc6dc, 0xbe9a,
    0xbe9a, 0x9d96, 0x9556, 0x9db8, 0xa5b7, 0x8cf4, 0x9d98, 0x9dd9, 0x9db9, 0x9dd9, 0x9dd9, 0x9db8,
    0x8d16, 0x8472, 0x8cb4, 0x8cd4, 0x73d0, 0x6b8f, 0x6baf, 0x6baf, 0x6baf, 0x6baf, 0x6bb0, 0x7c31,
    0x8493, 0x8493, 0x8493, 0x84b3, 0x84b3, 0x8493, 0x7c73, 0x7c72, 0x8492, 0x8c91, 0x9491, 0x9491,
    0x9491, 0x8c70, 0x840f, 0x83ef, 0x8c0f, 0x8c2f, 0x840f, 0x7bce, 0x73af, 0x7baf, 0x7bcf, 0x7bcf,
    0x7bf0, 0x7c31, 0x7c31, 0x84d4, 0x8d97, 0x8d97, 0x9619, 0x9e7a, 0x8dd9, 0x7d98, 0x7d98, 0x7598,
    0x7598, 0x6d57, 0x6537, 0x6517, 0x6d37, 0x7dd9, 0x7dd9, 0x85d9, 0x85f9, 0x8df9, 0x963a, 0x965b,
    0x965b, 0x9e9b, 0x9ebb, 0x9ebc, 0xa6dc, 0xaefc, 0xb71d, 0xb73d, 0xbf3d, 0xb71d, 0xaedc, 0xa6bb,
    0x9e9b, 0x9e9b, 0xa67b, 0x9e19, 0x8d98, 0x8577, 0x95d9, 0x95d9, 0x8db8, 0x8db8, 0x95b8, 0x8d56,
    0x9d76, 0xa5f9, 0xa5f9, 0xae5a, 0xb65a, 0xbe9b, 0xd75e, 0xdf9e, 0xe79f, 0xe79f, 0xe79f, 0xcf1d,
    0xb67c, 0xae7d, 0xa61b, 0x7c93, 0x4aea, 0x4aa9, 0x740e, 0x5b0a, 0x4227, 0x4a47, 0x5267, 0x5288,
    0x5aa8, 0x5aa8, 0x736b, 0x7bac, 0x7bac, 0x736b, 0x6b2b, 0x6b2b, 0x6b2b, 0x6b2b, 0x5ae9, 0x5ae9,
    0x73ac, 0x7bcd, 0x7bcd, 0x7bcd, 0x7bcc, 0x7bed, 0x840d, 0x7c0d, 0x840d, 0x840d, 0x842d, 0x8c6e,
    0x8c4e, 0x8c6e, 0x8c4e, 0x8c4d, 0x844d, 0x7bcc, 0x6b4b, 0x4a87, 0x52a8, 0x52a8, 0x52a8, 0x4a66,
    0x4a46, 0x738b, 0x7bcc, 0x7bac, 0x5ae9, 0x2963, 0x2942, 0x31a5, 0x7431, 0xa5fa, 0xa63c, 0xa63c,
    0xa65c, 0xa65c, 0xa65c, 0xa63b, 0x7c93, 0x3a27, 0x39c5, 0x4a27, 0x630a, 0x7bac, 0x7bac, 0x73ab,
    0x6349, 0x5b07, 0x6b49, 0x7bab, 0x7bac, 0x7bac, 0x7bac, 0x7bac, 0x7b8c, 0x7bac, 0x73ab, 0x52c8,
    0x6329, 0x7bcc, 0x7bac, 0x7bac, 0x7bac, 0x7bac, 0x7bac, 0x7b8c, 0x7bac, 0x7bac, 0x7bed, 0x73cc,
    0x39e5, 0x52a8, 0x5ac9, 0x5ac9, 0x630a, 0x630a, 0x4a67, 0x4226, 0x4a88, 0x73cd, 0x7c50, 0x6bad,
    0x52ea, 0x5b0a, 0x636b, 0x842e, 0x8c70, 0x94f1, 0xa554, 0x8450, 0x84b2, 0xa5b7, 0x73f0, 0x63b0,
    0xa61b, 0xa65c, 0xae5c, 0xb69d, 0xbe9d, 0xc6dd, 0xcf3e, 0xd75f, 0xdf5f, 0xdf7e, 0xe79e, 0xef9f,
    0xef9f, 0xd73d, 0xd73d, 0xd71d, 0xd71d, 0xd71d, 0xd71d, 0xcefd, 0xcefd, 0xcefd, 0xd71d, 0xc67a,
    0x9d56, 0x9556, 0x9536, 0x9556, 0x9535, 0x9535, 0x9535, 0x9535, 0x9536, 0x9556, 0x9536, 0xb639,
    0xcf1d, 0xd71d, 0xd71d, 0xd71d, 0xcefd, 0xcefd, 0xcefd, 0xcefd, 0xbe5a, 0xa576, 0x9d55, 0x9d55,
    0x9d55, 0x9d35, 0x7c31, 0x73d0, 0x73cf, 0x7bf0, 0x73cf, 0x6baf, 0x6bd0, 0x73f0, 0x8493, 0x8cd4,
    0x9556, 0x9e19, 0x95d8, 0x8598, 0x7557, 0x6d57, 0x6d37, 0x6d37, 0x6517, 0x6d37, 0x6d37, 0x7557,
    0x85b8, 0x8dd9, 0x8df9, 0x8df9, 0x8df9, 0x8e39, 0x8e1a, 0x965a, 0x965a, 0x965a, 0x9e7a, 0xa69b,
    0xa6bc, 0xa6dc, 0x9e7b, 0x963a, 0x965a, 0x9e5a, 0x9e7a, 0x9e7a, 0x9e5a, 0x9df9, 0x9dd8, 0x9dd8,
    0x9df8, 0x9dd8, 0xa5f8, 0xc6dc, 0xd73d, 0xd71d, 0xcf1d, 0xcefd, 0xcf1d, 0xcefd, 0xd71d, 0xd71d,
    0xd71d, 0xd71d, 0xd73d, 0xdf9e, 0xdf9e, 0xdf7f, 0xdf9f, 0xdf9f, 0xdf9f, 0xd75e, 0xbedd, 0xb69d,
    0xae5d, 0xae7c, 0x7c93, 0x7410, 0x9d56, 0x63ad, 0x9512, 0x8490, 0x844f, 0x6b6c, 0x5ae9, 0x62e9,
    0x5ae9, 0x5287, 0x4226, 0x4226, 0x3a05, 0x4206, 0x4a88, 0x52a9, 0x52a9, 0x5ac9, 0x5268, 0x630a,
    0x7bad, 0x7bcd, 0x7bcd, 0x7bcd, 0x7bcd, 0x7bac, 0x7bac, 0x7bac, 0x7bad, 0x7bad, 0x7bcd, 0x83ec,
    0x83ec, 0x7bcc, 0x7bcc, 0x7bcc, 0x7bec, 0x840d, 0x9d11, 0x844e, 0x73cc, 0x73ab, 0x73ab, 0x840d,
    0x842d, 0x83ec, 0x7bac, 0x738c, 0x5288, 0x2963, 0x31a5, 0x6bf0, 0x9dfa, 0xa63c, 0xa63d, 0xa63c,
    0xa65c, 0xa63c, 0xa65c, 0xa65c, 0xa61b, 0x7432, 0x31c5, 0x39e6, 0x5ac9, 0x738c, 0x7bcc, 0x7bac,
    0x7bac, 0x7bac, 0x7bac, 0x7bac, 0x7bac, 0x7bac, 0x7bac, 0x7bac, 0x7bac, 0x7b8c, 0x738c, 0x5ac8,
    0x5ac9, 0x738c, 0x7bcc, 0x7bac, 0x7bac, 0x738c, 0x736b, 0x5aa8, 0x5268, 0x5288, 0x52c9, 0x5ae9,
    0x39e5, 0x31c5, 0x31c5, 0x52c9, 0x6bac, 0x6bac, 0x6bac, 0x6bcc, 0x7c2f, 0xadf7, 0xb659, 0xa5d7,
    0x9513, 0x94d1, 0x846f, 0x7c0e, 0x840e, 0x842f, 0x8cd2, 0x7c0f, 0x9514, 0xb65a, 0x7410, 0x530c,
    0xa61a, 0xa65c, 0xa65d, 0xae7d, 0xae5c, 0xae5c, 0xae7d, 0xb6bd, 0xbebd, 0xcf1e, 0xdf7f, 0xe77f,
    0xe77f, 0xe79f, 0xef9f, 0xef9f, 0xe79f, 0xef9f, 0xe79f, 0xe79f, 0xe79f, 0xef9f, 0xefbf, 0xefbf,
    0xe79e, 0xe79e, 0xef9f, 0xe79e, 0xe79f, 0xdf7f, 0xe77e, 0xe77f, 0xe77f, 0xe77f, 0xdf7f, 0xe77f,
    0xe77f, 0xe77e, 0xe79f, 0xe79f, 0xe79f, 0xe79f, 0xe79e, 0xe77f, 0xe77f, 0xdf7f, 0xdf7e, 0xe77e,
    0xe77f, 0xdf5e, 0xbe5a, 0xb619, 0xb619, 0xb5f9, 0xadf9, 0xa5d8, 0x8d35, 0x6c52, 0x7cb3, 0x7cb3,
    0x7cb3, 0x6c71, 0x53f0, 0x53d0, 0x53d0, 0x4bb0, 0x4b90, 0x4b8f, 0x4b8f, 0x5bf0, 0x5c30, 0x6430,
    0x6c71, 0x6c51, 0x6c51, 0x6c51, 0x6c51, 0x6c51, 0x6c51, 0x7492, 0x7492, 0x7492, 0x74b2, 0x7cd4,
    0x8536, 0x8d56, 0x9db8, 0xae3a, 0xae3a, 0xb63a, 0xb63a, 0xae5a, 0xbe7b, 0xd73e, 0xdf5e, 0xe77f,
    0xe77e, 0xe77e, 0xe77f, 0xe79f, 0xe79f, 0xe79f, 0xe77f, 0xdf7f, 0xe79f, 0xe77f, 0xe77f, 0xe79f,
    0xe79f, 0xe79f, 0xe79f, 0xe79f, 0xe79f, 0xe77e, 0xdf7f, 0xcf1e, 0xbedd, 0xb69d, 0xae7c, 0xae7c,
    0xae7c, 0xae7c, 0x7411, 0x7410, 0xa5f9, 0x63af, 0x84b2, 0x7c2f, 0x7c2e, 0x844f, 0x8c6f, 0x8c6f,
    0x8c6f, 0x842e, 0x6b8b, 0x6b6a, 0x6329, 0x5ae9, 0x632a, 0x6b8b, 0x738b, 0x738c, 0x4a68, 0x5288,
    0x5aea, 0x5ae9, 0x736c, 0x738c, 0x738c, 0x7bac, 0x7bad, 0x83cd, 0x83ad, 0x83cd, 0x83cd, 0x83cd,
    0x7bac, 0x7bac, 0x7bac, 0x7bac, 0x7bac, 0x7bcc, 0x7bed, 0x7bed, 0x83ed, 0x7bed, 0x7bed, 0x7c0d,
    0x7bcc, 0x7bac, 0x7bad, 0x630a, 0x41e5, 0x31a4, 0x638e, 0xa5fa, 0xa63c, 0xa65c, 0xa63c, 0xa63c,
    0xa65c, 0xae5c, 0xa65c, 0xa65c, 0xa63c, 0x9dda, 0x63af, 0x3a07, 0x5288, 0x738c, 0x7bcc, 0x7bcc,
    0x7bcc, 0x7bcc, 0x7bcc, 0x7bac, 0x7bac, 0x7bac, 0x7bac, 0x7bac, 0x738c, 0x6b4b, 0x630a, 0x4a47,
    0x39c5, 0x4206, 0x4a67, 0x4a67, 0x4226, 0x4206, 0x52a8, 0x4227, 0x4226, 0x4a67, 0x52ea, 0x73ee,
    0x842f, 0x842f, 0x842f, 0x8470, 0x8cb0, 0x8cb0, 0x846f, 0x7c0e, 0x844f, 0x9d75, 0xadf8, 0x9534,
    0x844f, 0x7bee, 0x7bee, 0x7bee, 0x7bee, 0x7c0e, 0x84b2, 0x740f, 0x8cf3, 0xbe7a, 0x94d3, 0x5b4c,
    0x8cf5, 0xae3c, 0xae5c, 0xae5d, 0xa65d, 0xae5c, 0xa65c, 0xa65d, 0xa65d, 0xae7c, 0xb69d, 0xb69d,
    0xb69c, 0xc6dd, 0xdf5e, 0xdf7e, 0xdf5e, 0xdf5e, 0xdf5e, 0xd75e, 0xd73e, 0xcefd, 0xcf1e, 0xcf1e,
    0xcf1d, 0xcf1e, 0xd73e, 0xd71e, 0xd73e, 0xdf5e, 0xdf7e, 0xdf7e, 0xdf5e, 0xdf7f, 0xdf7f, 0xdf7f,
    0xdf7f, 0xe77f, 0xdf7f, 0xdf5e, 0xdf7e, 0xdf7e, 0xc6fd, 0xb69c, 0xb69d, 0xb69d, 0xb67c, 0xc6dd,
    0xd73e, 0xd75e, 0xdf5e, 0xdf5e, 0xdf5e, 0xdf5e, 0xdf3e, 0xd73e, 0xc6dd, 0xae3a, 0x84b2, 0x6b8c,
    0x6b8c, 0x6b8c, 0x6b8c, 0x73ef, 0x84b3, 0x8cf5, 0x7c72, 0x6bae, 0x6b6c, 0x6b6b, 0x6b6c, 0x6b8c,
    0x6bac, 0x73ac, 0x73ac, 0x73ac, 0x73ac, 0x6b8b, 0x6b8a, 0x636a, 0x6b8b, 0x6b6b, 0x6b8c, 0x73ef,
    0x9d97, 0xbe9b, 0xd6fc, 0xe75e, 0xe75e, 0xe77f, 0xdf7e, 0xcf1d, 0xd73e, 0xd73e, 0xdf5e, 0xdf5e,
    0xdf7e, 0xd75e, 0xc6dd, 0xd73e, 0xdf7f, 0xe77f, 0xdf5e, 0xd75e, 0xdf5e, 0xcefd, 0xb69d, 0xb69d,
    0xbebd, 0xd73e, 0xdf5e, 0xdf5e, 0xcf1e, 0xc6fd, 0xbedd, 0xae5d, 0xa65c, 0xa65c, 0xa65c, 0xae5c,
    0xae5c, 0xa5f9, 0x8492, 0x94f3, 0xa619, 0x6c32, 0x7c91, 0x7bee, 0x7bee, 0x7bee, 0x7bee, 0x7bee,
    0x7bed, 0x7bed, 0x840d, 0x7bed, 0x7bec, 0x73ac, 0x842d, 0x8c8f, 0x94af, 0x94d0, 0x844e, 0x842e,
    0x7c0e, 0x6b6b, 0x52a8, 0x5ae9, 0x5b0a, 0x5ac9, 0x5ae9, 0x6b4b, 0x6b4b, 0x6b4b, 0x6b4b, 0x6b2a,
    0x734b, 0x7bac, 0x7bac, 0x7bac, 0x7bac, 0x7bac, 0x7bcc, 0x7bcd, 0x7bad, 0x7bcd, 0x7bcd, 0x7bad,
    0x6b4b, 0x7bac, 0x738c, 0x5268, 0x39e6, 0x7411, 0x9dd9, 0xa65c, 0xa65c, 0xae3c, 0xa65c, 0xa65c,
    0xa65c, 0xae5c, 0xbebd, 0xb69d, 0xa65c, 0xa63c, 0x9db9, 0x636e, 0x4a89, 0x736c, 0x7bac, 0x7bac,
    0x7bac, 0x7bac, 0x7bac, 0x7bac, 0x62e9, 0x5ac9, 0x5ae9, 0x5ac9, 0x5ac9, 0x4226, 0x31a4, 0x31a4,
    0x52c9, 0x5ae9, 0x5b0a, 0x632a, 0x5b0a, 0x634b, 0x8cb1, 0x7bee, 0x73ad, 0x7bed, 0x842f, 0x7c0e,
    0x7bed, 0x7bed, 0x7bed, 0x7bcd, 0x7bcd, 0x7bcd, 0x7bcd, 0x73ad, 0x7bce, 0x842f, 0x94d2, 0x8470,
    0x7bee, 0x83ed, 0x7bee, 0x7bed, 0x7bed, 0x7bee, 0x8cb2, 0x7430, 0x9535, 0xcedc, 0xc69a, 0x9d33,
    0x530c, 0x9db8, 0xae5d, 0xae5d, 0xa65c, 0xa65d, 0xa65c, 0xa65c, 0xa65c, 0xa65c, 0xa63c, 0xa63c,
    0xa63c, 0xa65c, 0xae5c, 0xae5c, 0xae5b, 0xae5b, 0xae7c, 0xae7b, 0xae5b, 0xae5b, 0xae5b, 0xa63b,
    0xa63b, 0xa65b, 0xae5c, 0xae5b, 0xae5c, 0xb67b, 0xb69c, 0xb69c, 0xb67c, 0xbebd, 0xc6fd, 0xc6fe,
    0xc6fe, 0xc6fe, 0xc6fd, 0xb69c, 0xb67c, 0xb69d, 0xae5c, 0xa65c, 0xa63b, 0xa63b, 0xa63b, 0xa63b,
    0xae3b, 0xae5b, 0xae5b, 0xae5b, 0xb65b, 0xb65b, 0xb65b, 0xae5b, 0xa63a, 0xa5b7, 0x9d53, 0xa532,
    0xa532, 0xa552, 0xa573, 0xa5b6, 0xbe9b, 0xc6dc, 0xbebb, 0xadf7, 0xa553, 0xa531, 0xa532, 0xa532,
    0xa552, 0xad72, 0xa552, 0xad72, 0xad92, 0xad72, 0x9d0e, 0x94ce, 0xad51, 0xad31, 0xa531, 0xa553,
    0xadd7, 0xbe9b, 0xbebc, 0xbe9c, 0xbe9c, 0xbe9c, 0xbebc, 0xae5b, 0xae5c, 0xb67c, 0xb69c, 0xb69c,
    0xb67c, 0xae7c, 0xae5c, 0xae7c, 0xc6fe, 0xc6fd, 0xbebd, 0xb67c, 0xb69c, 0xae7d, 0xa65d, 0xa65c,
    0xae5c, 0xae7c, 0xb67c, 0xb69c, 0xb67d, 0xae7d, 0xae7c, 0xa65c, 0xa65d, 0xa65c, 0xa65c, 0xae5c,
    0x9d98, 0x7410, 0xb619, 0xd71d, 0xbebc, 0x9db9, 0x84d3, 0x7c0f, 0x83ee, 0x83ee, 0x7bee, 0x7bee,
    0x7bcd, 0x7bcd, 0x7bcd, 0x7bcd, 0x7bad, 0x7bad, 0x7bcd, 0x7bcd, 0x83ed, 0x842e, 0x844e, 0x842e,
    0x842e, 0x73cc, 0x73ac, 0x840e, 0x94b0, 0x844e, 0x73ac, 0x738b, 0x6b8b, 0x6309, 0x52a8, 0x39a4,
    0x4206, 0x62c9, 0x62e9, 0x6309, 0x62e9, 0x6b2a, 0x7b8c, 0x7bad, 0x7bac, 0x7bac, 0x7bac, 0x738c,
    0x6b4b, 0x73ad, 0x6b2b, 0x4247, 0x73f0, 0xa5fa, 0xae5c, 0xae5c, 0xae5c, 0xae5c, 0xa65c, 0xa65c,
    0xa65c, 0xae7c, 0xd75e, 0xd75e, 0xbebd, 0xae7c, 0x9e3c, 0x9599, 0x638e, 0x52a9, 0x4a46, 0x4a46,
    0x4a46, 0x4a46, 0x4a46, 0x4226, 0x3184, 0x52a8, 0x7bec, 0x7bed, 0x73ac, 0x634a, 0x5b09, 0x5ac9,
    0x738c, 0x73ad, 0x7bcd, 0x7bcd, 0x7bcd, 0x7c0f, 0x8cb1, 0x7bce, 0x73ad, 0x73ad, 0x73ad, 0x7bad,
    0x7bad, 0x7bad, 0x7bad, 0x7bad, 0x7bad, 0x73ac, 0x73ad, 0x7bad, 0x7bcd, 0x7bcd, 0x7bee, 0x7bee,
    0x7bcd, 0x738c, 0x738c, 0x6b8c, 0x738c, 0x6b8c, 0x73ef, 0x84b3, 0xb619, 0xdf3e, 0xd6fb, 0xa594,
    0x52ca, 0x9d98, 0xae5d, 0xa65c, 0xa65c, 0xa65d, 0xa65d, 0xa65c, 0xa65c, 0xa65c, 0xa63c, 0x9dfa,
    0x9dd9, 0x9dd9, 0x9dd9, 0x9db8, 0x7c91, 0x9554, 0xa596, 0x9d55, 0x9d55, 0x9d55, 0x9d75, 0x9d95,
    0x9d95, 0x9d95, 0xa5b6, 0xa5b6, 0x9d55, 0x9d74, 0xa5d7, 0xae1a, 0xa65c, 0xa65c, 0xa65c, 0xae5c,
    0xae5c, 0xa65c, 0xa63c, 0xa63c, 0xa65c, 0xae5c, 0xa63b, 0xa5d8, 0x9556, 0x9554, 0x9554, 0x9534,
    0x9534, 0x9534, 0x9d55, 0x9d55, 0x9d55, 0x9d55, 0x9d55, 0x9555, 0x9534, 0x8cd1, 0x94b0, 0x94b0,
    0x94b0, 0x94d0, 0x94f1, 0x9533, 0xa5b7, 0xa5f9, 0xa5f8, 0x9d54, 0x94d1, 0x94b0, 0x9cd1, 0x9490,
    0x94b0, 0x94b0, 0x94d0, 0x9cf1, 0x9cf1, 0xa511, 0x73ea, 0x73ea, 0x94af, 0x948f, 0x948f, 0x8c8f,
    0x8c90, 0x8cd2, 0x8cf3, 0x8cf3, 0x8cf3, 0x8cd2, 0x8cf3, 0x8d15, 0xa5b8, 0xa61a, 0xa5fa, 0xa5fa,
    0xa5fa, 0xa61a, 0xa65c, 0xae5c, 0xa65c, 0xa65c, 0xae5c, 0xa65c, 0xa65c, 0xae3b, 0xa63b, 0xa65c,
    0xa65d, 0xa65c, 0xa65c, 0xae5c, 0xae3b, 0xae5b, 0xae7d, 0xae7d, 0xae5c, 0xae5d, 0xa65c, 0x9dfa,
    0x7c93, 0xadd7, 0xd71d, 0xdf7e, 0xd75e, 0xae5b, 0x9598, 0x9556, 0x8492, 0x7c0f, 0x73cd, 0x7bcd,
    0x7bcd, 0x7bcd, 0x7bcd, 0x7bcd, 0x7bcd, 0x7bad, 0x7bcd, 0x7bcd, 0x7bcd, 0x7bcd, 0x7bad, 0x7bad,
    0x7bad, 0x7b8c, 0x73ac, 0x7bed, 0x8c4e, 0x8c6f, 0x844e, 0x842e, 0x842e, 0x7bcc, 0x738c, 0x632a,
    0x630a, 0x6b4a, 0x6b6b, 0x632a, 0x5ae8, 0x4226, 0x4a68, 0x73ad, 0x5aea, 0x4a26, 0x4a26, 0x5267,
    0x5aea, 0x5ae9, 0x52a9, 0x7431, 0xa61a, 0xae7c, 0xc6fd, 0xcf3e, 0xcf1e, 0xc71e, 0xae7c, 0xae5c,
    0xae5d, 0xb67c, 0xd75e, 0xe77f, 0xdf5f, 0xcf1e, 0xae7c, 0x9e3c, 0x9557, 0x530c, 0x31c5, 0x39c5,
    0x4205, 0x4226, 0x4206, 0x4206, 0x39e6, 0x5ae9, 0x73cc, 0x7c0d, 0x73ac, 0x6b6b, 0x6b4b, 0x6b2b,
    0x6b2b, 0x6b2b, 0x6b4b, 0x6b4b, 0x6b8c, 0x73ad, 0x6b6c, 0x6b6c, 0x738c, 0x73ac, 0x738c, 0x7bac,
    0x7bad, 0x7bad, 0x7bad, 0x7bad, 0x7bad, 0x7bad, 0x7bad, 0x7bad, 0x738c, 0x632b, 0x632b, 0x632b,
    0x6b8c, 0x6bce, 0x6bae, 0x6bae, 0x6bce, 0x6bce, 0x84b3, 0xa619, 0xc6dd, 0xe77e, 0xd6fb, 0xa574,
    0x4aaa, 0x8d15, 0xa63c, 0xa65d, 0xa65d, 0xa65c, 0xa65c, 0xa65c, 0xae5c, 0x9df9, 0x8513, 0x6bed,
    0x638c, 0x5b2b, 0x532a, 0x5b2a, 0x52e7, 0x73aa, 0x840d, 0x840d, 0x7c0d, 0x7bcc, 0x7bec, 0x73cc,
    0x6b8b, 0x73ac, 0x7bec, 0x7bec, 0x7bcc, 0x840d, 0x7bed, 0x740f, 0x8d15, 0x9dfa, 0xae5c, 0xa65c,
    0xa65c, 0xa65c, 0xa65c, 0xa63b, 0x9db8, 0x9576, 0x7450, 0x634c, 0x630b, 0x630a, 0x5b0a, 0x630a,
    0x630a, 0x632a, 0x7bcd, 0x840e, 0x840e, 0x840e, 0x840e, 0x7c0d, 0x7c0b, 0x73eb, 0x73eb, 0x73eb,
    0x73eb, 0x7beb, 0x7beb, 0x7c0b, 0x7c0c, 0x740d, 0x740d, 0x73ec, 0x73cb, 0x7bec, 0x8c4f, 0x6b4b,
    0x738c, 0x6b6c, 0x5aea, 0x630a, 0x630a, 0x632a, 0x5b27, 0x63a7, 0x4a86, 0x4a66, 0x4a67, 0x4a46,
    0x52a8, 0x5ac9, 0x5ac9, 0x5ac9, 0x5ae9, 0x5ae9, 0x5ae9, 0x5aea, 0x634c, 0x636d, 0x636d, 0x634d,
    0x634d, 0x73f0, 0x9536, 0x9557, 0x9557, 0x9557, 0x9557, 0xa61a, 0xa61a, 0x84d4, 0x7c51, 0x9d98,
    0xa63c, 0xa63c, 0xa61b, 0x9d98, 0x8493, 0x8493, 0xa5fa, 0xae5c, 0xae5c, 0xa65d, 0xa63c, 0x84f5,
    0x638d, 0xc69a, 0xdf5e, 0xdf7e, 0xdf5e, 0xcf1e, 0xae7c, 0xae5c, 0xae1a, 0x8cf5, 0x7410, 0x73ae,
    0x6b4c, 0x6b4b, 0x6b2b, 0x734b, 0x7bac, 0x7bcd, 0x7bcd, 0x7bcd, 0x7bcd, 0x7bcd, 0x7bad, 0x7bad,
    0x73ad, 0x73ad, 0x7bad, 0x7bad, 0x7bad, 0x7bad, 0x73ac, 0x738c, 0x738c, 0x738c, 0x738c, 0x73ac,
    0x73ac, 0x73ac, 0x7bcd, 0x7bed, 0x73ac, 0x5ae9, 0x5aea, 0xbe18, 0x8c71, 0x4206, 0x41e5, 0x41e6,
    0x4227, 0x4aa9, 0x8472, 0xae3b, 0xbedd, 0xd75f, 0xdf7f, 0xe79f, 0xe77e, 0xd75e, 0xae7c, 0xae5d,
    0xa65d, 0xae7d, 0xd73e, 0xe77f, 0xe79f, 0xdf7f, 0xcf1e, 0xb69c, 0xae5c, 0x9d98, 0xa576, 0x73ce,
    0x5aea, 0x6b2b, 0x6b2b, 0x6b2b, 0x630b, 0x6b2b, 0x6b2a, 0x6b2b, 0x6b2b, 0x6b2b, 0x6b2b, 0x6b2b,
    0x6b2b, 0x6b2b, 0x6b2b, 0x6b4b, 0x6b6c, 0x73ad, 0x6b6c, 0x736c, 0x738c, 0x738c, 0x7bac, 0x738c,
    0x6b6c, 0x738c, 0x738c, 0x736c, 0x5aea, 0x632b, 0x630a, 0x5b0a, 0x632b, 0x7c2f, 0x8491, 0x84b2,
    0x9d75, 0xadf8, 0xadf8, 0xadf8, 0xadf8, 0xadf9, 0xae3a, 0xb67b, 0xc69b, 0xceba, 0xc699, 0xa594,
    0x52ea, 0x636d, 0x84f6, 0xa61b, 0xa65c, 0xa63c, 0xa63c, 0x9578, 0x8492, 0x6bcd, 0x52a8, 0x5ae8,
    0x62e9, 0x5287, 0x52a7, 0x52a7, 0x52a8, 0x5ac8, 0x630a, 0x630a, 0x62e9, 0x5ac9, 0x62e9, 0x5ac9,
    0x52a8, 0x5ac8, 0x5ac9, 0x62e9, 0x62ea, 0x62ea, 0x5aa8, 0x52a8, 0x52c9, 0x73ef, 0x84b2, 0x7cb2,
    0x7cb2, 0x7cb2, 0x84d3, 0x84b2, 0x5b4c, 0x52c9, 0x52c8, 0x52a8, 0x5aa9, 0x5a89, 0x5aa9, 0x5a88,
    0x5aa9, 0x5aa9, 0x5aa9, 0x5aa9, 0x5aa9, 0x5aa9, 0x5ac9, 0x52c7, 0x52c6, 0x52c6, 0x52a6, 0x52a6,
    0x4aa6, 0x52a6, 0x52c6, 0x52c6, 0x52c7, 0x52c7, 0x52a7, 0x5287, 0x5287, 0x5287, 0x5aa9, 0x5a88,
    0x5288, 0x5288, 0x5288, 0x5288, 0x5288, 0x5aa8, 0x5b07, 0x6366, 0x3a04, 0x5267, 0x5288, 0x4246,
    0x4226, 0x4206, 0x4246, 0x5287, 0x5288, 0x5a88, 0x5a89, 0x5a88, 0x5a89, 0x5a89, 0x5a89, 0x5a89,
    0x5a88, 0x5289, 0x5aca, 0x52ca, 0x52ca, 0x5aca, 0x5aeb, 0x73cf, 0x8cb2, 0x6b8d, 0x5ac9, 0x636e,
    0x9599, 0xa5fb, 0x8cd4, 0x5b2c, 0x5aca, 0x5aea, 0x73f0, 0xa5fa, 0xae5c, 0xa61b, 0x8d16, 0x5b6e,
    0x638c, 0xbe78, 0xcf1c, 0xdf5d, 0xdf5e, 0xdf5e, 0xd75e, 0xcf1d, 0xcf1d, 0xcefd, 0xc6dc, 0xb619,
    0x9515, 0x7c51, 0x63ae, 0x6bce, 0x73ad, 0x6b8c, 0x6b6c, 0x6b4b, 0x6b6c, 0x738c, 0x738c, 0x738c,
    0x738c, 0x7bac, 0x7bad, 0x7bad, 0x7bad, 0x7bad, 0x738c, 0x738c, 0x738c, 0x738c, 0x738c, 0x738c,
    0x7b8c, 0x7bac, 0x7bac, 0x7bad, 0x738c, 0x736c, 0x6b6d, 0x9d13, 0x8430, 0x62ea, 0x5ac9, 0x52a9,
    0x634c, 0x9d56, 0xc6bc, 0xd73e, 0xdf7f, 0xe77f, 0xe77f, 0xe77f, 0xe77f, 0xcf3e, 0xae7c, 0xa65d,
    0xae5d, 0xae5c, 0xbebd, 0xdf7f, 0xe77f, 0xdf7f, 0xdf7f, 0xd75e, 0xcf1e, 0xcefd, 0xdf7e, 0xb5d7,
    0x632c, 0x5aea, 0x6b2b, 0x6b2b, 0x6b2b, 0x6b2b, 0x6b2b, 0x6b2b, 0x6b2b, 0x6b2b, 0x6b4b, 0x6b2b,
    0x6b4b, 0x6b2b, 0x6b2b, 0x6b4b, 0x6b4b, 0x6b4b, 0x6b4b, 0x630a, 0x630a, 0x630a, 0x630a, 0x632b,
    0x6b8c, 0x6b8d, 0x6b8c, 0x6b8c, 0x740e, 0x9d74, 0x9d74, 0x9d54, 0x9d54, 0xa5b6, 0xadf7, 0xadf7,
    0xadd8, 0xadf8, 0xadf8, 0xae18, 0xae18, 0xae18, 0xb658, 0xbe58, 0xb637, 0xb637, 0xbe36, 0xb616,
    0xa573, 0x5aea, 0x530c, 0x9557, 0x95b9, 0x95b9, 0x8d37, 0x6bcf, 0x5aca, 0x5aa9, 0x5a88, 0x5a89,
    0x5288, 0x5288, 0x5288, 0x52a8, 0x52a8, 0x52a8, 0x5288, 0x5aa9, 0x5a88, 0x5a88, 0x5a89, 0x5a89,
    0x5a89, 0x5aa9, 0x5a89, 0x5a89, 0x5a89, 0x5a88, 0x5a69, 0x5a89, 0x5a88, 0x5287, 0x4a66, 0x3a65,
    0x3244, 0x3a45, 0x4a87, 0x5ac8, 0x5288, 0x5288, 0x5288, 0x5aa9, 0x5a88, 0x5288, 0x52a8, 0x5a89,
    0x5a89, 0x5aa9, 0x5a89, 0x5a88, 0x5a89, 0x5a88, 0x5a88, 0x5a88, 0x5aa8, 0x52a8, 0x5aa8, 0x5aa8,
    0x5aa8, 0x5a88, 0x5a88, 0x5aa8, 0x5a88, 0x5aa8, 0x5aa8, 0x5aa8, 0x5aa8, 0x5aa8, 0x5a88, 0x5288,
    0x5288, 0x5288, 0x5288, 0x5268, 0x5288, 0x5a68, 0x5ae7, 0x5b26, 0x4225, 0x5288, 0x5a88, 0x5ac8,
    0x5a88, 0x4a67, 0x3a05, 0x4a66, 0x5a88, 0x5a88, 0x5a88, 0x5a88, 0x5288, 0x5288, 0x5288, 0x5a88,
    0x5268, 0x5288, 0x5288, 0x5a88, 0x5a89, 0x5a89, 0x5a88, 0x5aa9, 0x5aca, 0x5ac9, 0x5a88, 0x52aa,
    0x9536, 0x9577, 0x5b0c, 0x5288, 0x5288, 0x52a8, 0x5aca, 0x9556, 0xae5c, 0x9577, 0x4acb, 0x6bad,
    0xa593, 0xb635, 0xbe78, 0xc6b9, 0xc6da, 0xcf1c, 0xcf1d, 0xd73d, 0xd73e, 0xd73e, 0xd73e, 0xd73e,
    0xcf1e, 0xc6bc, 0xbe7b, 0xbe7a, 0xbe5a, 0xbe5a, 0xadd7, 0x9d75, 0x8cb2, 0x73ce, 0x6bad, 0x6b8d,
    0x6b8c, 0x6b4b, 0x6b4b, 0x6b4b, 0x6b4b, 0x6b4b, 0x738c, 0x738c, 0x738c, 0x738c, 0x738c, 0x738c,
    0x7bac, 0x7bac, 0x7b8c, 0x7bac, 0x7bac, 0x736b, 0x630a, 0x630a, 0x62ea, 0x62ca, 0x5aca, 0x7bef,
    0xbe59, 0xdf5e, 0xdf7f, 0xe79f, 0xe79f, 0xe77f, 0xe79f, 0xe79f, 0xd75f, 0xbebd, 0xae5d, 0xa65d,
    0xa65c, 0xae5d, 0xb69d, 0xdf7f, 0xe77f, 0xdf9f, 0xe79f, 0xe79f, 0xe79f, 0xe77f, 0xe77f, 0xdf3d,
    0x9d34, 0x52ca, 0x52a9, 0x630a, 0x6b4b, 0x6b4b, 0x6b2b, 0x6b0b, 0x6b2b, 0x6b2b, 0x6b2b, 0x6b2b,
    0x630a, 0x52c9, 0x52ca, 0x5ac9, 0x5ac9, 0x5aa9, 0x5b0b, 0x7c0f, 0x7c50, 0x7c70, 0x7c2f, 0x8cb2,
    0xadd6, 0xadf6, 0xadf6, 0xadf6, 0xadd6, 0xa595, 0xa596, 0xa575, 0x9d75, 0x9d55, 0x9d75, 0xa5b6,
    0xa5b6, 0xa5b6, 0xadd7, 0xb5f7, 0xb616, 0xb5f6, 0x94f2, 0x8490, 0x846f, 0x8cb1, 0x9d53, 0x9d93,
    0xadd4, 0x5b0a, 0x4248, 0x7430, 0x84b1, 0x744f, 0x6bee, 0x5b0a, 0x4227, 0x4206, 0x4206, 0x4206,
    0x4206, 0x4206, 0x4206, 0x4226, 0x4206, 0x4206, 0x39c5, 0x4206, 0x41e6, 0x4206, 0x4226, 0x4a27,
    0x4227, 0x4206, 0x4206, 0x4206, 0x4206, 0x4206, 0x4206, 0x4206, 0x4206, 0x4226, 0x4226, 0x4225,
    0x3223, 0x3a04, 0x4226, 0x4a26, 0x4a26, 0x4206, 0x41e6, 0x41e6, 0x41e6, 0x4206, 0x4206, 0x4206,
    0x4206, 0x4206, 0x4206, 0x4206, 0x4206, 0x4206, 0x4206, 0x4206, 0x4206, 0x4206, 0x4206, 0x4206,
    0x4206, 0x4206, 0x4206, 0x4206, 0x41e6, 0x4206, 0x4206, 0x4206, 0x4206, 0x4206, 0x4206, 0x4206,
    0x41e6, 0x4206, 0x41e6, 0x41e6, 0x41e6, 0x41e6, 0x4a66, 0x5b06, 0x39e4, 0x4206, 0x4a26, 0x4a26,
    0x4a26, 0x4226, 0x4226, 0x4225, 0x39e5, 0x39e5, 0x4205, 0x41e6, 0x41e6, 0x41e6, 0x41e6, 0x41e6,
    0x4206, 0x4206, 0x4206, 0x4206, 0x4206, 0x4a26, 0x4226, 0x4206, 0x4206, 0x4206, 0x4206, 0x4a48,
    0x9577, 0x9556, 0x4a68, 0x41e6, 0x41e6, 0x4206, 0x4a48, 0x8d16, 0xae5c, 0x8493, 0x39e7, 0x740e,
    0xadf5, 0xa5b5, 0xadd4, 0xadb4, 0x8cb1, 0x84b2, 0x8d14, 0xa5f7, 0xadf8, 0xa5f7, 0xa618, 0xb69a,
    0xbebc, 0xcf3d, 0xd75e, 0xd73e, 0xd73e, 0xd75e, 0xd71e, 0xcefd, 0xcefd, 0xbebb, 0xae18, 0xae17,
    0xa595, 0x8491, 0x8471, 0x7c70, 0x8470, 0x73cd, 0x5aea, 0x5aca, 0x5aea, 0x5aea, 0x5aea, 0x630a,
    0x738c, 0x738c, 0x7b8c, 0x7b8c, 0x738c, 0x6b4b, 0x62ea, 0x62ea, 0x62ea, 0x5ac9, 0x73ae, 0xc69b,
    0xdf7f, 0xdf7f, 0xe79f, 0xe79f, 0xdf9f, 0xe77f, 0xe77f, 0xe77f, 0xc6dd, 0xae5c, 0xae5d, 0xa65d,
    0xae5d, 0xae5d, 0xb69d, 0xd75f, 0xe79f, 0xe79f, 0xe79f, 0xe77f, 0xe77f, 0xe79f, 0xe77f, 0xe79f,
    0xd71d, 0x9d34, 0x4a89, 0x5288, 0x5ae9, 0x5ac9, 0x5aea, 0x5b0b, 0x5b0b, 0x5b0b, 0x5b0b, 0x5b0b,
    0x740f, 0x9514, 0x8d14, 0x8d13, 0x8d13, 0x8d13, 0x9514, 0xa5b6, 0xa5b6, 0x9d96, 0xa596, 0xa596,
    0xa5b6, 0xa5d7, 0x9d75, 0x9513, 0x9513, 0x94f3, 0x94f3, 0x9513, 0x9513, 0x9514, 0x9d34, 0xa573,
    0x9d53, 0xa553, 0x94d1, 0x6b8c, 0x636b, 0x634b, 0x4a68, 0x4a47, 0x5288, 0x73ac, 0x7c0e, 0x8cb0,
    0xadb3, 0x632a, 0x4227, 0x8cf4, 0x9dd8, 0x84f4, 0x740f, 0x6b6c, 0x5268, 0x4a47, 0x4a47, 0x5247,
    0x5267, 0x5247, 0x4a67, 0x4a67, 0x4a47, 0x4a47, 0x4a27, 0x4a27, 0x4a47, 0x4a67, 0x5268, 0x5268,
    0x5268, 0x4a48, 0x4a47, 0x4a47, 0x4a47, 0x4a27, 0x4a47, 0x4a27, 0x4a27, 0x4a47, 0x5267, 0x5287,
    0x3a24, 0x4a46, 0x4a47, 0x5268, 0x5268, 0x4a47, 0x4a27, 0x4a47, 0x4a47, 0x4a47, 0x4a47, 0x4a27,
    0x4a47, 0x4a27, 0x4a27, 0x4a47, 0x4a47, 0x4a47, 0x4a47, 0x4a47, 0x4a47, 0x4a47, 0x4a47, 0x4a47,
    0x4a47, 0x4a47, 0x4a47, 0x4a27, 0x4a27, 0x4a27, 0x4a47, 0x4a47, 0x4a47, 0x4a47, 0x4a47, 0x4a47,
    0x4a47, 0x4a47, 0x4a47, 0x4a47, 0x4a27, 0x4a27, 0x5267, 0x5ac8, 0x5267, 0x5288, 0x5268, 0x5247,
    0x4a47, 0x5268, 0x5267, 0x4a67, 0x39e4, 0x3183, 0x39c4, 0x4226, 0x4227, 0x4a27, 0x4227, 0x4227,
    0x4a27, 0x4a47, 0x4a67, 0x4a48, 0x4a47, 0x4a47, 0x4a47, 0x4a27, 0x4a27, 0x4a47, 0x4a47, 0x5289,
    0x9536, 0x7c73, 0x4a68, 0x4a07, 0x4227, 0x4227, 0x4a48, 0x8d16, 0xa63b, 0x7c51, 0x4206, 0x7c0e,
    0xadf5, 0x9534, 0xa5b4, 0x9d32, 0x5b2a, 0x4a68, 0x4a88, 0x632a, 0x5b2a, 0x5b0a, 0x638d, 0x8cf4,
    0x9555, 0xa5b6, 0xb618, 0xcefc, 0xcf1d, 0xcf1d, 0xcf1d, 0xd71e, 0xd73e, 0xcf1d, 0xcf1d, 0xcf1d,
    0xbe9b, 0xae39, 0xa5f8, 0xa618, 0xae38, 0xa5d6, 0x9534, 0x8d14, 0x9513, 0x9533, 0x9534, 0x8cf2,
    0x638d, 0x634c, 0x634c, 0x634c, 0x634c, 0x632c, 0x5aca, 0x630b, 0x7bef, 0x8c91, 0xc69a, 0xdf7e,
    0xdf7f, 0xdf9f, 0xe79f, 0xe77f, 0xe79f, 0xe77f, 0xe77f, 0xd75f, 0xb6bd, 0xae7d, 0xae5d, 0xae5d,
    0xae5d, 0xae7d, 0xae7d, 0xbedd, 0xd77f, 0xdf9f, 0xe77f, 0xe79f, 0xe77f, 0xe77f, 0xe77f, 0xe77f,
    0xe79f, 0xd73d, 0x94d3, 0x52aa, 0x632b, 0x6bad, 0x8cf3, 0x9d55, 0x9d55, 0x9d55, 0x9d76, 0x9576,
    0x9db7, 0xa5f8, 0xa5f8, 0xa5f8, 0x9dd7, 0x9576, 0x9555, 0x9d55, 0x9514, 0x8cd2, 0x8cd3, 0x8cd3,
    0x94f3, 0x9d54, 0x9513, 0x9d33, 0x9d53, 0xa574, 0x9d53, 0x8cb1, 0x8cb1, 0x8c91, 0x844f, 0x6b4b,
    0x5288, 0x4a68, 0x5288, 0x6b6b, 0x634a, 0x4aa7, 0x5288, 0x7bad, 0x738c, 0x6b8b, 0x7c0d, 0x8cb0,
    0xadd3, 0x636b, 0x4248, 0x8d16, 0xa63b, 0x8d37, 0x7472, 0x7411, 0x4227, 0x39c5, 0x39c5, 0x41e5,
    0x4206, 0x4205, 0x4205, 0x4205, 0x41e6, 0x39e5, 0x39c5, 0x4207, 0x4227, 0x4226, 0x4a26, 0x4226,
    0x4206, 0x39e5, 0x39e5, 0x39e5, 0x39e5, 0x39c5, 0x39c5, 0x39c5, 0x39c5, 0x39c5, 0x4206, 0x4226,
    0x4205, 0x4226, 0x4227, 0x4a48, 0x4a68, 0x4227, 0x3a07, 0x3a07, 0x41e6, 0x41e6, 0x39e5, 0x39c5,
    0x39c5, 0x39c5, 0x39c5, 0x39c5, 0x39e5, 0x41e5, 0x39e6, 0x4227, 0x4248, 0x4a48, 0x4a48, 0x4a48,
    0x4247, 0x4a48, 0x4247, 0x4a47, 0x4227, 0x4207, 0x41c5, 0x41e6, 0x39e6, 0x41e6, 0x41e6, 0x39e5,
    0x39e6, 0x39e6, 0x39e5, 0x41e6, 0x41e6, 0x4227, 0x4227, 0x4248, 0x4a48, 0x4a68, 0x4a88, 0x4a48,
    0x4247, 0x4247, 0x4226, 0x4206, 0x39e5, 0x31a4, 0x31c4, 0x39c5, 0x39c5, 0x39c5, 0x39c5, 0x39c5,
    0x39e5, 0x4227, 0x4247, 0x4a68, 0x4247, 0x4226, 0x39e5, 0x39c5, 0x39c5, 0x4205, 0x4206, 0x4a47,
    0x9515, 0x7411, 0x3a06, 0x39c5, 0x39c5, 0x39e5, 0x4228, 0x8d16, 0x8d15, 0x52a9, 0x3a06, 0x844f,
    0xb616, 0x9d96, 0xa5b4, 0xadb3, 0x8c6f, 0x7bac, 0x738c, 0x6b6a, 0x52c6, 0x5b07, 0x4aa6, 0x52e8,
    0x5b09, 0x5b0a, 0x5b2b, 0x8cb2, 0x8d14, 0xa5d7, 0xa618, 0xb659, 0xb67a, 0xb67a, 0xbe9b, 0xc6fc,
    0xd73e, 0xcefd, 0xbebc, 0xbebc, 0xae3a, 0xa619, 0xae19, 0xa618, 0xa5d7, 0xa5f7, 0xa5f8, 0xa5f7,
    0xa5b6, 0x9db6, 0x9db7, 0x9db7, 0x9db7, 0x9555, 0x7410, 0x94d3, 0xd6fc, 0xd73d, 0xe77f, 0xe77f,
    0xe79f, 0xe77f, 0xe77f, 0xe79f, 0xe77f, 0xe77f, 0xd75e, 0xbebd, 0xae7d, 0xae7d, 0xae5d, 0xae5d,
    0xae5d, 0xa65c, 0xae5d, 0xae5c, 0xbebd, 0xd77f, 0xe79f, 0xe79f, 0xe77f, 0xe79f, 0xe79f, 0xe79f,
    0xdf7f, 0xdf7f, 0xdf3d, 0xbe39, 0x8cd3, 0x73ef, 0x73ef, 0x7c30, 0x8431, 0x8451, 0x94f4, 0x9d76,
    0x9d55, 0x9515, 0x9534, 0x9d55, 0x9514, 0x8492, 0x8471, 0x8cd2, 0x94f2, 0x8cb1, 0x8cb1, 0x8cb1,
    0x8cb1, 0x8cb2, 0x8430, 0x632b, 0x634c, 0x636c, 0x6b6c, 0x6b6c, 0x6b6c, 0x6b4c, 0x5ae9, 0x5b09,
    0x6b4b, 0x52a8, 0x5288, 0x8c6e, 0x94cf, 0x7bec, 0x6b4b, 0x7bcd, 0x73ab, 0x52e7, 0x6bca, 0x94af,
    0xb5f4, 0xa573, 0x7c4f, 0x84f5, 0xa63b, 0x7c94, 0x6c10, 0x9db8, 0x4acb, 0x2963, 0x39c5, 0x39c5,
    0x39c5, 0x39e5, 0x39e5, 0x41e5, 0x41e6, 0x4a47, 0x4a47, 0x842f, 0x94d3, 0x630b, 0x630b, 0x6b0a,
    0x4a26, 0x31a4, 0x39e5, 0x39c5, 0x39c5, 0x39a5, 0x39c5, 0x39c5, 0x39a5, 0x4a47, 0x5288, 0x4a67,
    0x630b, 0x638d, 0x7cd2, 0x8535, 0x7cf5, 0x5c32, 0x53d1, 0x538f, 0x3a27, 0x4a26, 0x41e6, 0x39c5,
    0x39c5, 0x39c5, 0x39c5, 0x39c5, 0x39e5, 0x4a47, 0x4a68, 0x7471, 0x8535, 0x8555, 0x7d35, 0x7d34,
    0x7d34, 0x8555, 0x9595, 0x8d75, 0x7d34, 0x6c0f, 0x4227, 0x4a26, 0x41e5, 0x39c5, 0x41c5, 0x41c5,
    0x39c5, 0x39c5, 0x41c5, 0x4206, 0x4aa9, 0x7cd3, 0x7cf4, 0x74f4, 0x74d3, 0x7d34, 0x8555, 0x8534,
    0x7cf4, 0x6c71, 0x4aa8, 0x5a87, 0x41e6, 0x39c5, 0x39a5, 0x39a5, 0x39a5, 0x39c5, 0x41e6, 0x39c5,
    0x3a07, 0x5c10, 0x7471, 0xa574, 0x8c91, 0x8470, 0x52a9, 0x4a47, 0x4206, 0x4206, 0x4206, 0x4226,
    0x6b8e, 0x6baf, 0x4206, 0x39c5, 0x3183, 0x52a9, 0x6bf0, 0x9577, 0x530c, 0x39e6, 0x846f, 0xa594,
    0xb616, 0xa595, 0xadd4, 0xadd3, 0x8c8f, 0x7bcd, 0x7bac, 0x73ab, 0x52e6, 0x6388, 0x6ba9, 0x5306,
    0x4ae6, 0x5b28, 0x634b, 0x6b4c, 0x6b6c, 0x6bcd, 0x6bce, 0x6bee, 0x73ef, 0x740f, 0x7410, 0x8d14,
    0xadd8, 0xadd8, 0xa5d8, 0xa5d8, 0xa5f9, 0x9598, 0x9db8, 0x9d97, 0x8cf5, 0x8cd4, 0x8cd4, 0x8cf4,
    0x8d15, 0x9515, 0x8d15, 0x9535, 0x8d14, 0x8cf4, 0x9514, 0xcebb, 0xe77f, 0xe77f, 0xe77f, 0xe79f,
    0xe77f, 0xe77f, 0xe77f, 0xe79f, 0xe79f, 0xdf7f, 0xbedd, 0xae7d, 0xae7d, 0xae7d, 0xae7d, 0xae5d,
    0xae5d, 0xae7c, 0xae7d, 0xae5d, 0xae7c, 0xc6fe, 0xdf7f, 0xe79f, 0xe79f, 0xe77f, 0xe79f, 0xe79f,
    0xe79f, 0xdf7f, 0xdf9f, 0xdf7f, 0xc69b, 0x8430, 0x632c, 0x736c, 0x738d, 0x7bce, 0x8c91, 0x94d2,
    0x94d2, 0x94b2, 0x94b2, 0x7c4f, 0x73ee, 0x73ce, 0x73ce, 0x73ce, 0x5b2b, 0x4a68, 0x52ca, 0x52ca,
    0x5aca, 0x5aca, 0x630a, 0x6b6c, 0x736c, 0x738c, 0x6b6c, 0x6b6b, 0x6b6b, 0x6b4b, 0x52a8, 0x636b,
    0x73ad, 0x73ac, 0x634b, 0x73ed, 0x94b0, 0x73ac, 0x736b, 0x7bcd, 0x73cc, 0x5b27, 0x6bc9, 0x94af,
    0xadd4, 0xbe35, 0x94f1, 0x7411, 0x9dda, 0x7c52, 0x63af, 0xa5fa, 0x5b2d, 0x39c5, 0x4a07, 0x4a27,
    0x4a07, 0x4a27, 0x4a27, 0x5247, 0x5aa9, 0x7b8c, 0x6b4b, 0xa575, 0xd73d, 0x9d14, 0x6b4c, 0x83ad,
    0x5a88, 0x39c5, 0x4a27, 0x4a27, 0x4a27, 0x5247, 0x5247, 0x5248, 0x5a88, 0x734b, 0x6b2b, 0x5aeb,
    0x9514, 0xa65a, 0x9e9b, 0x7d98, 0x6517, 0x5cf7, 0x5cf7, 0x6494, 0x4289, 0x5a88, 0x5247, 0x4a47,
    0x4a47, 0x4a47, 0x4a47, 0x5248, 0x5aa9, 0x838c, 0x632b, 0x8d76, 0x967b, 0x967b, 0x9e9b, 0xa6bb,
    0xa6bb, 0xa6dc, 0xa6dc, 0x967b, 0x8e3a, 0x7cf3, 0x5b0b, 0x734b, 0x5aa9, 0x5247, 0x5247, 0x5247,
    0x5247, 0x4a27, 0x5247, 0x5268, 0x534c, 0x963a, 0x8e5a, 0x85f9, 0x85f9, 0x8e3a, 0x965a, 0x965a,
    0x965a, 0x8597, 0x5b4c, 0x7b8b, 0x5ac9, 0x5247, 0x4a27, 0x4a27, 0x4a27, 0x4a27, 0x5268, 0x4206,
    0x42aa, 0x7d57, 0xae9b, 0xbe58, 0xadd7, 0xc679, 0x6b8d, 0x738c, 0x5ac9, 0x5268, 0x5248, 0x5247,
    0x4a48, 0x5269, 0x4a27, 0x4206, 0x39c4, 0x6b8c, 0x8d57, 0x95b9, 0x52eb, 0x3a06, 0xa573, 0xadf5,
    0xadb4, 0x9d54, 0xadd4, 0xadd3, 0x8c6f, 0x6b6c, 0x632a, 0x73ab, 0x5306, 0x5b67, 0x5b67, 0x4b05,
    0x4ac4, 0x6369, 0x7bcc, 0x6b6b, 0x6b8b, 0x736c, 0x6b6c, 0x6b6c, 0x736c, 0x738c, 0x632b, 0x5b0a,
    0x5b0b, 0x5b2b, 0x5b2b, 0x5b0b, 0x6bae, 0x7430, 0x7430, 0x7c30, 0x7c91, 0x8d14, 0x8d13, 0x8cf3,
    0x84b2, 0x73cf, 0x634c, 0x6b4c, 0x632c, 0x73cf, 0xbe59, 0xe77e, 0xe77f, 0xe79f, 0xe77f, 0xe79f,
    0xe79f, 0xe77f, 0xe79f, 0xe79f, 0xe77f, 0xcf1e, 0xae7d, 0xa65d, 0xae5d, 0xae7d, 0xae7d, 0xae5d,
    0xae7d, 0xae7d, 0xae7d, 0xae7d, 0xae7c, 0xbedd, 0xdf7f, 0xe79f, 0xe79f, 0xe79f, 0xe79f, 0xe79f,
    0xe79f, 0xe79f, 0xe79f, 0xdf7f, 0xdf7f, 0xce9b, 0x8430, 0x6b6c, 0x736c, 0x6b6b, 0x632b, 0x632b,
    0x632b, 0x634b, 0x632b, 0x5ac9, 0x5aea, 0x5aea, 0x5aea, 0x5aea, 0x5ac9, 0x5b0a, 0x6b6c, 0x6b6c,
    0x6b6b, 0x6b4b, 0x738c, 0x7bac, 0x7bcd, 0x6b6b, 0x52c8, 0x4a88, 0x632b, 0x73cd, 0x73ed, 0x7c2e,
    0x73ac, 0x948f, 0x7c0d, 0x5b09, 0x7c2e, 0x6b8c, 0x736b, 0x7bcd, 0x7bec, 0x6367, 0x6bc9, 0x8cae,
    0x9d72, 0xb614, 0x8cb0, 0x4acb, 0x9d98, 0x7411, 0x638f, 0xa5fa, 0x6baf, 0x39e5, 0x41e5, 0x4a27,
    0x5a89, 0x62c9, 0x62c9, 0x62e9, 0x7b8c, 0x83ed, 0x842f, 0xce9a, 0xdf7e, 0xbe59, 0x7bef, 0x83ae,
    0x6b0b, 0x39c5, 0x41e6, 0x4a47, 0x5aa9, 0x62e9, 0x630a, 0x6b2a, 0x7b6c, 0x7b8c, 0x6bae, 0x8515,
    0x8dd8, 0x85d9, 0x7db9, 0x6537, 0x5cf7, 0x64f7, 0x6d58, 0x7d77, 0x63ef, 0x4268, 0x5248, 0x5288,
    0x62c9, 0x62e9, 0x62ea, 0x630a, 0x736b, 0x7bcd, 0x7470, 0x9619, 0xa6bb, 0xaefc, 0xb71d, 0xb73d,
    0xa6bb, 0x967b, 0x8e3a, 0x8e3a, 0x8e3a, 0x8576, 0x63ce, 0x7bac, 0x7bac, 0x6b0a, 0x62e9, 0x62ea,
    0x62c9, 0x5268, 0x4a47, 0x4a89, 0x6431, 0x8dd9, 0x85f9, 0x8df9, 0x8e3a, 0x965a, 0x965a, 0x967a,
    0x9e9b, 0x9e7a, 0x7471, 0x6b6b, 0x736c, 0x62e9, 0x5ac9, 0x62c9, 0x5aa9, 0x5268, 0x4a47, 0x4268,
    0x7451, 0xae5a, 0xb659, 0xa576, 0xcefc, 0xd71c, 0x8c91, 0x7bcd, 0x7bac, 0x6b4b, 0x62ea, 0x62e9,
    0x5ac9, 0x5247, 0x4206, 0x39c5, 0x5267, 0x73cd, 0x9598, 0x9dba, 0x52ec, 0x3a06, 0x9d53, 0xa593,
    0x9511, 0x9512, 0xadb4, 0xadd3, 0x844e, 0x632b, 0x4247, 0x6b6b, 0x738a, 0x6388, 0x5306, 0x42a3,
    0x4ac4, 0x6b6a, 0x6b4b, 0x52c8, 0x4ac8, 0x6b6b, 0x738c, 0x738c, 0x7b8c, 0x7bad, 0x738c, 0x736c,
    0x6b4b, 0x6b4b, 0x738c, 0x6b4b, 0x5aea, 0x4aa8, 0x52a8, 0x52a8, 0x5b4a, 0x638c, 0x5b2b, 0x5b2b,
    0x5b0a, 0x52ca, 0x52a9, 0x52a9, 0x632c, 0xad96, 0xdf5e, 0xe77f, 0xe79f, 0xe79f, 0xe79f, 0xe79f,
    0xe79f, 0xe79f, 0xe77f, 0xdf7f, 0xd75f, 0xbebd, 0xae7d, 0xae5d, 0xae5d, 0xae7d, 0xae7d, 0xae5d,
    0xae7d, 0xae7d, 0xae7d, 0xae7d, 0xae7c, 0xbedd, 0xdf5f, 0xe77f, 0xe79f, 0xe79f, 0xe79f, 0xe79f,
    0xe79f, 0xe79f, 0xe77f, 0xe79f, 0xdf7f, 0xdf7f, 0xce9b, 0x8c91, 0x5b0a, 0x3a05, 0x3a05, 0x4226,
    0x4226, 0x4226, 0x52a8, 0x6b4b, 0x6b6b, 0x6b6b, 0x738c, 0x738d, 0x738c, 0x738c, 0x738c, 0x738c,
    0x5ac9, 0x4226, 0x5ae9, 0x7bcc, 0x738c, 0x52a8, 0x4a87, 0x6b6b, 0x7bed, 0x8c8f, 0x94f0, 0x8c8f,
    0x73cc, 0x8c8f, 0x842e, 0x52c8, 0x738c, 0x630a, 0x6b6b, 0x7bcd, 0x6ba9, 0x5325, 0x73e9, 0x8c8e,
    0x9d52, 0xb5f4, 0x8cb0, 0x4aaa, 0x9577, 0x6bae, 0x638e, 0xae1a, 0x7c31, 0x4a67, 0x31a4, 0x39a5,
    0x4206, 0x4206, 0x4206, 0x5267, 0x6b4a, 0x7c2f, 0xbe59, 0xe77f, 0xdf7f, 0xdf5e, 0x94f4, 0x7bae,
    0x7b8d, 0x5ac9, 0x39c5, 0x41e6, 0x4a26, 0x4a46, 0x5267, 0x5aa8, 0x6b2a, 0x6bad, 0x7cf5, 0x7557,
    0x6517, 0x6517, 0x6517, 0x6517, 0x6d57, 0x7d98, 0x8e1a, 0x965a, 0x8df8, 0x640f, 0x4227, 0x4a26,
    0x4a47, 0x4a47, 0x4a47, 0x52a8, 0x632a, 0x7470, 0x9e59, 0xaefd, 0xb71d, 0xaf1c, 0xa6bc, 0x965a,
    0x8e3a, 0x8e5a, 0x965a, 0x967b, 0x9e9b, 0x9e9b, 0x95d7, 0x6bee, 0x736b, 0x5a88, 0x4a47, 0x4a47,
    0x4a47, 0x4a26, 0x3a27, 0x6410, 0x8597, 0x85f9, 0x965a, 0x9e5a, 0x965a, 0x965a, 0x967a, 0x9ebb,
    0xa6fc, 0xa6dc, 0x8df8, 0x6c2f, 0x6b2b, 0x52a8, 0x4a47, 0x4a47, 0x4206, 0x39e5, 0x4227, 0x7450,
    0xae7a, 0xbebb, 0xa596, 0xc6bb, 0xdf7e, 0xdf7e, 0xcedb, 0x8cb2, 0x6b6c, 0x5ac8, 0x4a47, 0x4a26,
    0x4206, 0x39c5, 0x39a4, 0x5288, 0x736b, 0x7bcd, 0x9557, 0x9dda, 0x530c, 0x3a06, 0x9d73, 0x9d93,
    0x94f1, 0x9512, 0xadb3, 0xadd3, 0x844e, 0x632b, 0x31a5, 0x6b4b, 0x738b, 0x4ac6, 0x4284, 0x3a62,
    0x4283, 0x6b6a, 0x7bac, 0x6b8b, 0x52c8, 0x4267, 0x52c9, 0x736c, 0x738c, 0x738c, 0x736c, 0x630a,
    0x5288, 0x52a8, 0x738b, 0x73ac, 0x736b, 0x6b4b, 0x6b6a, 0x5b27, 0x4ae5, 0x3a25, 0x31a4, 0x2964,
    0x3164, 0x39a5, 0x4a68, 0x6bad, 0xadd7, 0xdf3e, 0xe77f, 0xe77f, 0xdf7f, 0xe79f, 0xe77f, 0xe77f,
    0xe79f, 0xdf7f, 0xd75f, 0xc6dd, 0xbe9d, 0xb69d, 0xb69d, 0xae7c, 0xae7d, 0xae5d, 0xae5d, 0xae5d,
    0xae7d, 0xae7d, 0xae7d, 0xae7d, 0xb69d, 0xd75f, 0xdf9f, 0xe77f, 0xe79f, 0xe79f, 0xe79f, 0xe79f,
    0xe79f, 0xe79f, 0xdf7f, 0xe79f, 0xdf7f, 0xdf7f, 0xdf7f, 0xdf3d, 0x8cb1, 0x4226, 0x5ae9, 0x6b8c,
    0x7bcd, 0x7bcd, 0x7bcd, 0x632a, 0x636a, 0x52e9, 0x52a8, 0x738c, 0x7b8c, 0x738c, 0x6b4b, 0x52c9,
    0x4a68, 0x4aa8, 0x4267, 0x6b4b, 0x6b4b, 0x3a26, 0x634a, 0x7bcd, 0x7bad, 0x7bcd, 0x8c90, 0x94f0,
    0x7bed, 0x94af, 0x842e, 0x52c8, 0x738c, 0x5ac9, 0x6b4b, 0x7bed, 0x6baa, 0x5b66, 0x6bc8, 0x8c8d,
    0x94f1, 0xadf4, 0x8cb0, 0x4aaa, 0x84b3, 0x52a9, 0x6bae, 0xae1a, 0x7410, 0x5ac9, 0x39e5, 0x3184,
    0x39e5, 0x4206, 0x4206, 0x5288, 0x52c9, 0x9514, 0xcf1d, 0xdf7e, 0xdf7e, 0xdf7e, 0xbe7a, 0x73ae,
    0x7bad, 0x7b8d, 0x4a47, 0x31a4, 0x4206, 0x4a26, 0x4a47, 0x5288, 0x5ac9, 0x6c30, 0x6d36, 0x5cf7,
    0x64f7, 0x6517, 0x6d37, 0x7db9, 0x8e3a, 0x965a, 0x965a, 0x965a, 0x969b, 0x9618, 0x4289, 0x39e5,
    0x4206, 0x4206, 0x4a67, 0x62e9, 0x634b, 0x9618, 0xaf1d, 0xaefc, 0x9e9b, 0x8e3a, 0x8e3a, 0x965b,
    0x967b, 0x9ebc, 0xa6dc, 0xa6bc, 0xa6bc, 0x9ebc, 0x9e9b, 0x8d55, 0x5b0a, 0x5ac8, 0x4227, 0x4227,
    0x39e6, 0x31a5, 0x4b0b, 0x8dd7, 0x965a, 0x965a, 0x965a, 0x967a, 0x9e7a, 0xa6bb, 0xa6fc, 0xa6fc,
    0x9ebb, 0x967a, 0x8e3a, 0x8596, 0x530a, 0x5aa8, 0x4a47, 0x4a47, 0x4206, 0x39e5, 0x52ea, 0xbe9a,
    0xc71d, 0x9534, 0xa596, 0xdf5e, 0xdf7e, 0xdf7e, 0xdf7e, 0xbe5a, 0x636c, 0x5ac9, 0x4a27, 0x41e6,
    0x39c5, 0x31a4, 0x39a4, 0x736b, 0x738b, 0x736b, 0x7c51, 0xa5d9, 0x532d, 0x3a06, 0x9d73, 0x9d93,
    0x94f1, 0x9511, 0xadb3, 0xadd3, 0x844f, 0x632b, 0x31c6, 0x73ce, 0x6b6b, 0x4285, 0x5306, 0x42e5,
    0x4284, 0x6b6a, 0x7bcc, 0x7bcc, 0x7bcd, 0x6bac, 0x5b0a, 0x52c9, 0x52e8, 0x5308, 0x4a87, 0x632a,
    0x5ae9, 0x4a88, 0x738b, 0x7bac, 0x736b, 0x738c, 0x6b4a, 0x5305, 0x4ae4, 0x4aa6, 0x5268, 0x4a68,
    0x4a48, 0x4227, 0x6b8d, 0xcefb, 0xcf3e, 0xcefd, 0xd75f, 0xdf7f, 0xe79f, 0xe79f, 0xe79f, 0xe77f,
    0xdf9f, 0xcf3e, 0xbebc, 0xc6dd, 0xcf1e, 0xd77f, 0xd77f, 0xc6dd, 0xb69d, 0xae5d, 0xae5d, 0xae5d,
    0xae5c, 0xae5d, 0xae5d, 0xae5c, 0xb69d, 0xdf7f, 0xe77f, 0xe79f, 0xe79f, 0xe79f, 0xe79f, 0xe79f,
    0xe77f, 0xe77f, 0xdf7f, 0xdf7f, 0xe79f, 0xdf7f, 0xdf7f, 0xdf5e, 0x8cb2, 0x4227, 0x5289, 0x5aea,
    0x7bac, 0x7bad, 0x7bcd, 0x5ae9, 0x6b6b, 0x6b8c, 0x52c9, 0x52c9, 0x634b, 0x6b4b, 0x4a68, 0x4a68,
    0x632b, 0x6b6b, 0x4226, 0x5ae9, 0x6b4b, 0x4246, 0x634b, 0x7bcd, 0x7bad, 0x7bcd, 0x842f, 0x94b0,
    0x7bcd, 0x8c6f, 0x844e, 0x52c8, 0x73ac, 0x5ae9, 0x6b6b, 0x7bcc, 0x7beb, 0x73e9, 0x6367, 0x7c0b,
    0x8cb0, 0xadd4, 0x8cb0, 0x4aaa, 0x84b3, 0x5289, 0x6b8e, 0xa5d9, 0x6bcf, 0x5288, 0x39e5, 0x39c5,
    0x4a68, 0x5aa9, 0x5ac9, 0x736b, 0x6b4b, 0x84b3, 0xae5b, 0xc6fd, 0xdf7f, 0xdf7e, 0xd73d, 0x9d14,
    0x738d, 0x7bae, 0x5a89, 0x39e6, 0x5288, 0x62c9, 0x62ea, 0x736c, 0x738d, 0x5bd0, 0x64f6, 0x6517,
    0x6517, 0x7578, 0x85f9, 0x967a, 0x965a, 0x967a, 0x967b, 0x9edc, 0xa6fd, 0x9639, 0x4289, 0x4227,
    0x5268, 0x5ac9, 0x6b2a, 0x840d, 0x73ee, 0x9618, 0x965a, 0x967a, 0x965b, 0x969b, 0x9ebc, 0xa6dc,
    0xa6dc, 0xa6dc, 0xa6dc, 0xa6dc, 0xa6bc, 0x9ebc, 0x9ebb, 0x8d96, 0x73ac, 0x738c, 0x62ea, 0x62c9,
    0x4a68, 0x41e6, 0x532c, 0x9619, 0x965a, 0x967a, 0x969b, 0x9ebb, 0xaefc, 0xaf1d, 0xa6fc, 0x9e9b,
    0x965a, 0x8e3a, 0x8e3a, 0x7d77, 0x6bad, 0x7bcc, 0x6b0a, 0x62ea, 0x5288, 0x4227, 0x5b0b, 0xbe9a,
    0xadd7, 0x9d35, 0xcedc, 0xdf7e, 0xdf7e, 0xcf3e, 0xb69c, 0x9db8, 0x638e, 0x73ac, 0x62ea, 0x5aa9,
    0x5268, 0x41e6, 0x39c4, 0x6b6b, 0x738b, 0x6b4b, 0x7410, 0xa61a, 0x7c93, 0x4268, 0x9d73, 0x9d93,
    0x94f1, 0x8cb0, 0xa592, 0xa571, 0x8c4f, 0x632b, 0x39e6, 0x7c0f, 0x6b8b, 0x4ac7, 0x7c2c, 0x5b68,
    0x6349, 0x7bac, 0x7bad, 0x7bcd, 0x94d2, 0xadb6, 0xa595, 0x6b8b, 0x4285, 0x3a83, 0x42a5, 0x4aa8,
    0x52a9, 0x630a, 0x738b, 0x7b8c, 0x736c, 0x6b6a, 0x5307, 0x5b85, 0x4b24, 0x52e8, 0x5289, 0x5aea,
    0x4a68, 0x52a9, 0x9d75, 0xc6fd, 0xbedd, 0xae5c, 0xb69d, 0xbedd, 0xd75f, 0xdf7f, 0xe79f, 0xdf9f,
    0xdf7f, 0xc6fd, 0xcf1e, 0xdf7f, 0xdf9f, 0xe77f, 0xdf7f, 0xd75f, 0xbede, 0xae5c, 0xae5d, 0xae5d,
    0xae5c, 0xae5d, 0xae5d, 0xae5c, 0xb69d, 0xd77f, 0xdf7f, 0xe79f, 0xe77f, 0xe79f, 0xe79f, 0xe79f,
    0xdf7f, 0xdf7f, 0xe77f, 0xe79f, 0xdf7f, 0xdf7f, 0xd73e, 0xdf5e, 0x8cb2, 0x39e6, 0x4a88, 0x5aca,
    0x7bad, 0x7bac, 0x7bac, 0x5ae9, 0x6b6b, 0x73ac, 0x73ac, 0x632a, 0x5ae9, 0x632a, 0x6b6b, 0x736c,
    0x738c, 0x738c, 0x5ae9, 0x5aea, 0x6b6b, 0x52a8, 0x634a, 0x7bcd, 0x7bcd, 0x7bcd, 0x7bcd, 0x7bed,
    0x7bcd, 0x8c6f, 0x846e, 0x5b09, 0x7bec, 0x632a, 0x6b4b, 0x7bcd, 0x7bec, 0x73ca, 0x5b47, 0x6388,
    0x7c6e, 0xadd4, 0x8cd0, 0x52ea, 0x7c30, 0x52a9, 0x5aea, 0x84d3, 0x6bae, 0x5268, 0x39c5, 0x39c5,
    0x4a48, 0x5aa9, 0x734b, 0x7bad, 0x7bcd, 0x73cf, 0x9dd9, 0xae7c, 0xd73e, 0xdf7e, 0xdf7f, 0xbe7a,
    0x8450, 0x7bce, 0x5aa9, 0x4206, 0x52a8, 0x62c9, 0x734b, 0x7bcd, 0x7bce, 0x534d, 0x6cd5, 0x7578,
    0x85f9, 0x8e3a, 0x967a, 0x9e7a, 0x9e7a, 0x9e9b, 0xa6dd, 0xa6fd, 0x969b, 0x8596, 0x3a68, 0x4227,
    0x5268, 0x62ea, 0x736b, 0x8c2e, 0x73ed, 0x7cf3, 0x965a, 0x9ebc, 0xa6bc, 0xa6dc, 0xa6dc, 0xa6dc,
    0xa6dc, 0xa6dc, 0xa6fc, 0xa6dc, 0xa6bc, 0x9ebc, 0x9e7a, 0x7cb2, 0x73ad, 0x83ed, 0x6b4a, 0x62c9,
    0x5268, 0x4206, 0x52ea, 0x8db7, 0x967a, 0x9edc, 0xa71c, 0xaf1d, 0xa6dc, 0x9e9b, 0x967a, 0x965a,
    0x8e3a, 0x7db8, 0x7577, 0x6c72, 0x73ce, 0x8c0e, 0x7b8c, 0x6b0a, 0x5289, 0x4227, 0x530b, 0xa596,
    0x9555, 0xcefc, 0xdf7e, 0xd75e, 0xc71d, 0xae7c, 0x9dd9, 0x7c93, 0x6b6c, 0x7bed, 0x6b2b, 0x5aa9,
    0x5288, 0x4206, 0x39e5, 0x6b4a, 0x736b, 0x5ae9, 0x5b2b, 0x95b9, 0x8d36, 0x4aca, 0x9d94, 0xa594,
    0x94f0, 0x8c90, 0xa571, 0x9d30, 0x844e, 0x6b4b, 0x39e6, 0x7c0e, 0x6b8c, 0x52e8, 0x844d, 0x6368,
    0x6bab, 0x7bad, 0x7bad, 0x7bad, 0xa554, 0xadf7, 0xadf7, 0x7c2e, 0x52e7, 0x4ae5, 0x6369, 0x6b6b,
    0x736b, 0x738c, 0x738c, 0x738c, 0x6b4a, 0x4ac6, 0x4b24, 0x5bc5, 0x5324, 0x6349, 0x62ea, 0x6b4b,
    0x5268, 0x4227, 0x7c72, 0x9df9, 0x9dd7, 0xa619, 0xa65c, 0xa65c, 0xb6bd, 0xc6fd, 0xd75e, 0xe77f,
    0xdf7f, 0xcf3e, 0xdf7f, 0xe79f, 0xdf7f, 0xe79f, 0xe79f, 0xd75e, 0xbedd, 0xae7d, 0xae5d, 0xae5d,
    0xa65d, 0xae5d, 0xae5d, 0xae7c, 0xb67c, 0xc6fd, 0xdf7f, 0xdf7f, 0xe79f, 0xe79f, 0xe77f, 0xdf7f,
    0xdf7f, 0xdf7f, 0xe79f, 0xdf7f, 0xdf7f, 0xdf7f, 0xc6dd, 0xd73d, 0x8c91, 0x39c5, 0x4a68, 0x5ac9,
    0x7bac, 0x7bac, 0x7bcd, 0x636b, 0x5b29, 0x73ac, 0x7bac, 0x7bad, 0x73ac, 0x73ad, 0x73ac, 0x73ac,
    0x7bac, 0x73ac, 0x630a, 0x5aea, 0x738c, 0x5b09, 0x6b4a, 0x7bac, 0x7bad, 0x7bad, 0x7bcd, 0x7bcd,
    0x7bcd, 0x8c4e, 0x844e, 0x632a, 0x7bec, 0x632a, 0x6b4b, 0x7bad, 0x7bac, 0x5b07, 0x5b47, 0x5b67,
    0x7c2d, 0x9d32, 0xa573, 0x8cf2, 0x52ca, 0x4a67, 0x5aa9, 0x7c72, 0x6bae, 0x4206, 0x39a4, 0x41e5,
    0x5248, 0x5a88, 0x6b0a, 0x7bcd, 0x8c2e, 0x7c0e, 0x7c93, 0xa63b, 0xbedd, 0xdf7e, 0xdf7e, 0xdf7e,
    0xbe59, 0x6b6c, 0x4a67, 0x4a47, 0x5aa9, 0x62c9, 0x6b2a, 0x7bac, 0x842f, 0x740f, 0x6c51, 0x963a,
    0x967a, 0x967a, 0x967b, 0xa6bc, 0xa6dc, 0xaf1d, 0xaefd, 0x9e9b, 0x8e19, 0x6410, 0x3a27, 0x4a27,
    0x5a89, 0x62ea, 0x6b4a, 0x83ed, 0x8c4e, 0x7c50, 0x8db6, 0x9ebc, 0x9edc, 0xa6dc, 0xa6dc, 0xa6dc,
    0xa6dc, 0xa6dc, 0xc73d, 0xbf5d, 0x9e7b, 0x965a, 0x7cf4, 0x7c2f, 0x840e, 0x7bcd, 0x630a, 0x62c9,
    0x5ac9, 0x4a47, 0x4227, 0x7d14, 0xa6fc, 0xaf1d, 0xa6fc, 0x9e9b, 0x965a, 0x8e5a, 0x965a, 0x8e1a,
    0x7d98, 0x6d37, 0x5c52, 0x7bce, 0x840e, 0x7bac, 0x734b, 0x62ea, 0x5a89, 0x4a47, 0x4a68, 0x7c30,
    0xc6bb, 0xdf7e, 0xdf7e, 0xd71e, 0xa65c, 0x9e1b, 0x84f5, 0x6bce, 0x7c0e, 0x7bcd, 0x736c, 0x6b0b,
    0x5aa9, 0x4a47, 0x4206, 0x4a67, 0x632a, 0x52a9, 0x5288, 0x8d15, 0x8cf4, 0x8cf3, 0x9553, 0x9511,
    0x94f0, 0x8cb0, 0x950f, 0x94ce, 0x842d, 0x738c, 0x5288, 0x7c0e, 0x6b8b, 0x636a, 0x848e, 0x5b48,
    0x738b, 0x7bad, 0x7bac, 0x7bac, 0x8450, 0x9534, 0x9d34, 0x73cd, 0x6349, 0x6b69, 0x6b8a, 0x738b,
    0x7b8c, 0x7b8c, 0x7b8c, 0x6309, 0x4aa7, 0x5328, 0x63c6, 0x5385, 0x5326, 0x6b6a, 0x734b, 0x736b,
    0x5268, 0x39c5, 0x530b, 0x9db6, 0x748d, 0x746c, 0x9dd6, 0xa65b, 0xa65c, 0xae5d, 0xb69d, 0xcf3e,
    0xd75e, 0xd75e, 0xdf9f, 0xe79f, 0xe79f, 0xe79f, 0xe77f, 0xd75f, 0xb6bd, 0xae7d, 0xae5d, 0xa65d,
    0xa65c, 0xae5d, 0xae5c, 0xbedd, 0xcf3e, 0xc6fd, 0xdf7f, 0xdf7f, 0xdf7f, 0xdf7f, 0xe79f, 0xe79f,
    0xe79f, 0xdf7f, 0xd75f, 0xdf7f, 0xe79f, 0xdf7f, 0xc6dd, 0xd73e, 0x8c92, 0x39c5, 0x5268, 0x5aa9,
    0x738c, 0x7bac, 0x7bcd, 0x73cc, 0x5b4a, 0x6b6b, 0x7bac, 0x738c, 0x73ac, 0x73ac, 0x73ac, 0x7bac,
    0x73ac, 0x73ac, 0x630a, 0x5aea, 0x738c, 0x630a, 0x6309, 0x7bac, 0x7bad, 0x7bad, 0x7bad, 0x7bad,
    0x7bad, 0x842e, 0x844e, 0x634a, 0x7bed, 0x634a, 0x6b4b, 0x7bac, 0x738b, 0x4aa6, 0x5b27, 0x5b47,
    0x7c2d, 0x8cd0, 0xa594, 0xadf7, 0x4aa9, 0x4a46, 0x52a9, 0x634c, 0x5aeb, 0x4206, 0x31a4, 0x4205,
    0x5268, 0x5a88, 0x6b0a, 0x7bcc, 0x840e, 0x8c70, 0x7410, 0xa61b, 0xb69c, 0xd75e, 0xdf9e, 0xdf9e,
    0xd71c, 0x632b, 0x4206, 0x4a68, 0x5aa9, 0x62a9, 0x630a, 0x738b, 0x7bee, 0x94b2, 0x7430, 0x9e39,
    0x9e7a, 0x9e9b, 0xa6dc, 0xaefd, 0xaf1d, 0xaf1d, 0x9ebc, 0x965a, 0x9619, 0x5b6d, 0x4227, 0x4a47,
    0x5aa9, 0x62c9, 0x6b0a, 0x7bac, 0x8c2e, 0x8c70, 0x8534, 0xa6dc, 0x9edc, 0x9edc, 0xa6bc, 0xa6dc,
    0xa6dc, 0xb6fc, 0xd77e, 0xdf9e, 0x965a, 0x85f9, 0x7430, 0x8c70, 0x83ed, 0x738b, 0x62c9, 0x62c9,
    0x62c9, 0x5268, 0x4227, 0x8534, 0xaf1d, 0x9ebc, 0x8e5a, 0x85f9, 0x7598, 0x7557, 0x7578, 0x7558,
    0x6d37, 0x7557, 0x6c92, 0x8c2f, 0x83ed, 0x738c, 0x62ea, 0x62ca, 0x5ac9, 0x4a68, 0x4a47, 0x7c0f,
    0xdf5d, 0xe79f, 0xdf7e, 0xbebd, 0xa63c, 0x9db8, 0x7410, 0x7c0e, 0x840d, 0x7b8c, 0x9cb2, 0xad75,
    0x62ea, 0x4a47, 0x4206, 0x39c5, 0x5ac8, 0x5288, 0x5289, 0x84d4, 0x7c72, 0xa5d6, 0x9511, 0x8ccf,
    0x94d0, 0x94cf, 0x94ed, 0x94cd, 0x840d, 0x73ad, 0x5aea, 0x7bee, 0x6b6b, 0x6bab, 0x848e, 0x5b48,
    0x738b, 0x7bcd, 0x7bac, 0x7bac, 0x7bcd, 0x7bee, 0x7bee, 0x73cc, 0x738b, 0x6b6a, 0x6b6a, 0x738b,
    0x7bac, 0x7bac, 0x7bac, 0x52e8, 0x638a, 0x73ec, 0x6bc8, 0x4ae4, 0x52e7, 0x738b, 0x7b8c, 0x736b,
    0x5289, 0x39c5, 0x5b0a, 0xa5d5, 0x7cac, 0x6c28, 0x746b, 0x95b5, 0xae5b, 0xae7c, 0xa65d, 0xae7d,
    0xb69d, 0xcf1e, 0xdf9f, 0xe79f, 0xe79f, 0xe79f, 0xdf7f, 0xcf1e, 0xae7c, 0xa65d, 0xa65d, 0xae5d,
    0xa65c, 0xae5d, 0xae5c, 0xc6fd, 0xdf9f, 0xdf7f, 0xdf7f, 0xe77f, 0xdf7f, 0xdf7f, 0xdf9f, 0xdf7f,
    0xdf7f, 0xdf7f, 0xbe9c, 0xbebd, 0xd75e, 0xdf7f, 0xbebd, 0xc6dc, 0x8c91, 0x39e5, 0x5268, 0x5ac9,
    0x738c, 0x7b8c, 0x7b8c, 0x73ac, 0x6bcc, 0x5b09, 0x7bac, 0x73ac, 0x7bac, 0x7bac, 0x7bac, 0x73ac,
    0x73ac, 0x738c, 0x4a88, 0x5aea, 0x7b8c, 0x6309, 0x52a8, 0x738c, 0x7bac, 0x7bad, 0x7bad, 0x7bcd,
    0x7bad, 0x7c0e, 0x844e, 0x6b8b, 0x840d, 0x6b6b, 0x632b, 0x738c, 0x738b, 0x4ac6, 0x4ac6, 0x6369,
    0x846e, 0x8cd1, 0xa574, 0xadf7, 0x4aa9, 0x4a47, 0x52a8, 0x5288, 0x5288, 0x4206, 0x31c4, 0x3a25,
    0x4a87, 0x52a8, 0x6b2a, 0x7bcc, 0x840e, 0x8c6f, 0x7410, 0xa63c, 0xae5c, 0xc6fd, 0xe79f, 0xe79f,
    0xd71c, 0x632b, 0x4226, 0x4a68, 0x5aa9, 0x62a9, 0x6b0a, 0x7b8b, 0x83ee, 0x9cf2, 0x7471, 0x9659,
    0x9e7b, 0xa6bc, 0xaefd, 0xaefd, 0x9ebc, 0x9e9b, 0x965a, 0x965a, 0x9639, 0x63ae, 0x4a27, 0x4a68,
    0x5aa9, 0x62c9, 0x62ea, 0x7b8c, 0x8c2e, 0x8c70, 0x8534, 0xa6dc, 0x9edc, 0x9edc, 0xa6dc, 0xa6dc,
    0xaebc, 0xc73c, 0xd75d, 0xc73d, 0x963a, 0x85f9, 0x6c30, 0x8c70, 0x83ed, 0x738b, 0x62c9, 0x5ac9,
    0x5ae9, 0x5268, 0x4227, 0x8534, 0x9e9b, 0x861a, 0x7598, 0x6d37, 0x6d38, 0x6d38, 0x6d38, 0x6d37,
    0x7d78, 0xae7a, 0xa596, 0x8c4f, 0x83ed, 0x7b8c, 0x7bad, 0x62ea, 0x62c9, 0x5268, 0x4a67, 0x842f,
    0xe77d, 0xe79f, 0xd73e, 0xae7c, 0x9dd9, 0x8d15, 0x7430, 0x7c0e, 0x840e, 0x7bad, 0xbdf7, 0xc658,
    0x630b, 0x4a47, 0x4226, 0x31a4, 0x4a67, 0x4a67, 0x5289, 0x7cd4, 0x7472, 0x9dd6, 0x9510, 0x94cf,
    0x94d0, 0x94cf, 0x94cd, 0x94ae, 0x842e, 0x73ad, 0x5b0a, 0x7c0e, 0x6b8c, 0x636a, 0x73eb, 0x5b48,
    0x73ab, 0x6b4b, 0x62e9, 0x738c, 0x73ac, 0x7bac, 0x73ab, 0x6b8b, 0x73cc, 0x634a, 0x6b8b, 0x738b,
    0x738c, 0x738c, 0x738c, 0x52a8, 0x844e, 0x7c0d, 0x6368, 0x4ac5, 0x6b2a, 0x738c, 0x7b8c, 0x736b,
    0x5288, 0x39c5, 0x5b2b, 0xadf6, 0x9d91, 0x952d, 0x7468, 0x74aa, 0x8d51, 0x9df8, 0xa63a, 0xa65c,
    0xae7c, 0xc6fe, 0xe79f, 0xe79f, 0xe79f, 0xe79f, 0xdf9f, 0xcf1f, 0xae7c, 0xa65c, 0xae5d, 0xae7d,
    0xae5d, 0xae5d, 0xae5d, 0xc6dd, 0xdf7f, 0xdf7f, 0xe79f, 0xdf7f, 0xdf7f, 0xcf1e, 0xd75f, 0xdf7f,
    0xdf7f, 0xdf7f, 0xb69c, 0xa65c, 0xbebd, 0xd75e, 0xbe9c, 0xb67b, 0x8471, 0x39c6, 0x5268, 0x5ac9,
    0x632a, 0x6b6b, 0x738c, 0x738c, 0x6bac, 0x52e9, 0x73ac, 0x7bac, 0x7bac, 0x7bac, 0x73ac, 0x73ac,
    0x738c, 0x6b6b, 0x39e6, 0x630a, 0x7bad, 0x630a, 0x52a8, 0x738b, 0x7bac, 0x7bad, 0x7bad, 0x7bad,
    0x7bad, 0x7bad, 0x7bcd, 0x73ac, 0x844e, 0x842d, 0x4a47, 0x5ae9, 0x738b, 0x5b28, 0x6b69, 0x73ab,
    0x844e, 0x8cf1, 0xa574, 0xadd7, 0x4a89, 0x4247, 0x5288, 0x5288, 0x5288, 0x4206, 0x31c4, 0x3a25,
    0x4a87, 0x52a8, 0x6b2a, 0x83cc, 0x840d, 0x8c6f, 0x7410, 0xa63b, 0xae5c, 0xb6bd, 0xdf7e, 0xe79f,
    0xd71c, 0x632c, 0x4206, 0x4a47, 0x5aa9, 0x5ac9, 0x6b0a, 0x7bab, 0x840e, 0x9d13, 0x7c71, 0x9e7a,
    0xa6dd, 0xaefd, 0xa6dc, 0x9e9b, 0x965a, 0x8e3a, 0x965a, 0x965a, 0x9e7a, 0x63ef, 0x4a47, 0x5268,
    0x5aa9, 0x5aa9, 0x62ea, 0x7b8b, 0x8c0d, 0x8c6f, 0x8d54, 0xa6dc, 0x9edc, 0x9edc, 0x9ebb, 0x965a,
    0xae9b, 0xdf9e, 0xcf1d, 0x9639, 0x861a, 0x85d8, 0x6c10, 0x8c4f, 0x83cd, 0x738c, 0x62c9, 0x62c9,
    0x62ca, 0x5268, 0x4227, 0x74d3, 0x7d98, 0x6d57, 0x6537, 0x6538, 0x6538, 0x6d37, 0x6d37, 0x7d98,
    0xb67b, 0xdf7e, 0xadd6, 0x8c4f, 0x7c0d, 0x7bcd, 0x9470, 0x630a, 0x5ac9, 0x5268, 0x4a68, 0x842f,
    0xe77d, 0xdf5e, 0xb6bc, 0x9dd9, 0x84f4, 0x9578, 0x84d4, 0x7c0e, 0x7bed, 0x738c, 0x7bee, 0x7bce,
    0x5ac9, 0x4a47, 0x4206, 0x31a4, 0x4a67, 0x4a87, 0x5288, 0x7451, 0x7430, 0x9db5, 0x8cf0, 0x8caf,
    0x94f0, 0x8ccf, 0x842d, 0x7c2d, 0x840e, 0x7bcd, 0x630a, 0x842e, 0x7bcd, 0x6b8b, 0x6bab, 0x5b49,
    0x6b8b, 0x738b, 0x736b, 0x7bac, 0x7bad, 0x73ac, 0x73ac, 0x636a, 0x636a, 0x6b6a, 0x738b, 0x736c,
    0x738c, 0x738c, 0x6b6b, 0x4a67, 0x7bec, 0x73ac, 0x6348, 0x52c6, 0x738b, 0x7b8c, 0x738c, 0x736b,
    0x5288, 0x39c5, 0x5b2a, 0xadf5, 0xadf5, 0xadd4, 0x8d0d, 0x6c47, 0x7469, 0x8d72, 0x8d53, 0xae5b,
    0xae7c, 0xc6fe, 0xdf7f, 0xdf7e, 0xdf9f, 0xdf7f, 0xd75e, 0xbebd, 0xae5d, 0xa65d, 0xa65d, 0xa65d,
    0xa65c, 0xae5c, 0xae5c, 0xae7c, 0xc6dd, 0xdf7f, 0xdf9f, 0xe77f, 0xd75e, 0xb69d, 0xb69c, 0xcf5e,
    0xdf7f, 0xdf7f, 0xb67b, 0x9dd8, 0xb65b, 0xcefc, 0xae18, 0xb639, 0x8451, 0x39c6, 0x5268, 0x5ac9,
    0x5b0a, 0x632a, 0x738c, 0x73ac, 0x7c0d, 0x5b29, 0x6b6b, 0x7bac, 0x73ac, 0x738c, 0x73ac, 0x73ac,
    0x738c, 0x5ae9, 0x4a47, 0x6b4b, 0x7bac, 0x632a, 0x52c8, 0x73ab, 0x7bac, 0x7bad, 0x7bad, 0x7bad,
    0x7bad, 0x7bad, 0x7bad, 0x73ad, 0x83ed, 0x8c8f, 0x4a87, 0x5ac8, 0x7bcc, 0x73ab, 0x7bec, 0x7bec,
    0x844e, 0x8cf1, 0x9d74, 0xadb6, 0x4a89, 0x4226, 0x5288, 0x5288, 0x52a9, 0x4226, 0x39c4, 0x4226,
    0x4246, 0x4a87, 0x62e9, 0x738b, 0x840d, 0x8c70, 0x7431, 0xa63b, 0xa65d, 0xae5c, 0xc6dd, 0xdf7e,
    0xd71c, 0x5b0c, 0x39e6, 0x4a27, 0x5aa9, 0x62a9, 0x62ea, 0x738b, 0x842e, 0x9cf2, 0x7c92, 0xaedc,
    0xa6dd, 0x9e9b, 0x965a, 0x965a, 0x965a, 0x965a, 0x965a, 0x9e7b, 0xa6bb, 0x6bef, 0x4a47, 0x4a48,
    0x5268, 0x5aa9, 0x5ac9, 0x6b4b, 0x840d, 0x846f, 0x8d55, 0xa6dc, 0x9e9b, 0x965a, 0x8e1a, 0x85f9,
    0x8df9, 0xa67b, 0x9639, 0x8df9, 0x861a, 0x8e3a, 0x6c51, 0x8c4f, 0x83cd, 0x736b, 0x62ca, 0x62c9,
    0x5ac9, 0x4a47, 0x4207, 0x5bf0, 0x6d37, 0x6537, 0x6537, 0x6537, 0x6537, 0x6d37, 0x85b8, 0xbedc,
    0xdf7e, 0xe79f, 0xb5d7, 0x8c4f, 0x7bed, 0x6b4b, 0x6b2b, 0x62e9, 0x5aa9, 0x4a68, 0x4a47, 0x842f,
    0xdf5d, 0xbebd, 0xae5c, 0x9db9, 0x9db9, 0xa61c, 0x8516, 0x740e, 0x83ee, 0x736b, 0x62e9, 0x5aa9,
    0x5288, 0x4a27, 0x4206, 0x39c4, 0x5287, 0x5287, 0x52a8, 0x4247, 0x5b4c, 0x9595, 0x8cf1, 0x8cf0,
    0x94d0, 0x94d0, 0x7c2d, 0x7bcd, 0x7bed, 0x7bcd, 0x632a, 0x844e, 0x7bed, 0x738c, 0x738c, 0x738c,
    0x5ae9, 0x62e9, 0x7bac, 0x7bad, 0x73ac, 0x5b09, 0x52e8, 0x52e8, 0x634a, 0x7b8c, 0x7b8c, 0x736c,
    0x738c, 0x738c, 0x6b6b, 0x4a67, 0x73ac, 0x7b8b, 0x5b07, 0x4ac5, 0x738b, 0x738b, 0x7b8c, 0x736b,
    0x5288, 0x39c5, 0x5b2a, 0xadf5, 0xadf5, 0xadf5, 0xa5b3, 0x7c69, 0x6c46, 0x744a, 0x748d, 0xa619,
    0xae5c, 0xc6fd, 0xd73e, 0xc6dd, 0xd75e, 0xc6fe, 0xb69d, 0xae5d, 0xa65c, 0xa65d, 0xa65c, 0xa65d,
    0xa65c, 0xae5c, 0xa65c, 0xae7c, 0xae7c, 0xbebd, 0xbebd, 0xbebd, 0xb6bd, 0xae5c, 0xa65c, 0xbefd,
    0xd75e, 0xdf5e, 0xa5d6, 0x9533, 0xae18, 0xb67a, 0xadf6, 0xb618, 0x8450, 0x39e5, 0x5288, 0x5aea,
    0x632a, 0x634b, 0x7bac, 0x73ac, 0x842e, 0x6bcc, 0x4ac8, 0x738c, 0x73ac, 0x738c, 0x738c, 0x738c,
    0x738c, 0x4a67, 0x5ac9, 0x7bac, 0x7bac, 0x632a, 0x5ac8, 0x73ac, 0x7bac, 0x7bad, 0x7bad, 0x7bad,
    0x7bad, 0x7bad, 0x7bad, 0x7bad, 0x73ac, 0x844e, 0x52a8, 0x5ac8, 0x840d, 0x948f, 0x948f, 0x8c4e,
    0x840d, 0x8c90, 0x9d53, 0xa5b6, 0x4a89, 0x4227, 0x52a8, 0x52a8, 0x5aa9, 0x4a47, 0x31a4, 0x4206,
    0x4226, 0x5267, 0x5aa9, 0x6b4b, 0x7bcc, 0x73ee, 0x9577, 0xae5c, 0xa65d, 0xae5d, 0xae5c, 0xbedd,
    0xcefd, 0x7c50, 0x39e6, 0x4207, 0x5268, 0x62c9, 0x62c9, 0x734a, 0x840d, 0x6bad, 0x8534, 0x967a,
    0x965a, 0x965a, 0x963a, 0x965a, 0x965a, 0x965a, 0x9e9b, 0xa6dc, 0xa6bb, 0x7471, 0x4226, 0x4a48,
    0x5268, 0x5268, 0x5aa9, 0x6b2a, 0x7bac, 0x742f, 0x9638, 0x9edc, 0x9e7b, 0x963a, 0x965b, 0x8619,
    0x85f9, 0x85f9, 0x8619, 0x85f9, 0x8e3a, 0x9ebb, 0x8dd7, 0x6bad, 0x7b8c, 0x6b2a, 0x62c9, 0x62ea,
    0x5288, 0x4206, 0x31e6, 0x53f1, 0x6517, 0x6537, 0x6537, 0x6537, 0x6d37, 0x95fa, 0xc71d, 0xe77f,
    0xe77f, 0xe77f, 0xcebb, 0x8430, 0x738c, 0x6b4b, 0x630a, 0x5ac9, 0x5268, 0x4227, 0x4227, 0x94d2,
    0xc6fd, 0xae5c, 0xa65c, 0xa63d, 0xa63c, 0xa65c, 0x9db9, 0x740f, 0x738c, 0x734b, 0x5aa9, 0x5288,
    0x5248, 0x4206, 0x31a4, 0x39e4, 0x5287, 0x5288, 0x5287, 0x39e5, 0x532b, 0x9574, 0x84d1, 0x9533,
    0x9511, 0x94cf, 0x840e, 0x7bcd, 0x73ad, 0x5ae9, 0x634b, 0x8c90, 0x7bcd, 0x738c, 0x738c, 0x738c,
    0x6b4b, 0x6b4b, 0x738c, 0x7bad, 0x738c, 0x4247, 0x4267, 0x634a, 0x738c, 0x7b8c, 0x738c, 0x736c,
    0x6b6a, 0x6348, 0x73ab, 0x5ae9, 0x6b6c, 0x7b8b, 0x5b07, 0x52e6, 0x738b, 0x7b8c, 0x7b8c, 0x736b,
    0x5288, 0x39c5, 0x5b0a, 0xadd5, 0xadf5, 0xadf5, 0xadd4, 0x7c89, 0x7467, 0x63e6, 0x5ba7, 0x8d54,
    0x9db8, 0xc6bc, 0xcf3e, 0xb67d, 0xb69d, 0xae5c, 0xae5c, 0xa65d, 0xa65c, 0xa65d, 0xa65c, 0xa65c,
    0xae5c, 0xa65c, 0xae5c, 0xa65c, 0xae5c, 0xae5c, 0xae5c, 0xae5c, 0xa65c, 0xae5c, 0xa65c, 0xae9c,
    0xd75f, 0xdf5e, 0xa574, 0x94f2, 0xa5d6, 0xae38, 0xadf6, 0xb618, 0x7c51, 0x39e6, 0x5288, 0x5aea,
    0x632b, 0x6b4b, 0x7bac, 0x738c, 0x7bcd, 0x846e, 0x5329, 0x6b6b, 0x6b6b, 0x6b4b, 0x738c, 0x738c,
    0x738c, 0x52a8, 0x6b6b, 0x7bad, 0x7bac, 0x632a, 0x5ac8, 0x73ac, 0x7bac, 0x7bad, 0x7bac, 0x7bac,
    0x7bad, 0x73ad, 0x7bad, 0x7bad, 0x7bad, 0x844f, 0x52a9, 0x5ae8, 0x840d, 0x842e, 0x840e, 0x7bcc,
    0x6b6b, 0x6b8c, 0x8cb1, 0x9d96, 0x7410, 0x5b0b, 0x52a8, 0x5aa9, 0x52a9, 0x52a8, 0x39e5, 0x39c5,
    0x4a27, 0x5288, 0x5aa9, 0x6b2a, 0x6b4a, 0x7c50, 0xae5c, 0xae5d, 0xa65d, 0xae5d, 0xa65d, 0xae5c,
    0xb67c, 0xb639, 0x5aea, 0x39e6, 0x5268, 0x5ac9, 0x62e9, 0x736b, 0x738c, 0x52ca, 0x8576, 0x8e3a,
    0x8e5a, 0x963a, 0x965a, 0x965a, 0x967b, 0x9ebc, 0xa6bc, 0xa6dc, 0x9edc, 0x9e18, 0x4ac9, 0x4a47,
    0x5288, 0x5ac9, 0x62c9, 0x6b2a, 0x736b, 0x742f, 0xa69b, 0xa6dc, 0xa6dc, 0x9e9b, 0x8e1a, 0x8df9,
    0x85f9, 0x85f9, 0x85f9, 0x8df9, 0x9e9b, 0x9edc, 0x9e7a, 0x534c, 0x632a, 0x62ea, 0x5ac9, 0x62ea,
    0x5aa9, 0x4227, 0x3a89, 0x6494, 0x6517, 0x6537, 0x6d37, 0x7d79, 0xa63a, 0xcf1e, 0xe77f, 0xe77f,
    0xe77f, 0xe77f, 0xdf5e, 0x8cb1, 0x6b6b, 0x6b2a, 0x62ea, 0x5ac9, 0x5268, 0x4227, 0x52c9, 0xbe5a,
    0xb69d, 0xa63c, 0xa63c, 0xa63d, 0xa65d, 0xa65d, 0xae5c, 0x7c51, 0x5ae9, 0x6b4b, 0x5ac9, 0x5288,
    0x5248, 0x39c5, 0x3183, 0x52a7, 0x5ac8, 0x52a7, 0x39e4, 0x52c9, 0x742f, 0x8d53, 0x6bee, 0x740f,
    0x73ed, 0x73ec, 0x73ac, 0x73ac, 0x73ac, 0x4a47, 0x6b4b, 0x842e, 0x73ac, 0x7bac, 0x7bac, 0x73ac,
    0x738c, 0x6b6b, 0x5ae9, 0x738c, 0x738c, 0x52a8, 0x632a, 0x73ac, 0x7bac, 0x738c, 0x738c, 0x7bad,
    0x7c0d, 0x5b28, 0x73ab, 0x62e9, 0x5aa9, 0x736b, 0x6b69, 0x5b27, 0x738b, 0x7b8c, 0x7b8c, 0x736b,
    0x5289, 0x39c5, 0x5b0a, 0xadd5, 0xadf5, 0xadf5, 0xa5b3, 0x7489, 0x7c8a, 0x6c29, 0x5b67, 0x84d0,
    0x744d, 0xb637, 0xcf1d, 0xae5d, 0xa65c, 0xa65c, 0xa65c, 0xa65d, 0xa65c, 0xa65c, 0xa65d, 0xa65d,
    0x8d15, 0xa63c, 0xa63c, 0xae5c, 0xa61b, 0x8d36, 0xa5fa, 0xae5c, 0xae5c, 0xae5c, 0xa65c, 0xae7c,
    0xd75f, 0xdf3d, 0x9d53, 0x94f1, 0xa5d5, 0xae15, 0xadf5, 0xb618, 0x7c51, 0x39e6, 0x5289, 0x5289,
    0x52a8, 0x6b6b, 0x73ac, 0x7bac, 0x73ac, 0x842e, 0x740d, 0x5b2a, 0x632a, 0x52a8, 0x738c, 0x738c,
    0x738c, 0x5ac9, 0x738c, 0x7bad, 0x7bac, 0x632a, 0x52c8, 0x738b, 0x7bac, 0x7bad, 0x7bac, 0x7bac,
    0x738c, 0x7bad, 0x7bad, 0x7bad, 0x7bcc, 0x8c4f, 0x52a8, 0x4a67, 0x6b2a, 0x6b4b, 0x5ac9, 0x4a88,
    0x4a89, 0x4a8a, 0x7430, 0x9d96, 0x9d96, 0x73ef, 0x4a88, 0x5ac9, 0x5aa9, 0x5288, 0x39c5, 0x39c5,
    0x4207, 0x4a27, 0x5a89, 0x736c, 0x83ee, 0x8450, 0xa5d9, 0xae5c, 0xae5d, 0xa65d, 0xa65d, 0xa65d,
    0xa63c, 0x9d76, 0x4a48, 0x4206, 0x4a47, 0x5288, 0x5aca, 0x6b4c, 0x7bee, 0x6b8d, 0x8535, 0x963a,
    0x963a, 0x965a, 0x965a, 0x9e9b, 0xa6dd, 0xa6dc, 0xa6dc, 0xa6dc, 0xa6bb, 0x8d96, 0x4288, 0x4227,
    0x4a47, 0x5288, 0x52a9, 0x6b6c, 0x844f, 0x8491, 0x9e39, 0xa6bc, 0x965a, 0x8e19, 0x85f9, 0x85f9,
    0x85f9, 0x85f9, 0x85f9, 0x9e7b, 0xa6dc, 0xa6bc, 0x9e18, 0x73ce, 0x738c, 0x62ea, 0x5288, 0x5288,
    0x5268, 0x4227, 0x3a48, 0x5c31, 0x64f7, 0x6d17, 0x95d9, 0xc6fc, 0xdf7e, 0xe77f, 0xe77f, 0xe77f,
    0xe77f, 0xe77e, 0xcebb, 0x94d2, 0x840e, 0x6b2b, 0x5aea, 0x5aa8, 0x5268, 0x4a27, 0x4a89, 0x9556,
    0xa63c, 0xa63d, 0xa63c, 0xa65c, 0xa65c, 0xa65d, 0xa61a, 0x8471, 0x73ac, 0x738c, 0x5ac9, 0x4a47,
    0x4a27, 0x41e6, 0x3184, 0x4a66, 0x5ac8, 0x52a7, 0x39e4, 0x7c71, 0x9db6, 0x8d33, 0x5b2b, 0x4a89,
    0x4a69, 0x39c6, 0x4a47, 0x5ae9, 0x6b4b, 0x4206, 0x634b, 0x840e, 0x7bac, 0x7bac, 0x7bac, 0x7bac,
    0x73ac, 0x73ac, 0x6b6b, 0x738c, 0x73ac, 0x736c, 0x7bad, 0x7bad, 0x73ac, 0x6b6b, 0x738b, 0x94b1,
    0xc678, 0x8cb0, 0x634a, 0x5aa9, 0x5288, 0x736b, 0x6b69, 0x6327, 0x738b, 0x7bac, 0x738c, 0x630a,
    0x5288, 0x39c5, 0x5b0a, 0xadd5, 0xadf5, 0xadd5, 0xa5b4, 0x7c6a, 0x744a, 0x6c29, 0x7c4c, 0x848f,
    0x6be9, 0xa5b4, 0xcefd, 0xae5c, 0x9db5, 0x9574, 0xa63a, 0xae5c, 0xa65c, 0xa65c, 0xa63c, 0xa63c,
    0x5b0c, 0x9557, 0xa65c, 0xa65c, 0x9db9, 0x638f, 0x9556, 0xae5c, 0xae7c, 0xa65c, 0xa63b, 0xae7c,
    0xd73e, 0xbe38, 0x94f2, 0x94f1, 0xa593, 0xadd5, 0xadf5, 0xb618, 0x7c31, 0x39e5, 0x5288, 0x4a68,
    0x4267, 0x6bab, 0x7bac, 0x73ac, 0x73ac, 0x73cc, 0x7c0d, 0x5b2a, 0x5b0a, 0x4a88, 0x738c, 0x738c,
    0x738c, 0x632a, 0x738c, 0x7b8c, 0x7bac, 0x6b6a, 0x52c7, 0x634a, 0x7bac, 0x7bad, 0x73ac, 0x738c,
    0x738c, 0x736c, 0x630a, 0x630a, 0x632a, 0x73ac, 0x52c9, 0x5b0a, 0x634c, 0x636c, 0x5b6c, 0x73ef,
    0x9534, 0x8d55, 0x8d34, 0x8d34, 0xa5d6, 0x7c0f, 0x632b, 0x634b, 0x5288, 0x39e5, 0x39e5, 0x4a47,
    0x4a68, 0x630a, 0x6b2b, 0x7c0f, 0x94f2, 0x8c50, 0x7c31, 0x9df9, 0xa65c, 0xa65c, 0xa65d, 0xa63c,
    0x8d57, 0x4aaa, 0x4227, 0x5268, 0x5ac9, 0x738d, 0x8c92, 0xa5b7, 0xa5b7, 0x9514, 0x7cb3, 0x8db8,
    0x965a, 0x965a, 0x9e9b, 0xa6fd, 0xa6fd, 0xa6dc, 0x9edc, 0x9e9b, 0x7d14, 0x4aca, 0x4206, 0x5268,
    0x5aa9, 0x6b6c, 0x8471, 0xa5b7, 0xb639, 0x9535, 0x8534, 0x9619, 0x85f9, 0x85fa, 0x85f9, 0x85f9,
    0x85d9, 0x7dd8, 0x8e3a, 0xa6bc, 0xa6bc, 0x9e59, 0x8514, 0xa554, 0xa533, 0x94f3, 0x7bee, 0x6b4b,
    0x5ac9, 0x4a27, 0x4226, 0x3a89, 0x6452, 0x9e1a, 0xcf3d, 0xe77f, 0xe77f, 0xe77f, 0xdf7e, 0xe77f,
    0xdf7e, 0xbe7a, 0x8cb2, 0xa5b6, 0xb617, 0x9d34, 0x94d2, 0x73ad, 0x5aa8, 0x4a47, 0x39e6, 0x5b6d,
    0x9db9, 0xa63c, 0xa63c, 0xa65c, 0xa65c, 0xae3c, 0x8d15, 0x8cb2, 0x9d54, 0x94f2, 0x738c, 0x62ea,
    0x5aa9, 0x5268, 0x4206, 0x31a4, 0x4246, 0x5287, 0x3a04, 0x7cb1, 0x9dd6, 0x8d13, 0x9554, 0x9555,
    0x8d14, 0x638e, 0x634c, 0x636d, 0x636d, 0x52ea, 0x5b0a, 0x6b4b, 0x630a, 0x630a, 0x6b2b, 0x7b8d,
    0x73ac, 0x738c, 0x738c, 0x738c, 0x738c, 0x73ad, 0x7bad, 0x7bad, 0x7bac, 0x738c, 0x6b4b, 0x7bce,
    0xa575, 0x840f, 0x630a, 0x5ac9, 0x5aa9, 0x736b, 0x6b6a, 0x6328, 0x738b, 0x7b8c, 0x734b, 0x5aa9,
    0x5288, 0x39e5, 0x5b0a, 0xadd5, 0xadf5, 0xadd4, 0xa5b4, 0x8ccf, 0x742a, 0x6bc9, 0x94b0, 0x8caf,
    0x7429, 0x746c, 0xbebb, 0xae18, 0x7cac, 0x6c09, 0x95b6, 0x9dfa, 0x9dda, 0xa61b, 0x9578, 0x9577,
    0x4a88, 0x6bef, 0x9dda, 0xae5c, 0x9d98, 0x634d, 0x84f4, 0x9df8, 0x9dd8, 0x9df9, 0x95b8, 0xae7c,
    0xd73e, 0xadd7, 0x94d1, 0x8cd1, 0x94f1, 0x9d73, 0xadf5, 0xb617, 0x7c10, 0x39c5, 0x5288, 0x4a68,
    0x3a26, 0x6bab, 0x7bac, 0x7bac, 0x73ac, 0x73ac, 0x7c0e, 0x5b0a, 0x5ae9, 0x4a88, 0x738c, 0x73ac,
    0x738c, 0x738b, 0x738c, 0x738c, 0x738c, 0x6b4a, 0x52e8, 0x6329, 0x73ac, 0x6b4b, 0x52a9, 0x5288,
    0x5268, 0x4a48, 0x52ca, 0x7c2f, 0x7c2f, 0x7c4f, 0x8491, 0xa5b6, 0xa5d6, 0xa5b5, 0xa5d5, 0x9d94,
    0x84d2, 0x84d1, 0x8470, 0x8490, 0xa5b5, 0x8471, 0xa5b7, 0x9555, 0x4227, 0x39a4, 0x4a27, 0x4a27,
    0x4a47, 0x5288, 0x5288, 0x7c30, 0xae18, 0x94d1, 0x7c0e, 0x7410, 0x9db9, 0xb69d, 0xbebd, 0xae5c,
    0x6bd0, 0x39e6, 0x4a27, 0x5248, 0x5268, 0x634c, 0x9d76, 0xbebc, 0xbebc, 0xbebc, 0x9576, 0x7cd3,
    0x9e5a, 0xa69b, 0xaedc, 0xaedd, 0xaedc, 0xaedc, 0xa6dc, 0x9e18, 0x4aca, 0x39c5, 0x4a27, 0x4a47,
    0x5268, 0x634c, 0x9d76, 0xbebc, 0xc6fd, 0xb65a, 0x7451, 0x8555, 0x8e19, 0x8e1a, 0xa69b, 0xb6bc,
    0xaebb, 0xa67b, 0x9e9b, 0xa69b, 0xaebc, 0x8d55, 0x9514, 0xc6bb, 0xbebc, 0xb67a, 0x7c0f, 0x5aa9,
    0x4a48, 0x4a27, 0x4a47, 0x4227, 0x6bce, 0xd73e, 0xe77f, 0xe77f, 0xe77f, 0xe77f, 0xe77f, 0xe77f,
    0xdf5e, 0x8cd3, 0x8cb3, 0xc6dc, 0xbedc, 0xae3a, 0x9d56, 0x6bae, 0x5268, 0x4a27, 0x4a28, 0x4a68,
    0x7c93, 0xa65c, 0xa63c, 0xa65c, 0xae5c, 0x9db9, 0x7410, 0xa5b7, 0xc6dc, 0xa5b6, 0x634c, 0x5268,
    0x5268, 0x4a47, 0x4227, 0x41e5, 0x31a4, 0x4a88, 0x3a26, 0x8491, 0x9d94, 0x7c4f, 0x8491, 0x84b2,
    0x8cf3, 0x9db6, 0xa5d7, 0xa5d7, 0xa5d7, 0x9d75, 0x7c71, 0x7c50, 0x7c30, 0x73ee, 0x4a88, 0x5268,
    0x5268, 0x4a47, 0x5288, 0x6b4c, 0x736c, 0x738c, 0x738c, 0x73ac, 0x73ac, 0x738c, 0x632a, 0x634a,
    0x7bcd, 0x73ac, 0x738c, 0x738c, 0x62ea, 0x736b, 0x736b, 0x6b6a, 0x738b, 0x7b8c, 0x6b2a, 0x5288,
    0x5289, 0x39e5, 0x5b0a, 0xadd5, 0xadf5, 0xadf5, 0xa5b4, 0x94f1, 0x742b, 0x63c8, 0x8cb0, 0x8cb0,
    0x846c, 0x744a, 0xb679, 0x9db4, 0x7448, 0x5b86, 0x8d55, 0x9578, 0x8d16, 0x9557, 0x5b2c, 0x5aca,
    0x5288, 0x5aca, 0x8d16, 0xa65c, 0x84b4, 0x5b0b, 0x84b2, 0x9575, 0x8d14, 0x9d96, 0x9db8, 0xb69c,
    0xd73e, 0xadf7, 0x94d2, 0x94d2, 0x94d1, 0x9d53, 0xadf5, 0xadd5, 0x6b8d, 0x39c5, 0x5289, 0x5288,
    0x4246, 0x6b6b, 0x7bac, 0x7b8c, 0x7b8c, 0x738c, 0x73ac, 0x634a, 0x6b8b, 0x52c8, 0x738c, 0x738c,
    0x7bac, 0x7bac, 0x7bad, 0x738c, 0x632a, 0x4226, 0x39e5, 0x3a05, 0x4226, 0x4206, 0x4247, 0x4aa9,
    0x4a89, 0x4aa9, 0x6bce, 0x9d54, 0x9d74, 0x9d94, 0xa595, 0x9d95, 0x9d53, 0x7c4e, 0x742d, 0x6beb,
    0x6389, 0x73ab, 0x7bed, 0x8c70, 0xa5d5, 0x7c91, 0xa5f8, 0xae5b, 0x6bf0, 0x4227, 0x4a47, 0x62ca,
    0x6b0a, 0x630a, 0x630a, 0x6b6c, 0x7c30, 0x8c70, 0x7bee, 0x8472, 0xae5a, 0xd73e, 0xd75f, 0xbe9c,
    0x6bb0, 0x4227, 0x5288, 0x62ca, 0x62ea, 0x62ea, 0x73ad, 0x8451, 0x7c31, 0x9d56, 0x8cd3, 0x8cf3,
    0xcf3d, 0xcf5e, 0xd75e, 0xd77e, 0xd75e, 0xcf5e, 0xb6fd, 0x7cb3, 0x3a27, 0x4a27, 0x5a89, 0x62ca,
    0x62ea, 0x630a, 0x6bae, 0x8471, 0x8cb2, 0x9d14, 0x7410, 0x9db7, 0xcf3d, 0xcf3e, 0xdf7f, 0xdf7f,
    0xdf9f, 0xd75e, 0xcf5e, 0xcf5e, 0xc6fc, 0x84d3, 0x8c91, 0xa534, 0x8c92, 0x7c30, 0x630a, 0x5ac9,
    0x5ac9, 0x5a88, 0x5a88, 0x5268, 0x73ce, 0xdf5e, 0xe77f, 0xe77f, 0xe79f, 0xe77f, 0xe77f, 0xe77f,
    0xd75e, 0xb63a, 0x8cb2, 0x9cf3, 0x8472, 0x7410, 0x6b6d, 0x630a, 0x62ea, 0x5288, 0x5268, 0x5288,
    0x7c93, 0xae5c, 0xb69d, 0xcf1e, 0xcf3e, 0xae39, 0x6bae, 0x8471, 0x8cb2, 0x73ce, 0x630a, 0x630a,
    0x62e9, 0x62ea, 0x4a68, 0x4a27, 0x4228, 0x7c93, 0x638e, 0x7cb1, 0x9574, 0x7c0e, 0x73cc, 0x73cd,
    0x73ee, 0x8491, 0x8491, 0x8491, 0x84b2, 0x9555, 0x9d75, 0xa596, 0x9d95, 0xa595, 0x6bad, 0x52ca,
    0x4aaa, 0x4a89, 0x4a68, 0x4207, 0x4206, 0x4206, 0x4a47, 0x5aea, 0x632a, 0x6b6b, 0x6b6a, 0x6b8b,
    0x73ac, 0x7b8c, 0x7b8c, 0x738c, 0x5ac9, 0x630a, 0x6b6b, 0x738c, 0x7b8c, 0x7bac, 0x73ad, 0x5aca,
    0x5288, 0x39e5, 0x5b0a, 0xa5d5, 0xadf5, 0xa594, 0x9512, 0x8cd1, 0x742b, 0x63c8, 0x8cb0, 0x8cb1,
    0x8caf, 0x7c6c, 0xa5f4, 0x7ccc, 0x6c26, 0x5366, 0x8d54, 0x9578, 0x8cf5, 0x8cd4, 0x5aa9, 0x5268,
    0x5288, 0x5288, 0x6bf0, 0xa63b, 0x7410, 0x5aca, 0x7cb2, 0x9574, 0x8cf2, 0x8cf2, 0x9d97, 0xb69c,
    0xd73e, 0xadf7, 0x94d2, 0x94f2, 0x94d2, 0x9d53, 0xadf5, 0xadb4, 0x6b6c, 0x39e5, 0x5289, 0x5ac9,
    0x4a68, 0x52a8, 0x6b6b, 0x7bac, 0x7b8c, 0x7b8c, 0x736b, 0x6b4a, 0x73cb, 0x6309, 0x630a, 0x5ac9,
    0x5ac9, 0x5ae9, 0x5ac9, 0x5ac9, 0x52a8, 0x6b6c, 0x6b8c, 0x636c, 0x6b8d, 0x6bad, 0x8cf2, 0xa595,
    0xa594, 0x9d74, 0x84b0, 0x740d, 0x6bec, 0x73ec, 0x742c, 0x740c, 0x7c4e, 0x6baa, 0x6bc9, 0x6b89,
    0x73aa, 0x83ec, 0x738b, 0x73ce, 0xa5b5, 0x7c71, 0x9d98, 0xa65c, 0x9dfa, 0x6bf0, 0x4248, 0x5aa8,
    0x5aa8, 0x5aa9, 0x5aa8, 0x5aa9, 0x52a8, 0x632b, 0x7c93, 0xa61b, 0xbedd, 0xd75e, 0xd73e, 0xb67c,
    0x63b0, 0x3a06, 0x4a46, 0x5288, 0x52a8, 0x5288, 0x5288, 0x5267, 0x5288, 0x5aca, 0x6b6c, 0x9514,
    0xb69c, 0xc6dd, 0xd75e, 0xe79f, 0xdf7e, 0xd77e, 0xbedd, 0x9556, 0x4268, 0x4206, 0x4a47, 0x5268,
    0x5288, 0x5288, 0x5aa9, 0x5ac9, 0x62c9, 0x632b, 0x73ae, 0xa5f9, 0xcf3e, 0xd73e, 0xdf7f, 0xdf7f,
    0xdf7f, 0xdf7f, 0xe77f, 0xd75e, 0xc6dc, 0x9d35, 0x636c, 0x632b, 0x5aa9, 0x52a8, 0x5288, 0x5288,
    0x5268, 0x4a46, 0x4a27, 0x4207, 0x636d, 0xbebc, 0xc6dd, 0xd73e, 0xe79f, 0xe79f, 0xdf7f, 0xd75f,
    0xb69c, 0xa5fa, 0x7410, 0x5aea, 0x5aa8, 0x52a8, 0x5aa8, 0x5a88, 0x5268, 0x4a47, 0x4a47, 0x4a47,
    0x8493, 0xbebd, 0xdf5e, 0xdf7e, 0xd73e, 0xae7c, 0x7c51, 0x5aea, 0x5288, 0x5aa8, 0x5aa8, 0x5aa8,
    0x5aa8, 0x5aa8, 0x4a47, 0x4a89, 0x7cb4, 0x9db9, 0x638f, 0x7c71, 0x8d13, 0x634b, 0x630a, 0x738b,
    0x73cc, 0x842d, 0x7bed, 0x7bcd, 0x7bee, 0x7bee, 0x7bee, 0x7c0f, 0x7c2f, 0x8cb1, 0x94f2, 0x94f2,
    0x8cd2, 0x9533, 0x9533, 0x63ae, 0x5b4c, 0x634c, 0x634c, 0x632b, 0x4247, 0x52a8, 0x52c8, 0x5ae9,
    0x62e9, 0x62ea, 0x736c, 0x738c, 0x52a9, 0x4a68, 0x634a, 0x738c, 0x738c, 0x94b1, 0xb5d7, 0x83ef,
    0x5289, 0x41e5, 0x5b0a, 0xa5d5, 0xadf5, 0xa594, 0x94d2, 0x94d1, 0x742b, 0x6388, 0x8cb0, 0x94b1,
    0x8cb0, 0x7c4b, 0x7469, 0x6c26, 0x6c06, 0x744c, 0x9596, 0x8d57, 0x8cd4, 0x73cf, 0x5289, 0x5289,
    0x5a88, 0x5268, 0x73ae, 0xa5fa, 0x73cf, 0x5aca, 0x7cb2, 0x9554, 0x8cf2, 0x8cd2, 0x9d97, 0xb67c,
    0xd73d, 0xadd6, 0x94f2, 0x94f2, 0x94d2, 0x9d53, 0xadf5, 0xadd4, 0x6b6c, 0x39e5, 0x52a9, 0x5aa9,
    0x5289, 0x4a48, 0x5ae9, 0x6b6b, 0x6b4b, 0x6b4b, 0x6b2a, 0x62e9, 0x5ae9, 0x5ae9, 0x4a27, 0x39e5,
    0x39e5, 0x39e6, 0x4267, 0x4a88, 0x6bad, 0xa574, 0xa573, 0x9d53, 0x9d53, 0x9d53, 0x9553, 0x848f,
    0x7c4d, 0x7c2d, 0x6bca, 0x5b66, 0x5b65, 0x5b65, 0x5b65, 0x5b67, 0x6b6a, 0x634a, 0x6b6a, 0x6b4b,
    0x6b4b, 0x5aa8, 0x4227, 0x52ea, 0x9d95, 0x7c71, 0x7c93, 0xa61b, 0xa65c, 0xa5fa, 0x6bcf, 0x3a06,
    0x41e5, 0x41e5, 0x41e5, 0x39e5, 0x39c5, 0x5b4c, 0x9db9, 0x9e1c, 0xae5c, 0xbe9d, 0xb69d, 0xa5fa,
    0x6baf, 0x39c5, 0x39e5, 0x39c5, 0x31a4, 0x31a4, 0x31a4, 0x31a5, 0x39c5, 0x4207, 0x738d, 0x8cb2,
    0x9597, 0xa61a, 0xb65a, 0xbe9b, 0xbe9b, 0xb67a, 0xae5a, 0x9536, 0x4a68, 0x31a4, 0x31a5, 0x31a5,
    0x31c5, 0x39c5, 0x39e5, 0x39e6, 0x3a06, 0x5ac9, 0x8430, 0xa5fa, 0xa65c, 0xae7c, 0xb6bd, 0xbedd,
    0xbebd, 0xbebd, 0xbebd, 0xb69c, 0xa61a, 0x8c92, 0x738c, 0x4a67, 0x4205, 0x4205, 0x39e5, 0x39e5,
    0x39c5, 0x31a4, 0x31a4, 0x31a5, 0x5b2c, 0xa5fa, 0xa63b, 0xb67c, 0xbedd, 0xc6dd, 0xc6dd, 0xbe9c,
    0xa65c, 0xa63c, 0x8d36, 0x52c9, 0x39c4, 0x39c4, 0x31c4, 0x31a4, 0x31a4, 0x31c4, 0x39e5, 0x3a05,
    0x8472, 0xc6fd, 0xdf7e, 0xcf3e, 0xb69c, 0x9e3c, 0x9556, 0x5aeb, 0x31a4, 0x39c5, 0x39c5, 0x39e5,
    0x39e5, 0x39e5, 0x4a69, 0x7c73, 0x9dda, 0x7c73, 0x4aaa, 0x7c72, 0x7472, 0x39e7, 0x31a4, 0x4a66,
    0x5b08, 0x5b29, 0x6b6b, 0x6b6b, 0x738c, 0x7bad, 0x7bcd, 0x7bcd, 0x7bcd, 0x7bed, 0x7bcd, 0x7bcd,
    0x73cd, 0x8cb0, 0xa594, 0x9d75, 0x9d54, 0x9554, 0x9d75, 0x9513, 0x5b2c, 0x4a68, 0x4267, 0x4267,
    0x4247, 0x3a06, 0x5ae9, 0x6b2b, 0x52a9, 0x4227, 0x52c8, 0x6b4b, 0x73ac, 0xadb6, 0xcebb, 0xa554,
    0x5aea, 0x39e5, 0x5b0a, 0xa5d5, 0xadf5, 0xa574, 0x94d2, 0x8cd1, 0x742b, 0x5b88, 0x8cb0, 0x8cb1,
    0x8cb1, 0x848e, 0x6c27, 0x6405, 0x63e7, 0x8cd1, 0x95b7, 0x8d37, 0x6baf, 0x630c, 0x5a88, 0x5288,
    0x5268, 0x5268, 0x5aca, 0x6b6d, 0x5aca, 0x52a9, 0x7c92, 0x9554, 0x8cd2, 0x8cd2, 0x9d97, 0xb69d,
    0xc69a, 0x9d13, 0x8cd1, 0x94f2, 0x94f2, 0x9d53, 0xadf5, 0xadb4, 0x6b6b, 0x39e5, 0x5aa9, 0x5aa9,
    0x5289, 0x4206, 0x3a06, 0x39e5, 0x39e6, 0x3a06, 0x4a68, 0x5288, 0x5288, 0x5288, 0x5288, 0x6b2a,
    0x6b6b, 0x738c, 0x844f, 0x8cd1, 0x9511, 0x94d0, 0x7c0d, 0x6beb, 0x6bcb, 0x6bab, 0x63aa, 0x5b67,
    0x5326, 0x5b47, 0x6367, 0x5b65, 0x5b45, 0x5b45, 0x5325, 0x5306, 0x4246, 0x4206, 0x39e6, 0x39e6,
    0x4247, 0x530b, 0x5b6d, 0x7c91, 0xa5d6, 0xa5b5, 0xa5f8, 0xae7c, 0xa65c, 0xae5c, 0xa5d9, 0x6b8e,
    0x62ea, 0x62e9, 0x5ae9, 0x5ac9, 0x5ac9, 0x7bef, 0x9578, 0x9e1c, 0x9dfb, 0x9578, 0x9537, 0x7c52,
    0x632b, 0x5aa9, 0x5aa9, 0x52a8, 0x5288, 0x5268, 0x5268, 0x5268, 0x5268, 0x62ea, 0x736c, 0x7bce,
    0x7c0f, 0x7c30, 0x7c30, 0x7c30, 0x7c50, 0x7c50, 0x7c30, 0x73ae, 0x52a9, 0x5268, 0x5288, 0x52a9,
    0x5aa9, 0x5aa9, 0x5ac9, 0x5ac9, 0x5ac9, 0x6b2b, 0x73ae, 0x9515, 0x9577, 0x9599, 0xa61b, 0xa65c,
    0xa61a, 0x9598, 0x9577, 0x9577, 0x8d15, 0x73ae, 0x736c, 0x6b2b, 0x630a, 0x630a, 0x630a, 0x630a,
    0x5ac9, 0x5268, 0x5268, 0x5288, 0x62eb, 0x8472, 0x9536, 0x9557, 0x9557, 0x9d77, 0x9d77, 0x9d77,
    0x9577, 0x9557, 0x8cf4, 0x6b8c, 0x5288, 0x4a47, 0x4a67, 0x4a67, 0x5268, 0x52a9, 0x5aa9, 0x52a8,
    0x636c, 0x9515, 0xa5b8, 0x9db8, 0x9577, 0x9578, 0x84b4, 0x6b6d, 0x5aa9, 0x5aa9, 0x5ac9, 0x62c9,
    0x62e9, 0x6b6d, 0x9536, 0xa63b, 0xa5fb, 0x7451, 0x9533, 0x9db7, 0x8d35, 0x73ef, 0x638d, 0x4ac9,
    0x31c5, 0x39e5, 0x39e6, 0x39e6, 0x4207, 0x6b4b, 0x7bcd, 0x7bad, 0x7bcd, 0x73ad, 0x7bcd, 0x7bcd,
    0x7bad, 0x7bed, 0x7c2e, 0x7c4f, 0x7c4f, 0x7c2f, 0x7c50, 0x8491, 0x8cd2, 0x8cb1, 0x8490, 0x8490,
    0x8450, 0x5b4b, 0x5288, 0x52a8, 0x4a88, 0x5b2b, 0x4268, 0x4206, 0x4227, 0x8cb2, 0xb5f8, 0x8450,
    0x52a9, 0x39c5, 0x5b0a, 0xa5d4, 0xadf5, 0xa574, 0x8cd2, 0x8cd1, 0x742b, 0x63a8, 0x8cd0, 0x94d1,
    0x94d1, 0x8cd0, 0x6c28, 0x6405, 0x63e9, 0x8cd1, 0x9d97, 0x8d16, 0x5aca, 0x5288, 0x5268, 0x5a68,
    0x5268, 0x5268, 0x5268, 0x5288, 0x5a88, 0x52a9, 0x7c91, 0x9554, 0x8cd2, 0x8cd2, 0x9d97, 0xb69d,
    0xbe5a, 0x94f2, 0x94f2, 0x94f2, 0x94f2, 0x9d53, 0xadf5, 0xadb4, 0x6b8c, 0x31a4, 0x4206, 0x4206,
    0x39e6, 0x4206, 0x4226, 0x4226, 0x4a67, 0x630a, 0x738c, 0x7bad, 0x7bad, 0x7bad, 0x7bad, 0x7bad,
    0x738c, 0x738c, 0x7bac, 0x7bcc, 0x6baa, 0x6be9, 0x5ba6, 0x5364, 0x5344, 0x5325, 0x5305, 0x4ae4,
    0x5305, 0x5345, 0x5346, 0x4ae6, 0x4aa7, 0x4a87, 0x4a87, 0x638c, 0x8471, 0x8491, 0x7c91, 0x7c91,
    0x84b1, 0x8492, 0x8cb2, 0x8cf3, 0x9d95, 0xae17, 0xae5a, 0xb69d, 0xae5d, 0xae5c, 0xae5b, 0x8d15,
    0x632c, 0x5ac9, 0x5aa9, 0x5aa9, 0x52a9, 0x5aa9, 0x636d, 0x8493, 0x7c31, 0x5b0b, 0x5aea, 0x5ac8,
    0x4aa6, 0x4a66, 0x4a65, 0x4a65, 0x4a65, 0x4285, 0x4a86, 0x52a7, 0x5288, 0x5a89, 0x62a9, 0x62c9,
    0x62c9, 0x5ac9, 0x5ac9, 0x5ac9, 0x5aca, 0x5ac9, 0x62c9, 0x5ac9, 0x5aa9, 0x5aa9, 0x5ac9, 0x5ac9,
    0x5aa9, 0x5aa9, 0x5ac9, 0x5aa9, 0x5ac9, 0x5ac9, 0x5ac9, 0x5acb, 0x5aeb, 0x636d, 0x8492, 0x8cb3,
    0x7c30, 0x632c, 0x5b0b, 0x5aeb, 0x5aeb, 0x5aa9, 0x5aa9, 0x5ac9, 0x5ac9, 0x5aca, 0x62ca, 0x5ac9,
    0x5aa9, 0x5aa9, 0x5aa9, 0x5aa9, 0x5aa9, 0x5aea, 0x5aea, 0x5aea, 0x5b0b, 0x630b, 0x632b, 0x632b,
    0x630b, 0x630b, 0x5aea, 0x5aaa, 0x5aa9, 0x4a66, 0x4244, 0x4244, 0x4a86, 0x52c8, 0x52a8, 0x5aa9,
    0x5aa9, 0x5aea, 0x630b, 0x630b, 0x5b0b, 0x630c, 0x5aeb, 0x5aa9, 0x5aa9, 0x5aa9, 0x5ac9, 0x5aea,
    0x6b6d, 0x9536, 0xae3c, 0xa65c, 0xa61b, 0x7c92, 0x9db4, 0x9db5, 0x84d2, 0x8c91, 0x9513, 0x7c50,
    0x5b2c, 0x7c71, 0x8492, 0x7c71, 0x7c50, 0x5b2c, 0x52ea, 0x52ea, 0x52ea, 0x52c9, 0x6b4c, 0x7bad,
    0x73ad, 0x6b8a, 0x6368, 0x5326, 0x5305, 0x5b47, 0x6b8a, 0x73cd, 0x7bed, 0x7bce, 0x7bce, 0x7bcd,
    0x73ad, 0x6b8c, 0x73ad, 0x73cd, 0x738c, 0x842f, 0x6bac, 0x630a, 0x5288, 0x52ca, 0x6b8d, 0x4247,
    0x4206, 0x3184, 0x5aea, 0xa5d4, 0xa573, 0x9512, 0x8cd2, 0x8cd1, 0x7c6c, 0x6be9, 0x8cb0, 0x8cb1,
    0x94d1, 0x94b0, 0x7c6b, 0x63e6, 0x7c8d, 0x8cf2, 0x9597, 0x8d16, 0x52a9, 0x5268, 0x5268, 0x5268,
    0x5268, 0x5268, 0x5288, 0x5268, 0x5a88, 0x5aa9, 0x7c91, 0x9554, 0x8cd2, 0x8cd2, 0x9db7, 0xbe9d,
    0xbe7a, 0x94f2, 0x94f2, 0x94f2, 0x94f2, 0x9d53, 0xadd5, 0xadb4, 0x6b8c, 0x31c5, 0x4a67, 0x5288,
    0x5268, 0x5288, 0x5289, 0x5288, 0x62e9, 0x738c, 0x738c, 0x7bad, 0x7bac, 0x7bac, 0x7bac, 0x73ab,
    0x6b8a, 0x6b8a, 0x6b8a, 0x5b48, 0x5325, 0x4b44, 0x4b24, 0x4b04, 0x4ae4, 0x4284, 0x3204, 0x31e4,
    0x39e5, 0x3a05, 0x4267, 0x7c4f, 0x9533, 0x9513, 0x8d12, 0x9554, 0xa5b5, 0x9d74, 0x9574, 0x9d75,
    0xa5b5, 0x8450, 0x840f, 0x842f, 0x8cd1, 0xa5d6, 0xb659, 0xb6bd, 0xae7c, 0xae5d, 0xa65c, 0xa63b,
    0x9577, 0x7c30, 0x6b4c, 0x630b, 0x630a, 0x62ea, 0x630a, 0x630b, 0x630a, 0x6b0a, 0x6b0a, 0x5ae8,
    0x4ac5, 0x42a4, 0x4284, 0x3a83, 0x3a83, 0x4284, 0x4a85, 0x4a86, 0x52a7, 0x62ea, 0x630b, 0x6b2b,
    0x6b0b, 0x630b, 0x630a, 0x630a, 0x630a, 0x630a, 0x630a, 0x6b4b, 0x6b2b, 0x6b4b, 0x6b4b, 0x6b4b,
    0x62e9, 0x62ea, 0x6b2b, 0x6b2b, 0x6b2b, 0x6b2b, 0x6b2a, 0x6b2a, 0x6b2a, 0x6b2b, 0x6b4b, 0x6b4b,
    0x6b4b, 0x6b4b, 0x6b2a, 0x6b2a, 0x6b0a, 0x630a, 0x630a, 0x630a, 0x6b2b, 0x6b2b, 0x6b2a, 0x6b2b,
    0x6b2b, 0x6b2b, 0x6b2b, 0x6b2b, 0x6b2b, 0x630a, 0x632b, 0x632b, 0x73ce, 0x7c30, 0x7c51, 0x7c31,
    0x7c31, 0x7c30, 0x73ae, 0x630a, 0x62ea, 0x5ac9, 0x62e9, 0x5b08, 0x52c6, 0x4ac6, 0x52e6, 0x6309,
    0x6b2a, 0x6b4b, 0x6b2a, 0x6b2a, 0x6b2b, 0x6b2b, 0x6b2b, 0x6b2a, 0x6b0b, 0x6b0b, 0x73ce, 0x8493,
    0x9d98, 0xa63c, 0xa65c, 0xa65d, 0xa61b, 0x8492, 0x9db3, 0x8cd1, 0x7bee, 0x7bee, 0x7c0e, 0x6bad,
    0x6bce, 0x9d95, 0x9575, 0x9d95, 0xa5d6, 0x9554, 0x8d13, 0x8d13, 0x8cf3, 0x5b4c, 0x3a27, 0x4a68,
    0x4a68, 0x4266, 0x3a64, 0x4ae4, 0x42c3, 0x42c3, 0x4ae4, 0x5b26, 0x6baa, 0x73ab, 0x73ab, 0x6b8a,
    0x73ab, 0x73ac, 0x6329, 0x6328, 0x6b8a, 0x73cc, 0x73ec, 0x73cc, 0x5ae9, 0x52a9, 0x5aa9, 0x5288,
    0x5268, 0x39a5, 0x5b0a, 0xadd4, 0x9512, 0x8cb1, 0x8cd2, 0x8cd1, 0x7c6c, 0x6bc9, 0x8cb0, 0x8cb1,
    0x94d1, 0x94b1, 0x848d, 0x63c7, 0x848f, 0x8cd2, 0x9597, 0x8d16, 0x52a9, 0x5a88, 0x5288, 0x4a66,
    0x5268, 0x5268, 0x5268, 0x5268, 0x5268, 0x52a9, 0x7c91, 0x9554, 0x8cd2, 0x8cd2, 0x9555, 0xbe9c,
    0xbe7a, 0x94f2, 0x94d2, 0x94f2, 0x94f2, 0x9d53, 0xadf5, 0xadd4, 0x6b8b, 0x39c5, 0x5288, 0x5a89,
    0x5a89, 0x5288, 0x52a8, 0x52a8, 0x62e9, 0x738b, 0x73ab, 0x73ab, 0x6b6a, 0x6369, 0x6369, 0x5b67,
    0x4b05, 0x4ae4, 0x42c4, 0x42a4, 0x3a64, 0x3a25, 0x3a45, 0x3a45, 0x3a45, 0x5309, 0x740f, 0x7430,
    0x7410, 0x7410, 0x7451, 0x9d75, 0xa5d6, 0x9d54, 0x9513, 0x9d53, 0x9d53, 0x7c2e, 0x7bee, 0x8491,
    0xa594, 0x844f, 0x840e, 0x842f, 0x844f, 0xa575, 0xbebb, 0xd75e, 0xc6fd, 0xae7c, 0xa65d, 0xa65c,
    0xa65c, 0x9dda, 0x8cf5, 0x84b3, 0x8493, 0x8493, 0x8493, 0x84b3, 0x7c31, 0x5b2b, 0x5aea, 0x5aa8,
    0x52a7, 0x52a7, 0x5287, 0x4a66, 0x4a66, 0x5287, 0x5287, 0x5288, 0x5288, 0x5aa9, 0x5aa9, 0x5ac9,
    0x5aa9, 0x52a8, 0x5288, 0x52a9, 0x5289, 0x5288, 0x5aa9, 0x5ac9, 0x5ac9, 0x5ac9, 0x5ac9, 0x5ac9,
    0x5aa8, 0x5288, 0x5288, 0x5288, 0x5288, 0x52a8, 0x52a8, 0x52a9, 0x5aa9, 0x5aa9, 0x5aa9, 0x5aa9,
    0x5aa9, 0x5aa9, 0x5289, 0x5aa9, 0x5a88, 0x5288, 0x5288, 0x5288, 0x5288, 0x5288, 0x52a8, 0x5aa8,
    0x5aa9, 0x5aa9, 0x5aa9, 0x5ac9, 0x5aea, 0x5b2c, 0x7c31, 0x84b3, 0x9598, 0xa61b, 0xa63b, 0xa63b,
    0xa63b, 0xa63b, 0x9598, 0x7c93, 0x8472, 0x73ae, 0x5aea, 0x630a, 0x5aea, 0x5ae9, 0x52a8, 0x5aa8,
    0x5aa9, 0x5288, 0x5268, 0x5289, 0x5aea, 0x5aeb, 0x5aeb, 0x632c, 0x8472, 0x84b3, 0x9db8, 0xa61b,
    0xa63c, 0xa65c, 0xa65c, 0xa65d, 0xa61b, 0x8492, 0xa5b4, 0x8cb0, 0x7bed, 0x7bee, 0x7bed, 0x738c,
    0x7c2e, 0x9533, 0x7c2f, 0x8470, 0x9d53, 0x9512, 0x9553, 0x9db5, 0xa5d6, 0x8d14, 0x7c72, 0x7c71,
    0x7c71, 0x7450, 0x740f, 0x4287, 0x3a45, 0x3a45, 0x3a45, 0x3a44, 0x4284, 0x5306, 0x5306, 0x4ac6,
    0x52e7, 0x5306, 0x4ae4, 0x5304, 0x6387, 0x6387, 0x6387, 0x73ab, 0x5aa9, 0x5a89, 0x5a88, 0x5a89,
    0x5288, 0x39c5, 0x5b0a, 0xadd4, 0x9512, 0x8cb1, 0x8cb1, 0x8cb1, 0x7c4c, 0x6bc9, 0x8cb0, 0x94b1,
    0x94d1, 0x94b1, 0x848d, 0x63a7, 0x846f, 0x8cf2, 0x9597, 0x8d15, 0x5ac9, 0x5a89, 0x5287, 0x3a44,
    0x5268, 0x5268, 0x4a47, 0x4a46, 0x5288, 0x5aa9, 0x7c91, 0x9554, 0x8cd1, 0x8cd1, 0x8cf2, 0xb63a,
    0xb638, 0x94f2, 0x94d2, 0x94f2, 0x94f2, 0x9d53, 0xadd5, 0xadd4, 0x6b8c, 0x4227, 0x62ea, 0x5a89,
    0x5288, 0x4a87, 0x4265, 0x52e7, 0x5b08, 0x5306, 0x5305, 0x52e5, 0x4ac4, 0x42c4, 0x5305, 0x4284,
    0x31e3, 0x29a3, 0x2983, 0x2964, 0x4aa9, 0x84b1, 0x8cd2, 0x8cf2, 0x8cf2, 0x9534, 0x9d96, 0x9d96,
    0x9d95, 0x9d75, 0x9d95, 0x9d95, 0xa5b5, 0x8cb1, 0x7bee, 0x842e, 0x842f, 0x7bcd, 0x7bed, 0x8490,
    0xa594, 0x844f, 0x842e, 0x842f, 0x8cd3, 0xa5f9, 0xbedd, 0xd75e, 0xdf7f, 0xc6fe, 0xae7c, 0xae5d,
    0xa65d, 0xa65d, 0xa65c, 0xa65c, 0xa65c, 0xae5c, 0xae5c, 0xae5c, 0xa61b, 0x9557, 0x8cf5, 0x5b2d,
    0x52cb, 0x52cb, 0x4248, 0x31c5, 0x31c5, 0x31a5, 0x31c5, 0x39c5, 0x39c5, 0x39e5, 0x4227, 0x52ea,
    0x52cb, 0x52cb, 0x52ca, 0x4aca, 0x4aca, 0x52ca, 0x52ca, 0x4227, 0x39e5, 0x39e5, 0x39e5, 0x39e5,
    0x39c5, 0x31a5, 0x31a5, 0x39a5, 0x31a5, 0x31a5, 0x31c5, 0x39c5, 0x39c5, 0x39c5, 0x31c5, 0x31c5,
    0x31c5, 0x31a5, 0x39c5, 0x31c5, 0x31c5, 0x39c5, 0x31c5, 0x31a5, 0x31a5, 0x39e6, 0x52aa, 0x52ca,
    0x52cb, 0x52eb, 0x52eb, 0x5b4d, 0x8cf5, 0x9578, 0xa63b, 0xa65c, 0xa65c, 0xa65c, 0xa65d, 0xa65d,
    0xa65d, 0xa65d, 0xae5d, 0xae5c, 0xa65c, 0x9dd9, 0x9557, 0x9557, 0x9d57, 0x8493, 0x52eb, 0x52eb,
    0x52ca, 0x4aaa, 0x4aca, 0x5b4d, 0x8d15, 0x9557, 0x9d77, 0x9d98, 0xa63c, 0xa65c, 0xa63c, 0xa63c,
    0xa65d, 0xa65d, 0xa65c, 0xa65d, 0xa63b, 0x8492, 0x9d93, 0x8cb1, 0x83ee, 0x7bee, 0x7bed, 0x6b6c,
    0x7c2f, 0x9574, 0x8450, 0x7bcd, 0x7c0e, 0x73cd, 0x7c0e, 0x8cb1, 0xa5d6, 0xa5f7, 0x9db6, 0x9db6,
    0x9d96, 0x9d95, 0x9575, 0x8d13, 0x8cf3, 0x8cf2, 0x8cd2, 0x4a88, 0x2963, 0x2962, 0x2982, 0x29a2,
    0x29c2, 0x3a42, 0x42a3, 0x42c3, 0x4ae3, 0x4b03, 0x5344, 0x6348, 0x5a88, 0x5a88, 0x5288, 0x5a89,
    0x5a88, 0x41e6, 0x5b2a, 0xa5b4, 0x9512, 0x8cb1, 0x8cb1, 0x8cb0, 0x7c4c, 0x6bc9, 0x8cb0, 0x94b1,
    0x8cb1, 0x94b1, 0x846d, 0x5b67, 0x8490, 0x9555, 0x95b8, 0x8d15, 0x5aca, 0x5289, 0x4a66, 0x3223,
    0x5268, 0x5267, 0x4a46, 0x4245, 0x5288, 0x5aa9, 0x7cb1, 0x9554, 0x84b1, 0x8cd1, 0x8cf2, 0xa5b6,
    0x9534, 0x8cf1, 0x94f2, 0x94f2, 0x94f2, 0x9d53, 0xadd5, 0xadb4, 0x6b8c, 0x638d, 0x8c92, 0x52a9,
    0x4a87, 0x3a24, 0x3243, 0x42a4, 0x4285, 0x3a63, 0x3a43, 0x3a23, 0x31c3, 0x31c4, 0x31e4, 0x4267,
    0x6b8c, 0x6bad, 0x6bce, 0x5b2b, 0x636c, 0x94f3, 0x94f2, 0x9513, 0x9513, 0x8cd2, 0x7c2f, 0x7c0f,
    0x7c0f, 0x7c2f, 0x7c2f, 0x7c4f, 0x9d53, 0x8470, 0x7bcd, 0x7bcd, 0x7bcd, 0x7bcd, 0x7bcd, 0x846f,
    0x9d74, 0x846f, 0x94d2, 0x9555, 0xa61a, 0xa65c, 0xae7d, 0xbebd, 0xd77f, 0xdf7f, 0xdf5f, 0xcf3e,
    0xb69d, 0xa65d, 0xae5c, 0xa65d, 0xa65d, 0xae5d, 0xae5c, 0xa65c, 0xa65c, 0xa65c, 0xa63c, 0x9dfa,
    0x9dda, 0xa5f9, 0x84d4, 0x63af, 0x63af, 0x63af, 0x63af, 0x6baf, 0x6bae, 0x638e, 0x7c52, 0x9dd9,
    0x9dda, 0x9dda, 0x9dda, 0x9dda, 0x9dda, 0x9dda, 0x9dd9, 0x7c72, 0x63af, 0x6baf, 0x6baf, 0x63af,
    0x63af, 0x638e, 0x63ae, 0x63af, 0x638e, 0x638e, 0x638e, 0x638f, 0x638e, 0x63ae, 0x63ae, 0x63ae,
    0x638e, 0x638e, 0x638f, 0x63af, 0x638e, 0x63af, 0x63af, 0x638f, 0x638e, 0x7432, 0x9db9, 0x9dda,
    0x9dfa, 0x9dfa, 0xa5fa, 0xa61a, 0xa65c, 0xae5c, 0xae5d, 0xa65d, 0xae5d, 0xae5d, 0xa65d, 0xa65d,
    0xa65d, 0xa65d, 0xa65d, 0xa65d, 0xa65c, 0xa65c, 0xae5c, 0xa65c, 0xae5c, 0xa63c, 0xa5fa, 0xa5fa,
    0x9dfa, 0x9dfa, 0x9dfa, 0x9dfa, 0xa63c, 0xa65c, 0xae5d, 0xae5c, 0xae5c, 0xa65d, 0xa65d, 0xa65d,
    0xa65c, 0xa65c, 0xa65c, 0xa65d, 0xa63c, 0x8d35, 0x9d93, 0x8cd0, 0x7c0e, 0x83ed, 0x738c, 0x6b4b,
    0x7c2f, 0x9575, 0x8491, 0x73cd, 0x7bcd, 0x7bcd, 0x7bcd, 0x844f, 0xa5b5, 0x9d54, 0x8450, 0x7c0e,
    0x7bee, 0x73ee, 0x7c2f, 0x94f2, 0x8cf2, 0x8cd2, 0x8cd2, 0x7c50, 0x636c, 0x5b0a, 0x5b0a, 0x5b0a,
    0x4a88, 0x2983, 0x31c3, 0x31e3, 0x3203, 0x3a43, 0x3a63, 0x4264, 0x4226, 0x5268, 0x5268, 0x5a88,
    0x5a89, 0x4206, 0x5b2a, 0xa5d4, 0x94f2, 0x8cb1, 0x8cb0, 0x7c6d, 0x742b, 0x7c2c, 0x8cb0, 0x8cd1,
    0x94f2, 0x94d1, 0x7c4d, 0x5b66, 0x7cb0, 0x95b7, 0x9db9, 0x8d15, 0x5aa9, 0x5288, 0x4245, 0x2a01,
    0x5268, 0x4265, 0x4264, 0x4a66, 0x5288, 0x5aa9, 0x84b1, 0x9554, 0x8cd2, 0x8cb1, 0x8cd1, 0x94f3,
    0x8cd2, 0x8cd1, 0x94d2, 0x94f2, 0x94f2, 0x9d53, 0xadf5, 0xadd4, 0x73ee, 0x8cf4, 0xadf8, 0x8cb2,
    0x4266, 0x29a1, 0x2982, 0x31e3, 0x3a04, 0x3a05, 0x3a25, 0x5b0a, 0x740e, 0x740e, 0x73ee, 0x8470,
    0x9d54, 0x9d74, 0xa594, 0x8490, 0x73ad, 0x73cd, 0x7bcd, 0x7bce, 0x7bee, 0x7bee, 0x7bcd, 0x7bcd,
    0x7bed, 0x738c, 0x7bcd, 0x7c0e, 0x9511, 0x844f, 0x7bcd, 0x7bcd, 0x7bed, 0x7bed, 0x7bce, 0x8471,
    0x9d96, 0xa5d7, 0xbe5b, 0xb65c, 0xae5c, 0xa65d, 0xa65d, 0xae5c, 0xbedd, 0xd77f, 0xdf7f, 0xdf9f,
    0xd73e, 0xcf1e, 0xc71e, 0xb6bd, 0xae5c, 0xa65d, 0xa65c, 0xa65d, 0xa65c, 0xa65c, 0xa65c, 0xa65c,
    0xa65c, 0xa65c, 0xa63c, 0xa63b, 0xa63b, 0xa63b, 0xa63b, 0xa63b, 0xa63b, 0xa63b, 0xa63b, 0xa65c,
    0xa65c, 0xa65c, 0xa65c, 0xa65c, 0xa65d, 0xa65c, 0xae5c, 0xa65c, 0xa63b, 0xa63b, 0xa63b, 0xa63b,
    0xa61b, 0xa61b, 0xa63b, 0xa63b, 0xa63b, 0xa63b, 0xa61b, 0xa63b, 0xa63b, 0xa63b, 0xa63b, 0xa63b,
    0xa63b, 0xa63b, 0xa63b, 0xa63b, 0xa63b, 0xa63b, 0xa63b, 0xa63c, 0xa63b, 0xa63b, 0xa65c, 0xa65d,
    0xa65d, 0xa65d, 0xa65c, 0xae5c, 0xae5c, 0xa65c, 0xae5d, 0xae7d, 0xae7d, 0xae7d, 0xa65d, 0xa65d,
    0xa65d, 0xae5d, 0xa65c, 0xa65c, 0xa65d, 0xa65c, 0xa65d, 0xae5d, 0xa65c, 0xae5c, 0xa65c, 0xa63d,
    0xa63d, 0xa65d, 0xa65d, 0xa65d, 0xa65c, 0xae5c, 0xae5c, 0xae5d, 0xae5c, 0xae5c, 0xa65c, 0xa65d,
    0xa65d, 0xa65c, 0xa65c, 0xa65d, 0xa65c, 0xa63a, 0xa5d6, 0x8cd2, 0x842f, 0x7bed, 0x630a, 0x6b4b,
    0x844f, 0x9555, 0x8470, 0x7bcd, 0x7bcd, 0x7bcd, 0x7bcd, 0x844f, 0x9d73, 0x844f, 0x7bcd, 0x7bcd,
    0x7bad, 0x7bad, 0x7bad, 0x7bee, 0x6b4b, 0x630a, 0x632b, 0x9512, 0x9512, 0x8490, 0x8490, 0x8c90,
    0x7c2f, 0x632b, 0x6b8c, 0x6b8c, 0x6b8b, 0x5b09, 0x31e4, 0x31c4, 0x3a06, 0x39c5, 0x31a4, 0x39c5,
    0x4a67, 0x41e5, 0x5b2a, 0xa5b4, 0x94f2, 0x8c90, 0x848f, 0x63a8, 0x6beb, 0x8cb0, 0x8cb1, 0x94f2,
    0xa594, 0xa594, 0x7c4c, 0x5b87, 0x84b0, 0x9db7, 0x9577, 0x84b3, 0x5aaa, 0x5287, 0x3a23, 0x2a01,
    0x5268, 0x4264, 0x4264, 0x4265, 0x4a87, 0x5ac9, 0x84b1, 0x9575, 0x9554, 0x94d2, 0x8cd1, 0x8cd1,
    0x8cd1, 0x8cd1, 0x94d2, 0x94d2, 0x94d2, 0x9d53, 0xadf5, 0xadd4, 0x7c2f, 0x9db8, 0xcefe, 0xc69a,
    0x532b, 0x31c4, 0x39e5, 0x6b6b, 0x842e, 0x842f, 0x844f, 0x8cd1, 0x94f2, 0x8c70, 0x73ee, 0x6bcd,
    0x7c2f, 0x7c2e, 0x7c0e, 0x7bed, 0x7bad, 0x7bcd, 0x7bcd, 0x7bcd, 0x7bcd, 0x7bcd, 0x7bcd, 0x7bed,
    0x7c0d, 0x73ac, 0x7bed, 0x7bee, 0x8c90, 0x844f, 0x73ad, 0x7bed, 0x7bee, 0x842f, 0x8cd3, 0x9db8,
    0xae5b, 0xcf3e, 0xdf7e, 0xcf1d, 0xb6bd, 0xa65d, 0xa65d, 0xa65d, 0xae7c, 0xbedd, 0xd75f, 0xdf7f,
    0xdf9f, 0xdf7f, 0xdf7f, 0xd73e, 0xbebd, 0xb6bd, 0xae5c, 0xa65c, 0xa65d, 0xa65d, 0xa65d, 0xa65c,
    0xa65c, 0xae5c, 0xae5c, 0xa65c, 0xa65c, 0xae5c, 0xa65c, 0xa65c, 0xa65c, 0xa65c, 0xa65c, 0xa65c,
    0xae5c, 0xa65c, 0xa65d, 0xa65c, 0xae5c, 0xa65c, 0xae5c, 0xae5c, 0xa65c, 0xa65c, 0xa65c, 0xa65c,
    0xa65c, 0xa65c, 0xa65c, 0xae5c, 0xa65c, 0xae5c, 0xa65c, 0xa65c, 0xa65d, 0xa65c, 0xa65c, 0xa65c,
    0xa65c, 0xa65c, 0xa65c, 0xa65c, 0xa65c, 0xa65c, 0xae5c, 0xa65c, 0xa65c, 0xa63c, 0xa65c, 0xa65d,
    0xa65c, 0xa65c, 0xa65c, 0xa65c, 0xa67c, 0xae7c, 0xa65c, 0xa65d, 0xae7d, 0xae7d, 0xae5d, 0xa65d,
    0xae5d, 0xa65d, 0xa65d, 0xa65d, 0xae5d, 0xa65d, 0xa67d, 0xae7d, 0xae5d, 0xa65c, 0xa65d, 0xa65d,
    0xa65c, 0xa65c, 0xa65c, 0xa65c, 0xae5d, 0xae5c, 0xae5d, 0xa65d, 0xae5c, 0xae7c, 0xb69d, 0xae5c,
    0xa65d, 0xae5d, 0xa65d, 0xa65d, 0xa65d, 0xa65c, 0xa63b, 0xa619, 0x9d55, 0x7c0f, 0x632b, 0x6b6c,
    0x7c0e, 0x7c2f, 0x7bee, 0x7bcd, 0x7bcd, 0x7bcd, 0x7bed, 0x844f, 0x9d53, 0x7c2f, 0x7bad, 0x7bcd,
    0x7bcd, 0x7bcd, 0x73ad, 0x7bcd, 0x6b4b, 0x5ae9, 0x62ea, 0x632a, 0x6b6b, 0x73ad, 0x73cd, 0x73ce,
    0x73cd, 0x7bee, 0x8450, 0x8c6f, 0x8c8f, 0x844e, 0x6b8c, 0x6bac, 0x7c0d, 0x52c8, 0x31a4, 0x2942,
    0x2983, 0x3183, 0x5b2a, 0xa5b4, 0x94f2, 0x8c90, 0x848f, 0x5b86, 0x6bcb, 0x8cb0, 0x8c91, 0x8cb1,
    0x9d33, 0x9d13, 0x7c4c, 0x5b87, 0x84d0, 0x9db7, 0x7431, 0x5b2c, 0x5289, 0x4a66, 0x3222, 0x2a01,
    0x5268, 0x4266, 0x3a23, 0x3a44, 0x4a87, 0x5aa9, 0x6b8d, 0x8491, 0x9574, 0x8cb1, 0x8c91, 0x8cd1,
    0x8cb1, 0x8cd1, 0x8cd1, 0x94d1, 0x8cd1, 0x9d53, 0xadd4, 0xadd5, 0x9555, 0xa61b, 0xc6fd, 0xd73e,
    0xa5b8, 0x638e, 0x52a9, 0x738d, 0x7c0e, 0x842e, 0x840e, 0x7c2e, 0x7c0e, 0x632b, 0x52e9, 0x636b,
    0x7bcd, 0x7bcd, 0x7bcd, 0x7bcd, 0x7bcd, 0x7bcd, 0x7bcd, 0x7bcd, 0x7bcd, 0x7bcd, 0x7bcd, 0x7bed,
    0x842e, 0x8c6e, 0x842e, 0x83ee, 0x842e, 0x7bed, 0x73ad, 0x7bee, 0x8c91, 0x9d97, 0xa63c, 0xae5c,
    0xcf1e, 0xdf7f, 0xdf7f, 0xe77f, 0xd75e, 0xb69c, 0xae5c, 0xae7d, 0xae7d, 0xae7c, 0xb67c, 0xbedd,
    0xcf3e, 0xdf7f, 0xe79f, 0xe79f, 0xdf7f, 0xd75f, 0xb69d, 0xae5d, 0xae5d, 0xae5d, 0xa65d, 0xa65d,
    0xa65c, 0xa65c, 0xa65d, 0xa65d, 0xa65d, 0xa65d, 0xa65d, 0xae5d, 0xa65c, 0xae5c, 0xae5c, 0xae7c,
    0xae5c, 0xae7c, 0xae7c, 0xae7c, 0xae5c, 0xae5c, 0xa65c, 0xa65c, 0xa65c, 0xa65d, 0xa65d, 0xa65c,
    0xa65d, 0xa65d, 0xa65d, 0xa65d, 0xa65d, 0xa65c, 0xae5c, 0xae5c, 0xae7c, 0xae5c, 0xae7c, 0xae7c,
    0xae7c, 0xae7c, 0xae5c, 0xae5c, 0xae5c, 0xae5c, 0xae5c, 0xa65c, 0xa65d, 0xa67d, 0xa65d, 0xa65d,
    0xa65d, 0xa65d, 0xae5d, 0xa65d, 0xae5d, 0xae7d, 0xae5c, 0xae5d, 0xae7d, 0xae7d, 0xae7d, 0xae7d,
    0xae7d, 0xae5c, 0xae7c, 0xae5c, 0xae5d, 0xae7d, 0xae7d, 0xae5d, 0xa65d, 0xa65d, 0xa65d, 0xa65d,
    0xa65d, 0xae5d, 0xae5d, 0xae5c, 0xae5c, 0xa65c, 0xae5c, 0xbebd, 0xc6fe, 0xcf3e, 0xd75f, 0xbebd,
    0xae5c, 0xae5d, 0xa65d, 0xa65d, 0xae5d, 0xa65d, 0xae7d, 0xa65d, 0xa61b, 0x9d77, 0x8d16, 0x9536,
    0x9536, 0x8cd3, 0x7bee, 0x7bcd, 0x7bed, 0x7bed, 0x7bee, 0x7c4f, 0x9d95, 0x7c50, 0x7bcd, 0x7bad,
    0x7bcd, 0x7bcd, 0x738c, 0x6b2b, 0x62ea, 0x5ac9, 0x5287, 0x4264, 0x52c8, 0x738c, 0x738c, 0x73ad,
    0x6b4b, 0x5aea, 0x6b4c, 0x7bce, 0x7c0e, 0x7bee, 0x73ed, 0x73cc, 0x6b6b, 0x52a8, 0x4a27, 0x41e6,
    0x3a06, 0x39c5, 0x5b0a, 0x9d73, 0x94f2, 0x8c91, 0x8c8f, 0x5b67, 0x73eb, 0x8c90, 0x8c90, 0x8c90,
    0x8c90, 0x8c70, 0x7c4c, 0x63a7, 0x8cf1, 0x9db7, 0x6bce, 0x5288, 0x5288, 0x4a66, 0x2a22, 0x3a63,
    0x5268, 0x5267, 0x3a44, 0x3a64, 0x52a7, 0x5a88, 0x5a89, 0x6b8d, 0x8d34, 0x8490, 0x8470, 0x8c90,
    0x8cb1, 0x8cd1, 0x8cd1, 0x8cd1, 0x94d1, 0x9d32, 0xa5b4, 0xa5d5, 0xae39, 0xae7c, 0xc6dd, 0xdf5f,
    0xc6fd, 0xa5d8, 0x7c10, 0x5aeb, 0x630b, 0x736c, 0x736c, 0x6b4c, 0x5aea, 0x4267, 0x52e9, 0x738c,
    0x7bcd, 0x7bcd, 0x7bcd, 0x7bcd, 0x7bcd, 0x7bcd, 0x7bce, 0x7bcd, 0x7bcd, 0x7bcd, 0x7bcd, 0x7bee,
    0x7c0e, 0x8c6e, 0x8c6e, 0x840f, 0x8450, 0x73ef, 0x7c51, 0x9515, 0xa61a, 0xae5c, 0xb69c, 0xcf3e,
    0xdf7f, 0xdf7f, 0xdf9f, 0xdf9f, 0xdf7f, 0xd73e, 0xbebd, 0xae7d, 0xae5c, 0xae7d, 0xae7d, 0xae7d,
    0xae7d, 0xc6dd, 0xd73e, 0xd75f, 0xd73e, 0xcf3e, 0xae7c, 0xa67d, 0xae5d, 0xae5d, 0xae5d, 0xa65d,
    0xae5d, 0xa65d, 0xa65c, 0xa65c, 0xa65c, 0xa65d, 0xae5c, 0xae5c, 0xb69d, 0xc6fd, 0xd73e, 0xd73e,
    0xd73e, 0xd73e, 0xd73e, 0xcf3e, 0xd73e, 0xcf3e, 0xc6dd, 0xae7c, 0xa65d, 0xa65d, 0xa65c, 0xae5d,
    0xae5c, 0xae5c, 0xae5c, 0xae5c, 0xa65c, 0xae7c, 0xc6fe, 0xcf3e, 0xcf3e, 0xd73e, 0xd73e, 0xd73e,
    0xd73e, 0xd73e, 0xd73e, 0xd73e, 0xcf3e, 0xcf3e, 0xbebd, 0xae5d, 0xa65d, 0xae5d, 0xae5c, 0xae5d,
    0xae5d, 0xa65d, 0xae5d, 0xae5c, 0xb69c, 0xcf3e, 0xd73e, 0xd73e, 0xd73f, 0xd73e, 0xd73e, 0xd73e,
    0xd73e, 0xcf3e, 0xcf3e, 0xbebd, 0xae5d, 0xae5d, 0xa65d, 0xae7d, 0xa65d, 0xa65d, 0xa65d, 0xa65d,
    0xae5d, 0xae5d, 0xa65c, 0xae5d, 0xae5d, 0xb69d, 0xcf1e, 0xdf5f, 0xdf9f, 0xe77f, 0xdf9f, 0xdf7f,
    0xcf1e, 0xb6bd, 0xae7d, 0xae5c, 0xae5c, 0xa65d, 0xae5c, 0xae5d, 0xa65c, 0xa65c, 0xa65c, 0xa65c,
    0xa65c, 0x9db9, 0x8451, 0x73ce, 0x73ad, 0x7bee, 0x7bee, 0x7c2f, 0x8d34, 0x7c50, 0x73ad, 0x7bcd,
    0x7bcd, 0x7bcd, 0x73ad, 0x5ac9, 0x5aa9, 0x5aa9, 0x4a86, 0x3a43, 0x4ac6, 0x738c, 0x73ad, 0x73ac,
    0x738c, 0x62ea, 0x5288, 0x6b4b, 0x73ad, 0x7bad, 0x7bad, 0x6b6c, 0x5289, 0x4a68, 0x5268, 0x5268,
    0x5289, 0x4a68, 0x634b, 0x9d73, 0x94f1, 0x8c91, 0x8c8f, 0x6baa, 0x740c, 0x8c70, 0x8c70, 0x8c70,
    0x8c70, 0x8c50, 0x7c4d, 0x63a7, 0x8cf1, 0x9db7, 0x73ef, 0x5a88, 0x5a89, 0x4266, 0x3223, 0x4ac5,
    0x5287, 0x5268, 0x4a67, 0x4a85, 0x5287, 0x5288, 0x5288, 0x6b8d, 0x8d34, 0x8491, 0x7c2f, 0x844f,
    0x8cb0, 0x8cb1, 0x8cd1, 0x8cd1, 0x8cd1, 0x8cd1, 0x9512, 0xa5b5, 0xae39, 0xa65c, 0xc6de, 0xdf7f,
    0xdf7f, 0xcf1e, 0xbe5a, 0x94f3, 0x738d, 0x6b4b, 0x736c, 0x6b4b, 0x4a67, 0x3206, 0x5b2a, 0x738c,
    0x7bcd, 0x7bce, 0x7bcd, 0x7bee, 0x7bcd, 0x7bed, 0x7bcd, 0x7bcd, 0x7bcd, 0x7bcd, 0x7bcd, 0x7bed,
    0x83ee, 0x842f, 0x94f3, 0x9556, 0xa5d9, 0xa5fa, 0xa5fb, 0xa63b, 0xa65c, 0xb69d, 0xd73e, 0xdf7f,
    0xe77f, 0xdf7f, 0xe77f, 0xe79f, 0xdf7f, 0xdf7f, 0xdf7f, 0xcf1e, 0xbede, 0xbede, 0xbedd, 0xb69d,
    0xb69d, 0xbedd, 0xc6dd, 0xc6dd, 0xb67c, 0xae7d, 0xae5c, 0xae5d, 0xae5d, 0xae7d, 0xa65d, 0xae7d,
    0xae7c, 0xae7d, 0xae5c, 0xae5c, 0xae5d, 0xa65c, 0xb69d, 0xc6fe, 0xd75f, 0xdf7f, 0xe79f, 0xe79f,
    0xe79f, 0xdf9f, 0xdf9f, 0xdf9f, 0xdf7f, 0xdf7f, 0xdf7f, 0xbedd, 0xae5d, 0xa65d, 0xae5c, 0xae5d,
    0xae5d, 0xae5d, 0xa65c, 0xae5d, 0xae7d, 0xbedd, 0xd75f, 0xdf9f, 0xdf7f, 0xdf7f, 0xdf7f, 0xdf7f,
    0xdf7f, 0xdf7f, 0xe79f, 0xdf9f, 0xe77f, 0xdf7f, 0xc6fe, 0xae7c, 0xa65d, 0xae5d, 0xae7d, 0xae5d,
    0xae5d, 0xae7d, 0xae7c, 0xb6bd, 0xcf1e, 0xdf7f, 0xe77f, 0xe77f, 0xdf7f, 0xe79f, 0xe79f, 0xdf7f,
    0xdf7f, 0xe77f, 0xdf9f, 0xcf1e, 0xbebd, 0xae7d, 0xae7d, 0xae7d, 0xae7d, 0xbedd, 0xbede, 0xbedd,
    0xbede, 0xb67d, 0xae5d, 0xae5d, 0xae5c, 0xbedd, 0xdf7f, 0xe77f, 0xe77f, 0xe79f, 0xdf7f, 0xe79f,
    0xdf7f, 0xdf5f, 0xcf1e, 0xc6dd, 0xbedd, 0xb67d, 0xae5c, 0xae5d, 0xae7c, 0xae5c, 0xae5c, 0xa65d,
    0xa65c, 0xa63b, 0xa5d9, 0x84d4, 0x7c51, 0x8cb3, 0x7c0f, 0x73ee, 0x7c0f, 0x73ce, 0x7bcd, 0x7bcd,
    0x7bcd, 0x7bcd, 0x73ad, 0x5aca, 0x5aa8, 0x52a8, 0x52c7, 0x4264, 0x4a85, 0x6b6b, 0x7bad, 0x7bad,
    0x73ac, 0x738c, 0x52a8, 0x52a8, 0x738c, 0x7bad, 0x7bcd, 0x736c, 0x5289, 0x5268, 0x5268, 0x5aca,
    0x8472, 0x84b4, 0x7430, 0x9d73, 0x94d1, 0x8c90, 0x8c90, 0x846f, 0x8c6f, 0x8c70, 0x8c70, 0x8470,
    0x8470, 0x8450, 0x844e, 0x740a, 0x8cf2, 0x9db7, 0x73ef, 0x5a89, 0x5a88, 0x4246, 0x4264, 0x52c6,
    0x4a66, 0x5268, 0x5287, 0x4244, 0x3a25, 0x5268, 0x5288, 0x6b8d, 0x8d33, 0x8490, 0x842f, 0x842f,
    0x844f, 0x8c90, 0x8cb1, 0x8cd1, 0x8cd1, 0x8cd1, 0x9511, 0xa5b5, 0xae19, 0xa65c, 0xbedd, 0xdf7f,
    0xdf7f, 0xdf7f, 0xe77f, 0xdf5e, 0xb5d7, 0x73ef, 0x73ee, 0x636c, 0x39e6, 0x4a68, 0x52c9, 0x6b2b,
    0x7bed, 0x7bee, 0x7bee, 0x7bcd, 0x83ed, 0x7bee, 0x7bee, 0x842f, 0x7c30, 0x8430, 0x7c30, 0x7c30,
    0x8471, 0x9556, 0xae3b, 0xae5c, 0xa63c, 0xa65c, 0xa65c, 0xa65c, 0xa65c, 0xbebd, 0xd75f, 0xdf7e,
    0xdf7f, 0xe79f, 0xdf7f, 0xdf9f, 0xdf9f, 0xdf9f, 0xe77f, 0xdf7f, 0xdf9f, 0xdf7f, 0xdf7f, 0xd75f,
    0xd75f, 0xdf7f, 0xdf7f, 0xd75f, 0xb69d, 0xae7d, 0xae7d, 0xae5c, 0xa65d, 0xa65d, 0xae5d, 0xbebd,
    0xcf1e, 0xcf1e, 0xbedd, 0xb67c, 0xb69d, 0xb69c, 0xcf3e, 0xdf7f, 0xe79f, 0xe79f, 0xe77f, 0xe77f,
    0xe79f, 0xe79f, 0xe77f, 0xe77f, 0xe79f, 0xe77f, 0xdf7f, 0xd73e, 0xae7d, 0xa65d, 0xae7d, 0xae5d,
    0xae5d, 0xae5d, 0xae5c, 0xb6bd, 0xcf1e, 0xdf7f, 0xe79f, 0xe79f, 0xe79f, 0xe79f, 0xe79f, 0xe79f,
    0xdf7f, 0xdf7f, 0xdf9f, 0xdf7f, 0xdf7f, 0xd73e, 0xb69c, 0xa65c, 0xa65d, 0xa65d, 0xae7d, 0xae5d,
    0xae7d, 0xae7c, 0xbedd, 0xd75e, 0xdf7f, 0xe77f, 0xe77f, 0xe77f, 0xe77f, 0xe77f, 0xe77f, 0xe79f,
    0xe79f, 0xe79f, 0xe77f, 0xe79f, 0xdf5f, 0xcf1e, 0xcf1e, 0xcf1e, 0xcf3e, 0xdf7f, 0xe79f, 0xe79f,
    0xe77f, 0xcf1e, 0xae7d, 0xae5d, 0xa65d, 0xae5c, 0xcf3e, 0xdf7f, 0xe79f, 0xe77f, 0xe79f, 0xdf7f,
    0xdf9f, 0xdf7f, 0xe77f, 0xe77f, 0xdf9f, 0xd73e, 0xcf1e, 0xcf1e, 0xcf1e, 0xcf1e, 0xb69c, 0xae7c,
    0xae5c, 0xa65c, 0xa65c, 0xae5c, 0xae5c, 0xa61b, 0x9598, 0x9557, 0x9556, 0x8471, 0x7bee, 0x7bcd,
    0x7bed, 0x738c, 0x630a, 0x52a8, 0x4a87, 0x4a87, 0x4264, 0x3a63, 0x52e7, 0x73ac, 0x7bad, 0x7bad,
    0x738c, 0x738c, 0x5ac9, 0x4a47, 0x4a67, 0x73ac, 0x736b, 0x62ca, 0x5a88, 0x5268, 0x5aca, 0x6baf,
    0x9dda, 0x9e1b, 0x8d15, 0x9d54, 0x94d1, 0x8c70, 0x8c70, 0x8c70, 0x8c70, 0x8470, 0x8470, 0x8470,
    0x844f, 0x844f, 0x844f, 0x844d, 0x8cf2, 0x9db7, 0x73ef, 0x5a89, 0x52a9, 0x4265, 0x3a44, 0x52a5,
    0x3a24, 0x5267, 0x5288, 0x4244, 0x3a25, 0x5247, 0x5268, 0x6b8c, 0x8d33, 0x8470, 0x840f, 0x842f,
    0x7c2f, 0x8450, 0x8c90, 0x8cb1, 0x8cd1, 0x8cd1, 0x9512, 0xa5b5, 0xa619, 0xa65c, 0xae7c, 0xd73e,
    0xe79f, 0xe77f, 0xe79f, 0xdf7f, 0xdf5e, 0xcedc, 0xb65a, 0x9556, 0x6bd0, 0x73af, 0x5aeb, 0x62ea,
    0x736c, 0x736c, 0x738c, 0x7bce, 0x7bee, 0x8430, 0x8cf5, 0xa5f9, 0xa5fa, 0xa5fa, 0xa5fa, 0xa61a,
    0xae1a, 0xb69c, 0xbebd, 0xbebd, 0xb69d, 0xae5c, 0xa65c, 0xa65c, 0xa65c, 0xae5d, 0xb67d, 0xb69c,
    0xc6dd, 0xd73e, 0xdf7f, 0xdf9f, 0xe79f, 0xe77f, 0xdf7f, 0xdf7f, 0xdf7f, 0xe77f, 0xe77f, 0xdf7f,
    0xdf7f, 0xdf7f, 0xdf7f, 0xdf7f, 0xd75e, 0xd75e, 0xd75f, 0xbedd, 0xae5c, 0xae5d, 0xbebd, 0xd75f,
    0xdf9f, 0xdf7f, 0xdf7f, 0xdf5f, 0xd75f, 0xdf5f, 0xe77f, 0xe77f, 0xe79f, 0xe79f, 0xe79f, 0xe79f,
    0xe79f, 0xe77f, 0xe77f, 0xe79f, 0xe79f, 0xe79f, 0xdf7f, 0xcefd, 0xbebd, 0xbebd, 0xbebd, 0xbebd,
    0xbebd, 0xbebd, 0xc6fd, 0xd75f, 0xe77f, 0xe77f, 0xe79f, 0xe77f, 0xe79f, 0xe79f, 0xe79f, 0xe77f,
    0xe77f, 0xe77f, 0xdf7f, 0xdf9f, 0xdf7f, 0xdf7f, 0xd75e, 0xbedd, 0xbebd, 0xbebd, 0xbebd, 0xbedd,
    0xbebd, 0xc6fd, 0xdf5f, 0xe77f, 0xe77f, 0xe77f, 0xe77f, 0xe77f, 0xe77f, 0xe77f, 0xe77f, 0xe77f,
    0xe77f, 0xe79f, 0xe79f, 0xe79f, 0xe79f, 0xe79f, 0xdf9f, 0xe79f, 0xdf9f, 0xdf7f, 0xdf7f, 0xe77f,
    0xe79f, 0xdf7f, 0xcf1e, 0xb6bd, 0xa65c, 0x9dfb, 0xb69c, 0xd75f, 0xdf7f, 0xdf7f, 0xe77f, 0xe79f,
    0xdf7f, 0xdf7f, 0xe77f, 0xe77f, 0xe79f, 0xe79f, 0xe79f, 0xdf9f, 0xdf9f, 0xdf9f, 0xdf7f, 0xd75f,
    0xc6de, 0xb69d, 0xae5c, 0xae5c, 0xa65c, 0xa65c, 0xa65c, 0xa63c, 0xa63c, 0x9d98, 0x73ae, 0x632b,
    0x632a, 0x5ac9, 0x4a67, 0x4a87, 0x4285, 0x4a85, 0x4284, 0x3a84, 0x52e8, 0x73ad, 0x7bcd, 0x73ad,
    0x736c, 0x5aca, 0x5aa9, 0x4a68, 0x41e6, 0x738c, 0x6b2b, 0x5a89, 0x5a89, 0x5aeb, 0x8492, 0xae3a,
    0xae3c, 0xa63d, 0x9df9, 0x9d54, 0x8cb1, 0x8470, 0x8470, 0x8470, 0x8c50, 0x8450, 0x8450, 0x844f,
    0x842f, 0x842f, 0x842e, 0x740c, 0x7c6e, 0x9db7, 0x73ef, 0x5a89, 0x5287, 0x3a43, 0x3a42, 0x3222,
    0x3a43, 0x5287, 0x5287, 0x4264, 0x4a66, 0x5268, 0x5268, 0x6b6c, 0x8d33, 0x8470, 0x7c0f, 0x840f,
    0x842f, 0x842f, 0x844f, 0x8c91, 0x8cb1, 0x8cd1, 0x94f2, 0xa5d6, 0xae3b, 0xae5d, 0xb69d, 0xd75f,
    0xdf9f, 0xdf7f, 0xdf7f, 0xe79f, 0xdf7f, 0xdf7f, 0xd75f, 0xc6fd, 0xbebc, 0xbe7a, 0xa556, 0x7bef,
    0x634d, 0x634c, 0x73f0, 0x9535, 0x9536, 0x9db9, 0xa63b, 0xae5c, 0xa65c, 0xa65c, 0xa65c, 0xb69d,
    0xc6fe, 0xd75e, 0xdf7f, 0xdf7f, 0xd75f, 0xc71e, 0xc71e, 0xbebd, 0xae7c, 0xae7d, 0xb67d, 0xae7c,
    0xae5c, 0xae7c, 0xbedd, 0xd73e, 0xdf9f, 0xdf7f, 0xdf7f, 0xdf7f, 0xe79f, 0xdf7f, 0xdf9f, 0xe79f,
    0xdf7f, 0xdf7f, 0xdf7f, 0xdf7f, 0xe79f, 0xe77f, 0xd75f, 0xb69d, 0xae7d, 0xbebd, 0xd75f, 0xdf7f,
    0xe77f, 0xe79f, 0xe79f, 0xe77f, 0xe79f, 0xe77f, 0xe77f, 0xe79f, 0xe77f, 0xe79f, 0xe79f, 0xe79f,
    0xe79f, 0xe77f, 0xe77f, 0xe77f, 0xe77f, 0xe77f, 0xe79f, 0xe77f, 0xdf7f, 0xdf7f, 0xdf7f, 0xdf7f,
    0xdf7f, 0xdf7f, 0xdf7f, 0xdf9f, 0xe77f, 0xe79f, 0xe79f, 0xe79f, 0xe79f, 0xe79f, 0xe79f, 0xe79f,
    0xe79f, 0xe79f, 0xe77f, 0xdf9f, 0xe77f, 0xe77f, 0xdf7f, 0xdf7f, 0xdf7f, 0xdf7f, 0xdf7f, 0xdf7f,
    0xdf7f, 0xe79f, 0xe77f, 0xe77f, 0xe77f, 0xe77f, 0xe77f, 0xe77f, 0xe77f, 0xe77f, 0xe77f, 0xe77f,
    0xe79f, 0xe79f, 0xe79f, 0xe79f, 0xe79f, 0xe79f, 0xe79f, 0xe79f, 0xe77f, 0xe79f, 0xe79f, 0xe79f,
    0xdf7f, 0xdf7f, 0xdf7f, 0xd75f, 0xbebd, 0x9db9, 0xa5fa, 0xbebc, 0xd75f, 0xdf9f, 0xdf7f, 0xe79f,
    0xe77f, 0xdf7f, 0xe79f, 0xe79f, 0xe79f, 0xe77f, 0xe77f, 0xdf9f, 0xdf9f, 0xdf9f, 0xdf7f, 0xdf7f,
    0xdf7f, 0xd73e, 0xc6fd, 0xb69c, 0xae5c, 0xa65c, 0xa65c, 0xa65c, 0xa65c, 0xae1b, 0x8d16, 0x84b3,
    0x5b2c, 0x5b6d, 0x7c72, 0x84d3, 0x84d2, 0x84d3, 0x84d2, 0x84d2, 0x8cf4, 0x9536, 0x9535, 0x9515,
    0x7c10, 0x5aeb, 0x52a9, 0x5288, 0x4206, 0x62ea, 0x5aa9, 0x5aca, 0x6b6d, 0x9514, 0xb65a, 0xcf3e,
    0xb67d, 0xa63d, 0xa63b, 0x9d96, 0x8cb1, 0x8450, 0x8470, 0x844f, 0x8450, 0x844f, 0x844f, 0x844f,
    0x842f, 0x842f, 0x842e, 0x6bcc, 0x640d, 0x9596, 0x73cf, 0x5aa8, 0x4a66, 0x4aa5, 0x4284, 0x3242,
    0x3202, 0x4a65, 0x5287, 0x4264, 0x4a66, 0x5268, 0x5268, 0x6b6c, 0x9513, 0x8470, 0x7c0f, 0x7c0f,
    0x7c2f, 0x842f, 0x840f, 0x8450, 0x8c91, 0x94d1, 0x9513, 0xae19, 0xae5c, 0xae5c, 0xc6fd, 0xdf7f,
    0xe79f, 0xe79f, 0xdf7f, 0xdf7f, 0xdf9f, 0xdf9f, 0xdf7f, 0xdf7f, 0xdf7f, 0xdf9f, 0xdf7f, 0xc6bc,
    0xb65a, 0xb63a, 0xbe7b, 0xbebd, 0xbebd, 0xb6bd, 0xb69d, 0xae7d, 0xae7d, 0xb69d, 0xbebd, 0xcf3e,
    0xdf7f, 0xdf7f, 0xdf7f, 0xdf9f, 0xdf9f, 0xdf7f, 0xdf7f, 0xdf7f, 0xd75f, 0xd75f, 0xd75e, 0xbedd,
    0xb6bd, 0xb6bd, 0xb69c, 0xc6fd, 0xdf7f, 0xdf7f, 0xe77f, 0xe77f, 0xdf7f, 0xe77f, 0xdf9f, 0xdf7f,
    0xdf7f, 0xdf7f, 0xdf7f, 0xdf7f, 0xd75f, 0xc6fd, 0xb67b, 0xae7c, 0xb69d, 0xd75f, 0xdf7f, 0xe79f,
    0xdf9f, 0xdf9f, 0xe77f, 0xe77f, 0xe77f, 0xe77f, 0xe77f, 0xe79f, 0xe79f, 0xe79f, 0xe79f, 0xe79f,
    0xe79f, 0xe79f, 0xe79f, 0xe77f, 0xe77f, 0xe79f, 0xe79f, 0xe77f, 0xdf7f, 0xdf7f, 0xe79f, 0xdf7f,
    0xdf7f, 0xe79f, 0xe79f, 0xe79f, 0xe77f, 0xe77f, 0xe77f, 0xe79f, 0xe77f, 0xe79f, 0xe79f, 0xe79f,
    0xe79f, 0xe79f, 0xe77f, 0xe79f, 0xe77f, 0xdf7f, 0xe79f, 0xdf9f, 0xdf7f, 0xe79f, 0xdf9f, 0xe77f,
    0xe77f, 0xe77f, 0xe77f, 0xe77f, 0xe77f, 0xe77f, 0xe77f, 0xe77f, 0xe77f, 0xe77f, 0xe77f, 0xe77f,
    0xe77f, 0xe77f, 0xe77f, 0xe79f, 0xdf9f, 0xe77f, 0xe77f, 0xe77f, 0xe77f, 0xe77f, 0xe77f, 0xe79f,
    0xdf9f, 0xdf9f, 0xdf7f, 0xdf9f, 0xdf5f, 0xcefd, 0x8cf4, 0x9d78, 0xbebd, 0xd75e, 0xdf9f, 0xdf7f,
    0xe77f, 0xe77f, 0xdf7f, 0xe77f, 0xe79f, 0xe77f, 0xe77f, 0xe77f, 0xe77f, 0xe77f, 0xdf7f, 0xdf7f,
    0xdf7f, 0xdf7f, 0xdf7f, 0xd75e, 0xc6dd, 0xb67d, 0xae7d, 0xa65c, 0xa65c, 0xae5c, 0xae5c, 0xae5c,
    0x9dd9, 0x9dda, 0xa63c, 0xa63c, 0xa65c, 0xae5c, 0xa63c, 0xa65c, 0xa63c, 0xa63c, 0xa63c, 0xa63c,
    0xa5d9, 0x8cd4, 0x636d, 0x4a68, 0x4206, 0x5289, 0x634c, 0x8cb3, 0xc69b, 0xdf3e, 0xdf5e, 0xe77f,
    0xcefe, 0xae5d, 0xa65c, 0x9db8, 0x8c91, 0x842f, 0x8450, 0x844f, 0x842f, 0x842f, 0x842f, 0x842f,
    0x842f, 0x842f, 0x7c0f, 0x8491, 0x8514, 0x9576, 0x6bcf, 0x5287, 0x4244, 0x52e7, 0x4284, 0x3242,
    0x3201, 0x4265, 0x5287, 0x3a44, 0x4a66, 0x5268, 0x5268, 0x636c, 0x8cf2, 0x7c2e, 0x7c0e, 0x7c0f,
    0x7c0f, 0x842f, 0x842f, 0x7c2f, 0x844f, 0x8c91, 0x9555, 0xa63b, 0xa65d, 0xae7c, 0xd73e, 0xdf7f,
    0xdf7f, 0xe79f, 0xe79f, 0xe79f, 0xe77f, 0xe79f, 0xe77f, 0xe77f, 0xe79f, 0xe79f, 0xe79f, 0xdf9f,
    0xdf9f, 0xdf7f, 0xdf7f, 0xdf7f, 0xdf7f, 0xdf7f, 0xd75f, 0xcf1e, 0xcf3e, 0xd77f, 0xdf7f, 0xdf7f,
    0xe77f, 0xe77f, 0xe77f, 0xdf7f, 0xdf9f, 0xe77f, 0xe77f, 0xe77f, 0xdf9f, 0xdf9f, 0xdf7f, 0xdf7f,
    0xdf7f, 0xdf7f, 0xdf7f, 0xdf7f, 0xdf7f, 0xdf7f, 0xdf9f, 0xdf9f, 0xdf9f, 0xdf9f, 0xdf9f, 0xe77f,
    0xdf7f, 0xdf7f, 0xdf7f, 0xd75e, 0xb67b, 0x9d98, 0x9536, 0xb67c, 0xcf1e, 0xdf7f, 0xdf7f, 0xdf9f,
    0xdf7f, 0xe79f, 0xe79f, 0xe79f, 0xe77f, 0xe79f, 0xe79f, 0xe79f, 0xe79f, 0xe79f, 0xe79f, 0xe79f,
    0xe79f, 0xe79f, 0xe79f, 0xe79f, 0xe79f, 0xe79f, 0xe79f, 0xe79f, 0xe79f, 0xe79f, 0xe79f, 0xe79f,
    0xe79f, 0xe77f, 0xe79f, 0xe79f, 0xe77f, 0xe79f, 0xe79f, 0xe79f, 0xe79f, 0xe79f, 0xe79f, 0xe79f,
    0xe79f, 0xe79f, 0xe79f, 0xe77f, 0xe77f, 0xdf7f, 0xdf7f, 0xe77f, 0xe77f, 0xe79f, 0xdf7f, 0xdf7f,
    0xe79f, 0xe79f, 0xe79f, 0xe79f, 0xe77f, 0xe79f, 0xe79f, 0xe77f, 0xe79f, 0xe79f, 0xe79f, 0xe79f,
    0xe77f, 0xe77f, 0xe77f, 0xdf7f, 0xdf9f, 0xdf7f, 0xe77f, 0xe77f, 0xe77f, 0xe77f, 0xe77f, 0xe77f,
    0xe77f, 0xe77f, 0xdf7f, 0xdf7f, 0xe77f, 0xd75e, 0x9535, 0x7c11, 0x9dd9, 0xbedd, 0xd77f, 0xe79f,
    0xdf7f, 0xdf9f, 0xe79f, 0xdf9f, 0xdf9f, 0xdf9f, 0xdf9f, 0xdf9f, 0xdf9f, 0xdf9f, 0xdf7f, 0xdf9f,
    0xdf7f, 0xdf7f, 0xdf7f, 0xdf7f, 0xdf7f, 0xdf7f, 0xd73e, 0xc6fd, 0xbedd, 0xae7c, 0xae5c, 0xa65c,
    0xa65c, 0xa65c, 0xa65c, 0xa65c, 0xa65c, 0xa65c, 0xa65c, 0xa65c, 0xa65c, 0xa65c, 0xa65c, 0xa65c,
    0xa63c, 0xae5c, 0xa5fa, 0x84b4, 0x7c52, 0x7c73, 0xadf9, 0xd71d, 0xdf7f, 0xe77f, 0xe79f, 0xe77f,
    0xd73e, 0xae7d, 0xa65c, 0xa5fa, 0x8cb2, 0x844f, 0x844f, 0x844f, 0x842f, 0x842f, 0x842f, 0x842f,
    0x840f, 0x840f, 0x7c0f, 0x84b2, 0x8d15, 0x7410, 0x5b0b, 0x4a66, 0x4244, 0x52c6, 0x3a43, 0x3221,
    0x2a21, 0x3a64, 0x4aa6, 0x3a43, 0x4a86, 0x5268, 0x5268, 0x6b6c, 0x8cd1, 0x6bcc, 0x7bed, 0x7c0e,
    0x840f, 0x842e, 0x842f, 0x842f, 0x842f, 0x8cf3, 0xa61a, 0xa65c, 0xa65c, 0xbedd, 0xdf7f, 0xe77f,
    0xe79f, 0xe79f, 0xe79f, 0xe79f, 0xe79f, 0xe79f, 0xe79f, 0xe79f, 0xe79f, 0xe79f, 0xe77f, 0xe79f,
    0xdf7f, 0xdf7f, 0xdf7f, 0xdf9f, 0xdf7f, 0xdf7f, 0xdf7f, 0xe77f, 0xdf7f, 0xdf7f, 0xdf7f, 0xd75e,
    0xd75f, 0xd75f, 0xd75f, 0xd75e, 0xdf7f, 0xdf7f, 0xdf9f, 0xdf9f, 0xdf7f, 0xdf7f, 0xdf7f, 0xdf7f,
    0xdf7f, 0xdf7f, 0xdf7f, 0xdf7f, 0xdf7f, 0xdf7f, 0xdf7f, 0xdf7f, 0xdf7f, 0xe79f, 0xdf9f, 0xdf7f,
    0xdf5f, 0xcf3e, 0xbebd, 0xb67c, 0x9598, 0x9536, 0xc6bb, 0xcf1e, 0xd75f, 0xdf7f, 0xdf7f, 0xdf9f,
    0xdf7f, 0xe79f, 0xe79f, 0xe79f, 0xe79f, 0xe79f, 0xe79f, 0xe79f, 0xe79f, 0xe79f, 0xe79f, 0xe79f,
    0xe77f, 0xe79f, 0xe79f, 0xe79f, 0xe79f, 0xe79f, 0xe79f, 0xe79f, 0xe79f, 0xe79f, 0xe79f, 0xe79f,
    0xe77f, 0xe77f, 0xe79f, 0xe79f, 0xe79f, 0xe79f, 0xe79f, 0xe79f, 0xe79f, 0xe79f, 0xe79f, 0xe79f,
    0xe79f, 0xe79f, 0xe79f, 0xdf9f, 0xdf7f, 0xdf7f, 0xdf7f, 0xdf9f, 0xdf7f, 0xdf9f, 0xdf9f, 0xdf9f,
    0xe79f, 0xe79f, 0xe79f, 0xe79f, 0xe79f, 0xe79f, 0xe79f, 0xe79f, 0xdf9f, 0xdf9f, 0xdf9f, 0xdf9f,
    0xdf7f, 0xdf7f, 0xdf7f, 0xdf5f, 0xd75e, 0xdf7f, 0xdf7f, 0xdf7f, 0xdf7f, 0xe77f, 0xdf7f, 0xdf7f,
    0xdf7f, 0xdf7f, 0xdf7f, 0xe77f, 0xdf7f, 0xd75f, 0xae1a, 0x7c93, 0x8493, 0xa61b, 0xbebd, 0xd75e,
    0xdf7f, 0xe79f, 0xdf7f, 0xe77f, 0xdf7f, 0xdf7f, 0xdf7f, 0xdf7f, 0xdf7f, 0xdf7f, 0xdf7f, 0xdf7f,
    0xdf7f, 0xdf7f, 0xdf7f, 0xe77f, 0xdf7f, 0xdf5e, 0xd75e, 0xd75e, 0xcf1e, 0xae7c, 0xae5d, 0xa65c,
    0xa65d, 0xa65c, 0xa65c, 0xa65c, 0xa65c, 0xa65c, 0xa65d, 0xa65d, 0xa65d, 0xa65c, 0xa65d, 0xa65c,
    0xa65c, 0xae5c, 0xb67c, 0xb69c, 0xb67c, 0xcf1e, 0xd75e, 0xdf7f, 0xdf7f, 0xe77f, 0xe77f, 0xe77f,
    0xd73e, 0xae7c, 0xa65c, 0xa63c, 0x8cd3, 0x842f, 0x842f, 0x842f, 0x842f, 0x840f, 0x840f, 0x840f,
    0x840f, 0x7c0e, 0x7c0d, 0x84b1, 0x84f4, 0x52ca, 0x5288, 0x5267, 0x4a86, 0x4a85, 0x3242, 0x3221,
    0x2a21, 0x3a42, 0x4aa5, 0x4284, 0x4a86, 0x5288, 0x5268, 0x6b6c, 0x84d1, 0x5b49, 0x636a, 0x7c0e,
    0x7c0e, 0x842e, 0x842f, 0x842f, 0x8491, 0x9d98, 0xa65c, 0xa65c, 0xae7c, 0xd75e, 0xe77f, 0xe79f,
    0xe79f, 0xe79f, 0xe79f, 0xe79f, 0xe79f, 0xe79f, 0xe79f, 0xe79f, 0xe79f, 0xe77f, 0xe79f, 0xe79f,
    0xdf7f, 0xdf7f, 0xe77f, 0xdf7f, 0xe77f, 0xdf7f, 0xdf7f, 0xd75e, 0xcf1e, 0xcf1e, 0xc6fe, 0xb69d,
    0xae7c, 0xae7d, 0xae7d, 0xb69c, 0xc6fe, 0xcf1e, 0xcf1e, 0xcf1e, 0xc71e, 0xcf3e, 0xdf7f, 0xdf7f,
    0xdf7f, 0xdf7f, 0xdf7f, 0xdf7f, 0xdf7f, 0xdf7f, 0xdf7f, 0xdf7f, 0xdf7f, 0xd75e, 0xcf3e, 0xcf3e,
    0xbedd, 0xae9c, 0xa63c, 0x9557, 0x8493, 0xa5d9, 0xb6bd, 0xb69d, 0xbedd, 0xcf1e, 0xcf3e, 0xdf7f,
    0xdf7f, 0xdf7f, 0xdf7f, 0xdf7f, 0xe79f, 0xe79f, 0xe79f, 0xe79f, 0xe79f, 0xe79f, 0xe79f, 0xe79f,
    0xe79f, 0xe79f, 0xe79f, 0xe79f, 0xe79f, 0xe79f, 0xe79f, 0xe79f, 0xe79f, 0xe79f, 0xdf9f, 0xdf9f,
    0xdf7f, 0xdf7f, 0xdf9f, 0xdf9f, 0xe79f, 0xe79f, 0xe79f, 0xe79f, 0xe79f, 0xe79f, 0xe79f, 0xe77f,
    0xe79f, 0xe77f, 0xdf7f, 0xdf7f, 0xdf7f, 0xdf7f, 0xdf7f, 0xdf7f, 0xdf7f, 0xdf7f, 0xe79f, 0xe79f,
    0xe79f, 0xe79f, 0xe79f, 0xdf9f, 0xe79f, 0xe79f, 0xe79f, 0xdf7f, 0xd73f, 0xcf3e, 0xcf1e, 0xcf1e,
    0xcf1e, 0xcf1e, 0xcf1e, 0xbedd, 0xb69c, 0xc6fe, 0xd75e, 0xd75f, 0xdf5f, 0xdf7f, 0xdf7f, 0xdf7f,
    0xdf7f, 0xdf7f, 0xdf7f, 0xdf7f, 0xdf7f, 0xd75f, 0xb67d, 0x95b8, 0x7410, 0x8d36, 0xae5c, 0xb69d,
    0xcf3e, 0xdf7f, 0xdf7f, 0xdf7f, 0xdf7f, 0xdf7f, 0xdf7f, 0xdf7f, 0xdf7f, 0xdf7f, 0xdf7f, 0xdf7f,
    0xdf7f, 0xdf7f, 0xd73e, 0xcf1e, 0xc71e, 0xb69d, 0xae7d, 0xb67c, 0xae7c, 0xae5d, 0xae5d, 0xa65c,
    0xae5d, 0xae5d, 0xa65c, 0xa65c, 0xa65c, 0xa65d, 0xa65d, 0xa65d, 0xa65d, 0xa65c, 0xa65c, 0xae5d,
    0xb67d, 0xbedd, 0xd73e, 0xdf7f, 0xdf7f, 0xdf7f, 0xe77f, 0xdf9f, 0xdf9f, 0xdf9f, 0xdf7f, 0xdf7f,
    0xc6fd, 0xae7c, 0xae5c, 0xa65c, 0x9556, 0x8430, 0x842f, 0x840f, 0x840f, 0x840f, 0x840e, 0x840f,
    0x7c0e, 0x7c2d, 0x7409, 0x748f, 0x84d3, 0x5aca, 0x5268, 0x5288, 0x5288, 0x3a43, 0x3222, 0x3221,
    0x3221, 0x3242, 0x4284, 0x4aa5, 0x4a87, 0x5288, 0x5268, 0x6b6c, 0x8cd2, 0x5328, 0x5b08, 0x73cc,
    0x7bed, 0x840e, 0x842e, 0x844f, 0x9535, 0xae3b, 0xa65c, 0xa65c, 0xae7d, 0xd75f, 0xdf7f, 0xe77f,
    0xe77f, 0xe79f, 0xe79f, 0xe79f, 0xe79f, 0xe79f, 0xe79f, 0xe79f, 0xe79f, 0xe79f, 0xe79f, 0xe79f,
    0xdf9f, 0xdf7f, 0xdf7f, 0xdf7f, 0xd75f, 0xc6dd, 0xbedd, 0xb6bd, 0xae5d, 0xa65d, 0xa67d, 0xa65d,
    0xa65d, 0xa67d, 0xae7d, 0xae5d, 0xae7d, 0xae7c, 0xae7d, 0xae7d, 0xae7d, 0xae9d, 0xbedd, 0xbedd,
    0xbedd, 0xbedd, 0xbedd, 0xbedd, 0xbedd, 0xbedd, 0xbedd, 0xbebd, 0xbede, 0xb6bd, 0xae9d, 0xae7d,
    0xae7d, 0xae5c, 0x9557, 0x6b8e, 0x84b4, 0xa65d, 0xa67d, 0xae7d, 0xb69d, 0xb69d, 0xb69d, 0xbedd,
    0xc6dd, 0xc6fe, 0xc6dd, 0xcf1e, 0xdf7f, 0xe79f, 0xe79f, 0xe79f, 0xe79f, 0xe79f, 0xe79f, 0xe77f,
    0xe79f, 0xe79f, 0xe79f, 0xe79f, 0xe79f, 0xe79f, 0xe79f, 0xe79f, 0xe79f, 0xe79f, 0xdf7f, 0xdf7f,
    0xdf7f, 0xdf5f, 0xdf7f, 0xdf7f, 0xdf7f, 0xdf7f, 0xdf7f, 0xdf7f, 0xdf7f, 0xdf7f, 0xdf7f, 0xdf7f,
    0xdf7f, 0xd75f, 0xc6fe, 0xbedd, 0xbede, 0xbedd, 0xc6dd, 0xbedd, 0xc6dd, 0xc6fe, 0xdf7f, 0xdf7f,
    0xdf7f, 0xdf7f, 0xdf7f, 0xdf7f, 0xdf7f, 0xdf7f, 0xd75f, 0xc6fd, 0xb69d, 0xae7d, 0xae7d, 0xae7d,
    0xae7d, 0xae7d, 0xae7d, 0xae7d, 0xae7d, 0xb69d, 0xb69d, 0xb6bd, 0xbebd, 0xbedd, 0xbedd, 0xbedd,
    0xbedd, 0xbedd, 0xbedd, 0xbedd, 0xbedd, 0xbe9c, 0xa5fa, 0x8d15, 0x7c0f, 0x7c31, 0x9db9, 0xae7d,
    0xb67d, 0xbedd, 0xbedd, 0xbedd, 0xbedd, 0xbedd, 0xbedd, 0xbedd, 0xbedd, 0xbedd, 0xbedd, 0xbedd,
    0xbedd, 0xbedd, 0xb69d, 0xae5c, 0xae7d, 0xae7d, 0xae7d, 0xae7d, 0xae5d, 0xa65c, 0xa65c, 0xae5c,
    0xa65c, 0xae5c, 0xae7c, 0xa65c, 0xa65d, 0xa67d, 0xa65d, 0xa65d, 0xa65d, 0xa67d, 0xae7c, 0xbedd,
    0xd73e, 0xdf7f, 0xe79f, 0xe77f, 0xe79f, 0xe79f, 0xe79f, 0xdf7f, 0xdf9f, 0xdf9f, 0xdf7f, 0xd75f,
    0xb69c, 0xae5d, 0xae5d, 0xae5d, 0xa61a, 0x8491, 0x7c2f, 0x840f, 0x842e, 0x840e, 0x7c0e, 0x7c0e,
    0x7c0e, 0x7c0c, 0x63c7, 0x748e, 0x84d4, 0x5aca, 0x5268, 0x5288, 0x5288, 0x3a43, 0x3222, 0x3242,
    0x3221, 0x3221, 0x3a62, 0x4ac5, 0x4aa5, 0x4a67, 0x5288, 0x6b6c, 0x8cd2, 0x5329, 0x4ae5, 0x5327,
    0x6368, 0x7c0d, 0x842e, 0x8cb2, 0xa5f9, 0xae7d, 0xae7c, 0xae7d, 0xae7d, 0xb69d, 0xcf1e, 0xdf9f,
    0xe79f, 0xe79f, 0xe79f, 0xe79f, 0xe79f, 0xe79f, 0xe79f, 0xe79f, 0xe79f, 0xe79f, 0xe79f, 0xe79f,
    0xdf7f, 0xcf1d, 0xbebd, 0xb69d, 0xb69d, 0xae7c, 0xa5fa, 0x9db8, 0x9db9, 0x9dfb, 0xa65d, 0xa65d,
    0xa61b, 0x9598, 0x9578, 0x9d98, 0x9db8, 0x9db9, 0x9db8, 0x9db9, 0x9d98, 0x9d98, 0x9598, 0x9598,
    0x9598, 0x9d98, 0x9d98, 0x9d98, 0x9d98, 0x9598, 0x9598, 0x9d98, 0x9d98, 0x9598, 0x9d98, 0x9d98,
    0x9d98, 0x9515, 0x73cf, 0x632c, 0x7431, 0xa61b, 0xae7d, 0xbedd, 0xcf3e, 0xd73e, 0xd73e, 0xcf3e,
    0xd73e, 0xd73e, 0xd73e, 0xd75e, 0xdf7f, 0xdf7e, 0xdf7f, 0xdf7f, 0xdf7f, 0xdf7f, 0xdf5e, 0xd73e,
    0xdf7e, 0xe79f, 0xe77f, 0xe77f, 0xe77f, 0xe77f, 0xe77f, 0xdf7f, 0xdf7f, 0xd75e, 0xc6fd, 0xb69c,
    0xb69c, 0xb69c, 0xb69c, 0xb69d, 0xb69d, 0xb69d, 0xb69d, 0xb69c, 0xb69c, 0xb69c, 0xb69c, 0xb69c,
    0xb69c, 0xb69d, 0xae7c, 0xae7c, 0xae7c, 0xae7c, 0xae7d, 0xae7c, 0xae7c, 0xb67d, 0xb69d, 0xbebd,
    0xbebd, 0xbebd, 0xbebd, 0xb6bc, 0xb6bd, 0xb6bd, 0xb69d, 0xae7c, 0xae7c, 0xae7d, 0xae7d, 0xae5c,
    0x9db9, 0x9db8, 0x9db9, 0x9db9, 0x9d98, 0x9db8, 0x9d98, 0x9d98, 0x9d98, 0x9db8, 0x9db8, 0x9db8,
    0x9db8, 0x9db8, 0x9db8, 0x9db8, 0x9db8, 0x9577, 0x7c72, 0x7c0f, 0x7bee, 0x73ce, 0x7c31, 0x9557,
    0x9578, 0x9dd9, 0x9df9, 0xa5f9, 0xa5f9, 0xa5f9, 0xa5f9, 0xa5f9, 0xa5f9, 0xa5fa, 0xae5c, 0xae7c,
    0xae7c, 0xae7c, 0xae5c, 0xae5c, 0xae7c, 0xae7c, 0xa63a, 0x9db8, 0x9598, 0x9597, 0x9577, 0x9577,
    0x8cf5, 0x9db9, 0xa63b, 0xae5c, 0xa65c, 0xa65d, 0xa67d, 0xae5d, 0xae7c, 0xbebd, 0xd75e, 0xdf7f,
    0xe77f, 0xe79f, 0xe79f, 0xe79f, 0xe79f, 0xe77f, 0xdf7f, 0xe77f, 0xe77f, 0xdf7f, 0xdf7f, 0xcf3e,
    0xae7c, 0xa65d, 0xae5c, 0xa65d, 0xa65c, 0x9d97, 0x7c2f, 0x840f, 0x7c0e, 0x7c0e, 0x7bee, 0x7c0d,
    0x7c2c, 0x7429, 0x63a7, 0x7c8f, 0x8491, 0x5aca, 0x5288, 0x4a87, 0x4265, 0x3a43, 0x3222, 0x3222,
    0x3222, 0x3221, 0x3241, 0x3a83, 0x42a4, 0x4264, 0x5287, 0x6b8c, 0x8cb1, 0x5348, 0x3aa3, 0x4303,
    0x5345, 0x63a9, 0x744f, 0x9db8, 0xae5c, 0xae7c, 0xae7d, 0xae7d, 0xae7d, 0xae7c, 0xb6bd, 0xc71e,
    0xdf7f, 0xdf9f, 0xe79f, 0xe79f, 0xe79f, 0xe79f, 0xe79f, 0xe79f, 0xe79f, 0xe79f, 0xe79f, 0xe79f,
    0xe79f, 0xdf7f, 0xd75e, 0xc6fe, 0xc6fe, 0xbedd, 0xadf9, 0xa597, 0xa5b7, 0xae1a, 0xae1a, 0x9d77,
    0x8cf4, 0x7c11, 0x7c10, 0x7c10, 0x6b8e, 0x6b6d, 0x6b8e, 0x7410, 0x7c32, 0x7c31, 0x7c31, 0x7c51,
    0x8451, 0x8451, 0x8452, 0x8452, 0x8451, 0x8451, 0x8451, 0x8451, 0x7c31, 0x73ef, 0x73cf, 0x73cf,
    0x6b6d, 0x634d, 0x632c, 0x632c, 0x634d, 0x7c73, 0x84d4, 0x94f5, 0x9d35, 0x9d35, 0x9d35, 0x9d35,
    0x9d56, 0x9d56, 0x9d56, 0x9d55, 0x9d35, 0x9d35, 0x9d55, 0x9d55, 0x9d55, 0x9d55, 0x9d55, 0x9d55,
    0xa576, 0xa596, 0xad96, 0xa576, 0xa596, 0xa576, 0xa576, 0xa576, 0xa596, 0x9d55, 0x9535, 0x9515,
    0x9535, 0x9535, 0x9535, 0x9515, 0x9515, 0x9535, 0x9535, 0x9535, 0x9535, 0x9515, 0x9535, 0x9535,
    0x9535, 0x9535, 0x9535, 0x9515, 0x9536, 0x9536, 0x9d57, 0x9d57, 0x9d77, 0x9d77, 0x9d77, 0x9d77,
    0x9d77, 0x9d77, 0x9d77, 0x9557, 0x9d77, 0x9d77, 0x9d77, 0x9d77, 0x9d77, 0x9d77, 0x9d77, 0x9535,
    0x8471, 0x8471, 0x8472, 0x8472, 0x8452, 0x8471, 0x8451, 0x8452, 0x8452, 0x8472, 0x8451, 0x7bf0,
    0x73ef, 0x73cf, 0x73cf, 0x73cf, 0x73cf, 0x73ef, 0x73ce, 0x7bce, 0x73ae, 0x6b4c, 0x632c, 0x632c,
    0x636e, 0x7c31, 0x7c51, 0x8471, 0x8472, 0x8472, 0x8472, 0x8472, 0x8472, 0x8492, 0x9536, 0x9d77,
    0x9d77, 0x9d77, 0x9d77, 0x9d77, 0x9d77, 0xae19, 0xb67a, 0xa5f8, 0xa5d8, 0xa5d8, 0xadf8, 0xb618,
    0xb618, 0x9d76, 0x9515, 0x9516, 0x8d15, 0xae1a, 0xc6fe, 0xc6fd, 0xcf1e, 0xd77f, 0xdf9f, 0xdf7f,
    0xe79f, 0xe77f, 0xe77f, 0xe77f, 0xe77f, 0xe79f, 0xe77f, 0xe77f, 0xdf9f, 0xd75f, 0xc6fe, 0xb69d,
    0xa65c, 0xa65d, 0xa65c, 0xae5d, 0xae5d, 0xa5b9, 0x8450, 0x7c0d, 0x7bee, 0x7bee, 0x7c0d, 0x740a,
    0x6be7, 0x63c5, 0x63a8, 0x848e, 0x7c2e, 0x5ae9, 0x52a7, 0x4244, 0x3242, 0x3242, 0x3242, 0x3222,
    0x3222, 0x3222, 0x3241, 0x3242, 0x3a83, 0x3243, 0x4a86, 0x738c, 0x8cd1, 0x5b8b, 0x5b8b, 0x5bcb,
    0x640c, 0x8d13, 0xa619, 0xbe9c, 0xbedd, 0xbedd, 0xbebd, 0xbebd, 0xae7c, 0xae7d, 0xae7d, 0xae7c,
    0xb6bd, 0xd73e, 0xe79f, 0xe79f, 0xe79f, 0xe79f, 0xe79f, 0xe79f, 0xe79f, 0xe79f, 0xe79f, 0xe79f,
    0xe79f, 0xe79f, 0xe79f, 0xe79f, 0xe77f, 0xdf7f, 0xdf5f, 0xdf5e, 0xdf5e, 0xdf7f, 0xd71d, 0xcebc,
    0xcebb, 0xcebb, 0xcebb, 0xbe59, 0x73cf, 0x5aeb, 0x6b6d, 0x9d56, 0xae19, 0xae1a, 0xae19, 0xc6bc,
    0xcefc, 0xcedc, 0xcefc, 0xcefc, 0xcefc, 0xd6fc, 0xcefc, 0xcedc, 0xc69b, 0x8cf4, 0x7c0f, 0x73ae,
    0x632c, 0x73cf, 0x8471, 0x8471, 0x8c71, 0x8451, 0x8451, 0x8451, 0x8451, 0x8451, 0x8451, 0x8452,
    0x8472, 0x8472, 0x8472, 0x8471, 0x8472, 0x8472, 0x8452, 0x8452, 0x8472, 0x8472, 0x8c72, 0x94b3,
    0x94d3, 0x94d3, 0x94d3, 0x94d3, 0x94d3, 0x94d3, 0x94d3, 0x94d3, 0x94d3, 0x94d3, 0x94d3, 0x8cb2,
    0x8cb2, 0x8cb2, 0x94b2, 0x94b2, 0x94b2, 0x94b2, 0x94b2, 0x8cb2, 0x8cb2, 0x8cb2, 0x8cb2, 0x8cb3,
    0x8cd3, 0x8cd3, 0x8cb2, 0x8cd3, 0x8cb3, 0xadb6, 0xcebb, 0xcedc, 0xcedc, 0xcedc, 0xcedc, 0xcedc,
    0xcedc, 0xcedc, 0xc67b, 0xb63a, 0xc6bb, 0xcedb, 0xcedb, 0xcedc, 0xcedc, 0xcedc, 0xcedc, 0xcedc,
    0xd6dc, 0xd6fc, 0xd6fc, 0xd6fc, 0xcefc, 0xcefc, 0xcefc, 0xcefc, 0xcedc, 0xcefc, 0xce9a, 0x94d3,
    0x8471, 0x8471, 0x8471, 0x8c71, 0x8c71, 0x8c71, 0x8c71, 0x8c71, 0x8c71, 0x8451, 0x7c10, 0x634d,
    0x73cf, 0xadf8, 0xbe5a, 0xc69b, 0xcedc, 0xcedc, 0xcedc, 0xcedc, 0xcedb, 0xcedc, 0xcebc, 0xcedc,
    0xcedc, 0xcedc, 0xcedc, 0xcedc, 0xcedc, 0xd71d, 0xdf7e, 0xdf5f, 0xdf5f, 0xdf7f, 0xdf7f, 0xe79f,
    0xe79f, 0xd73d, 0xcebb, 0xa596, 0x6bcf, 0x9515, 0xd73e, 0xdf7e, 0xe77f, 0xe77f, 0xe77f, 0xe77f,
    0xe79f, 0xe77f, 0xe77f, 0xe79f, 0xe79f, 0xe79f, 0xe79f, 0xdf7f, 0xd75f, 0xbede, 0xae5d, 0xae5d,
    0xa65d, 0xa65d, 0xae5c, 0xae5d, 0xae7d, 0xae3b, 0x9555, 0x63ab, 0x6369, 0x6beb, 0x740a, 0x6be7,
    0x5365, 0x4b24, 0x6bca, 0x740b, 0x5b67, 0x4aa6, 0x42a5, 0x3243, 0x3242, 0x3242, 0x3222, 0x3223,
    0x3222, 0x3222, 0x3222, 0x3222, 0x3242, 0x3a63, 0x4285, 0x638b, 0x8cd2, 0x8d34, 0xa61a, 0xa61b,
    0xae5a, 0xc6fd, 0xd75f, 0xdf7f, 0xdf7f, 0xdf7f, 0xdf7f, 0xdf7f, 0xcf1e, 0xc6fe, 0xc6de, 0xbede,
    0xc6dd, 0xd73e, 0xe79f, 0xe79f, 0xe79f, 0xe79f, 0xe79f, 0xe79f, 0xe79f, 0xe79f, 0xe79f, 0xe79f,
    0xe79f, 0xe79f, 0xdf9f, 0xdf9f, 0xe79f, 0xe79f, 0xe79f, 0xe77f, 0xe77f, 0xe79f, 0xe77f, 0xe77f,
    0xdf7f, 0xdf7f, 0xd75e, 0xbe9b, 0x73cf, 0x6b6e, 0xa575, 0xd73d, 0xdf7f, 0xdf5f, 0xdf7f, 0xdf7f,
    0xe79f, 0xdf7f, 0xdf7f, 0xdf7f, 0xdf7f, 0xdf7f, 0xdf7f, 0xdf7f, 0xc6fd, 0x9535, 0x7bef, 0x6b6d,
    0x8cb2, 0xc65a, 0xdf5d, 0xdf5e, 0xdf5e, 0xdf5e, 0xdf5e, 0xdf5e, 0xdf5e, 0xdf5e, 0xdf5d, 0xdf5e,
    0xdf3e, 0xdf5e, 0xdf5e, 0xdf5e, 0xdf5e, 0xdf5e, 0xdf5e, 0xdf5e, 0xdf5e, 0xdf5e, 0xdf5e, 0xdf5e,
    0xdf5e, 0xdf5e, 0xdf5e, 0xdf7e, 0xdf5e, 0xdf5e, 0xdf5e, 0xdf5e, 0xdf5e, 0xdf5e, 0xdf5e, 0xdf5e,
    0xdf5e, 0xdf5e, 0xdf5e, 0xdf5e, 0xdf5e, 0xdf5e, 0xdf5e, 0xdf5e, 0xdf5e, 0xdf5e, 0xdf5e, 0xdf5e,
    0xdf5e, 0xdf5e, 0xdf5e, 0xdf5e, 0xdf5e, 0xe77f, 0xe79f, 0xe77f, 0xe79f, 0xe79f, 0xe79f, 0xe77f,
    0xe79f, 0xe79f, 0xe77f, 0xdf7f, 0xe79f, 0xe79f, 0xe79f, 0xe79f, 0xe79f, 0xe79f, 0xe79f, 0xe79f,
    0xe79f, 0xe79f, 0xe77f, 0xe77f, 0xe79f, 0xe77f, 0xe79f, 0xe79f, 0xe77f, 0xe77f, 0xe77f, 0xdf5e,
    0xdf5e, 0xdf5e, 0xdf5e, 0xdf5e, 0xdf5e, 0xdf5e, 0xdf5e, 0xdf5e, 0xdf5e, 0xdf3e, 0xd6fd, 0x9d56,
    0x7c31, 0xc6bb, 0xdf9f, 0xe79f, 0xe77f, 0xe77f, 0xe79f, 0xe79f, 0xe79f, 0xe79f, 0xe77f, 0xe79f,
    0xe79f, 0xe79f, 0xe77f, 0xe77f, 0xe79f, 0xe77f, 0xe79f, 0xe77f, 0xe77f, 0xe79f, 0xe79f, 0xe77f,
    0xdf9f, 0xdf7f, 0xe77f, 0xdf5e, 0xbe59, 0xa5b7, 0xb65b, 0xcf1d, 0xdf7f, 0xe79f, 0xe79f, 0xe77f,
    0xe79f, 0xe79f, 0xe79f, 0xe79f, 0xe79f, 0xe79f, 0xdf5e, 0xc6fd, 0xb67c, 0xae7d, 0xa67d, 0xa65d,
    0xa65d, 0xa65d, 0xae5d, 0xa65d, 0xae7c, 0xae5c, 0xae3b, 0x8d34, 0x5bcb, 0x5386, 0x5b85, 0x5365,
    0x4b24, 0x4b24, 0x63a9, 0x6bc9, 0x5346, 0x3a83, 0x3a82, 0x3262, 0x3262, 0x3243, 0x3a44, 0x3a64,
    0x3222, 0x3222, 0x3222, 0x3222, 0x3222, 0x3a63, 0x3aa4, 0x63ed, 0x9db7, 0xa63b, 0xb69c, 0xc71d,
    0xcf3f, 0xdf7f, 0xdf9f, 0xdf7f, 0xe79f, 0xe79f, 0xe79f, 0xe79f, 0xe77f, 0xe79f, 0xdf9f, 0xe77f,
    0xe77f, 0xe77f, 0xe77f, 0xe79f, 0xe79f, 0xe79f, 0xe79f, 0xe79f, 0xe79f, 0xe79f, 0xe79f, 0xe79f,
    0xe79f, 0xe79f, 0xe79f, 0xe79f, 0xe79f, 0xe79f, 0xe79f, 0xe79f, 0xdf7f, 0xdf9f, 0xe79f, 0xdf9f,
    0xdf7f, 0xdf7f, 0xb65a, 0x8493, 0x8c93, 0xbe19, 0xd73d, 0xdf7f, 0xdf7f, 0xdf7f, 0xdf7f, 0xe79f,
    0xdf9f, 0xdf9f, 0xdf9f, 0xdf9f, 0xe79f, 0xe79f, 0xdf7f, 0xd73e, 0xae3a, 0x8492, 0x6bae, 0x94d3,
    0xcefc, 0xdf7f, 0xe77f, 0xe77f, 0xe77f, 0xdf7f, 0xe79f, 0xe79f, 0xe79f, 0xe77f, 0xe79f, 0xe77f,
    0xe79f, 0xe79f, 0xe79f, 0xe79f, 0xe79f, 0xe79f, 0xe77f, 0xe77f, 0xe77f, 0xe77f, 0xe79f, 0xe79f,
    0xe79f, 0xe79f, 0xe79f, 0xe79f, 0xe79f, 0xe79f, 0xe79f, 0xe79f, 0xe79f, 0xe79f, 0xe79f, 0xe79f,
    0xe79f, 0xe79f, 0xe79f, 0xe79f, 0xe79f, 0xe77f, 0xe79f, 0xe79f, 0xe79f, 0xe79f, 0xe79f, 0xe79f,
    0xe79f, 0xe79f, 0xe79f, 0xe79f, 0xe79f, 0xe79f, 0xe79f, 0xe79f, 0xe79f, 0xe79f, 0xe79f, 0xe79f,
    0xe79f, 0xe79f, 0xe79f, 0xe79f, 0xe79f, 0xe79f, 0xe79f, 0xe79f, 0xe79f, 0xe79f, 0xe79f, 0xe79f,
    0xe79f, 0xe79f, 0xe79f, 0xe79f, 0xe79f, 0xe79f, 0xe79f, 0xe79f, 0xe79f, 0xe79f, 0xe79f, 0xe77f,
    0xe77f, 0xe77f, 0xdf9f, 0xe77f, 0xe77f, 0xe77f, 0xe77f, 0xe77f, 0xe79f, 0xe79f, 0xe77f, 0xd71d,
    0x9d35, 0xadb8, 0xd75e, 0xe77f, 0xe77f, 0xe79f, 0xe79f, 0xe79f, 0xe79f, 0xe79f, 0xe79f, 0xe79f,
    0xe79f, 0xe79f, 0xe79f, 0xe79f, 0xe79f, 0xe79f, 0xe79f, 0xe79f, 0xe79f, 0xe79f, 0xe79f, 0xe79f,
    0xe77f, 0xe79f, 0xe77f, 0xe77f, 0xdf7f, 0xd73e, 0xbe9b, 0xb65b, 0xcf1d, 0xdf7f, 0xe79f, 0xe79f,
    0xe79f, 0xe79f, 0xe79f, 0xe79f, 0xe79f, 0xe79f, 0xdf5f, 0xcf1e, 0xcf1e, 0xc6fe, 0xb6bd, 0xae7d,
    0xae7d, 0xae5d, 0xae5d, 0xa65d, 0xae5c, 0xa65c, 0xa65c, 0xa63c, 0x95b7, 0x8d12, 0x6c2c, 0x6c0b,
    0x6beb, 0x63a9, 0x5368, 0x5325, 0x4b04, 0x3a84, 0x4b07, 0x5329, 0x5329, 0x5bad, 0x84f4, 0x8d35,
    0x3242, 0x3223, 0x3223, 0x3a44, 0x3a44, 0x3a65, 0x5b8b, 0x95b7, 0xae5c, 0xae5c, 0xc6dd, 0xdf7f,
    0xdf7f, 0xdf7f, 0xe79f, 0xe79f, 0xe79f, 0xe79f, 0xe79f, 0xe79f, 0xe79f, 0xe77f, 0xe77f, 0xe79f,
    0xe79f, 0xe79f, 0xe79f, 0xe79f, 0xe79f, 0xe79f, 0xe79f, 0xe79f, 0xe79f, 0xe79f, 0xe79f, 0xe79f,
    0xe79f, 0xe79f, 0xe79f, 0xe79f, 0xe79f, 0xe79f, 0xe79f, 0xe79f, 0xe79f, 0xdf7f, 0xdf7f, 0xdf7f,
    0xcf3e, 0xb67b, 0x9515, 0x8c92, 0xbe7a, 0xd73e, 0xcf1e, 0xcf1e, 0xcf1e, 0xcf3f, 0xdf7f, 0xdf9f,
    0xe79f, 0xe79f, 0xdf7f, 0xe79f, 0xe77f, 0xdf7f, 0xd73e, 0xbe9c, 0x9556, 0x7c10, 0x94d3, 0xd6fc,
    0xe77f, 0xe79f, 0xe79f, 0xe79f, 0xe79f, 0xe79f, 0xe79f, 0xe79f, 0xe79f, 0xe79f, 0xe79f, 0xe79f,
    0xe79f, 0xe79f, 0xe79f, 0xe79f, 0xe79f, 0xe79f, 0xe79f, 0xe79f, 0xe77f, 0xe79f, 0xe79f, 0xe79f,
    0xe79f, 0xe79f, 0xe79f, 0xe79f, 0xe79f, 0xe79f, 0xe79f, 0xe79f, 0xe79f, 0xe79f, 0xe79f, 0xe79f,
    0xe79f, 0xe79f, 0xe79f, 0xe79f, 0xe79f, 0xe79f, 0xe79f, 0xe79f, 0xe79f, 0xe79f, 0xe79f, 0xe79f,
    0xe79f, 0xe79f, 0xe79f, 0xe79f, 0xe79f, 0xe79f, 0xe79f, 0xe79f, 0xe79f, 0xe79f, 0xe79f, 0xe79f,
    0xe79f, 0xe79f, 0xe79f, 0xe79f, 0xe79f, 0xe79f, 0xe79f, 0xe79f, 0xe79f, 0xe79f, 0xe79f, 0xe79f,
    0xe79f, 0xe79f, 0xe79f, 0xe79f, 0xe79f, 0xe79f, 0xe79f, 0xe79f, 0xe79f, 0xe79f, 0xe79f, 0xe79f,
    0xe79f, 0xe79f, 0xe79f, 0xe79f, 0xe79f, 0xe79f, 0xe79f, 0xe77f, 0xe77f, 0xe79f, 0xdf9f, 0xe79f,
    0xd6fd, 0xa5b7, 0xb5f8, 0xdf7e, 0xe77f, 0xe79f, 0xe79f, 0xe79f, 0xe79f, 0xe79f, 0xe79f, 0xe79f,
    0xe79f, 0xe79f, 0xe79f, 0xe79f, 0xe79f, 0xe79f, 0xe79f, 0xe79f, 0xe79f, 0xe79f, 0xe79f, 0xe79f,
    0xe79f, 0xe79f, 0xe79f, 0xe79f, 0xe79f, 0xe79f, 0xdf7e, 0xc69b, 0xb63a, 0xc6dd, 0xdf7f, 0xe79f,
    0xe79f, 0xe79f, 0xe79f, 0xe79f, 0xe79f, 0xe79f, 0xe79f, 0xe79f, 0xdf9f, 0xdf9f, 0xd75f, 0xc6fe,
    0xbebd, 0xb6bd, 0xb69d, 0xbebd, 0xbedd, 0xbedd, 0xbedd, 0xc6fe, 0xc71e, 0xcf1d, 0xcefc, 0xcf1c,
    0xc6bb, 0xa619, 0x8d35, 0x5b6b, 0x42a5, 0x534a, 0x8d55, 0xa5d9, 0x9df9, 0x9dfa, 0xa63c, 0xa63c,
    0x3a23, 0x3a65, 0x534b, 0x84b3, 0x84d3, 0x84f4, 0x9db9, 0xae5c, 0xa65c, 0xb67d, 0xd73e, 0xdf7f,
    0xdf7f, 0xdf9f, 0xe79f, 0xe79f, 0xe79f, 0xe79f, 0xe79f, 0xe79f, 0xe79f, 0xe79f, 0xe79f, 0xe77f,
    0xe79f, 0xe79f, 0xe79f, 0xe79f, 0xe79f, 0xe79f, 0xe79f, 0xe79f, 0xe79f, 0xe79f, 0xe79f, 0xe79f,
    0xe79f, 0xe79f, 0xe79f, 0xe79f, 0xe79f, 0xe79f, 0xe79f, 0xe79f, 0xdf7f, 0xdf7f, 0xdf7f, 0xd73e,
    0xb65b, 0x84b3, 0x9d14, 0xcedc, 0xd75e, 0xbebd, 0xae7d, 0xae7c, 0xae7d, 0xb69d, 0xc6fd, 0xd73e,
    0xdf7f, 0xdf7f, 0xe79f, 0xdf7f, 0xdf9f, 0xdf7f, 0xb67c, 0x9536, 0x73ef, 0x9514, 0xd6fc, 0xe77f,
    0xe79f, 0xe77f, 0xe77f, 0xe79f, 0xe77f, 0xe77f, 0xe79f, 0xe79f, 0xe79f, 0xe79f, 0xe79f, 0xe79f,
    0xe79f, 0xe79f, 0xe79f, 0xe79f, 0xe79f, 0xe79f, 0xe79f, 0xe79f, 0xe77f, 0xe77f, 0xe79f, 0xe79f,
    0xe79f, 0xe79f, 0xe79f, 0xe79f, 0xe79f, 0xe79f, 0xe79f, 0xe79f, 0xe79f, 0xe79f, 0xe79f, 0xe79f,
    0xe79f, 0xe77f, 0xe77f, 0xe79f, 0xe79f, 0xe79f, 0xe79f, 0xe79f, 0xe79f, 0xe79f, 0xe79f, 0xe79f,
    0xe79f, 0xe79f, 0xe79f, 0xe79f, 0xe77f, 0xe77f, 0xe79f, 0xe79f, 0xe79f, 0xe79f, 0xe79f, 0xe79f,
    0xe79f, 0xe79f, 0xe79f, 0xe79f, 0xe79f, 0xe79f, 0xe79f, 0xe79f, 0xe79f, 0xe79f, 0xe77f, 0xe77f,
    0xe77f, 0xe79f, 0xe79f, 0xe79f, 0xe79f, 0xe79f, 0xe79f, 0xe79f, 0xe79f, 0xe79f, 0xe79f, 0xe79f,
    0xe79f, 0xe79f, 0xe79f, 0xe77f, 0xe79f, 0xe79f, 0xe79f, 0xe79f, 0xe79f, 0xe77f, 0xe77f, 0xe77f,
    0xe77f, 0xcedc, 0x9d35, 0xcedc, 0xdf7f, 0xdf7f, 0xdf7f, 0xe79f, 0xe79f, 0xe79f, 0xe79f, 0xe79f,
    0xe79f, 0xe79f, 0xe79f, 0xe79f, 0xe79f, 0xe79f, 0xe79f, 0xe79f, 0xe79f, 0xe79f, 0xe79f, 0xe79f,
    0xe77f, 0xe77f, 0xe79f, 0xe79f, 0xe79f, 0xe79f, 0xe79f, 0xdf7f, 0xcedc, 0xae3a, 0xcefd, 0xdf7f,
    0xdf9f, 0xe79f, 0xe79f, 0xe79f, 0xe79f, 0xe79f, 0xe79f, 0xdf7f, 0xe79f, 0xe79f, 0xe79f, 0xdf7f,
    0xdf7f, 0xdf5f, 0xd75f, 0xdf7f, 0xdf7f, 0xdf7f, 0xdf7f, 0xdf7f, 0xdf7f, 0xdf7f, 0xe77f, 0xdf7f,
    0xd77f, 0xcf1f, 0xae5c, 0x9598, 0x84f4, 0x9597, 0xa63b, 0xa63c, 0xa65c, 0xa65c, 0xa63d, 0xa65d,
    0x42c7, 0x84d3, 0x9db9, 0xa63b, 0xa63c, 0xa63c, 0xa65c, 0xa65c, 0xa65c, 0xb69d, 0xdf7f, 0xdf7f,
    0xdf7f, 0xe77f, 0xe79f, 0xe79f, 0xe79f, 0xe79f, 0xe79f, 0xe79f, 0xe79f, 0xe77f, 0xe77f, 0xe79f,
    0xe79f, 0xe79f, 0xe79f, 0xe79f, 0xe79f, 0xe79f, 0xe79f, 0xe79f, 0xe79f, 0xe79f, 0xe79f, 0xe79f,
    0xe79f, 0xe79f, 0xe79f, 0xe79f, 0xe79f, 0xe79f, 0xe79f, 0xe77f, 0xdf7f, 0xdf7f, 0xcf1d, 0xae5b,
    0x8d15, 0x9d35, 0xcefc, 0xcf1e, 0xbebd, 0xae7d, 0xae7d, 0xbefe, 0xd73f, 0xd75e, 0xd75f, 0xdf7f,
    0xdf7f, 0xdf7f, 0xdf7f, 0xe79f, 0xdf7f, 0xd75e, 0x9db8, 0x7431, 0x94f4, 0xd6fc, 0xe77f, 0xe77f,
    0xe79f, 0xe77f, 0xe77f, 0xe79f, 0xe79f, 0xe79f, 0xe79f, 0xe79f, 0xe79f, 0xe79f, 0xe79f, 0xe79f,
    0xe79f, 0xe79f, 0xe79f, 0xe79f, 0xe79f, 0xe77f, 0xe77f, 0xe77f, 0xe77f, 0xe77f, 0xe79f, 0xe79f,
    0xe79f, 0xe79f, 0xe79f, 0xe79f, 0xe79f, 0xe79f, 0xe79f, 0xe79f, 0xe79f, 0xe79f, 0xe79f, 0xe79f,
    0xe79f, 0xe77f, 0xe77f, 0xe79f, 0xe79f, 0xe79f, 0xe79f, 0xe79f, 0xe79f, 0xe79f, 0xe79f, 0xe79f,
    0xe79f, 0xe79f, 0xe77f, 0xe77f, 0xe77f, 0xe77f, 0xe79f, 0xe79f, 0xe79f, 0xe79f, 0xe79f, 0xe79f,
    0xe79f, 0xe79f, 0xe79f, 0xe79f, 0xe79f, 0xe79f, 0xe79f, 0xe79f, 0xe79f, 0xe79f, 0xe79f, 0xe77f,
    0xe77f, 0xe79f, 0xe79f, 0xe79f, 0xe79f, 0xe79f, 0xe79f, 0xe79f, 0xe79f, 0xe79f, 0xe79f, 0xe79f,
    0xe79f, 0xe79f, 0xe79f, 0xe77f, 0xe77f, 0xe79f, 0xe79f, 0xe79f, 0xe79f, 0xe79f, 0xe79f, 0xe79f,
    0xe79f, 0xdf5e, 0xbe39, 0xa576, 0xd71d, 0xe77f, 0xe79f, 0xe79f, 0xe79f, 0xe79f, 0xe79f, 0xe79f,
    0xe79f, 0xe79f, 0xe79f, 0xe79f, 0xe79f, 0xe79f, 0xe79f, 0xe79f, 0xe79f, 0xe79f, 0xe79f, 0xe77f,
    0xe77f, 0xe77f, 0xe77f, 0xe79f, 0xe79f, 0xe79f, 0xe79f, 0xe79f, 0xdf7f, 0xcefd, 0xb65a, 0xb67b,
    0xcf3e, 0xdf9f, 0xe79f, 0xe79f, 0xe79f, 0xe79f, 0xdf9f, 0xdf9f, 0xe79f, 0xe79f, 0xe79f, 0xe77f,
    0xe77f, 0xe77f, 0xe79f, 0xe77f, 0xdf9f, 0xdf9f, 0xdf7f, 0xdf7f, 0xdf7f, 0xdf7f, 0xdf7f, 0xdf7f,
    0xdf7f, 0xdf5e, 0xc6dd, 0xae7c, 0xae3c, 0xa65c, 0xa65c, 0xa65c, 0xa65c, 0xa65c, 0xa65c, 0xa63c,
    0x84f4, 0xa61b, 0xa65c, 0xa65c, 0xa63d, 0xa65d, 0xa65c, 0xa65c, 0xa65c, 0xae7c, 0xc6fe, 0xd73e,
    0xdf7f, 0xe77f, 0xdf7f, 0xdf7f, 0xe79f, 0xe79f, 0xe79f, 0xe77f, 0xe77f, 0xe77f, 0xe77f, 0xe77f,
    0xe77f, 0xe79f, 0xe79f, 0xe79f, 0xe79f, 0xe79f, 0xe79f, 0xe79f, 0xe79f, 0xe79f, 0xe77f, 0xe77f,
    0xe77f, 0xe79f, 0xe79f, 0xe79f, 0xe79f, 0xe79f, 0xdf7f, 0xdf7f, 0xdf7f, 0xcf1e, 0xa5d9, 0x9556,
    0xadb8, 0xcedc, 0xd75e, 0xcefd, 0xc6fe, 0xc6fe, 0xc6fe, 0xd73e, 0xdf7e, 0xe79f, 0xe79f, 0xe79f,
    0xdf7f, 0xdf9f, 0xdf7f, 0xe77f, 0xdf7e, 0xd71d, 0x9d76, 0xa576, 0xd6fc, 0xdf7f, 0xe79f, 0xe77f,
    0xe77f, 0xe77f, 0xe77f, 0xe79f, 0xe79f, 0xe79f, 0xe79f, 0xe79f, 0xe79f, 0xe79f, 0xe79f, 0xe79f,
    0xe79f, 0xe79f, 0xe79f, 0xe79f, 0xe79f, 0xe77f, 0xe77f, 0xe77f, 0xe77f, 0xe79f, 0xe79f, 0xe79f,
    0xe79f, 0xe79f, 0xe79f, 0xe79f, 0xe79f, 0xe79f, 0xe79f, 0xe77f, 0xe77f, 0xe77f, 0xe77f, 0xe79f,
    0xe79f, 0xe79f, 0xe79f, 0xe79f, 0xe79f, 0xe79f, 0xe79f, 0xe79f, 0xe79f, 0xe79f, 0xe79f, 0xe79f,
    0xe79f, 0xe77f, 0xe77f, 0xe77f, 0xe79f, 0xe79f, 0xe79f, 0xe79f, 0xe77f, 0xe79f, 0xe79f, 0xe79f,
    0xe79f, 0xe79f, 0xe79f, 0xe79f, 0xe79f, 0xe79f, 0xe77f, 0xe77f, 0xe79f, 0xe79f, 0xe77f, 0xe77f,
    0xe77f, 0xe79f, 0xe79f, 0xe79f, 0xe79f, 0xe79f, 0xe79f, 0xe79f, 0xe79f, 0xe79f, 0xe79f, 0xe79f,
    0xe77f, 0xe77f, 0xe77f, 0xe77f, 0xe77f, 0xe79f, 0xe79f, 0xe79f, 0xe79f, 0xe79f, 0xe79f, 0xe79f,
    0xe79f, 0xe77f, 0xdf5e, 0xb619, 0xadd8, 0xd73d, 0xe79f, 0xe79f, 0xe79f, 0xe79f, 0xe79f, 0xe77f,
    0xe79f, 0xe79f, 0xe79f, 0xe79f, 0xe79f, 0xe79f, 0xe79f, 0xe79f, 0xe79f, 0xe79f, 0xe77f, 0xe79f,
    0xe77f, 0xe77f, 0xe79f, 0xe79f, 0xe79f, 0xe79f, 0xe77f, 0xe79f, 0xe79f, 0xdf7f, 0xd71d, 0xae1a,
    0xb65b, 0xcf3e, 0xdf7f, 0xe79f, 0xe79f, 0xe79f, 0xe79f, 0xe79f, 0xe79f, 0xe79f, 0xe79f, 0xe79f,
    0xe79f, 0xe79f, 0xe79f, 0xe79f, 0xe79f, 0xdf7f, 0xe79f, 0xdf9f, 0xdf9f, 0xdf7f, 0xdf7f, 0xdf7f,
    0xdf7f, 0xdf7f, 0xdf5f, 0xbedd, 0xa65c, 0xa65d, 0xa65c, 0xa65c, 0xa65c, 0xa65c, 0xa65c, 0xa65c,
    0xa63c, 0xa63c, 0xa65c, 0xa65c, 0xa65c, 0xa65d, 0xa65c, 0xa65d, 0xa65c, 0xa65c, 0xae5c, 0xbe9d,
    0xd73f, 0xdf7f, 0xe77f, 0xdf7f, 0xe79f, 0xdf7f, 0xe77f, 0xe77f, 0xe77f, 0xe77f, 0xe77f, 0xe79f,
    0xe79f, 0xe79f, 0xe79f, 0xe79f, 0xe79f, 0xe79f, 0xe79f, 0xe79f, 0xe79f, 0xe79f, 0xe79f, 0xe77f,
    0xe77f, 0xe79f, 0xe79f, 0xe79f, 0xe79f, 0xe77f, 0xdf7f, 0xcf1e, 0xb67c, 0xa5d8, 0xa597, 0xbe7a,
    0xdf7e, 0xdf9f, 0xdf7f, 0xe77f, 0xe79f, 0xdf7f, 0xdf9f, 0xdf7f, 0xe79f, 0xe79f, 0xdf7f, 0xe79f,
    0xdf9f, 0xe79f, 0xdf7f, 0xdf5e, 0xbe5a, 0x9d15, 0xadd8, 0xd71d, 0xdf7f, 0xdf7f, 0xe79f, 0xe79f,
    0xe79f, 0xe77f, 0xe77f, 0xe79f, 0xe79f, 0xe79f, 0xe79f, 0xe79f, 0xe79f, 0xe79f, 0xe79f, 0xe79f,
    0xe79f, 0xe79f, 0xe79f, 0xe79f, 0xe79f, 0xe77f, 0xe77f, 0xe77f, 0xe77f, 0xe79f, 0xe79f, 0xe79f,
    0xe79f, 0xe79f, 0xe79f, 0xe79f, 0xe79f, 0xe79f, 0xe79f, 0xe77f, 0xe77f, 0xe77f, 0xe79f, 0xe79f,
    0xe79f, 0xe79f, 0xe79f, 0xe79f, 0xe79f, 0xe79f, 0xe79f, 0xe79f, 0xe79f, 0xe79f, 0xe77f, 0xe77f,
    0xe77f, 0xe77f, 0xe77f, 0xe77f, 0xe77f, 0xe77f, 0xe79f, 0xe79f, 0xe79f, 0xe79f, 0xe79f, 0xe79f,
    0xe79f, 0xe79f, 0xe79f, 0xe79f, 0xe79f, 0xe77f, 0xe77f, 0xe77f, 0xe77f, 0xe77f, 0xe77f, 0xe79f,
    0xe77f, 0xe79f, 0xe79f, 0xe79f, 0xe79f, 0xe79f, 0xe79f, 0xe79f, 0xe79f, 0xe79f, 0xe79f, 0xe79f,
    0xe79f, 0xe77f, 0xe77f, 0xe79f, 0xe79f, 0xe79f, 0xe79f, 0xe79f, 0xe77f, 0xe79f, 0xe79f, 0xe79f,
    0xe79f, 0xe79f, 0xe79f, 0xdf5e, 0xb5f8, 0xbe39, 0xdf7e, 0xe79f, 0xe79f, 0xe79f, 0xe79f, 0xe79f,
    0xe79f, 0xe79f, 0xe79f, 0xe79f, 0xe79f, 0xe79f, 0xe79f, 0xe79f, 0xe79f, 0xe77f, 0xe77f, 0xe79f,
    0xe77f, 0xe77f, 0xe77f, 0xe79f, 0xe79f, 0xe79f, 0xe79f, 0xe79f, 0xe79f, 0xe79f, 0xdf7f, 0xcedc,
    0xadd9, 0xb65b, 0xd73e, 0xe79f, 0xe79f, 0xdf9f, 0xe77f, 0xe79f, 0xe77f, 0xe77f, 0xe77f, 0xe79f,
    0xe79f, 0xe79f, 0xe79f, 0xe77e, 0xe77f, 0xe77f, 0xe79f, 0xdf7f, 0xdf7f, 0xdf9f, 0xdf7f, 0xdf7f,
    0xdf7f, 0xdf5f, 0xcf1e, 0xb69d, 0xa65c, 0xae5d, 0xa65c, 0xa65c, 0xa65c, 0xa65d, 0xa65d, 0xa65d,
    0xa63c, 0xa65c, 0xa65c, 0xa65c, 0xa65d, 0xa65d, 0xa65c, 0xa65c, 0xa65c, 0xa65d, 0xa65d, 0xae5c,
    0xb67c, 0xc6dd, 0xcf1e, 0xcf1e, 0xd75f, 0xe79f, 0xe77f, 0xe79f, 0xe77f, 0xe77f, 0xe77f, 0xe77f,
    0xe77f, 0xe79f, 0xe79f, 0xe79f, 0xe79f, 0xe79f, 0xe79f, 0xe79f, 0xe79f, 0xe79f, 0xe77f, 0xe77f,
    0xe79f, 0xe79f, 0xe77f, 0xe77f, 0xdf7f, 0xd75e, 0xbebd, 0xa5f9, 0x9557, 0xb619, 0xd73e, 0xdf7f,
    0xdf7f, 0xe79f, 0xdf7f, 0xe79f, 0xe77f, 0xe77f, 0xdf7f, 0xdf7f, 0xe77f, 0xe77f, 0xe79f, 0xdf7f,
    0xe79f, 0xdf7f, 0xdf7f, 0xc67a, 0x8cb3, 0x9d56, 0xd71d, 0xdf7f, 0xdf7f, 0xe79f, 0xe79f, 0xe79f,
    0xe79f, 0xe77f, 0xe77f, 0xe79f, 0xe79f, 0xe79f, 0xe79f, 0xe79f, 0xe79f, 0xe79f, 0xe79f, 0xe79f,
    0xe79f, 0xe79f, 0xe79f, 0xe79f, 0xe79f, 0xe77f, 0xe77f, 0xe77f, 0xe79f, 0xe79f, 0xe79f, 0xe79f,
    0xe79f, 0xe79f, 0xe79f, 0xe79f, 0xe79f, 0xe79f, 0xe79f, 0xe77f, 0xe77f, 0xe77f, 0xe79f, 0xe79f,
    0xe79f, 0xe79f, 0xe79f, 0xe79f, 0xe79f, 0xe79f, 0xe79f, 0xe79f, 0xe79f, 0xe79f, 0xe77f, 0xe77f,
    0xe79f, 0xe77f, 0xe79f, 0xe79f, 0xe77f, 0xe77f, 0xe79f, 0xe79f, 0xe79f, 0xe79f, 0xe79f, 0xe79f,
    0xe79f, 0xe79f, 0xe79f, 0xe79f, 0xe79f, 0xe79f, 0xe79f, 0xe79f, 0xe77f, 0xe77f, 0xe79f, 0xe79f,
    0xe79f, 0xe79f, 0xe79f, 0xe79f, 0xe79f, 0xe79f, 0xe79f, 0xe77f, 0xe77f, 0xe77f, 0xe79f, 0xe79f,
    0xe77f, 0xe77f, 0xe77f, 0xe77f, 0xe77f, 0xe79f, 0xe79f, 0xe79f, 0xe79f, 0xe79f, 0xe79f, 0xe79f,
    0xe79f, 0xe79f, 0xe79f, 0xe79f, 0xcefc, 0x9d56, 0xc67b, 0xe77f, 0xe79f, 0xe79f, 0xe79f, 0xe79f,
    0xe79f, 0xe79f, 0xe79f, 0xe79f, 0xe79f, 0xe79f, 0xe79f, 0xe79f, 0xe79f, 0xe77f, 0xe77f, 0xe77f,
    0xe77f, 0xe79f, 0xe79f, 0xe79f, 0xe79f, 0xe79f, 0xe79f, 0xe79f, 0xe79f, 0xe79f, 0xe79f, 0xdf7f,
    0xcefd, 0xadf9, 0xae3a, 0xcf1e, 0xcf1e, 0xd75e, 0xdf7f, 0xdf7f, 0xdf7f, 0xdf9f, 0xe77f, 0xe79f,
    0xe79f, 0xe77f, 0xe77f, 0xe79f, 0xe79f, 0xe79f, 0xe79f, 0xe77f, 0xe77f, 0xe77f, 0xdf7f, 0xd77f,
    0xd73e, 0xbebd, 0xae7c, 0xae5c, 0xa65c, 0xa65c, 0xa65c, 0xa65c, 0xa65c, 0xa65c, 0xa65c, 0xa65c,
    0xa65c, 0xa65c, 0xa65c, 0xa65c, 0xa65d, 0xa65d, 0xa65c, 0xa65d, 0xa65d, 0xa65c, 0xa65d, 0xa65d,
    0xae5d, 0xae5c, 0xae7c, 0xae7c, 0xbedd, 0xd73e, 0xdf7f, 0xdf9f, 0xe77f, 0xe77f, 0xe77f, 0xe79f,
    0xe77f, 0xe77f, 0xe77f, 0xe77f, 0xe77f, 0xe79f, 0xe79f, 0xe79f, 0xe79f, 0xe79f, 0xe77f, 0xe79f,
    0xe77f, 0xe77f, 0xe77f, 0xdf7e, 0xc6fe, 0xb69c, 0xa61a, 0x9597, 0xadf8, 0xdf3e, 0xdf7f, 0xdf7f,
    0xdf7f, 0xe79f, 0xe77f, 0xe79f, 0xe79f, 0xe79f, 0xe79f, 0xe79f, 0xe77f, 0xe77f, 0xdf7f, 0xdf7f,
    0xdf7f, 0xdf7f, 0xcebb, 0x94f4, 0x9d35, 0xd71d, 0xdf7f, 0xdf7f, 0xe79f, 0xe79f, 0xe79f, 0xe79f,
    0xe79f, 0xe79f, 0xe79f, 0xe79f, 0xe79f, 0xe79f, 0xe79f, 0xe79f, 0xe79f, 0xe79f, 0xe79f, 0xe79f,
    0xe79f, 0xe79f, 0xe79f, 0xe79f, 0xe79f, 0xe77f, 0xe77f, 0xe79f, 0xe79f, 0xe79f, 0xe79f, 0xe79f,
    0xe79f, 0xe79f, 0xe79f, 0xe79f, 0xe79f, 0xe79f, 0xe79f, 0xe79f, 0xe79f, 0xe79f, 0xe79f, 0xe79f,
    0xe79f, 0xe79f, 0xe79f, 0xe79f, 0xe79f, 0xe79f, 0xe79f, 0xe79f, 0xe79f, 0xe79f, 0xe77f, 0xe77f,
    0xe77f, 0xe77f, 0xe79f, 0xe79f, 0xe79f, 0xe79f, 0xe79f, 0xe79f, 0xe79f, 0xe79f, 0xe79f, 0xe79f,
    0xe79f, 0xe79f, 0xe79f, 0xe79f, 0xe79f, 0xe79f, 0xe79f, 0xe79f, 0xe77f, 0xe77f, 0xe79f, 0xe79f,
    0xe79f, 0xe79f, 0xe79f, 0xe79f, 0xe79f, 0xe79f, 0xe79f, 0xe79f, 0xe79f, 0xe79f, 0xe79f, 0xe77f,
    0xe77f, 0xe79f, 0xe77f, 0xe77f, 0xe79f, 0xe79f, 0xe79f, 0xe79f, 0xe79f, 0xe79f, 0xe79f, 0xe79f,
    0xe79f, 0xe79f, 0xe79f, 0xe79f, 0xd75e, 0xadd8, 0xa577, 0xdf3e, 0xe79f, 0xe77f, 0xe79f, 0xe79f,
    0xe79f, 0xe79f, 0xe79f, 0xe79f, 0xe79f, 0xe79f, 0xe79f, 0xe79f, 0xe77f, 0xe77f, 0xe77f, 0xe79f,
    0xe79f, 0xe79f, 0xe79f, 0xe79f, 0xe79f, 0xe79f, 0xe79f, 0xe79f, 0xe79f, 0xe79f, 0xe79f, 0xdf9f,
    0xe77f, 0xcefc, 0xa5b8, 0xa5d9, 0xae7c, 0xb69c, 0xcf3e, 0xdf7f, 0xdf7f, 0xe77f, 0xe77f, 0xe77f,
    0xe79f, 0xe77f, 0xe77f, 0xdf7f, 0xe77f, 0xe77f, 0xe77f, 0xe77f, 0xdf7f, 0xd73e, 0xc6dd, 0xbebd,
    0xb69d, 0xae5d, 0xa65d, 0xa65d, 0xa65c, 0xa65c, 0xa65c, 0xa65c, 0xa65c, 0xa65c, 0xa65c, 0xa65c,
    0xa63c, 0xa63c, 0xa65c, 0xa65c, 0xa65c, 0xa65c, 0xa65c, 0xa65c, 0xa65c, 0xa65c, 0xa65c, 0xa65c,
    0xa65d, 0xa65d, 0xae5d, 0xa65c, 0xae5c, 0xb69d, 0xc6fd, 0xcf1e, 0xd73e, 0xd73e, 0xd73e, 0xdf7f,
    0xe79f, 0xe77f, 0xe77f, 0xe77f, 0xe79f, 0xe79f, 0xe79f, 0xe79f, 0xe79f, 0xe79f, 0xe77f, 0xe77f,
    0xe79f, 0xdf7f, 0xcf3e, 0xbebd, 0xae1b, 0xa5d9, 0xa5d9, 0xbe9c, 0xd73e, 0xe77f, 0xe77f, 0xe79f,
    0xdf7f, 0xdf7f, 0xe79f, 0xe77f, 0xe77f, 0xe77f, 0xe79f, 0xe79f, 0xe79f, 0xdf7f, 0xe79f, 0xdf7f,
    0xdf7f, 0xcedc, 0x9515, 0x9d35, 0xd6fd, 0xdf7f, 0xe77f, 0xe79f, 0xe79f, 0xe79f, 0xe79f, 0xe79f,
    0xe79f, 0xe79f, 0xe79f, 0xe79f, 0xe79f, 0xe79f, 0xe79f, 0xe79f, 0xe79f, 0xe79f, 0xe79f, 0xe79f,
    0xe79f, 0xe79f, 0xe79f, 0xe79f, 0xe79f, 0xe79f, 0xe79f, 0xe79f, 0xe79f, 0xe79f, 0xe79f, 0xe79f,
    0xe79f, 0xe79f, 0xe79f, 0xe79f, 0xe79f, 0xe79f, 0xe79f, 0xe79f, 0xe79f, 0xe79f, 0xe79f, 0xe79f,
    0xe79f, 0xe79f, 0xe79f, 0xe79f, 0xe79f, 0xe79f, 0xe79f, 0xe79f, 0xe79f, 0xe79f, 0xe77f, 0xe77f,
    0xe77f, 0xe79f, 0xe79f, 0xe79f, 0xe79f, 0xe79f, 0xe79f, 0xe79f, 0xe79f, 0xe79f, 0xe79f, 0xe79f,
    0xe79f, 0xe79f, 0xe79f, 0xe79f, 0xe79f, 0xe79f, 0xe79f, 0xe79f, 0xe79f, 0xe79f, 0xe79f, 0xe79f,
    0xe79f, 0xe79f, 0xe79f, 0xe79f, 0xe79f, 0xe79f, 0xe79f, 0xe79f, 0xe79f, 0xe79f, 0xe79f, 0xe77f,
    0xe77f, 0xe79f, 0xe79f, 0xe79f, 0xe79f, 0xe79f, 0xe79f, 0xe79f, 0xe79f, 0xe79f, 0xe79f, 0xe79f,
    0xe79f, 0xe79f, 0xe77f, 0xe79f, 0xdf7f, 0xcf1d, 0xa576, 0xadb7, 0xdf3e, 0xe77f, 0xe79f, 0xe79f,
    0xe79f, 0xe79f, 0xe79f, 0xe79f, 0xe79f, 0xe79f, 0xe79f, 0xe77f, 0xe77f, 0xe77f, 0xe77f, 0xe79f,
    0xe79f, 0xe79f, 0xe79f, 0xe79f, 0xe79f, 0xe79f, 0xe79f, 0xe79f, 0xe79f, 0xe79f, 0xdf7f, 0xdf9f,
    0xdf7f, 0xdf7f, 0xc6bb, 0x8d15, 0x9d78, 0xa63b, 0xae9d, 0xc6dd, 0xdf7f, 0xe77f, 0xe77f, 0xdf7f,
    0xdf7f, 0xdf7f, 0xdf7f, 0xdf7f, 0xe77f, 0xdf7f, 0xd75f, 0xcf1e, 0xbedd, 0xae9c, 0xae5c, 0xa65c,
    0xa65d, 0xa65d, 0xa65c, 0xa65c, 0xa65c, 0xa65c, 0xa65c, 0xa65c, 0xa65c, 0xa65c, 0xa65c, 0xa65d,
    0xa63c, 0xa63c, 0xa63c, 0xa63c, 0xa63c, 0xa65c, 0xa65c, 0xa65c, 0xa65c, 0xa65d, 0xa65c, 0xa65d,
    0xa65d, 0xa65c, 0xa65c, 0xa65c, 0xa65d, 0xa65c, 0xae3c, 0xae5c, 0xae7c, 0xae5c, 0xae7c, 0xbebd,
    0xc6fd, 0xbedd, 0xc6dd, 0xcf3e, 0xdf7f, 0xdf7f, 0xdf7f, 0xdf7f, 0xe77f, 0xe79f, 0xe77f, 0xdf7f,
    0xdf7f, 0xc6fe, 0xae5c, 0xa5d9, 0x8d15, 0xa597, 0xcedc, 0xdf7e, 0xdf9f, 0xe79f, 0xdf9f, 0xdf7f,
    0xe79f, 0xe77f, 0xe79f, 0xe77f, 0xe77f, 0xe77f, 0xe79f, 0xe79f, 0xe79f, 0xe79f, 0xdf7f, 0xdf7f,
    0xc6bc, 0x94f4, 0x9534, 0xcefc, 0xdf7f, 0xe79f, 0xe79f, 0xe77f, 0xe79f, 0xe77f, 0xe79f, 0xe79f,
    0xe79f, 0xe79f, 0xe79f, 0xe79f, 0xe79f, 0xe79f, 0xe79f, 0xe79f, 0xe79f, 0xe79f, 0xe79f, 0xe79f,
    0xe79f, 0xe79f, 0xe79f, 0xe79f, 0xe79f, 0xe79f, 0xe79f, 0xe79f, 0xe79f, 0xe79f, 0xe79f, 0xe79f,
    0xe79f, 0xe79f, 0xe79f, 0xe79f, 0xe79f, 0xe79f, 0xe79f, 0xe79f, 0xe79f, 0xe79f, 0xe79f, 0xe79f,
    0xe79f, 0xe79f, 0xe79f, 0xe79f, 0xe79f, 0xe79f, 0xe79f, 0xe79f, 0xe79f, 0xe79f, 0xe79f, 0xe77f,
    0xe77f, 0xe79f, 0xe79f, 0xe79f, 0xe79f, 0xe79f, 0xe79f, 0xe79f, 0xe79f, 0xe79f, 0xe79f, 0xe79f,
    0xe79f, 0xe79f, 0xe79f, 0xe79f, 0xe79f, 0xe79f, 0xe79f, 0xe79f, 0xe79f, 0xe79f, 0xe79f, 0xe79f,
    0xe79f, 0xe79f, 0xe79f, 0xe79f, 0xe79f, 0xe79f, 0xe79f, 0xe79f, 0xe79f, 0xe79f, 0xe79f, 0xe79f,
    0xe79f, 0xe79f, 0xe79f, 0xe79f, 0xe79f, 0xe79f, 0xe79f, 0xe79f, 0xe79f, 0xe79f, 0xe79f, 0xe79f,
    0xe79f, 0xe79f, 0xe77f, 0xe79f, 0xdf7f, 0xdf7f, 0xbe7a, 0x8452, 0xb5f8, 0xdf5e, 0xe77f, 0xe77f,
    0xe77f, 0xe79f, 0xe77f, 0xe79f, 0xe79f, 0xe79f, 0xe79f, 0xe77f, 0xe77f, 0xe77f, 0xe79f, 0xe79f,
    0xe79f, 0xe79f, 0xe79f, 0xe79f, 0xe79f, 0xe79f, 0xe79f, 0xe79f, 0xe79f, 0xe77f, 0xdf7f, 0xdf7f,
    0xd75e, 0xc6fd, 0xb69c, 0x9dd9, 0x8d56, 0x9577, 0x9dfa, 0xae7c, 0xc6dd, 0xd75e, 0xdf7f, 0xdf7f,
    0xdf7f, 0xd75f, 0xcf1e, 0xc6de, 0xc6fe, 0xbedd, 0xb67c, 0xae7d, 0xae5d, 0xa65c, 0xa65d, 0xa65c,
    0xa65c, 0xa65d, 0xa65d, 0xa65c, 0xa65c, 0xa65c, 0xa63c, 0xa63c, 0xa63c, 0xa63c, 0xa63c, 0xa63c,
    0x8d16, 0xa63b, 0xa63c, 0xa63c, 0xa63c, 0xa63c, 0xa63c, 0xa63c, 0xa65c, 0xa65c, 0xa65c, 0xa65c,
    0xa65c, 0xa63c, 0xa63c, 0xa65c, 0xa65c, 0xa65c, 0xa65c, 0xa65c, 0xae5c, 0xa65c, 0xa65c, 0xa65c,
    0xa65c, 0xa65c, 0xa63c, 0xae7c, 0xbedd, 0xd75f, 0xdf7f, 0xdf7f, 0xdf7f, 0xdf7f, 0xdf7f, 0xd75f,
    0xc6fe, 0xae5c, 0xa5fa, 0x9577, 0xae19, 0xcf3e, 0xdf7f, 0xdf7f, 0xdf7f, 0xdf9f, 0xe79f, 0xdf7f,
    0xe79f, 0xdf7f, 0xe79f, 0xe77f, 0xe77f, 0xe77f, 0xe77f, 0xe79f, 0xe79f, 0xe77f, 0xdf7f, 0xc6bb,
    0x94f4, 0x94f4, 0xcebb, 0xdf7f, 0xe77f, 0xe77f, 0xe77f, 0xe79f, 0xe79f, 0xe77f, 0xe77f, 0xe79f,
    0xe79f, 0xe79f, 0xe79f, 0xe79f, 0xe79f, 0xe79f, 0xe79f, 0xe79f, 0xe79f, 0xe79f, 0xe79f, 0xe79f,
    0xe79f, 0xe79f, 0xe79f, 0xe79f, 0xe79f, 0xe79f, 0xe79f, 0xe79f, 0xe79f, 0xe79f, 0xe79f, 0xe79f,
    0xe79f, 0xe79f, 0xe79f, 0xe79f, 0xe79f, 0xe79f, 0xe79f, 0xe79f, 0xe79f, 0xe79f, 0xe79f, 0xe79f,
    0xe79f, 0xe79f, 0xe79f, 0xe79f, 0xe79f, 0xe79f, 0xe79f, 0xe79f, 0xe79f, 0xe79f, 0xe77f, 0xe77f,
    0xe79f, 0xe79f, 0xe79f, 0xe79f, 0xe79f, 0xe79f, 0xe79f, 0xe79f, 0xe79f, 0xe79f, 0xe79f, 0xe79f,
    0xe79f, 0xe79f, 0xe79f, 0xe79f, 0xe79f, 0xe79f, 0xdf7f, 0xd75f, 0xdf5e, 0xdf5f, 0xd75f, 0xdf5f,
    0xdf7f, 0xe79f, 0xe79f, 0xe79f, 0xe79f, 0xe79f, 0xe79f, 0xe79f, 0xe79f, 0xe79f, 0xe79f, 0xe79f,
    0xe79f, 0xe79f, 0xe79f, 0xe79f, 0xe79f, 0xe79f, 0xe79f, 0xe79f, 0xe79f, 0xe79f, 0xe77f, 0xe77f,
    0xe77f, 0xe77f, 0xe77f, 0xe79f, 0xdf7f, 0xdf7f, 0xcefd, 0x9557, 0x8472, 0xbe19, 0xdf5e, 0xe77f,
    0xe79f, 0xe77f, 0xe79f, 0xe77f, 0xe77f, 0xe77f, 0xe77f, 0xe77f, 0xe79f, 0xe79f, 0xe79f, 0xe79f,
    0xe79f, 0xe79f, 0xe77f, 0xe79f, 0xe79f, 0xe79f, 0xe77f, 0xe77f, 0xe77f, 0xe77f, 0xe77f, 0xdf7f,
    0xd73e, 0xbebc, 0xc6fe, 0xcefe, 0xc6fd, 0xae5a, 0xa5f9, 0xa61a, 0xae5c, 0xbebd, 0xcf3e, 0xc6dd,
    0xb69d, 0xb69d, 0xae5c, 0xae5c, 0xae5c, 0xa65c, 0xa65c, 0xa65c, 0xa65c, 0xa65c, 0xa65c, 0xa65c,
    0xa65c, 0xa65c, 0xa65c, 0xa65c, 0xa65c, 0xa63c, 0xa63c, 0xa63c, 0xa63c, 0xa63c, 0x9557, 0x7c52,
    0x6bd0, 0x9d98, 0xa5da, 0x9dd9, 0x9dda, 0x9dda, 0x9dda, 0xa5da, 0xa5da, 0xa5fa, 0x9dda, 0x9dfa,
    0x9dfa, 0x9dda, 0xa5fa, 0xa63c, 0xa65c, 0xa63c, 0xa65c, 0xa65c, 0xa65c, 0xa65c, 0xa65c, 0xa65c,
    0xa65c, 0xa63c, 0xa63d, 0xa63c, 0xa65c, 0xb67c, 0xc6fd, 0xcf1e, 0xcf1e, 0xcf1e, 0xcf1e, 0xb69d,
    0xae5c, 0xa5fa, 0x9db9, 0xa63b, 0xbebd, 0xdf7f, 0xdf7f, 0xdf7f, 0xdf7f, 0xdf7f, 0xdf7f, 0xe77f,
    0xe79f, 0xe77f, 0xe77f, 0xe77f, 0xdf7f, 0xe77f, 0xe77f, 0xe77f, 0xdf5f, 0xd75f, 0xc6bc, 0x94f4,
    0x84b3, 0xbe7b, 0xdf7e, 0xe77f, 0xdf7f, 0xe77f, 0xe77f, 0xe77f, 0xe77f, 0xe77f, 0xe77f, 0xe77f,
    0xe77f, 0xe79f, 0xe79f, 0xe79f, 0xe79f, 0xe79f, 0xe79f, 0xe79f, 0xe79f, 0xe79f, 0xe79f, 0xe79f,
    0xe79f, 0xe79f, 0xe79f, 0xe79f, 0xe79f, 0xe79f, 0xe79f, 0xe79f, 0xe79f, 0xe79f, 0xe79f, 0xe79f,
    0xe79f, 0xe79f, 0xe79f, 0xe79f, 0xe79f, 0xe79f, 0xe77f, 0xe79f, 0xe79f, 0xe79f, 0xe79f, 0xe79f,
    0xe79f, 0xe79f, 0xe79f, 0xe79f, 0xe79f, 0xe79f, 0xe79f, 0xe79f, 0xe79f, 0xe79f, 0xe79f, 0xe79f,
    0xe79f, 0xe79f, 0xe79f, 0xe79f, 0xe79f, 0xe79f, 0xe79f, 0xe79f, 0xe79f, 0xe79f, 0xe79f, 0xd75e,
    0xd73e, 0xcf3e, 0xcf1e, 0xcf1e, 0xcf1e, 0xcf1e, 0xb6bd, 0xb69d, 0xb69d, 0xb69d, 0xb69d, 0xb69d,
    0xbedd, 0xcf1e, 0xcf1e, 0xd73e, 0xdf7f, 0xe79f, 0xe79f, 0xe77f, 0xe79f, 0xe79f, 0xe77f, 0xe79f,
    0xe79f, 0xe79f, 0xe79f, 0xe79f, 0xe79f, 0xe79f, 0xe79f, 0xe79f, 0xe79f, 0xe79f, 0xe79f, 0xe79f,
    0xe79f, 0xe77f, 0xe77f, 0xe79f, 0xdf9f, 0xdf7f, 0xc6dd, 0xa61b, 0x8cd4, 0x8472, 0xcebb, 0xe77f,
    0xe77f, 0xe77f, 0xe77f, 0xdf9f, 0xe79f, 0xdf7f, 0xe77f, 0xe77f, 0xe79f, 0xe79f, 0xe79f, 0xe77f,
    0xe79f, 0xe79f, 0xe77f, 0xe77f, 0xe79f, 0xe79f, 0xe77f, 0xe77f, 0xe77f, 0xdf7f, 0xe79f, 0xe77f,
    0xdf7f, 0xdf5f, 0xdf7e, 0xdf7f, 0xdf7f, 0xdf7f, 0xbedd, 0xa61a, 0xa61b, 0xa65c, 0xae7c, 0xae5c,
    0xa65c, 0xa65c, 0xa65c, 0xa65c, 0xa65c, 0xa65c, 0xa65c, 0xa65c, 0xa65c, 0xa63c, 0xa61b, 0xa61b,
    0xa61a, 0x9df9, 0x9dda, 0x9dda, 0x9dda, 0x9dda, 0x9dda, 0x9dd9, 0x9dd9, 0xa5d9, 0x7c52, 0x52a9,
    0x5aa9, 0x632b, 0x632c, 0x634d, 0x634d, 0x634d, 0x634c, 0x634c, 0x634d, 0x634d, 0x634c, 0x634c,
    0x634c, 0x632c, 0x7432, 0xa5fa, 0xa63b, 0xa63b, 0xa63b, 0xa63b, 0xae3b, 0xa63b, 0xa63b, 0xa63b,
    0xa63b, 0xa63c, 0xa65c, 0xa63c, 0xa63c, 0xa63c, 0xae5c, 0xa63c, 0xa63c, 0xa65c, 0xa63c, 0xa65c,
    0xa5fa, 0x9578, 0xa63b, 0xa65c, 0xb69d, 0xd73e, 0xdf7f, 0xdf7f, 0xdf7f, 0xdf7f, 0xdf7f, 0xdf7f,
    0xdf7f, 0xdf5f, 0xdf7f, 0xdf7f, 0xdf7f, 0xe77f, 0xdf7f, 0xd75f, 0xbedd, 0xae3b, 0x9514, 0x8472,
    0xa5b8, 0xbedd, 0xdf5f, 0xdf7f, 0xdf7f, 0xdf9f, 0xe79f, 0xe79f, 0xe79f, 0xe79f, 0xe79f, 0xe79f,
    0xe79f, 0xe79f, 0xe79f, 0xe79f, 0xe79f, 0xe79f, 0xe79f, 0xe77f, 0xe79f, 0xe79f, 0xe79f, 0xe79f,
    0xe77f, 0xe77f, 0xe79f, 0xdf7f, 0xe79f, 0xe77f, 0xe77f, 0xdf7f, 0xdf7f, 0xcf3e, 0xd73e, 0xd75f,
    0xdf5f, 0xdf7f, 0xdf7f, 0xe77f, 0xe79f, 0xe77f, 0xe77f, 0xe79f, 0xe79f, 0xe79f, 0xe79f, 0xe79f,
    0xe79f, 0xe79f, 0xe79f, 0xe79f, 0xe79f, 0xe79f, 0xe79f, 0xe79f, 0xe79f, 0xe77f, 0xe77f, 0xe77f,
    0xe77f, 0xe79f, 0xe79f, 0xe79f, 0xe79f, 0xe79f, 0xe79f, 0xe79f, 0xe77f, 0xe79f, 0xdf7f, 0xd73e,
    0xcf1e, 0xcf3e, 0xcf1e, 0xbebd, 0xae7c, 0xae7c, 0xae7d, 0xae5d, 0xae5d, 0xae7d, 0xae7c, 0xae7c,
    0xb67c, 0xb69c, 0xc71e, 0xcf1e, 0xdf7f, 0xdf7f, 0xe79f, 0xe77f, 0xe79f, 0xe79f, 0xe79f, 0xe77f,
    0xe77f, 0xe79f, 0xe79f, 0xe79f, 0xe79f, 0xe79f, 0xe79f, 0xe79f, 0xe77f, 0xe77f, 0xe79f, 0xe79f,
    0xe79f, 0xe79f, 0xe79f, 0xe77f, 0xdf7f, 0xdf7f, 0xbede, 0xa65d, 0x9dda, 0x84b4, 0xa556, 0xd6fc,
    0xdf9f, 0xdf7f, 0xe79f, 0xdf7f, 0xdf7f, 0xdf7f, 0xe79f, 0xe79f, 0xe79f, 0xe79f, 0xe79f, 0xdf7f,
    0xdf9f, 0xdf7f, 0xd77f, 0xdf7f, 0xdf7f, 0xdf7f, 0xdf7f, 0xdf7f, 0xdf7f, 0xd77f, 0xdf7f, 0xdf5f,
    0xd75f, 0xdf7f, 0xd75e, 0xc6fe, 0xc6de, 0xc6fd, 0xb6bd, 0xae5c, 0x9e1b, 0x9e1b, 0xa63b, 0xa63c,
    0xa63c, 0xa63c, 0xa63c, 0xa63c, 0xa63b, 0xa63b, 0xa63b, 0xa63b, 0xa63b, 0x9db9, 0x73f0, 0x6baf,
    0x6bae, 0x636d, 0x634c, 0x634c, 0x634c, 0x634c, 0x634c, 0x632c, 0x634c, 0x634c, 0x5aea, 0x5aa8,
    0x5268, 0x5268, 0x5288, 0x5a68, 0x5a68, 0x5a88, 0x5a68, 0x5a68, 0x5a88, 0x5a88, 0x5a88, 0x5a88,
    0x5a88, 0x5268, 0x5aeb, 0x73f0, 0x7411, 0x7410, 0x7410, 0x7410, 0x7410, 0x7410, 0x7410, 0x7410,
    0x7c10, 0x7c73, 0xa61a, 0xa65c, 0xa63c, 0xa63c, 0xa63c, 0xa63c, 0xa63c, 0xa63b, 0xa61a, 0x9d97,
    0x9556, 0xa61a, 0xae5c, 0xa65c, 0xae5d, 0xb69d, 0xb67c, 0xb67c, 0xb69d, 0xb67d, 0xb67c, 0xb67c,
    0xb67c, 0xbe9d, 0xcf1e, 0xcf3e, 0xcf3e, 0xcf3e, 0xc6fe, 0xb69c, 0xae3b, 0x8d15, 0x8472, 0x9d98,
    0xae5c, 0xb67d, 0xd73f, 0xdf7f, 0xdf7f, 0xdf9f, 0xdf7f, 0xdf7f, 0xdf7f, 0xdf9f, 0xdf9f, 0xdf7f,
    0xe79f, 0xe79f, 0xe77f, 0xdf7f, 0xdf7f, 0xdf7f, 0xdf7f, 0xdf7f, 0xdf7f, 0xdf7f, 0xdf7f, 0xdf7f,
    0xe79f, 0xdf7f, 0xdf7f, 0xdf7f, 0xdf7f, 0xe77f, 0xdf7f, 0xdf9f, 0xcf3e, 0xb69c, 0xae9d, 0xae9d,
    0xb69d, 0xbebd, 0xc6dd, 0xcefe, 0xcf1e, 0xd73e, 0xdf7f, 0xe79f, 0xe79f, 0xe77f, 0xe79f, 0xe79f,
    0xe79f, 0xe79f, 0xe79f, 0xe79f, 0xe79f, 0xe79f, 0xe79f, 0xe79f, 0xe79f, 0xe77f, 0xdf7f, 0xdf9f,
    0xdf9f, 0xdf7f, 0xdf9f, 0xdf9f, 0xdf9f, 0xdf7f, 0xdf7f, 0xdf7f, 0xdf9f, 0xdf7f, 0xdf7f, 0xdf7f,
    0xdf7f, 0xdf7f, 0xdf9f, 0xdf5f, 0xd73e, 0xd73f, 0xbedd, 0xb6bd, 0xb69d, 0xc6dd, 0xd75f, 0xd75f,
    0xd75f, 0xd75f, 0xdf7f, 0xdf7f, 0xe77f, 0xe77f, 0xdf9f, 0xe79f, 0xdf7f, 0xd73e, 0xd73e, 0xd73e,
    0xd73e, 0xcf3f, 0xcf3f, 0xcf3e, 0xd73e, 0xd73e, 0xd73e, 0xd73e, 0xd73e, 0xd73e, 0xd73e, 0xd73e,
    0xd73e, 0xd73e, 0xd73e, 0xd73e, 0xd73e, 0xcf1e, 0xae7d, 0xae5d, 0xa65d, 0xa5fa, 0x6bf0, 0x8451,
    0xc6bb, 0xdf7f, 0xdf7f, 0xdf7f, 0xdf7f, 0xd73e, 0xcf3e, 0xcf3e, 0xcf3e, 0xcf3e, 0xcf3e, 0xcf3e,
    0xcf3e, 0xbebd, 0xb69c, 0xb69c, 0xb69c, 0xb69d, 0xb69d, 0xb69d, 0xb67d, 0xb67d, 0xb67d, 0xb69d,
    0xb69d, 0xb69d, 0xb69d, 0xae7d, 0xae5c, 0xae7d, 0xae7d, 0xae5d, 0xa63c, 0x9dd9, 0x7432, 0x73f0,
    0x7410, 0x7410, 0x7411, 0x7410, 0x7410, 0x7410, 0x7410, 0x7410, 0x7410, 0x73cf, 0x5aa9, 0x5a88,
    0x5a88, 0x5a88, 0x5a88, 0x5a88, 0x5a88, 0x5a88, 0x5a88, 0x5a88, 0x5a88, 0x5a88, 0x5a88, 0x5a88,
    0x5268, 0x5267, 0x5268, 0x5268, 0x5268, 0x5268, 0x5287, 0x5287, 0x5288, 0x5288, 0x5a88, 0x5288,
    0x5a88, 0x5a68, 0x5268, 0x5268, 0x5268, 0x5268, 0x5268, 0x5268, 0x5268, 0x5288, 0x5288, 0x5288,
    0x5288, 0x632b, 0x94d4, 0x9515, 0x9535, 0x9515, 0x9515, 0x9515, 0x9514, 0x9515, 0x7c51, 0x6bcf,
    0x9556, 0xae7c, 0xa65c, 0xa65c, 0xa65c, 0xa65c, 0xa65c, 0xa65c, 0xa65c, 0xa65c, 0xae5c, 0xa65c,
    0xa65c, 0xa65c, 0xae5c, 0xae5c, 0xae7c, 0xae5c, 0xae5c, 0xa5fa, 0x8cf5, 0x7bf0, 0x9d56, 0xae5c,
    0xae5d, 0xae7d, 0xb69c, 0xc6fd, 0xc6fd, 0xc6fd, 0xc6fe, 0xc6fe, 0xc6fe, 0xc6fd, 0xc6fd, 0xc6fd,
    0xc6fd, 0xc6fd, 0xc6fd, 0xc6fd, 0xc6fd, 0xc6fd, 0xc6fd, 0xc6fd, 0xc6fd, 0xc6fe, 0xc6fe, 0xc6fe,
    0xc6fd, 0xc6fe, 0xc6fd, 0xd75f, 0xdf7f, 0xdf7f, 0xdf9f, 0xdf7f, 0xdf7f, 0xcf3e, 0xc6fe, 0xc6fe,
    0xc6fe, 0xc6fe, 0xc6fe, 0xc6fe, 0xc6fe, 0xcf1e, 0xdf7f, 0xdf7f, 0xdf7f, 0xdf7f, 0xdf7f, 0xdf7f,
    0xdf7f, 0xe79f, 0xe79f, 0xe79f, 0xe79f, 0xe77f, 0xe79f, 0xdf7f, 0xdf7f, 0xdf7f, 0xcf3e, 0xc6fd,
    0xcefe, 0xcefe, 0xc6fe, 0xc71e, 0xcf1e, 0xcefe, 0xcf1e, 0xc6fe, 0xc6fe, 0xcefd, 0xd75f, 0xdf7f,
    0xdf7f, 0xdf9f, 0xdf7f, 0xdf7f, 0xdf7f, 0xdf7f, 0xdf7f, 0xdf7f, 0xdf7f, 0xdf7f, 0xdf7f, 0xdf7f,
    0xdf7f, 0xd77f, 0xd73e, 0xc6fd, 0xc6fe, 0xc6fe, 0xc6fd, 0xc6fe, 0xbedd, 0xae7c, 0xae7c, 0xae5c,
    0xae7c, 0xae7c, 0xae7c, 0xae7c, 0xae7c, 0xae7c, 0xae7c, 0xae7c, 0xae7c, 0xae7c, 0xae7c, 0xae7c,
    0xae7c, 0xae7c, 0xae7c, 0xae7c, 0xae7c, 0xae7c, 0xa65d, 0xa65c, 0xa65d, 0xa61b, 0x63af, 0x52ca,
    0x8cd4, 0xcefd, 0xdf7f, 0xd73e, 0xc6dd, 0xb67c, 0xae5c, 0xae7c, 0xae7c, 0xae7c, 0xae7c, 0xae7c,
    0xae7c, 0xae5c, 0xa65d, 0xa65d, 0xa65c, 0xa65d, 0xa65c, 0xa65c, 0xa65d, 0xa65c, 0xa65c, 0xae5d,
    0xa65d, 0xae5c, 0xae5c, 0xae5d, 0xae5c, 0xae5c, 0xae5d, 0xa65c, 0xa63c, 0x84f5, 0x4a88, 0x5267,
    0x5288, 0x5288, 0x5288, 0x5288, 0x5288, 0x5288, 0x5288, 0x5288, 0x5288, 0x5288, 0x5a88, 0x5a88,
    0x5a88, 0x5a88, 0x5a88, 0x5a88, 0x5a88, 0x5a88, 0x5288, 0x5a88, 0x5a88, 0x5a88, 0x5a88, 0x5a88,
    0x5267, 0x5267, 0x5267, 0x5267, 0x5268, 0x5267, 0x5287, 0x5287, 0x5268, 0x5268, 0x5288, 0x5288,
    0x5288, 0x5287, 0x5268, 0x5267, 0x5267, 0x5267, 0x5267, 0x5267, 0x5247, 0x5267, 0x5268, 0x5268,
    0x5268, 0x5aa9, 0x736b, 0x738c, 0x738c, 0x738c, 0x738c, 0x738c, 0x736b, 0x6b6b, 0x5b09, 0x634b,
    0x9556, 0xa63b, 0xa63b, 0xa63b, 0xa63b, 0xa61b, 0xa61b, 0xa63b, 0xa63b, 0xa63b, 0xa63b, 0xa63b,
    0xa63b, 0xa63b, 0xa63b, 0xa61b, 0xa61b, 0xa61a, 0xa61a, 0x9556, 0x6b8d, 0x6b6d, 0x9d76, 0xae3b,
    0xae3b, 0xae5c, 0xa65c, 0xa63c, 0xa63c, 0xa65c, 0xae5c, 0xa65c, 0xa65c, 0xa65c, 0xa65c, 0xa65c,
    0xa65c, 0xa65c, 0xa65c, 0xa65c, 0xa65c, 0xa65c, 0xa65c, 0xae5c, 0xae3c, 0xae5c, 0xa65c, 0xa65c,
    0xae5c, 0xa65c, 0xae5c, 0xb69d, 0xbedd, 0xd73e, 0xd75e, 0xd75e, 0xd75e, 0xd75e, 0xd75e, 0xd75e,
    0xd75e, 0xd75e, 0xc6fd, 0xbebd, 0xbebd, 0xbebd, 0xbebd, 0xbebd, 0xbebd, 0xbebd, 0xbebd, 0xbebd,
    0xc6dd, 0xd73e, 0xd75e, 0xd75e, 0xd75e, 0xd75e, 0xd75e, 0xcf1e, 0xbebd, 0xb6bd, 0xb69d, 0xa65c,
    0xae5c, 0xae5d, 0xae5d, 0xa65d, 0xae5d, 0xae5d, 0xae5c, 0xae5c, 0xae7d, 0xae5c, 0xb69d, 0xbebd,
    0xc6fd, 0xd75f, 0xd75e, 0xd75e, 0xd75f, 0xd75f, 0xd75e, 0xd75e, 0xd75f, 0xcf3e, 0xc6dd, 0xbebd,
    0xb6bd, 0xb6bd, 0xb67c, 0xa65c, 0xa65c, 0xa65c, 0xa65c, 0xa65c, 0xa65c, 0xa65c, 0xa65c, 0xa65c,
    0xa65c, 0xa65c, 0xa65c, 0xa65c, 0xa65c, 0xa65c, 0xa65c, 0xa65c, 0xa65c, 0xa65c, 0xa65c, 0xa65c,
    0xa65c, 0xa65c, 0xa65c, 0xa65c, 0xa65c, 0xa65c, 0xa65c, 0xa65c, 0xa65c, 0xa63c, 0x8d36, 0x5b6d,
    0x5b4d, 0xae3b, 0xb69c, 0xb69c, 0xa65c, 0xa61b, 0xae1b, 0xa63b, 0xa63b, 0xa63b, 0xa63b, 0xa63b,
    0xa63b, 0xa63b, 0xa63b, 0xa63b, 0xa63b, 0xa63b, 0xa61b, 0xa61b, 0xa61b, 0xa61b, 0xa61b, 0xa61b,
    0xa61b, 0xa61b, 0xa61b, 0xa61b, 0xa63b, 0xa63b, 0xa61b, 0xa61b, 0xa5f9, 0x6bef, 0x3a05, 0x4a46,
    0x5267, 0x5267, 0x5267, 0x5267, 0x5267, 0x5267, 0x5267, 0x5267, 0x5267, 0x5267, 0x5288, 0x5a88,
    0x5288, 0x5288, 0x5288, 0x5a88, 0x5a88, 0x5a88, 0x5a88, 0x5a88, 0x5a88, 0x5a87, 0x5288, 0x5288,
    0x5247, 0x5247, 0x5267, 0x5267, 0x5267, 0x5267, 0x5267, 0x5267, 0x5267, 0x5267, 0x5267, 0x5267,
    0x5267, 0x5267, 0x5247, 0x5267, 0x5267, 0x5247, 0x5247, 0x5267, 0x5267, 0x5267, 0x5267, 0x5268,
    0x5247, 0x5a88, 0x734a, 0x736b, 0x736b, 0x738b, 0x738b, 0x738b, 0x734a, 0x5aa7, 0x4245, 0x5287,
    0x632c, 0x6bae, 0x6bae, 0x6bae, 0x6bae, 0x73ef, 0x7c30, 0x7c30, 0x7c30, 0x7c30, 0x7c30, 0x7c30,
    0x7c30, 0x7c30, 0x7c30, 0x7c30, 0x7c2f, 0x7c0f, 0x7c30, 0x6b6c, 0x4a48, 0x52a9, 0x7bee, 0x7c30,
    0x8472, 0xa5fa, 0xa65c, 0xa65c, 0xa63c, 0xa63c, 0xa63c, 0xa63c, 0xa63c, 0xa65c, 0xa65c, 0xa65c,
    0xa65c, 0xa65c, 0xa65c, 0xa63c, 0xa63c, 0xa65c, 0xa63c, 0xa65c, 0xa65c, 0xa63c, 0xa65c, 0xa65c,
    0xa65c, 0xa65c, 0xa65c, 0xa65c, 0xae5c, 0xae5c, 0xae5c, 0xae5c, 0xae7c, 0xae7c, 0xae7c, 0xae7c,
    0xae7c, 0xae7c, 0xae5c, 0xa65c, 0xa65c, 0xa65c, 0xa65c, 0xa65c, 0xa65c, 0xa65c, 0xa65c, 0xa65c,
    0xa65d, 0xae7d, 0xae7c, 0xae7c, 0xae7c, 0xae5c, 0xae5c, 0xae7c, 0xa65c, 0xa65c, 0xa65c, 0xa65d,
    0xa65d, 0xa65c, 0xa65c, 0xa65d, 0xa65c, 0xae5d, 0xa65d, 0xa65d, 0xa65d, 0xa65c, 0xa65c, 0xa65c,
    0xae5c, 0xae7c, 0xae7c, 0xae7c, 0xae7c, 0xae7c, 0xae7c, 0xae7c, 0xae7c, 0xae5c, 0xa65c, 0xa65c,
    0xa65c, 0xa65c, 0xa65c, 0xae5c, 0xa65c, 0xa65c, 0xa65c, 0xa65c, 0xa65c, 0xa65c, 0xa65c, 0xa65c,
    0xa65c, 0xa65c, 0xa65c, 0xa65c, 0xa65c, 0xa65c, 0xa65c, 0xa65c, 0xa65c, 0xa65c, 0xa65c, 0xa65c,
    0xa65c, 0xa65c, 0xa65c, 0xa65c, 0xa65c, 0xa65c, 0xa65c, 0xa65c, 0xa65c, 0xa63c, 0xa65c, 0x8493,
    0x5b2d, 0xa61a, 0xae5c, 0xae5c, 0xa61b, 0x7c72, 0x6baf, 0x73af, 0x73af, 0x73ae, 0x73af, 0x73af,
    0x73af, 0x73af, 0x6baf, 0x6baf, 0x6baf, 0x73af, 0x6baf, 0x6baf, 0x6baf, 0x6bae, 0x6bae, 0x6bae,
    0x6bae, 0x6bae, 0x6bae, 0x6bae, 0x6bae, 0x6bae, 0x6bae, 0x73ef, 0x8c91, 0x632b, 0x39e4, 0x4a46,
    0x5267, 0x5247, 0x5247, 0x5247, 0x5247, 0x5247, 0x5247, 0x5247, 0x5247, 0x5267, 0x5288, 0x5288,
    0x5a87, 0x5a88, 0x5a88, 0x5a87, 0x5a87, 0x5287, 0x5268, 0x5268, 0x5287, 0x5287, 0x5287, 0x5268,
    0x5247, 0x5247, 0x5247, 0x5247, 0x5247, 0x5247, 0x5247, 0x5267, 0x5247, 0x5267, 0x5267, 0x5267,
    0x5247, 0x5247, 0x5247, 0x5247, 0x5247, 0x5247, 0x5247, 0x5267, 0x5247, 0x5247, 0x5267, 0x5247,
    0x5247, 0x5a88, 0x6b4a, 0x736b, 0x736b, 0x736b, 0x736b, 0x6b4a, 0x62e9, 0x4a66, 0x4224, 0x4a66,
    0x5248, 0x5268, 0x5268, 0x5268, 0x5268, 0x62e9, 0x6b4a, 0x734a, 0x734a, 0x734a, 0x734a, 0x6b4a,
    0x6b4a, 0x6b4a, 0x734a, 0x6b4a, 0x734b, 0x734b, 0x6b4b, 0x5aa9, 0x41e6, 0x5268, 0x6b4b, 0x6b4b,
    0x736c, 0x8cb2, 0x8cf4, 0x8cf4, 0x8cf4, 0x8cf4, 0x8cd4, 0x8cd4, 0x8cd4, 0x8cf4, 0x8cf4, 0x8cf4,
    0x8cf4, 0x8cf4, 0x8cf4, 0x8cf4, 0x8cf4, 0x8cf4, 0x8cf4, 0x9515, 0x9535, 0x9514, 0x9514, 0x9d98,
    0xa65c, 0xa65c, 0xa65c, 0xa65c, 0xa65c, 0xa65c, 0xa63c, 0xae5c, 0xae5c, 0xa65c, 0xa65c, 0xa65c,
    0xa65c, 0xa65c, 0xa65c, 0xa65c, 0xa65c, 0xa65c, 0xa65d, 0xa65c, 0xa65c, 0xa65c, 0xa65c, 0xa65c,
    0xa65c, 0xa65c, 0xa65c, 0xa63c, 0xa63c, 0xa63c, 0xa63c, 0xa65c, 0xa65c, 0xa65c, 0xa65c, 0xa65c,
    0xa65c, 0xa65c, 0xae5d, 0xa65c, 0xa65c, 0xa65d, 0xa65c, 0xa65c, 0xa65c, 0xa65c, 0xa65c, 0xa65c,
    0xa65c, 0xa63c, 0xa65c, 0xa65c, 0xa65c, 0xa65c, 0xa65c, 0xa65c, 0xa65c, 0xa65c, 0xa65c, 0xa65c,
    0xa65c, 0xa65c, 0xa63c, 0x9557, 0x8493, 0x8493, 0x84b3, 0x8493, 0x8493, 0x8493, 0x8493, 0x8493,
    0x8493, 0x8493, 0x84b3, 0x8493, 0x8493, 0x8493, 0x8493, 0x8493, 0x8493, 0x8493, 0x8493, 0x8493,
    0x8493, 0x8493, 0x8493, 0x8493, 0x8493, 0x8493, 0x8493, 0x8493, 0x8493, 0x8493, 0x8492, 0x6b8e,
    0x52a9, 0x7c51, 0x8cd4, 0x8cd4, 0x8cd3, 0x7c0e, 0x6b4a, 0x5a88, 0x5a88, 0x5a88, 0x5a88, 0x5a88,
    0x5a88, 0x5a88, 0x5288, 0x5288, 0x5a88, 0x5a88, 0x5a88, 0x5a88, 0x5a88, 0x5a88, 0x5a88, 0x5a88,
    0x5a88, 0x5a88, 0x5a88, 0x5a88, 0x5288, 0x5288, 0x5288, 0x630a, 0x8c2e, 0x632a, 0x39e4, 0x4a46,
    0x5247, 0x5247, 0x5247, 0x5247, 0x5247, 0x5247, 0x5247, 0x5247, 0x5247, 0x5247, 0x5267, 0x5287,
    0x5a87, 0x5287, 0x5287, 0x5287, 0x5267, 0x5267, 0x5287, 0x5287, 0x5267, 0x5267, 0x5267, 0x5267,
    0x4a27, 0x5247, 0x5247, 0x5247, 0x5247, 0x5247, 0x5247, 0x5247, 0x5247, 0x5247, 0x5247, 0x5247,
    0x4a47, 0x4a27, 0x5247, 0x5247, 0x5247, 0x5247, 0x5247, 0x5247, 0x5247, 0x5247, 0x5247, 0x5247,
    0x5247, 0x5288, 0x6b4a, 0x734b, 0x736a, 0x736a, 0x738a, 0x6b09, 0x5267, 0x4a46, 0x4245, 0x4a47,
    0x5247, 0x5247, 0x5247, 0x5247, 0x5267, 0x62c9, 0x6b4a, 0x6b4a, 0x6b4b, 0x734a, 0x734a, 0x6b4b,
    0x734b, 0x6b4a, 0x6b4a, 0x6b4a, 0x6b4a, 0x6b4a, 0x6b4a, 0x5aa8, 0x41e6, 0x5288, 0x6b4a, 0x6b4a,
    0x6b2a, 0x6b4b, 0x6b4b, 0x6b4b, 0x6b4b, 0x6b4b, 0x6b4b, 0x6b4b, 0x6b4b, 0x6b4b, 0x6b4b, 0x6b6b,
    0x6b6b, 0x6b4b, 0x6b4b, 0x6b4b, 0x6b4b, 0x736b, 0x736b, 0x7bac, 0x83ed, 0x7bed, 0x7bcc, 0x8cd3,
    0xa5d9, 0x9dd9, 0x9dd9, 0xa5d9, 0xa5fa, 0x9dd9, 0xa5da, 0x9dda, 0x9dda, 0x9dda, 0xa5da, 0xa5da,
    0xa5da, 0xa5da, 0xa5d9, 0x9dd9, 0x9dd9, 0xa5d9, 0xa5d9, 0xa5f9, 0xa5f9, 0xa5d9, 0x9dd9, 0x9dd9,
    0x9dda, 0x9dd9, 0x9dd9, 0x9dd9, 0x9dd9, 0x9dd9, 0x9dd9, 0x9dd9, 0x9dda, 0xa5d9, 0x9dd9, 0xa5d9,
    0x9dd9, 0xa5fa, 0xa5fa, 0xa5f9, 0xa5fa, 0xa5fa, 0xa5fa, 0xa5f9, 0xa5fa, 0xa5d9, 0xa5da, 0x9dda,
    0x9dda, 0x9dda, 0x9dda, 0x9dda, 0x9dda, 0x9dfa, 0x9dda, 0x9dda, 0xa5da, 0x9dda, 0xa5da, 0xa5d9,
    0x9dd9, 0x9dd9, 0x9dd9, 0x7c10, 0x5289, 0x5289, 0x5289, 0x5289, 0x5289, 0x5289, 0x5289, 0x5289,
    0x5289, 0x5288, 0x5288, 0x5288, 0x5288, 0x5289, 0x5289, 0x5288, 0x5288, 0x5288, 0x5289, 0x5289,
    0x5289, 0x5288, 0x5288, 0x5289, 0x5289, 0x5288, 0x5288, 0x5288, 0x5289, 0x5288, 0x5288, 0x4a47,
    0x39c5, 0x4227, 0x630a, 0x738c, 0x738c, 0x8c6f, 0x7bcd, 0x5288, 0x5288, 0x5288, 0x5268, 0x5268,
    0x5268, 0x5268, 0x5268, 0x5288, 0x5268, 0x5268, 0x5268, 0x5268, 0x5268, 0x5288, 0x5288, 0x5288,
    0x5268, 0x5268, 0x5268, 0x5268, 0x5268, 0x5268, 0x5268, 0x630a, 0x8c2e, 0x6309, 0x4205, 0x4a67,
    0x5247, 0x5247, 0x5247, 0x5247, 0x4a47, 0x5247, 0x5247, 0x5247, 0x5247, 0x5247, 0x5247, 0x5267,
    0x5267, 0x5267, 0x5267, 0x5267, 0x5267, 0x5267, 0x5267, 0x5267, 0x5267, 0x5267, 0x5247, 0x5267,
    0x4a27, 0x4a27, 0x4a27, 0x4a27, 0x4a27, 0x4a27, 0x5247, 0x5247, 0x5247, 0x5247, 0x5247, 0x5247,
    0x4a27, 0x4a27, 0x4a27, 0x4a27, 0x4a27, 0x4a27, 0x4a27, 0x4a27, 0x4a27, 0x4a27, 0x5247, 0x5247,
    0x4a27, 0x5267, 0x6b2a, 0x734a, 0x6b4a, 0x734a, 0x736a, 0x62e9, 0x5247, 0x4a46, 0x4225, 0x4a27,
    0x4a47, 0x4a47, 0x4a47, 0x4a47, 0x5247, 0x62c8, 0x6b2a, 0x6b2a, 0x6b2a, 0x6b2a, 0x6b2a, 0x6b2a,
    0x6b2a, 0x6b2a, 0x6b2a, 0x6b2a, 0x6b2a, 0x6b2a, 0x6b4a, 0x5a88, 0x41e5, 0x5288, 0x6b2a, 0x6b2a,
    0x6b2a, 0x6b2a, 0x6b4a, 0x6b2a, 0x6b4a, 0x6b4a, 0x6b4a, 0x6b4a, 0x6b4a, 0x734a, 0x6b2a, 0x6b2a,
    0x6b2a, 0x6b2a, 0x6b2a, 0x6b4a, 0x6b4a, 0x6b4a, 0x6b4a, 0x7bab, 0x7bcc, 0x7bcc, 0x7bcb, 0x7bcd,
    0x738d, 0x632c, 0x632c, 0x632c, 0x632c, 0x632c, 0x632c, 0x632c, 0x632c, 0x632c, 0x632c, 0x632c,
    0x632c, 0x632c, 0x632c, 0x632c, 0x632c, 0x632c, 0x632c, 0x632c, 0x632c, 0x632c, 0x632c, 0x632c,
    0x632c, 0x632c, 0x632c, 0x632c, 0x632c, 0x632c, 0x632c, 0x632c, 0x632c, 0x632c, 0x632c, 0x634c,
    0x6b6c, 0x8450, 0x842f, 0x634c, 0x634c, 0x634c, 0x632c, 0x632c, 0x634c, 0x634c, 0x632c, 0x634c,
    0x632c, 0x634c, 0x632c, 0x632c, 0x632c, 0x632c, 0x632c, 0x632c, 0x632c, 0x632c, 0x632c, 0x634c,
    0x632c, 0x632c, 0x632c, 0x5ac9, 0x5268, 0x5268, 0x5268, 0x5268, 0x5268, 0x5268, 0x5268, 0x5268,
    0x5268, 0x5268, 0x5268, 0x5268, 0x5268, 0x5268, 0x5268, 0x5268, 0x5268, 0x5268, 0x5268, 0x5268,
    0x5268, 0x5268, 0x5268, 0x5268, 0x5268, 0x5268, 0x5267, 0x5267, 0x5267, 0x5268, 0x5268, 0x4a46,
    0x39c4, 0x4206, 0x630a, 0x736b, 0x738b, 0x8c6f, 0x7bcd, 0x5288, 0x5268, 0x5267, 0x5268, 0x5268,
    0x5268, 0x5267, 0x5267, 0x5267, 0x5267, 0x5268, 0x5268, 0x5267, 0x5267, 0x5267, 0x5267, 0x5267,
    0x5267, 0x5267, 0x5267, 0x5267, 0x5267, 0x5267, 0x5267, 0x62e9, 0x8c2e, 0x6309, 0x4205, 0x5247,
    0x4a47, 0x4a27, 0x4a27, 0x4a27, 0x4a27, 0x4a27, 0x4a47, 0x4a47, 0x4a27, 0x4a27, 0x4a27, 0x4a27,
    0x5247, 0x5267, 0x5267, 0x5267, 0x5267, 0x5267, 0x5267, 0x5267, 0x5247, 0x5247, 0x5247, 0x5247,
    0x4a27, 0x4a27, 0x4a27, 0x4a27, 0x4a27, 0x4a27, 0x4a27, 0x4a27, 0x4a27, 0x4a47, 0x5247, 0x4a27,
    0x4a27, 0x4a07, 0x4a27, 0x4a27, 0x4a07, 0x4a27, 0x4a27, 0x4a27, 0x4a27, 0x4a27, 0x5247, 0x5227,
    0x5a88, 0x62e9, 0x6b2a, 0x734a, 0x6b4a, 0x6b4a, 0x62c9, 0x5268, 0x4a47, 0x4a26, 0x4a46, 0x4a27,
    0x4a27, 0x4a27, 0x4a27, 0x4a27, 0x4a47, 0x5aa8, 0x6b2a, 0x6b2a, 0x6b2a, 0x6b2a, 0x6b2a, 0x6b2a,
    0x6b2a, 0x6b2a, 0x6b2a, 0x6b2a, 0x6b2a, 0x6b2a, 0x6b2a, 0x5a88, 0x41c5, 0x5267, 0x6b2a, 0x6b2a,
    0x6b2a, 0x6b2a, 0x6b2a, 0x6b2a, 0x6b2a, 0x6b2a, 0x6b2a, 0x6b2a, 0x6b2a, 0x6b2a, 0x6b2a, 0x6b2a,
    0x6b2a, 0x6b2a, 0x6b2a, 0x6b2a, 0x6b2a, 0x6b2a, 0x6b2a, 0x738b, 0x7bab, 0x7bab, 0x7bcb, 0x738b,
    0x6b0a, 0x5a88, 0x5268, 0x5268, 0x5268, 0x5268, 0x5268, 0x5268, 0x5268, 0x5268, 0x5268, 0x5268,
    0x5268, 0x5268, 0x5268, 0x5268, 0x5268, 0x5268, 0x5268, 0x5268, 0x5268, 0x5268, 0x5268, 0x5268,
    0x5268, 0x5268, 0x5268, 0x5268, 0x5268, 0x5288, 0x5268, 0x5288, 0x5a88, 0x5a88, 0x62ea, 0x6b4a,
    0x734a, 0x7bac, 0x7bac, 0x6b4a, 0x6b4a, 0x6b4a, 0x6b0a, 0x5a88, 0x5288, 0x5288, 0x5288, 0x5a68,
    0x5268, 0x5268, 0x5a68, 0x5268, 0x5a68, 0x5a68, 0x5a68, 0x5a68, 0x5a68, 0x5268, 0x5268, 0x5288,
    0x5268, 0x5268, 0x5268, 0x5268, 0x5268, 0x5268, 0x5268, 0x5268, 0x5268, 0x5268, 0x5268, 0x5267,
    0x5268, 0x5268, 0x5268, 0x5267, 0x5267, 0x5267, 0x5268, 0x5268, 0x5268, 0x5268, 0x5268, 0x5267,
    0x5268, 0x5268, 0x5268, 0x5268, 0x5268, 0x5267, 0x5267, 0x5267, 0x5268, 0x5268, 0x5267, 0x5267,
    0x4a26, 0x4a26, 0x62e9, 0x736b, 0x736b, 0x8c4f, 0x73cd, 0x5268, 0x5267, 0x5247, 0x5247, 0x5247,
    0x5267, 0x5267, 0x5267, 0x5267, 0x5267, 0x5267, 0x5267, 0x5267, 0x5267, 0x5267, 0x5267, 0x5267,
    0x5267, 0x5267, 0x5267, 0x5267, 0x5267, 0x5267, 0x5267, 0x5288, 0x6b2a, 0x6b4a, 0x4a67, 0x4a47,
    0x4a47, 0x4a27, 0x4a27, 0x4a27, 0x4a27, 0x4a27, 0x4a27, 0x4a27, 0x4a27, 0x4a27, 0x4a07, 0x4a27,
    0x4a27, 0x5267, 0x5267, 0x5267, 0x5247, 0x5247, 0x5247, 0x5247, 0x5247, 0x4a27, 0x4a27, 0x5247,
    0x4a27, 0x4a27, 0x4a27, 0x4a27, 0x4a27, 0x4a27, 0x4a27, 0x4a27, 0x4a27, 0x4a27, 0x4a27, 0x4a27,
    0x4a27, 0x4a07, 0x4a27, 0x4a27, 0x4a27, 0x4a27, 0x4a27, 0x4a27, 0x4a27, 0x4a27, 0x4a27, 0x4a27,
    0x62c9, 0x734a, 0x6b49, 0x6b4a, 0x6b2a, 0x6b0a, 0x5267, 0x4a07, 0x4a27, 0x4a26, 0x4a26, 0x4a27,
    0x4a27, 0x4a27, 0x4a27, 0x4a27, 0x4a27, 0x5aa8, 0x6b0a, 0x6b0a, 0x6b0a, 0x6b0a, 0x6b0a, 0x6b0a,
    0x6b0a, 0x6b0a, 0x6b0a, 0x6b0a, 0x6b0a, 0x6b2a, 0x6b2a, 0x5a88, 0x41e5, 0x5267, 0x6b2a, 0x6b0a,
    0x6b0a, 0x6b2a, 0x6b2a, 0x6b2a, 0x6b2a, 0x6b2a, 0x6b0a, 0x6b0a, 0x6b2a, 0x6b2a, 0x6b2a, 0x6b2a,
    0x6b0a, 0x6b2a, 0x6b2a, 0x6b2a, 0x6b2a, 0x6b2a, 0x734a, 0x7b8a, 0x7bab, 0x7bab, 0x7bab, 0x736b,
    0x6b0a, 0x5287, 0x5268, 0x5268, 0x5268, 0x5268, 0x5268, 0x5268, 0x5268, 0x5268, 0x5268, 0x5268,
    0x5268, 0x5268, 0x5268, 0x5268, 0x5268, 0x5268, 0x5268, 0x5268, 0x5268, 0x5268, 0x5268, 0x5267,
    0x5267, 0x5267, 0x5268, 0x5268, 0x5268, 0x5268, 0x5268, 0x5a88, 0x62c9, 0x62e9, 0x734a, 0x7b8b,
    0x7b8b, 0x7b8b, 0x7b8b, 0x7bab, 0x7bab, 0x7bab, 0x736a, 0x5a88, 0x5288, 0x5268, 0x5268, 0x5268,
    0x5268, 0x5268, 0x5268, 0x5268, 0x5267, 0x5267, 0x5268, 0x5268, 0x5268, 0x5268, 0x5268, 0x5268,
    0x5268, 0x5268, 0x5268, 0x5268, 0x5267, 0x5247, 0x5267, 0x5267, 0x5267, 0x5267, 0x5267, 0x5267,
    0x5267, 0x5267, 0x5267, 0x5267, 0x5267, 0x5267, 0x5267, 0x5267, 0x5267, 0x5267, 0x5267, 0x5267,
    0x5267, 0x5267, 0x5267, 0x5267, 0x5267, 0x5267, 0x5247, 0x5247, 0x5247, 0x5267, 0x5247, 0x5267,
    0x5247, 0x4a27, 0x62e9, 0x734b, 0x736b, 0x844e, 0x73ac, 0x5268, 0x5247, 0x5247, 0x5247, 0x5247,
    0x5247, 0x5247, 0x5247, 0x5247, 0x5247, 0x5247, 0x5247, 0x5247, 0x5247, 0x5247, 0x5247, 0x5247,
    0x5247, 0x5247, 0x5247, 0x5247, 0x5247, 0x5247, 0x5247, 0x5247, 0x5267, 0x736b, 0x5287, 0x4a26,
    0x4a27, 0x4a27, 0x4a27, 0x4a27, 0x4a27, 0x4a27, 0x4a27, 0x4a27, 0x4a27, 0x4a27, 0x4a27, 0x4a27,
    0x4a27, 0x5247, 0x5247, 0x5247, 0x5247, 0x5247, 0x5247, 0x5247, 0x5247, 0x4a27, 0x4a27, 0x4a27,
    0x4a07, 0x4a07, 0x4a07, 0x4a07, 0x4a07, 0x4a27, 0x4a27, 0x4a26, 0x4a27, 0x4a06, 0x4a06, 0x4a06,
    0x4a06, 0x4a06, 0x4a06, 0x4a07, 0x4a07, 0x4a27, 0x4a27, 0x4a07, 0x4a07, 0x4a27, 0x4a07, 0x5247,
    0x5aa8, 0x6b4a, 0x6b4a, 0x6b4a, 0x6b29, 0x5ac8, 0x5247, 0x4a07, 0x4a27, 0x4a26, 0x4226, 0x4a26,
    0x4a26, 0x4a27, 0x4a07, 0x4a27, 0x4a27, 0x5aa8, 0x6b0a, 0x6b09, 0x6b0a, 0x6b0a, 0x6b0a, 0x6b09,
    0x6b09, 0x6b09, 0x6b09, 0x6b09, 0x6b09, 0x6b09, 0x6b0a, 0x62c9, 0x4a06, 0x5267, 0x6b09, 0x6b09,
    0x6b0a, 0x6b0a, 0x6b09, 0x6b09, 0x6b0a, 0x6b0a, 0x6b0a, 0x6b0a, 0x6b0a, 0x6b0a, 0x6b0a, 0x6b0a,
    0x6b09, 0x6b0a, 0x6b0a, 0x6b0a, 0x6b0a, 0x6b2a, 0x736a, 0x7baa, 0x7b8a, 0x7b8a, 0x7b8b, 0x734a,
    0x62e9, 0x5267, 0x5268, 0x5268, 0x5268, 0x5248, 0x5248, 0x5248, 0x5248, 0x5248, 0x5248, 0x5247,
    0x5247, 0x5247, 0x5247, 0x5247, 0x5247, 0x5247, 0x5247, 0x5247, 0x5247, 0x5267, 0x5267, 0x5247,
    0x5267, 0x5267, 0x5267, 0x5267, 0x5267, 0x5268, 0x5287, 0x62c8, 0x738b, 0x7b8b, 0x738b, 0x7b8b,
    0x738b, 0x738b, 0x738b, 0x738b, 0x7b8b, 0x738b, 0x6b4a, 0x5288, 0x5268, 0x5268, 0x5268, 0x5267,
    0x5267, 0x5267, 0x5267, 0x5267, 0x5267, 0x5267, 0x5267, 0x5267, 0x5267, 0x5267, 0x5267, 0x5267,
    0x5267, 0x5267, 0x5267, 0x5267, 0x5247, 0x5247, 0x5267, 0x5267, 0x5267, 0x5267, 0x5267, 0x5247,
    0x5267, 0x5267, 0x5247, 0x5247, 0x5247, 0x5247, 0x5247, 0x5267, 0x5247, 0x5247, 0x5247, 0x5247,
    0x5247, 0x5247, 0x5247, 0x5247, 0x5247, 0x5247, 0x5247, 0x5247, 0x5247, 0x5247, 0x5247, 0x5247,
    0x4a47, 0x4206, 0x62e9, 0x734a, 0x6b6b, 0x842e, 0x738c, 0x5267, 0x5247, 0x5247, 0x5247, 0x5247,
    0x5247, 0x5247, 0x5247, 0x5247, 0x5247, 0x5247, 0x5247, 0x5247, 0x5247, 0x5247, 0x5247, 0x5247,
    0x5247, 0x5227, 0x4a27, 0x5247, 0x5247, 0x4a27, 0x5247, 0x5247, 0x5267, 0x736b, 0x5287, 0x4a46,
    0x4a06, 0x4a07, 0x4a07, 0x4a06, 0x4a07, 0x4a07, 0x4a07, 0x4a07, 0x4a07, 0x4a07, 0x4a07, 0x4a07,
    0x4a07, 0x4a07, 0x4a07, 0x4a27, 0x5247, 0x5247, 0x4a27, 0x4a27, 0x4a27, 0x4a27, 0x4a27, 0x4a27,
    0x49e7, 0x49e6, 0x49e6, 0x4a06, 0x4a06, 0x4a06, 0x4a26, 0x4a26, 0x4a27, 0x4a06, 0x4a06, 0x4a06,
    0x4a06, 0x4a06, 0x4a06, 0x4a06, 0x4a06, 0x4a06, 0x4a07, 0x4a06, 0x4a06, 0x4a07, 0x4a27, 0x62c9,
    0x6b0a, 0x6b2a, 0x6b2a, 0x6b2a, 0x62e9, 0x4a27, 0x4a27, 0x4a06, 0x4a06, 0x4a06, 0x4206, 0x4a06,
    0x4a07, 0x4a07, 0x4a07, 0x4a27, 0x4a07, 0x5aa8, 0x6309, 0x6309, 0x6309, 0x6309, 0x6309, 0x6309,
    0x6309, 0x6309, 0x6309, 0x6b09, 0x6b09, 0x6309, 0x62e9, 0x62e9, 0x4a27, 0x5247, 0x6b09, 0x6b09,
    0x6b09, 0x6b09, 0x6b09, 0x6b09, 0x6b09, 0x6309, 0x6b09, 0x6b09, 0x6b09, 0x6b09, 0x6b09, 0x6b09,
    0x6309, 0x6b09, 0x6b09, 0x6b0a, 0x6b0a, 0x6b29, 0x736a, 0x738a, 0x738a, 0x738a, 0x738a, 0x62e9,
    0x5267, 0x5247, 0x5247, 0x5247, 0x5247, 0x5247, 0x5247, 0x5247, 0x5247, 0x5247, 0x5247, 0x5247,
    0x5247, 0x5247, 0x5247, 0x5247, 0x5247, 0x5247, 0x5247, 0x5247, 0x5247, 0x5247, 0x5247, 0x5247,
    0x5247, 0x5247, 0x5247, 0x5247, 0x5268, 0x62c9, 0x6b2a, 0x734a, 0x736a, 0x736a, 0x736a, 0x738a,
    0x738a, 0x738a, 0x738a, 0x736a, 0x736b, 0x736a, 0x6b2a, 0x5267, 0x5247, 0x5247, 0x5247, 0x5247,
    0x5247, 0x5247, 0x5247, 0x5247, 0x5247, 0x5247, 0x5247, 0x5247, 0x5247, 0x5247, 0x5247, 0x5247,
    0x5247, 0x5247, 0x5247, 0x5247, 0x5247, 0x5247, 0x5247, 0x5247, 0x5247, 0x5247, 0x5247, 0x5247,
    0x5247, 0x5247, 0x5247, 0x5247, 0x5247, 0x5247, 0x5247, 0x5247, 0x5247, 0x5247, 0x5247, 0x5247,
    0x5247, 0x5247, 0x5247, 0x5247, 0x5247, 0x5247, 0x5247, 0x5247, 0x5247, 0x5227, 0x5247, 0x5247,
    0x4a47, 0x41e6, 0x5ac9, 0x6b4a, 0x734a, 0x840d, 0x736b, 0x5247, 0x5247, 0x5247, 0x5247, 0x5247,
    0x5247, 0x5247, 0x5247, 0x4a27, 0x4a27, 0x4a27, 0x4a27, 0x4a27, 0x4a27, 0x4a47, 0x4a47, 0x4a27,
    0x4a27, 0x4a27, 0x4a27, 0x4a27, 0x4a27, 0x4a27, 0x4a47, 0x4a27, 0x5247, 0x5a88, 0x5a88, 0x5ac9,
    0x4a27, 0x4a07, 0x4a06, 0x4a07, 0x4a07, 0x4a07, 0x4a06, 0x4a07, 0x4a07, 0x4a07, 0x4a06, 0x4a06,
    0x4a06, 0x4a07, 0x4a07, 0x4a27, 0x4a47, 0x4a27, 0x4a26, 0x4a26, 0x4a26, 0x4a26, 0x4a26, 0x4a26,
    0x4a06, 0x49e6, 0x4a06, 0x4a06, 0x4a06, 0x4a06, 0x4a06, 0x4a27, 0x4a27, 0x4a06, 0x4a06, 0x4a06,
    0x4a06, 0x4a06, 0x4a06, 0x4a06, 0x4a06, 0x4a06, 0x4a06, 0x4a06, 0x4a06, 0x4a06, 0x4a26, 0x62e9,
    0x6b2a, 0x6b2a, 0x6b2a, 0x6b29, 0x62c9, 0x4a06, 0x4a07, 0x4a06, 0x4a06, 0x4a06, 0x4a06, 0x4a06,
    0x4a07, 0x4a07, 0x4a07, 0x4a07, 0x4a07, 0x5a88, 0x6309, 0x62e9, 0x6309, 0x62e9, 0x62e9, 0x62e9,
    0x62e9, 0x6309, 0x62e9, 0x62e9, 0x62e9, 0x62e9, 0x62e9, 0x62e9, 0x4a26, 0x5247, 0x6309, 0x6309,
    0x62e9, 0x62e9, 0x6309, 0x6309, 0x6309, 0x6309, 0x6309, 0x6309, 0x62e9, 0x62e9, 0x62e9, 0x62e9,
    0x62e9, 0x62e9, 0x62e9, 0x62e9, 0x6309, 0x6b09, 0x736a, 0x738a, 0x738a, 0x736a, 0x736a, 0x62c9,
    0x5247, 0x5247, 0x5247, 0x5247, 0x5247, 0x5247, 0x5247, 0x5247, 0x5227, 0x5227, 0x5227, 0x5247,
    0x5247, 0x5247, 0x5227, 0x5247, 0x5247, 0x5247, 0x5247, 0x5227, 0x5247, 0x5247, 0x4a47, 0x5247,
    0x5247, 0x5247, 0x5a88, 0x5aa8, 0x5ac8, 0x62e9, 0x734a, 0x736a, 0x736a, 0x736a, 0x736a, 0x736a,
    0x736a, 0x736a, 0x736a, 0x736a, 0x736b, 0x736a, 0x6b2a, 0x5247, 0x5227, 0x5227, 0x5227, 0x5227,
    0x5227, 0x5227, 0x5227, 0x5247, 0x5247, 0x5247, 0x5247, 0x5247, 0x5247, 0x5247, 0x5247, 0x5247,
    0x5247, 0x5247, 0x5247, 0x5247, 0x5227, 0x5227, 0x5227, 0x5227, 0x5227, 0x5227, 0x5227, 0x5227,
    0x5247, 0x5247, 0x5247, 0x5247, 0x5247, 0x5247, 0x5247, 0x5247, 0x5227, 0x5227, 0x5227, 0x5227,
    0x5227, 0x5227, 0x5227, 0x5227, 0x5227, 0x5227, 0x5227, 0x5227, 0x4a27, 0x4a27, 0x4a27, 0x4a27,
    0x4a47, 0x41e6, 0x5ac8, 0x6b2a, 0x6b4a, 0x7b8c, 0x736b, 0x6309, 0x5267, 0x5247, 0x5247, 0x4a27,
    0x4a27, 0x4a27, 0x4a27, 0x4a27, 0x4a27, 0x4a27, 0x4a27, 0x4a27, 0x4a27, 0x4a27, 0x4a27, 0x4a27,
    0x4a27, 0x4a27, 0x4a27, 0x4a27, 0x4a27, 0x4a27, 0x4a27, 0x4a27, 0x4a27, 0x4a27, 0x5a88, 0x62e9,
    0x4a27, 0x4a06, 0x4a06, 0x4a06, 0x4a06, 0x4a06, 0x4a06, 0x4a06, 0x4a06, 0x4a06, 0x4a06, 0x4a06,
    0x4a06, 0x4a06, 0x4a06, 0x4a06, 0x4a27, 0x4a27, 0x4a27, 0x4a27, 0x4a27, 0x4a27, 0x4a06, 0x4a26,
    0x4a06, 0x4a06, 0x4a06, 0x4a06, 0x4a06, 0x4a06, 0x4a06, 0x4a07, 0x4a07, 0x4a06, 0x49e6, 0x4a06,
    0x4a06, 0x4a06, 0x49e6, 0x49e6, 0x49e6, 0x49e6, 0x4a06, 0x4a06, 0x4a06, 0x4a06, 0x4a07, 0x62e9,
    0x6b29, 0x6b2a, 0x6b2a, 0x62e9, 0x5a88, 0x4a06, 0x49e6, 0x49e6, 0x4a06, 0x4a06, 0x4a06, 0x4a06,
    0x4a07, 0x4a07, 0x4a07, 0x4a07, 0x4a07, 0x5a88, 0x62e9, 0x62e9, 0x62e9, 0x62e9, 0x62e9, 0x62e9,
    0x62e9, 0x62e9, 0x62e9, 0x62e9, 0x62e9, 0x62e9, 0x62e9, 0x62e9, 0x4a26, 0x5247, 0x62e9, 0x62e9,
    0x62e9, 0x62e9, 0x62e9, 0x62e9, 0x62e9, 0x62e9, 0x62e9, 0x62e9, 0x62e9, 0x62e9, 0x62e9, 0x62e9,
    0x62e9, 0x62e9, 0x62e9, 0x62e9, 0x6309, 0x6b09, 0x736a, 0x736a, 0x736a, 0x6b4a, 0x6b29, 0x5aa8,
    0x4a47, 0x4a47, 0x5247, 0x4a27, 0x4a27, 0x5247, 0x5247, 0x5247, 0x5247, 0x5247, 0x4a27, 0x4a27,
    0x4a27, 0x4a27, 0x4a27, 0x5247, 0x5247, 0x4a47, 0x4a47, 0x5247, 0x4a27, 0x4a27, 0x5247, 0x5267,
    0x5267, 0x5267, 0x62e9, 0x6b09, 0x62e9, 0x62e9, 0x6b4a, 0x736a, 0x734a, 0x736a, 0x736a, 0x736a,
    0x736a, 0x736a, 0x736a, 0x736a, 0x734a, 0x734a, 0x6b29, 0x5247, 0x4a27, 0x4a27, 0x4a27, 0x5227,
    0x5227, 0x5227, 0x4a27, 0x4a27, 0x4a27, 0x4a27, 0x4a47, 0x5247, 0x5247, 0x5227, 0x5227, 0x5227,
    0x5227, 0x4a47, 0x5247, 0x5247, 0x5227, 0x5227, 0x5227, 0x5227, 0x5227, 0x5227, 0x5227, 0x5227,
    0x5247, 0x5247, 0x5247, 0x5247, 0x5247, 0x5247, 0x5247, 0x5247, 0x5247, 0x5247, 0x4a27, 0x4a27,
    0x4a27, 0x4a27, 0x4a27, 0x4a27, 0x4a27, 0x4a27, 0x4a27, 0x4a27, 0x4a27, 0x4a27, 0x4a27, 0x4a27,
    0x4a47, 0x4a26, 0x6309, 0x6b2a, 0x6b2a, 0x6b2a, 0x736b, 0x7bac, 0x5288, 0x4a47, 0x4a27, 0x4a27,
    0x4a27, 0x4a27, 0x4a27, 0x4a27, 0x4a27, 0x4a27, 0x4a27, 0x4a27, 0x4a27, 0x4a27, 0x4a27, 0x4a27,
    0x4a27, 0x4a27, 0x4a07, 0x4a27, 0x4a27, 0x4a27, 0x4a27, 0x4a27, 0x4a27, 0x4a07, 0x5267, 0x5aa8,
    0x4a47, 0x4a06, 0x4a06, 0x49e6, 0x49e6, 0x49e6, 0x4a06, 0x4a06, 0x4a06, 0x49e6, 0x49e6, 0x49e6,
    0x49e6, 0x49e6, 0x4a06, 0x4a06, 0x4a27, 0x4a27, 0x4a27, 0x4a07, 0x4a07, 0x4a07, 0x4a06, 0x4a06,
    0x49e6, 0x49e6, 0x49e6, 0x4a06, 0x4a06, 0x4a07, 0x4a06, 0x4a07, 0x4a07, 0x4a06, 0x4a06, 0x4a06,
    0x4a06, 0x4a06, 0x49e6, 0x49e6, 0x49e6, 0x49e6, 0x4a06, 0x4a06, 0x4a06, 0x4a07, 0x4a07, 0x62c9,
    0x6b2a, 0x6b09, 0x6309, 0x5268, 0x4a07, 0x49e6, 0x49e6, 0x4a06, 0x4a06, 0x4a06, 0x4206, 0x4206,
    0x4a06, 0x49e7, 0x4a06, 0x4a07, 0x4a07, 0x5a88, 0x62e9, 0x62e9, 0x62e9, 0x62e9, 0x62e9, 0x62e9,
    0x62e9, 0x62e9, 0x62e9, 0x62e9, 0x62e9, 0x62e9, 0x62e9, 0x62e9, 0x4a27, 0x4a07, 0x62c9, 0x62e9,
    0x62e9, 0x62e9, 0x62e9, 0x62e9, 0x62e9, 0x62e9, 0x62e9, 0x62e9, 0x62e9, 0x62e9, 0x62e9, 0x62e9,
    0x62e9, 0x62e9, 0x62e9, 0x62e9, 0x62e9, 0x62e9, 0x736a, 0x736a, 0x734a, 0x6b09, 0x5a88, 0x5247,
    0x4a27, 0x4a27, 0x4a27, 0x4a27, 0x4a27, 0x4a27, 0x4a27, 0x4a27, 0x4a27, 0x4a27, 0x4a27, 0x4a27,
    0x4a27, 0x4a27, 0x4a27, 0x4a27, 0x4a27, 0x4a27, 0x4a27, 0x4a27, 0x4a27, 0x4a27, 0x5247, 0x5aa8,
    0x62c9, 0x62c9, 0x62e9, 0x62e9, 0x62e9, 0x62e9, 0x6b2a, 0x734a, 0x734a, 0x734a, 0x734a, 0x734a,
    0x734a, 0x734a, 0x734a, 0x736a, 0x734a, 0x734a, 0x6b2a, 0x5247, 0x4a27, 0x4a27, 0x4a47, 0x4a27,
    0x4a27, 0x4a27, 0x4a27, 0x4a27, 0x4a27, 0x4a27, 0x4a27, 0x4a27, 0x4a27, 0x4a27, 0x4a27, 0x4a27,
    0x4a27, 0x4a27, 0x4a47, 0x4a27, 0x4a27, 0x4a27, 0x4a27, 0x4a27, 0x4a27, 0x4a27, 0x4a27, 0x4a27,
    0x4a27, 0x4a27, 0x4a27, 0x4a27, 0x4a27, 0x4a27, 0x4a27, 0x4a27, 0x4a27, 0x4a27, 0x4a27, 0x4a27,
    0x4a27, 0x4a27, 0x4a27, 0x4a27, 0x4a27, 0x4a27, 0x4a27, 0x4a27, 0x4a27, 0x4a27, 0x4a27, 0x4a27,
    0x4a27, 0x5247, 0x6b2a, 0x6b2a, 0x6b2a, 0x6b2a, 0x738b, 0x7bab, 0x5267, 0x4a07, 0x4a27, 0x4a27,
    0x4a07, 0x4a07, 0x4a07, 0x4a07, 0x4a07, 0x4a07, 0x4a07, 0x4a07, 0x4a07, 0x4a07, 0x4a07, 0x4a07,
    0x4a07, 0x4a07, 0x4a07, 0x4a07, 0x4a07, 0x4a07, 0x4a07, 0x4a07, 0x4a07, 0x4a07, 0x4206, 0x39c4,
    0x5aa8, 0x5247, 0x41e6, 0x49e6, 0x49e6, 0x49e6, 0x49e6, 0x4a06, 0x4a06, 0x49e6, 0x49e6, 0x49e6,
    0x49e6, 0x49e6, 0x49e6, 0x4a06, 0x4a06, 0x4a06, 0x4a06, 0x4a06, 0x4a06, 0x4a06, 0x4a06, 0x4a06,
    0x49e6, 0x49e6, 0x49e6, 0x41e6, 0x49e6, 0x4a06, 0x4a06, 0x4a06, 0x4a06, 0x49e6, 0x49e6, 0x49e6,
    0x49e6, 0x4a06, 0x4a06, 0x49e6, 0x49e6, 0x4a06, 0x4a06, 0x4a06, 0x4a06, 0x4a07, 0x4a07, 0x62c9,
    0x6b0a, 0x6309, 0x5a88, 0x4a27, 0x49e6, 0x4a06, 0x4a07, 0x4a07, 0x4a06, 0x4a06, 0x4a06, 0x4a06,
    0x4a06, 0x4a07, 0x4a06, 0x4a07, 0x4a07, 0x5268, 0x62e9, 0x62e9, 0x62e9, 0x62e9, 0x62e9, 0x62e9,
    0x62e9, 0x62e9, 0x62e9, 0x62e9, 0x62e9, 0x62e9, 0x62e9, 0x62e9, 0x5267, 0x41c5, 0x5a88, 0x62e9,
    0x62e9, 0x62e9, 0x62e9, 0x62e9, 0x62e9, 0x62e9, 0x62c9, 0x62e9, 0x62e9, 0x62e9, 0x62c9, 0x62c9,
    0x62c9, 0x62e9, 0x62e9, 0x62e9, 0x62e9, 0x62e9, 0x734a, 0x734a, 0x62e9, 0x5a88, 0x5247, 0x4a27,
    0x4a07, 0x4a07, 0x4a07, 0x4a07, 0x4a07, 0x4a07, 0x4a07, 0x4a07, 0x4a07, 0x4a07, 0x4a07, 0x4a07,
    0x4a27, 0x4a27, 0x4a07, 0x4a07, 0x4a07, 0x4a27, 0x4a27, 0x4a27, 0x4a27, 0x4a27, 0x4a27, 0x5aa8,
    0x62c8, 0x62c8, 0x62c8, 0x62c9, 0x62e9, 0x6b2a, 0x734a, 0x734a, 0x734a, 0x734a, 0x734a, 0x734a,
    0x734a, 0x734a, 0x734a, 0x734a, 0x734a, 0x734a, 0x6b2a, 0x5247, 0x4a27, 0x4a27, 0x4a27, 0x4a27,
    0x4a27, 0x4a27, 0x4a27, 0x4a27, 0x4a27, 0x4a27, 0x4a27, 0x4a27, 0x4a27, 0x4a27, 0x4a27, 0x4a26,
    0x4a27, 0x4a27, 0x4a27, 0x4a27, 0x4a27, 0x4a27, 0x4a27, 0x4a27, 0x4a27, 0x4a27, 0x4a27, 0x4a27,
    0x4a27, 0x4a27, 0x4a27, 0x4a27, 0x4a27, 0x4a26, 0x4a27, 0x4a27, 0x4a27, 0x4a27, 0x4a27, 0x4a27,
    0x4a27, 0x4a27, 0x4a27, 0x4a27, 0x4a27, 0x4a26, 0x4a27, 0x4a27, 0x4a27, 0x4a27, 0x4a27, 0x4a27,
    0x4a27, 0x4a27, 0x6309, 0x6b2a, 0x6b2a, 0x6b2a, 0x738a, 0x7bcb, 0x6b2a, 0x5268, 0x4a07, 0x4a27,
    0x4a27, 0x4a27, 0x4a07, 0x4a07, 0x4a07, 0x4a07, 0x4a07, 0x4a07, 0x4a07, 0x4a07, 0x4a07, 0x4a07,
    0x4a07, 0x4a07, 0x4a07, 0x4a07, 0x4a06, 0x4a07, 0x4a07, 0x4a07, 0x4a07, 0x4a07, 0x41e6, 0x39c4,
    0x5aa8, 0x5247, 0x41e6, 0x41e6, 0x49e6, 0x49e6, 0x4a06, 0x4a06, 0x4a06, 0x4a06, 0x4a06, 0x4a06,
    0x4a06, 0x4a06, 0x49e6, 0x49e6, 0x41e6, 0x49e6, 0x49e6, 0x49e6, 0x41e6, 0x41e6, 0x49e6, 0x49e6,
    0x49e6, 0x49e6, 0x49e6, 0x41e6, 0x41e6, 0x41e6, 0x49e6, 0x49e6, 0x4a06, 0x49e6, 0x4a06, 0x49e6,
    0x4a06, 0x4a06, 0x4a06, 0x4a06, 0x4a06, 0x4a06, 0x4a06, 0x4a07, 0x4a07, 0x4a27, 0x5247, 0x62e9,
    0x62e9, 0x5aa9, 0x4a27, 0x4a06, 0x4a06, 0x4a06, 0x4a06, 0x4a06, 0x4a06, 0x4a06, 0x49e7, 0x4a06,
    0x4a06, 0x4a06, 0x4a06, 0x4a07, 0x4a06, 0x5268, 0x62c9, 0x62e9, 0x62c9, 0x62e9, 0x62e9, 0x62e9,
    0x62c9, 0x62c9, 0x62c9, 0x62c9, 0x62c9, 0x62c9, 0x62c9, 0x62c9, 0x5a88, 0x41c5, 0x5a88, 0x62c9,
    0x62c9, 0x62c9, 0x62c9, 0x62c9, 0x62c9, 0x62c9, 0x62c9, 0x62c9, 0x62c9, 0x62c9, 0x62c9, 0x62c9,
    0x62c9, 0x62c9, 0x62c9, 0x62c9, 0x62e9, 0x62e9, 0x734a, 0x6b29, 0x5aa8, 0x4a07, 0x4a07, 0x4a07,
    0x4a07, 0x4a07, 0x4a07, 0x4a07, 0x4a07, 0x4a07, 0x4a07, 0x4a07, 0x4a07, 0x4a07, 0x4a07, 0x4a07,
    0x4a07, 0x4a07, 0x4a07, 0x4a07, 0x4a07, 0x4a07, 0x4a07, 0x4a07, 0x4a27, 0x4a27, 0x4a27, 0x5a88,
    0x62c8, 0x62c8, 0x5ac8, 0x5ac8, 0x62e9, 0x734a, 0x734a, 0x734a, 0x734a, 0x734a, 0x734a, 0x734a,
    0x734a, 0x734a, 0x734a, 0x734a, 0x734a, 0x734a, 0x6b09, 0x4a47, 0x4a07, 0x4a07, 0x4a27, 0x4a07,
    0x4a07, 0x4a07, 0x4a07, 0x4a07, 0x4a07, 0x4a07, 0x4a07, 0x4a07, 0x4a07, 0x4a07, 0x4a07, 0x4a07,
    0x4a07, 0x4a07, 0x4a27, 0x4a07, 0x4a07, 0x4a07, 0x4a07, 0x4a27, 0x4a27, 0x4a27, 0x4a07, 0x4a27,
    0x4a27, 0x4a07, 0x4a07, 0x4a27, 0x4a27, 0x4a27, 0x4a27, 0x4a27, 0x4a07, 0x4a27, 0x4a27, 0x4a27,
    0x4a27, 0x4a07, 0x4a07, 0x4a07, 0x4a07, 0x4a07, 0x4a07, 0x4a07, 0x4a07, 0x4a07, 0x4a07, 0x4a07,
    0x4a07, 0x4a06, 0x62c9, 0x6b0a, 0x6b2a, 0x6b2a, 0x738a, 0x83eb, 0x7b8b, 0x5aa8, 0x4a07, 0x4a07,
    0x4a07, 0x4a07, 0x4a07, 0x4a07, 0x4a07, 0x4a07, 0x4a07, 0x4a07, 0x4a07, 0x4a06, 0x4a06, 0x4a06,
    0x4a07, 0x4a06, 0x4a07, 0x4a06, 0x4a06, 0x4a06, 0x4a06, 0x4a06, 0x4a06, 0x4a07, 0x41e6, 0x31a4,
    0x4a47, 0x5247, 0x4a27, 0x4a06, 0x49e6, 0x49e6, 0x4a06, 0x49e7, 0x49e7, 0x4a06, 0x4a06, 0x4a06,
    0x4a06, 0x49e6, 0x4a06, 0x4a06, 0x41e6, 0x41e6, 0x41e6, 0x49e6, 0x49e6, 0x49e6, 0x49e6, 0x49e6,
    0x49e6, 0x49e6, 0x49e6, 0x49e6, 0x49e6, 0x49e6, 0x4a06, 0x4a06, 0x4a06, 0x49e6, 0x49e6, 0x49e6,
    0x49e6, 0x4a06, 0x4a06, 0x4a06, 0x4a06, 0x4a06, 0x4a06, 0x4a06, 0x4a06, 0x5247, 0x62e9, 0x6309,
    0x5aa9, 0x4a27, 0x4a06, 0x4a06, 0x4a06, 0x4a06, 0x4a06, 0x4a07, 0x4a06, 0x4a06, 0x4a06, 0x4a06,
    0x4a06, 0x49e6, 0x4a06, 0x49e7, 0x4a06, 0x5268, 0x62e9, 0x62e9, 0x62c9, 0x62c9, 0x62c9, 0x62c9,
    0x62c9, 0x62c9, 0x62c9, 0x62c9, 0x62c9, 0x62c9, 0x62e9, 0x62e9, 0x5aa9, 0x41e6, 0x5a68, 0x62c9,
    0x62c9, 0x62c9, 0x62c9, 0x62c9, 0x62c9, 0x62c9, 0x62c9, 0x62c9, 0x62c9, 0x62c9, 0x62c9, 0x62c9,
    0x62c9, 0x62c9, 0x62c9, 0x62c9, 0x62c9, 0x62e9, 0x734a, 0x6b2a, 0x5aa8, 0x4a27, 0x49e6, 0x4a07,
    0x4a07, 0x4a07, 0x4a07, 0x4a07, 0x4a07, 0x4a07, 0x4a07, 0x4a07, 0x4a07, 0x4a07, 0x4a07, 0x4a07,
    0x4a07, 0x4a07, 0x4a07, 0x4a07, 0x4a07, 0x4a07, 0x4a07, 0x4a07, 0x4a27, 0x4a27, 0x4a07, 0x5a88,
    0x5aa8, 0x5aa8, 0x62a8, 0x62a9, 0x62c9, 0x734a, 0x734a, 0x734a, 0x734a, 0x7349, 0x6b4a, 0x734a,
    0x734a, 0x6b4a, 0x734a, 0x6b4a, 0x734a, 0x6b2a, 0x6b0a, 0x4a27, 0x4a07, 0x4a07, 0x4a07, 0x4a07,
    0x4a27, 0x4a07, 0x4a07, 0x4a07, 0x4a07, 0x4a07, 0x4a07, 0x4a07, 0x4a07, 0x4a07, 0x4a07, 0x4a07,
    0x4a27, 0x4a27, 0x4a07, 0x4a07, 0x4a07, 0x4a07, 0x4a07, 0x4a07, 0x4a07, 0x4a07, 0x4a07, 0x4a07,
    0x4a07, 0x4a07, 0x4a07, 0x4a07, 0x4a07, 0x4a07, 0x4a07, 0x4a07, 0x4a07, 0x4a07, 0x4a07, 0x4a07,
    0x4a07, 0x4a07, 0x4a07, 0x4a07, 0x4a07, 0x4a07, 0x4a07, 0x4a07, 0x4a07, 0x4a27, 0x4a07, 0x4a06,
    0x4a06, 0x4a06, 0x5aa8, 0x6b09, 0x6b2a, 0x6b2a, 0x738b, 0x83ec, 0x738b, 0x5a88, 0x4a07, 0x4a07,
    0x4a07, 0x4a07, 0x4a07, 0x4a07, 0x4a07, 0x4a07, 0x4a07, 0x4a07, 0x4a07, 0x4a07, 0x4a06, 0x4a07,
    0x4a07, 0x4a07, 0x4a07, 0x4a07, 0x4a07, 0x4a06, 0x4a07, 0x4a07, 0x4a06, 0x4a07, 0x4206, 0x3183,
    0x3183, 0x5267, 0x5a88, 0x4a07, 0x49e6, 0x49e6, 0x49e6, 0x49e6, 0x4a07, 0x4a07, 0x4a07, 0x4a07,
    0x4a07, 0x4a06, 0x4a06, 0x4a06, 0x49e6, 0x49e6, 0x49e6, 0x49e6, 0x49e6, 0x49e6, 0x49e6, 0x49e6,
};

static const Fuchey::SpriteAnim PassDesign = {
    PassDesign_data, 240, 240, 1, 10, true,
};
