#pragma once
// Auto-generated by scripts/convert_sprite.py from 'Frame by frame+spritesheet/Y project.png'.
// 96x96 x12 frames, 221184 bytes RGB565. Do not hand-edit.
#include <cstdint>
#include "SpritePlayer.hpp"

static const uint16_t YetiAnim_data[] = {
    0xf81f, 0xf81f, 0xf81f, 0xf81f, 0xf81f, 0xf81f, 0xf81f, 0xf81f, 0xf81f, 0xf81f, 0xf81f, 0xf81f,
    0xf81f, 0xf81f, 0xf81f, 0xf81f, 0xf81f, 0xf81f, 0xf81f, 0xf81f, 0xf81f, 0xf81f, 0xf81f, 0xf81f,
    0xf81f, 0xf81f, 0xf81f, 0xf81f, 0xf81f, 0xf81f, 0xf81f, 0xf81f, 0xf81f, 0xf81f, 0xf81f, 0xf81f,
    0x0000, 0x0000, 0x0000, 0x0000, 0x0000, 0x0000, 0x0000, 0x0000, 0x0000, 0x0000, 0x0000, 0x0000,
    0x0000, 0xf81f, 0xf81f, 0xf81f, 0xf81f, 0xf81f, 0xf81f, 0xf81f, 0xf81f, 0xf81f, 0xf81f, 0xf81f,
    0xf81f, 0xf81f, 0xf81f, 0xf81f, 0xf81f, 0xf81f, 0xf81f, 0xf81f, 0xf81f, 0xf81f, 0xf81f, 0xf81f,
    0xf81f, 0xf81f, 0xf81f, 0xf81f, 0xf81f, 0xf81f, 0xf81f, 0xf81f, 0xf81f, 0xf81f, 0xf81f, 0xf81f,
    0xf81f, 0xf81f, 0xf81f, 0xf81f, 0xf81f, 0xf81f, 0xf81f, 0xf81f, 0xf81f, 0xf81f, 0xf81f, 0xf81f,
    0xf81f, 0xf81f, 0xf81f, 0xf81f, 0xf81f, 0xf81f, 0xf81f, 0xf81f, 0xf81f, 0xf81f, 0xf81f, 0xf81f,
    0xf81f, 0xf81f, 0xf81f, 0xf81f, 0xf81f, 0xf81f, 0xf81f, 0xf81f, 0xf81f, 0xf81f, 0xf81f, 0xf81f,
    0xf81f, 0xf81f, 0xf81f, 0xf81f, 0xf81f, 0xf81f, 0xf81f, 0xf81f, 0x0000, 0x0000, 0x0000, 0x0000,
    0xffff, 0xffff, 0xffff, 0xffff, 0xffff, 0xffff, 0xffff, 0xffff, 0xffff, 0xffff, 0xffff, 0xffff,
    0x0000, 0x0000, 0x0000, 0x0000, 0x0000, 0x0000, 0x0000, 0xf81f, 0xf81f, 0xf81f, 0xf81f, 0xf81f,
    0xf81f, 0xf81f, 0xf81f, 0xf81f, 0xf81f, 0xf81f, 0xf81f, 0xf81f, 0xf81f, 0xf81f, 0xf81f, 0xf81f,
    0xf81f, 0xf81f, 0xf81f, 0xf81f, 0xf81f, 0xf81f, 0xf81f, 0xf81f, 0xf81f, 0xf81f, 0xf81f, 0xf81f,
    0xf81f, 0xf81f, 0xf81f, 0xf81f, 0xf81f, 0xf81f, 0xf81f, 0xf81f, 0xf81f, 0xf81f, 0xf81f, 0xf81f,
    0xf81f, 0xf81f, 0xf81f, 0xf81f, 0xf81f, 0xf81f, 0xf81f, 0xf81f, 0xf81f, 0xf81f, 0xf81f, 0xf81f,
    0xf81f, 0xf81f, 0xf81f, 0xf81f, 0xf81f, 0xf81f, 0xf81f, 0xf81f, 0xf81f, 0xf81f, 0xf81f, 0xf81f,
    0xf81f, 0xf81f, 0xf81f, 0xf81f, 0xf81f, 0xf81f, 0xf81f, 0x0000, 0x0000, 0xffff, 0xffff, 0xffff,
    0xffff, 0xffff, 0xffff, 0xffff, 0xffff, 0xffff, 0xffff, 0xffff, 0xffff, 0xffff, 0xffff, 0xffff,
    0xffff, 0x8e19, 0x8e19, 0x8e19, 0xffff, 0xffff, 0x0000, 0x0000, 0xf81f, 0xf81f, 0xf81f, 0xf81f,
    0xf81f, 0xf81f, 0xf81f, 0xf81f, 0xf81f, 0xf81f, 0xf81f, 0xf81f, 0xf81f, 0xf81f, 0xf81f, 0xf81f,
    0xf81f, 0xf81f, 0xf81f, 0xf81f, 0xf81f, 0xf81f, 0xf81f, 0xf81f, 0xf81f, 0xf81f, 0xf81f, 0xf81f,
    0xf81f, 0xf81f, 0xf81f, 0xf81f, 0xf81f, 0xf81f, 0xf81f, 0xf81f, 0xf81f, 0xf81f, 0xf81f, 0xf81f,
    0xf81f, 0xf81f, 0xf81f, 0xf81f, 0xf81f, 0xf81f, 0xf81f, 0xf81f, 0xf81f, 0xf81f, 0xf81f, 0xf81f,
    0xf81f, 0xf81f, 0xf81f, 0xf81f, 0xf81f, 0xf81f, 0xf81f, 0xf81f, 0xf81f, 0xf81f, 0xf81f, 0xf81f,
    0xf81f, 0xf81f, 0xf81f, 0xf81f, 0xf81f, 0xf81f, 0x0000, 0x0000, 0xffff, 0xffff, 0xffff, 0xffff,
    0xffff, 0xffff, 0xffff, 0xffff, 0xffff, 0xffff, 0xffff, 0xffff, 0xffff, 0xffff, 0xffff, 0xffff,
    0xffff, 0x8e19, 0x8e19, 0x8e19, 0x8e19, 0x8e19, 0xffff, 0xffff, 0x0000, 0xf81f, 0xf81f, 0xf81f,
    0xf81f, 0xf81f, 0xf81f, 0xf81f, 0xf81f, 0xf81f, 0xf81f, 0xf81f, 0xf81f, 0xf81f, 0xf81f, 0xf81f,
    0xf81f, 0xf81f, 0xf81f, 0xf81f, 0xf81f, 0xf81f, 0xf81f, 0xf81f, 0xf81f, 0xf81f, 0xf81f, 0xf81f,
    0xf81f, 0xf81f, 0xf81f, 0xf81f, 0xf81f, 0xf81f, 0xf81f, 0xf81f, 0xf81f, 0xf81f, 0xf81f, 0xf81f,
    0xf81f, 0xf81f, 0xf81f, 0xf81f, 0xf81f, 0xf81f, 0xf81f, 0xf81f, 0xf81f, 0xf81f, 0xf81f, 0xf81f,
    0xf81f, 0xf81f, 0xf81f, 0xf81f, 0xf81f, 0xf81f, 0xf81f, 0xf81f, 0xf81f, 0xf81f, 0xf81f, 0xf81f,
    0xf81f, 0xf81f, 0xf81f, 0xf81f, 0xf81f, 0xf81f, 0x0000, 0xffff, 0xffff, 0xffff, 0xffff, 0xffff,
    0xffff, 0xffff, 0xffff, 0xffff, 0xffff, 0xffff, 0xffff, 0xffff, 0xffff, 0xffff, 0xffff, 0xffff,
    0xffff, 0x8e19, 0x8e19, 0x8e19, 0x8e19, 0xffff, 0xffff, 0xffff, 0xffff, 0x0000, 0x0000, 0xf81f,
    0xf81f, 0xf81f, 0xf81f, 0xf81f, 0xf81f, 0xf81f, 0xf81f, 0xf81f, 0xf81f, 0xf81f, 0xf81f, 0xf81f,
    0xf81f, 0xf81f, 0xf81f, 0xf81f, 0xf81f, 0xf81f, 0xf81f, 0xf81f, 0xf81f, 0xf81f, 0xf81f, 0xf81f,
    0xf81f, 0xf81f, 0xf81f, 0xf81f, 0xf81f, 0xf81f, 0xf81f, 0xf81f, 0xf81f, 0xf81f, 0xf81f, 0xf81f,
    0xf81f, 0xf81f, 0xf81f, 0xf81f, 0xf81f, 0xf81f, 0xf81f, 0xf81f, 0xf81f, 0xf81f, 0xf81f, 0xf81f,
    0xf81f, 0xf81f, 0xf81f, 0xf81f, 0xf81f, 0xf81f, 0xf81f, 0xf81f, 0xf81f, 0xf81f, 0xf81f, 0xf81f,
    0xf81f, 0xf81f, 0xf81f, 0xf81f, 0xf81f, 0x0000, 0x0000, 0xffff, 0xffff, 0xffff, 0xffff, 0xffff,
    0xffff, 0xffff, 0xffff, 0xffff, 0xffff, 0xffff, 0xffff, 0xffff, 0xffff, 0xffff, 0xffff, 0xffff,
    0xffff, 0xffff, 0xffff, 0xffff, 0xffff, 0xffff, 0xffff, 0xffff, 0xffff, 0xffff, 0x0000, 0xf81f,
    0xf81f, 0xf81f, 0xf81f, 0xf81f, 0xf81f, 0xf81f, 0xf81f, 0xf81f, 0xf81f, 0xf81f, 0xf81f, 0xf81f,
    0xf81f, 0xf81f, 0xf81f, 0xf81f, 0xf81f, 0xf81f, 0xf81f, 0xf81f, 0xf81f, 0xf81f, 0xf81f, 0xf81f,
    0xf81f, 0xf81f, 0xf81f, 0xf81f, 0xf81f, 0xf81f, 0xf81f, 0xf81f, 0xf81f, 0xf81f, 0xf81f, 0xf81f,
    0xf81f, 0xf81f, 0xf81f, 0xf81f, 0xf81f, 0xf81f, 0xf81f, 0xf81f, 0xf81f, 0xf81f, 0xf81f, 0xf81f,
    0xf81f, 0xf81f, 0xf81f, 0xf81f, 0xf81f, 0xf81f, 0xf81f, 0xf81f, 0xf81f, 0xf81f, 0xf81f, 0xf81f,
    0xf81f, 0xf81f, 0xf81f, 0xf81f, 0x0000, 0x0000, 0xffff, 0xffff, 0xffff, 0xffff, 0x8e19, 0x8e19,
    0x8e19, 0x8e19, 0x8e19, 0x8e19, 0x8e19, 0xffff, 0xffff, 0xffff, 0x8e19, 0x8e19, 0x8e19, 0x8e19,
    0x8e19, 0x8e19, 0xffff, 0xffff, 0xffff, 0xffff, 0xffff, 0xffff, 0xffff, 0xffff, 0x0000, 0x0000,
    0xf81f, 0xf81f, 0xf81f, 0xf81f, 0xf81f, 0xf81f, 0xf81f, 0xf81f, 0xf81f, 0xf81f, 0xf81f, 0xf81f,
    0xf81f, 0xf81f, 0xf81f, 0xf81f, 0xf81f, 0xf81f, 0xf81f, 0xf81f, 0xf81f, 0xf81f, 0xf81f, 0xf81f,
    0xf81f, 0xf81f, 0xf81f, 0xf81f, 0xf81f, 0xf81f, 0xf81f, 0xf81f, 0xf81f, 0xf81f, 0xf81f, 0xf81f,
    0xf81f, 0xf81f, 0xf81f, 0xf81f, 0xf81f, 0xf81f, 0xf81f, 0xf81f, 0xf81f, 0xf81f, 0xf81f, 0xf81f,
    0xf81f, 0xf81f, 0xf81f, 0xf81f, 0xf81f, 0xf81f, 0xf81f, 0xf81f, 0xf81f, 0xf81f, 0xf81f, 0xf81f,
    0xf81f, 0xf81f, 0xf81f, 0xf81f, 0x0000, 0xffff, 0xffff, 0xffff, 0xffff, 0x8e19, 0x0000, 0x0000,
    0x0000, 0x0000, 0x0000, 0x0000, 0x0000, 0x8e19, 0xffff, 0x8e19, 0x8e19, 0x0000, 0x0000, 0x0000,
    0x0000, 0x0000, 0x0000, 0x0000, 0xffff, 0xffff, 0xffff, 0xffff, 0xffff, 0xffff, 0xffff, 0x0000,
    0x0000, 0xf81f, 0xf81f, 0xf81f, 0xf81f, 0xf81f, 0xf81f, 0xf81f, 0xf81f, 0xf81f, 0xf81f, 0xf81f,
    0xf81f, 0xf81f, 0xf81f, 0xf81f, 0xf81f, 0xf81f, 0xf81f, 0xf81f, 0xf81f, 0xf81f, 0xf81f, 0xf81f,
    0xf81f, 0xf81f, 0xf81f, 0xf81f, 0xf81f, 0xf81f, 0xf81f, 0xf81f, 0xf81f, 0xf81f, 0xf81f, 0xf81f,
    0xf81f, 0xf81f, 0xf81f, 0xf81f, 0xf81f, 0xf81f, 0xf81f, 0xf81f, 0xf81f, 0xf81f, 0xf81f, 0xf81f,
    0xf81f, 0xf81f, 0xf81f, 0xf81f, 0xf81f, 0xf81f, 0xf81f, 0xf81f, 0xf81f, 0xf81f, 0xf81f, 0xf81f,
    0xf81f, 0xf81f, 0x0000, 0x0000, 0x0000, 0xffff, 0xffff, 0xffff, 0xffff, 0x0000, 0x0000, 0x2b10,
    0x2b10, 0x2b10, 0x2b10, 0x2b10, 0x0000, 0x8e19, 0x8e19, 0x8e19, 0x0000, 0x0000, 0x2b10, 0x2b10,
    0x2b10, 0x2b10, 0x2b10, 0x2b10, 0x0000, 0x0000, 0xffff, 0xffff, 0xffff, 0xffff, 0xffff, 0x8e19,
    0x0000, 0xf81f, 0xf81f, 0xf81f, 0xf81f, 0xf81f, 0xf81f, 0xf81f, 0xf81f, 0xf81f, 0xf81f, 0xf81f,
    0xf81f, 0xf81f, 0xf81f, 0xf81f, 0xf81f, 0xf81f, 0xf81f, 0xf81f, 0xf81f, 0xf81f, 0xf81f, 0xf81f,
    0xf81f, 0xf81f, 0xf81f, 0xf81f, 0xf81f, 0xf81f, 0xf81f, 0xf81f, 0xf81f, 0xf81f, 0xf81f, 0xf81f,
    0xf81f, 0xf81f, 0xf81f, 0xf81f, 0xf81f, 0xf81f, 0xf81f, 0xf81f, 0xf81f, 0xf81f, 0xf81f, 0xf81f,
    0xf81f, 0xf81f, 0xf81f, 0xf81f, 0xf81f, 0xf81f, 0xf81f, 0xf81f, 0xf81f, 0xf81f, 0xf81f, 0xf81f,
    0xf81f, 0xf81f, 0x0000, 0x0000, 0xffff, 0xffff, 0xffff, 0xffff, 0x0000, 0x0000, 0x2b10, 0xbe9c,
    0xbe9c, 0xbe9c, 0x4c56, 0x4c56, 0x2b10, 0x0000, 0x8e19, 0x8e19, 0x0000, 0x2b10, 0x4c56, 0x4c56,
    0xbe9c, 0xbe9c, 0xbe9c, 0xbe9c, 0x2b10, 0x0000, 0x0000, 0xffff, 0xffff, 0xffff, 0xffff, 0x8e19,
    0x8e19, 0x0000, 0xf81f, 0xf81f, 0xf81f, 0xf81f, 0xf81f, 0xf81f, 0xf81f, 0xf81f, 0xf81f, 0xf81f,
    0xf81f, 0xf81f, 0xf81f, 0xf81f, 0xf81f, 0xf81f, 0xf81f, 0xf81f, 0xf81f, 0xf81f, 0xf81f, 0xf81f,
    0xf81f, 0xf81f, 0xf81f, 0xf81f, 0xf81f, 0xf81f, 0xf81f, 0xf81f, 0xf81f, 0xf81f, 0xf81f, 0xf81f,
    0xf81f, 0xf81f, 0xf81f, 0xf81f, 0xf81f, 0xf81f, 0xf81f, 0xf81f, 0xf81f, 0xf81f, 0xf81f, 0xf81f,
    0xf81f, 0xf81f, 0xf81f, 0xf81f, 0xf81f, 0xf81f, 0xf81f, 0xf81f, 0xf81f, 0xf81f, 0xf81f, 0xf81f,
    0xf81f, 0xf81f, 0x0000, 0x8e19, 0xffff, 0xffff, 0xffff, 0xffff, 0x0000, 0x2b10, 0x2b10, 0xbe9c,
    0xbe9c, 0x4c56, 0x4c56, 0x4c56, 0x2b10, 0x2b10, 0x0000, 0x0000, 0x0000, 0x2b10, 0x4c56, 0x4c56,
    0x4c56, 0xbe9c, 0xbe9c, 0xbe9c, 0x2b10, 0x2b10, 0x0000, 0xffff, 0xffff, 0xffff, 0xffff, 0x8e19,
    0x8e19, 0x0000, 0x0000, 0xf81f, 0xf81f, 0xf81f, 0xf81f, 0xf81f, 0xf81f, 0xf81f, 0xf81f, 0xf81f,
    0xf81f, 0xf81f, 0xf81f, 0xf81f, 0xf81f, 0xf81f, 0xf81f, 0xf81f, 0xf81f, 0xf81f, 0xf81f, 0xf81f,
    0xf81f, 0xf81f, 0xf81f, 0xf81f, 0xf81f, 0xf81f, 0xf81f, 0xf81f, 0xf81f, 0xf81f, 0xf81f, 0xf81f,
    0xf81f, 0xf81f, 0xf81f, 0xf81f, 0xf81f, 0xf81f, 0xf81f, 0xf81f, 0xf81f, 0xf81f, 0xf81f, 0xf81f,
    0xf81f, 0xf81f, 0xf81f, 0xf81f, 0xf81f, 0xf81f, 0xf81f, 0xf81f, 0xf81f, 0xf81f, 0xf81f, 0xf81f,
    0xf81f, 0xf81f, 0x0000, 0x8e19, 0xffff, 0xffff, 0xffff, 0xffff, 0x0000, 0x2b10, 0x2b10, 0x2b10,
    0x2b10, 0x2b10, 0x2b10, 0x2b10, 0x2b10, 0x2b10, 0x2b10, 0x2b10, 0x2b10, 0x2b10, 0x2b10, 0x2b10,
    0x2b10, 0x2b10, 0x2b10, 0x2b10, 0x2b10, 0x2b10, 0x2b10, 0x0000, 0xffff, 0xffff, 0xffff, 0x8e19,
    0x8e19, 0xbe9c, 0x0000, 0xf81f, 0xf81f, 0xf81f, 0xf81f, 0xf81f, 0xf81f, 0xf81f, 0xf81f, 0xf81f,
    0xf81f, 0xf81f, 0xf81f, 0xf81f, 0xf81f, 0xf81f, 0xf81f, 0xf81f, 0xf81f, 0xf81f, 0xf81f, 0xf81f,
    0xf81f, 0xf81f, 0xf81f, 0xf81f, 0xf81f, 0xf81f, 0xf81f, 0xf81f, 0xf81f, 0xf81f, 0xf81f, 0xf81f,
    0xf81f, 0xf81f, 0xf81f, 0xf81f, 0xf81f, 0xf81f, 0xf81f, 0xf81f, 0xf81f, 0xf81f, 0xf81f, 0xf81f,
    0xf81f, 0xf81f, 0xf81f, 0xf81f, 0xf81f, 0xf81f, 0xf81f, 0xf81f, 0xf81f, 0xf81f, 0xf81f, 0x0000,
    0x0000, 0x0000, 0x0000, 0x8e19, 0xffff, 0xffff, 0xffff, 0xffff, 0x0000, 0x2b10, 0x2b10, 0x0000,
    0x0000, 0x0000, 0x0000, 0x0000, 0x2b10, 0x2b10, 0x2b10, 0x2b10, 0x2b10, 0x2b10, 0x2b10, 0x2b10,
    0x0000, 0x0000, 0x0000, 0x0000, 0x0000, 0x2b10, 0x2b10, 0x0000, 0xffff, 0xffff, 0xffff, 0x8e19,
    0x8e19, 0xbe9c, 0x0000, 0x0000, 0x0000, 0x0000, 0xf81f, 0xf81f, 0xf81f, 0xf81f, 0xf81f, 0xf81f,
    0xf81f, 0xf81f, 0xf81f, 0xf81f, 0xf81f, 0xf81f, 0xf81f, 0xf81f, 0xf81f, 0xf81f, 0xf81f, 0xf81f,
    0xf81f, 0xf81f, 0xf81f, 0xf81f, 0xf81f, 0xf81f, 0xf81f, 0xf81f, 0xf81f, 0xf81f, 0xf81f, 0xf81f,
    0xf81f, 0xf81f, 0xf81f, 0xf81f, 0xf81f, 0xf81f, 0xf81f, 0xf81f, 0xf81f, 0xf81f, 0xf81f, 0xf81f,
    0xf81f, 0xf81f, 0xf81f, 0xf81f, 0xf81f, 0xf81f, 0xf81f, 0xf81f, 0xf81f, 0xf81f, 0xf81f, 0x0000,
    0x4c56, 0x4c56, 0x0000, 0x8e19, 0xffff, 0xffff, 0xffff, 0xffff, 0x0000, 0x2b10, 0x2b10, 0x0000,
    0x0000, 0x0000, 0xffff, 0x0000, 0x2b10, 0x2b10, 0x2b10, 0x2b10, 0x2b10, 0x2b10, 0x2b10, 0x2b10,
    0x0000, 0x0000, 0xffff, 0x0000, 0x0000, 0x2b10, 0x2b10, 0x0000, 0xffff, 0xffff, 0xffff, 0x8e19,
    0xbe9c, 0xbe9c, 0x0000, 0x224c, 0x224c, 0x0000, 0xf81f, 0xf81f, 0xf81f, 0xf81f, 0xf81f, 0xf81f,
    0xf81f, 0xf81f, 0xf81f, 0xf81f, 0xf81f, 0xf81f, 0xf81f, 0xf81f, 0xf81f, 0xf81f, 0xf81f, 0xf81f,
    0xf81f, 0xf81f, 0xf81f, 0xf81f, 0xf81f, 0xf81f, 0xf81f, 0xf81f, 0xf81f, 0xf81f, 0xf81f, 0xf81f,
    0xf81f, 0xf81f, 0xf81f, 0xf81f, 0xf81f, 0xf81f, 0xf81f, 0xf81f, 0xf81f, 0xf81f, 0xf81f, 0xf81f,
    0xf81f, 0xf81f, 0xf81f, 0xf81f, 0xf81f, 0xf81f, 0xf81f, 0xf81f, 0xf81f, 0xf81f, 0xf81f, 0x0000,
    0x4c56, 0x4c56, 0x0000, 0x8e19, 0xffff, 0xffff, 0xffff, 0x0000, 0x0000, 0x2b10, 0x2b10, 0x2b10,
    0x08e5, 0xffff, 0xffff, 0x0000, 0x2b10, 0x2b10, 0x2b10, 0x4c56, 0x4c56, 0x2b10, 0x2b10, 0x2b10,
    0x08e5, 0xffff, 0xffff, 0x0000, 0x2b10, 0x2b10, 0x1168, 0x0000, 0xffff, 0xffff, 0xffff, 0x8e19,
    0xbe9c, 0xbe9c, 0x0000, 0x4c56, 0x4c56, 0x0000, 0xf81f, 0xf81f, 0xf81f, 0xf81f, 0xf81f, 0xf81f,
    0xf81f, 0xf81f, 0xf81f, 0xf81f, 0xf81f, 0xf81f, 0xf81f, 0xf81f, 0xf81f, 0xf81f, 0xf81f, 0xf81f,
    0xf81f, 0xf81f, 0xf81f, 0xf81f, 0xf81f, 0xf81f, 0xf81f, 0xf81f, 0xf81f, 0xf81f, 0xf81f, 0xf81f,
    0xf81f, 0xf81f, 0xf81f, 0xf81f, 0xf81f, 0xf81f, 0xf81f, 0xf81f, 0xf81f, 0xf81f, 0xf81f, 0xf81f,
    0xf81f, 0xf81f, 0xf81f, 0xf81f, 0xf81f, 0xf81f, 0xf81f, 0xf81f, 0xf81f, 0xf81f, 0xf81f, 0x0000,
    0x2b10, 0x4c56, 0x0000, 0xffff, 0xffff, 0xffff, 0x0000, 0x0000, 0x1168, 0x1168, 0x2b10, 0x2b10,
    0x08e5, 0x08e5, 0x08e5, 0x08e5, 0x2b10, 0x4c56, 0x4c56, 0x4c56, 0x4c56, 0x4c56, 0x2b10, 0x2b10,
    0x08e5, 0x08e5, 0x08e5, 0x08e5, 0x2b10, 0x2b10, 0x1168, 0x0000, 0x0000, 0xffff, 0xffff, 0xffff,
    0xbe9c, 0xbe9c, 0x0000, 0x4c56, 0x2b10, 0x0000, 0xf81f, 0xf81f, 0xf81f, 0xf81f, 0xf81f, 0xf81f,
    0xf81f, 0xf81f, 0xf81f, 0xf81f, 0xf81f, 0xf81f, 0xf81f, 0xf81f, 0xf81f, 0xf81f, 0xf81f, 0xf81f,
    0xf81f, 0xf81f, 0xf81f, 0xf81f, 0xf81f, 0xf81f, 0xf81f, 0xf81f, 0xf81f, 0xf81f, 0xf81f, 0xf81f,
    0xf81f, 0xf81f, 0xf81f, 0xf81f, 0xf81f, 0xf81f, 0xf81f, 0xf81f, 0xf81f, 0xf81f, 0xf81f, 0xf81f,
    0xf81f, 0xf81f, 0xf81f, 0xf81f, 0xf81f, 0xf81f, 0xf81f, 0xf81f, 0xf81f, 0xf81f, 0xf81f, 0x0000,
    0x2b10, 0x224c, 0x0000, 0xffff, 0x8e19, 0xffff, 0x0000, 0x1168, 0x1168, 0x1168, 0x2b10, 0x4c56,
    0x2b10, 0x2b10, 0x2b10, 0x2b10, 0x4c56, 0x4c56, 0x4c56, 0x4c56, 0x4c56, 0x4c56, 0x4c56, 0x2b10,
    0x2b10, 0x2b10, 0x2b10, 0x2b10, 0x2b10, 0x1168, 0x1168, 0x1168, 0x0000, 0xffff, 0xffff, 0xffff,
    0xbe9c, 0xbe9c, 0x0000, 0x4c56, 0x2b10, 0x0000, 0xf81f, 0xf81f, 0xf81f, 0xf81f, 0xf81f, 0xf81f,
    0xf81f, 0xf81f, 0xf81f, 0xf81f, 0xf81f, 0xf81f, 0xf81f, 0xf81f, 0xf81f, 0xf81f, 0xf81f, 0xf81f,
    0xf81f, 0xf81f, 0xf81f, 0xf81f, 0xf81f, 0xf81f, 0xf81f, 0xf81f, 0xf81f, 0xf81f, 0xf81f, 0xf81f,
    0xf81f, 0xf81f, 0xf81f, 0xf81f, 0xf81f, 0xf81f, 0xf81f, 0xf81f, 0xf81f, 0xf81f, 0xf81f, 0xf81f,
    0xf81f, 0xf81f, 0xf81f, 0xf81f, 0xf81f, 0xf81f, 0xf81f, 0xf81f, 0xf81f, 0xf81f, 0xf81f, 0x0000,
    0x2b10, 0x224c, 0x0000, 0xffff, 0x8e19, 0xffff, 0x0000, 0x1168, 0x1168, 0x4c56, 0x4c56, 0x2b10,
    0x2b10, 0x2b10, 0x2b10, 0x2b10, 0x2b10, 0x0000, 0x0000, 0x0000, 0x0000, 0x0000, 0x0000, 0x2b10,
    0x2b10, 0x2b10, 0x2b10, 0x2b10, 0x4c56, 0x4c56, 0x1168, 0x1168, 0x0000, 0xffff, 0xffff, 0xffff,
    0xbe9c, 0xbe9c, 0x0000, 0x4c56, 0x2b10, 0x0000, 0xf81f, 0xf81f, 0xf81f, 0xf81f, 0xf81f, 0xf81f,
    0xf81f, 0xf81f, 0xf81f, 0xf81f, 0xf81f, 0xf81f, 0xf81f, 0xf81f, 0xf81f, 0xf81f, 0xf81f, 0xf81f,
    0xf81f, 0xf81f, 0xf81f, 0xf81f, 0xf81f, 0xf81f, 0xf81f, 0xf81f, 0xf81f, 0xf81f, 0xf81f, 0xf81f,
    0xf81f, 0xf81f, 0xf81f, 0xf81f, 0xf81f, 0xf81f, 0xf81f, 0xf81f, 0xf81f, 0xf81f, 0xf81f, 0xf81f,
    0xf81f, 0xf81f, 0xf81f, 0xf81f, 0xf81f, 0xf81f, 0xf81f, 0xf81f, 0xf81f, 0xf81f, 0xf81f, 0x0000,
    0x2b10, 0x224c, 0x0000, 0x8e19, 0x8e19, 0xffff, 0x0000, 0x1168, 0x2b10, 0x2b10, 0x2b10, 0x2b10,
    0x2b10, 0x2b10, 0x2b10, 0x2b10, 0x2b10, 0x0000, 0x19ea, 0x19ea, 0x19ea, 0x2b10, 0x0000, 0x2b10,
    0x2b10, 0x2b10, 0x2b10, 0x2b10, 0x2b10, 0x2b10, 0x2b10, 0x1168, 0x0000, 0xffff, 0xffff, 0xffff,
    0xbe9c, 0xbe9c, 0x0000, 0x4c56, 0x2b10, 0x0000, 0xf81f, 0xf81f, 0xf81f, 0xf81f, 0xf81f, 0xf81f,
    0xf81f, 0xf81f, 0xf81f, 0xf81f, 0xf81f, 0xf81f, 0xf81f, 0xf81f, 0xf81f, 0xf81f, 0xf81f, 0xf81f,
    0xf81f, 0xf81f, 0xf81f, 0xf81f, 0xf81f, 0xf81f, 0xf81f, 0xf81f, 0xf81f, 0xf81f, 0xf81f, 0xf81f,
    0xf81f, 0xf81f, 0xf81f, 0xf81f, 0xf81f, 0xf81f, 0xf81f, 0xf81f, 0xf81f, 0xf81f, 0xf81f, 0xf81f,
    0xf81f, 0xf81f, 0xf81f, 0xf81f, 0xf81f, 0xf81f, 0xf81f, 0xf81f, 0xf81f, 0xf81f, 0xf81f, 0x0000,
    0x0000, 0x0000, 0x0000, 0x8e19, 0x8e19, 0xffff, 0x0000, 0x2b10, 0x2b10, 0x2b10, 0x2b10, 0x2b10,
    0x0000, 0x0000, 0x0000, 0x0000, 0x0000, 0x0000, 0x0000, 0x19ea, 0x2b10, 0x0000, 0x0000, 0x0000,
    0x2b10, 0x2b10, 0x2b10, 0x2b10, 0x2b10, 0x2b10, 0x2b10, 0x2b10, 0x0000, 0xffff, 0xffff, 0xffff,
    0xbe9c, 0xbe9c, 0x0000, 0x224c, 0x2b10, 0x0000, 0xf81f, 0xf81f, 0xf81f, 0xf81f, 0xf81f, 0xf81f,
    0xf81f, 0xf81f, 0xf81f, 0xf81f, 0xf81f, 0xf81f, 0xf81f, 0xf81f, 0xf81f, 0xf81f, 0xf81f, 0xf81f,
    0xf81f, 0xf81f, 0xf81f, 0xf81f, 0xf81f, 0xf81f, 0xf81f, 0xf81f, 0xf81f, 0xf81f, 0xf81f, 0xf81f,
    0xf81f, 0xf81f, 0xf81f, 0xf81f, 0xf81f, 0xf81f, 0xf81f, 0xf81f, 0xf81f, 0xf81f, 0xf81f, 0xf81f,
    0xf81f, 0xf81f, 0xf81f, 0xf81f, 0xf81f, 0xf81f, 0xf81f, 0xf81f, 0xf81f, 0xf81f, 0xf81f, 0xf81f,
    0xf81f, 0x0000, 0x0000, 0x8e19, 0x8e19, 0xffff, 0x0000, 0x2b10, 0x2b10, 0x2b10, 0x2b10, 0x0000,
    0x0000, 0xffff, 0xffff, 0xffff, 0xffff, 0xffff, 0xffff, 0x0000, 0x0000, 0xffff, 0xffff, 0x0000,
    0x0000, 0x0000, 0x0000, 0x0000, 0x2b10, 0x2b10, 0x2b10, 0x0000, 0x0000, 0xffff, 0xffff, 0xffff,
    0xbe9c, 0xbe9c, 0x0000, 0x0000, 0x0000, 0x0000, 0xf81f, 0xf81f, 0xf81f, 0xf81f, 0xf81f, 0xf81f,
    0xf81f, 0xf81f, 0xf81f, 0xf81f, 0xf81f, 0xf81f, 0xf81f, 0xf81f, 0xf81f, 0xf81f, 0xf81f, 0xf81f,
    0xf81f, 0xf81f, 0xf81f, 0xf81f, 0xf81f, 0xf81f, 0xf81f, 0xf81f, 0xf81f, 0xf81f, 0xf81f, 0xf81f,
    0xf81f, 0xf81f, 0xf81f, 0xf81f, 0xf81f, 0xf81f, 0xf81f, 0xf81f, 0xf81f, 0xf81f, 0xf81f, 0xf81f,
    0xf81f, 0xf81f, 0xf81f, 0xf81f, 0xf81f, 0xf81f, 0xf81f, 0xf81f, 0xf81f, 0xf81f, 0xf81f, 0xf81f,
    0xf81f, 0x0000, 0x0000, 0x8e19, 0xffff, 0xffff, 0x0000, 0x0000, 0x0000, 0x2b10, 0x0000, 0x0000,
    0xffff, 0xffff, 0xffff, 0xffff, 0xffff, 0xffff, 0xffff, 0x0000, 0x6db8, 0x6db8, 0xffff, 0xffff,
    0xbe9c, 0xbe9c, 0xbe9c, 0x0000, 0x0000, 0x0000, 0x2b10, 0x0000, 0xffff, 0xffff, 0xffff, 0xffff,
    0xbe9c, 0xffff, 0x0000, 0xf81f, 0xf81f, 0xf81f, 0xf81f, 0xf81f, 0xf81f, 0xf81f, 0xf81f, 0xf81f,
    0xf81f, 0xf81f, 0xf81f, 0xf81f, 0xf81f, 0xf81f, 0xf81f, 0xf81f, 0xf81f, 0xf81f, 0xf81f, 0xf81f,
    0xf81f, 0xf81f, 0xf81f, 0xf81f, 0xf81f, 0xf81f, 0xf81f, 0xf81f, 0xf81f, 0xf81f, 0xf81f, 0xf81f,
    0xf81f, 0xf81f, 0xf81f, 0xf81f, 0xf81f, 0xf81f, 0xf81f, 0xf81f, 0xf81f, 0xf81f, 0xf81f, 0xf81f,
    0xf81f, 0xf81f, 0xf81f, 0xf81f, 0xf81f, 0xf81f, 0xf81f, 0xf81f, 0xf81f, 0xf81f, 0xf81f, 0xf81f,
    0xf81f, 0xf81f, 0x0000, 0xffff, 0xffff, 0xffff, 0xffff, 0xffff, 0x0000, 0x0000, 0x0000, 0xffff,
    0xffff, 0xffff, 0xffff, 0xffff, 0xffff, 0x0000, 0x0000, 0x0000, 0x0000, 0x6db8, 0xffff, 0xffff,
    0xbe9c, 0xbe9c, 0xbe9c, 0xbe9c, 0xbe9c, 0x0000, 0x0000, 0xffff, 0xffff, 0xffff, 0xffff, 0xbe9c,
    0xffff, 0xffff, 0x0000, 0xf81f, 0xf81f, 0xf81f, 0xf81f, 0xf81f, 0xf81f, 0xf81f, 0xf81f, 0xf81f,
    0xf81f, 0xf81f, 0xf81f, 0xf81f, 0xf81f, 0xf81f, 0xf81f, 0xf81f, 0xf81f, 0xf81f, 0xf81f, 0xf81f,
    0xf81f, 0xf81f, 0xf81f, 0xf81f, 0xf81f, 0xf81f, 0xf81f, 0xf81f, 0xf81f, 0xf81f, 0xf81f, 0xf81f,
    0xf81f, 0xf81f, 0xf81f, 0xf81f, 0xf81f, 0xf81f, 0xf81f, 0xf81f, 0xf81f, 0xf81f, 0xf81f, 0xf81f,
    0xf81f, 0xf81f, 0xf81f, 0xf81f, 0xf81f, 0xf81f, 0xf81f, 0xf81f, 0xf81f, 0xf81f, 0xf81f, 0xf81f,
    0xf81f, 0xf81f, 0x0000, 0xffff, 0xffff, 0xffff, 0xffff, 0xffff, 0x0000, 0xffff, 0xffff, 0xbe9c,
    0xffff, 0xffff, 0xffff, 0xffff, 0xffff, 0x0000, 0x0000, 0x64d4, 0x0000, 0x6db8, 0xffff, 0xffff,
    0xffff, 0xffff, 0xbe9c, 0xbe9c, 0xbe9c, 0xbe9c, 0x0000, 0xffff, 0xffff, 0xffff, 0xffff, 0xbe9c,
    0xffff, 0x0000, 0x0000, 0xf81f, 0xf81f, 0xf81f, 0xf81f, 0xf81f, 0xf81f, 0xf81f, 0xf81f, 0xf81f,
    0xf81f, 0xf81f, 0xf81f, 0xf81f, 0xf81f, 0xf81f, 0xf81f, 0xf81f, 0xf81f, 0xf81f, 0xf81f, 0xf81f,
    0xf81f, 0xf81f, 0xf81f, 0xf81f, 0xf81f, 0xf81f, 0xf81f, 0xf81f, 0xf81f, 0xf81f, 0xf81f, 0xf81f,
    0xf81f, 0xf81f, 0xf81f, 0xf81f, 0xf81f, 0xf81f, 0xf81f, 0xf81f, 0xf81f, 0xf81f, 0xf81f, 0xf81f,
    0xf81f, 0xf81f, 0xf81f, 0xf81f, 0xf81f, 0xf81f, 0xf81f, 0xf81f, 0xf81f, 0xf81f, 0xf81f, 0xf81f,
    0xf81f, 0xf81f, 0x0000, 0xffff, 0xffff, 0xffff, 0xffff, 0xffff, 0x0000, 0xffff, 0xbe9c, 0xbe9c,
    0xffff, 0xffff, 0xffff, 0xffff, 0x64d4, 0x0000, 0x8e19, 0x64d4, 0x0000, 0x0000, 0x0000, 0xffff,
    0xffff, 0xffff, 0xbe9c, 0xbe9c, 0xbe9c, 0xbe9c, 0x0000, 0xffff, 0xffff, 0xbe9c, 0xffff, 0xbe9c,
    0xffff, 0x0000, 0x0000, 0xf81f, 0xf81f, 0xf81f, 0xf81f, 0xf81f, 0xf81f, 0xf81f, 0xf81f, 0xf81f,
    0xf81f, 0xf81f, 0xf81f, 0xf81f, 0xf81f, 0xf81f, 0xf81f, 0xf81f, 0xf81f, 0xf81f, 0xf81f, 0xf81f,
    0xf81f, 0xf81f, 0xf81f, 0xf81f, 0xf81f, 0xf81f, 0xf81f, 0xf81f, 0xf81f, 0xf81f, 0xf81f, 0xf81f,
    0xf81f, 0xf81f, 0xf81f, 0xf81f, 0xf81f, 0xf81f, 0xf81f, 0xf81f, 0xf81f, 0xf81f, 0xf81f, 0xf81f,
    0xf81f, 0xf81f, 0xf81f, 0xf81f, 0xf81f, 0xf81f, 0xf81f, 0xf81f, 0xf81f, 0xf81f, 0xf81f, 0xf81f,
    0x0000, 0x0000, 0x0000, 0xffff, 0xbe9c, 0xffff, 0xffff, 0xffff, 0x0000, 0xbe9c, 0xbe9c, 0xbe9c,
    0xffff, 0xffff, 0xffff, 0x0000, 0x0000, 0x8e19, 0x8e19, 0x64d4, 0x64d4, 0x64d4, 0x0000, 0x0000,
    0xffff, 0xffff, 0xffff, 0xbe9c, 0xbe9c, 0xbe9c, 0x0000, 0xffff, 0xffff, 0xbe9c, 0xffff, 0xffff,
    0xffff, 0x0000, 0xffff, 0x0000, 0x0000, 0xf81f, 0xf81f, 0xf81f, 0xf81f, 0xf81f, 0xf81f, 0xf81f,
    0xf81f, 0xf81f, 0xf81f, 0xf81f, 0xf81f, 0xf81f, 0xf81f, 0xf81f, 0xf81f, 0xf81f, 0xf81f, 0xf81f,
    0xf81f, 0xf81f, 0xf81f, 0xf81f, 0xf81f, 0xf81f, 0xf81f, 0xf81f, 0xf81f, 0xf81f, 0xf81f, 0xf81f,
    0xf81f, 0xf81f, 0xf81f, 0xf81f, 0xf81f, 0xf81f, 0xf81f, 0xf81f, 0xf81f, 0xf81f, 0xf81f, 0xf81f,
    0xf81f, 0xf81f, 0xf81f, 0xf81f, 0xf81f, 0xf81f, 0xf81f, 0xf81f, 0xf81f, 0xf81f, 0xf81f, 0x0000,
    0x230d, 0x230d, 0x0000, 0x0000, 0xbe9c, 0xbe9c, 0xffff, 0xffff, 0x0000, 0xbe9c, 0xbe9c, 0xbe9c,
    0xffff, 0xffff, 0xffff, 0x0000, 0x8e19, 0x8e19, 0x8e19, 0x8e19, 0x64d4, 0x64d4, 0x64d4, 0x0000,
    0xffff, 0xffff, 0xffff, 0xffff, 0xbe9c, 0xbe9c, 0x0000, 0xffff, 0xffff, 0xbe9c, 0xffff, 0xffff,
    0xffff, 0x0000, 0xffff, 0xffff, 0x0000, 0x0000, 0x0000, 0xf81f, 0xf81f, 0xf81f, 0xf81f, 0xf81f,
    0xf81f, 0xf81f, 0xf81f, 0xf81f, 0xf81f, 0xf81f, 0xf81f, 0xf81f, 0xf81f, 0xf81f, 0xf81f, 0xf81f,
    0xf81f, 0xf81f, 0xf81f, 0xf81f, 0xf81f, 0xf81f, 0xf81f, 0xf81f, 0xf81f, 0xf81f, 0xf81f, 0xf81f,
    0xf81f, 0xf81f, 0xf81f, 0xf81f, 0xf81f, 0xf81f, 0xf81f, 0xf81f, 0xf81f, 0xf81f, 0xf81f, 0xf81f,
    0xf81f, 0xf81f, 0xf81f, 0xf81f, 0xf81f, 0xf81f, 0xf81f, 0xf81f, 0xf81f, 0x0000, 0x0000, 0x0000,
    0x230d, 0x230d, 0x0000, 0x0000, 0x8e19, 0xbe9c, 0xffff, 0xffff, 0x0000, 0xbe9c, 0xbe9c, 0xbe9c,
    0xbe9c, 0x0000, 0x0000, 0x8e19, 0x8e19, 0x8e19, 0x8e19, 0x8e19, 0x8e19, 0x8e19, 0x64d4, 0x64d4,
    0x0000, 0xffff, 0xffff, 0xbe9c, 0xbe9c, 0xbe9c, 0x0000, 0xffff, 0xffff, 0xbe9c, 0xbe9c, 0xffff,
    0x0000, 0x0000, 0xffff, 0xffff, 0xffff, 0x0000, 0x0000, 0x0000, 0xf81f, 0xf81f, 0xf81f, 0xf81f,
    0xf81f, 0xf81f, 0xf81f, 0xf81f, 0xf81f, 0xf81f, 0xf81f, 0xf81f, 0xf81f, 0xf81f, 0xf81f, 0xf81f,
    0xf81f, 0xf81f, 0xf81f, 0xf81f, 0xf81f, 0xf81f, 0xf81f, 0xf81f, 0xf81f, 0xf81f, 0xf81f, 0xf81f,
    0xf81f, 0xf81f, 0xf81f, 0xf81f, 0xf81f, 0xf81f, 0xf81f, 0xf81f, 0xf81f, 0xf81f, 0xf81f, 0xf81f,
    0xf81f, 0xf81f, 0xf81f, 0xf81f, 0xf81f, 0xf81f, 0xf81f, 0xf81f, 0xf81f, 0x0000, 0x0000, 0x6db8,
    0x6db8, 0x230d, 0x0000, 0x0000, 0xbe9c, 0xbe9c, 0xffff, 0xffff, 0x0000, 0x0000, 0x0000, 0x0000,
    0x0000, 0x8e19, 0x8e19, 0x8e19, 0xffff, 0xffff, 0xffff, 0x8e19, 0x8e19, 0x8e19, 0x8e19, 0x8e19,
    0x0000, 0x0000, 0x0000, 0x0000, 0x0000, 0x0000, 0x0000, 0xffff, 0xffff, 0xbe9c, 0xffff, 0xffff,
    0x0000, 0xffff, 0xffff, 0x6db8, 0x6db8, 0x6db8, 0x6db8, 0x8537, 0x0000, 0xf81f, 0xf81f, 0xf81f,
    0xf81f, 0xf81f, 0xf81f, 0xf81f, 0xf81f, 0xf81f, 0xf81f, 0xf81f, 0xf81f, 0xf81f, 0xf81f, 0xf81f,
    0xf81f, 0xf81f, 0xf81f, 0xf81f, 0xf81f, 0xf81f, 0xf81f, 0xf81f, 0xf81f, 0xf81f, 0xf81f, 0xf81f,
    0xf81f, 0xf81f, 0xf81f, 0xf81f, 0xf81f, 0xf81f, 0xf81f, 0xf81f, 0xf81f, 0xf81f, 0xf81f, 0xf81f,
    0xf81f, 0xf81f, 0xf81f, 0xf81f, 0xf81f, 0xf81f, 0xf81f, 0xf81f, 0x0000, 0xffff, 0xffff, 0x6db8,
    0x6db8, 0x230d, 0x230d, 0x0000, 0xffff, 0xbe9c, 0xffff, 0xffff, 0xffff, 0xffff, 0xffff, 0xffff,
    0xffff, 0xffff, 0xffff, 0xffff, 0xffff, 0xffff, 0xffff, 0xffff, 0x8e19, 0x8e19, 0x8e19, 0x8e19,
    0x8e19, 0x8e19, 0x8e19, 0x8e19, 0x8e19, 0xffff, 0xffff, 0xffff, 0xffff, 0xbe9c, 0xffff, 0x0000,
    0x0000, 0xffff, 0xffff, 0x6db8, 0x6db8, 0x6db8, 0x6db8, 0x6db8, 0x0000, 0xf81f, 0xf81f, 0xf81f,
    0xf81f, 0xf81f, 0xf81f, 0xf81f, 0xf81f, 0xf81f, 0xf81f, 0xf81f, 0xf81f, 0xf81f, 0xf81f, 0xf81f,
    0xf81f, 0xf81f, 0xf81f, 0xf81f, 0xf81f, 0xf81f, 0xf81f, 0xf81f, 0xf81f, 0xf81f, 0xf81f, 0xf81f,
    0xf81f, 0xf81f, 0xf81f, 0xf81f, 0xf81f, 0xf81f, 0xf81f, 0xf81f, 0xf81f, 0xf81f, 0xf81f, 0xf81f,
    0xf81f, 0xf81f, 0xf81f, 0xf81f, 0xf81f, 0xf81f, 0xf81f, 0xf81f, 0x0000, 0xffff, 0xffff, 0x6db8,
    0x6db8, 0x230d, 0x230d, 0x0000, 0xffff, 0xbe9c, 0xffff, 0xffff, 0xffff, 0xffff, 0xffff, 0xffff,
    0xffff, 0xffff, 0xffff, 0xffff, 0xffff, 0xffff, 0xffff, 0xffff, 0xffff, 0x8e19, 0x8e19, 0x8e19,
    0x8e19, 0x8e19, 0x8e19, 0x8e19, 0x8e19, 0x8e19, 0x8e19, 0xffff, 0xffff, 0xbe9c, 0xffff, 0x0000,
    0xffff, 0xffff, 0xffff, 0xbe9c, 0xbe9c, 0xbe9c, 0xbe9c, 0x6db8, 0x0000, 0x0000, 0xf81f, 0xf81f,
    0xf81f, 0xf81f, 0xf81f, 0xf81f, 0xf81f, 0xf81f, 0xf81f, 0xf81f, 0xf81f, 0xf81f, 0xf81f, 0xf81f,
    0xf81f, 0xf81f, 0xf81f, 0xf81f, 0xf81f, 0xf81f, 0xf81f, 0xf81f, 0xf81f, 0xf81f, 0xf81f, 0xf81f,
    0xf81f, 0xf81f, 0xf81f, 0xf81f, 0xf81f, 0xf81f, 0xf81f, 0xf81f, 0xf81f, 0xf81f, 0xf81f, 0xf81f,
    0xf81f, 0xf81f, 0xf81f, 0xf81f, 0xf81f, 0xf81f, 0xf81f, 0x0000, 0x0000, 0xffff, 0xffff, 0x6db8,
    0x6db8, 0x230d, 0x230d, 0x0000, 0xffff, 0xffff, 0xffff, 0xffff, 0xffff, 0xffff, 0xffff, 0xffff,
    0xffff, 0xffff, 0xffff, 0xffff, 0xffff, 0xffff, 0xffff, 0xffff, 0xffff, 0xffff, 0xffff, 0xffff,
    0x8e19, 0x8e19, 0x8e19, 0x8e19, 0x8e19, 0x8e19, 0xffff, 0xffff, 0xbe9c, 0x6db8, 0xffff, 0x0000,
    0xffff, 0x6db8, 0xbe9c, 0xbe9c, 0xbe9c, 0xbe9c, 0xbe9c, 0xbe9c, 0xffff, 0x0000, 0xf81f, 0xf81f,
    0xf81f, 0xf81f, 0xf81f, 0xf81f, 0xf81f, 0xf81f, 0xf81f, 0xf81f, 0xf81f, 0xf81f, 0xf81f, 0xf81f,
    0xf81f, 0xf81f, 0xf81f, 0xf81f, 0xf81f, 0xf81f, 0xf81f, 0xf81f, 0xf81f, 0xf81f, 0xf81f, 0xf81f,
    0xf81f, 0xf81f, 0xf81f, 0xf81f, 0xf81f, 0xf81f, 0xf81f, 0xf81f, 0xf81f, 0xf81f, 0xf81f, 0xf81f,
    0xf81f, 0xf81f, 0xf81f, 0xf81f, 0xf81f, 0xf81f, 0xf81f, 0x0000, 0x0000, 0xffff, 0xffff, 0xffff,
    0x8537, 0x230d, 0x230d, 0x0000, 0x0000, 0xffff, 0xffff, 0xffff, 0xffff, 0xffff, 0xffff, 0xffff,
    0xffff, 0xffff, 0xffff, 0xffff, 0xffff, 0xffff, 0xffff, 0xffff, 0xffff, 0xffff, 0xffff, 0xffff,
    0xffff, 0xffff, 0xffff, 0xffff, 0xffff, 0xffff, 0xffff, 0xffff, 0x6db8, 0x6db8, 0x0000, 0x0000,
    0xffff, 0x6db8, 0xbe9c, 0xbe9c, 0xbe9c, 0xbe9c, 0xffff, 0xffff, 0xffff, 0xffff, 0x0000, 0xf81f,
    0xf81f, 0xf81f, 0xf81f, 0xf81f, 0xf81f, 0xf81f, 0xf81f, 0xf81f, 0xf81f, 0xf81f, 0xf81f, 0xf81f,
    0xf81f, 0xf81f, 0xf81f, 0xf81f, 0xf81f, 0xf81f, 0xf81f, 0xf81f, 0xf81f, 0xf81f, 0xf81f, 0xf81f,
    0xf81f, 0xf81f, 0xf81f, 0xf81f, 0xf81f, 0xf81f, 0xf81f, 0xf81f, 0xf81f, 0xf81f, 0xf81f, 0xf81f,
    0xf81f, 0xf81f, 0xf81f, 0xf81f, 0xf81f, 0xf81f, 0xf81f, 0x0000, 0x0000, 0xffff, 0xffff, 0xffff,
    0x8537, 0x6db8, 0x230d, 0x0000, 0x0000, 0x0000, 0xffff, 0xffff, 0xffff, 0xffff, 0xffff, 0xffff,
    0xffff, 0xffff, 0xffff, 0xffff, 0xffff, 0xffff, 0xffff, 0xffff, 0xffff, 0xffff, 0xffff, 0xffff,
    0xffff, 0xffff, 0xffff, 0xffff, 0xffff, 0xffff, 0xbe9c, 0xbe9c, 0x6db8, 0x0000, 0x0000, 0xffff,
    0xffff, 0x8537, 0xffff, 0xffff, 0xffff, 0xffff, 0xffff, 0xffff, 0xffff, 0xffff, 0x0000, 0xf81f,
    0xf81f, 0xf81f, 0xf81f, 0xf81f, 0xf81f, 0xf81f, 0xf81f, 0xf81f, 0xf81f, 0xf81f, 0xf81f, 0xf81f,
    0xf81f, 0xf81f, 0xf81f, 0xf81f, 0xf81f, 0xf81f, 0xf81f, 0xf81f, 0xf81f, 0xf81f, 0xf81f, 0xf81f,
    0xf81f, 0xf81f, 0xf81f, 0xf81f, 0xf81f, 0xf81f, 0xf81f, 0xf81f, 0xf81f, 0xf81f, 0xf81f, 0xf81f,
    0xf81f, 0xf81f, 0xf81f, 0xf81f, 0xf81f, 0xf81f, 0xf81f, 0x0000, 0xffff, 0xffff, 0xffff, 0xbe9c,
    0x8537, 0x6db8, 0x230d, 0x0000, 0x0000, 0x0000, 0xffff, 0xffff, 0xffff, 0xffff, 0xffff, 0xffff,
    0xffff, 0xffff, 0xffff, 0xffff, 0xffff, 0xffff, 0xffff, 0xffff, 0xffff, 0xffff, 0xffff, 0xffff,
    0xffff, 0xffff, 0xffff, 0xffff, 0xffff, 0xbe9c, 0xbe9c, 0x6db8, 0x6db8, 0x0000, 0xffff, 0x8537,
    0x8537, 0x8537, 0xffff, 0xffff, 0xffff, 0xffff, 0xffff, 0xffff, 0xffff, 0xffff, 0x0000, 0x0000,
    0xf81f, 0xf81f, 0xf81f, 0xf81f, 0xf81f, 0xf81f, 0xf81f, 0xf81f, 0xf81f, 0xf81f, 0xf81f, 0xf81f,
    0xf81f, 0xf81f, 0xf81f, 0xf81f, 0xf81f, 0xf81f, 0xf81f, 0xf81f, 0xf81f, 0xf81f, 0xf81f, 0xf81f,
    0xf81f, 0xf81f, 0xf81f, 0xf81f, 0xf81f, 0xf81f, 0xf81f, 0xf81f, 0xf81f, 0xf81f, 0xf81f, 0xf81f,
    0xf81f, 0xf81f, 0xf81f, 0xf81f, 0xf81f, 0xf81f, 0x0000, 0x0000, 0xffff, 0xffff, 0xffff, 0xbe9c,
    0x8537, 0x6db8, 0x230d, 0x0000, 0x2b10, 0x1168, 0x0000, 0xffff, 0xffff, 0xffff, 0xffff, 0xffff,
    0xffff, 0xffff, 0xffff, 0xffff, 0xffff, 0xffff, 0xffff, 0xffff, 0xffff, 0xffff, 0xffff, 0xffff,
    0xffff, 0xffff, 0xffff, 0xffff, 0xffff, 0xbe9c, 0xbe9c, 0x6db8, 0x0000, 0x0000, 0xbe9c, 0x8537,
    0x8537, 0x8537, 0xffff, 0xffff, 0xffff, 0xffff, 0xffff, 0xffff, 0xffff, 0xffff, 0xffff, 0x0000,
    0xf81f, 0xf81f, 0xf81f, 0xf81f, 0xf81f, 0xf81f, 0xf81f, 0xf81f, 0xf81f, 0xf81f, 0xf81f, 0xf81f,
    0xf81f, 0xf81f, 0xf81f, 0xf81f, 0xf81f, 0xf81f, 0xf81f, 0xf81f, 0xf81f, 0xf81f, 0xf81f, 0xf81f,
    0xf81f, 0xf81f, 0xf81f, 0xf81f, 0xf81f, 0xf81f, 0xf81f, 0xf81f, 0xf81f, 0xf81f, 0xf81f, 0xf81f,
    0xf81f, 0xf81f, 0xf81f, 0xf81f, 0xf81f, 0xf81f, 0x0000, 0xffff, 0xffff, 0xffff, 0xffff, 0xbe9c,
    0x8537, 0x230d, 0x230d, 0x0000, 0x2b10, 0x1168, 0x0000, 0x0000, 0xffff, 0xffff, 0xffff, 0xffff,
    0xffff, 0xffff, 0xffff, 0xffff, 0xffff, 0xffff, 0xffff, 0xffff, 0xffff, 0xffff, 0xffff, 0xffff,
    0xffff, 0xffff, 0xffff, 0xffff, 0xbe9c, 0xbe9c, 0x6db8, 0x6db8, 0x0000, 0x0000, 0x8537, 0x8537,
    0x8537, 0xffff, 0xffff, 0xffff, 0xffff, 0xffff, 0xffff, 0xffff, 0xffff, 0xffff, 0xffff, 0x0000,
    0xf81f, 0xf81f, 0xf81f, 0xf81f, 0xf81f, 0xf81f, 0xf81f, 0xf81f, 0xf81f, 0xf81f, 0xf81f, 0xf81f,
    0xf81f, 0xf81f, 0xf81f, 0xf81f, 0xf81f, 0xf81f, 0xf81f, 0xf81f, 0xf81f, 0xf81f, 0xf81f, 0xf81f,
    0xf81f, 0xf81f, 0xf81f, 0xf81f, 0xf81f, 0xf81f, 0xf81f, 0xf81f, 0xf81f, 0xf81f, 0xf81f, 0xf81f,
    0xf81f, 0xf81f, 0xf81f, 0xf81f, 0xf81f, 0xf81f, 0x0000, 0xffff, 0xffff, 0xffff, 0xbe9c, 0xbe9c,
    0x6db8, 0x230d, 0x230d, 0x0000, 0x2b10, 0x1168, 0x1168, 0x0000, 0xffff, 0xffff, 0xffff, 0xffff,
    0xffff, 0xffff, 0xffff, 0xffff, 0xffff, 0xffff, 0xffff, 0xffff, 0xffff, 0xffff, 0xffff, 0xffff,
    0xffff, 0xffff, 0xffff, 0xbe9c, 0xbe9c, 0x6db8, 0x6db8, 0x0000, 0x0000, 0x0000, 0x8537, 0x8537,
    0xffff, 0xffff, 0xffff, 0xffff, 0xffff, 0xffff, 0xffff, 0xffff, 0xffff, 0xffff, 0xffff, 0x0000,
    0xf81f, 0xf81f, 0xf81f, 0xf81f, 0xf81f, 0xf81f, 0xf81f, 0xf81f, 0xf81f, 0xf81f, 0xf81f, 0xf81f,
    0xf81f, 0xf81f, 0xf81f, 0xf81f, 0xf81f, 0xf81f, 0xf81f, 0xf81f, 0xf81f, 0xf81f, 0xf81f, 0xf81f,
    0xf81f, 0xf81f, 0xf81f, 0xf81f, 0xf81f, 0xf81f, 0xf81f, 0xf81f, 0xf81f, 0xf81f, 0xf81f, 0xf81f,
    0xf81f, 0xf81f, 0xf81f, 0xf81f, 0xf81f, 0x0000, 0x0000, 0xffff, 0xffff, 0xffff, 0xbe9c, 0xbe9c,
    0x6db8, 0x6db8, 0x230d, 0x0000, 0x2b10, 0x2b10, 0x1168, 0x0000, 0x0000, 0xffff, 0xffff, 0xffff,
    0xffff, 0xffff, 0xffff, 0xffff, 0xffff, 0xffff, 0xffff, 0xffff, 0xffff, 0xffff, 0xffff, 0xffff,
    0xffff, 0xffff, 0xbe9c, 0xbe9c, 0x6db8, 0x6db8, 0x0000, 0x0000, 0x0000, 0x0000, 0x8537, 0x8537,
    0xffff, 0xffff, 0xffff, 0xffff, 0xffff, 0xffff, 0xffff, 0xffff, 0xffff, 0xffff, 0xffff, 0x0000,
    0xf81f, 0xf81f, 0xf81f, 0xf81f, 0xf81f, 0xf81f, 0xf81f, 0xf81f, 0xf81f, 0xf81f, 0xf81f, 0xf81f,
    0xf81f, 0xf81f, 0xf81f, 0xf81f, 0xf81f, 0xf81f, 0xf81f, 0xf81f, 0xf81f, 0xf81f, 0xf81f, 0xf81f,
    0xf81f, 0xf81f, 0xf81f, 0xf81f, 0xf81f, 0xf81f, 0xf81f, 0xf81f, 0xf81f, 0xf81f, 0xf81f, 0xf81f,
    0xf81f, 0xf81f, 0xf81f, 0xf81f, 0xf81f, 0x0000, 0xffff, 0xffff, 0xffff, 0xffff, 0xbe9c, 0xbe9c,
    0x6db8, 0x6db8, 0x0000, 0x0000, 0x2b10, 0x2b10, 0x2b10, 0x1168, 0x0000, 0x0000, 0xffff, 0xffff,
    0xffff, 0xffff, 0xffff, 0xffff, 0xffff, 0xffff, 0xffff, 0xffff, 0xffff, 0xffff, 0xffff, 0xffff,
    0xbe9c, 0xbe9c, 0xbe9c, 0x6db8, 0x6db8, 0x0000, 0x0000, 0x0000, 0x0000, 0x0000, 0xffff, 0xffff,
    0xffff, 0xffff, 0xffff, 0xffff, 0xffff, 0xffff, 0xffff, 0xffff, 0xffff, 0xffff, 0xffff, 0xffff,
    0x0000, 0xf81f, 0xf81f, 0xf81f, 0xf81f, 0xf81f, 0xf81f, 0xf81f, 0xf81f, 0xf81f, 0xf81f, 0xf81f,
    0xf81f, 0xf81f, 0xf81f, 0xf81f, 0xf81f, 0xf81f, 0xf81f, 0xf81f, 0xf81f, 0xf81f, 0xf81f, 0xf81f,
    0xf81f, 0xf81f, 0xf81f, 0xf81f, 0xf81f, 0xf81f, 0xf81f, 0xf81f, 0xf81f, 0xf81f, 0xf81f, 0xf81f,
    0xf81f, 0xf81f, 0xf81f, 0xf81f, 0xf81f, 0x0000, 0xffff, 0xffff, 0xffff, 0xbe9c, 0xbe9c, 0x8537,
    0x6db8, 0x6db8, 0x0000, 0xffff, 0x0000, 0x2b10, 0x2b10, 0x1168, 0x1168, 0x1168, 0x0000, 0xffff,
    0xffff, 0xffff, 0xffff, 0xffff, 0xffff, 0xffff, 0xffff, 0xffff, 0xffff, 0xffff, 0xffff, 0xbe9c,
    0xbe9c, 0x6db8, 0x6db8, 0x6db8, 0x6db8, 0x0000, 0x1168, 0x1168, 0x0000, 0x0000, 0xffff, 0xffff,
    0xffff, 0xffff, 0xffff, 0xffff, 0xffff, 0xffff, 0xffff, 0xffff, 0xffff, 0xffff, 0xffff, 0xffff,
    0x0000, 0xf81f, 0xf81f, 0xf81f, 0xf81f, 0xf81f, 0xf81f, 0xf81f, 0xf81f, 0xf81f, 0xf81f, 0xf81f,
    0xf81f, 0xf81f, 0xf81f, 0xf81f, 0xf81f, 0xf81f, 0xf81f, 0xf81f, 0xf81f, 0xf81f, 0xf81f, 0xf81f,
    0xf81f, 0xf81f, 0xf81f, 0xf81f, 0xf81f, 0xf81f, 0xf81f, 0xf81f, 0xf81f, 0xf81f, 0xf81f, 0xf81f,
    0xf81f, 0xf81f, 0xf81f, 0xf81f, 0x0000, 0x0000, 0xffff, 0xffff, 0xffff, 0xbe9c, 0xbe9c, 0x6db8,
    0x6db8, 0x8537, 0x0000, 0xffff, 0x0000, 0x2b10, 0x2b10, 0x1168, 0x1168, 0x1168, 0x0000, 0x0000,
    0xffff, 0xffff, 0xffff, 0xffff, 0xffff, 0xffff, 0xffff, 0xffff, 0xffff, 0xffff, 0xbe9c, 0x6db8,
    0x6db8, 0x6db8, 0x6db8, 0x6db8, 0x0000, 0x1168, 0x1168, 0x0000, 0x8e19, 0x0000, 0xffff, 0xffff,
    0xffff, 0xffff, 0xffff, 0xffff, 0xffff, 0xffff, 0xffff, 0xffff, 0xffff, 0xffff, 0xffff, 0xffff,
    0x0000, 0xf81f, 0xf81f, 0xf81f, 0xf81f, 0xf81f, 0xf81f, 0xf81f, 0xf81f, 0xf81f, 0xf81f, 0xf81f,
    0xf81f, 0xf81f, 0xf81f, 0xf81f, 0xf81f, 0xf81f, 0xf81f, 0xf81f, 0xf81f, 0xf81f, 0xf81f, 0xf81f,
    0xf81f, 0xf81f, 0xf81f, 0xf81f, 0xf81f, 0xf81f, 0xf81f, 0xf81f, 0xf81f, 0xf81f, 0xf81f, 0xf81f,
    0xf81f, 0xf81f, 0xf81f, 0xf81f, 0x0000, 0xffff, 0xffff, 0xffff, 0xffff, 0xbe9c, 0xbe9c, 0x6db8,
    0x6db8, 0x0000, 0x0000, 0xffff, 0x0000, 0x2b10, 0x2b10, 0x2b10, 0x1168, 0x1168, 0x1168, 0x0000,
    0x0000, 0xffff, 0xffff, 0xffff, 0xffff, 0xffff, 0xffff, 0xffff, 0xffff, 0xbe9c, 0xbe9c, 0x6db8,
    0x6db8, 0x6db8, 0x6db8, 0x0000, 0x0000, 0x1168, 0x1168, 0x0000, 0x8e19, 0x0000, 0xffff, 0xffff,
    0xffff, 0xffff, 0xffff, 0xffff, 0xffff, 0xffff, 0xffff, 0xffff, 0xffff, 0xffff, 0xffff, 0xffff,
    0x0000, 0xf81f, 0xf81f, 0xf81f, 0xf81f, 0xf81f, 0xf81f, 0xf81f, 0xf81f, 0xf81f, 0xf81f, 0xf81f,
    0xf81f, 0xf81f, 0xf81f, 0xf81f, 0xf81f, 0xf81f, 0xf81f, 0xf81f, 0xf81f, 0xf81f, 0xf81f, 0xf81f,
    0xf81f, 0xf81f, 0xf81f, 0xf81f, 0xf81f, 0xf81f, 0xf81f, 0xf81f, 0xf81f, 0xf81f, 0xf81f, 0xf81f,
    0xf81f, 0xf81f, 0xf81f, 0xf81f, 0x0000, 0xffff, 0xffff, 0xffff, 0xbe9c, 0xbe9c, 0x8537, 0x6db8,
    0x6db8, 0x0000, 0xffff, 0xffff, 0x0000, 0x2b10, 0x2b10, 0x4c56, 0x0000, 0x1168, 0x1168, 0x1168,
    0x1168, 0xffff, 0xffff, 0xffff, 0xffff, 0xffff, 0xffff, 0xffff, 0xbe9c, 0xbe9c, 0x6db8, 0x6db8,
    0x6db8, 0x6db8, 0x0000, 0x1168, 0x1168, 0x1168, 0x0000, 0x8e19, 0x8e19, 0x0000, 0xffff, 0xffff,
    0xffff, 0xffff, 0xffff, 0xffff, 0xffff, 0xffff, 0xffff, 0xffff, 0xffff, 0xffff, 0xffff, 0xffff,
    0xffff, 0x0000, 0xf81f, 0xf81f, 0xf81f, 0xf81f, 0xf81f, 0xf81f, 0xf81f, 0xf81f, 0xf81f, 0xf81f,
    0xf81f, 0xf81f, 0xf81f, 0xf81f, 0xf81f, 0xf81f, 0xf81f, 0xf81f, 0xf81f, 0xf81f, 0xf81f, 0xf81f,
    0xf81f, 0xf81f, 0xf81f, 0xf81f, 0xf81f, 0xf81f, 0xf81f, 0xf81f, 0xf81f, 0xf81f, 0xf81f, 0xf81f,
    0xf81f, 0xf81f, 0xf81f, 0xf81f, 0x0000, 0xffff, 0xffff, 0xffff, 0xbe9c, 0xbe9c, 0x6db8, 0x6db8,
    0x6db8, 0x0000, 0xffff, 0xffff, 0x0000, 0x2b10, 0x2b10, 0x4c56, 0x4c56, 0x1168, 0x1168, 0x1168,
    0x1168, 0x0000, 0xffff, 0xffff, 0xffff, 0xffff, 0xffff, 0xffff, 0xbe9c, 0xbe9c, 0x6db8, 0x6db8,
    0x6db8, 0x6db8, 0x0000, 0x1168, 0x1168, 0x1168, 0x0000, 0xbe9c, 0x8e19, 0x0000, 0xffff, 0xffff,
    0xffff, 0xffff, 0xffff, 0xffff, 0xffff, 0xffff, 0xffff, 0xffff, 0xffff, 0xffff, 0x6db8, 0xffff,
    0xffff, 0x0000, 0xf81f, 0xf81f, 0xf81f, 0xf81f, 0xf81f, 0xf81f, 0xf81f, 0xf81f, 0xf81f, 0xf81f,
    0xf81f, 0xf81f, 0xf81f, 0xf81f, 0xf81f, 0xf81f, 0xf81f, 0xf81f, 0xf81f, 0xf81f, 0xf81f, 0xf81f,
    0xf81f, 0xf81f, 0xf81f, 0xf81f, 0xf81f, 0xf81f, 0xf81f, 0xf81f, 0xf81f, 0xf81f, 0xf81f, 0xf81f,
    0xf81f, 0xf81f, 0xf81f, 0x0000, 0xffff, 0xffff, 0xffff, 0xffff, 0xbe9c, 0x6db8, 0x6db8, 0x6db8,
    0x0000, 0x0000, 0xffff, 0xffff, 0xffff, 0x0000, 0x2b10, 0x2b10, 0x4c56, 0x4c56, 0x1168, 0x1168,
    0x1168, 0x0000, 0x0000, 0xffff, 0xffff, 0xffff, 0xffff, 0xffff, 0xbe9c, 0xbe9c, 0x6db8, 0x6db8,
    0x6db8, 0x0000, 0x1168, 0x1168, 0x7d9a, 0x0000, 0x0000, 0xbe9c, 0x8e19, 0x0000, 0xffff, 0xffff,
    0xffff, 0xffff, 0xffff, 0xffff, 0xffff, 0xffff, 0xffff, 0xffff, 0xffff, 0xffff, 0x6db8, 0xffff,
    0xffff, 0x0000, 0xf81f, 0xf81f, 0xf81f, 0xf81f, 0xf81f, 0xf81f, 0xf81f, 0xf81f, 0xf81f, 0xf81f,
    0xf81f, 0xf81f, 0xf81f, 0xf81f, 0xf81f, 0xf81f, 0xf81f, 0xf81f, 0xf81f, 0xf81f, 0xf81f, 0xf81f,
    0xf81f, 0xf81f, 0xf81f, 0xf81f, 0xf81f, 0xf81f, 0xf81f, 0xf81f, 0xf81f, 0xf81f, 0xf81f, 0xf81f,
    0xf81f, 0xf81f, 0xf81f, 0x0000, 0xffff, 0xffff, 0xffff, 0xffff, 0xbe9c, 0x6db8, 0x6db8, 0x6db8,
    0x0000, 0xffff, 0xffff, 0xffff, 0xffff, 0x0000, 0x0000, 0x2b10, 0x2b10, 0x4c56, 0x4c56, 0x1168,
    0x1168, 0x1168, 0x0000, 0x0000, 0xffff, 0xffff, 0xffff, 0xffff, 0xbe9c, 0xbe9c, 0x6db8, 0x0000,
    0x0000, 0x0000, 0x1168, 0x2b10, 0x7d9a, 0x0000, 0xffff, 0x8e19, 0x8e19, 0x0000, 0xffff, 0xffff,
    0xffff, 0xffff, 0xffff, 0xffff, 0xffff, 0xffff, 0xffff, 0xffff, 0xffff, 0xffff, 0x6db8, 0xbe9c,
    0xffff, 0x0000, 0xf81f, 0xf81f, 0xf81f, 0xf81f, 0xf81f, 0xf81f, 0xf81f, 0xf81f, 0xf81f, 0xf81f,
    0xf81f, 0xf81f, 0xf81f, 0xf81f, 0xf81f, 0xf81f, 0xf81f, 0xf81f, 0xf81f, 0xf81f, 0xf81f, 0xf81f,
    0xf81f, 0xf81f, 0xf81f, 0xf81f, 0xf81f, 0xf81f, 0xf81f, 0xf81f, 0xf81f, 0xf81f, 0xf81f, 0xf81f,
    0xf81f, 0xf81f, 0x0000, 0x0000, 0xffff, 0xffff, 0xffff, 0xffff, 0xbe9c, 0x6db8, 0x6db8, 0x6db8,
    0x0000, 0xffff, 0xffff, 0xffff, 0xffff, 0xffff, 0x0000, 0x0000, 0x2b10, 0x4c56, 0x4c56, 0x4c56,
    0x1168, 0x1168, 0x1168, 0x0000, 0x0000, 0xffff, 0xffff, 0xffff, 0xbe9c, 0xbe9c, 0x0000, 0x0000,
    0x1168, 0x1168, 0x2b10, 0x4c56, 0x0000, 0x0000, 0x8e19, 0x8e19, 0x0000, 0x0000, 0xffff, 0xffff,
    0xffff, 0xffff, 0xffff, 0xffff, 0xffff, 0xffff, 0xffff, 0xffff, 0xffff, 0xffff, 0x6db8, 0xbe9c,
    0xffff, 0x0000, 0x0000, 0xf81f, 0xf81f, 0xf81f, 0xf81f, 0xf81f, 0xf81f, 0xf81f, 0xf81f, 0xf81f,
    0xf81f, 0xf81f, 0xf81f, 0xf81f, 0xf81f, 0xf81f, 0xf81f, 0xf81f, 0xf81f, 0xf81f, 0xf81f, 0xf81f,
    0xf81f, 0xf81f, 0xf81f, 0xf81f, 0xf81f, 0xf81f, 0xf81f, 0xf81f, 0xf81f, 0xf81f, 0xf81f, 0xf81f,
    0xf81f, 0xf81f, 0x0000, 0xffff, 0xffff, 0xffff, 0xffff, 0xffff, 0x8537, 0x6db8, 0x6db8, 0x6db8,
    0x0000, 0xffff, 0xffff, 0xffff, 0xffff, 0xffff, 0xffff, 0x0000, 0x0000, 0x2b10, 0x4c56, 0x4c56,
    0x4c56, 0x1168, 0x1168, 0x1168, 0x0000, 0x0000, 0x0000, 0x0000, 0x0000, 0x0000, 0x1168, 0x1168,
    0x1168, 0x2b10, 0x4c56, 0x0000, 0x0000, 0xffff, 0x8e19, 0x0000, 0x0000, 0xffff, 0xffff, 0xffff,
    0xffff, 0xffff, 0xffff, 0xffff, 0xffff, 0xffff, 0xffff, 0xffff, 0xffff, 0xffff, 0x6db8, 0xbe9c,
    0xffff, 0xffff, 0x0000, 0xf81f, 0xf81f, 0xf81f, 0xf81f, 0xf81f, 0xf81f, 0xf81f, 0xf81f, 0xf81f,
    0xf81f, 0xf81f, 0xf81f, 0xf81f, 0xf81f, 0xf81f, 0xf81f, 0xf81f, 0xf81f, 0xf81f, 0xf81f, 0xf81f,
    0xf81f, 0xf81f, 0xf81f, 0xf81f, 0xf81f, 0xf81f, 0xf81f, 0xf81f, 0xf81f, 0xf81f, 0xf81f, 0xf81f,
    0xf81f, 0xf81f, 0x0000, 0xffff, 0xffff, 0xffff, 0xffff, 0xbe9c, 0x8537, 0x6db8, 0x6db8, 0x0000,
    0x0000, 0xffff, 0xffff, 0xffff, 0xffff, 0xffff, 0xffff, 0xffff, 0x0000, 0x0000, 0x2b10, 0x4c56,
    0x4c56, 0x4c56, 0x1168, 0x1168, 0x1168, 0x1168, 0x1168, 0x1168, 0x1168, 0x1168, 0x1168, 0x2b10,
    0x4c56, 0x4c56, 0x0000, 0x0000, 0xffff, 0x8e19, 0x8e19, 0x0000, 0xffff, 0xffff, 0xffff, 0xffff,
    0xffff, 0xffff, 0xffff, 0xffff, 0xffff, 0xffff, 0xffff, 0xffff, 0xffff, 0xffff, 0x6db8, 0xbe9c,
    0xffff, 0xffff, 0x0000, 0xf81f, 0xf81f, 0xf81f, 0xf81f, 0xf81f, 0xf81f, 0xf81f, 0xf81f, 0xf81f,
    0xf81f, 0xf81f, 0xf81f, 0xf81f, 0xf81f, 0xf81f, 0xf81f, 0xf81f, 0xf81f, 0xf81f, 0xf81f, 0xf81f,
    0xf81f, 0xf81f, 0xf81f, 0xf81f, 0xf81f, 0xf81f, 0xf81f, 0xf81f, 0xf81f, 0xf81f, 0xf81f, 0xf81f,
    0xf81f, 0xf81f, 0x0000, 0xffff, 0xffff, 0xffff, 0xffff, 0xbe9c, 0x8537, 0x6db8, 0x6db8, 0x0000,
    0xffff, 0xffff, 0xffff, 0xffff, 0xffff, 0xffff, 0xffff, 0xffff, 0xffff, 0x0000, 0x0000, 0x2b10,
    0x2b10, 0x2b10, 0x4c56, 0x1168, 0x1168, 0x1168, 0x1168, 0x1168, 0x1168, 0x1168, 0x2b10, 0x4c56,
    0x4c56, 0x0000, 0x0000, 0xffff, 0xbe9c, 0xbe9c, 0x8e19, 0x0000, 0xffff, 0xffff, 0xffff, 0xffff,
    0xffff, 0xffff, 0xffff, 0xffff, 0xffff, 0xffff, 0xffff, 0xffff, 0xffff, 0xffff, 0x6db8, 0xbe9c,
    0xbe9c, 0xffff, 0x0000, 0xf81f, 0xf81f, 0xf81f, 0xf81f, 0xf81f, 0xf81f, 0xf81f, 0xf81f, 0xf81f,
    0xf81f, 0xf81f, 0xf81f, 0xf81f, 0xf81f, 0xf81f, 0xf81f, 0xf81f, 0xf81f, 0xf81f, 0xf81f, 0xf81f,
    0xf81f, 0xf81f, 0xf81f, 0xf81f, 0xf81f, 0xf81f, 0xf81f, 0xf81f, 0xf81f, 0xf81f, 0xf81f, 0xf81f,
    0xf81f, 0x0000, 0x0000, 0xffff, 0xffff, 0xffff, 0xffff, 0xbe9c, 0x8537, 0x8537, 0x6db8, 0x0000,
    0xffff, 0xffff, 0xffff, 0xffff, 0xffff, 0xffff, 0xffff, 0xffff, 0xffff, 0xffff, 0x0000, 0x0000,
    0x2b10, 0x4c56, 0x2b10, 0x2b10, 0x2b10, 0x2b10, 0x2b10, 0x2b10, 0x4c56, 0x4c56, 0x4c56, 0x4c56,
    0x0000, 0x0000, 0xffff, 0xffff, 0xbe9c, 0x8e19, 0x8e19, 0x0000, 0xffff, 0xffff, 0xffff, 0xffff,
    0xffff, 0xffff, 0xffff, 0xffff, 0xffff, 0xffff, 0xffff, 0xffff, 0xffff, 0xffff, 0x6db8, 0xbe9c,
    0xbe9c, 0xffff, 0x0000, 0xf81f, 0xf81f, 0xf81f, 0xf81f, 0xf81f, 0xf81f, 0xf81f, 0xf81f, 0xf81f,
    0xf81f, 0xf81f, 0xf81f, 0xf81f, 0xf81f, 0xf81f, 0xf81f, 0xf81f, 0xf81f, 0xf81f, 0xf81f, 0xf81f,
    0xf81f, 0xf81f, 0xf81f, 0xf81f, 0xf81f, 0xf81f, 0xf81f, 0xf81f, 0xf81f, 0xf81f, 0xf81f, 0xf81f,
    0xf81f, 0x0000, 0xffff, 0xffff, 0xffff, 0xffff, 0xbe9c, 0xbe9c, 0x8537, 0x8537, 0x8537, 0x0000,
    0xffff, 0xffff, 0xffff, 0xffff, 0xffff, 0xbe9c, 0xffff, 0xbe9c, 0xffff, 0xffff, 0xffff, 0x0000,
    0x0000, 0x4c56, 0x4c56, 0x4c56, 0x2b10, 0x2b10, 0x2b10, 0x4c56, 0x4c56, 0x4c56, 0x0000, 0x0000,
    0x0000, 0xffff, 0xffff, 0xbe9c, 0xbe9c, 0x8e19, 0x8e19, 0x0000, 0xffff, 0xffff, 0xffff, 0xffff,
    0xffff, 0xffff, 0xffff, 0xffff, 0xffff, 0xffff, 0xffff, 0xffff, 0xffff, 0x6db8, 0x6db8, 0xbe9c,
    0xbe9c, 0xbe9c, 0x0000, 0xf81f, 0xf81f, 0xf81f, 0xf81f, 0xf81f, 0xf81f, 0xf81f, 0xf81f, 0xf81f,
    0xf81f, 0xf81f, 0xf81f, 0xf81f, 0xf81f, 0xf81f, 0xf81f, 0xf81f, 0xf81f, 0xf81f, 0xf81f, 0xf81f,
    0xf81f, 0xf81f, 0xf81f, 0xf81f, 0xf81f, 0xf81f, 0xf81f, 0xf81f, 0xf81f, 0xf81f, 0xf81f, 0xf81f,
    0xf81f, 0x0000, 0xffff, 0xffff, 0xffff, 0xffff, 0xbe9c, 0xbe9c, 0x8537, 0x8537, 0x8537, 0x0000,
    0xffff, 0xffff, 0xffff, 0xffff, 0xffff, 0xbe9c, 0xffff, 0xbe9c, 0xbe9c, 0xffff, 0xffff, 0xffff,
    0x0000, 0x0000, 0x0000, 0x4c56, 0x4c56, 0x4c56, 0x4c56, 0x4c56, 0x0000, 0x0000, 0x0000, 0xffff,
    0xffff, 0xffff, 0xffff, 0xbe9c, 0xbe9c, 0x8e19, 0x8e19, 0x0000, 0xffff, 0xffff, 0xffff, 0xffff,
    0xffff, 0xffff, 0xffff, 0xffff, 0xffff, 0xffff, 0xffff, 0xffff, 0xffff, 0x6db8, 0x6db8, 0xbe9c,
    0xbe9c, 0xbe9c, 0x0000, 0xf81f, 0xf81f, 0xf81f, 0xf81f, 0xf81f, 0xf81f, 0xf81f, 0xf81f, 0xf81f,
    0xf81f, 0xf81f, 0xf81f, 0xf81f, 0xf81f, 0xf81f, 0xf81f, 0xf81f, 0xf81f, 0xf81f, 0xf81f, 0xf81f,
    0xf81f, 0xf81f, 0xf81f, 0xf81f, 0xf81f, 0xf81f, 0xf81f, 0xf81f, 0xf81f, 0xf81f, 0xf81f, 0xf81f,
    0xf81f, 0x0000, 0xffff, 0xffff, 0xffff, 0xffff, 0xbe9c, 0xbe9c, 0x8537, 0x8537, 0x8537, 0x0000,
    0xffff, 0xffff, 0xffff, 0xffff, 0xffff, 0xbe9c, 0xbe9c, 0xbe9c, 0xbe9c, 0xbe9c, 0xbe9c, 0xffff,
    0xffff, 0xffff, 0x0000, 0x0000, 0x0000, 0x0000, 0x0000, 0x0000, 0x0000, 0xffff, 0xffff, 0xffff,
    0xffff, 0xffff, 0xffff, 0xbe9c, 0x8e19, 0x8e19, 0x8e19, 0x0000, 0xffff, 0xffff, 0xffff, 0xffff,
    0xffff, 0xffff, 0xffff, 0xffff, 0xffff, 0xffff, 0xffff, 0xffff, 0x6db8, 0x6db8, 0x6db8, 0xbe9c,
    0xbe9c, 0xbe9c, 0x0000, 0xf81f, 0xf81f, 0xf81f, 0xf81f, 0xf81f, 0xf81f, 0xf81f, 0xf81f, 0xf81f,
    0xf81f, 0xf81f, 0xf81f, 0xf81f, 0xf81f, 0xf81f, 0xf81f, 0xf81f, 0xf81f, 0xf81f, 0xf81f, 0xf81f,
    0xf81f, 0xf81f, 0xf81f, 0xf81f, 0xf81f, 0xf81f, 0xf81f, 0xf81f, 0xf81f, 0xf81f, 0xf81f, 0xf81f,
    0x0000, 0x0000, 0xffff, 0xffff, 0xffff, 0xffff, 0xbe9c, 0xbe9c, 0x8537, 0x8537, 0x8537, 0x0000,
    0xffff, 0xffff, 0xffff, 0xffff, 0xffff, 0xbe9c, 0xbe9c, 0xbe9c, 0xbe9c, 0xbe9c, 0xbe9c, 0xffff,
    0xffff, 0xffff, 0xffff, 0xffff, 0xffff, 0xffff, 0xffff, 0xffff, 0xbe9c, 0xbe9c, 0xbe9c, 0xbe9c,
    0xbe9c, 0xbe9c, 0xffff, 0xbe9c, 0xbe9c, 0x4452, 0x0000, 0x0000, 0xffff, 0xffff, 0xffff, 0xffff,
    0xffff, 0xffff, 0xffff, 0xffff, 0xffff, 0xffff, 0xffff, 0xffff, 0x6db8, 0x8537, 0x6db8, 0xbe9c,
    0xbe9c, 0xbe9c, 0x0000, 0xf81f, 0xf81f, 0xf81f, 0xf81f, 0xf81f, 0xf81f, 0xf81f, 0xf81f, 0xf81f,
    0xf81f, 0xf81f, 0xf81f, 0xf81f, 0xf81f, 0xf81f, 0xf81f, 0xf81f, 0xf81f, 0xf81f, 0xf81f, 0xf81f,
    0xf81f, 0xf81f, 0xf81f, 0xf81f, 0xf81f, 0xf81f, 0xf81f, 0xf81f, 0xf81f, 0xf81f, 0xf81f, 0xf81f,
    0x0000, 0xffff, 0xffff, 0xffff, 0xffff, 0xffff, 0xbe9c, 0xbe9c, 0x8537, 0x8537, 0x8537, 0x0000,
    0xffff, 0xffff, 0xffff, 0xffff, 0xffff, 0xffff, 0xbe9c, 0xffff, 0xffff, 0xffff, 0xffff, 0xffff,
    0xffff, 0xffff, 0xffff, 0xffff, 0xffff, 0xffff, 0xffff, 0xffff, 0xffff, 0xbe9c, 0xbe9c, 0xbe9c,
    0xffff, 0xffff, 0xffff, 0xbe9c, 0x8e19, 0x4452, 0x0000, 0xffff, 0xffff, 0xffff, 0xffff, 0xffff,
    0xffff, 0xffff, 0xffff, 0xffff, 0xffff, 0xffff, 0xffff, 0xffff, 0x8537, 0x8537, 0x6db8, 0xbe9c,
    0xbe9c, 0x8537, 0x0000, 0xf81f, 0xf81f, 0xf81f, 0xf81f, 0xf81f, 0xf81f, 0xf81f, 0xf81f, 0xf81f,
    0xf81f, 0xf81f, 0xf81f, 0xf81f, 0xf81f, 0xf81f, 0xf81f, 0xf81f, 0xf81f, 0xf81f, 0xf81f, 0xf81f,
    0xf81f, 0xf81f, 0xf81f, 0xf81f, 0xf81f, 0xf81f, 0xf81f, 0xf81f, 0xf81f, 0xf81f, 0xf81f, 0xf81f,
    0x0000, 0xffff, 0xffff, 0xffff, 0xffff, 0xffff, 0xbe9c, 0xbe9c, 0x8537, 0x8537, 0x8537, 0x8537,
    0x0000, 0xffff, 0xffff, 0xffff, 0xffff, 0xffff, 0xffff, 0xffff, 0xffff, 0xffff, 0xffff, 0xffff,
    0xffff, 0xffff, 0xffff, 0xffff, 0xffff, 0xffff, 0xffff, 0xffff, 0xffff, 0xffff, 0xffff, 0xffff,
    0xffff, 0xffff, 0xffff, 0xbe9c, 0x4452, 0x4452, 0x0000, 0xffff, 0xffff, 0xffff, 0xffff, 0xffff,
    0xffff, 0xffff, 0xffff, 0xffff, 0xffff, 0xffff, 0xffff, 0x8537, 0x8537, 0x8537, 0x6db8, 0xbe9c,
    0xbe9c, 0x8537, 0x0000, 0xf81f, 0xf81f, 0xf81f, 0xf81f, 0xf81f, 0xf81f, 0xf81f, 0xf81f, 0xf81f,
    0xf81f, 0xf81f, 0xf81f, 0xf81f, 0xf81f, 0xf81f, 0xf81f, 0xf81f, 0xf81f, 0xf81f, 0xf81f, 0xf81f,
    0xf81f, 0xf81f, 0xf81f, 0xf81f, 0xf81f, 0xf81f, 0xf81f, 0xf81f, 0xf81f, 0xf81f, 0xf81f, 0xf81f,
    0x0000, 0xffff, 0xffff, 0xffff, 0xffff, 0xffff, 0xbe9c, 0xbe9c, 0x8537, 0x8537, 0x8537, 0x8537,
    0x0000, 0xffff, 0xffff, 0xffff, 0xffff, 0xffff, 0xffff, 0xffff, 0xffff, 0xffff, 0xffff, 0xffff,
    0xffff, 0xffff, 0xffff, 0xffff, 0xffff, 0xffff, 0xffff, 0xffff, 0xffff, 0xffff, 0xffff, 0xbe9c,
    0xbe9c, 0xffff, 0xffff, 0xbe9c, 0x4452, 0x4452, 0x0000, 0xffff, 0xffff, 0xffff, 0xffff, 0xffff,
    0xffff, 0xffff, 0xffff, 0xffff, 0xffff, 0xffff, 0xffff, 0x8537, 0x6db8, 0x6db8, 0xbe9c, 0x6db8,
    0x8537, 0x8537, 0x0000, 0xf81f, 0xf81f, 0xf81f, 0xf81f, 0xf81f, 0xf81f, 0xf81f, 0xf81f, 0xf81f,
    0xf81f, 0xf81f, 0xf81f, 0xf81f, 0xf81f, 0xf81f, 0xf81f, 0xf81f, 0xf81f, 0xf81f, 0xf81f, 0xf81f,
    0xf81f, 0xf81f, 0xf81f, 0xf81f, 0xf81f, 0xf81f, 0xf81f, 0xf81f, 0xf81f, 0xf81f, 0xf81f, 0xf81f,
    0x0000, 0xffff, 0xffff, 0xffff, 0xffff, 0xffff, 0xbe9c, 0xbe9c, 0x8537, 0x8537, 0x8537, 0x8537,
    0x0000, 0xffff, 0xffff, 0xffff, 0xffff, 0xffff, 0xffff, 0xffff, 0xffff, 0xffff, 0xffff, 0xffff,
    0xffff, 0xffff, 0xffff, 0xffff, 0xffff, 0xffff, 0xffff, 0xffff, 0xffff, 0xffff, 0xffff, 0xbe9c,
    0xbe9c, 0xbe9c, 0xbe9c, 0xffff, 0x4452, 0x4452, 0x0000, 0xffff, 0xffff, 0xffff, 0xffff, 0xffff,
    0xffff, 0xffff, 0xffff, 0xffff, 0xffff, 0x8537, 0x8537, 0x8537, 0x6db8, 0x6db8, 0x6db8, 0x6db8,
    0x8537, 0x0000, 0x0000, 0xf81f, 0xf81f, 0xf81f, 0xf81f, 0xf81f, 0xf81f, 0xf81f, 0xf81f, 0xf81f,
    0xf81f, 0xf81f, 0xf81f, 0xf81f, 0xf81f, 0xf81f, 0xf81f, 0xf81f, 0xf81f, 0xf81f, 0xf81f, 0xf81f,
    0xf81f, 0xf81f, 0xf81f, 0xf81f, 0xf81f, 0xf81f, 0xf81f, 0xf81f, 0xf81f, 0xf81f, 0xf81f, 0xf81f,
    0x0000, 0xffff, 0xffff, 0xffff, 0xffff, 0xffff, 0xbe9c, 0xbe9c, 0x8537, 0x8537, 0x8537, 0x8537,
    0x0000, 0xffff, 0xffff, 0xffff, 0xffff, 0xffff, 0xffff, 0xffff, 0xffff, 0xffff, 0xffff, 0xffff,
    0xffff, 0xffff, 0xffff, 0xffff, 0xffff, 0xffff, 0xffff, 0xffff, 0xffff, 0xffff, 0xffff, 0xbe9c,
    0xbe9c, 0xbe9c, 0xbe9c, 0xffff, 0x4452, 0x4452, 0x0000, 0xffff, 0xffff, 0xffff, 0xffff, 0xffff,
    0xffff, 0xffff, 0xffff, 0xffff, 0xffff, 0x8537, 0x8537, 0x8537, 0x6db8, 0x6db8, 0x6db8, 0x6db8,
    0x8537, 0x0000, 0x0000, 0xf81f, 0xf81f, 0xf81f, 0xf81f, 0xf81f, 0xf81f, 0xf81f, 0xf81f, 0xf81f,
    0xf81f, 0xf81f, 0xf81f, 0xf81f, 0xf81f, 0xf81f, 0xf81f, 0xf81f, 0xf81f, 0xf81f, 0xf81f, 0xf81f,
    0xf81f, 0xf81f, 0xf81f, 0xf81f, 0xf81f, 0xf81f, 0xf81f, 0xf81f, 0xf81f, 0xf81f, 0xf81f, 0xf81f,
    0xf81f, 0x0000, 0xffff, 0xffff, 0xffff, 0xffff, 0xbe9c, 0xbe9c, 0x8537, 0x8537, 0x8537, 0x8537,
    0x0000, 0xffff, 0xffff, 0xffff, 0xffff, 0xffff, 0xffff, 0xffff, 0xffff, 0xffff, 0xffff, 0xffff,
    0xffff, 0xffff, 0x2bb0, 0x2bb0, 0xffff, 0xffff, 0xffff, 0xffff, 0xffff, 0xffff, 0xffff, 0xffff,
    0xffff, 0xffff, 0xffff, 0xbe9c, 0x4452, 0x4452, 0x0000, 0xffff, 0xffff, 0xffff, 0xffff, 0xffff,
    0xffff, 0xffff, 0xffff, 0xffff, 0x8537, 0x8537, 0x8537, 0x8537, 0x6db8, 0x6db8, 0x6db8, 0x8537,
    0x8537, 0x0000, 0xf81f, 0xf81f, 0xf81f, 0xf81f, 0xf81f, 0xf81f, 0xf81f, 0xf81f, 0xf81f, 0xf81f,
    0xf81f, 0xf81f, 0xf81f, 0xf81f, 0xf81f, 0xf81f, 0xf81f, 0xf81f, 0xf81f, 0xf81f, 0xf81f, 0xf81f,
    0xf81f, 0xf81f, 0xf81f, 0xf81f, 0xf81f, 0xf81f, 0xf81f, 0xf81f, 0xf81f, 0xf81f, 0xf81f, 0xf81f,
    0xf81f, 0x0000, 0xffff, 0x0000, 0x0000, 0x0000, 0xbe9c, 0xbe9c, 0x8537, 0x8537, 0x8537, 0x8537,
    0x0000, 0x0000, 0xffff, 0xffff, 0xffff, 0xffff, 0xffff, 0xffff, 0xffff, 0xffff, 0xffff, 0xffff,
    0xffff, 0xffff, 0x2bb0, 0x2bb0, 0xbe9c, 0xffff, 0xffff, 0xffff, 0xffff, 0xffff, 0xffff, 0xffff,
    0xffff, 0xffff, 0xffff, 0xffff, 0x4452, 0x4452, 0x0000, 0xffff, 0xffff, 0xffff, 0xffff, 0xffff,
    0xffff, 0xffff, 0xffff, 0xffff, 0x8537, 0x8537, 0x8537, 0x8537, 0x6db8, 0x6db8, 0x8537, 0x8537,
    0x0000, 0xf81f, 0xf81f, 0xf81f, 0xf81f, 0xf81f, 0xf81f, 0xf81f, 0xf81f, 0xf81f, 0xf81f, 0xf81f,
    0xf81f, 0xf81f, 0xf81f, 0xf81f, 0xf81f, 0xf81f, 0xf81f, 0xf81f, 0xf81f, 0xf81f, 0xf81f, 0xf81f,
    0xf81f, 0xf81f, 0xf81f, 0xf81f, 0xf81f, 0xf81f, 0xf81f, 0xf81f, 0xf81f, 0xf81f, 0xf81f, 0xf81f,
    0xf81f, 0x0000, 0x0000, 0x0000, 0x2b10, 0x0000, 0x0000, 0xbe9c, 0x8537, 0x8537, 0x8537, 0x8537,
    0x8537, 0x0000, 0xffff, 0xffff, 0xffff, 0xffff, 0xffff, 0xffff, 0xffff, 0xffff, 0xffff, 0xffff,
    0xffff, 0xffff, 0x2bb0, 0x2bb0, 0xbe9c, 0xffff, 0xffff, 0xffff, 0xffff, 0xffff, 0xffff, 0xffff,
    0xffff, 0xffff, 0xffff, 0xffff, 0x4452, 0x4452, 0x0000, 0xffff, 0xffff, 0xffff, 0xffff, 0xffff,
    0xffff, 0xffff, 0xffff, 0x8537, 0x8537, 0x8537, 0x8537, 0x8537, 0x8537, 0x8537, 0x8537, 0x0000,
    0x0000, 0xf81f, 0xf81f, 0xf81f, 0xf81f, 0xf81f, 0xf81f, 0xf81f, 0xf81f, 0xf81f, 0xf81f, 0xf81f,
    0xf81f, 0xf81f, 0xf81f, 0xf81f, 0xf81f, 0xf81f, 0xf81f, 0xf81f, 0xf81f, 0xf81f, 0xf81f, 0xf81f,
    0xf81f, 0xf81f, 0xf81f, 0xf81f, 0xf81f, 0xf81f, 0xf81f, 0xf81f, 0xf81f, 0xf81f, 0xf81f, 0xf81f,
    0xf81f, 0xf81f, 0x0000, 0x0000, 0x2b10, 0x2b10, 0x0000, 0x0000, 0xbe9c, 0x8537, 0x8537, 0x8537,
    0x8537, 0x0000, 0x0000, 0xffff, 0xffff, 0xffff, 0xffff, 0xffff, 0xffff, 0xffff, 0xffff, 0xffff,
    0xffff, 0xffff, 0x2bb0, 0x2bb0, 0x2bb0, 0x2bb0, 0xffff, 0xffff, 0xffff, 0xffff, 0xffff, 0xffff,
    0xffff, 0xffff, 0xffff, 0xffff, 0x4452, 0x4452, 0x0000, 0x0000, 0xffff, 0xffff, 0xffff, 0xffff,
    0x0000, 0x0000, 0x0000, 0x8537, 0x8537, 0x8537, 0x8537, 0x8537, 0x8537, 0x8537, 0x8537, 0x0000,
    0xf81f, 0xf81f, 0xf81f, 0xf81f, 0xf81f, 0xf81f, 0xf81f, 0xf81f, 0xf81f, 0xf81f, 0xf81f, 0xf81f,
    0xf81f, 0xf81f, 0xf81f, 0xf81f, 0xf81f, 0xf81f, 0xf81f, 0xf81f, 0xf81f, 0xf81f, 0xf81f, 0xf81f,
    0xf81f, 0xf81f, 0xf81f, 0xf81f, 0xf81f, 0xf81f, 0xf81f, 0xf81f, 0xf81f, 0xf81f, 0xf81f, 0xf81f,
    0xf81f, 0xf81f, 0xf81f, 0x0000, 0x2b10, 0x2b10, 0x7d9a, 0x7d9a, 0x0000, 0xbe9c, 0xbe9c, 0xbe9c,
    0xbe9c, 0xbe9c, 0x0000, 0xffff, 0xffff, 0xffff, 0xffff, 0xffff, 0xffff, 0xffff, 0xffff, 0xffff,
    0xffff, 0xffff, 0xbe9c, 0xbe9c, 0x2bb0, 0x2bb0, 0x2bb0, 0xffff, 0xffff, 0xffff, 0xffff, 0xffff,
    0xffff, 0xffff, 0xffff, 0xffff, 0x4452, 0x4452, 0x22cc, 0x0000, 0xffff, 0xffff, 0xffff, 0x0000,
    0x2b10, 0x2b10, 0x0000, 0x0000, 0x0000, 0x8537, 0x8537, 0x0000, 0x8537, 0x0000, 0x0000, 0x0000,
    0xf81f, 0xf81f, 0xf81f, 0xf81f, 0xf81f, 0xf81f, 0xf81f, 0xf81f, 0xf81f, 0xf81f, 0xf81f, 0xf81f,
    0xf81f, 0xf81f, 0xf81f, 0xf81f, 0xf81f, 0xf81f, 0xf81f, 0xf81f, 0xf81f, 0xf81f, 0xf81f, 0xf81f,
    0xf81f, 0xf81f, 0xf81f, 0xf81f, 0xf81f, 0xf81f, 0xf81f, 0xf81f, 0xf81f, 0xf81f, 0xf81f, 0xf81f,
    0xf81f, 0xf81f, 0xf81f, 0x0000, 0x2b10, 0x2b10, 0x7d9a, 0x7d9a, 0x1168, 0x0000, 0xbe9c, 0xbe9c,
    0xbe9c, 0xbe9c, 0x0000, 0xffff, 0xffff, 0xffff, 0xffff, 0xffff, 0xffff, 0xffff, 0xffff, 0xffff,
    0xffff, 0xffff, 0xbe9c, 0xbe9c, 0x8537, 0x2bb0, 0x2bb0, 0xffff, 0xffff, 0xffff, 0xffff, 0xffff,
    0xffff, 0xffff, 0xffff, 0xffff, 0x2bb0, 0x4452, 0x4452, 0x0000, 0xffff, 0xffff, 0xffff, 0x0000,
    0x4c56, 0x4c56, 0x2b10, 0x2b10, 0x0000, 0x0000, 0x0000, 0x0000, 0x2b10, 0x2b10, 0x2b10, 0x0000,
    0x0000, 0xf81f, 0xf81f, 0xf81f, 0xf81f, 0xf81f, 0xf81f, 0xf81f, 0xf81f, 0xf81f, 0xf81f, 0xf81f,
    0xf81f, 0xf81f, 0xf81f, 0xf81f, 0xf81f, 0xf81f, 0xf81f, 0xf81f, 0xf81f, 0xf81f, 0xf81f, 0xf81f,
    0xf81f, 0xf81f, 0xf81f, 0xf81f, 0xf81f, 0xf81f, 0xf81f, 0xf81f, 0xf81f, 0xf81f, 0xf81f, 0xf81f,
    0xf81f, 0xf81f, 0xf81f, 0x0000, 0x0000, 0x2b10, 0x7d9a, 0x0000, 0x1168, 0x1168, 0x0000, 0x0000,
    0xbe9c, 0xbe9c, 0x0000, 0xffff, 0xffff, 0xffff, 0xffff, 0xffff, 0xffff, 0xffff, 0xffff, 0xffff,
    0xffff, 0xffff, 0xbe9c, 0xbe9c, 0x2bb0, 0x2bb0, 0x0000, 0x0000, 0xffff, 0xffff, 0xffff, 0xffff,
    0xffff, 0xffff, 0xffff, 0xffff, 0x2bb0, 0x2bb0, 0x4452, 0x0000, 0x0000, 0xffff, 0xffff, 0x0000,
    0x4c56, 0x4c56, 0x2b10, 0x2b10, 0x2b10, 0x2b10, 0x0000, 0x0000, 0x2b10, 0x2b10, 0x2b10, 0x0000,
    0x0000, 0xf81f, 0xf81f, 0xf81f, 0xf81f, 0xf81f, 0xf81f, 0xf81f, 0xf81f, 0xf81f, 0xf81f, 0xf81f,
    0xf81f, 0xf81f, 0xf81f, 0xf81f, 0xf81f, 0xf81f, 0xf81f, 0xf81f, 0xf81f, 0xf81f, 0xf81f, 0xf81f,
    0xf81f, 0xf81f, 0xf81f, 0xf81f, 0xf81f, 0xf81f, 0xf81f, 0xf81f, 0xf81f, 0xf81f, 0xf81f, 0xf81f,
    0xf81f, 0xf81f, 0xf81f, 0xf81f, 0x0000, 0x2b10, 0x7d9a, 0x0000, 0x1168, 0x1168, 0x1168, 0x1168,
    0x0000, 0x0000, 0x0000, 0xffff, 0xffff, 0xffff, 0xffff, 0xffff, 0xffff, 0xffff, 0xffff, 0xffff,
    0xffff, 0xffff, 0xbe9c, 0xbe9c, 0x8537, 0x2bb0, 0x2bb0, 0x0000, 0xffff, 0xffff, 0xffff, 0xffff,
    0xffff, 0xffff, 0xffff, 0xffff, 0x2bb0, 0x2bb0, 0x4452, 0x0000, 0x0000, 0x0000, 0xffff, 0x0000,
    0x4c56, 0x4c56, 0x2b10, 0x2b10, 0x2b10, 0x2b10, 0x2b10, 0x2b10, 0x2b10, 0x2b10, 0x2b10, 0x2b10,
    0x0000, 0xf81f, 0xf81f, 0xf81f, 0xf81f, 0xf81f, 0xf81f, 0xf81f, 0xf81f, 0xf81f, 0xf81f, 0xf81f,
    0xf81f, 0xf81f, 0xf81f, 0xf81f, 0xf81f, 0xf81f, 0xf81f, 0xf81f, 0xf81f, 0xf81f, 0xf81f, 0xf81f,
    0xf81f, 0xf81f, 0xf81f, 0xf81f, 0xf81f, 0xf81f, 0xf81f, 0xf81f, 0xf81f, 0xf81f, 0xf81f, 0xf81f,
    0xf81f, 0xf81f, 0xf81f, 0xf81f, 0x0000, 0x2b10, 0x7d9a, 0x0000, 0x1168, 0x1168, 0x1168, 0x1168,
    0x1168, 0x1168, 0x0000, 0xffff, 0xffff, 0xffff, 0xffff, 0xffff, 0xffff, 0xffff, 0xffff, 0xffff,
    0xffff, 0xffff, 0xbe9c, 0xbe9c, 0x8537, 0x2bb0, 0x2bb0, 0x0000, 0x0000, 0xffff, 0xffff, 0xffff,
    0xffff, 0xffff, 0xffff, 0xffff, 0x2bb0, 0x2bb0, 0x2bb0, 0x0000, 0x1168, 0x0000, 0x0000, 0x0000,
    0x4c56, 0x4c56, 0x2b10, 0x2b10, 0x2b10, 0x2b10, 0x2b10, 0x2b10, 0x2b10, 0x2b10, 0x4c56, 0x2b10,
    0x0000, 0xf81f, 0xf81f, 0xf81f, 0xf81f, 0xf81f, 0xf81f, 0xf81f, 0xf81f, 0xf81f, 0xf81f, 0xf81f,
    0xf81f, 0xf81f, 0xf81f, 0xf81f, 0xf81f, 0xf81f, 0xf81f, 0xf81f, 0xf81f, 0xf81f, 0xf81f, 0xf81f,
    0xf81f, 0xf81f, 0xf81f, 0xf81f, 0xf81f, 0xf81f, 0xf81f, 0xf81f, 0xf81f, 0xf81f, 0xf81f, 0xf81f,
    0xf81f, 0xf81f, 0xf81f, 0xf81f, 0x0000, 0x7d9a, 0x7d9a, 0x0000, 0x1168, 0x1168, 0x0000, 0x1168,
    0x1168, 0x1168, 0x0000, 0xffff, 0xffff, 0xffff, 0xffff, 0xffff, 0xffff, 0xffff, 0xffff, 0xffff,
    0xffff, 0xffff, 0xbe9c, 0xbe9c, 0x8537, 0x8537, 0x2bb0, 0x0000, 0x0000, 0x0000, 0xffff, 0xffff,
    0xffff, 0xffff, 0xffff, 0xffff, 0x2bb0, 0x2bb0, 0x2bb0, 0x0000, 0x1168, 0x1168, 0x0000, 0x0000,
    0x4c56, 0x4c56, 0x4c56, 0x4c56, 0x2b10, 0x4c56, 0x4c56, 0x4c56, 0x4c56, 0x4c56, 0x4c56, 0x4c56,
    0x0000, 0xf81f, 0xf81f, 0xf81f, 0xf81f, 0xf81f, 0xf81f, 0xf81f, 0xf81f, 0xf81f, 0xf81f, 0xf81f,
    0xf81f, 0xf81f, 0xf81f, 0xf81f, 0xf81f, 0xf81f, 0xf81f, 0xf81f, 0xf81f, 0xf81f, 0xf81f, 0xf81f,
    0xf81f, 0xf81f, 0xf81f, 0xf81f, 0xf81f, 0xf81f, 0xf81f, 0xf81f, 0xf81f, 0xf81f, 0xf81f, 0xf81f,
    0xf81f, 0xf81f, 0xf81f, 0xf81f, 0x0000, 0x2b10, 0x2b10, 0x0000, 0x1168, 0x1168, 0x0000, 0x1168,
    0x1168, 0x1168, 0x0000, 0xffff, 0xffff, 0xffff, 0xffff, 0xffff, 0xffff, 0xffff, 0xffff, 0xffff,
    0xffff, 0xffff, 0xbe9c, 0xbe9c, 0x8537, 0x8537, 0x2bb0, 0x0000, 0xf81f, 0x0000, 0xffff, 0xffff,
    0xffff, 0xffff, 0xffff, 0xffff, 0xffff, 0x2bb0, 0x2bb0, 0x0000, 0x1168, 0x1168, 0x1168, 0x0000,
    0x4c56, 0x4c56, 0x4c56, 0x4c56, 0x4c56, 0x4c56, 0x0000, 0x4c56, 0x4c56, 0x0000, 0x4c56, 0x0000,
    0xf81f, 0xf81f, 0xf81f, 0xf81f, 0xf81f, 0xf81f, 0xf81f, 0xf81f, 0xf81f, 0xf81f, 0xf81f, 0xf81f,
    0xf81f, 0xf81f, 0xf81f, 0xf81f, 0xf81f, 0xf81f, 0xf81f, 0xf81f, 0xf81f, 0xf81f, 0xf81f, 0xf81f,
    0xf81f, 0xf81f, 0xf81f, 0xf81f, 0xf81f, 0xf81f, 0xf81f, 0xf81f, 0xf81f, 0xf81f, 0xf81f, 0xf81f,
    0xf81f, 0xf81f, 0xf81f, 0xf81f, 0xf81f, 0x0000, 0x0000, 0x0000, 0x1168, 0x1168, 0x0000, 0x1168,
    0x1168, 0x1168, 0x0000, 0xffff, 0xffff, 0xffff, 0xffff, 0xffff, 0xffff, 0xffff, 0xffff, 0xffff,
    0xffff, 0xffff, 0xbe9c, 0xbe9c, 0x8537, 0x8537, 0x2bb0, 0x0000, 0xf81f, 0x0000, 0xffff, 0xffff,
    0xffff, 0xffff, 0xffff, 0xffff, 0xffff, 0x2bb0, 0x2bb0, 0x0000, 0x0000, 0x1168, 0x1168, 0x0000,
    0x4c56, 0x4c56, 0x4c56, 0x0000, 0x4c56, 0x4c56, 0x0000, 0x4c56, 0x4c56, 0x0000, 0x4c56, 0x0000,
    0xf81f, 0xf81f, 0xf81f, 0xf81f, 0xf81f, 0xf81f, 0xf81f, 0xf81f, 0xf81f, 0xf81f, 0xf81f, 0xf81f,
    0xf81f, 0xf81f, 0xf81f, 0xf81f, 0xf81f, 0xf81f, 0xf81f, 0xf81f, 0xf81f, 0xf81f, 0xf81f, 0xf81f,
    0xf81f, 0xf81f, 0xf81f, 0xf81f, 0xf81f, 0xf81f, 0xf81f, 0xf81f, 0xf81f, 0xf81f, 0xf81f, 0xf81f,
    0xf81f, 0xf81f, 0xf81f, 0xf81f, 0xf81f, 0xf81f, 0xf81f, 0x0000, 0x0000, 0x1168, 0x0000, 0x1168,
    0x1168, 0x1168, 0x0000, 0xffff, 0xbe9c, 0xffff, 0xffff, 0xffff, 0xffff, 0xffff, 0xffff, 0xffff,
    0xffff, 0xffff, 0xbe9c, 0xbe9c, 0x8537, 0x8537, 0x2bb0, 0x0000, 0xf81f, 0x0000, 0xffff, 0xffff,
    0xffff, 0xffff, 0xffff, 0xffff, 0xffff, 0x8e19, 0x2bb0, 0x2bb0, 0x2bb0, 0x0000, 0x0000, 0x0000,
    0x4c56, 0x4c56, 0x4c56, 0x0000, 0x4c56, 0x4c56, 0x0000, 0x4c56, 0x4c56, 0x0000, 0x4c56, 0x0000,
    0xf81f, 0xf81f, 0xf81f, 0xf81f, 0xf81f, 0xf81f, 0xf81f, 0xf81f, 0xf81f, 0xf81f, 0xf81f, 0xf81f,
    0xf81f, 0xf81f, 0xf81f, 0xf81f, 0xf81f, 0xf81f, 0xf81f, 0xf81f, 0xf81f, 0xf81f, 0xf81f, 0xf81f,
    0xf81f, 0xf81f, 0xf81f, 0xf81f, 0xf81f, 0xf81f, 0xf81f, 0xf81f, 0xf81f, 0xf81f, 0xf81f, 0xf81f,
    0xf81f, 0xf81f, 0xf81f, 0xf81f, 0xf81f, 0xf81f, 0xf81f, 0xf81f, 0x0000, 0x1168, 0x0000, 0x1168,
    0x1168, 0x0000, 0x0000, 0xffff, 0xbe9c, 0xbe9c, 0xbe9c, 0xbe9c, 0xbe9c, 0xffff, 0xffff, 0xffff,
    0xffff, 0xffff, 0xbe9c, 0xbe9c, 0x8537, 0x8537, 0x2bb0, 0x0000, 0xf81f, 0x0000, 0xffff, 0xffff,
    0xffff, 0xffff, 0xffff, 0xffff, 0xffff, 0xffff, 0x2bb0, 0x2bb0, 0x2bb0, 0x2bb0, 0x2bb0, 0x0000,
    0x4c56, 0x4c56, 0x4c56, 0x0000, 0x4c56, 0x4c56, 0x0000, 0x4c56, 0x4c56, 0x0000, 0x0000, 0x0000,
    0xf81f, 0xf81f, 0xf81f, 0xf81f, 0xf81f, 0xf81f, 0xf81f, 0xf81f, 0xf81f, 0xf81f, 0xf81f, 0xf81f,
    0xf81f, 0xf81f, 0xf81f, 0xf81f, 0xf81f, 0xf81f, 0xf81f, 0xf81f, 0xf81f, 0xf81f, 0xf81f, 0xf81f,
    0xf81f, 0xf81f, 0xf81f, 0xf81f, 0xf81f, 0xf81f, 0xf81f, 0xf81f, 0xf81f, 0xf81f, 0xf81f, 0xf81f,
    0xf81f, 0xf81f, 0xf81f, 0xf81f, 0xf81f, 0xf81f, 0xf81f, 0xf81f, 0x0000, 0x0000, 0x0000, 0x0000,
    0x0000, 0x0000, 0x0000, 0xffff, 0xbe9c, 0xbe9c, 0xbe9c, 0xbe9c, 0xbe9c, 0xffff, 0xffff, 0xffff,
    0xffff, 0xffff, 0xbe9c, 0xbe9c, 0x8537, 0x8537, 0x8537, 0x0000, 0xf81f, 0x0000, 0xffff, 0xffff,
    0xffff, 0xffff, 0xffff, 0xffff, 0xffff, 0xffff, 0x8e19, 0x2bb0, 0x2bb0, 0x2bb0, 0x2bb0, 0x0000,
    0x0000, 0x0000, 0x0000, 0x0000, 0x0000, 0x0000, 0x0000, 0x0000, 0x0000, 0x0000, 0xf81f, 0xf81f,
    0xf81f, 0xf81f, 0xf81f, 0xf81f, 0xf81f, 0xf81f, 0xf81f, 0xf81f, 0xf81f, 0xf81f, 0xf81f, 0xf81f,
    0xf81f, 0xf81f, 0xf81f, 0xf81f, 0xf81f, 0xf81f, 0xf81f, 0xf81f, 0xf81f, 0xf81f, 0xf81f, 0xf81f,
    0xf81f, 0xf81f, 0xf81f, 0xf81f, 0xf81f, 0xf81f, 0xf81f, 0xf81f, 0xf81f, 0xf81f, 0xf81f, 0xf81f,
    0xf81f, 0xf81f, 0xf81f, 0xf81f, 0xf81f, 0xf81f, 0xf81f, 0xf81f, 0xf81f, 0xf81f, 0xf81f, 0xf81f,
    0xf81f, 0xf81f, 0x0000, 0xffff, 0xffff, 0xbe9c, 0xbe9c, 0xbe9c, 0xbe9c, 0xffff, 0xffff, 0xffff,
    0xffff, 0xffff, 0xbe9c, 0xbe9c, 0x8537, 0x8537, 0x8537, 0x0000, 0xf81f, 0x0000, 0xffff, 0xffff,
    0xffff, 0xbe9c, 0xffff, 0xffff, 0xffff, 0xffff, 0xffff, 0x8e19, 0x2bb0, 0x2bb0, 0x2bb0, 0x2bb0,
    0x2bb0, 0x2bb0, 0x2bb0, 0x2bb0, 0x2bb0, 0x0000, 0xf81f, 0xf81f, 0xf81f, 0xf81f, 0xf81f, 0xf81f,
    0xf81f, 0xf81f, 0xf81f, 0xf81f, 0xf81f, 0xf81f, 0xf81f, 0xf81f, 0xf81f, 0xf81f, 0xf81f, 0xf81f,
    0xf81f, 0xf81f, 0xf81f, 0xf81f, 0xf81f, 0xf81f, 0xf81f, 0xf81f, 0xf81f, 0xf81f, 0xf81f, 0xf81f,
    0xf81f, 0xf81f, 0xf81f, 0xf81f, 0xf81f, 0xf81f, 0xf81f, 0xf81f, 0xf81f, 0xf81f, 0xf81f, 0xf81f,
    0xf81f, 0xf81f, 0xf81f, 0xf81f, 0xf81f, 0xf81f, 0xf81f, 0xf81f, 0xf81f, 0xf81f, 0xf81f, 0xf81f,
    0xf81f, 0xf81f, 0x0000, 0xffff, 0xffff, 0xbe9c, 0xffff, 0xffff, 0xffff, 0xffff, 0xffff, 0xffff,
    0xffff, 0xffff, 0xbe9c, 0xbe9c, 0x8537, 0x8537, 0x8537, 0x0000, 0xf81f, 0x0000, 0xffff, 0xffff,
    0xffff, 0xbe9c, 0xbe9c, 0xbe9c, 0xbe9c, 0xbe9c, 0xffff, 0x8e19, 0x8e19, 0x8e19, 0x2bb0, 0x2bb0,
    0x2bb0, 0x2bb0, 0x2bb0, 0x2bb0, 0x2bb0, 0x0000, 0xf81f, 0xf81f, 0xf81f, 0xf81f, 0xf81f, 0xf81f,
    0xf81f, 0xf81f, 0xf81f, 0xf81f, 0xf81f, 0xf81f, 0xf81f, 0xf81f, 0xf81f, 0xf81f, 0xf81f, 0xf81f,
    0xf81f, 0xf81f, 0xf81f, 0xf81f, 0xf81f, 0xf81f, 0xf81f, 0xf81f, 0xf81f, 0xf81f, 0xf81f, 0xf81f,
    0xf81f, 0xf81f, 0xf81f, 0xf81f, 0xf81f, 0xf81f, 0xf81f, 0xf81f, 0xf81f, 0xf81f, 0xf81f, 0xf81f,
    0xf81f, 0xf81f, 0xf81f, 0xf81f, 0xf81f, 0xf81f, 0xf81f, 0xf81f, 0xf81f, 0xf81f, 0xf81f, 0xf81f,
    0xf81f, 0xf81f, 0x0000, 0xffff, 0xffff, 0xffff, 0xffff, 0xffff, 0xffff, 0xffff, 0xffff, 0xffff,
    0xffff, 0xffff, 0xbe9c, 0xbe9c, 0x8537, 0x8537, 0x8537, 0x0000, 0xf81f, 0x0000, 0xffff, 0xffff,
    0xffff, 0xbe9c, 0xbe9c, 0xbe9c, 0xbe9c, 0xbe9c, 0xffff, 0xffff, 0x8e19, 0x8e19, 0x8e19, 0x22cc,
    0x2bb0, 0x2bb0, 0x2bb0, 0x22cc, 0x22cc, 0x0000, 0xf81f, 0xf81f, 0xf81f, 0xf81f, 0xf81f, 0xf81f,
    0xf81f, 0xf81f, 0xf81f, 0xf81f, 0xf81f, 0xf81f, 0xf81f, 0xf81f, 0xf81f, 0xf81f, 0xf81f, 0xf81f,
    0xf81f, 0xf81f, 0xf81f, 0xf81f, 0xf81f, 0xf81f, 0xf81f, 0xf81f, 0xf81f, 0xf81f, 0xf81f, 0xf81f,
    0xf81f, 0xf81f, 0xf81f, 0xf81f, 0xf81f, 0xf81f, 0xf81f, 0xf81f, 0xf81f, 0xf81f, 0xf81f, 0xf81f,
    0xf81f, 0xf81f, 0xf81f, 0xf81f, 0xf81f, 0xf81f, 0xf81f, 0xf81f, 0xf81f, 0xf81f, 0xf81f, 0xf81f,
    0xf81f, 0xf81f, 0x0000, 0xffff, 0xffff, 0xffff, 0xffff, 0xffff, 0xffff, 0xffff, 0xffff, 0xffff,
    0xffff, 0xffff, 0xbe9c, 0xbe9c, 0x8537, 0x8537, 0x8537, 0x0000, 0xf81f, 0x0000, 0xffff, 0xffff,
    0xffff, 0xffff, 0xffff, 0xffff, 0xffff, 0xffff, 0xffff, 0xffff, 0xffff, 0xffff, 0x8e19, 0x8e19,
    0x8e19, 0x8e19, 0x8e19, 0xffff, 0xffff, 0x0000, 0xf81f, 0xf81f, 0xf81f, 0xf81f, 0xf81f, 0xf81f,
    0xf81f, 0xf81f, 0xf81f, 0xf81f, 0xf81f, 0xf81f, 0xf81f, 0xf81f, 0xf81f, 0xf81f, 0xf81f, 0xf81f,
    0xf81f, 0xf81f, 0xf81f, 0xf81f, 0xf81f, 0xf81f, 0xf81f, 0xf81f, 0xf81f, 0xf81f, 0xf81f, 0xf81f,
    0xf81f, 0xf81f, 0xf81f, 0xf81f, 0xf81f, 0xf81f, 0xf81f, 0xf81f, 0xf81f, 0xf81f, 0xf81f, 0xf81f,
    0xf81f, 0xf81f, 0xf81f, 0xf81f, 0xf81f, 0xf81f, 0xf81f, 0xf81f, 0xf81f, 0xf81f, 0xf81f, 0xf81f,
    0xf81f, 0xf81f, 0x0000, 0xffff, 0xffff, 0xffff, 0xffff, 0xffff, 0xffff, 0xffff, 0xffff, 0xffff,
    0xffff, 0xffff, 0xbe9c, 0xbe9c, 0x8537, 0x8537, 0x8537, 0x0000, 0xf81f, 0x0000, 0xffff, 0xffff,
    0xffff, 0xffff, 0xffff, 0xffff, 0xffff, 0xffff, 0xffff, 0xffff, 0xffff, 0xffff, 0xffff, 0xffff,
    0xffff, 0xffff, 0xffff, 0xffff, 0xffff, 0x0000, 0xf81f, 0xf81f, 0xf81f, 0xf81f, 0xf81f, 0xf81f,
    0xf81f, 0xf81f, 0xf81f, 0xf81f, 0xf81f, 0xf81f, 0xf81f, 0xf81f, 0xf81f, 0xf81f, 0xf81f, 0xf81f,
    0xf81f, 0xf81f, 0xf81f, 0xf81f, 0xf81f, 0xf81f, 0xf81f, 0xf81f, 0xf81f, 0xf81f, 0xf81f, 0xf81f,
    0xf81f, 0xf81f, 0xf81f, 0xf81f, 0xf81f, 0xf81f, 0xf81f, 0xf81f, 0xf81f, 0xf81f, 0xf81f, 0xf81f,
    0xf81f, 0xf81f, 0xf81f, 0xf81f, 0xf81f, 0xf81f, 0xf81f, 0xf81f, 0xf81f, 0xf81f, 0xf81f, 0xf81f,
    0xf81f, 0xf81f, 0x0000, 0xffff, 0xffff, 0xbe9c, 0xffff, 0xffff, 0xffff, 0xffff, 0xffff, 0xffff,
    0xffff, 0xffff, 0xbe9c, 0xbe9c, 0x8537, 0x8537, 0x8537, 0x0000, 0xf81f, 0x0000, 0xffff, 0xffff,
    0xffff, 0xffff, 0xffff, 0xffff, 0xffff, 0xffff, 0xffff, 0xffff, 0xffff, 0xffff, 0xffff, 0xffff,
    0xffff, 0xffff, 0xffff, 0xffff, 0xffff, 0x0000, 0xf81f, 0xf81f, 0xf81f, 0xf81f, 0xf81f, 0xf81f,
    0xf81f, 0xf81f, 0xf81f, 0xf81f, 0xf81f, 0xf81f, 0xf81f, 0xf81f, 0xf81f, 0xf81f, 0xf81f, 0xf81f,
    0xf81f, 0xf81f, 0xf81f, 0xf81f, 0xf81f, 0xf81f, 0xf81f, 0xf81f, 0xf81f, 0xf81f, 0xf81f, 0xf81f,
    0xf81f, 0xf81f, 0xf81f, 0xf81f, 0xf81f, 0xf81f, 0xf81f, 0xf81f, 0xf81f, 0xf81f, 0xf81f, 0xf81f,
    0xf81f, 0xf81f, 0xf81f, 0xf81f, 0xf81f, 0xf81f, 0xf81f, 0xf81f, 0xf81f, 0xf81f, 0xf81f, 0xf81f,
    0xf81f, 0xf81f, 0x0000, 0xffff, 0xffff, 0xbe9c, 0xbe9c, 0xbe9c, 0xffff, 0xbe9c, 0xffff, 0xffff,
    0xffff, 0xffff, 0xbe9c, 0xbe9c, 0x8537, 0x8537, 0x8537, 0x0000, 0xf81f, 0x0000, 0xffff, 0xffff,
    0xffff, 0xffff, 0xffff, 0xffff, 0xffff, 0xffff, 0xffff, 0xffff, 0xffff, 0xffff, 0xbe9c, 0xbe9c,
    0xbe9c, 0xffff, 0xbe9c, 0xbe9c, 0xffff, 0x0000, 0xf81f, 0xf81f, 0xf81f, 0xf81f, 0xf81f, 0xf81f,
    0xf81f, 0xf81f, 0xf81f, 0xf81f, 0xf81f, 0xf81f, 0xf81f, 0xf81f, 0xf81f, 0xf81f, 0xf81f, 0xf81f,
    0xf81f, 0xf81f, 0xf81f, 0xf81f, 0xf81f, 0xf81f, 0xf81f, 0xf81f, 0xf81f, 0xf81f, 0xf81f, 0xf81f,
    0xf81f, 0xf81f, 0xf81f, 0xf81f, 0xf81f, 0xf81f, 0xf81f, 0xf81f, 0xf81f, 0xf81f, 0xf81f, 0xf81f,
    0xf81f, 0xf81f, 0xf81f, 0xf81f, 0xf81f, 0xf81f, 0xf81f, 0xf81f, 0xf81f, 0xf81f, 0xf81f, 0xf81f,
    0xf81f, 0xf81f, 0x0000, 0xffff, 0xffff, 0xbe9c, 0xbe9c, 0xbe9c, 0xbe9c, 0xffff, 0xffff, 0xffff,
    0xffff, 0xbe9c, 0xbe9c, 0x8537, 0x8537, 0x8537, 0x8537, 0x0000, 0xf81f, 0x0000, 0xffff, 0xffff,
    0xffff, 0xffff, 0xffff, 0xffff, 0xffff, 0xffff, 0xffff, 0xffff, 0xffff, 0xffff, 0xffff, 0xbe9c,
    0xbe9c, 0xbe9c, 0xbe9c, 0xbe9c, 0xffff, 0x0000, 0xf81f, 0xf81f, 0xf81f, 0xf81f, 0xf81f, 0xf81f,
    0xf81f, 0xf81f, 0xf81f, 0xf81f, 0xf81f, 0xf81f, 0xf81f, 0xf81f, 0xf81f, 0xf81f, 0xf81f, 0xf81f,
    0xf81f, 0xf81f, 0xf81f, 0xf81f, 0xf81f, 0xf81f, 0xf81f, 0xf81f, 0xf81f, 0xf81f, 0xf81f, 0xf81f,
    0xf81f, 0xf81f, 0xf81f, 0xf81f, 0xf81f, 0xf81f, 0xf81f, 0xf81f, 0xf81f, 0xf81f, 0xf81f, 0xf81f,
    0xf81f, 0xf81f, 0xf81f, 0xf81f, 0xf81f, 0xf81f, 0xf81f, 0xf81f, 0xf81f, 0xf81f, 0xf81f, 0xf81f,
    0xf81f, 0xf81f, 0x0000, 0xffff, 0xffff, 0xffff, 0xffff, 0xffff, 0xffff, 0xffff, 0xffff, 0xffff,
    0xffff, 0xbe9c, 0xbe9c, 0x8537, 0x8537, 0x8537, 0x8537, 0x0000, 0xf81f, 0x0000, 0xffff, 0xffff,
    0x0000, 0x0000, 0xffff, 0xffff, 0xffff, 0xffff, 0xffff, 0xffff, 0xffff, 0xffff, 0xffff, 0xffff,
    0xffff, 0xffff, 0xffff, 0xffff, 0xffff, 0x0000, 0xf81f, 0xf81f, 0xf81f, 0xf81f, 0xf81f, 0xf81f,
    0xf81f, 0xf81f, 0xf81f, 0xf81f, 0xf81f, 0xf81f, 0xf81f, 0xf81f, 0xf81f, 0xf81f, 0xf81f, 0xf81f,
    0xf81f, 0xf81f, 0xf81f, 0xf81f, 0xf81f, 0xf81f, 0xf81f, 0xf81f, 0xf81f, 0xf81f, 0xf81f, 0xf81f,
    0xf81f, 0xf81f, 0xf81f, 0xf81f, 0xf81f, 0xf81f, 0xf81f, 0xf81f, 0xf81f, 0xf81f, 0xf81f, 0xf81f,
    0xf81f, 0xf81f, 0xf81f, 0xf81f, 0xf81f, 0xf81f, 0xf81f, 0xf81f, 0xf81f, 0xf81f, 0xf81f, 0xf81f,
    0xf81f, 0x0000, 0x0000, 0xffff, 0xffff, 0xffff, 0xffff, 0xffff, 0xffff, 0xffff, 0x0000, 0xffff,
    0xbe9c, 0xbe9c, 0x8537, 0x8537, 0x8537, 0x8537, 0x8537, 0x0000, 0xf81f, 0x0000, 0xffff, 0xffff,
    0x0000, 0x0000, 0xffff, 0xffff, 0xffff, 0xffff, 0xffff, 0xffff, 0xffff, 0x0000, 0xffff, 0xffff,
    0xffff, 0xffff, 0xffff, 0xffff, 0xffff, 0x0000, 0xf81f, 0xf81f, 0xf81f, 0xf81f, 0xf81f, 0xf81f,
    0xf81f, 0xf81f, 0xf81f, 0xf81f, 0xf81f, 0xf81f, 0xf81f, 0xf81f, 0xf81f, 0xf81f, 0xf81f, 0xf81f,
    0xf81f, 0xf81f, 0xf81f, 0xf81f, 0xf81f, 0xf81f, 0xf81f, 0xf81f, 0xf81f, 0xf81f, 0xf81f, 0xf81f,
    0xf81f, 0xf81f, 0xf81f, 0xf81f, 0xf81f, 0xf81f, 0xf81f, 0xf81f, 0xf81f, 0xf81f, 0xf81f, 0xf81f,
    0xf81f, 0xf81f, 0xf81f, 0xf81f, 0xf81f, 0xf81f, 0xf81f, 0xf81f, 0xf81f, 0xf81f, 0xf81f, 0xf81f,
    0xf81f, 0x0000, 0xffff, 0xffff, 0xffff, 0xffff, 0xffff, 0xffff, 0x0000, 0x0000, 0x0000, 0x0000,
    0xbe9c, 0xbe9c, 0x8537, 0x8537, 0x8537, 0x8537, 0x8537, 0x0000, 0xf81f, 0x0000, 0xffff, 0x0000,
    0x0000, 0x0000, 0xffff, 0xffff, 0xffff, 0xffff, 0xffff, 0xffff, 0xffff, 0x0000, 0x0000, 0xffff,
    0xffff, 0xffff, 0xffff, 0xffff, 0xffff, 0x0000, 0xf81f, 0xf81f, 0xf81f, 0xf81f, 0xf81f, 0xf81f,
    0xf81f, 0xf81f, 0xf81f, 0xf81f, 0xf81f, 0xf81f, 0xf81f, 0xf81f, 0xf81f, 0xf81f, 0xf81f, 0xf81f,
    0xf81f, 0xf81f, 0xf81f, 0xf81f, 0xf81f, 0xf81f, 0xf81f, 0xf81f, 0xf81f, 0xf81f, 0xf81f, 0xf81f,
    0xf81f, 0xf81f, 0xf81f, 0xf81f, 0xf81f, 0xf81f, 0xf81f, 0xf81f, 0xf81f, 0xf81f, 0xf81f, 0xf81f,
    0xf81f, 0xf81f, 0xf81f, 0xf81f, 0xf81f, 0xf81f, 0xf81f, 0xf81f, 0xf81f, 0xf81f, 0xf81f, 0xf81f,
    0xf81f, 0x0000, 0xffff, 0xffff, 0xffff, 0xffff, 0xffff, 0x0000, 0x0000, 0x1168, 0x1168, 0x0000,
    0xbe9c, 0xbe9c, 0xbe9c, 0x0000, 0x0000, 0x8537, 0x8537, 0x0000, 0xf81f, 0x0000, 0x0000, 0x0000,
    0x2b10, 0x0000, 0xffff, 0xffff, 0xffff, 0x0000, 0x0000, 0x0000, 0xffff, 0x0000, 0x2b10, 0x0000,
    0xffff, 0xffff, 0xffff, 0xffff, 0xffff, 0x0000, 0xf81f, 0xf81f, 0xf81f, 0xf81f, 0xf81f, 0xf81f,
    0xf81f, 0xf81f, 0xf81f, 0xf81f, 0xf81f, 0xf81f, 0xf81f, 0xf81f, 0xf81f, 0xf81f, 0xf81f, 0xf81f,
    0xf81f, 0xf81f, 0xf81f, 0xf81f, 0xf81f, 0xf81f, 0xf81f, 0xf81f, 0xf81f, 0xf81f, 0xf81f, 0xf81f,
    0xf81f, 0xf81f, 0xf81f, 0xf81f, 0xf81f, 0xf81f, 0xf81f, 0xf81f, 0xf81f, 0xf81f, 0xf81f, 0xf81f,
    0xf81f, 0xf81f, 0xf81f, 0xf81f, 0xf81f, 0xf81f, 0xf81f, 0xf81f, 0xf81f, 0xf81f, 0xf81f, 0xf81f,
    0x0000, 0x0000, 0x0000, 0x0000, 0x0000, 0x0000, 0x1168, 0x1168, 0x1168, 0x2b10, 0x1168, 0x0000,
    0x0000, 0xbe9c, 0x0000, 0x1a2c, 0x1a2c, 0x0000, 0x8537, 0x0000, 0xf81f, 0x0000, 0x0000, 0x2b10,
    0x2b10, 0x0000, 0xffff, 0xffff, 0x0000, 0x0000, 0x2b10, 0x0000, 0x0000, 0x0000, 0x2b10, 0x0000,
    0x0000, 0x0000, 0x0000, 0x0000, 0x0000, 0x0000, 0xf81f, 0xf81f, 0xf81f, 0xf81f, 0xf81f, 0xf81f,
    0xf81f, 0xf81f, 0xf81f, 0xf81f, 0xf81f, 0xf81f, 0xf81f, 0xf81f, 0xf81f, 0xf81f, 0xf81f, 0xf81f,
    0xf81f, 0xf81f, 0xf81f, 0xf81f, 0xf81f, 0xf81f, 0xf81f, 0xf81f, 0xf81f, 0xf81f, 0xf81f, 0xf81f,
    0xf81f, 0xf81f, 0xf81f, 0xf81f, 0xf81f, 0xf81f, 0xf81f, 0xf81f, 0xf81f, 0xf81f, 0xf81f, 0xf81f,
    0xf81f, 0xf81f, 0xf81f, 0xf81f, 0xf81f, 0xf81f, 0xf81f, 0xf81f, 0xf81f, 0xf81f, 0xf81f, 0xf81f,
    0x0000, 0x2b10, 0x2b10, 0x2b10, 0x1168, 0x1168, 0x1168, 0x2b10, 0x2b10, 0x2b10, 0x2b10, 0x1168,
    0x1168, 0x0000, 0x0000, 0x4c56, 0x1a2c, 0x0000, 0x0000, 0x0000, 0xf81f, 0x0000, 0x0000, 0x2b10,
    0x2b10, 0x0000, 0x0000, 0x0000, 0x0000, 0x2b10, 0x2b10, 0x2b10, 0x2b10, 0x2b10, 0x2b10, 0x1168,
    0x2b10, 0x2b10, 0x2b10, 0x2b10, 0x2b10, 0x0000, 0x0000, 0xf81f, 0xf81f, 0xf81f, 0xf81f, 0xf81f,
    0xf81f, 0xf81f, 0xf81f, 0xf81f, 0xf81f, 0xf81f, 0xf81f, 0xf81f, 0xf81f, 0xf81f, 0xf81f, 0xf81f,
    0xf81f, 0xf81f, 0xf81f, 0xf81f, 0xf81f, 0xf81f, 0xf81f, 0xf81f, 0xf81f, 0xf81f, 0xf81f, 0xf81f,
    0xf81f, 0xf81f, 0xf81f, 0xf81f, 0xf81f, 0xf81f, 0xf81f, 0xf81f, 0xf81f, 0xf81f, 0xf81f, 0xf81f,
    0xf81f, 0xf81f, 0xf81f, 0xf81f, 0xf81f, 0xf81f, 0xf81f, 0xf81f, 0xf81f, 0xf81f, 0xf81f, 0x0000,
    0x0000, 0x2b10, 0x2b10, 0x2b10, 0x2b10, 0x2b10, 0x2b10, 0x2b10, 0x2b10, 0x4c56, 0x4c56, 0x4c56,
    0x4c56, 0x2b10, 0x4c56, 0x4c56, 0x1a2c, 0x1a2c, 0x1a2c, 0x1168, 0xf81f, 0x0000, 0x1168, 0x2b10,
    0x2b10, 0x2b10, 0x0000, 0x0000, 0x2b10, 0x2b10, 0x7d9a, 0x2b10, 0x2b10, 0x7d9a, 0x7d9a, 0x1168,
    0x7d9a, 0x7d9a, 0x7d9a, 0x2b10, 0x1168, 0x2b10, 0x0000, 0xf81f, 0xf81f, 0xf81f, 0xf81f, 0xf81f,
    0xf81f, 0xf81f, 0xf81f, 0xf81f, 0xf81f, 0xf81f, 0xf81f, 0xf81f, 0xf81f, 0xf81f, 0xf81f, 0xf81f,
    0xf81f, 0xf81f, 0xf81f, 0xf81f, 0xf81f, 0xf81f, 0xf81f, 0xf81f, 0xf81f, 0xf81f, 0xf81f, 0xf81f,
    0xf81f, 0xf81f, 0xf81f, 0xf81f, 0xf81f, 0xf81f, 0xf81f, 0xf81f, 0xf81f, 0xf81f, 0xf81f, 0xf81f,
    0xf81f, 0xf81f, 0xf81f, 0xf81f, 0xf81f, 0xf81f, 0xf81f, 0xf81f, 0xf81f, 0xf81f, 0xf81f, 0x0000,
    0x2b10, 0x2b10, 0x4c56, 0x7d9a, 0x2b10, 0x2b10, 0x4c56, 0x0000, 0x2b10, 0x7d9a, 0x7d9a, 0x7d9a,
    0x7d9a, 0x7d9a, 0x1168, 0x1a2c, 0x0000, 0x1a2c, 0x1a2c, 0x1168, 0xf81f, 0x0000, 0x1168, 0x2b10,
    0x2b10, 0x7d9a, 0x7d9a, 0x7d9a, 0x7d9a, 0x1168, 0x7d9a, 0x7d9a, 0x7d9a, 0x7d9a, 0x7d9a, 0x7d9a,
    0x7d9a, 0x7d9a, 0x7d9a, 0x7d9a, 0x7d9a, 0x2b10, 0x0000, 0xf81f, 0xf81f, 0xf81f, 0xf81f, 0xf81f,
    0xf81f, 0xf81f, 0xf81f, 0xf81f, 0xf81f, 0xf81f, 0xf81f, 0xf81f, 0xf81f, 0xf81f, 0xf81f, 0xf81f,
    0xf81f, 0xf81f, 0xf81f, 0xf81f, 0xf81f, 0xf81f, 0xf81f, 0xf81f, 0xf81f, 0xf81f, 0xf81f, 0xf81f,
    0xf81f, 0xf81f, 0xf81f, 0xf81f, 0xf81f, 0xf81f, 0xf81f, 0xf81f, 0xf81f, 0xf81f, 0xf81f, 0xf81f,
    0xf81f, 0xf81f, 0xf81f, 0xf81f, 0xf81f, 0xf81f, 0xf81f, 0xf81f, 0xf81f, 0xf81f, 0xf81f, 0x0000,
    0x2b10, 0x4c56, 0x4c56, 0x0000, 0x2b10, 0x4c56, 0x4c56, 0x0000, 0x4c56, 0x7d9a, 0x7d9a, 0x7d9a,
    0x1168, 0x7d9a, 0x7d9a, 0x1a2c, 0x7d9a, 0x7d9a, 0x7d9a, 0x1168, 0xf81f, 0x0000, 0x1168, 0x1168,
    0x2b10, 0x7d9a, 0x7d9a, 0x7d9a, 0x7d9a, 0x1168, 0x1168, 0x7d9a, 0x7d9a, 0x7d9a, 0x0000, 0x1168,
    0x7d9a, 0x7d9a, 0x0000, 0x7d9a, 0x7d9a, 0x1168, 0x0000, 0xf81f, 0xf81f, 0xf81f, 0xf81f, 0xf81f,
    0xf81f, 0xf81f, 0xf81f, 0xf81f, 0xf81f, 0xf81f, 0xf81f, 0xf81f, 0xf81f, 0xf81f, 0xf81f, 0xf81f,
    0xf81f, 0xf81f, 0xf81f, 0xf81f, 0xf81f, 0xf81f, 0xf81f, 0xf81f, 0xf81f, 0xf81f, 0xf81f, 0xf81f,
    0xf81f, 0xf81f, 0xf81f, 0xf81f, 0xf81f, 0xf81f, 0xf81f, 0xf81f, 0xf81f, 0xf81f, 0xf81f, 0xf81f,
    0xf81f, 0xf81f, 0xf81f, 0xf81f, 0xf81f, 0xf81f, 0xf81f, 0xf81f, 0xf81f, 0xf81f, 0xf81f, 0x0000,
    0x0000, 0x4c56, 0x4c56, 0x0000, 0x2b10, 0x4c56, 0x4c56, 0x0000, 0x4c56, 0x4c56, 0x4c56, 0x0000,
    0x1168, 0x1168, 0x1168, 0x1168, 0x0000, 0x7d9a, 0x7d9a, 0x1168, 0xf81f, 0x0000, 0x1168, 0x1168,
    0x1168, 0x0000, 0x1168, 0x7d9a, 0x7d9a, 0x0000, 0x1168, 0x1168, 0x1168, 0x1168, 0x0000, 0x1168,
    0x1168, 0x1168, 0x0000, 0x7d9a, 0x7d9a, 0x1168, 0x0000, 0xf81f, 0xf81f, 0xf81f, 0xf81f, 0xf81f,
    0xf81f, 0xf81f, 0xf81f, 0xf81f, 0xf81f, 0xf81f, 0xf81f, 0xf81f, 0xf81f, 0xf81f, 0xf81f, 0xf81f,
    0xf81f, 0xf81f, 0xf81f, 0xf81f, 0xf81f, 0xf81f, 0xf81f, 0xf81f, 0xf81f, 0xf81f, 0xf81f, 0xf81f,
    0xf81f, 0xf81f, 0xf81f, 0xf81f, 0xf81f, 0xf81f, 0xf81f, 0xf81f, 0xf81f, 0xf81f, 0xf81f, 0xf81f,
    0xf81f, 0xf81f, 0xf81f, 0xf81f, 0xf81f, 0xf81f, 0xf81f, 0xf81f, 0xf81f, 0xf81f, 0xf81f, 0xf81f,
    0x0000, 0x0000, 0x0000, 0x0000, 0x0000, 0x0000, 0x0000, 0x0000, 0x0000, 0x0000, 0x0000, 0x0000,
    0x0000, 0x0000, 0x0000, 0x0000, 0x0000, 0x0000, 0x0000, 0x0000, 0xf81f, 0x0000, 0x0000, 0x0000,
    0x0000, 0x0000, 0x0000, 0x0000, 0x0000, 0x0000, 0x0000, 0x0000, 0x0000, 0x0000, 0x0000, 0x0000,
    0x0000, 0x0000, 0x0000, 0x0000, 0x0000, 0x0000, 0x0000, 0xf81f, 0xf81f, 0xf81f, 0xf81f, 0xf81f,
    0xf81f, 0xf81f, 0xf81f, 0xf81f, 0xf81f, 0xf81f, 0xf81f, 0xf81f, 0xf81f, 0xf81f, 0xf81f, 0xf81f,
    0xf81f, 0xf81f, 0xf81f, 0xf81f, 0xf81f, 0xf81f, 0xf81f, 0xf81f, 0xf81f, 0xf81f, 0xf81f, 0xf81f,
    0xf81f, 0xf81f, 0xf81f, 0xf81f, 0xf81f, 0xf81f, 0xf81f, 0xf81f, 0xf81f, 0xf81f, 0xf81f, 0xf81f,
    0xf81f, 0xf81f, 0xf81f, 0xf81f, 0xf81f, 0xf81f, 0xf81f, 0xf81f, 0xf81f, 0xf81f, 0xf81f, 0xf81f,
    0xf81f, 0xf81f, 0xf81f, 0xf81f, 0xf81f, 0xf81f, 0xf81f, 0xf81f, 0xf81f, 0xf81f, 0xf81f, 0xf81f,
    0xf81f, 0xf81f, 0xf81f, 0xf81f, 0xf81f, 0xf81f, 0xf81f, 0xf81f, 0xf81f, 0xf81f, 0xf81f, 0xf81f,
    0xf81f, 0xf81f, 0xf81f, 0xf81f, 0xf81f, 0xf81f, 0xf81f, 0xf81f, 0xf81f, 0xf81f, 0xf81f, 0xf81f,
    0xf81f, 0xf81f, 0xf81f, 0xf81f, 0xf81f, 0xf81f, 0xf81f, 0xf81f, 0xf81f, 0xf81f, 0xf81f, 0xf81f,
    0xf81f, 0xf81f, 0xf81f, 0xf81f, 0xf81f, 0xf81f, 0xf81f, 0xf81f, 0xf81f, 0xf81f, 0xf81f, 0xf81f,
    0xf81f, 0xf81f, 0xf81f, 0xf81f, 0xf81f, 0xf81f, 0xf81f, 0xf81f, 0xf81f, 0xf81f, 0xf81f, 0xf81f,
    0xf81f, 0xf81f, 0xf81f, 0xf81f, 0xf81f, 0xf81f, 0xf81f, 0xf81f, 0xf81f, 0xf81f, 0xf81f, 0xf81f,
    0xf81f, 0xf81f, 0xf81f, 0xf81f, 0xf81f, 0xf81f, 0xf81f, 0xf81f, 0xf81f, 0xf81f, 0xf81f, 0xf81f,
    0xf81f, 0xf81f, 0xf81f, 0xf81f, 0xf81f, 0xf81f, 0xf81f, 0xf81f, 0xf81f, 0xf81f, 0xf81f, 0xf81f,
    0xf81f, 0xf81f, 0xf81f, 0xf81f, 0xf81f, 0xf81f, 0xf81f, 0xf81f, 0xf81f, 0xf81f, 0xf81f, 0xf81f,
    0xf81f, 0xf81f, 0xf81f, 0xf81f, 0xf81f, 0xf81f, 0xf81f, 0xf81f, 0xf81f, 0xf81f, 0xf81f, 0xf81f,
    0xf81f, 0xf81f, 0xf81f, 0xf81f, 0xf81f, 0xf81f, 0xf81f, 0xf81f, 0xf81f, 0xf81f, 0xf81f, 0xf81f,
    0xf81f, 0xf81f, 0xf81f, 0xf81f, 0xf81f, 0xf81f, 0xf81f, 0xf81f, 0xf81f, 0xf81f, 0xf81f, 0xf81f,
    0xf81f, 0xf81f, 0xf81f, 0xf81f, 0xf81f, 0xf81f, 0xf81f, 0xf81f, 0xf81f, 0xf81f, 0xf81f, 0xf81f,
    0xf81f, 0xf81f, 0xf81f, 0xf81f, 0xf81f, 0xf81f, 0xf81f, 0xf81f, 0xf81f, 0xf81f, 0xf81f, 0xf81f,
    0xf81f, 0xf81f, 0xf81f, 0xf81f, 0xf81f, 0xf81f, 0xf81f, 0xf81f, 0xf81f, 0xf81f, 0xf81f, 0xf81f,
    0xf81f, 0xf81f, 0xf81f, 0xf81f, 0xf81f, 0xf81f, 0xf81f, 0xf81f, 0xf81f, 0xf81f, 0xf81f, 0xf81f,
    0x0000, 0x0000, 0x0000, 0x0000, 0x0000, 0x0000, 0x0000, 0x0000, 0x0000, 0x0000, 0x0000, 0x0000,
    0x0000, 0xf81f, 0xf81f, 0xf81f, 0xf81f, 0xf81f, 0xf81f, 0xf81f, 0xf81f, 0xf81f, 0xf81f, 0xf81f,
    0xf81f, 0xf81f, 0xf81f, 0xf81f, 0xf81f, 0xf81f, 0xf81f, 0xf81f, 0xf81f, 0xf81f, 0xf81f, 0xf81f,
    0xf81f, 0xf81f, 0xf81f, 0xf81f, 0xf81f, 0xf81f, 0xf81f, 0xf81f, 0xf81f, 0xf81f, 0xf81f, 0xf81f,
    0xf81f, 0xf81f, 0xf81f, 0xf81f, 0xf81f, 0xf81f, 0xf81f, 0xf81f, 0xf81f, 0xf81f, 0xf81f, 0xf81f,
    0xf81f, 0xf81f, 0xf81f, 0xf81f, 0xf81f, 0xf81f, 0xf81f, 0xf81f, 0xf81f, 0xf81f, 0xf81f, 0xf81f,
    0xf81f, 0xf81f, 0xf81f, 0xf81f, 0xf81f, 0xf81f, 0xf81f, 0xf81f, 0xf81f, 0xf81f, 0xf81f, 0xf81f,
    0xf81f, 0xf81f, 0xf81f, 0xf81f, 0xf81f, 0xf81f, 0xf81f, 0xf81f, 0x0000, 0x0000, 0x0000, 0x0000,
    0xffff, 0xffff, 0xffff, 0xffff, 0xffff, 0xffff, 0xffff, 0xffff, 0xffff, 0xffff, 0xffff, 0xffff,
    0x0000, 0x0000, 0x0000, 0x0000, 0x0000, 0x0000, 0x0000, 0xf81f, 0xf81f, 0xf81f, 0xf81f, 0xf81f,
    0xf81f, 0xf81f, 0xf81f, 0xf81f, 0xf81f, 0xf81f, 0xf81f, 0xf81f, 0xf81f, 0xf81f, 0xf81f, 0xf81f,
    0xf81f, 0xf81f, 0xf81f, 0xf81f, 0xf81f, 0xf81f, 0xf81f, 0xf81f, 0xf81f, 0xf81f, 0xf81f, 0xf81f,
    0xf81f, 0xf81f, 0xf81f, 0xf81f, 0xf81f, 0xf81f, 0xf81f, 0xf81f, 0xf81f, 0xf81f, 0xf81f, 0xf81f,
    0xf81f, 0xf81f, 0xf81f, 0xf81f, 0xf81f, 0xf81f, 0xf81f, 0xf81f, 0xf81f, 0xf81f, 0xf81f, 0xf81f,
    0xf81f, 0xf81f, 0xf81f, 0xf81f, 0xf81f, 0xf81f, 0xf81f, 0xf81f, 0xf81f, 0xf81f, 0xf81f, 0xf81f,
    0xf81f, 0xf81f, 0xf81f, 0xf81f, 0xf81f, 0xf81f, 0xf81f, 0x0000, 0x0000, 0xffff, 0xffff, 0xffff,
    0xffff, 0xffff, 0xffff, 0xffff, 0xffff, 0xffff, 0xffff, 0xffff, 0xffff, 0xffff, 0xffff, 0xffff,
    0xffff, 0x8e19, 0x8e19, 0x8e19, 0xffff, 0xffff, 0x0000, 0x0000, 0xf81f, 0xf81f, 0xf81f, 0xf81f,
    0xf81f, 0xf81f, 0xf81f, 0xf81f, 0xf81f, 0xf81f, 0xf81f, 0xf81f, 0xf81f, 0xf81f, 0xf81f, 0xf81f,
    0xf81f, 0xf81f, 0xf81f, 0xf81f, 0xf81f, 0xf81f, 0xf81f, 0xf81f, 0xf81f, 0xf81f, 0xf81f, 0xf81f,
    0xf81f, 0xf81f, 0xf81f, 0xf81f, 0xf81f, 0xf81f, 0xf81f, 0xf81f, 0xf81f, 0xf81f, 0xf81f, 0xf81f,
    0xf81f, 0xf81f, 0xf81f, 0xf81f, 0xf81f, 0xf81f, 0xf81f, 0xf81f, 0xf81f, 0xf81f, 0xf81f, 0xf81f,
    0xf81f, 0xf81f, 0xf81f, 0xf81f, 0xf81f, 0xf81f, 0xf81f, 0xf81f, 0xf81f, 0xf81f, 0xf81f, 0xf81f,
    0xf81f, 0xf81f, 0xf81f, 0xf81f, 0xf81f, 0xf81f, 0x0000, 0x0000, 0xffff, 0xffff, 0xffff, 0xffff,
    0xffff, 0xffff, 0xffff, 0xffff, 0xffff, 0xffff, 0xffff, 0xffff, 0xffff, 0xffff, 0xffff, 0xffff,
    0xffff, 0x8e19, 0x8e19, 0x8e19, 0x8e19, 0x8e19, 0xffff, 0xffff, 0x0000, 0xf81f, 0xf81f, 0xf81f,
    0xf81f, 0xf81f, 0xf81f, 0xf81f, 0xf81f, 0xf81f, 0xf81f, 0xf81f, 0xf81f, 0xf81f, 0xf81f, 0xf81f,
    0xf81f, 0xf81f, 0xf81f, 0xf81f, 0xf81f, 0xf81f, 0xf81f, 0xf81f, 0xf81f, 0xf81f, 0xf81f, 0xf81f,
    0xf81f, 0xf81f, 0xf81f, 0xf81f, 0xf81f, 0xf81f, 0xf81f, 0xf81f, 0xf81f, 0xf81f, 0xf81f, 0xf81f,
    0xf81f, 0xf81f, 0xf81f, 0xf81f, 0xf81f, 0xf81f, 0xf81f, 0xf81f, 0xf81f, 0xf81f, 0xf81f, 0xf81f,
    0xf81f, 0xf81f, 0xf81f, 0xf81f, 0xf81f, 0xf81f, 0xf81f, 0xf81f, 0xf81f, 0xf81f, 0xf81f, 0xf81f,
    0xf81f, 0xf81f, 0xf81f, 0xf81f, 0xf81f, 0xf81f, 0x0000, 0xffff, 0xffff, 0xffff, 0xffff, 0xffff,
    0xffff, 0xffff, 0xffff, 0xffff, 0xffff, 0xffff, 0xffff, 0xffff, 0xffff, 0xffff, 0xffff, 0xffff,
    0xffff, 0x8e19, 0x8e19, 0x8e19, 0x8e19, 0xffff, 0xffff, 0xffff, 0xffff, 0x0000, 0x0000, 0xf81f,
    0xf81f, 0xf81f, 0xf81f, 0xf81f, 0xf81f, 0xf81f, 0xf81f, 0xf81f, 0xf81f, 0xf81f, 0xf81f, 0xf81f,
    0xf81f, 0xf81f, 0xf81f, 0xf81f, 0xf81f, 0xf81f, 0xf81f, 0xf81f, 0xf81f, 0xf81f, 0xf81f, 0xf81f,
    0xf81f, 0xf81f, 0xf81f, 0xf81f, 0xf81f, 0xf81f, 0xf81f, 0xf81f, 0xf81f, 0xf81f, 0xf81f, 0xf81f,
    0xf81f, 0xf81f, 0xf81f, 0xf81f, 0xf81f, 0xf81f, 0xf81f, 0xf81f, 0xf81f, 0xf81f, 0xf81f, 0xf81f,
    0xf81f, 0xf81f, 0xf81f, 0xf81f, 0xf81f, 0xf81f, 0xf81f, 0xf81f, 0xf81f, 0xf81f, 0xf81f, 0xf81f,
    0xf81f, 0xf81f, 0xf81f, 0xf81f, 0xf81f, 0x0000, 0x0000, 0xffff, 0xffff, 0xffff, 0xffff, 0xffff,
    0xffff, 0xffff, 0xffff, 0xffff, 0xffff, 0xffff, 0xffff, 0xffff, 0xffff, 0xffff, 0xffff, 0xffff,
    0xffff, 0xffff, 0xffff, 0xffff, 0xffff, 0xffff, 0xffff, 0xffff, 0xffff, 0xffff, 0x0000, 0xf81f,
    0xf81f, 0xf81f, 0xf81f, 0xf81f, 0xf81f, 0xf81f, 0xf81f, 0xf81f, 0xf81f, 0xf81f, 0xf81f, 0xf81f,
    0xf81f, 0xf81f, 0xf81f, 0xf81f, 0xf81f, 0xf81f, 0xf81f, 0xf81f, 0xf81f, 0xf81f, 0xf81f, 0xf81f,
    0xf81f, 0xf81f, 0xf81f, 0xf81f, 0xf81f, 0xf81f, 0xf81f, 0xf81f, 0xf81f, 0xf81f, 0xf81f, 0xf81f,
    0xf81f, 0xf81f, 0xf81f, 0xf81f, 0xf81f, 0xf81f, 0xf81f, 0xf81f, 0xf81f, 0xf81f, 0xf81f, 0xf81f,
    0xf81f, 0xf81f, 0xf81f, 0xf81f, 0xf81f, 0xf81f, 0xf81f, 0xf81f, 0xf81f, 0xf81f, 0xf81f, 0xf81f,
    0xf81f, 0xf81f, 0xf81f, 0xf81f, 0x0000, 0x0000, 0xffff, 0xffff, 0xffff, 0xffff, 0x8e19, 0x8e19,
    0x8e19, 0x8e19, 0x8e19, 0x8e19, 0x8e19, 0xffff, 0xffff, 0xffff, 0x8e19, 0x8e19, 0x8e19, 0x8e19,
    0x8e19, 0x8e19, 0xffff, 0xffff, 0xffff, 0xffff, 0xffff, 0xffff, 0xffff, 0xffff, 0x0000, 0x0000,
    0xf81f, 0xf81f, 0xf81f, 0xf81f, 0xf81f, 0xf81f, 0xf81f, 0xf81f, 0xf81f, 0xf81f, 0xf81f, 0xf81f,
    0xf81f, 0xf81f, 0xf81f, 0xf81f, 0xf81f, 0xf81f, 0xf81f, 0xf81f, 0xf81f, 0xf81f, 0xf81f, 0xf81f,
    0xf81f, 0xf81f, 0xf81f, 0xf81f, 0xf81f, 0xf81f, 0xf81f, 0xf81f, 0xf81f, 0xf81f, 0xf81f, 0xf81f,
    0xf81f, 0xf81f, 0xf81f, 0xf81f, 0xf81f, 0xf81f, 0xf81f, 0xf81f, 0xf81f, 0xf81f, 0xf81f, 0xf81f,
    0xf81f, 0xf81f, 0xf81f, 0xf81f, 0xf81f, 0xf81f, 0xf81f, 0xf81f, 0xf81f, 0xf81f, 0xf81f, 0xf81f,
    0xf81f, 0xf81f, 0xf81f, 0xf81f, 0x0000, 0xffff, 0xffff, 0xffff, 0xffff, 0x8e19, 0x0000, 0x0000,
    0x0000, 0x0000, 0x0000, 0x0000, 0x0000, 0x8e19, 0xffff, 0x8e19, 0x8e19, 0x0000, 0x0000, 0x0000,
    0x0000, 0x0000, 0x0000, 0x0000, 0xffff, 0xffff, 0xffff, 0xffff, 0xffff, 0xffff, 0xffff, 0x0000,
    0x0000, 0xf81f, 0xf81f, 0xf81f, 0xf81f, 0xf81f, 0xf81f, 0xf81f, 0xf81f, 0xf81f, 0xf81f, 0xf81f,
    0xf81f, 0xf81f, 0xf81f, 0xf81f, 0xf81f, 0xf81f, 0xf81f, 0xf81f, 0xf81f, 0xf81f, 0xf81f, 0xf81f,
    0xf81f, 0xf81f, 0xf81f, 0xf81f, 0xf81f, 0xf81f, 0xf81f, 0xf81f, 0xf81f, 0xf81f, 0xf81f, 0xf81f,
    0xf81f, 0xf81f, 0xf81f, 0xf81f, 0xf81f, 0xf81f, 0xf81f, 0xf81f, 0xf81f, 0xf81f, 0xf81f, 0xf81f,
    0xf81f, 0xf81f, 0xf81f, 0xf81f, 0xf81f, 0xf81f, 0xf81f, 0xf81f, 0xf81f, 0xf81f, 0xf81f, 0xf81f,
    0xf81f, 0xf81f, 0x0000, 0x0000, 0x0000, 0xffff, 0xffff, 0xffff, 0xffff, 0x0000, 0x0000, 0x2b10,
    0x2b10, 0x2b10, 0x2b10, 0x2b10, 0x0000, 0x8e19, 0x8e19, 0x8e19, 0x0000, 0x0000, 0x2b10, 0x2b10,
    0x2b10, 0x2b10, 0x2b10, 0x2b10, 0x0000, 0x0000, 0xffff, 0xffff, 0xffff, 0xffff, 0xffff, 0x8e19,
    0x0000, 0xf81f, 0xf81f, 0xf81f, 0xf81f, 0xf81f, 0xf81f, 0xf81f, 0xf81f, 0xf81f, 0xf81f, 0xf81f,
    0xf81f, 0xf81f, 0xf81f, 0xf81f, 0xf81f, 0xf81f, 0xf81f, 0xf81f, 0xf81f, 0xf81f, 0xf81f, 0xf81f,
    0xf81f, 0xf81f, 0xf81f, 0xf81f, 0xf81f, 0xf81f, 0xf81f, 0xf81f, 0xf81f, 0xf81f, 0xf81f, 0xf81f,
    0xf81f, 0xf81f, 0xf81f, 0xf81f, 0xf81f, 0xf81f, 0xf81f, 0xf81f, 0xf81f, 0xf81f, 0xf81f, 0xf81f,
    0xf81f, 0xf81f, 0xf81f, 0xf81f, 0xf81f, 0xf81f, 0xf81f, 0xf81f, 0xf81f, 0xf81f, 0xf81f, 0xf81f,
    0xf81f, 0xf81f, 0x0000, 0x0000, 0xffff, 0xffff, 0xffff, 0xffff, 0x0000, 0x0000, 0x2b10, 0xbe9c,
    0xbe9c, 0xbe9c, 0x4c56, 0x4c56, 0x2b10, 0x0000, 0x8e19, 0x8e19, 0x0000, 0x2b10, 0x4c56, 0x4c56,
    0xbe9c, 0xbe9c, 0xbe9c, 0xbe9c, 0x2b10, 0x0000, 0x0000, 0xffff, 0xffff, 0xffff, 0xffff, 0x8e19,
    0x8e19, 0x0000, 0xf81f, 0xf81f, 0xf81f, 0xf81f, 0xf81f, 0xf81f, 0xf81f, 0xf81f, 0xf81f, 0xf81f,
    0xf81f, 0xf81f, 0xf81f, 0xf81f, 0xf81f, 0xf81f, 0xf81f, 0xf81f, 0xf81f, 0xf81f, 0xf81f, 0xf81f,
    0xf81f, 0xf81f, 0xf81f, 0xf81f, 0xf81f, 0xf81f, 0xf81f, 0xf81f, 0xf81f, 0xf81f, 0xf81f, 0xf81f,
    0xf81f, 0xf81f, 0xf81f, 0xf81f, 0xf81f, 0xf81f, 0xf81f, 0xf81f, 0xf81f, 0xf81f, 0xf81f, 0xf81f,
    0xf81f, 0xf81f, 0xf81f, 0xf81f, 0xf81f, 0xf81f, 0xf81f, 0xf81f, 0xf81f, 0xf81f, 0xf81f, 0xf81f,
    0xf81f, 0xf81f, 0x0000, 0x8e19, 0xffff, 0xffff, 0xffff, 0xffff, 0x0000, 0x2b10, 0x2b10, 0xbe9c,
    0xbe9c, 0x4c56, 0x4c56, 0x4c56, 0x2b10, 0x2b10, 0x0000, 0x0000, 0x0000, 0x2b10, 0x4c56, 0x4c56,
    0x4c56, 0xbe9c, 0xbe9c, 0xbe9c, 0x2b10, 0x2b10, 0x0000, 0xffff, 0xffff, 0xffff, 0xffff, 0x8e19,
    0x8e19, 0x0000, 0x0000, 0xf81f, 0xf81f, 0xf81f, 0xf81f, 0xf81f, 0xf81f, 0xf81f, 0xf81f, 0xf81f,
    0xf81f, 0xf81f, 0xf81f, 0xf81f, 0xf81f, 0xf81f, 0xf81f, 0xf81f, 0xf81f, 0xf81f, 0xf81f, 0xf81f,
    0xf81f, 0xf81f, 0xf81f, 0xf81f, 0xf81f, 0xf81f, 0xf81f, 0xf81f, 0xf81f, 0xf81f, 0xf81f, 0xf81f,
    0xf81f, 0xf81f, 0xf81f, 0xf81f, 0xf81f, 0xf81f, 0xf81f, 0xf81f, 0xf81f, 0xf81f, 0xf81f, 0xf81f,
    0xf81f, 0xf81f, 0xf81f, 0xf81f, 0xf81f, 0xf81f, 0xf81f, 0xf81f, 0xf81f, 0xf81f, 0xf81f, 0xf81f,
    0xf81f, 0xf81f, 0x0000, 0x8e19, 0xffff, 0xffff, 0xffff, 0xffff, 0x0000, 0x2b10, 0x2b10, 0x2b10,
    0x2b10, 0x2b10, 0x2b10, 0x2b10, 0x2b10, 0x2b10, 0x2b10, 0x2b10, 0x2b10, 0x2b10, 0x2b10, 0x2b10,
    0x2b10, 0x2b10, 0x2b10, 0x2b10, 0x2b10, 0x2b10, 0x2b10, 0x0000, 0xffff, 0xffff, 0xffff, 0x8e19,
    0x8e19, 0xbe9c, 0x0000, 0xf81f, 0xf81f, 0xf81f, 0xf81f, 0xf81f, 0xf81f, 0xf81f, 0xf81f, 0xf81f,
    0xf81f, 0xf81f, 0xf81f, 0xf81f, 0xf81f, 0xf81f, 0xf81f, 0xf81f, 0xf81f, 0xf81f, 0xf81f, 0xf81f,
    0xf81f, 0xf81f, 0xf81f, 0xf81f, 0xf81f, 0xf81f, 0xf81f, 0xf81f, 0xf81f, 0xf81f, 0xf81f, 0xf81f,
    0xf81f, 0xf81f, 0xf81f, 0xf81f, 0xf81f, 0xf81f, 0xf81f, 0xf81f, 0xf81f, 0xf81f, 0xf81f, 0xf81f,
    0xf81f, 0xf81f, 0xf81f, 0xf81f, 0xf81f, 0xf81f, 0xf81f, 0xf81f, 0xf81f, 0xf81f, 0xf81f, 0x0000,
    0x0000, 0x0000, 0x0000, 0x8e19, 0xffff, 0xffff, 0xffff, 0xffff, 0x0000, 0x2b10, 0x2b10, 0x2b10,
    0x2b10, 0x2b10, 0x2b10, 0x2b10, 0x2b10, 0x2b10, 0x2b10, 0x2b10, 0x2b10, 0x2b10, 0x2b10, 0x2b10,
    0x2b10, 0x2b10, 0x2b10, 0x2b10, 0x2b10, 0x2b10, 0x2b10, 0x0000, 0xffff, 0xffff, 0xffff, 0x8e19,
    0x8e19, 0xbe9c, 0x0000, 0x0000, 0x0000, 0x0000, 0xf81f, 0xf81f, 0xf81f, 0xf81f, 0xf81f, 0xf81f,
    0xf81f, 0xf81f, 0xf81f, 0xf81f, 0xf81f, 0xf81f, 0xf81f, 0xf81f, 0xf81f, 0xf81f, 0xf81f, 0xf81f,
    0xf81f, 0xf81f, 0xf81f, 0xf81f, 0xf81f, 0xf81f, 0xf81f, 0xf81f, 0xf81f, 0xf81f, 0xf81f, 0xf81f,
    0xf81f, 0xf81f, 0xf81f, 0xf81f, 0xf81f, 0xf81f, 0xf81f, 0xf81f, 0xf81f, 0xf81f, 0xf81f, 0xf81f,
    0xf81f, 0xf81f, 0xf81f, 0xf81f, 0xf81f, 0xf81f, 0xf81f, 0xf81f, 0xf81f, 0xf81f, 0xf81f, 0x0000,
    0x4c56, 0x4c56, 0x0000, 0x8e19, 0xffff, 0xffff, 0xffff, 0xffff, 0x0000, 0x2b10, 0x2b10, 0x0000,
    0x0000, 0x0000, 0x0000, 0x0000, 0x2b10, 0x2b10, 0x2b10, 0x2b10, 0x2b10, 0x2b10, 0x2b10, 0x2b10,
    0x0000, 0x0000, 0x0000, 0x0000, 0x0000, 0x2b10, 0x2b10, 0x0000, 0xffff, 0xffff, 0xffff, 0x8e19,
    0xbe9c, 0xbe9c, 0x0000, 0x224c, 0x224c, 0x0000, 0xf81f, 0xf81f, 0xf81f, 0xf81f, 0xf81f, 0xf81f,
    0xf81f, 0xf81f, 0xf81f, 0xf81f, 0xf81f, 0xf81f, 0xf81f, 0xf81f, 0xf81f, 0xf81f, 0xf81f, 0xf81f,
    0xf81f, 0xf81f, 0xf81f, 0xf81f, 0xf81f, 0xf81f, 0xf81f, 0xf81f, 0xf81f, 0xf81f, 0xf81f, 0xf81f,
    0xf81f, 0xf81f, 0xf81f, 0xf81f, 0xf81f, 0xf81f, 0xf81f, 0xf81f, 0xf81f, 0xf81f, 0xf81f, 0xf81f,
    0xf81f, 0xf81f, 0xf81f, 0xf81f, 0xf81f, 0xf81f, 0xf81f, 0xf81f, 0xf81f, 0xf81f, 0xf81f, 0x0000,
    0x4c56, 0x4c56, 0x0000, 0x8e19, 0xffff, 0xffff, 0xffff, 0x0000, 0x0000, 0x2b10, 0x2b10, 0x0000,
    0x0000, 0xffff, 0xffff, 0x0000, 0x2b10, 0x2b10, 0x2b10, 0x4c56, 0x4c56, 0x2b10, 0x2b10, 0x2b10,
    0x0000, 0xffff, 0xffff, 0x0000, 0x0000, 0x2b10, 0x1168, 0x0000, 0xffff, 0xffff, 0xffff, 0x8e19,
    0xbe9c, 0xbe9c, 0x0000, 0x4c56, 0x4c56, 0x0000, 0xf81f, 0xf81f, 0xf81f, 0xf81f, 0xf81f, 0xf81f,
    0xf81f, 0xf81f, 0xf81f, 0xf81f, 0xf81f, 0xf81f, 0xf81f, 0xf81f, 0xf81f, 0xf81f, 0xf81f, 0xf81f,
    0xf81f, 0xf81f, 0xf81f, 0xf81f, 0xf81f, 0xf81f, 0xf81f, 0xf81f, 0xf81f, 0xf81f, 0xf81f, 0xf81f,
    0xf81f, 0xf81f, 0xf81f, 0xf81f, 0xf81f, 0xf81f, 0xf81f, 0xf81f, 0xf81f, 0xf81f, 0xf81f, 0xf81f,
    0xf81f, 0xf81f, 0xf81f, 0xf81f, 0xf81f, 0xf81f, 0xf81f, 0xf81f, 0xf81f, 0xf81f, 0xf81f, 0x0000,
    0x2b10, 0x4c56, 0x0000, 0xffff, 0xffff, 0xffff, 0x0000, 0x0000, 0x1168, 0x1168, 0x2b10, 0x2b10,
    0x08e5, 0x08e5, 0x08e5, 0x08e5, 0x2b10, 0x4c56, 0x4c56, 0x4c56, 0x4c56, 0x4c56, 0x2b10, 0x2b10,
    0x08e5, 0x08e5, 0x08e5, 0x08e5, 0x2b10, 0x2b10, 0x1168, 0x0000, 0x0000, 0xffff, 0xffff, 0xffff,
    0xbe9c, 0xbe9c, 0x0000, 0x4c56, 0x2b10, 0x0000, 0xf81f, 0xf81f, 0xf81f, 0xf81f, 0xf81f, 0xf81f,
    0xf81f, 0xf81f, 0xf81f, 0xf81f, 0xf81f, 0xf81f, 0xf81f, 0xf81f, 0xf81f, 0xf81f, 0xf81f, 0xf81f,
    0xf81f, 0xf81f, 0xf81f, 0xf81f, 0xf81f, 0xf81f, 0xf81f, 0xf81f, 0xf81f, 0xf81f, 0xf81f, 0xf81f,
    0xf81f, 0xf81f, 0xf81f, 0xf81f, 0xf81f, 0xf81f, 0xf81f, 0xf81f, 0xf81f, 0xf81f, 0xf81f, 0xf81f,
    0xf81f, 0xf81f, 0xf81f, 0xf81f, 0xf81f, 0xf81f, 0xf81f, 0xf81f, 0xf81f, 0xf81f, 0xf81f, 0x0000,
    0x2b10, 0x224c, 0x0000, 0xffff, 0x8e19, 0xffff, 0x0000, 0x1168, 0x1168, 0x1168, 0x2b10, 0x4c56,
    0x2b10, 0x2b10, 0x2b10, 0x2b10, 0x4c56, 0x4c56, 0x4c56, 0x4c56, 0x4c56, 0x4c56, 0x4c56, 0x2b10,
    0x2b10, 0x2b10, 0x2b10, 0x2b10, 0x2b10, 0x1168, 0x1168, 0x1168, 0x0000, 0xffff, 0xffff, 0xffff,
    0xbe9c, 0xbe9c, 0x0000, 0x4c56, 0x2b10, 0x0000, 0xf81f, 0xf81f, 0xf81f, 0xf81f, 0xf81f, 0xf81f,
    0xf81f, 0xf81f, 0xf81f, 0xf81f, 0xf81f, 0xf81f, 0xf81f, 0xf81f, 0xf81f, 0xf81f, 0xf81f, 0xf81f,
    0xf81f, 0xf81f, 0xf81f, 0xf81f, 0xf81f, 0xf81f, 0xf81f, 0xf81f, 0xf81f, 0xf81f, 0xf81f, 0xf81f,
    0xf81f, 0xf81f, 0xf81f, 0xf81f, 0xf81f, 0xf81f, 0xf81f, 0xf81f, 0xf81f, 0xf81f, 0xf81f, 0xf81f,
    0xf81f, 0xf81f, 0xf81f, 0xf81f, 0xf81f, 0xf81f, 0xf81f, 0xf81f, 0xf81f, 0xf81f, 0xf81f, 0x0000,
    0x2b10, 0x224c, 0x0000, 0xffff, 0x8e19, 0xffff, 0x0000, 0x1168, 0x1168, 0x4c56, 0x4c56, 0x2b10,
    0x2b10, 0x2b10, 0x2b10, 0x2b10, 0x2b10, 0x0000, 0x0000, 0x0000, 0x0000, 0x0000, 0x0000, 0x2b10,
    0x2b10, 0x2b10, 0x2b10, 0x2b10, 0x4c56, 0x4c56, 0x1168, 0x1168, 0x0000, 0xffff, 0xffff, 0xffff,
    0xbe9c, 0xbe9c, 0x0000, 0x4c56, 0x2b10, 0x0000, 0xf81f, 0xf81f, 0xf81f, 0xf81f, 0xf81f, 0xf81f,
    0xf81f, 0xf81f, 0xf81f, 0xf81f, 0xf81f, 0xf81f, 0xf81f, 0xf81f, 0xf81f, 0xf81f, 0xf81f, 0xf81f,
    0xf81f, 0xf81f, 0xf81f, 0xf81f, 0xf81f, 0xf81f, 0xf81f, 0xf81f, 0xf81f, 0xf81f, 0xf81f, 0xf81f,
    0xf81f, 0xf81f, 0xf81f, 0xf81f, 0xf81f, 0xf81f, 0xf81f, 0xf81f, 0xf81f, 0xf81f, 0xf81f, 0xf81f,
    0xf81f, 0xf81f, 0xf81f, 0xf81f, 0xf81f, 0xf81f, 0xf81f, 0xf81f, 0xf81f, 0xf81f, 0xf81f, 0x0000,
    0x2b10, 0x224c, 0x0000, 0x8e19, 0x8e19, 0xffff, 0x0000, 0x1168, 0x2b10, 0x2b10, 0x2b10, 0x2b10,
    0x2b10, 0x2b10, 0x2b10, 0x2b10, 0x2b10, 0x0000, 0x19ea, 0x19ea, 0x19ea, 0x2b10, 0x0000, 0x2b10,
    0x2b10, 0x2b10, 0x2b10, 0x2b10, 0x2b10, 0x2b10, 0x2b10, 0x1168, 0x0000, 0xffff, 0xffff, 0xffff,
    0xbe9c, 0xbe9c, 0x0000, 0x4c56, 0x2b10, 0x0000, 0xf81f, 0xf81f, 0xf81f, 0xf81f, 0xf81f, 0xf81f,
    0xf81f, 0xf81f, 0xf81f, 0xf81f, 0xf81f, 0xf81f, 0xf81f, 0xf81f, 0xf81f, 0xf81f, 0xf81f, 0xf81f,
    0xf81f, 0xf81f, 0xf81f, 0xf81f, 0xf81f, 0xf81f, 0xf81f, 0xf81f, 0xf81f, 0xf81f, 0xf81f, 0xf81f,
    0xf81f, 0xf81f, 0xf81f, 0xf81f, 0xf81f, 0xf81f, 0xf81f, 0xf81f, 0xf81f, 0xf81f, 0xf81f, 0xf81f,
    0xf81f, 0xf81f, 0xf81f, 0xf81f, 0xf81f, 0xf81f, 0xf81f, 0xf81f, 0xf81f, 0xf81f, 0xf81f, 0x0000,
    0x0000, 0x0000, 0x0000, 0x8e19, 0x8e19, 0xffff, 0x0000, 0x2b10, 0x2b10, 0x2b10, 0x2b10, 0x2b10,
    0x0000, 0x0000, 0x0000, 0x0000, 0x0000, 0x0000, 0x0000, 0x19ea, 0x2b10, 0x0000, 0x0000, 0x0000,
    0x2b10, 0x2b10, 0x2b10, 0x2b10, 0x2b10, 0x2b10, 0x2b10, 0x2b10, 0x0000, 0xffff, 0xffff, 0xffff,
    0xbe9c, 0xbe9c, 0x0000, 0x224c, 0x2b10, 0x0000, 0xf81f, 0xf81f, 0xf81f, 0xf81f, 0xf81f, 0xf81f,
    0xf81f, 0xf81f, 0xf81f, 0xf81f, 0xf81f, 0xf81f, 0xf81f, 0xf81f, 0xf81f, 0xf81f, 0xf81f, 0xf81f,
    0xf81f, 0xf81f, 0xf81f, 0xf81f, 0xf81f, 0xf81f, 0xf81f, 0xf81f, 0xf81f, 0xf81f, 0xf81f, 0xf81f,
    0xf81f, 0xf81f, 0xf81f, 0xf81f, 0xf81f, 0xf81f, 0xf81f, 0xf81f, 0xf81f, 0xf81f, 0xf81f, 0xf81f,
    0xf81f, 0xf81f, 0xf81f, 0xf81f, 0xf81f, 0xf81f, 0xf81f, 0xf81f, 0xf81f, 0xf81f, 0xf81f, 0xf81f,
    0xf81f, 0x0000, 0x0000, 0x8e19, 0x8e19, 0xffff, 0x0000, 0x2b10, 0x2b10, 0x2b10, 0x2b10, 0x0000,
    0x0000, 0xffff, 0xffff, 0xffff, 0xffff, 0xffff, 0xffff, 0x0000, 0x0000, 0xffff, 0xffff, 0x0000,
    0x0000, 0x0000, 0x0000, 0x0000, 0x2b10, 0x2b10, 0x2b10, 0x0000, 0x0000, 0xffff, 0xffff, 0xffff,
    0xbe9c, 0xbe9c, 0x0000, 0x0000, 0x0000, 0x0000, 0xf81f, 0xf81f, 0xf81f, 0xf81f, 0xf81f, 0xf81f,
    0xf81f, 0xf81f, 0xf81f, 0xf81f, 0xf81f, 0xf81f, 0xf81f, 0xf81f, 0xf81f, 0xf81f, 0xf81f, 0xf81f,
    0xf81f, 0xf81f, 0xf81f, 0xf81f, 0xf81f, 0xf81f, 0xf81f, 0xf81f, 0xf81f, 0xf81f, 0xf81f, 0xf81f,
    0xf81f, 0xf81f, 0xf81f, 0xf81f, 0xf81f, 0xf81f, 0xf81f, 0xf81f, 0xf81f, 0xf81f, 0xf81f, 0xf81f,
    0xf81f, 0xf81f, 0xf81f, 0xf81f, 0xf81f, 0xf81f, 0xf81f, 0xf81f, 0xf81f, 0xf81f, 0xf81f, 0xf81f,
    0xf81f, 0x0000, 0x0000, 0x8e19, 0xffff, 0xffff, 0x0000, 0x0000, 0x0000, 0x2b10, 0x0000, 0x0000,
    0xffff, 0xffff, 0xffff, 0xffff, 0xffff, 0xffff, 0xffff, 0x0000, 0x6db8, 0x6db8, 0xffff, 0xffff,
    0xbe9c, 0xbe9c, 0xbe9c, 0x0000, 0x0000, 0x0000, 0x2b10, 0x0000, 0xffff, 0xffff, 0xffff, 0xffff,
    0xbe9c, 0xffff, 0x0000, 0xf81f, 0xf81f, 0xf81f, 0xf81f, 0xf81f, 0xf81f, 0xf81f, 0xf81f, 0xf81f,
    0xf81f, 0xf81f, 0xf81f, 0xf81f, 0xf81f, 0xf81f, 0xf81f, 0xf81f, 0xf81f, 0xf81f, 0xf81f, 0xf81f,
    0xf81f, 0xf81f, 0xf81f, 0xf81f, 0xf81f, 0xf81f, 0xf81f, 0xf81f, 0xf81f, 0xf81f, 0xf81f, 0xf81f,
    0xf81f, 0xf81f, 0xf81f, 0xf81f, 0xf81f, 0xf81f, 0xf81f, 0xf81f, 0xf81f, 0xf81f, 0xf81f, 0xf81f,
    0xf81f, 0xf81f, 0xf81f, 0xf81f, 0xf81f, 0xf81f, 0xf81f, 0xf81f, 0xf81f, 0xf81f, 0xf81f, 0xf81f,
    0xf81f, 0xf81f, 0x0000, 0xffff, 0xffff, 0xffff, 0xffff, 0xffff, 0x0000, 0x0000, 0x0000, 0xffff,
    0xffff, 0xffff, 0xffff, 0xffff, 0xffff, 0x0000, 0x0000, 0x0000, 0x0000, 0x6db8, 0xffff, 0xffff,
    0xbe9c, 0xbe9c, 0xbe9c, 0xbe9c, 0xbe9c, 0x0000, 0x0000, 0xffff, 0xffff, 0xffff, 0xffff, 0xbe9c,
    0xffff, 0xffff, 0x0000, 0xf81f, 0xf81f, 0xf81f, 0xf81f, 0xf81f, 0xf81f, 0xf81f, 0xf81f, 0xf81f,
    0xf81f, 0xf81f, 0xf81f, 0xf81f, 0xf81f, 0xf81f, 0xf81f, 0xf81f, 0xf81f, 0xf81f, 0xf81f, 0xf81f,
    0xf81f, 0xf81f, 0xf81f, 0xf81f, 0xf81f, 0xf81f, 0xf81f, 0xf81f, 0xf81f, 0xf81f, 0xf81f, 0xf81f,
    0xf81f, 0xf81f, 0xf81f, 0xf81f, 0xf81f, 0xf81f, 0xf81f, 0xf81f, 0xf81f, 0xf81f, 0xf81f, 0xf81f,
    0xf81f, 0xf81f, 0xf81f, 0xf81f, 0xf81f, 0xf81f, 0xf81f, 0xf81f, 0xf81f, 0xf81f, 0xf81f, 0xf81f,
    0xf81f, 0xf81f, 0x0000, 0xffff, 0xffff, 0xffff, 0xffff, 0xffff, 0x0000, 0xffff, 0xffff, 0xbe9c,
    0xffff, 0xffff, 0xffff, 0xffff, 0xffff, 0x0000, 0x0000, 0x64d4, 0x0000, 0x6db8, 0xffff, 0xffff,
    0xffff, 0xffff, 0xbe9c, 0xbe9c, 0xbe9c, 0xbe9c, 0x0000, 0xffff, 0xffff, 0xffff, 0xffff, 0xbe9c,
    0xffff, 0x0000, 0x0000, 0xf81f, 0xf81f, 0xf81f, 0xf81f, 0xf81f, 0xf81f, 0xf81f, 0xf81f, 0xf81f,
    0xf81f, 0xf81f, 0xf81f, 0xf81f, 0xf81f, 0xf81f, 0xf81f, 0xf81f, 0xf81f, 0xf81f, 0xf81f, 0xf81f,
    0xf81f, 0xf81f, 0xf81f, 0xf81f, 0xf81f, 0xf81f, 0xf81f, 0xf81f, 0xf81f, 0xf81f, 0xf81f, 0xf81f,
    0xf81f, 0xf81f, 0xf81f, 0xf81f, 0xf81f, 0xf81f, 0xf81f, 0xf81f, 0xf81f, 0xf81f, 0xf81f, 0xf81f,
    0xf81f, 0xf81f, 0xf81f, 0xf81f, 0xf81f, 0xf81f, 0xf81f, 0xf81f, 0xf81f, 0xf81f, 0xf81f, 0xf81f,
    0xf81f, 0xf81f, 0x0000, 0xffff, 0xffff, 0xffff, 0xffff, 0xffff, 0x0000, 0xffff, 0xbe9c, 0xbe9c,
    0xffff, 0xffff, 0xffff, 0xffff, 0x64d4, 0x0000, 0x8e19, 0x64d4, 0x0000, 0x0000, 0x0000, 0xffff,
    0xffff, 0xffff, 0xbe9c, 0xbe9c, 0xbe9c, 0xbe9c, 0x0000, 0xffff, 0xffff, 0xbe9c, 0xffff, 0xbe9c,
    0xffff, 0x0000, 0x0000, 0xf81f, 0xf81f, 0xf81f, 0xf81f, 0xf81f, 0xf81f, 0xf81f, 0xf81f, 0xf81f,
    0xf81f, 0xf81f, 0xf81f, 0xf81f, 0xf81f, 0xf81f, 0xf81f, 0xf81f, 0xf81f, 0xf81f, 0xf81f, 0xf81f,
    0xf81f, 0xf81f, 0xf81f, 0xf81f, 0xf81f, 0xf81f, 0xf81f, 0xf81f, 0xf81f, 0xf81f, 0xf81f, 0xf81f,
    0xf81f, 0xf81f, 0xf81f, 0xf81f, 0xf81f, 0xf81f, 0xf81f, 0xf81f, 0xf81f, 0xf81f, 0xf81f, 0xf81f,
    0xf81f, 0xf81f, 0xf81f, 0xf81f, 0xf81f, 0xf81f, 0xf81f, 0xf81f, 0xf81f, 0xf81f, 0xf81f, 0xf81f,
    0x0000, 0x0000, 0x0000, 0xffff, 0xbe9c, 0xffff, 0xffff, 0xffff, 0x0000, 0xbe9c, 0xbe9c, 0xbe9c,
    0xffff, 0xffff, 0xffff, 0x0000, 0x0000, 0x8e19, 0x8e19, 0x64d4, 0x64d4, 0x64d4, 0x0000, 0x0000,
    0xffff, 0xffff, 0xffff, 0xbe9c, 0xbe9c, 0xbe9c, 0x0000, 0xffff, 0xffff, 0xbe9c, 0xffff, 0xffff,
    0xffff, 0x0000, 0x0000, 0xf81f, 0xf81f, 0xf81f, 0xf81f, 0xf81f, 0xf81f, 0xf81f, 0xf81f, 0xf81f,
    0xf81f, 0xf81f, 0xf81f, 0xf81f, 0xf81f, 0xf81f, 0xf81f, 0xf81f, 0xf81f, 0xf81f, 0xf81f, 0xf81f,
    0xf81f, 0xf81f, 0xf81f, 0xf81f, 0xf81f, 0xf81f, 0xf81f, 0xf81f, 0xf81f, 0xf81f, 0xf81f, 0xf81f,
    0xf81f, 0xf81f, 0xf81f, 0xf81f, 0xf81f, 0xf81f, 0xf81f, 0xf81f, 0xf81f, 0xf81f, 0xf81f, 0xf81f,
    0xf81f, 0xf81f, 0xf81f, 0xf81f, 0xf81f, 0xf81f, 0xf81f, 0xf81f, 0xf81f, 0xf81f, 0xf81f, 0x0000,
    0x230d, 0x230d, 0x0000, 0x0000, 0xbe9c, 0xbe9c, 0xffff, 0xffff, 0x0000, 0xbe9c, 0xbe9c, 0xbe9c,
    0xffff, 0xffff, 0xffff, 0x0000, 0x8e19, 0x8e19, 0x8e19, 0x8e19, 0x64d4, 0x64d4, 0x64d4, 0x0000,
    0xffff, 0xffff, 0xffff, 0xffff, 0xbe9c, 0xbe9c, 0x0000, 0xffff, 0xffff, 0xbe9c, 0xffff, 0xffff,
    0xffff, 0x0000, 0xffff, 0x0000, 0x0000, 0x0000, 0x0000, 0xf81f, 0xf81f, 0xf81f, 0xf81f, 0xf81f,
    0xf81f, 0xf81f, 0xf81f, 0xf81f, 0xf81f, 0xf81f, 0xf81f, 0xf81f, 0xf81f, 0xf81f, 0xf81f, 0xf81f,
    0xf81f, 0xf81f, 0xf81f, 0xf81f, 0xf81f, 0xf81f, 0xf81f, 0xf81f, 0xf81f, 0xf81f, 0xf81f, 0xf81f,
    0xf81f, 0xf81f, 0xf81f, 0xf81f, 0xf81f, 0xf81f, 0xf81f, 0xf81f, 0xf81f, 0xf81f, 0xf81f, 0xf81f,
    0xf81f, 0xf81f, 0xf81f, 0xf81f, 0xf81f, 0xf81f, 0xf81f, 0xf81f, 0xf81f, 0x0000, 0x0000, 0x0000,
    0x230d, 0x230d, 0x0000, 0x0000, 0x8e19, 0xbe9c, 0xffff, 0xffff, 0x0000, 0xbe9c, 0xbe9c, 0xbe9c,
    0xbe9c, 0x0000, 0x0000, 0x8e19, 0x8e19, 0x8e19, 0x8e19, 0x8e19, 0x8e19, 0x8e19, 0x64d4, 0x64d4,
    0x0000, 0xffff, 0xffff, 0xbe9c, 0xbe9c, 0xbe9c, 0x0000, 0xffff, 0xffff, 0xbe9c, 0xbe9c, 0xffff,
    0x0000, 0x0000, 0xffff, 0xffff, 0x0000, 0x0000, 0x0000, 0x0000, 0xf81f, 0xf81f, 0xf81f, 0xf81f,
    0xf81f, 0xf81f, 0xf81f, 0xf81f, 0xf81f, 0xf81f, 0xf81f, 0xf81f, 0xf81f, 0xf81f, 0xf81f, 0xf81f,
    0xf81f, 0xf81f, 0xf81f, 0xf81f, 0xf81f, 0xf81f, 0xf81f, 0xf81f, 0xf81f, 0xf81f, 0xf81f, 0xf81f,
    0xf81f, 0xf81f, 0xf81f, 0xf81f, 0xf81f, 0xf81f, 0xf81f, 0xf81f, 0xf81f, 0xf81f, 0xf81f, 0xf81f,
    0xf81f, 0xf81f, 0xf81f, 0xf81f, 0xf81f, 0xf81f, 0xf81f, 0xf81f, 0xf81f, 0x0000, 0x0000, 0x6db8,
    0x6db8, 0x230d, 0x0000, 0x0000, 0xbe9c, 0xbe9c, 0xffff, 0xffff, 0x0000, 0x0000, 0x0000, 0x0000,
    0x0000, 0x8e19, 0x8e19, 0x8e19, 0xffff, 0xffff, 0xffff, 0x8e19, 0x8e19, 0x8e19, 0x8e19, 0x8e19,
    0x0000, 0x0000, 0x0000, 0x0000, 0x0000, 0x0000, 0x0000, 0xffff, 0xffff, 0xbe9c, 0xffff, 0xffff,
    0x0000, 0x0000, 0xffff, 0xffff, 0x6db8, 0x6db8, 0x6db8, 0x8537, 0x0000, 0xf81f, 0xf81f, 0xf81f,
    0xf81f, 0xf81f, 0xf81f, 0xf81f, 0xf81f, 0xf81f, 0xf81f, 0xf81f, 0xf81f, 0xf81f, 0xf81f, 0xf81f,
    0xf81f, 0xf81f, 0xf81f, 0xf81f, 0xf81f, 0xf81f, 0xf81f, 0xf81f, 0xf81f, 0xf81f, 0xf81f, 0xf81f,
    0xf81f, 0xf81f, 0xf81f, 0xf81f, 0xf81f, 0xf81f, 0xf81f, 0xf81f, 0xf81f, 0xf81f, 0xf81f, 0xf81f,
    0xf81f, 0xf81f, 0xf81f, 0xf81f, 0xf81f, 0xf81f, 0xf81f, 0xf81f, 0x0000, 0xffff, 0xffff, 0x6db8,
    0x6db8, 0x230d, 0x0000, 0x0000, 0xffff, 0xbe9c, 0xffff, 0xffff, 0xffff, 0xffff, 0xffff, 0xffff,
    0xffff, 0xffff, 0xffff, 0xffff, 0xffff, 0xffff, 0xffff, 0xffff, 0x8e19, 0x8e19, 0x8e19, 0x8e19,
    0x8e19, 0x8e19, 0x8e19, 0x8e19, 0x8e19, 0xffff, 0xffff, 0xffff, 0xffff, 0xbe9c, 0xffff, 0x0000,
    0x0000, 0xffff, 0xffff, 0x6db8, 0x6db8, 0x6db8, 0x6db8, 0x6db8, 0x0000, 0xf81f, 0xf81f, 0xf81f,
    0xf81f, 0xf81f, 0xf81f, 0xf81f, 0xf81f, 0xf81f, 0xf81f, 0xf81f, 0xf81f, 0xf81f, 0xf81f, 0xf81f,
    0xf81f, 0xf81f, 0xf81f, 0xf81f, 0xf81f, 0xf81f, 0xf81f, 0xf81f, 0xf81f, 0xf81f, 0xf81f, 0xf81f,
    0xf81f, 0xf81f, 0xf81f, 0xf81f, 0xf81f, 0xf81f, 0xf81f, 0xf81f, 0xf81f, 0xf81f, 0xf81f, 0xf81f,
    0xf81f, 0xf81f, 0xf81f, 0xf81f, 0xf81f, 0xf81f, 0xf81f, 0xf81f, 0x0000, 0xffff, 0xffff, 0x6db8,
    0x6db8, 0x230d, 0x230d, 0x0000, 0xffff, 0xbe9c, 0xffff, 0xffff, 0xffff, 0xffff, 0xffff, 0xffff,
    0xffff, 0xffff, 0xffff, 0xffff, 0xffff, 0xffff, 0xffff, 0xffff, 0xffff, 0x8e19, 0x8e19, 0x8e19,
    0x8e19, 0x8e19, 0x8e19, 0x8e19, 0x8e19, 0x8e19, 0x8e19, 0xffff, 0xffff, 0xbe9c, 0xffff, 0x0000,
    0x0000, 0xffff, 0xffff, 0xbe9c, 0xbe9c, 0xbe9c, 0xbe9c, 0x6db8, 0x0000, 0x0000, 0xf81f, 0xf81f,
    0xf81f, 0xf81f, 0xf81f, 0xf81f, 0xf81f, 0xf81f, 0xf81f, 0xf81f, 0xf81f, 0xf81f, 0xf81f, 0xf81f,
    0xf81f, 0xf81f, 0xf81f, 0xf81f, 0xf81f, 0xf81f, 0xf81f, 0xf81f, 0xf81f, 0xf81f, 0xf81f, 0xf81f,
    0xf81f, 0xf81f, 0xf81f, 0xf81f, 0xf81f, 0xf81f, 0xf81f, 0xf81f, 0xf81f, 0xf81f, 0xf81f, 0xf81f,
    0xf81f, 0xf81f, 0xf81f, 0xf81f, 0xf81f, 0xf81f, 0xf81f, 0x0000, 0x0000, 0xffff, 0xffff, 0x6db8,
    0x6db8, 0x230d, 0x230d, 0x0000, 0xffff, 0xffff, 0xffff, 0xffff, 0xffff, 0xffff, 0xffff, 0xffff,
    0xffff, 0xffff, 0xffff, 0xffff, 0xffff, 0xffff, 0xffff, 0xffff, 0xffff, 0xffff, 0xffff, 0xffff,
    0x8e19, 0x8e19, 0x8e19, 0x8e19, 0x8e19, 0x8e19, 0xffff, 0xffff, 0xbe9c, 0x6db8, 0xffff, 0x0000,
    0xffff, 0xffff, 0xffff, 0xbe9c, 0xbe9c, 0xbe9c, 0xbe9c, 0xbe9c, 0xffff, 0x0000, 0xf81f, 0xf81f,
    0xf81f, 0xf81f, 0xf81f, 0xf81f, 0xf81f, 0xf81f, 0xf81f, 0xf81f, 0xf81f, 0xf81f, 0xf81f, 0xf81f,
    0xf81f, 0xf81f, 0xf81f, 0xf81f, 0xf81f, 0xf81f, 0xf81f, 0xf81f, 0xf81f, 0xf81f, 0xf81f, 0xf81f,
    0xf81f, 0xf81f, 0xf81f, 0xf81f, 0xf81f, 0xf81f, 0xf81f, 0xf81f, 0xf81f, 0xf81f, 0xf81f, 0xf81f,
    0xf81f, 0xf81f, 0xf81f, 0xf81f, 0xf81f, 0xf81f, 0xf81f, 0x0000, 0x0000, 0xffff, 0xffff, 0xffff,
    0x8537, 0x230d, 0x230d, 0x0000, 0x0000, 0xffff, 0xffff, 0xffff, 0xffff, 0xffff, 0xffff, 0xffff,
    0xffff, 0xffff, 0xffff, 0xffff, 0xffff, 0xffff, 0xffff, 0xffff, 0xffff, 0xffff, 0xffff, 0xffff,
    0xffff, 0xffff, 0xffff, 0xffff, 0xffff, 0xffff, 0xffff, 0xffff, 0x6db8, 0x6db8, 0xffff, 0x0000,
    0xffff, 0x6db8, 0xbe9c, 0xbe9c, 0xbe9c, 0xbe9c, 0xffff, 0xffff, 0xffff, 0xffff, 0x0000, 0xf81f,
    0xf81f, 0xf81f, 0xf81f, 0xf81f, 0xf81f, 0xf81f, 0xf81f, 0xf81f, 0xf81f, 0xf81f, 0xf81f, 0xf81f,
    0xf81f, 0xf81f, 0xf81f, 0xf81f, 0xf81f, 0xf81f, 0xf81f, 0xf81f, 0xf81f, 0xf81f, 0xf81f, 0xf81f,
    0xf81f, 0xf81f, 0xf81f, 0xf81f, 0xf81f, 0xf81f, 0xf81f, 0xf81f, 0xf81f, 0xf81f, 0xf81f, 0xf81f,
    0xf81f, 0xf81f, 0xf81f, 0xf81f, 0xf81f, 0xf81f, 0xf81f, 0x0000, 0x0000, 0xffff, 0xffff, 0xffff,
    0x8537, 0x6db8, 0x230d, 0x0000, 0x0000, 0x0000, 0xffff, 0xffff, 0xffff, 0xffff, 0xffff, 0xffff,
    0xffff, 0xffff, 0xffff, 0xffff, 0xffff, 0xffff, 0xffff, 0xffff, 0xffff, 0xffff, 0xffff, 0xffff,
    0xffff, 0xffff, 0xffff, 0xffff, 0xffff, 0xffff, 0xbe9c, 0xbe9c, 0x6db8, 0x0000, 0x0000, 0x0000,
    0xffff, 0x8537, 0xffff, 0xffff, 0xffff, 0xffff, 0xffff, 0xffff, 0xffff, 0xffff, 0x0000, 0xf81f,
    0xf81f, 0xf81f, 0xf81f, 0xf81f, 0xf81f, 0xf81f, 0xf81f, 0xf81f, 0xf81f, 0xf81f, 0xf81f, 0xf81f,
    0xf81f, 0xf81f, 0xf81f, 0xf81f, 0xf81f, 0xf81f, 0xf81f, 0xf81f, 0xf81f, 0xf81f, 0xf81f, 0xf81f,
    0xf81f, 0xf81f, 0xf81f, 0xf81f, 0xf81f, 0xf81f, 0xf81f, 0xf81f, 0xf81f, 0xf81f, 0xf81f, 0xf81f,
    0xf81f, 0xf81f, 0xf81f, 0xf81f, 0xf81f, 0xf81f, 0xf81f, 0x0000, 0xffff, 0xffff, 0xffff, 0xbe9c,
    0x8537, 0x6db8, 0x230d, 0x0000, 0x0000, 0x0000, 0xffff, 0xffff, 0xffff, 0xffff, 0xffff, 0xffff,
    0xffff, 0xffff, 0xffff, 0xffff, 0xffff, 0xffff, 0xffff, 0xffff, 0xffff, 0xffff, 0xffff, 0xffff,
    0xffff, 0xffff, 0xffff, 0xffff, 0xffff, 0xbe9c, 0xbe9c, 0x6db8, 0x6db8, 0x0000, 0x0000, 0xffff,
    0x8537, 0x8537, 0xffff, 0xffff, 0xffff, 0xffff, 0xffff, 0xffff, 0xffff, 0xffff, 0x0000, 0x0000,
    0xf81f, 0xf81f, 0xf81f, 0xf81f, 0xf81f, 0xf81f, 0xf81f, 0xf81f, 0xf81f, 0xf81f, 0xf81f, 0xf81f,
    0xf81f, 0xf81f, 0xf81f, 0xf81f, 0xf81f, 0xf81f, 0xf81f, 0xf81f, 0xf81f, 0xf81f, 0xf81f, 0xf81f,
    0xf81f, 0xf81f, 0xf81f, 0xf81f, 0xf81f, 0xf81f, 0xf81f, 0xf81f, 0xf81f, 0xf81f, 0xf81f, 0xf81f,
    0xf81f, 0xf81f, 0xf81f, 0xf81f, 0xf81f, 0xf81f, 0x0000, 0x0000, 0xffff, 0xffff, 0xffff, 0xbe9c,
    0x8537, 0x6db8, 0x230d, 0x0000, 0x2b10, 0x1168, 0x0000, 0xffff, 0xffff, 0xffff, 0xffff, 0xffff,
    0xffff, 0xffff, 0xffff, 0xffff, 0xffff, 0xffff, 0xffff, 0xffff, 0xffff, 0xffff, 0xffff, 0xffff,
    0xffff, 0xffff, 0xffff, 0xffff, 0xffff, 0xbe9c, 0xbe9c, 0x6db8, 0x0000, 0x0000, 0xffff, 0x8537,
    0x8537, 0x8537, 0xffff, 0xffff, 0xffff, 0xffff, 0xffff, 0xffff, 0xffff, 0xffff, 0xffff, 0x0000,
    0xf81f, 0xf81f, 0xf81f, 0xf81f, 0xf81f, 0xf81f, 0xf81f, 0xf81f, 0xf81f, 0xf81f, 0xf81f, 0xf81f,
    0xf81f, 0xf81f, 0xf81f, 0xf81f, 0xf81f, 0xf81f, 0xf81f, 0xf81f, 0xf81f, 0xf81f, 0xf81f, 0xf81f,
    0xf81f, 0xf81f, 0xf81f, 0xf81f, 0xf81f, 0xf81f, 0xf81f, 0xf81f, 0xf81f, 0xf81f, 0xf81f, 0xf81f,
    0xf81f, 0xf81f, 0xf81f, 0xf81f, 0xf81f, 0xf81f, 0x0000, 0xffff, 0xffff, 0xffff, 0xffff, 0xbe9c,
    0x8537, 0x230d, 0x230d, 0x0000, 0x2b10, 0x1168, 0x0000, 0x0000, 0xffff, 0xffff, 0xffff, 0xffff,
    0xffff, 0xffff, 0xffff, 0xffff, 0xffff, 0xffff, 0xffff, 0xffff, 0xffff, 0xffff, 0xffff, 0xffff,
    0xffff, 0xffff, 0xffff, 0xffff, 0xbe9c, 0xbe9c, 0x6db8, 0x6db8, 0x0000, 0x0000, 0xbe9c, 0x8537,
    0x8537, 0xffff, 0xffff, 0xffff, 0xffff, 0xffff, 0xffff, 0xffff, 0xffff, 0xffff, 0xffff, 0x0000,
    0xf81f, 0xf81f, 0xf81f, 0xf81f, 0xf81f, 0xf81f, 0xf81f, 0xf81f, 0xf81f, 0xf81f, 0xf81f, 0xf81f,
    0xf81f, 0xf81f, 0xf81f, 0xf81f, 0xf81f, 0xf81f, 0xf81f, 0xf81f, 0xf81f, 0xf81f, 0xf81f, 0xf81f,
    0xf81f, 0xf81f, 0xf81f, 0xf81f, 0xf81f, 0xf81f, 0xf81f, 0xf81f, 0xf81f, 0xf81f, 0xf81f, 0xf81f,
    0xf81f, 0xf81f, 0xf81f, 0xf81f, 0xf81f, 0xf81f, 0x0000, 0xffff, 0xffff, 0xffff, 0xbe9c, 0xbe9c,
    0x6db8, 0x230d, 0x230d, 0x0000, 0x2b10, 0x1168, 0x1168, 0x0000, 0xffff, 0xffff, 0xffff, 0xffff,
    0xffff, 0xffff, 0xffff, 0xffff, 0xffff, 0xffff, 0xffff, 0xffff, 0xffff, 0xffff, 0xffff, 0xffff,
    0xffff, 0xffff, 0xffff, 0xbe9c, 0xbe9c, 0x6db8, 0x6db8, 0x0000, 0x0000, 0x0000, 0x8537, 0x8537,
    0xffff, 0xffff, 0xffff, 0xffff, 0xffff, 0xffff, 0xffff, 0xffff, 0xffff, 0xffff, 0xffff, 0x0000,
    0xf81f, 0xf81f, 0xf81f, 0xf81f, 0xf81f, 0xf81f, 0xf81f, 0xf81f, 0xf81f, 0xf81f, 0xf81f, 0xf81f,
    0xf81f, 0xf81f, 0xf81f, 0xf81f, 0xf81f, 0xf81f, 0xf81f, 0xf81f, 0xf81f, 0xf81f, 0xf81f, 0xf81f,
    0xf81f, 0xf81f, 0xf81f, 0xf81f, 0xf81f, 0xf81f, 0xf81f, 0xf81f, 0xf81f, 0xf81f, 0xf81f, 0xf81f,
    0xf81f, 0xf81f, 0xf81f, 0xf81f, 0xf81f, 0x0000, 0x0000, 0xffff, 0xffff, 0xffff, 0xbe9c, 0xbe9c,
    0x6db8, 0x6db8, 0x230d, 0x0000, 0x2b10, 0x2b10, 0x1168, 0x0000, 0x0000, 0xffff, 0xffff, 0xffff,
    0xffff, 0xffff, 0xffff, 0xffff, 0xffff, 0xffff, 0xffff, 0xffff, 0xffff, 0xffff, 0xffff, 0xffff,
    0xffff, 0xffff, 0xbe9c, 0xbe9c, 0x6db8, 0x6db8, 0x0000, 0x0000, 0x0000, 0x0000, 0x8537, 0x8537,
    0xffff, 0xffff, 0xffff, 0xffff, 0xffff, 0xffff, 0xffff, 0xffff, 0xffff, 0xffff, 0xffff, 0x0000,
    0xf81f, 0xf81f, 0xf81f, 0xf81f, 0xf81f, 0xf81f, 0xf81f, 0xf81f, 0xf81f, 0xf81f, 0xf81f, 0xf81f,
    0xf81f, 0xf81f, 0xf81f, 0xf81f, 0xf81f, 0xf81f, 0xf81f, 0xf81f, 0xf81f, 0xf81f, 0xf81f, 0xf81f,
    0xf81f, 0xf81f, 0xf81f, 0xf81f, 0xf81f, 0xf81f, 0xf81f, 0xf81f, 0xf81f, 0xf81f, 0xf81f, 0xf81f,
    0xf81f, 0xf81f, 0xf81f, 0xf81f, 0xf81f, 0x0000, 0xffff, 0xffff, 0xffff, 0xffff, 0xbe9c, 0xbe9c,
    0x6db8, 0x6db8, 0x0000, 0x0000, 0x0000, 0x2b10, 0x2b10, 0x1168, 0x0000, 0x0000, 0xffff, 0xffff,
    0xffff, 0xffff, 0xffff, 0xffff, 0xffff, 0xffff, 0xffff, 0xffff, 0xffff, 0xffff, 0xffff, 0xffff,
    0xbe9c, 0xbe9c, 0xbe9c, 0x6db8, 0x6db8, 0x0000, 0x0000, 0x0000, 0x0000, 0x0000, 0xffff, 0xffff,
    0xffff, 0xffff, 0xffff, 0xffff, 0xffff, 0xffff, 0xffff, 0xffff, 0xffff, 0xffff, 0xffff, 0xffff,
    0x0000, 0xf81f, 0xf81f, 0xf81f, 0xf81f, 0xf81f, 0xf81f, 0xf81f, 0xf81f, 0xf81f, 0xf81f, 0xf81f,
    0xf81f, 0xf81f, 0xf81f, 0xf81f, 0xf81f, 0xf81f, 0xf81f, 0xf81f, 0xf81f, 0xf81f, 0xf81f, 0xf81f,
    0xf81f, 0xf81f, 0xf81f, 0xf81f, 0xf81f, 0xf81f, 0xf81f, 0xf81f, 0xf81f, 0xf81f, 0xf81f, 0xf81f,
    0xf81f, 0xf81f, 0xf81f, 0xf81f, 0xf81f, 0x0000, 0xffff, 0xffff, 0xffff, 0xbe9c, 0xbe9c, 0x8537,
    0x6db8, 0x6db8, 0x0000, 0xffff, 0x0000, 0x2b10, 0x2b10, 0x1168, 0x1168, 0x1168, 0x0000, 0xffff,
    0xffff, 0xffff, 0xffff, 0xffff, 0xffff, 0xffff, 0xffff, 0xffff, 0xffff, 0xffff, 0xffff, 0xbe9c,
    0xbe9c, 0x6db8, 0x6db8, 0x6db8, 0x6db8, 0x0000, 0x1168, 0x1168, 0x8e19, 0x0000, 0xffff, 0xffff,
    0xffff, 0xffff, 0xffff, 0xffff, 0xffff, 0xffff, 0xffff, 0xffff, 0xffff, 0xffff, 0xffff, 0xffff,
    0x0000, 0xf81f, 0xf81f, 0xf81f, 0xf81f, 0xf81f, 0xf81f, 0xf81f, 0xf81f, 0xf81f, 0xf81f, 0xf81f,
    0xf81f, 0xf81f, 0xf81f, 0xf81f, 0xf81f, 0xf81f, 0xf81f, 0xf81f, 0xf81f, 0xf81f, 0xf81f, 0xf81f,
    0xf81f, 0xf81f, 0xf81f, 0xf81f, 0xf81f, 0xf81f, 0xf81f, 0xf81f, 0xf81f, 0xf81f, 0xf81f, 0xf81f,
    0xf81f, 0xf81f, 0xf81f, 0xf81f, 0x0000, 0x0000, 0xffff, 0xffff, 0xffff, 0xbe9c, 0xbe9c, 0x6db8,
    0x6db8, 0x8537, 0x0000, 0xffff, 0x0000, 0x2b10, 0x2b10, 0x2b10, 0x1168, 0x1168, 0x0000, 0x0000,
    0xffff, 0xffff, 0xffff, 0xffff, 0xffff, 0xffff, 0xffff, 0xffff, 0xffff, 0xffff, 0xbe9c, 0x6db8,
    0x6db8, 0x6db8, 0x6db8, 0x6db8, 0x0000, 0x1168, 0x1168, 0x0000, 0x8e19, 0x0000, 0xffff, 0xffff,
    0xffff, 0xffff, 0xffff, 0xffff, 0xffff, 0xffff, 0xffff, 0xffff, 0xffff, 0xffff, 0xffff, 0xffff,
    0x0000, 0xf81f, 0xf81f, 0xf81f, 0xf81f, 0xf81f, 0xf81f, 0xf81f, 0xf81f, 0xf81f, 0xf81f, 0xf81f,
    0xf81f, 0xf81f, 0xf81f, 0xf81f, 0xf81f, 0xf81f, 0xf81f, 0xf81f, 0xf81f, 0xf81f, 0xf81f, 0xf81f,
    0xf81f, 0xf81f, 0xf81f, 0xf81f, 0xf81f, 0xf81f, 0xf81f, 0xf81f, 0xf81f, 0xf81f, 0xf81f, 0xf81f,
    0xf81f, 0xf81f, 0xf81f, 0xf81f, 0x0000, 0xffff, 0xffff, 0xffff, 0xffff, 0xbe9c, 0xbe9c, 0x6db8,
    0x6db8, 0x0000, 0x0000, 0xffff, 0x0000, 0x2b10, 0x2b10, 0x4c56, 0x0000, 0x1168, 0x1168, 0x0000,
    0x0000, 0xffff, 0xffff, 0xffff, 0xffff, 0xffff, 0xffff, 0xffff, 0xffff, 0xbe9c, 0xbe9c, 0x6db8,
    0x6db8, 0x6db8, 0x6db8, 0x0000, 0x0000, 0x1168, 0x1168, 0x8e19, 0x8e19, 0x0000, 0xffff, 0xffff,
    0xffff, 0xffff, 0xffff, 0xffff, 0xffff, 0xffff, 0xffff, 0xffff, 0xffff, 0xffff, 0xffff, 0xffff,
    0x0000, 0xf81f, 0xf81f, 0xf81f, 0xf81f, 0xf81f, 0xf81f, 0xf81f, 0xf81f, 0xf81f, 0xf81f, 0xf81f,
    0xf81f, 0xf81f, 0xf81f, 0xf81f, 0xf81f, 0xf81f, 0xf81f, 0xf81f, 0xf81f, 0xf81f, 0xf81f, 0xf81f,
    0xf81f, 0xf81f, 0xf81f, 0xf81f, 0xf81f, 0xf81f, 0xf81f, 0xf81f, 0xf81f, 0xf81f, 0xf81f, 0xf81f,
    0xf81f, 0xf81f, 0xf81f, 0xf81f, 0x0000, 0xffff, 0xffff, 0xffff, 0xbe9c, 0xbe9c, 0x8537, 0x6db8,
    0x6db8, 0x0000, 0xffff, 0xffff, 0x0000, 0x2b10, 0x2b10, 0x4c56, 0x4c56, 0x1168, 0x1168, 0x1168,
    0x1168, 0xffff, 0xffff, 0xffff, 0xffff, 0xffff, 0xffff, 0xffff, 0xbe9c, 0xbe9c, 0x6db8, 0x6db8,
    0x6db8, 0x6db8, 0x0000, 0x1168, 0x1168, 0x1168, 0x0000, 0xbe9c, 0x8e19, 0x0000, 0xffff, 0xffff,
    0xffff, 0xffff, 0xffff, 0xffff, 0xffff, 0xffff, 0xffff, 0xffff, 0xffff, 0xffff, 0xffff, 0xffff,
    0xffff, 0x0000, 0xf81f, 0xf81f, 0xf81f, 0xf81f, 0xf81f, 0xf81f, 0xf81f, 0xf81f, 0xf81f, 0xf81f,
    0xf81f, 0xf81f, 0xf81f, 0xf81f, 0xf81f, 0xf81f, 0xf81f, 0xf81f, 0xf81f, 0xf81f, 0xf81f, 0xf81f,
    0xf81f, 0xf81f, 0xf81f, 0xf81f, 0xf81f, 0xf81f, 0xf81f, 0xf81f, 0xf81f, 0xf81f, 0xf81f, 0xf81f,
    0xf81f, 0xf81f, 0xf81f, 0xf81f, 0x0000, 0xffff, 0xffff, 0xffff, 0xbe9c, 0xbe9c, 0x6db8, 0x6db8,
    0x6db8, 0x0000, 0xffff, 0xffff, 0xffff, 0x0000, 0x2b10, 0x2b10, 0x4c56, 0x4c56, 0x1168, 0x1168,
    0x1168, 0x0000, 0xffff, 0xffff, 0xffff, 0xffff, 0xffff, 0xffff, 0xbe9c, 0xbe9c, 0x6db8, 0x6db8,
    0x6db8, 0x6db8, 0x0000, 0x1168, 0x1168, 0x0000, 0x0000, 0xbe9c, 0x8e19, 0x0000, 0xffff, 0xffff,
    0xffff, 0xffff, 0xffff, 0xffff, 0xffff, 0xffff, 0xffff, 0xffff, 0xffff, 0xffff, 0x6db8, 0xffff,
    0xffff, 0x0000, 0xf81f, 0xf81f, 0xf81f, 0xf81f, 0xf81f, 0xf81f, 0xf81f, 0xf81f, 0xf81f, 0xf81f,
    0xf81f, 0xf81f, 0xf81f, 0xf81f, 0xf81f, 0xf81f, 0xf81f, 0xf81f, 0xf81f, 0xf81f, 0xf81f, 0xf81f,
    0xf81f, 0xf81f, 0xf81f, 0xf81f, 0xf81f, 0xf81f, 0xf81f, 0xf81f, 0xf81f, 0xf81f, 0xf81f, 0xf81f,
    0xf81f, 0xf81f, 0xf81f, 0x0000, 0xffff, 0xffff, 0xffff, 0xffff, 0xbe9c, 0x6db8, 0x6db8, 0x6db8,
    0x0000, 0x0000, 0xffff, 0xffff, 0xffff, 0x0000, 0x0000, 0x2b10, 0x2b10, 0x4c56, 0x4c56, 0x1168,
    0x1168, 0x0000, 0x0000, 0xffff, 0xffff, 0xffff, 0xffff, 0xffff, 0xbe9c, 0xbe9c, 0x6db8, 0x6db8,
    0x6db8, 0x0000, 0x1168, 0x1168, 0x7d9a, 0x0000, 0xffff, 0x8e19, 0x8e19, 0x0000, 0xffff, 0xffff,
    0xffff, 0xffff, 0xffff, 0xffff, 0xffff, 0xffff, 0xffff, 0xffff, 0xffff, 0xffff, 0x6db8, 0xffff,
    0xffff, 0x0000, 0xf81f, 0xf81f, 0xf81f, 0xf81f, 0xf81f, 0xf81f, 0xf81f, 0xf81f, 0xf81f, 0xf81f,
    0xf81f, 0xf81f, 0xf81f, 0xf81f, 0xf81f, 0xf81f, 0xf81f, 0xf81f, 0xf81f, 0xf81f, 0xf81f, 0xf81f,
    0xf81f, 0xf81f, 0xf81f, 0xf81f, 0xf81f, 0xf81f, 0xf81f, 0xf81f, 0xf81f, 0xf81f, 0xf81f, 0xf81f,
    0xf81f, 0xf81f, 0xf81f, 0x0000, 0xffff, 0xffff, 0xffff, 0xffff, 0xbe9c, 0x6db8, 0x6db8, 0x6db8,
    0x0000, 0xffff, 0xffff, 0xffff, 0xffff, 0xffff, 0x0000, 0x0000, 0x2b10, 0x4c56, 0x4c56, 0x4c56,
    0x1168, 0x1168, 0x0000, 0x0000, 0xffff, 0xffff, 0xffff, 0xffff, 0xbe9c, 0xbe9c, 0x6db8, 0x0000,
    0x0000, 0x0000, 0x1168, 0x2b10, 0x0000, 0x0000, 0x8e19, 0x8e19, 0x0000, 0x0000, 0xffff, 0xffff,
    0xffff, 0xffff, 0xffff, 0xffff, 0xffff, 0xffff, 0xffff, 0xffff, 0xffff, 0xffff, 0x6db8, 0xbe9c,
    0xffff, 0x0000, 0xf81f, 0xf81f, 0xf81f, 0xf81f, 0xf81f, 0xf81f, 0xf81f, 0xf81f, 0xf81f, 0xf81f,
    0xf81f, 0xf81f, 0xf81f, 0xf81f, 0xf81f, 0xf81f, 0xf81f, 0xf81f, 0xf81f, 0xf81f, 0xf81f, 0xf81f,
    0xf81f, 0xf81f, 0xf81f, 0xf81f, 0xf81f, 0xf81f, 0xf81f, 0xf81f, 0xf81f, 0xf81f, 0xf81f, 0xf81f,
    0xf81f, 0xf81f, 0x0000, 0x0000, 0xffff, 0xffff, 0xffff, 0xffff, 0xbe9c, 0x6db8, 0x6db8, 0x6db8,
    0x0000, 0xffff, 0xffff, 0xffff, 0xffff, 0xffff, 0xffff, 0x0000, 0x0000, 0x2b10, 0x4c56, 0x4c56,
    0x4c56, 0x1168, 0x1168, 0x0000, 0x0000, 0xffff, 0xffff, 0xffff, 0xbe9c, 0xbe9c, 0x0000, 0x0000,
    0x1168, 0x1168, 0x4c56, 0x0000, 0x0000, 0xffff, 0x8e19, 0x8e19, 0x0000, 0x0000, 0xffff, 0xffff,
    0xffff, 0xffff, 0xffff, 0xffff, 0xffff, 0xffff, 0xffff, 0xffff, 0xffff, 0xffff, 0x6db8, 0xbe9c,
    0xffff, 0x0000, 0x0000, 0xf81f, 0xf81f, 0xf81f, 0xf81f, 0xf81f, 0xf81f, 0xf81f, 0xf81f, 0xf81f,
    0xf81f, 0xf81f, 0xf81f, 0xf81f, 0xf81f, 0xf81f, 0xf81f, 0xf81f, 0xf81f, 0xf81f, 0xf81f, 0xf81f,
    0xf81f, 0xf81f, 0xf81f, 0xf81f, 0xf81f, 0xf81f, 0xf81f, 0xf81f, 0xf81f, 0xf81f, 0xf81f, 0xf81f,
    0xf81f, 0xf81f, 0x0000, 0xffff, 0xffff, 0xffff, 0xffff, 0xffff, 0x8537, 0x6db8, 0x6db8, 0x6db8,
    0x0000, 0xffff, 0xffff, 0xffff, 0xffff, 0xffff, 0xffff, 0xffff, 0x0000, 0x0000, 0x2b10, 0x4c56,
    0x4c56, 0x4c56, 0x1168, 0x1168, 0x0000, 0x0000, 0x0000, 0x0000, 0x0000, 0x0000, 0x1168, 0x1168,
    0x1168, 0x4c56, 0x0000, 0x0000, 0xffff, 0x8e19, 0x8e19, 0x0000, 0x0000, 0xffff, 0xffff, 0xffff,
    0xffff, 0xffff, 0xffff, 0xffff, 0xffff, 0xffff, 0xffff, 0xffff, 0xffff, 0xffff, 0x6db8, 0xbe9c,
    0xffff, 0xffff, 0x0000, 0xf81f, 0xf81f, 0xf81f, 0xf81f, 0xf81f, 0xf81f, 0xf81f, 0xf81f, 0xf81f,
    0xf81f, 0xf81f, 0xf81f, 0xf81f, 0xf81f, 0xf81f, 0xf81f, 0xf81f, 0xf81f, 0xf81f, 0xf81f, 0xf81f,
    0xf81f, 0xf81f, 0xf81f, 0xf81f, 0xf81f, 0xf81f, 0xf81f, 0xf81f, 0xf81f, 0xf81f, 0xf81f, 0xf81f,
    0xf81f, 0xf81f, 0x0000, 0xffff, 0xffff, 0xffff, 0xffff, 0xbe9c, 0x8537, 0x6db8, 0x6db8, 0x0000,
    0x0000, 0xffff, 0xffff, 0xffff, 0xffff, 0xffff, 0xffff, 0xffff, 0xffff, 0x0000, 0x0000, 0x2b10,
    0x2b10, 0x2b10, 0x4c56, 0x1168, 0x1168, 0x1168, 0x1168, 0x1168, 0x1168, 0x1168, 0x1168, 0x2b10,
    0x4c56, 0x0000, 0x0000, 0xffff, 0xbe9c, 0xbe9c, 0x8e19, 0x0000, 0xffff, 0xffff, 0xffff, 0xffff,
    0xffff, 0xffff, 0xffff, 0xffff, 0xffff, 0xffff, 0xffff, 0xffff, 0xffff, 0xffff, 0x6db8, 0xbe9c,
    0xffff, 0xffff, 0x0000, 0xf81f, 0xf81f, 0xf81f, 0xf81f, 0xf81f, 0xf81f, 0xf81f, 0xf81f, 0xf81f,
    0xf81f, 0xf81f, 0xf81f, 0xf81f, 0xf81f, 0xf81f, 0xf81f, 0xf81f, 0xf81f, 0xf81f, 0xf81f, 0xf81f,
    0xf81f, 0xf81f, 0xf81f, 0xf81f, 0xf81f, 0xf81f, 0xf81f, 0xf81f, 0xf81f, 0xf81f, 0xf81f, 0xf81f,
    0xf81f, 0xf81f, 0x0000, 0xffff, 0xffff, 0xffff, 0xffff, 0xbe9c, 0x8537, 0x6db8, 0x6db8, 0x0000,
    0xffff, 0xffff, 0xffff, 0xffff, 0xffff, 0xffff, 0xffff, 0xffff, 0xffff, 0xffff, 0x0000, 0x0000,
    0x2b10, 0x4c56, 0x2b10, 0x2b10, 0x2b10, 0x2b10, 0x2b10, 0x2b10, 0x4c56, 0x4c56, 0x4c56, 0x4c56,
    0x0000, 0x0000, 0xffff, 0xffff, 0xbe9c, 0x8e19, 0x8e19, 0x0000, 0xffff, 0xffff, 0xffff, 0xffff,
    0xffff, 0xffff, 0xffff, 0xffff, 0xffff, 0xffff, 0xffff, 0xffff, 0xffff, 0xffff, 0x6db8, 0xbe9c,
    0xbe9c, 0xffff, 0x0000, 0xf81f, 0xf81f, 0xf81f, 0xf81f, 0xf81f, 0xf81f, 0xf81f, 0xf81f, 0xf81f,
    0xf81f, 0xf81f, 0xf81f, 0xf81f, 0xf81f, 0xf81f, 0xf81f, 0xf81f, 0xf81f, 0xf81f, 0xf81f, 0xf81f,
    0xf81f, 0xf81f, 0xf81f, 0xf81f, 0xf81f, 0xf81f, 0xf81f, 0xf81f, 0xf81f, 0xf81f, 0xf81f, 0xf81f,
    0xf81f, 0x0000, 0x0000, 0xffff, 0xffff, 0xffff, 0xffff, 0xbe9c, 0x8537, 0x8537, 0x6db8, 0x0000,
    0xffff, 0xffff, 0xffff, 0xffff, 0xffff, 0xbe9c, 0xffff, 0xbe9c, 0xffff, 0xffff, 0xffff, 0x0000,
    0x0000, 0x4c56, 0x4c56, 0x4c56, 0x2b10, 0x2b10, 0x2b10, 0x4c56, 0x4c56, 0x4c56, 0x0000, 0x0000,
    0x0000, 0xffff, 0xffff, 0xbe9c, 0xbe9c, 0x8e19, 0x8e19, 0x0000, 0xffff, 0xffff, 0xffff, 0xffff,
    0xffff, 0xffff, 0xffff, 0xffff, 0xffff, 0xffff, 0xffff, 0xffff, 0xffff, 0xffff, 0x6db8, 0xbe9c,
    0xbe9c, 0xffff, 0x0000, 0xf81f, 0xf81f, 0xf81f, 0xf81f, 0xf81f, 0xf81f, 0xf81f, 0xf81f, 0xf81f,
    0xf81f, 0xf81f, 0xf81f, 0xf81f, 0xf81f, 0xf81f, 0xf81f, 0xf81f, 0xf81f, 0xf81f, 0xf81f, 0xf81f,
    0xf81f, 0xf81f, 0xf81f, 0xf81f, 0xf81f, 0xf81f, 0xf81f, 0xf81f, 0xf81f, 0xf81f, 0xf81f, 0xf81f,
    0xf81f, 0x0000, 0xffff, 0xffff, 0xffff, 0xffff, 0xbe9c, 0xbe9c, 0x8537, 0x8537, 0x8537, 0x0000,
    0xffff, 0xffff, 0xffff, 0xffff, 0xffff, 0xbe9c, 0xffff, 0xbe9c, 0xbe9c, 0xffff, 0xffff, 0xffff,
    0x0000, 0x0000, 0x0000, 0x4c56, 0x4c56, 0x4c56, 0x4c56, 0x4c56, 0x0000, 0x0000, 0x0000, 0xffff,
    0xffff, 0xffff, 0xffff, 0xbe9c, 0xbe9c, 0x8e19, 0x8e19, 0x0000, 0xffff, 0xffff, 0xffff, 0xffff,
    0xffff, 0xffff, 0xffff, 0xffff, 0xffff, 0xffff, 0xffff, 0xffff, 0xffff, 0x6db8, 0x6db8, 0xbe9c,
    0xbe9c, 0xbe9c, 0x0000, 0xf81f, 0xf81f, 0xf81f, 0xf81f, 0xf81f, 0xf81f, 0xf81f, 0xf81f, 0xf81f,
    0xf81f, 0xf81f, 0xf81f, 0xf81f, 0xf81f, 0xf81f, 0xf81f, 0xf81f, 0xf81f, 0xf81f, 0xf81f, 0xf81f,
    0xf81f, 0xf81f, 0xf81f, 0xf81f, 0xf81f, 0xf81f, 0xf81f, 0xf81f, 0xf81f, 0xf81f, 0xf81f, 0xf81f,
    0xf81f, 0x0000, 0xffff, 0xffff, 0xffff, 0xffff, 0xbe9c, 0xbe9c, 0x8537, 0x8537, 0x8537, 0x0000,
    0xffff, 0xffff, 0xffff, 0xffff, 0xffff, 0xbe9c, 0xbe9c, 0xbe9c, 0xbe9c, 0xbe9c, 0xbe9c, 0xffff,
    0xffff, 0xffff, 0x0000, 0x0000, 0x0000, 0x0000, 0x0000, 0x0000, 0x0000, 0xffff, 0xffff, 0xffff,
    0xffff, 0xffff, 0xffff, 0xbe9c, 0x8e19, 0x8e19, 0x8e19, 0x0000, 0xffff, 0xffff, 0xffff, 0xffff,
    0xffff, 0xffff, 0xffff, 0xffff, 0xffff, 0xffff, 0xffff, 0xffff, 0xffff, 0x6db8, 0x6db8, 0xbe9c,
    0xbe9c, 0xbe9c, 0x0000, 0xf81f, 0xf81f, 0xf81f, 0xf81f, 0xf81f, 0xf81f, 0xf81f, 0xf81f, 0xf81f,
    0xf81f, 0xf81f, 0xf81f, 0xf81f, 0xf81f, 0xf81f, 0xf81f, 0xf81f, 0xf81f, 0xf81f, 0xf81f, 0xf81f,
    0xf81f, 0xf81f, 0xf81f, 0xf81f, 0xf81f, 0xf81f, 0xf81f, 0xf81f, 0xf81f, 0xf81f, 0xf81f, 0xf81f,
    0xf81f, 0x0000, 0xffff, 0xffff, 0xffff, 0xffff, 0xbe9c, 0xbe9c, 0x8537, 0x8537, 0x8537, 0x0000,
    0xffff, 0xffff, 0xffff, 0xffff, 0xffff, 0xbe9c, 0xbe9c, 0xbe9c, 0xbe9c, 0xbe9c, 0xbe9c, 0xffff,
    0xffff, 0xffff, 0xffff, 0xffff, 0xffff, 0xffff, 0xffff, 0xffff, 0xbe9c, 0xbe9c, 0xbe9c, 0xbe9c,
    0xbe9c, 0xbe9c, 0xffff, 0xbe9c, 0xbe9c, 0x4452, 0x4452, 0x0000, 0xffff, 0xffff, 0xffff, 0xffff,
    0xffff, 0xffff, 0xffff, 0xffff, 0xffff, 0xffff, 0xffff, 0xffff, 0x6db8, 0x6db8, 0x6db8, 0xbe9c,
    0xbe9c, 0xbe9c, 0x0000, 0xf81f, 0xf81f, 0xf81f, 0xf81f, 0xf81f, 0xf81f, 0xf81f, 0xf81f, 0xf81f,
    0xf81f, 0xf81f, 0xf81f, 0xf81f, 0xf81f, 0xf81f, 0xf81f, 0xf81f, 0xf81f, 0xf81f, 0xf81f, 0xf81f,
    0xf81f, 0xf81f, 0xf81f, 0xf81f, 0xf81f, 0xf81f, 0xf81f, 0xf81f, 0xf81f, 0xf81f, 0xf81f, 0xf81f,
    0x0000, 0x0000, 0xffff, 0xffff, 0xffff, 0xffff, 0xbe9c, 0xbe9c, 0x8537, 0x8537, 0x8537, 0x0000,
    0xffff, 0xffff, 0xffff, 0xffff, 0xffff, 0xffff, 0xbe9c, 0xffff, 0xffff, 0xffff, 0xffff, 0xffff,
    0xffff, 0xffff, 0xffff, 0xffff, 0xffff, 0xffff, 0xffff, 0xffff, 0xffff, 0xbe9c, 0xbe9c, 0xbe9c,
    0xffff, 0xffff, 0xffff, 0xbe9c, 0x8e19, 0x4452, 0x0000, 0x0000, 0xffff, 0xffff, 0xffff, 0xffff,
    0xffff, 0xffff, 0xffff, 0xffff, 0xffff, 0xffff, 0xffff, 0xffff, 0x6db8, 0x8537, 0x6db8, 0xbe9c,
    0xbe9c, 0xbe9c, 0x0000, 0xf81f, 0xf81f, 0xf81f, 0xf81f, 0xf81f, 0xf81f, 0xf81f, 0xf81f, 0xf81f,
    0xf81f, 0xf81f, 0xf81f, 0xf81f, 0xf81f, 0xf81f, 0xf81f, 0xf81f, 0xf81f, 0xf81f, 0xf81f, 0xf81f,
    0xf81f, 0xf81f, 0xf81f, 0xf81f, 0xf81f, 0xf81f, 0xf81f, 0xf81f, 0xf81f, 0xf81f, 0xf81f, 0xf81f,
    0x0000, 0xffff, 0xffff, 0xffff, 0xffff, 0xffff, 0xbe9c, 0xbe9c, 0x8537, 0x8537, 0x8537, 0x0000,
    0xffff, 0xffff, 0xffff, 0xffff, 0xffff, 0xffff, 0xffff, 0xffff, 0xffff, 0xffff, 0xffff, 0xffff,
    0xffff, 0xffff, 0xffff, 0xffff, 0xffff, 0xffff, 0xffff, 0xffff, 0xffff, 0xffff, 0xffff, 0xffff,
    0xffff, 0xffff, 0xffff, 0xbe9c, 0x4452, 0x4452, 0x0000, 0xffff, 0xffff, 0xffff, 0xffff, 0xffff,
    0xffff, 0xffff, 0xffff, 0xffff, 0xffff, 0xffff, 0xffff, 0xffff, 0x8537, 0x8537, 0x6db8, 0xbe9c,
    0xbe9c, 0x8537, 0x0000, 0xf81f, 0xf81f, 0xf81f, 0xf81f, 0xf81f, 0xf81f, 0xf81f, 0xf81f, 0xf81f,
    0xf81f, 0xf81f, 0xf81f, 0xf81f, 0xf81f, 0xf81f, 0xf81f, 0xf81f, 0xf81f, 0xf81f, 0xf81f, 0xf81f,
    0xf81f, 0xf81f, 0xf81f, 0xf81f, 0xf81f, 0xf81f, 0xf81f, 0xf81f, 0xf81f, 0xf81f, 0xf81f, 0xf81f,
    0x0000, 0xffff, 0xffff, 0xffff, 0xffff, 0xffff, 0xbe9c, 0xbe9c, 0x8537, 0x8537, 0x8537, 0x8537,
    0x0000, 0xffff, 0xffff, 0xffff, 0xffff, 0xffff, 0xffff, 0xffff, 0xffff, 0xffff, 0xffff, 0xffff,
    0xffff, 0xffff, 0xffff, 0xffff, 0xffff, 0xffff, 0xffff, 0xffff, 0xffff, 0xffff, 0xffff, 0xbe9c,
    0xbe9c, 0xffff, 0xffff, 0xbe9c, 0x4452, 0x4452, 0x0000, 0xffff, 0xffff, 0xffff, 0xffff, 0xffff,
    0xffff, 0xffff, 0xffff, 0xffff, 0xffff, 0xffff, 0xffff, 0x8537, 0x8537, 0x8537, 0x6db8, 0xbe9c,
    0xbe9c, 0x8537, 0x0000, 0xf81f, 0xf81f, 0xf81f, 0xf81f, 0xf81f, 0xf81f, 0xf81f, 0xf81f, 0xf81f,
    0xf81f, 0xf81f, 0xf81f, 0xf81f, 0xf81f, 0xf81f, 0xf81f, 0xf81f, 0xf81f, 0xf81f, 0xf81f, 0xf81f,
    0xf81f, 0xf81f, 0xf81f, 0xf81f, 0xf81f, 0xf81f, 0xf81f, 0xf81f, 0xf81f, 0xf81f, 0xf81f, 0xf81f,
    0x0000, 0xffff, 0xffff, 0xffff, 0xffff, 0xffff, 0xbe9c, 0xbe9c, 0x8537, 0x8537, 0x8537, 0x8537,
    0x0000, 0xffff, 0xffff, 0xffff, 0xffff, 0xffff, 0xffff, 0xffff, 0xffff, 0xffff, 0xffff, 0xffff,
    0xffff, 0xffff, 0xffff, 0xffff, 0xffff, 0xffff, 0xffff, 0xffff, 0xffff, 0xffff, 0xffff, 0xbe9c,
    0xbe9c, 0xbe9c, 0xbe9c, 0xffff, 0x4452, 0x4452, 0x0000, 0xffff, 0xffff, 0xffff, 0xffff, 0xffff,
    0xffff, 0xffff, 0xffff, 0xffff, 0xffff, 0xffff, 0xffff, 0x8537, 0x6db8, 0x6db8, 0xbe9c, 0x6db8,
    0x8537, 0x8537, 0x0000, 0xf81f, 0xf81f, 0xf81f, 0xf81f, 0xf81f, 0xf81f, 0xf81f, 0xf81f, 0xf81f,
    0xf81f, 0xf81f, 0xf81f, 0xf81f, 0xf81f, 0xf81f, 0xf81f, 0xf81f, 0xf81f, 0xf81f, 0xf81f, 0xf81f,
    0xf81f, 0xf81f, 0xf81f, 0xf81f, 0xf81f, 0xf81f, 0xf81f, 0xf81f, 0xf81f, 0xf81f, 0xf81f, 0xf81f,
    0x0000, 0xffff, 0xffff, 0xffff, 0xffff, 0xffff, 0xbe9c, 0xbe9c, 0x8537, 0x8537, 0x8537, 0x8537,
    0x0000, 0xffff, 0xffff, 0xffff, 0xffff, 0xffff, 0xffff, 0xffff, 0xffff, 0xffff, 0xffff, 0xffff,
    0xffff, 0xffff, 0xffff, 0xffff, 0xffff, 0xffff, 0xffff, 0xffff, 0xffff, 0xffff, 0xffff, 0xbe9c,
    0xbe9c, 0xbe9c, 0xbe9c, 0xffff, 0x4452, 0x4452, 0x0000, 0xffff, 0xffff, 0xffff, 0xffff, 0xffff,
    0xffff, 0xffff, 0xffff, 0xffff, 0xffff, 0x8537, 0x8537, 0x8537, 0x6db8, 0x6db8, 0x6db8, 0x6db8,
    0x8537, 0x0000, 0x0000, 0xf81f, 0xf81f, 0xf81f, 0xf81f, 0xf81f, 0xf81f, 0xf81f, 0xf81f, 0xf81f,
    0xf81f, 0xf81f, 0xf81f, 0xf81f, 0xf81f, 0xf81f, 0xf81f, 0xf81f, 0xf81f, 0xf81f, 0xf81f, 0xf81f,
    0xf81f, 0xf81f, 0xf81f, 0xf81f, 0xf81f, 0xf81f, 0xf81f, 0xf81f, 0xf81f, 0xf81f, 0xf81f, 0xf81f,
    0x0000, 0xffff, 0xffff, 0xffff, 0xffff, 0xffff, 0xbe9c, 0xbe9c, 0x8537, 0x8537, 0x8537, 0x8537,
    0x0000, 0xffff, 0xffff, 0xffff, 0xffff, 0xffff, 0xffff, 0xffff, 0xffff, 0xffff, 0xffff, 0xffff,
    0xffff, 0xffff, 0x2bb0, 0x2bb0, 0xffff, 0xffff, 0xffff, 0xffff, 0xffff, 0xffff, 0xffff, 0xffff,
    0xffff, 0xffff, 0xffff, 0xbe9c, 0x4452, 0x4452, 0x0000, 0xffff, 0xffff, 0xffff, 0xffff, 0xffff,
    0xffff, 0xffff, 0xffff, 0xffff, 0xffff, 0x8537, 0x8537, 0x8537, 0x6db8, 0x6db8, 0x6db8, 0x6db8,
    0x8537, 0x0000, 0x0000, 0xf81f, 0xf81f, 0xf81f, 0xf81f, 0xf81f, 0xf81f, 0xf81f, 0xf81f, 0xf81f,
    0xf81f, 0xf81f, 0xf81f, 0xf81f, 0xf81f, 0xf81f, 0xf81f, 0xf81f, 0xf81f, 0xf81f, 0xf81f, 0xf81f,
    0xf81f, 0xf81f, 0xf81f, 0xf81f, 0xf81f, 0xf81f, 0xf81f, 0xf81f, 0xf81f, 0xf81f, 0xf81f, 0xf81f,
    0xf81f, 0x0000, 0xffff, 0xffff, 0xffff, 0xffff, 0xbe9c, 0xbe9c, 0x8537, 0x8537, 0x8537, 0x8537,
    0x0000, 0xffff, 0xffff, 0xffff, 0xffff, 0xffff, 0xffff, 0xffff, 0xffff, 0xffff, 0xffff, 0xffff,
    0xffff, 0xffff, 0x2bb0, 0x2bb0, 0xbe9c, 0xffff, 0xffff, 0xffff, 0xffff, 0xffff, 0xffff, 0xffff,
    0xffff, 0xffff, 0xffff, 0xffff, 0x4452, 0x4452, 0x0000, 0xffff, 0xffff, 0xffff, 0xffff, 0xffff,
    0xffff, 0xffff, 0xffff, 0xffff, 0x8537, 0x8537, 0x8537, 0x8537, 0x6db8, 0x6db8, 0x6db8, 0x8537,
    0x8537, 0x0000, 0xf81f, 0xf81f, 0xf81f, 0xf81f, 0xf81f, 0xf81f, 0xf81f, 0xf81f, 0xf81f, 0xf81f,
    0xf81f, 0xf81f, 0xf81f, 0xf81f, 0xf81f, 0xf81f, 0xf81f, 0xf81f, 0xf81f, 0xf81f, 0xf81f, 0xf81f,
    0xf81f, 0xf81f, 0xf81f, 0xf81f, 0xf81f, 0xf81f, 0xf81f, 0xf81f, 0xf81f, 0xf81f, 0xf81f, 0xf81f,
    0xf81f, 0x0000, 0xffff, 0x0000, 0x0000, 0x0000, 0xbe9c, 0xbe9c, 0x8537, 0x8537, 0x8537, 0x8537,
    0x0000, 0x0000, 0xffff, 0xffff, 0xffff, 0xffff, 0xffff, 0xffff, 0xffff, 0xffff, 0xffff, 0xffff,
    0xffff, 0xffff, 0x2bb0, 0x2bb0, 0xbe9c, 0xffff, 0xffff, 0xffff, 0xffff, 0xffff, 0xffff, 0xffff,
    0xffff, 0xffff, 0xffff, 0xffff, 0x4452, 0x4452, 0x0000, 0xffff, 0xffff, 0xffff, 0xffff, 0xffff,
    0xffff, 0xffff, 0xffff, 0xffff, 0x8537, 0x8537, 0x8537, 0x8537, 0x6db8, 0x6db8, 0x8537, 0x8537,
    0x0000, 0xf81f, 0xf81f, 0xf81f, 0xf81f, 0xf81f, 0xf81f, 0xf81f, 0xf81f, 0xf81f, 0xf81f, 0xf81f,
    0xf81f, 0xf81f, 0xf81f, 0xf81f, 0xf81f, 0xf81f, 0xf81f, 0xf81f, 0xf81f, 0xf81f, 0xf81f, 0xf81f,
    0xf81f, 0xf81f, 0xf81f, 0xf81f, 0xf81f, 0xf81f, 0xf81f, 0xf81f, 0xf81f, 0xf81f, 0xf81f, 0xf81f,
    0xf81f, 0x0000, 0x0000, 0x0000, 0x2b10, 0x0000, 0x0000, 0xbe9c, 0x8537, 0x8537, 0x8537, 0x8537,
    0x8537, 0x0000, 0xffff, 0xffff, 0xffff, 0xffff, 0xffff, 0xffff, 0xffff, 0xffff, 0xffff, 0xffff,
    0xffff, 0xffff, 0x2bb0, 0x2bb0, 0x2bb0, 0x2bb0, 0xffff, 0xffff, 0xffff, 0xffff, 0xffff, 0xffff,
    0xffff, 0xffff, 0xffff, 0xffff, 0x4452, 0x4452, 0x0000, 0xffff, 0xffff, 0xffff, 0xffff, 0xffff,
    0xffff, 0xffff, 0xffff, 0x8537, 0x8537, 0x8537, 0x8537, 0x8537, 0x8537, 0x8537, 0x8537, 0x0000,
    0x0000, 0xf81f, 0xf81f, 0xf81f, 0xf81f, 0xf81f, 0xf81f, 0xf81f, 0xf81f, 0xf81f, 0xf81f, 0xf81f,
    0xf81f, 0xf81f, 0xf81f, 0xf81f, 0xf81f, 0xf81f, 0xf81f, 0xf81f, 0xf81f, 0xf81f, 0xf81f, 0xf81f,
    0xf81f, 0xf81f, 0xf81f, 0xf81f, 0xf81f, 0xf81f, 0xf81f, 0xf81f, 0xf81f, 0xf81f, 0xf81f, 0xf81f,
    0xf81f, 0xf81f, 0x0000, 0x0000, 0x2b10, 0x2b10, 0x0000, 0x0000, 0xbe9c, 0x8537, 0x8537, 0x8537,
    0x8537, 0x0000, 0x0000, 0xffff, 0xffff, 0xffff, 0xffff, 0xffff, 0xffff, 0xffff, 0xffff, 0xffff,
    0xffff, 0xffff, 0xbe9c, 0xbe9c, 0x2bb0, 0x2bb0, 0x2bb0, 0xffff, 0xffff, 0xffff, 0xffff, 0xffff,
    0xffff, 0xffff, 0xffff, 0xffff, 0x4452, 0x4452, 0x0000, 0x0000, 0xffff, 0xffff, 0xffff, 0xffff,
    0x0000, 0x0000, 0x0000, 0x8537, 0x8537, 0x8537, 0x8537, 0x8537, 0x8537, 0x8537, 0x8537, 0x0000,
    0xf81f, 0xf81f, 0xf81f, 0xf81f, 0xf81f, 0xf81f, 0xf81f, 0xf81f, 0xf81f, 0xf81f, 0xf81f, 0xf81f,
    0xf81f, 0xf81f, 0xf81f, 0xf81f, 0xf81f, 0xf81f, 0xf81f, 0xf81f, 0xf81f, 0xf81f, 0xf81f, 0xf81f,
    0xf81f, 0xf81f, 0xf81f, 0xf81f, 0xf81f, 0xf81f, 0xf81f, 0xf81f, 0xf81f, 0xf81f, 0xf81f, 0xf81f,
    0xf81f, 0xf81f, 0xf81f, 0x0000, 0x2b10, 0x2b10, 0x7d9a, 0x7d9a, 0x0000, 0xbe9c, 0xbe9c, 0xbe9c,
    0xbe9c, 0xbe9c, 0x0000, 0xffff, 0xffff, 0xffff, 0xffff, 0xffff, 0xffff, 0xffff, 0xffff, 0xffff,
    0xffff, 0xffff, 0xbe9c, 0xbe9c, 0x8537, 0x2bb0, 0x2bb0, 0xffff, 0xffff, 0xffff, 0xffff, 0xffff,
    0xffff, 0xffff, 0xffff, 0xffff, 0x2bb0, 0x4452, 0x22cc, 0x0000, 0xffff, 0xffff, 0xffff, 0x0000,
    0x2b10, 0x2b10, 0x0000, 0x0000, 0x0000, 0x8537, 0x8537, 0x0000, 0x8537, 0x0000, 0x0000, 0x0000,
    0xf81f, 0xf81f, 0xf81f, 0xf81f, 0xf81f, 0xf81f, 0xf81f, 0xf81f, 0xf81f, 0xf81f, 0xf81f, 0xf81f,
    0xf81f, 0xf81f, 0xf81f, 0xf81f, 0xf81f, 0xf81f, 0xf81f, 0xf81f, 0xf81f, 0xf81f, 0xf81f, 0xf81f,
    0xf81f, 0xf81f, 0xf81f, 0xf81f, 0xf81f, 0xf81f, 0xf81f, 0xf81f, 0xf81f, 0xf81f, 0xf81f, 0xf81f,
    0xf81f, 0xf81f, 0xf81f, 0x0000, 0x2b10, 0x2b10, 0x7d9a, 0x7d9a, 0x1168, 0x0000, 0xbe9c, 0xbe9c,
    0xbe9c, 0xbe9c, 0x0000, 0xffff, 0xffff, 0xffff, 0xffff, 0xffff, 0xffff, 0xffff, 0xffff, 0xffff,
    0xffff, 0xffff, 0xbe9c, 0xbe9c, 0x2bb0, 0x2bb0, 0x0000, 0x0000, 0xffff, 0xffff, 0xffff, 0xffff,
    0xffff, 0xffff, 0xffff, 0xffff, 0x2bb0, 0x2bb0, 0x4452, 0x0000, 0xffff, 0xffff, 0xffff, 0x0000,
    0x4c56, 0x4c56, 0x2b10, 0x2b10, 0x0000, 0x0000, 0x0000, 0x0000, 0x2b10, 0x2b10, 0x2b10, 0x0000,
    0x0000, 0xf81f, 0xf81f, 0xf81f, 0xf81f, 0xf81f, 0xf81f, 0xf81f, 0xf81f, 0xf81f, 0xf81f, 0xf81f,
    0xf81f, 0xf81f, 0xf81f, 0xf81f, 0xf81f, 0xf81f, 0xf81f, 0xf81f, 0xf81f, 0xf81f, 0xf81f, 0xf81f,
    0xf81f, 0xf81f, 0xf81f, 0xf81f, 0xf81f, 0xf81f, 0xf81f, 0xf81f, 0xf81f, 0xf81f, 0xf81f, 0xf81f,
    0xf81f, 0xf81f, 0xf81f, 0x0000, 0x0000, 0x2b10, 0x7d9a, 0x0000, 0x1168, 0x1168, 0x0000, 0x0000,
    0xbe9c, 0xbe9c, 0x0000, 0xffff, 0xffff, 0xffff, 0xffff, 0xffff, 0xffff, 0xffff, 0xffff, 0xffff,
    0xffff, 0xffff, 0xbe9c, 0xbe9c, 0x8537, 0x2bb0, 0x2bb0, 0x0000, 0xffff, 0xffff, 0xffff, 0xffff,
    0xffff, 0xffff, 0xffff, 0xffff, 0x2bb0, 0x2bb0, 0x4452, 0x0000, 0x0000, 0xffff, 0xffff, 0x0000,
    0x4c56, 0x4c56, 0x2b10, 0x2b10, 0x2b10, 0x2b10, 0x0000, 0x0000, 0x2b10, 0x2b10, 0x2b10, 0x0000,
    0x0000, 0xf81f, 0xf81f, 0xf81f, 0xf81f, 0xf81f, 0xf81f, 0xf81f, 0xf81f, 0xf81f, 0xf81f, 0xf81f,
    0xf81f, 0xf81f, 0xf81f, 0xf81f, 0xf81f, 0xf81f, 0xf81f, 0xf81f, 0xf81f, 0xf81f, 0xf81f, 0xf81f,
    0xf81f, 0xf81f, 0xf81f, 0xf81f, 0xf81f, 0xf81f, 0xf81f, 0xf81f, 0xf81f, 0xf81f, 0xf81f, 0xf81f,
    0xf81f, 0xf81f, 0xf81f, 0xf81f, 0x0000, 0x2b10, 0x7d9a, 0x0000, 0x1168, 0x1168, 0x1168, 0x1168,
    0x0000, 0x0000, 0x0000, 0xffff, 0xffff, 0xffff, 0xffff, 0xffff, 0xffff, 0xffff, 0xffff, 0xffff,
    0xffff, 0xffff, 0xbe9c, 0xbe9c, 0x8537, 0x2bb0, 0x2bb0, 0x0000, 0x0000, 0xffff, 0xffff, 0xffff,
    0xffff, 0xffff, 0xffff, 0xffff, 0x2bb0, 0x2bb0, 0x2bb0, 0x0000, 0x0000, 0x0000, 0xffff, 0x0000,
    0x4c56, 0x4c56, 0x2b10, 0x2b10, 0x2b10, 0x2b10, 0x2b10, 0x2b10, 0x2b10, 0x2b10, 0x2b10, 0x2b10,
    0x0000, 0xf81f, 0xf81f, 0xf81f, 0xf81f, 0xf81f, 0xf81f, 0xf81f, 0xf81f, 0xf81f, 0xf81f, 0xf81f,
    0xf81f, 0xf81f, 0xf81f, 0xf81f, 0xf81f, 0xf81f, 0xf81f, 0xf81f, 0xf81f, 0xf81f, 0xf81f, 0xf81f,
    0xf81f, 0xf81f, 0xf81f, 0xf81f, 0xf81f, 0xf81f, 0xf81f, 0xf81f, 0xf81f, 0xf81f, 0xf81f, 0xf81f,
    0xf81f, 0xf81f, 0xf81f, 0xf81f, 0x0000, 0x2b10, 0x7d9a, 0x0000, 0x1168, 0x1168, 0x1168, 0x1168,
    0x1168, 0x1168, 0x0000, 0xffff, 0xffff, 0xffff, 0xffff, 0xffff, 0xffff, 0xffff, 0xffff, 0xffff,
    0xffff, 0xffff, 0xbe9c, 0xbe9c, 0x8537, 0x8537, 0x2bb0, 0x0000, 0x0000, 0x0000, 0xffff, 0xffff,
    0xffff, 0xffff, 0xffff, 0xffff, 0x2bb0, 0x2bb0, 0x2bb0, 0x0000, 0x1168, 0x0000, 0x0000, 0x0000,
    0x4c56, 0x4c56, 0x2b10, 0x2b10, 0x2b10, 0x2b10, 0x2b10, 0x2b10, 0x2b10, 0x2b10, 0x4c56, 0x2b10,
    0x0000, 0xf81f, 0xf81f, 0xf81f, 0xf81f, 0xf81f, 0xf81f, 0xf81f, 0xf81f, 0xf81f, 0xf81f, 0xf81f,
    0xf81f, 0xf81f, 0xf81f, 0xf81f, 0xf81f, 0xf81f, 0xf81f, 0xf81f, 0xf81f, 0xf81f, 0xf81f, 0xf81f,
    0xf81f, 0xf81f, 0xf81f, 0xf81f, 0xf81f, 0xf81f, 0xf81f, 0xf81f, 0xf81f, 0xf81f, 0xf81f, 0xf81f,
    0xf81f, 0xf81f, 0xf81f, 0xf81f, 0x0000, 0x7d9a, 0x7d9a, 0x0000, 0x1168, 0x1168, 0x0000, 0x1168,
    0x1168, 0x1168, 0x0000, 0xffff, 0xffff, 0xffff, 0xffff, 0xffff, 0xffff, 0xffff, 0xffff, 0xffff,
    0xffff, 0xffff, 0xbe9c, 0xbe9c, 0x8537, 0x8537, 0x2bb0, 0x0000, 0xf81f, 0x0000, 0xffff, 0xffff,
    0xffff, 0xffff, 0xffff, 0xffff, 0xffff, 0x2bb0, 0x2bb0, 0x0000, 0x1168, 0x1168, 0x0000, 0x0000,
    0x4c56, 0x4c56, 0x4c56, 0x4c56, 0x2b10, 0x4c56, 0x4c56, 0x4c56, 0x4c56, 0x4c56, 0x4c56, 0x4c56,
    0x0000, 0xf81f, 0xf81f, 0xf81f, 0xf81f, 0xf81f, 0xf81f, 0xf81f, 0xf81f, 0xf81f, 0xf81f, 0xf81f,
    0xf81f, 0xf81f, 0xf81f, 0xf81f, 0xf81f, 0xf81f, 0xf81f, 0xf81f, 0xf81f, 0xf81f, 0xf81f, 0xf81f,
    0xf81f, 0xf81f, 0xf81f, 0xf81f, 0xf81f, 0xf81f, 0xf81f, 0xf81f, 0xf81f, 0xf81f, 0xf81f, 0xf81f,
    0xf81f, 0xf81f, 0xf81f, 0xf81f, 0x0000, 0x2b10, 0x2b10, 0x0000, 0x1168, 0x1168, 0x0000, 0x1168,
    0x1168, 0x1168, 0x0000, 0xffff, 0xffff, 0xffff, 0xffff, 0xffff, 0xffff, 0xffff, 0xffff, 0xffff,
    0xffff, 0xffff, 0xbe9c, 0xbe9c, 0x8537, 0x8537, 0x2bb0, 0x0000, 0xf81f, 0x0000, 0xffff, 0xffff,
    0xffff, 0xffff, 0xffff, 0xffff, 0xffff, 0x2bb0, 0x2bb0, 0x0000, 0x1168, 0x1168, 0x1168, 0x0000,
    0x4c56, 0x4c56, 0x4c56, 0x4c56, 0x4c56, 0x4c56, 0x0000, 0x4c56, 0x4c56, 0x0000, 0x4c56, 0x0000,
    0xf81f, 0xf81f, 0xf81f, 0xf81f, 0xf81f, 0xf81f, 0xf81f, 0xf81f, 0xf81f, 0xf81f, 0xf81f, 0xf81f,
    0xf81f, 0xf81f, 0xf81f, 0xf81f, 0xf81f, 0xf81f, 0xf81f, 0xf81f, 0xf81f, 0xf81f, 0xf81f, 0xf81f,
    0xf81f, 0xf81f, 0xf81f, 0xf81f, 0xf81f, 0xf81f, 0xf81f, 0xf81f, 0xf81f, 0xf81f, 0xf81f, 0xf81f,
    0xf81f, 0xf81f, 0xf81f, 0xf81f, 0xf81f, 0x0000, 0x0000, 0x0000, 0x1168, 0x1168, 0x0000, 0x1168,
    0x1168, 0x1168, 0x0000, 0xffff, 0xbe9c, 0xffff, 0xffff, 0xffff, 0xffff, 0xffff, 0xffff, 0xffff,
    0xffff, 0xffff, 0xbe9c, 0xbe9c, 0x8537, 0x8537, 0x2bb0, 0x0000, 0xf81f, 0x0000, 0xffff, 0xffff,
    0xffff, 0xffff, 0xffff, 0xffff, 0xffff, 0x8e19, 0x2bb0, 0x0000, 0x0000, 0x1168, 0x1168, 0x0000,
    0x4c56, 0x4c56, 0x4c56, 0x0000, 0x4c56, 0x4c56, 0x0000, 0x4c56, 0x4c56, 0x0000, 0x4c56, 0x0000,
    0xf81f, 0xf81f, 0xf81f, 0xf81f, 0xf81f, 0xf81f, 0xf81f, 0xf81f, 0xf81f, 0xf81f, 0xf81f, 0xf81f,
    0xf81f, 0xf81f, 0xf81f, 0xf81f, 0xf81f, 0xf81f, 0xf81f, 0xf81f, 0xf81f, 0xf81f, 0xf81f, 0xf81f,
    0xf81f, 0xf81f, 0xf81f, 0xf81f, 0xf81f, 0xf81f, 0xf81f, 0xf81f, 0xf81f, 0xf81f, 0xf81f, 0xf81f,
    0xf81f, 0xf81f, 0xf81f, 0xf81f, 0xf81f, 0xf81f, 0xf81f, 0x0000, 0x0000, 0x1168, 0x0000, 0x1168,
    0x1168, 0x1168, 0x0000, 0xffff, 0xbe9c, 0xbe9c, 0xbe9c, 0xbe9c, 0xbe9c, 0xffff, 0xffff, 0xffff,
    0xffff, 0xffff, 0xbe9c, 0xbe9c, 0x8537, 0x8537, 0x2bb0, 0x0000, 0xf81f, 0x0000, 0xffff, 0xffff,
    0xffff, 0xffff, 0xffff, 0xffff, 0xffff, 0xffff, 0x2bb0, 0x2bb0, 0x2bb0, 0x0000, 0x0000, 0x0000,
    0x4c56, 0x4c56, 0x4c56, 0x0000, 0x4c56, 0x4c56, 0x0000, 0x4c56, 0x4c56, 0x0000, 0x4c56, 0x0000,
    0xf81f, 0xf81f, 0xf81f, 0xf81f, 0xf81f, 0xf81f, 0xf81f, 0xf81f, 0xf81f, 0xf81f, 0xf81f, 0xf81f,
    0xf81f, 0xf81f, 0xf81f, 0xf81f, 0xf81f, 0xf81f, 0xf81f, 0xf81f, 0xf81f, 0xf81f, 0xf81f, 0xf81f,
    0xf81f, 0xf81f, 0xf81f, 0xf81f, 0xf81f, 0xf81f, 0xf81f, 0xf81f, 0xf81f, 0xf81f, 0xf81f, 0xf81f,
    0xf81f, 0xf81f, 0xf81f, 0xf81f, 0xf81f, 0xf81f, 0xf81f, 0xf81f, 0x0000, 0x1168, 0x0000, 0x1168,
    0x1168, 0x0000, 0x0000, 0xffff, 0xbe9c, 0xbe9c, 0xbe9c, 0xbe9c, 0xbe9c, 0xffff, 0xffff, 0xffff,
    0xffff, 0xffff, 0xbe9c, 0xbe9c, 0x8537, 0x8537, 0x8537, 0x0000, 0xf81f, 0x0000, 0xffff, 0xffff,
    0xffff, 0xffff, 0xffff, 0xffff, 0xffff, 0xffff, 0x8e19, 0x2bb0, 0x2bb0, 0x2bb0, 0x2bb0, 0x0000,
    0x4c56, 0x4c56, 0x4c56, 0x0000, 0x4c56, 0x4c56, 0x0000, 0x4c56, 0x4c56, 0x0000, 0x0000, 0x0000,
    0xf81f, 0xf81f, 0xf81f, 0xf81f, 0xf81f, 0xf81f, 0xf81f, 0xf81f, 0xf81f, 0xf81f, 0xf81f, 0xf81f,
    0xf81f, 0xf81f, 0xf81f, 0xf81f, 0xf81f, 0xf81f, 0xf81f, 0xf81f, 0xf81f, 0xf81f, 0xf81f, 0xf81f,
    0xf81f, 0xf81f, 0xf81f, 0xf81f, 0xf81f, 0xf81f, 0xf81f, 0xf81f, 0xf81f, 0xf81f, 0xf81f, 0xf81f,
    0xf81f, 0xf81f, 0xf81f, 0xf81f, 0xf81f, 0xf81f, 0xf81f, 0xf81f, 0x0000, 0x0000, 0x0000, 0x0000,
    0x0000, 0x0000, 0x0000, 0xffff, 0xffff, 0xbe9c, 0xbe9c, 0xbe9c, 0xbe9c, 0xffff, 0xffff, 0xffff,
    0xffff, 0xffff, 0xbe9c, 0xbe9c, 0x8537, 0x8537, 0x8537, 0x0000, 0xf81f, 0x0000, 0xffff, 0xffff,
    0xffff, 0xbe9c, 0xffff, 0xffff, 0xffff, 0xffff, 0xffff, 0x8e19, 0x2bb0, 0x2bb0, 0x2bb0, 0x0000,
    0x0000, 0x0000, 0x0000, 0x0000, 0x0000, 0x0000, 0x0000, 0x0000, 0x0000, 0x0000, 0xf81f, 0xf81f,
    0xf81f, 0xf81f, 0xf81f, 0xf81f, 0xf81f, 0xf81f, 0xf81f, 0xf81f, 0xf81f, 0xf81f, 0xf81f, 0xf81f,
    0xf81f, 0xf81f, 0xf81f, 0xf81f, 0xf81f, 0xf81f, 0xf81f, 0xf81f, 0xf81f, 0xf81f, 0xf81f, 0xf81f,
    0xf81f, 0xf81f, 0xf81f, 0xf81f, 0xf81f, 0xf81f, 0xf81f, 0xf81f, 0xf81f, 0xf81f, 0xf81f, 0xf81f,
    0xf81f, 0xf81f, 0xf81f, 0xf81f, 0xf81f, 0xf81f, 0xf81f, 0xf81f, 0xf81f, 0xf81f, 0xf81f, 0xf81f,
    0xf81f, 0xf81f, 0x0000, 0xffff, 0xffff, 0xbe9c, 0xffff, 0xffff, 0xffff, 0xffff, 0xffff, 0xffff,
    0xffff, 0xffff, 0xbe9c, 0xbe9c, 0x8537, 0x8537, 0x8537, 0x0000, 0xf81f, 0x0000, 0xffff, 0xffff,
    0xffff, 0xbe9c, 0xbe9c, 0xbe9c, 0xbe9c, 0xbe9c, 0xffff, 0x8e19, 0x8e19, 0x8e19, 0x2bb0, 0x2bb0,
    0x2bb0, 0x2bb0, 0x2bb0, 0x2bb0, 0x2bb0, 0x0000, 0xf81f, 0xf81f, 0xf81f, 0xf81f, 0xf81f, 0xf81f,
    0xf81f, 0xf81f, 0xf81f, 0xf81f, 0xf81f, 0xf81f, 0xf81f, 0xf81f, 0xf81f, 0xf81f, 0xf81f, 0xf81f,
    0xf81f, 0xf81f, 0xf81f, 0xf81f, 0xf81f, 0xf81f, 0xf81f, 0xf81f, 0xf81f, 0xf81f, 0xf81f, 0xf81f,
    0xf81f, 0xf81f, 0xf81f, 0xf81f, 0xf81f, 0xf81f, 0xf81f, 0xf81f, 0xf81f, 0xf81f, 0xf81f, 0xf81f,
    0xf81f, 0xf81f, 0xf81f, 0xf81f, 0xf81f, 0xf81f, 0xf81f, 0xf81f, 0xf81f, 0xf81f, 0xf81f, 0xf81f,
    0xf81f, 0xf81f, 0x0000, 0xffff, 0xffff, 0xffff, 0xffff, 0xffff, 0xffff, 0xffff, 0xffff, 0xffff,
    0xffff, 0xffff, 0xbe9c, 0xbe9c, 0x8537, 0x8537, 0x8537, 0x0000, 0xf81f, 0x0000, 0xffff, 0xffff,
    0xffff, 0xbe9c, 0xbe9c, 0xbe9c, 0xbe9c, 0xbe9c, 0xffff, 0xffff, 0x8e19, 0x8e19, 0x8e19, 0x22cc,
    0x2bb0, 0x2bb0, 0x2bb0, 0x22cc, 0x22cc, 0x0000, 0xf81f, 0xf81f, 0xf81f, 0xf81f, 0xf81f, 0xf81f,
    0xf81f, 0xf81f, 0xf81f, 0xf81f, 0xf81f, 0xf81f, 0xf81f, 0xf81f, 0xf81f, 0xf81f, 0xf81f, 0xf81f,
    0xf81f, 0xf81f, 0xf81f, 0xf81f, 0xf81f, 0xf81f, 0xf81f, 0xf81f, 0xf81f, 0xf81f, 0xf81f, 0xf81f,
    0xf81f, 0xf81f, 0xf81f, 0xf81f, 0xf81f, 0xf81f, 0xf81f, 0xf81f, 0xf81f, 0xf81f, 0xf81f, 0xf81f,
    0xf81f, 0xf81f, 0xf81f, 0xf81f, 0xf81f, 0xf81f, 0xf81f, 0xf81f, 0xf81f, 0xf81f, 0xf81f, 0xf81f,
    0xf81f, 0xf81f, 0x0000, 0xffff, 0xffff, 0xffff, 0xffff, 0xffff, 0xffff, 0xffff, 0xffff, 0xffff,
    0xffff, 0xffff, 0xbe9c, 0xbe9c, 0x8537, 0x8537, 0x8537, 0x0000, 0xf81f, 0x0000, 0xffff, 0xffff,
    0xffff, 0xffff, 0xffff, 0xffff, 0xffff, 0xffff, 0xffff, 0xffff, 0xffff, 0xffff, 0x8e19, 0x8e19,
    0x8e19, 0x8e19, 0x8e19, 0xffff, 0xffff, 0x0000, 0xf81f, 0xf81f, 0xf81f, 0xf81f, 0xf81f, 0xf81f,
    0xf81f, 0xf81f, 0xf81f, 0xf81f, 0xf81f, 0xf81f, 0xf81f, 0xf81f, 0xf81f, 0xf81f, 0xf81f, 0xf81f,
    0xf81f, 0xf81f, 0xf81f, 0xf81f, 0xf81f, 0xf81f, 0xf81f, 0xf81f, 0xf81f, 0xf81f, 0xf81f, 0xf81f,
    0xf81f, 0xf81f, 0xf81f, 0xf81f, 0xf81f, 0xf81f, 0xf81f, 0xf81f, 0xf81f, 0xf81f, 0xf81f, 0xf81f,
    0xf81f, 0xf81f, 0xf81f, 0xf81f, 0xf81f, 0xf81f, 0xf81f, 0xf81f, 0xf81f, 0xf81f, 0xf81f, 0xf81f,
    0xf81f, 0xf81f, 0x0000, 0xffff, 0xffff, 0xffff, 0xffff, 0xffff, 0xffff, 0xffff, 0xffff, 0xffff,
    0xffff, 0xffff, 0xbe9c, 0xbe9c, 0x8537, 0x8537, 0x8537, 0x0000, 0xf81f, 0x0000, 0xffff, 0xffff,
    0xffff, 0xffff, 0xffff, 0xffff, 0xffff, 0xffff, 0xffff, 0xffff, 0xffff, 0xffff, 0xffff, 0xffff,
    0xffff, 0xffff, 0xffff, 0xffff, 0xffff, 0x0000, 0xf81f, 0xf81f, 0xf81f, 0xf81f, 0xf81f, 0xf81f,
    0xf81f, 0xf81f, 0xf81f, 0xf81f, 0xf81f, 0xf81f, 0xf81f, 0xf81f, 0xf81f, 0xf81f, 0xf81f, 0xf81f,
    0xf81f, 0xf81f, 0xf81f, 0xf81f, 0xf81f, 0xf81f, 0xf81f, 0xf81f, 0xf81f, 0xf81f, 0xf81f, 0xf81f,
    0xf81f, 0xf81f, 0xf81f, 0xf81f, 0xf81f, 0xf81f, 0xf81f, 0xf81f, 0xf81f, 0xf81f, 0xf81f, 0xf81f,
    0xf81f, 0xf81f, 0xf81f, 0xf81f, 0xf81f, 0xf81f, 0xf81f, 0xf81f, 0xf81f, 0xf81f, 0xf81f, 0xf81f,
    0xf81f, 0xf81f, 0x0000, 0xffff, 0xffff, 0xbe9c, 0xffff, 0xffff, 0xffff, 0xffff, 0xffff, 0xffff,
    0xffff, 0xffff, 0xbe9c, 0xbe9c, 0x8537, 0x8537, 0x8537, 0x0000, 0xf81f, 0x0000, 0xffff, 0xffff,
    0xffff, 0xffff, 0xffff, 0xffff, 0xffff, 0xffff, 0xffff, 0xffff, 0xffff, 0xffff, 0xffff, 0xffff,
    0xffff, 0xffff, 0xffff, 0xffff, 0xffff, 0x0000, 0xf81f, 0xf81f, 0xf81f, 0xf81f, 0xf81f, 0xf81f,
    0xf81f, 0xf81f, 0xf81f, 0xf81f, 0xf81f, 0xf81f, 0xf81f, 0xf81f, 0xf81f, 0xf81f, 0xf81f, 0xf81f,
    0xf81f, 0xf81f, 0xf81f, 0xf81f, 0xf81f, 0xf81f, 0xf81f, 0xf81f, 0xf81f, 0xf81f, 0xf81f, 0xf81f,
    0xf81f, 0xf81f, 0xf81f, 0xf81f, 0xf81f, 0xf81f, 0xf81f, 0xf81f, 0xf81f, 0xf81f, 0xf81f, 0xf81f,
    0xf81f, 0xf81f, 0xf81f, 0xf81f, 0xf81f, 0xf81f, 0xf81f, 0xf81f, 0xf81f, 0xf81f, 0xf81f, 0xf81f,
    0xf81f, 0xf81f, 0x0000, 0xffff, 0xffff, 0xbe9c, 0xbe9c, 0xbe9c, 0xffff, 0xbe9c, 0xffff, 0xffff,
    0xffff, 0xffff, 0xbe9c, 0xbe9c, 0x8537, 0x8537, 0x8537, 0x0000, 0xf81f, 0x0000, 0xffff, 0xffff,
    0xffff, 0xffff, 0xffff, 0xffff, 0xffff, 0xffff, 0xffff, 0xffff, 0xffff, 0xffff, 0xbe9c, 0xbe9c,
    0xbe9c, 0xffff, 0xbe9c, 0xbe9c, 0xffff, 0x0000, 0xf81f, 0xf81f, 0xf81f, 0xf81f, 0xf81f, 0xf81f,
    0xf81f, 0xf81f, 0xf81f, 0xf81f, 0xf81f, 0xf81f, 0xf81f, 0xf81f, 0xf81f, 0xf81f, 0xf81f, 0xf81f,
    0xf81f, 0xf81f, 0xf81f, 0xf81f, 0xf81f, 0xf81f, 0xf81f, 0xf81f, 0xf81f, 0xf81f, 0xf81f, 0xf81f,
    0xf81f, 0xf81f, 0xf81f, 0xf81f, 0xf81f, 0xf81f, 0xf81f, 0xf81f, 0xf81f, 0xf81f, 0xf81f, 0xf81f,
    0xf81f, 0xf81f, 0xf81f, 0xf81f, 0xf81f, 0xf81f, 0xf81f, 0xf81f, 0xf81f, 0xf81f, 0xf81f, 0xf81f,
    0xf81f, 0xf81f, 0x0000, 0xffff, 0xffff, 0xbe9c, 0xbe9c, 0xbe9c, 0xbe9c, 0xffff, 0xffff, 0xffff,
    0xffff, 0xbe9c, 0xbe9c, 0x8537, 0x8537, 0x8537, 0x8537, 0x0000, 0xf81f, 0x0000, 0xffff, 0xffff,
    0xffff, 0xffff, 0xffff, 0xffff, 0xffff, 0xffff, 0xffff, 0xffff, 0xffff, 0xffff, 0xffff, 0xbe9c,
    0xbe9c, 0xbe9c, 0xbe9c, 0xbe9c, 0xffff, 0x0000, 0xf81f, 0xf81f, 0xf81f, 0xf81f, 0xf81f, 0xf81f,
    0xf81f, 0xf81f, 0xf81f, 0xf81f, 0xf81f, 0xf81f, 0xf81f, 0xf81f, 0xf81f, 0xf81f, 0xf81f, 0xf81f,
    0xf81f, 0xf81f, 0xf81f, 0xf81f, 0xf81f, 0xf81f, 0xf81f, 0xf81f, 0xf81f, 0xf81f, 0xf81f, 0xf81f,
    0xf81f, 0xf81f, 0xf81f, 0xf81f, 0xf81f, 0xf81f, 0xf81f, 0xf81f, 0xf81f, 0xf81f, 0xf81f, 0xf81f,
    0xf81f, 0xf81f, 0xf81f, 0xf81f, 0xf81f, 0xf81f, 0xf81f, 0xf81f, 0xf81f, 0xf81f, 0xf81f, 0xf81f,
    0xf81f, 0xf81f, 0x0000, 0xffff, 0xffff, 0xffff, 0xffff, 0xffff, 0xffff, 0xffff, 0xffff, 0xffff,
    0xffff, 0xbe9c, 0xbe9c, 0x8537, 0x8537, 0x8537, 0x8537, 0x0000, 0xf81f, 0x0000, 0xffff, 0xffff,
    0x0000, 0x0000, 0xffff, 0xffff, 0xffff, 0xffff, 0xffff, 0xffff, 0xffff, 0xffff, 0xffff, 0xffff,
    0xffff, 0xffff, 0xffff, 0xffff, 0xffff, 0x0000, 0xf81f, 0xf81f, 0xf81f, 0xf81f, 0xf81f, 0xf81f,
    0xf81f, 0xf81f, 0xf81f, 0xf81f, 0xf81f, 0xf81f, 0xf81f, 0xf81f, 0xf81f, 0xf81f, 0xf81f, 0xf81f,
    0xf81f, 0xf81f, 0xf81f, 0xf81f, 0xf81f, 0xf81f, 0xf81f, 0xf81f, 0xf81f, 0xf81f, 0xf81f, 0xf81f,
    0xf81f, 0xf81f, 0xf81f, 0xf81f, 0xf81f, 0xf81f, 0xf81f, 0xf81f, 0xf81f, 0xf81f, 0xf81f, 0xf81f,
    0xf81f, 0xf81f, 0xf81f, 0xf81f, 0xf81f, 0xf81f, 0xf81f, 0xf81f, 0xf81f, 0xf81f, 0xf81f, 0xf81f,
    0xf81f, 0x0000, 0x0000, 0xffff, 0xffff, 0xffff, 0xffff, 0xffff, 0xffff, 0xffff, 0x0000, 0xffff,
    0xbe9c, 0xbe9c, 0x8537, 0x8537, 0x8537, 0x8537, 0x8537, 0x0000, 0xf81f, 0x0000, 0xffff, 0xffff,
    0x0000, 0x0000, 0xffff, 0xffff, 0xffff, 0xffff, 0xffff, 0xffff, 0xffff, 0x0000, 0xffff, 0xffff,
    0xffff, 0xffff, 0xffff, 0xffff, 0xffff, 0x0000, 0xf81f, 0xf81f, 0xf81f, 0xf81f, 0xf81f, 0xf81f,
    0xf81f, 0xf81f, 0xf81f, 0xf81f, 0xf81f, 0xf81f, 0xf81f, 0xf81f, 0xf81f, 0xf81f, 0xf81f, 0xf81f,
    0xf81f, 0xf81f, 0xf81f, 0xf81f, 0xf81f, 0xf81f, 0xf81f, 0xf81f, 0xf81f, 0xf81f, 0xf81f, 0xf81f,
    0xf81f, 0xf81f, 0xf81f, 0xf81f, 0xf81f, 0xf81f, 0xf81f, 0xf81f, 0xf81f, 0xf81f, 0xf81f, 0xf81f,
    0xf81f, 0xf81f, 0xf81f, 0xf81f, 0xf81f, 0xf81f, 0xf81f, 0xf81f, 0xf81f, 0xf81f, 0xf81f, 0xf81f,
    0xf81f, 0x0000, 0xffff, 0xffff, 0xffff, 0xffff, 0xffff, 0xffff, 0x0000, 0x0000, 0x0000, 0x0000,
    0xbe9c, 0xbe9c, 0x8537, 0x8537, 0x8537, 0x8537, 0x8537, 0x0000, 0xf81f, 0x0000, 0xffff, 0x0000,
    0x0000, 0x0000, 0xffff, 0xffff, 0xffff, 0xffff, 0xffff, 0xffff, 0xffff, 0x0000, 0x0000, 0xffff,
    0xffff, 0xffff, 0xffff, 0xffff, 0xffff, 0x0000, 0xf81f, 0xf81f, 0xf81f, 0xf81f, 0xf81f, 0xf81f,
    0xf81f, 0xf81f, 0xf81f, 0xf81f, 0xf81f, 0xf81f, 0xf81f, 0xf81f, 0xf81f, 0xf81f, 0xf81f, 0xf81f,
    0xf81f, 0xf81f, 0xf81f, 0xf81f, 0xf81f, 0xf81f, 0xf81f, 0xf81f, 0xf81f, 0xf81f, 0xf81f, 0xf81f,
    0xf81f, 0xf81f, 0xf81f, 0xf81f, 0xf81f, 0xf81f, 0xf81f, 0xf81f, 0xf81f, 0xf81f, 0xf81f, 0xf81f,
    0xf81f, 0xf81f, 0xf81f, 0xf81f, 0xf81f, 0xf81f, 0xf81f, 0xf81f, 0xf81f, 0xf81f, 0xf81f, 0xf81f,
    0xf81f, 0x0000, 0xffff, 0xffff, 0xffff, 0xffff, 0xffff, 0x0000, 0x0000, 0x1168, 0x1168, 0x0000,
    0xbe9c, 0xbe9c, 0xbe9c, 0x0000, 0x0000, 0x8537, 0x8537, 0x0000, 0xf81f, 0x0000, 0x0000, 0x0000,
    0x2b10, 0x0000, 0xffff, 0xffff, 0xffff, 0x0000, 0x0000, 0x0000, 0xffff, 0x0000, 0x2b10, 0x0000,
    0xffff, 0xffff, 0xffff, 0xffff, 0xffff, 0x0000, 0xf81f, 0xf81f, 0xf81f, 0xf81f, 0xf81f, 0xf81f,
    0xf81f, 0xf81f, 0xf81f, 0xf81f, 0xf81f, 0xf81f, 0xf81f, 0xf81f, 0xf81f, 0xf81f, 0xf81f, 0xf81f,
    0xf81f, 0xf81f, 0xf81f, 0xf81f, 0xf81f, 0xf81f, 0xf81f, 0xf81f, 0xf81f, 0xf81f, 0xf81f, 0xf81f,
    0xf81f, 0xf81f, 0xf81f, 0xf81f, 0xf81f, 0xf81f, 0xf81f, 0xf81f, 0xf81f, 0xf81f, 0xf81f, 0xf81f,
    0xf81f, 0xf81f, 0xf81f, 0xf81f, 0xf81f, 0xf81f, 0xf81f, 0xf81f, 0xf81f, 0xf81f, 0xf81f, 0xf81f,
    0x0000, 0x0000, 0x0000, 0x0000, 0x0000, 0x0000, 0x1168, 0x1168, 0x1168, 0x2b10, 0x1168, 0x0000,
    0x0000, 0xbe9c, 0x0000, 0x1a2c, 0x1a2c, 0x0000, 0x8537, 0x0000, 0xf81f, 0x0000, 0x0000, 0x2b10,
    0x2b10, 0x0000, 0xffff, 0xffff, 0x0000, 0x0000, 0x2b10, 0x0000, 0x0000, 0x0000, 0x2b10, 0x0000,
    0x0000, 0x0000, 0x0000, 0x0000, 0x0000, 0x0000, 0xf81f, 0xf81f, 0xf81f, 0xf81f, 0xf81f, 0xf81f,
    0xf81f, 0xf81f, 0xf81f, 0xf81f, 0xf81f, 0xf81f, 0xf81f, 0xf81f, 0xf81f, 0xf81f, 0xf81f, 0xf81f,
    0xf81f, 0xf81f, 0xf81f, 0xf81f, 0xf81f, 0xf81f, 0xf81f, 0xf81f, 0xf81f, 0xf81f, 0xf81f, 0xf81f,
    0xf81f, 0xf81f, 0xf81f, 0xf81f, 0xf81f, 0xf81f, 0xf81f, 0xf81f, 0xf81f, 0xf81f, 0xf81f, 0xf81f,
    0xf81f, 0xf81f, 0xf81f, 0xf81f, 0xf81f, 0xf81f, 0xf81f, 0xf81f, 0xf81f, 0xf81f, 0xf81f, 0xf81f,
    0x0000, 0x2b10, 0x2b10, 0x2b10, 0x1168, 0x1168, 0x1168, 0x2b10, 0x2b10, 0x2b10, 0x2b10, 0x1168,
    0x1168, 0x0000, 0x0000, 0x4c56, 0x1a2c, 0x0000, 0x0000, 0x0000, 0xf81f, 0x0000, 0x0000, 0x2b10,
    0x2b10, 0x0000, 0x0000, 0x0000, 0x0000, 0x2b10, 0x2b10, 0x2b10, 0x2b10, 0x2b10, 0x2b10, 0x1168,
    0x2b10, 0x2b10, 0x2b10, 0x2b10, 0x2b10, 0x0000, 0x0000, 0xf81f, 0xf81f, 0xf81f, 0xf81f, 0xf81f,
    0xf81f, 0xf81f, 0xf81f, 0xf81f, 0xf81f, 0xf81f, 0xf81f, 0xf81f, 0xf81f, 0xf81f, 0xf81f, 0xf81f,
    0xf81f, 0xf81f, 0xf81f, 0xf81f, 0xf81f, 0xf81f, 0xf81f, 0xf81f, 0xf81f, 0xf81f, 0xf81f, 0xf81f,
    0xf81f, 0xf81f, 0xf81f, 0xf81f, 0xf81f, 0xf81f, 0xf81f, 0xf81f, 0xf81f, 0xf81f, 0xf81f, 0xf81f,
    0xf81f, 0xf81f, 0xf81f, 0xf81f, 0xf81f, 0xf81f, 0xf81f, 0xf81f, 0xf81f, 0xf81f, 0xf81f, 0x0000,
    0x0000, 0x2b10, 0x2b10, 0x2b10, 0x2b10, 0x2b10, 0x2b10, 0x2b10, 0x2b10, 0x4c56, 0x4c56, 0x4c56,
    0x4c56, 0x2b10, 0x4c56, 0x4c56, 0x1a2c, 0x1a2c, 0x1a2c, 0x1168, 0xf81f, 0x0000, 0x1168, 0x2b10,
    0x2b10, 0x2b10, 0x0000, 0x0000, 0x2b10, 0x2b10, 0x7d9a, 0x2b10, 0x2b10, 0x7d9a, 0x7d9a, 0x1168,
    0x7d9a, 0x7d9a, 0x7d9a, 0x2b10, 0x1168, 0x2b10, 0x0000, 0xf81f, 0xf81f, 0xf81f, 0xf81f, 0xf81f,
    0xf81f, 0xf81f, 0xf81f, 0xf81f, 0xf81f, 0xf81f, 0xf81f, 0xf81f, 0xf81f, 0xf81f, 0xf81f, 0xf81f,
    0xf81f, 0xf81f, 0xf81f, 0xf81f, 0xf81f, 0xf81f, 0xf81f, 0xf81f, 0xf81f, 0xf81f, 0xf81f, 0xf81f,
    0xf81f, 0xf81f, 0xf81f, 0xf81f, 0xf81f, 0xf81f, 0xf81f, 0xf81f, 0xf81f, 0xf81f, 0xf81f, 0xf81f,
    0xf81f, 0xf81f, 0xf81f, 0xf81f, 0xf81f, 0xf81f, 0xf81f, 0xf81f, 0xf81f, 0xf81f, 0xf81f, 0x0000,
    0x2b10, 0x2b10, 0x4c56, 0x7d9a, 0x2b10, 0x2b10, 0x4c56, 0x0000, 0x2b10, 0x7d9a, 0x7d9a, 0x7d9a,
    0x7d9a, 0x7d9a, 0x1168, 0x1a2c, 0x0000, 0x1a2c, 0x1a2c, 0x1168, 0xf81f, 0x0000, 0x1168, 0x2b10,
    0x2b10, 0x7d9a, 0x7d9a, 0x7d9a, 0x7d9a, 0x1168, 0x7d9a, 0x7d9a, 0x7d9a, 0x7d9a, 0x7d9a, 0x7d9a,
    0x7d9a, 0x7d9a, 0x7d9a, 0x7d9a, 0x7d9a, 0x2b10, 0x0000, 0xf81f, 0xf81f, 0xf81f, 0xf81f, 0xf81f,
    0xf81f, 0xf81f, 0xf81f, 0xf81f, 0xf81f, 0xf81f, 0xf81f, 0xf81f, 0xf81f, 0xf81f, 0xf81f, 0xf81f,
    0xf81f, 0xf81f, 0xf81f, 0xf81f, 0xf81f, 0xf81f, 0xf81f, 0xf81f, 0xf81f, 0xf81f, 0xf81f, 0xf81f,
    0xf81f, 0xf81f, 0xf81f, 0xf81f, 0xf81f, 0xf81f, 0xf81f, 0xf81f, 0xf81f, 0xf81f, 0xf81f, 0xf81f,
    0xf81f, 0xf81f, 0xf81f, 0xf81f, 0xf81f, 0xf81f, 0xf81f, 0xf81f, 0xf81f, 0xf81f, 0xf81f, 0x0000,
    0x2b10, 0x4c56, 0x4c56, 0x0000, 0x2b10, 0x4c56, 0x4c56, 0x0000, 0x4c56, 0x7d9a, 0x7d9a, 0x7d9a,
    0x1168, 0x7d9a, 0x7d9a, 0x1a2c, 0x7d9a, 0x7d9a, 0x7d9a, 0x1168, 0xf81f, 0x0000, 0x1168, 0x1168,
    0x2b10, 0x7d9a, 0x7d9a, 0x7d9a, 0x7d9a, 0x1168, 0x1168, 0x7d9a, 0x7d9a, 0x7d9a, 0x0000, 0x1168,
    0x7d9a, 0x7d9a, 0x0000, 0x7d9a, 0x7d9a, 0x1168, 0x0000, 0xf81f, 0xf81f, 0xf81f, 0xf81f, 0xf81f,
    0xf81f, 0xf81f, 0xf81f, 0xf81f, 0xf81f, 0xf81f, 0xf81f, 0xf81f, 0xf81f, 0xf81f, 0xf81f, 0xf81f,
    0xf81f, 0xf81f, 0xf81f, 0xf81f, 0xf81f, 0xf81f, 0xf81f, 0xf81f, 0xf81f, 0xf81f, 0xf81f, 0xf81f,
    0xf81f, 0xf81f, 0xf81f, 0xf81f, 0xf81f, 0xf81f, 0xf81f, 0xf81f, 0xf81f, 0xf81f, 0xf81f, 0xf81f,
    0xf81f, 0xf81f, 0xf81f, 0xf81f, 0xf81f, 0xf81f, 0xf81f, 0xf81f, 0xf81f, 0xf81f, 0xf81f, 0x0000,
    0x0000, 0x4c56, 0x4c56, 0x0000, 0x2b10, 0x4c56, 0x4c56, 0x0000, 0x4c56, 0x4c56, 0x4c56, 0x0000,
    0x1168, 0x1168, 0x1168, 0x1168, 0x0000, 0x7d9a, 0x7d9a, 0x1168, 0xf81f, 0x0000, 0x1168, 0x1168,
    0x1168, 0x0000, 0x1168, 0x7d9a, 0x7d9a, 0x0000, 0x1168, 0x1168, 0x1168, 0x1168, 0x0000, 0x1168,
    0x1168, 0x1168, 0x0000, 0x7d9a, 0x7d9a, 0x1168, 0x0000, 0xf81f, 0xf81f, 0xf81f, 0xf81f, 0xf81f,
    0xf81f, 0xf81f, 0xf81f, 0xf81f, 0xf81f, 0xf81f, 0xf81f, 0xf81f, 0xf81f, 0xf81f, 0xf81f, 0xf81f,
    0xf81f, 0xf81f, 0xf81f, 0xf81f, 0xf81f, 0xf81f, 0xf81f, 0xf81f, 0xf81f, 0xf81f, 0xf81f, 0xf81f,
    0xf81f, 0xf81f, 0xf81f, 0xf81f, 0xf81f, 0xf81f, 0xf81f, 0xf81f, 0xf81f, 0xf81f, 0xf81f, 0xf81f,
    0xf81f, 0xf81f, 0xf81f, 0xf81f, 0xf81f, 0xf81f, 0xf81f, 0xf81f, 0xf81f, 0xf81f, 0xf81f, 0xf81f,
    0x0000, 0x0000, 0x0000, 0x0000, 0x0000, 0x0000, 0x0000, 0x0000, 0x0000, 0x0000, 0x0000, 0x0000,
    0x0000, 0x0000, 0x0000, 0x0000, 0x0000, 0x0000, 0x0000, 0x0000, 0xf81f, 0x0000, 0x0000, 0x0000,
    0x0000, 0x0000, 0x0000, 0x0000, 0x0000, 0x0000, 0x0000, 0x0000, 0x0000, 0x0000, 0x0000, 0x0000,
    0x0000, 0x0000, 0x0000, 0x0000, 0x0000, 0x0000, 0x0000, 0xf81f, 0xf81f, 0xf81f, 0xf81f, 0xf81f,
    0xf81f, 0xf81f, 0xf81f, 0xf81f, 0xf81f, 0xf81f, 0xf81f, 0xf81f, 0xf81f, 0xf81f, 0xf81f, 0xf81f,
    0xf81f, 0xf81f, 0xf81f, 0xf81f, 0xf81f, 0xf81f, 0xf81f, 0xf81f, 0xf81f, 0xf81f, 0xf81f, 0xf81f,
    0xf81f, 0xf81f, 0xf81f, 0xf81f, 0xf81f, 0xf81f, 0xf81f, 0xf81f, 0xf81f, 0xf81f, 0xf81f, 0xf81f,
    0xf81f, 0xf81f, 0xf81f, 0xf81f, 0xf81f, 0xf81f, 0xf81f, 0xf81f, 0xf81f, 0xf81f, 0xf81f, 0xf81f,
    0xf81f, 0xf81f, 0xf81f, 0xf81f, 0xf81f, 0xf81f, 0xf81f, 0xf81f, 0xf81f, 0xf81f, 0xf81f, 0xf81f,
    0xf81f, 0xf81f, 0xf81f, 0xf81f, 0xf81f, 0xf81f, 0xf81f, 0xf81f, 0xf81f, 0xf81f, 0xf81f, 0xf81f,
    0xf81f, 0xf81f, 0xf81f, 0xf81f, 0xf81f, 0xf81f, 0xf81f, 0xf81f, 0xf81f, 0xf81f, 0xf81f, 0xf81f,
    0xf81f, 0xf81f, 0xf81f, 0xf81f, 0xf81f, 0xf81f, 0xf81f, 0xf81f, 0xf81f, 0xf81f, 0xf81f, 0xf81f,
    0xf81f, 0xf81f, 0xf81f, 0xf81f, 0xf81f, 0xf81f, 0xf81f, 0xf81f, 0xf81f, 0xf81f, 0xf81f, 0xf81f,
    0xf81f, 0xf81f, 0xf81f, 0xf81f, 0xf81f, 0xf81f, 0xf81f, 0xf81f, 0xf81f, 0xf81f, 0xf81f, 0xf81f,
    0xf81f, 0xf81f, 0xf81f, 0xf81f, 0xf81f, 0xf81f, 0xf81f, 0xf81f, 0xf81f, 0xf81f, 0xf81f, 0xf81f,
    0xf81f, 0xf81f, 0xf81f, 0xf81f, 0xf81f, 0xf81f, 0xf81f, 0xf81f, 0xf81f, 0xf81f, 0xf81f, 0xf81f,
    0xf81f, 0xf81f, 0xf81f, 0xf81f, 0xf81f, 0xf81f, 0xf81f, 0xf81f, 0xf81f, 0xf81f, 0xf81f, 0xf81f,
    0xf81f, 0xf81f, 0xf81f, 0xf81f, 0xf81f, 0xf81f, 0xf81f, 0xf81f, 0xf81f, 0xf81f, 0xf81f, 0xf81f,
    0xf81f, 0xf81f, 0xf81f, 0xf81f, 0xf81f, 0xf81f, 0xf81f, 0xf81f, 0xf81f, 0xf81f, 0xf81f, 0xf81f,
    0xf81f, 0xf81f, 0xf81f, 0xf81f, 0xf81f, 0xf81f, 0xf81f, 0xf81f, 0xf81f, 0xf81f, 0xf81f, 0xf81f,
    0xf81f, 0xf81f, 0xf81f, 0xf81f, 0xf81f, 0xf81f, 0xf81f, 0xf81f, 0xf81f, 0xf81f, 0xf81f, 0xf81f,
    0xf81f, 0xf81f, 0xf81f, 0xf81f, 0xf81f, 0xf81f, 0xf81f, 0xf81f, 0xf81f, 0xf81f, 0xf81f, 0xf81f,
    0xf81f, 0xf81f, 0xf81f, 0xf81f, 0xf81f, 0xf81f, 0xf81f, 0xf81f, 0xf81f, 0xf81f, 0xf81f, 0xf81f,
    0xf81f, 0xf81f, 0xf81f, 0xf81f, 0xf81f, 0xf81f, 0xf81f, 0xf81f, 0xf81f, 0xf81f, 0xf81f, 0xf81f,
    0xf81f, 0xf81f, 0xf81f, 0xf81f, 0xf81f, 0xf81f, 0xf81f, 0xf81f, 0xf81f, 0xf81f, 0xf81f, 0xf81f,
    0xf81f, 0xf81f, 0xf81f, 0xf81f, 0xf81f, 0xf81f, 0xf81f, 0xf81f, 0xf81f, 0xf81f, 0xf81f, 0xf81f,
    0xf81f, 0xf81f, 0xf81f, 0xf81f, 0xf81f, 0xf81f, 0xf81f, 0xf81f, 0xf81f, 0xf81f, 0xf81f, 0xf81f,
    0xf81f, 0xf81f, 0xf81f, 0xf81f, 0xf81f, 0xf81f, 0xf81f, 0xf81f, 0xf81f, 0xf81f, 0xf81f, 0xf81f,
    0xf81f, 0xf81f, 0xf81f, 0xf81f, 0xf81f, 0xf81f, 0xf81f, 0xf81f, 0xf81f, 0xf81f, 0xf81f, 0xf81f,
    0xf81f, 0xf81f, 0xf81f, 0xf81f, 0xf81f, 0xf81f, 0xf81f, 0xf81f, 0xf81f, 0xf81f, 0xf81f, 0xf81f,
    0xf81f, 0xf81f, 0xf81f, 0xf81f, 0xf81f, 0xf81f, 0xf81f, 0xf81f, 0xf81f, 0xf81f, 0xf81f, 0xf81f,
    0xf81f, 0xf81f, 0xf81f, 0xf81f, 0xf81f, 0xf81f, 0xf81f, 0xf81f, 0xf81f, 0xf81f, 0xf81f, 0xf81f,
    0xf81f, 0xf81f, 0xf81f, 0xf81f, 0xf81f, 0xf81f, 0xf81f, 0xf81f, 0xf81f, 0xf81f, 0xf81f, 0xf81f,
    0x0000, 0x0000, 0x0000, 0x0000, 0x0000, 0x0000, 0x0000, 0x0000, 0x0000, 0x0000, 0x0000, 0x0000,
    0x0000, 0xf81f, 0xf81f, 0xf81f, 0xf81f, 0xf81f, 0xf81f, 0xf81f, 0xf81f, 0xf81f, 0xf81f, 0xf81f,
    0xf81f, 0xf81f, 0xf81f, 0xf81f, 0xf81f, 0xf81f, 0xf81f, 0xf81f, 0xf81f, 0xf81f, 0xf81f, 0xf81f,
    0xf81f, 0xf81f, 0xf81f, 0xf81f, 0xf81f, 0xf81f, 0xf81f, 0xf81f, 0xf81f, 0xf81f, 0xf81f, 0xf81f,
    0xf81f, 0xf81f, 0xf81f, 0xf81f, 0xf81f, 0xf81f, 0xf81f, 0xf81f, 0xf81f, 0xf81f, 0xf81f, 0xf81f,
    0xf81f, 0xf81f, 0xf81f, 0xf81f, 0xf81f, 0xf81f, 0xf81f, 0xf81f, 0xf81f, 0xf81f, 0xf81f, 0xf81f,
    0xf81f, 0xf81f, 0xf81f, 0xf81f, 0xf81f, 0xf81f, 0xf81f, 0xf81f, 0xf81f, 0xf81f, 0xf81f, 0xf81f,
    0xf81f, 0xf81f, 0xf81f, 0xf81f, 0xf81f, 0xf81f, 0xf81f, 0xf81f, 0x0000, 0x0000, 0x0000, 0x0000,
    0xffff, 0xffff, 0xffff, 0xffff, 0xffff, 0xffff, 0xffff, 0xffff, 0xffff, 0xffff, 0xffff, 0xffff,
    0x0000, 0x0000, 0x0000, 0x0000, 0x0000, 0x0000, 0x0000, 0xf81f, 0xf81f, 0xf81f, 0xf81f, 0xf81f,
    0xf81f, 0xf81f, 0xf81f, 0xf81f, 0xf81f, 0xf81f, 0xf81f, 0xf81f, 0xf81f, 0xf81f, 0xf81f, 0xf81f,
    0xf81f, 0xf81f, 0xf81f, 0xf81f, 0xf81f, 0xf81f, 0xf81f, 0xf81f, 0xf81f, 0xf81f, 0xf81f, 0xf81f,
    0xf81f, 0xf81f, 0xf81f, 0xf81f, 0xf81f, 0xf81f, 0xf81f, 0xf81f, 0xf81f, 0xf81f, 0xf81f, 0xf81f,
    0xf81f, 0xf81f, 0xf81f, 0xf81f, 0xf81f, 0xf81f, 0xf81f, 0xf81f, 0xf81f, 0xf81f, 0xf81f, 0xf81f,
    0xf81f, 0xf81f, 0xf81f, 0xf81f, 0xf81f, 0xf81f, 0xf81f, 0xf81f, 0xf81f, 0xf81f, 0xf81f, 0xf81f,
    0xf81f, 0xf81f, 0xf81f, 0xf81f, 0xf81f, 0xf81f, 0xf81f, 0x0000, 0x0000, 0xffff, 0xffff, 0xffff,
    0xffff, 0xffff, 0xffff, 0xffff, 0xffff, 0xffff, 0xffff, 0xffff, 0xffff, 0xffff, 0xffff, 0xffff,
    0xffff, 0x8e19, 0x8e19, 0x8e19, 0xffff, 0xffff, 0x0000, 0x0000, 0xf81f, 0xf81f, 0xf81f, 0xf81f,
    0xf81f, 0xf81f, 0xf81f, 0xf81f, 0xf81f, 0xf81f, 0xf81f, 0xf81f, 0xf81f, 0xf81f, 0xf81f, 0xf81f,
    0xf81f, 0xf81f, 0xf81f, 0xf81f, 0xf81f, 0xf81f, 0xf81f, 0xf81f, 0xf81f, 0xf81f, 0xf81f, 0xf81f,
    0xf81f, 0xf81f, 0xf81f, 0xf81f, 0xf81f, 0xf81f, 0xf81f, 0xf81f, 0xf81f, 0xf81f, 0xf81f, 0xf81f,
    0xf81f, 0xf81f, 0xf81f, 0xf81f, 0xf81f, 0xf81f, 0xf81f, 0xf81f, 0xf81f, 0xf81f, 0xf81f, 0xf81f,
    0xf81f, 0xf81f, 0xf81f, 0xf81f, 0xf81f, 0xf81f, 0xf81f, 0xf81f, 0xf81f, 0xf81f, 0xf81f, 0xf81f,
    0xf81f, 0xf81f, 0xf81f, 0xf81f, 0xf81f, 0xf81f, 0x0000, 0x0000, 0xffff, 0xffff, 0xffff, 0xffff,
    0xffff, 0xffff, 0xffff, 0xffff, 0xffff, 0xffff, 0xffff, 0xffff, 0xffff, 0xffff, 0xffff, 0xffff,
    0xffff, 0x8e19, 0x8e19, 0x8e19, 0x8e19, 0x8e19, 0xffff, 0xffff, 0x0000, 0xf81f, 0xf81f, 0xf81f,
    0xf81f, 0xf81f, 0xf81f, 0xf81f, 0xf81f, 0xf81f, 0xf81f, 0xf81f, 0xf81f, 0xf81f, 0xf81f, 0xf81f,
    0xf81f, 0xf81f, 0xf81f, 0xf81f, 0xf81f, 0xf81f, 0xf81f, 0xf81f, 0xf81f, 0xf81f, 0xf81f, 0xf81f,
    0xf81f, 0xf81f, 0xf81f, 0xf81f, 0xf81f, 0xf81f, 0xf81f, 0xf81f, 0xf81f, 0xf81f, 0xf81f, 0xf81f,
    0xf81f, 0xf81f, 0xf81f, 0xf81f, 0xf81f, 0xf81f, 0xf81f, 0xf81f, 0xf81f, 0xf81f, 0xf81f, 0xf81f,
    0xf81f, 0xf81f, 0xf81f, 0xf81f, 0xf81f, 0xf81f, 0xf81f, 0xf81f, 0xf81f, 0xf81f, 0xf81f, 0xf81f,
    0xf81f, 0xf81f, 0xf81f, 0xf81f, 0xf81f, 0xf81f, 0x0000, 0xffff, 0xffff, 0xffff, 0xffff, 0xffff,
    0xffff, 0xffff, 0xffff, 0xffff, 0xffff, 0xffff, 0xffff, 0xffff, 0xffff, 0xffff, 0xffff, 0xffff,
    0xffff, 0x8e19, 0x8e19, 0x8e19, 0x8e19, 0xffff, 0xffff, 0xffff, 0xffff, 0x0000, 0x0000, 0xf81f,
    0xf81f, 0xf81f, 0xf81f, 0xf81f, 0xf81f, 0xf81f, 0xf81f, 0xf81f, 0xf81f, 0xf81f, 0xf81f, 0xf81f,
    0xf81f, 0xf81f, 0xf81f, 0xf81f, 0xf81f, 0xf81f, 0xf81f, 0xf81f, 0xf81f, 0xf81f, 0xf81f, 0xf81f,
    0xf81f, 0xf81f, 0xf81f, 0xf81f, 0xf81f, 0xf81f, 0xf81f, 0xf81f, 0xf81f, 0xf81f, 0xf81f, 0xf81f,
    0xf81f, 0xf81f, 0xf81f, 0xf81f, 0xf81f, 0xf81f, 0xf81f, 0xf81f, 0xf81f, 0xf81f, 0xf81f, 0xf81f,
    0xf81f, 0xf81f, 0xf81f, 0xf81f, 0xf81f, 0xf81f, 0xf81f, 0xf81f, 0xf81f, 0xf81f, 0xf81f, 0xf81f,
    0xf81f, 0xf81f, 0xf81f, 0xf81f, 0xf81f, 0x0000, 0x0000, 0xffff, 0xffff, 0xffff, 0xffff, 0xffff,
    0xffff, 0xffff, 0xffff, 0xffff, 0xffff, 0xffff, 0xffff, 0xffff, 0xffff, 0xffff, 0xffff, 0xffff,
    0xffff, 0xffff, 0xffff, 0xffff, 0xffff, 0xffff, 0xffff, 0xffff, 0xffff, 0xffff, 0x0000, 0xf81f,
    0xf81f, 0xf81f, 0xf81f, 0xf81f, 0xf81f, 0xf81f, 0xf81f, 0xf81f, 0xf81f, 0xf81f, 0xf81f, 0xf81f,
    0xf81f, 0xf81f, 0xf81f, 0xf81f, 0xf81f, 0xf81f, 0xf81f, 0xf81f, 0xf81f, 0xf81f, 0xf81f, 0xf81f,
    0xf81f, 0xf81f, 0xf81f, 0xf81f, 0xf81f, 0xf81f, 0xf81f, 0xf81f, 0xf81f, 0xf81f, 0xf81f, 0xf81f,
    0xf81f, 0xf81f, 0xf81f, 0xf81f, 0xf81f, 0xf81f, 0xf81f, 0xf81f, 0xf81f, 0xf81f, 0xf81f, 0xf81f,
    0xf81f, 0xf81f, 0xf81f, 0xf81f, 0xf81f, 0xf81f, 0xf81f, 0xf81f, 0xf81f, 0xf81f, 0xf81f, 0xf81f,
    0xf81f, 0xf81f, 0xf81f, 0xf81f, 0x0000, 0x0000, 0xffff, 0xffff, 0xffff, 0xffff, 0x8e19, 0x8e19,
    0x8e19, 0x8e19, 0x8e19, 0x8e19, 0x8e19, 0xffff, 0xffff, 0xffff, 0x8e19, 0x8e19, 0x8e19, 0x8e19,
    0x8e19, 0x8e19, 0xffff, 0xffff, 0xffff, 0xffff, 0xffff, 0xffff, 0xffff, 0xffff, 0x0000, 0x0000,
    0xf81f, 0xf81f, 0xf81f, 0xf81f, 0xf81f, 0xf81f, 0xf81f, 0xf81f, 0xf81f, 0xf81f, 0xf81f, 0xf81f,
    0xf81f, 0xf81f, 0xf81f, 0xf81f, 0xf81f, 0xf81f, 0xf81f, 0xf81f, 0xf81f, 0xf81f, 0xf81f, 0xf81f,
    0xf81f, 0xf81f, 0xf81f, 0xf81f, 0xf81f, 0xf81f, 0xf81f, 0xf81f, 0xf81f, 0xf81f, 0xf81f, 0xf81f,
    0xf81f, 0xf81f, 0xf81f, 0xf81f, 0xf81f, 0xf81f, 0xf81f, 0xf81f, 0xf81f, 0xf81f, 0xf81f, 0xf81f,
    0xf81f, 0xf81f, 0xf81f, 0xf81f, 0xf81f, 0xf81f, 0xf81f, 0xf81f, 0xf81f, 0xf81f, 0xf81f, 0xf81f,
    0xf81f, 0xf81f, 0xf81f, 0xf81f, 0x0000, 0xffff, 0xffff, 0xffff, 0xffff, 0x8e19, 0x0000, 0x0000,
    0x0000, 0x0000, 0x0000, 0x0000, 0x0000, 0x8e19, 0xffff, 0x8e19, 0x8e19, 0x0000, 0x0000, 0x0000,
    0x0000, 0x0000, 0x0000, 0x0000, 0xffff, 0xffff, 0xffff, 0xffff, 0xffff, 0xffff, 0xffff, 0x0000,
    0x0000, 0xf81f, 0xf81f, 0xf81f, 0xf81f, 0xf81f, 0xf81f, 0xf81f, 0xf81f, 0xf81f, 0xf81f, 0xf81f,
    0xf81f, 0xf81f, 0xf81f, 0xf81f, 0xf81f, 0xf81f, 0xf81f, 0xf81f, 0xf81f, 0xf81f, 0xf81f, 0xf81f,
    0xf81f, 0xf81f, 0xf81f, 0xf81f, 0xf81f, 0xf81f, 0xf81f, 0xf81f, 0xf81f, 0xf81f, 0xf81f, 0xf81f,
    0xf81f, 0xf81f, 0xf81f, 0xf81f, 0xf81f, 0xf81f, 0xf81f, 0xf81f, 0xf81f, 0xf81f, 0xf81f, 0xf81f,
    0xf81f, 0xf81f, 0xf81f, 0xf81f, 0xf81f, 0xf81f, 0xf81f, 0xf81f, 0xf81f, 0xf81f, 0xf81f, 0xf81f,
    0xf81f, 0xf81f, 0x0000, 0x0000, 0x0000, 0xffff, 0xffff, 0xffff, 0xffff, 0x0000, 0x0000, 0x2b10,
    0x2b10, 0x2b10, 0x2b10, 0x2b10, 0x0000, 0x8e19, 0x8e19, 0x8e19, 0x0000, 0x0000, 0x2b10, 0x2b10,
    0x2b10, 0x2b10, 0x2b10, 0x2b10, 0x0000, 0x0000, 0xffff, 0xffff, 0xffff, 0xffff, 0xffff, 0x8e19,
    0x0000, 0xf81f, 0xf81f, 0xf81f, 0xf81f, 0xf81f, 0xf81f, 0xf81f, 0xf81f, 0xf81f, 0xf81f, 0xf81f,
    0xf81f, 0xf81f, 0xf81f, 0xf81f, 0xf81f, 0xf81f, 0xf81f, 0xf81f, 0xf81f, 0xf81f, 0xf81f, 0xf81f,
    0xf81f, 0xf81f, 0xf81f, 0xf81f, 0xf81f, 0xf81f, 0xf81f, 0xf81f, 0xf81f, 0xf81f, 0xf81f, 0xf81f,
    0xf81f, 0xf81f, 0xf81f, 0xf81f, 0xf81f, 0xf81f, 0xf81f, 0xf81f, 0xf81f, 0xf81f, 0xf81f, 0xf81f,
    0xf81f, 0xf81f, 0xf81f, 0xf81f, 0xf81f, 0xf81f, 0xf81f, 0xf81f, 0xf81f, 0xf81f, 0xf81f, 0xf81f,
    0xf81f, 0xf81f, 0x0000, 0x0000, 0xffff, 0xffff, 0xffff, 0xffff, 0x0000, 0x0000, 0x2b10, 0xbe9c,
    0xbe9c, 0xbe9c, 0x4c56, 0x4c56, 0x2b10, 0x0000, 0x8e19, 0x8e19, 0x0000, 0x2b10, 0x4c56, 0x4c56,
    0xbe9c, 0xbe9c, 0xbe9c, 0xbe9c, 0x2b10, 0x0000, 0x0000, 0xffff, 0xffff, 0xffff, 0xffff, 0x8e19,
    0x8e19, 0x0000, 0xf81f, 0xf81f, 0xf81f, 0xf81f, 0xf81f, 0xf81f, 0xf81f, 0xf81f, 0xf81f, 0xf81f,
    0xf81f, 0xf81f, 0xf81f, 0xf81f, 0xf81f, 0xf81f, 0xf81f, 0xf81f, 0xf81f, 0xf81f, 0xf81f, 0xf81f,
    0xf81f, 0xf81f, 0xf81f, 0xf81f, 0xf81f, 0xf81f, 0xf81f, 0xf81f, 0xf81f, 0xf81f, 0xf81f, 0xf81f,
    0xf81f, 0xf81f, 0xf81f, 0xf81f, 0xf81f, 0xf81f, 0xf81f, 0xf81f, 0xf81f, 0xf81f, 0xf81f, 0xf81f,
    0xf81f, 0xf81f, 0xf81f, 0xf81f, 0xf81f, 0xf81f, 0xf81f, 0xf81f, 0xf81f, 0xf81f, 0xf81f, 0xf81f,
    0xf81f, 0xf81f, 0x0000, 0x8e19, 0xffff, 0xffff, 0xffff, 0xffff, 0x0000, 0x2b10, 0x2b10, 0xbe9c,
    0xbe9c, 0x4c56, 0x4c56, 0x4c56, 0x2b10, 0x2b10, 0x0000, 0x0000, 0x0000, 0x2b10, 0x4c56, 0x4c56,
    0x4c56, 0xbe9c, 0xbe9c, 0xbe9c, 0x2b10, 0x2b10, 0x0000, 0xffff, 0xffff, 0xffff, 0xffff, 0x8e19,
    0x8e19, 0x0000, 0x0000, 0xf81f, 0xf81f, 0xf81f, 0xf81f, 0xf81f, 0xf81f, 0xf81f, 0xf81f, 0xf81f,
    0xf81f, 0xf81f, 0xf81f, 0xf81f, 0xf81f, 0xf81f, 0xf81f, 0xf81f, 0xf81f, 0xf81f, 0xf81f, 0xf81f,
    0xf81f, 0xf81f, 0xf81f, 0xf81f, 0xf81f, 0xf81f, 0xf81f, 0xf81f, 0xf81f, 0xf81f, 0xf81f, 0xf81f,
    0xf81f, 0xf81f, 0xf81f, 0xf81f, 0xf81f, 0xf81f, 0xf81f, 0xf81f, 0xf81f, 0xf81f, 0xf81f, 0xf81f,
    0xf81f, 0xf81f, 0xf81f, 0xf81f, 0xf81f, 0xf81f, 0xf81f, 0xf81f, 0xf81f, 0xf81f, 0xf81f, 0xf81f,
    0xf81f, 0xf81f, 0x0000, 0x8e19, 0xffff, 0xffff, 0xffff, 0xffff, 0x0000, 0x2b10, 0x2b10, 0x2b10,
    0x2b10, 0x2b10, 0x2b10, 0x2b10, 0x2b10, 0x2b10, 0x2b10, 0x2b10, 0x2b10, 0x2b10, 0x2b10, 0x2b10,
    0x2b10, 0x2b10, 0x2b10, 0x2b10, 0x2b10, 0x2b10, 0x2b10, 0x0000, 0xffff, 0xffff, 0xffff, 0x8e19,
    0x8e19, 0xbe9c, 0x0000, 0xf81f, 0xf81f, 0xf81f, 0xf81f, 0xf81f, 0xf81f, 0xf81f, 0xf81f, 0xf81f,
    0xf81f, 0xf81f, 0xf81f, 0xf81f, 0xf81f, 0xf81f, 0xf81f, 0xf81f, 0xf81f, 0xf81f, 0xf81f, 0xf81f,
    0xf81f, 0xf81f, 0xf81f, 0xf81f, 0xf81f, 0xf81f, 0xf81f, 0xf81f, 0xf81f, 0xf81f, 0xf81f, 0xf81f,
    0xf81f, 0xf81f, 0xf81f, 0xf81f, 0xf81f, 0xf81f, 0xf81f, 0xf81f, 0xf81f, 0xf81f, 0xf81f, 0xf81f,
    0xf81f, 0xf81f, 0xf81f, 0xf81f, 0xf81f, 0xf81f, 0xf81f, 0xf81f, 0xf81f, 0xf81f, 0xf81f, 0x0000,
    0x0000, 0x0000, 0x0000, 0x8e19, 0xffff, 0xffff, 0xffff, 0xffff, 0x0000, 0x2b10, 0x2b10, 0x2b10,
    0x2b10, 0x2b10, 0x2b10, 0x2b10, 0x2b10, 0x2b10, 0x2b10, 0x2b10, 0x2b10, 0x2b10, 0x2b10, 0x2b10,
    0x2b10, 0x2b10, 0x2b10, 0x2b10, 0x2b10, 0x2b10, 0x2b10, 0x0000, 0xffff, 0xffff, 0xffff, 0x8e19,
    0x8e19, 0xbe9c, 0x0000, 0x0000, 0x0000, 0x0000, 0xf81f, 0xf81f, 0xf81f, 0xf81f, 0xf81f, 0xf81f,
    0xf81f, 0xf81f, 0xf81f, 0xf81f, 0xf81f, 0xf81f, 0xf81f, 0xf81f, 0xf81f, 0xf81f, 0xf81f, 0xf81f,
    0xf81f, 0xf81f, 0xf81f, 0xf81f, 0xf81f, 0xf81f, 0xf81f, 0xf81f, 0xf81f, 0xf81f, 0xf81f, 0xf81f,
    0xf81f, 0xf81f, 0xf81f, 0xf81f, 0xf81f, 0xf81f, 0xf81f, 0xf81f, 0xf81f, 0xf81f, 0xf81f, 0xf81f,
    0xf81f, 0xf81f, 0xf81f, 0xf81f, 0xf81f, 0xf81f, 0xf81f, 0xf81f, 0xf81f, 0xf81f, 0xf81f, 0x0000,
    0x4c56, 0x4c56, 0x0000, 0x8e19, 0xffff, 0xffff, 0xffff, 0xffff, 0x0000, 0x2b10, 0x2b10, 0x2b10,
    0x2b10, 0x2b10, 0x2b10, 0x2b10, 0x2b10, 0x2b10, 0x2b10, 0x2b10, 0x2b10, 0x2b10, 0x2b10, 0x2b10,
    0x2b10, 0x2b10, 0x2b10, 0x2b10, 0x2b10, 0x2b10, 0x2b10, 0x0000, 0xffff, 0xffff, 0xffff, 0x8e19,
    0xbe9c, 0xbe9c, 0x0000, 0x224c, 0x224c, 0x0000, 0xf81f, 0xf81f, 0xf81f, 0xf81f, 0xf81f, 0xf81f,
    0xf81f, 0xf81f, 0xf81f, 0xf81f, 0xf81f, 0xf81f, 0xf81f, 0xf81f, 0xf81f, 0xf81f, 0xf81f, 0xf81f,
    0xf81f, 0xf81f, 0xf81f, 0xf81f, 0xf81f, 0xf81f, 0xf81f, 0xf81f, 0xf81f, 0xf81f, 0xf81f, 0xf81f,
    0xf81f, 0xf81f, 0xf81f, 0xf81f, 0xf81f, 0xf81f, 0xf81f, 0xf81f, 0xf81f, 0xf81f, 0xf81f, 0xf81f,
    0xf81f, 0xf81f, 0xf81f, 0xf81f, 0xf81f, 0xf81f, 0xf81f, 0xf81f, 0xf81f, 0xf81f, 0xf81f, 0x0000,
    0x4c56, 0x4c56, 0x0000, 0x8e19, 0xffff, 0xffff, 0xffff, 0x0000, 0x0000, 0x2b10, 0x2b10, 0x0000,
    0x0000, 0x0000, 0x0000, 0x0000, 0x2b10, 0x2b10, 0x2b10, 0x4c56, 0x4c56, 0x2b10, 0x2b10, 0x2b10,
    0x0000, 0x0000, 0x0000, 0x0000, 0x0000, 0x2b10, 0x1168, 0x0000, 0xffff, 0xffff, 0xffff, 0x8e19,
    0xbe9c, 0xbe9c, 0x0000, 0x4c56, 0x4c56, 0x0000, 0xf81f, 0xf81f, 0xf81f, 0xf81f, 0xf81f, 0xf81f,
    0xf81f, 0xf81f, 0xf81f, 0xf81f, 0xf81f, 0xf81f, 0xf81f, 0xf81f, 0xf81f, 0xf81f, 0xf81f, 0xf81f,
    0xf81f, 0xf81f, 0xf81f, 0xf81f, 0xf81f, 0xf81f, 0xf81f, 0xf81f, 0xf81f, 0xf81f, 0xf81f, 0xf81f,
    0xf81f, 0xf81f, 0xf81f, 0xf81f, 0xf81f, 0xf81f, 0xf81f, 0xf81f, 0xf81f, 0xf81f, 0xf81f, 0xf81f,
    0xf81f, 0xf81f, 0xf81f, 0xf81f, 0xf81f, 0xf81f, 0xf81f, 0xf81f, 0xf81f, 0xf81f, 0xf81f, 0x0000,
    0x2b10, 0x4c56, 0x0000, 0xffff, 0xffff, 0xffff, 0x0000, 0x0000, 0x1168, 0x1168, 0x2b10, 0x2b10,
    0x08e5, 0x08e5, 0x08e5, 0x08e5, 0x2b10, 0x4c56, 0x4c56, 0x4c56, 0x4c56, 0x4c56, 0x2b10, 0x2b10,
    0x08e5, 0x08e5, 0x08e5, 0x08e5, 0x2b10, 0x2b10, 0x1168, 0x0000, 0x0000, 0xffff, 0xffff, 0xffff,
    0xbe9c, 0xbe9c, 0x0000, 0x4c56, 0x2b10, 0x0000, 0xf81f, 0xf81f, 0xf81f, 0xf81f, 0xf81f, 0xf81f,
    0xf81f, 0xf81f, 0xf81f, 0xf81f, 0xf81f, 0xf81f, 0xf81f, 0xf81f, 0xf81f, 0xf81f, 0xf81f, 0xf81f,
    0xf81f, 0xf81f, 0xf81f, 0xf81f, 0xf81f, 0xf81f, 0xf81f, 0xf81f, 0xf81f, 0xf81f, 0xf81f, 0xf81f,
    0xf81f, 0xf81f, 0xf81f, 0xf81f, 0xf81f, 0xf81f, 0xf81f, 0xf81f, 0xf81f, 0xf81f, 0xf81f, 0xf81f,
    0xf81f, 0xf81f, 0xf81f, 0xf81f, 0xf81f, 0xf81f, 0xf81f, 0xf81f, 0xf81f, 0xf81f, 0xf81f, 0x0000,
    0x2b10, 0x224c, 0x0000, 0xffff, 0x8e19, 0xffff, 0x0000, 0x1168, 0x1168, 0x1168, 0x2b10, 0x4c56,
    0x2b10, 0x2b10, 0x2b10, 0x2b10, 0x4c56, 0x4c56, 0x4c56, 0x4c56, 0x4c56, 0x4c56, 0x4c56, 0x2b10,
    0x2b10, 0x2b10, 0x2b10, 0x2b10, 0x2b10, 0x1168, 0x1168, 0x1168, 0x0000, 0xffff, 0xffff, 0xffff,
    0xbe9c, 0xbe9c, 0x0000, 0x4c56, 0x2b10, 0x0000, 0xf81f, 0xf81f, 0xf81f, 0xf81f, 0xf81f, 0xf81f,
    0xf81f, 0xf81f, 0xf81f, 0xf81f, 0xf81f, 0xf81f, 0xf81f, 0xf81f, 0xf81f, 0xf81f, 0xf81f, 0xf81f,
    0xf81f, 0xf81f, 0xf81f, 0xf81f, 0xf81f, 0xf81f, 0xf81f, 0xf81f, 0xf81f, 0xf81f, 0xf81f, 0xf81f,
    0xf81f, 0xf81f, 0xf81f, 0xf81f, 0xf81f, 0xf81f, 0xf81f, 0xf81f, 0xf81f, 0xf81f, 0xf81f, 0xf81f,
    0xf81f, 0xf81f, 0xf81f, 0xf81f, 0xf81f, 0xf81f, 0xf81f, 0xf81f, 0xf81f, 0xf81f, 0xf81f, 0x0000,
    0x2b10, 0x224c, 0x0000, 0xffff, 0x8e19, 0xffff, 0x0000, 0x1168, 0x1168, 0x4c56, 0x4c56, 0x2b10,
    0x2b10, 0x2b10, 0x2b10, 0x2b10, 0x2b10, 0x0000, 0x0000, 0x0000, 0x0000, 0x0000, 0x0000, 0x2b10,
    0x2b10, 0x2b10, 0x2b10, 0x2b10, 0x4c56, 0x4c56, 0x1168, 0x1168, 0x0000, 0xffff, 0xffff, 0xffff,
    0xbe9c, 0xbe9c, 0x0000, 0x4c56, 0x2b10, 0x0000, 0xf81f, 0xf81f, 0xf81f, 0xf81f, 0xf81f, 0xf81f,
    0xf81f, 0xf81f, 0xf81f, 0xf81f, 0xf81f, 0xf81f, 0xf81f, 0xf81f, 0xf81f, 0xf81f, 0xf81f, 0xf81f,
    0xf81f, 0xf81f, 0xf81f, 0xf81f, 0xf81f, 0xf81f, 0xf81f, 0xf81f, 0xf81f, 0xf81f, 0xf81f, 0xf81f,
    0xf81f, 0xf81f, 0xf81f, 0xf81f, 0xf81f, 0xf81f, 0xf81f, 0xf81f, 0xf81f, 0xf81f, 0xf81f, 0xf81f,
    0xf81f, 0xf81f, 0xf81f, 0xf81f, 0xf81f, 0xf81f, 0xf81f, 0xf81f, 0xf81f, 0xf81f, 0xf81f, 0x0000,
    0x2b10, 0x224c, 0x0000, 0x8e19, 0x8e19, 0xffff, 0x0000, 0x1168, 0x2b10, 0x2b10, 0x2b10, 0x2b10,
    0x2b10, 0x2b10, 0x2b10, 0x2b10, 0x2b10, 0x0000, 0x19ea, 0x19ea, 0x19ea, 0x2b10, 0x0000, 0x2b10,
    0x2b10, 0x2b10, 0x2b10, 0x2b10, 0x2b10, 0x2b10, 0x2b10, 0x1168, 0x0000, 0xffff, 0xffff, 0xffff,
    0xbe9c, 0xbe9c, 0x0000, 0x4c56, 0x2b10, 0x0000, 0xf81f, 0xf81f, 0xf81f, 0xf81f, 0xf81f, 0xf81f,
    0xf81f, 0xf81f, 0xf81f, 0xf81f, 0xf81f, 0xf81f, 0xf81f, 0xf81f, 0xf81f, 0xf81f, 0xf81f, 0xf81f,
    0xf81f, 0xf81f, 0xf81f, 0xf81f, 0xf81f, 0xf81f, 0xf81f, 0xf81f, 0xf81f, 0xf81f, 0xf81f, 0xf81f,
    0xf81f, 0xf81f, 0xf81f, 0xf81f, 0xf81f, 0xf81f, 0xf81f, 0xf81f, 0xf81f, 0xf81f, 0xf81f, 0xf81f,
    0xf81f, 0xf81f, 0xf81f, 0xf81f, 0xf81f, 0xf81f, 0xf81f, 0xf81f, 0xf81f, 0xf81f, 0xf81f, 0x0000,
    0x0000, 0x0000, 0x0000, 0x8e19, 0x8e19, 0xffff, 0x0000, 0x2b10, 0x2b10, 0x2b10, 0x2b10, 0x2b10,
    0x0000, 0x0000, 0x0000, 0x0000, 0x0000, 0x0000, 0x0000, 0x19ea, 0x2b10, 0x0000, 0x0000, 0x0000,
    0x2b10, 0x2b10, 0x2b10, 0x2b10, 0x2b10, 0x2b10, 0x2b10, 0x2b10, 0x0000, 0xffff, 0xffff, 0xffff,
    0xbe9c, 0xbe9c, 0x0000, 0x224c, 0x2b10, 0x0000, 0xf81f, 0xf81f, 0xf81f, 0xf81f, 0xf81f, 0xf81f,
    0xf81f, 0xf81f, 0xf81f, 0xf81f, 0xf81f, 0xf81f, 0xf81f, 0xf81f, 0xf81f, 0xf81f, 0xf81f, 0xf81f,
    0xf81f, 0xf81f, 0xf81f, 0xf81f, 0xf81f, 0xf81f, 0xf81f, 0xf81f, 0xf81f, 0xf81f, 0xf81f, 0xf81f,
    0xf81f, 0xf81f, 0xf81f, 0xf81f, 0xf81f, 0xf81f, 0xf81f, 0xf81f, 0xf81f, 0xf81f, 0xf81f, 0xf81f,
    0xf81f, 0xf81f, 0xf81f, 0xf81f, 0xf81f, 0xf81f, 0xf81f, 0xf81f, 0xf81f, 0xf81f, 0xf81f, 0xf81f,
    0xf81f, 0x0000, 0x0000, 0x8e19, 0x8e19, 0xffff, 0x0000, 0x2b10, 0x2b10, 0x2b10, 0x2b10, 0x0000,
    0x0000, 0xffff, 0xffff, 0xffff, 0xffff, 0xffff, 0xffff, 0x0000, 0x0000, 0xffff, 0xffff, 0x0000,
    0x0000, 0x0000, 0x0000, 0x0000, 0x2b10, 0x2b10, 0x2b10, 0x0000, 0x0000, 0xffff, 0xffff, 0xffff,
    0xbe9c, 0xbe9c, 0x0000, 0x0000, 0x0000, 0x0000, 0xf81f, 0xf81f, 0xf81f, 0xf81f, 0xf81f, 0xf81f,
    0xf81f, 0xf81f, 0xf81f, 0xf81f, 0xf81f, 0xf81f, 0xf81f, 0xf81f, 0xf81f, 0xf81f, 0xf81f, 0xf81f,
    0xf81f, 0xf81f, 0xf81f, 0xf81f, 0xf81f, 0xf81f, 0xf81f, 0xf81f, 0xf81f, 0xf81f, 0xf81f, 0xf81f,
    0xf81f, 0xf81f, 0xf81f, 0xf81f, 0xf81f, 0xf81f, 0xf81f, 0xf81f, 0xf81f, 0xf81f, 0xf81f, 0xf81f,
    0xf81f, 0xf81f, 0xf81f, 0xf81f, 0xf81f, 0xf81f, 0xf81f, 0xf81f, 0xf81f, 0xf81f, 0xf81f, 0xf81f,
    0xf81f, 0x0000, 0x0000, 0x8e19, 0xffff, 0xffff, 0x0000, 0x0000, 0x0000, 0x2b10, 0x0000, 0x0000,
    0xffff, 0xffff, 0xffff, 0xffff, 0xffff, 0xffff, 0xffff, 0x0000, 0x6db8, 0x6db8, 0xffff, 0xffff,
    0xbe9c, 0xbe9c, 0xbe9c, 0x0000, 0x0000, 0x0000, 0x2b10, 0x0000, 0xffff, 0xffff, 0xffff, 0xffff,
    0xbe9c, 0xffff, 0x0000, 0xf81f, 0xf81f, 0xf81f, 0xf81f, 0xf81f, 0xf81f, 0xf81f, 0xf81f, 0xf81f,
    0xf81f, 0xf81f, 0xf81f, 0xf81f, 0xf81f, 0xf81f, 0xf81f, 0xf81f, 0xf81f, 0xf81f, 0xf81f, 0xf81f,
    0xf81f, 0xf81f, 0xf81f, 0xf81f, 0xf81f, 0xf81f, 0xf81f, 0xf81f, 0xf81f, 0xf81f, 0xf81f, 0xf81f,
    0xf81f, 0xf81f, 0xf81f, 0xf81f, 0xf81f, 0xf81f, 0xf81f, 0xf81f, 0xf81f, 0xf81f, 0xf81f, 0xf81f,
    0xf81f, 0xf81f, 0xf81f, 0xf81f, 0xf81f, 0xf81f, 0xf81f, 0xf81f, 0xf81f, 0xf81f, 0xf81f, 0xf81f,
    0xf81f, 0xf81f, 0x0000, 0xffff, 0xffff, 0xffff, 0xffff, 0xffff, 0x0000, 0x0000, 0x0000, 0xffff,
    0xffff, 0xffff, 0xffff, 0xffff, 0xffff, 0x0000, 0x0000, 0x0000, 0x0000, 0x6db8, 0xffff, 0xffff,
    0xbe9c, 0xbe9c, 0xbe9c, 0xbe9c, 0xbe9c, 0x0000, 0x0000, 0xffff, 0xffff, 0xffff, 0xffff, 0xbe9c,
    0xffff, 0xffff, 0x0000, 0xf81f, 0xf81f, 0xf81f, 0xf81f, 0xf81f, 0xf81f, 0xf81f, 0xf81f, 0xf81f,
    0xf81f, 0xf81f, 0xf81f, 0xf81f, 0xf81f, 0xf81f, 0xf81f, 0xf81f, 0xf81f, 0xf81f, 0xf81f, 0xf81f,
    0xf81f, 0xf81f, 0xf81f, 0xf81f, 0xf81f, 0xf81f, 0xf81f, 0xf81f, 0xf81f, 0xf81f, 0xf81f, 0xf81f,
    0xf81f, 0xf81f, 0xf81f, 0xf81f, 0xf81f, 0xf81f, 0xf81f, 0xf81f, 0xf81f, 0xf81f, 0xf81f, 0xf81f,
    0xf81f, 0xf81f, 0xf81f, 0xf81f, 0xf81f, 0xf81f, 0xf81f, 0xf81f, 0xf81f, 0xf81f, 0xf81f, 0xf81f,
    0xf81f, 0xf81f, 0x0000, 0xffff, 0xffff, 0xffff, 0xffff, 0xffff, 0x0000, 0xffff, 0xffff, 0xbe9c,
    0xffff, 0xffff, 0xffff, 0xffff, 0xffff, 0x0000, 0x0000, 0x64d4, 0x0000, 0x6db8, 0xffff, 0xffff,
    0xffff, 0xffff, 0xbe9c, 0xbe9c, 0xbe9c, 0xbe9c, 0x0000, 0xffff, 0xffff, 0xffff, 0xffff, 0xbe9c,
    0xffff, 0x0000, 0x0000, 0xf81f, 0xf81f, 0xf81f, 0xf81f, 0xf81f, 0xf81f, 0xf81f, 0xf81f, 0xf81f,
    0xf81f, 0xf81f, 0xf81f, 0xf81f, 0xf81f, 0xf81f, 0xf81f, 0xf81f, 0xf81f, 0xf81f, 0xf81f, 0xf81f,
    0xf81f, 0xf81f, 0xf81f, 0xf81f, 0xf81f, 0xf81f, 0xf81f, 0xf81f, 0xf81f, 0xf81f, 0xf81f, 0xf81f,
    0xf81f, 0xf81f, 0xf81f, 0xf81f, 0xf81f, 0xf81f, 0xf81f, 0xf81f, 0xf81f, 0xf81f, 0xf81f, 0xf81f,
    0xf81f, 0xf81f, 0xf81f, 0xf81f, 0xf81f, 0xf81f, 0xf81f, 0xf81f, 0xf81f, 0xf81f, 0xf81f, 0xf81f,
    0xf81f, 0xf81f, 0x0000, 0xffff, 0xffff, 0xffff, 0xffff, 0xffff, 0x0000, 0xffff, 0xbe9c, 0xbe9c,
    0xffff, 0xffff, 0xffff, 0xffff, 0x64d4, 0x0000, 0x8e19, 0x64d4, 0x0000, 0x0000, 0x0000, 0xffff,
    0xffff, 0xffff, 0xbe9c, 0xbe9c, 0xbe9c, 0xbe9c, 0x0000, 0xffff, 0xffff, 0xbe9c, 0xffff, 0xbe9c,
    0xffff, 0x0000, 0x0000, 0xf81f, 0xf81f, 0xf81f, 0xf81f, 0xf81f, 0xf81f, 0xf81f, 0xf81f, 0xf81f,
    0xf81f, 0xf81f, 0xf81f, 0xf81f, 0xf81f, 0xf81f, 0xf81f, 0xf81f, 0xf81f, 0xf81f, 0xf81f, 0xf81f,
    0xf81f, 0xf81f, 0xf81f, 0xf81f, 0xf81f, 0xf81f, 0xf81f, 0xf81f, 0xf81f, 0xf81f, 0xf81f, 0xf81f,
    0xf81f, 0xf81f, 0xf81f, 0xf81f, 0xf81f, 0xf81f, 0xf81f, 0xf81f, 0xf81f, 0xf81f, 0xf81f, 0xf81f,
    0xf81f, 0xf81f, 0xf81f, 0xf81f, 0xf81f, 0xf81f, 0xf81f, 0xf81f, 0xf81f, 0xf81f, 0xf81f, 0xf81f,
    0x0000, 0x0000, 0x0000, 0xffff, 0xbe9c, 0xffff, 0xffff, 0xffff, 0x0000, 0xbe9c, 0xbe9c, 0xbe9c,
    0xffff, 0xffff, 0xffff, 0x0000, 0x0000, 0x8e19, 0x8e19, 0x64d4, 0x64d4, 0x64d4, 0x0000, 0x0000,
    0xffff, 0xffff, 0xffff, 0xbe9c, 0xbe9c, 0xbe9c, 0x0000, 0xffff, 0xffff, 0xbe9c, 0xffff, 0xffff,
    0xffff, 0x0000, 0x0000, 0x0000, 0xf81f, 0xf81f, 0xf81f, 0xf81f, 0xf81f, 0xf81f, 0xf81f, 0xf81f,
    0xf81f, 0xf81f, 0xf81f, 0xf81f, 0xf81f, 0xf81f, 0xf81f, 0xf81f, 0xf81f, 0xf81f, 0xf81f, 0xf81f,
    0xf81f, 0xf81f, 0xf81f, 0xf81f, 0xf81f, 0xf81f, 0xf81f, 0xf81f, 0xf81f, 0xf81f, 0xf81f, 0xf81f,
    0xf81f, 0xf81f, 0xf81f, 0xf81f, 0xf81f, 0xf81f, 0xf81f, 0xf81f, 0xf81f, 0xf81f, 0xf81f, 0xf81f,
    0xf81f, 0xf81f, 0xf81f, 0xf81f, 0xf81f, 0xf81f, 0xf81f, 0xf81f, 0xf81f, 0xf81f, 0xf81f, 0x0000,
    0x230d, 0x230d, 0x0000, 0x0000, 0xbe9c, 0xbe9c, 0xffff, 0xffff, 0x0000, 0xbe9c, 0xbe9c, 0xbe9c,
    0xffff, 0xffff, 0xffff, 0x0000, 0x8e19, 0x8e19, 0x8e19, 0x8e19, 0x64d4, 0x64d4, 0x64d4, 0x0000,
    0xffff, 0xffff, 0xffff, 0xffff, 0xbe9c, 0xbe9c, 0x0000, 0xffff, 0xffff, 0xbe9c, 0xffff, 0xffff,
    0xffff, 0x0000, 0xffff, 0x0000, 0x0000, 0x0000, 0xf81f, 0xf81f, 0xf81f, 0xf81f, 0xf81f, 0xf81f,
    0xf81f, 0xf81f, 0xf81f, 0xf81f, 0xf81f, 0xf81f, 0xf81f, 0xf81f, 0xf81f, 0xf81f, 0xf81f, 0xf81f,
    0xf81f, 0xf81f, 0xf81f, 0xf81f, 0xf81f, 0xf81f, 0xf81f, 0xf81f, 0xf81f, 0xf81f, 0xf81f, 0xf81f,
    0xf81f, 0xf81f, 0xf81f, 0xf81f, 0xf81f, 0xf81f, 0xf81f, 0xf81f, 0xf81f, 0xf81f, 0xf81f, 0xf81f,
    0xf81f, 0xf81f, 0xf81f, 0xf81f, 0xf81f, 0xf81f, 0xf81f, 0xf81f, 0xf81f, 0x0000, 0x0000, 0x0000,
    0x230d, 0x230d, 0x0000, 0x0000, 0x8e19, 0xbe9c, 0xffff, 0xffff, 0x0000, 0xbe9c, 0xbe9c, 0xbe9c,
    0xbe9c, 0x0000, 0x0000, 0x8e19, 0x8e19, 0x8e19, 0x8e19, 0x8e19, 0x8e19, 0x8e19, 0x64d4, 0x64d4,
    0x0000, 0xffff, 0xffff, 0xbe9c, 0xbe9c, 0xbe9c, 0x0000, 0xffff, 0xffff, 0xbe9c, 0xbe9c, 0xffff,
    0x0000, 0x0000, 0xffff, 0xffff, 0x0000, 0x0000, 0x0000, 0xf81f, 0xf81f, 0xf81f, 0xf81f, 0xf81f,
    0xf81f, 0xf81f, 0xf81f, 0xf81f, 0xf81f, 0xf81f, 0xf81f, 0xf81f, 0xf81f, 0xf81f, 0xf81f, 0xf81f,
    0xf81f, 0xf81f, 0xf81f, 0xf81f, 0xf81f, 0xf81f, 0xf81f, 0xf81f, 0xf81f, 0xf81f, 0xf81f, 0xf81f,
    0xf81f, 0xf81f, 0xf81f, 0xf81f, 0xf81f, 0xf81f, 0xf81f, 0xf81f, 0xf81f, 0xf81f, 0xf81f, 0xf81f,
    0xf81f, 0xf81f, 0xf81f, 0xf81f, 0xf81f, 0xf81f, 0xf81f, 0xf81f, 0xf81f, 0x0000, 0x0000, 0x6db8,
    0x6db8, 0x230d, 0x0000, 0x0000, 0xbe9c, 0xbe9c, 0xffff, 0xffff, 0x0000, 0x0000, 0x0000, 0x0000,
    0x0000, 0x8e19, 0x8e19, 0x8e19, 0xffff, 0xffff, 0xffff, 0x8e19, 0x8e19, 0x8e19, 0x8e19, 0x8e19,
    0x0000, 0x0000, 0x0000, 0x0000, 0x0000, 0x0000, 0x0000, 0xffff, 0xffff, 0xbe9c, 0xffff, 0xffff,
    0x0000, 0xffff, 0xffff, 0x6db8, 0x6db8, 0x6db8, 0x8537, 0x0000, 0xf81f, 0xf81f, 0xf81f, 0xf81f,
    0xf81f, 0xf81f, 0xf81f, 0xf81f, 0xf81f, 0xf81f, 0xf81f, 0xf81f, 0xf81f, 0xf81f, 0xf81f, 0xf81f,
    0xf81f, 0xf81f, 0xf81f, 0xf81f, 0xf81f, 0xf81f, 0xf81f, 0xf81f, 0xf81f, 0xf81f, 0xf81f, 0xf81f,
    0xf81f, 0xf81f, 0xf81f, 0xf81f, 0xf81f, 0xf81f, 0xf81f, 0xf81f, 0xf81f, 0xf81f, 0xf81f, 0xf81f,
    0xf81f, 0xf81f, 0xf81f, 0xf81f, 0xf81f, 0xf81f, 0xf81f, 0xf81f, 0x0000, 0xffff, 0xffff, 0x6db8,
    0x6db8, 0x230d, 0x0000, 0x0000, 0xffff, 0xbe9c, 0xffff, 0xffff, 0xffff, 0xffff, 0xffff, 0xffff,
    0xffff, 0xffff, 0xffff, 0xffff, 0xffff, 0xffff, 0xffff, 0xffff, 0x8e19, 0x8e19, 0x8e19, 0x8e19,
    0x8e19, 0x8e19, 0x8e19, 0x8e19, 0x8e19, 0xffff, 0xffff, 0xffff, 0xffff, 0xbe9c, 0xffff, 0x0000,
    0x0000, 0xffff, 0x6db8, 0x6db8, 0x6db8, 0x6db8, 0x6db8, 0x0000, 0xf81f, 0xf81f, 0xf81f, 0xf81f,
    0xf81f, 0xf81f, 0xf81f, 0xf81f, 0xf81f, 0xf81f, 0xf81f, 0xf81f, 0xf81f, 0xf81f, 0xf81f, 0xf81f,
    0xf81f, 0xf81f, 0xf81f, 0xf81f, 0xf81f, 0xf81f, 0xf81f, 0xf81f, 0xf81f, 0xf81f, 0xf81f, 0xf81f,
    0xf81f, 0xf81f, 0xf81f, 0xf81f, 0xf81f, 0xf81f, 0xf81f, 0xf81f, 0xf81f, 0xf81f, 0xf81f, 0xf81f,
    0xf81f, 0xf81f, 0xf81f, 0xf81f, 0xf81f, 0xf81f, 0xf81f, 0xf81f, 0x0000, 0xffff, 0xffff, 0x6db8,
    0x6db8, 0x230d, 0x0000, 0x0000, 0xffff, 0xbe9c, 0xffff, 0xffff, 0xffff, 0xffff, 0xffff, 0xffff,
    0xffff, 0xffff, 0xffff, 0xffff, 0xffff, 0xffff, 0xffff, 0xffff, 0xffff, 0x8e19, 0x8e19, 0x8e19,
    0x8e19, 0x8e19, 0x8e19, 0x8e19, 0x8e19, 0x8e19, 0x8e19, 0xffff, 0xffff, 0xbe9c, 0xffff, 0x0000,
    0xffff, 0xffff, 0xbe9c, 0xbe9c, 0xbe9c, 0xbe9c, 0x6db8, 0x0000, 0x0000, 0xf81f, 0xf81f, 0xf81f,
    0xf81f, 0xf81f, 0xf81f, 0xf81f, 0xf81f, 0xf81f, 0xf81f, 0xf81f, 0xf81f, 0xf81f, 0xf81f, 0xf81f,
    0xf81f, 0xf81f, 0xf81f, 0xf81f, 0xf81f, 0xf81f, 0xf81f, 0xf81f, 0xf81f, 0xf81f, 0xf81f, 0xf81f,
    0xf81f, 0xf81f, 0xf81f, 0xf81f, 0xf81f, 0xf81f, 0xf81f, 0xf81f, 0xf81f, 0xf81f, 0xf81f, 0xf81f,
    0xf81f, 0xf81f, 0xf81f, 0xf81f, 0xf81f, 0xf81f, 0xf81f, 0x0000, 0x0000, 0xffff, 0xffff, 0x6db8,
    0x6db8, 0x230d, 0x230d, 0x0000, 0xffff, 0xffff, 0xffff, 0xffff, 0xffff, 0xffff, 0xffff, 0xffff,
    0xffff, 0xffff, 0xffff, 0xffff, 0xffff, 0xffff, 0xffff, 0xffff, 0xffff, 0xffff, 0xffff, 0xffff,
    0x8e19, 0x8e19, 0x8e19, 0x8e19, 0x8e19, 0x8e19, 0xffff, 0xffff, 0xbe9c, 0x6db8, 0xffff, 0x0000,
    0xffff, 0xbe9c, 0xbe9c, 0xbe9c, 0xbe9c, 0xbe9c, 0xbe9c, 0xffff, 0x0000, 0xf81f, 0xf81f, 0xf81f,
    0xf81f, 0xf81f, 0xf81f, 0xf81f, 0xf81f, 0xf81f, 0xf81f, 0xf81f, 0xf81f, 0xf81f, 0xf81f, 0xf81f,
    0xf81f, 0xf81f, 0xf81f, 0xf81f, 0xf81f, 0xf81f, 0xf81f, 0xf81f, 0xf81f, 0xf81f, 0xf81f, 0xf81f,
    0xf81f, 0xf81f, 0xf81f, 0xf81f, 0xf81f, 0xf81f, 0xf81f, 0xf81f, 0xf81f, 0xf81f, 0xf81f, 0xf81f,
    0xf81f, 0xf81f, 0xf81f, 0xf81f, 0xf81f, 0xf81f, 0xf81f, 0x0000, 0x0000, 0xffff, 0xffff, 0xffff,
    0x8537, 0x230d, 0x230d, 0x0000, 0xffff, 0xffff, 0xffff, 0xffff, 0xffff, 0xffff, 0xffff, 0xffff,
    0xffff, 0xffff, 0xffff, 0xffff, 0xffff, 0xffff, 0xffff, 0xffff, 0xffff, 0xffff, 0xffff, 0xffff,
    0xffff, 0xffff, 0xffff, 0xffff, 0xffff, 0xffff, 0xffff, 0xffff, 0x6db8, 0x6db8, 0x0000, 0xffff,
    0xffff, 0xbe9c, 0xbe9c, 0xbe9c, 0xbe9c, 0xffff, 0xffff, 0xffff, 0xffff, 0x0000, 0xf81f, 0xf81f,
    0xf81f, 0xf81f, 0xf81f, 0xf81f, 0xf81f, 0xf81f, 0xf81f, 0xf81f, 0xf81f, 0xf81f, 0xf81f, 0xf81f,
    0xf81f, 0xf81f, 0xf81f, 0xf81f, 0xf81f, 0xf81f, 0xf81f, 0xf81f, 0xf81f, 0xf81f, 0xf81f, 0xf81f,
    0xf81f, 0xf81f, 0xf81f, 0xf81f, 0xf81f, 0xf81f, 0xf81f, 0xf81f, 0xf81f, 0xf81f, 0xf81f, 0xf81f,
    0xf81f, 0xf81f, 0xf81f, 0xf81f, 0xf81f, 0xf81f, 0xf81f, 0x0000, 0x0000, 0xffff, 0xffff, 0xffff,
    0x8537, 0x6db8, 0x230d, 0x0000, 0xffff, 0x0000, 0xffff, 0xffff, 0xffff, 0xffff, 0xffff, 0xffff,
    0xffff, 0xffff, 0xffff, 0xffff, 0xffff, 0xffff, 0xffff, 0xffff, 0xffff, 0xffff, 0xffff, 0xffff,
    0xffff, 0xffff, 0xffff, 0xffff, 0xffff, 0xffff, 0xbe9c, 0xbe9c, 0x6db8, 0x0000, 0x0000, 0xffff,
    0x8537, 0xffff, 0xffff, 0xffff, 0xffff, 0xffff, 0xffff, 0xffff, 0xffff, 0x0000, 0xf81f, 0xf81f,
    0xf81f, 0xf81f, 0xf81f, 0xf81f, 0xf81f, 0xf81f, 0xf81f, 0xf81f, 0xf81f, 0xf81f, 0xf81f, 0xf81f,
    0xf81f, 0xf81f, 0xf81f, 0xf81f, 0xf81f, 0xf81f, 0xf81f, 0xf81f, 0xf81f, 0xf81f, 0xf81f, 0xf81f,
    0xf81f, 0xf81f, 0xf81f, 0xf81f, 0xf81f, 0xf81f, 0xf81f, 0xf81f, 0xf81f, 0xf81f, 0xf81f, 0xf81f,
    0xf81f, 0xf81f, 0xf81f, 0xf81f, 0xf81f, 0xf81f, 0xf81f, 0x0000, 0xffff, 0xffff, 0xffff, 0xbe9c,
    0x8537, 0x6db8, 0x230d, 0x0000, 0x0000, 0x0000, 0xffff, 0xffff, 0xffff, 0xffff, 0xffff, 0xffff,
    0xffff, 0xffff, 0xffff, 0xffff, 0xffff, 0xffff, 0xffff, 0xffff, 0xffff, 0xffff, 0xffff, 0xffff,
    0xffff, 0xffff, 0xffff, 0xffff, 0xffff, 0xbe9c, 0xbe9c, 0x6db8, 0x6db8, 0x0000, 0x0000, 0x8537,
    0x8537, 0xffff, 0xffff, 0xffff, 0xffff, 0xffff, 0xffff, 0xffff, 0xffff, 0x0000, 0x0000, 0xf81f,
    0xf81f, 0xf81f, 0xf81f, 0xf81f, 0xf81f, 0xf81f, 0xf81f, 0xf81f, 0xf81f, 0xf81f, 0xf81f, 0xf81f,
    0xf81f, 0xf81f, 0xf81f, 0xf81f, 0xf81f, 0xf81f, 0xf81f, 0xf81f, 0xf81f, 0xf81f, 0xf81f, 0xf81f,
    0xf81f, 0xf81f, 0xf81f, 0xf81f, 0xf81f, 0xf81f, 0xf81f, 0xf81f, 0xf81f, 0xf81f, 0xf81f, 0xf81f,
    0xf81f, 0xf81f, 0xf81f, 0xf81f, 0xf81f, 0xf81f, 0x0000, 0x0000, 0xffff, 0xffff, 0xffff, 0xbe9c,
    0x8537, 0x6db8, 0x230d, 0x0000, 0x0000, 0x1168, 0x0000, 0xffff, 0xffff, 0xffff, 0xffff, 0xffff,
    0xffff, 0xffff, 0xffff, 0xffff, 0xffff, 0xffff, 0xffff, 0xffff, 0xffff, 0xffff, 0xffff, 0xffff,
    0xffff, 0xffff, 0xffff, 0xffff, 0xffff, 0xbe9c, 0xbe9c, 0x6db8, 0x0000, 0x0000, 0xffff, 0x8537,
    0x8537, 0xffff, 0xffff, 0xffff, 0xffff, 0xffff, 0xffff, 0xffff, 0xffff, 0xffff, 0x0000, 0xf81f,
    0xf81f, 0xf81f, 0xf81f, 0xf81f, 0xf81f, 0xf81f, 0xf81f, 0xf81f, 0xf81f, 0xf81f, 0xf81f, 0xf81f,
    0xf81f, 0xf81f, 0xf81f, 0xf81f, 0xf81f, 0xf81f, 0xf81f, 0xf81f, 0xf81f, 0xf81f, 0xf81f, 0xf81f,
    0xf81f, 0xf81f, 0xf81f, 0xf81f, 0xf81f, 0xf81f, 0xf81f, 0xf81f, 0xf81f, 0xf81f, 0xf81f, 0xf81f,
    0xf81f, 0xf81f, 0xf81f, 0xf81f, 0xf81f, 0xf81f, 0x0000, 0xffff, 0xffff, 0xffff, 0xffff, 0xbe9c,
    0x8537, 0x230d, 0x230d, 0x0000, 0x0000, 0x1168, 0x0000, 0x0000, 0xffff, 0xffff, 0xffff, 0xffff,
    0xffff, 0xffff, 0xffff, 0xffff, 0xffff, 0xffff, 0xffff, 0xffff, 0xffff, 0xffff, 0xffff, 0xffff,
    0xffff, 0xffff, 0xffff, 0xffff, 0xbe9c, 0xbe9c, 0x6db8, 0x6db8, 0x0000, 0xffff, 0x8537, 0x8537,
    0xffff, 0xffff, 0xffff, 0xffff, 0xffff, 0xffff, 0xffff, 0xffff, 0xffff, 0xffff, 0x0000, 0xf81f,
    0xf81f, 0xf81f, 0xf81f, 0xf81f, 0xf81f, 0xf81f, 0xf81f, 0xf81f, 0xf81f, 0xf81f, 0xf81f, 0xf81f,
    0xf81f, 0xf81f, 0xf81f, 0xf81f, 0xf81f, 0xf81f, 0xf81f, 0xf81f, 0xf81f, 0xf81f, 0xf81f, 0xf81f,
    0xf81f, 0xf81f, 0xf81f, 0xf81f, 0xf81f, 0xf81f, 0xf81f, 0xf81f, 0xf81f, 0xf81f, 0xf81f, 0xf81f,
    0xf81f, 0xf81f, 0xf81f, 0xf81f, 0xf81f, 0xf81f, 0x0000, 0xffff, 0xffff, 0xffff, 0xbe9c, 0xbe9c,
    0x6db8, 0x230d, 0x230d, 0x0000, 0x2b10, 0x2b10, 0x1168, 0x0000, 0xffff, 0xffff, 0xffff, 0xffff,
    0xffff, 0xffff, 0xffff, 0xffff, 0xffff, 0xffff, 0xffff, 0xffff, 0xffff, 0xffff, 0xffff, 0xffff,
    0xffff, 0xffff, 0xffff, 0xbe9c, 0xbe9c, 0x6db8, 0x6db8, 0x0000, 0x0000, 0xbe9c, 0x8537, 0xffff,
    0xffff, 0xffff, 0xffff, 0xffff, 0xffff, 0xffff, 0xffff, 0xffff, 0xffff, 0xffff, 0x0000, 0xf81f,
    0xf81f, 0xf81f, 0xf81f, 0xf81f, 0xf81f, 0xf81f, 0xf81f, 0xf81f, 0xf81f, 0xf81f, 0xf81f, 0xf81f,
    0xf81f, 0xf81f, 0xf81f, 0xf81f, 0xf81f, 0xf81f, 0xf81f, 0xf81f, 0xf81f, 0xf81f, 0xf81f, 0xf81f,
    0xf81f, 0xf81f, 0xf81f, 0xf81f, 0xf81f, 0xf81f, 0xf81f, 0xf81f, 0xf81f, 0xf81f, 0xf81f, 0xf81f,
    0xf81f, 0xf81f, 0xf81f, 0xf81f, 0xf81f, 0x0000, 0x0000, 0xffff, 0xffff, 0xffff, 0xbe9c, 0xbe9c,
    0x6db8, 0x6db8, 0x230d, 0x0000, 0x2b10, 0x2b10, 0x2b10, 0x0000, 0x0000, 0xffff, 0xffff, 0xffff,
    0xffff, 0xffff, 0xffff, 0xffff, 0xffff, 0xffff, 0xffff, 0xffff, 0xffff, 0xffff, 0xffff, 0xffff,
    0xffff, 0xffff, 0xbe9c, 0xbe9c, 0x6db8, 0x6db8, 0x0000, 0x0000, 0x0000, 0x8537, 0x8537, 0xffff,
    0xffff, 0xffff, 0xffff, 0xffff, 0xffff, 0xffff, 0xffff, 0xffff, 0xffff, 0xffff, 0x0000, 0xf81f,
    0xf81f, 0xf81f, 0xf81f, 0xf81f, 0xf81f, 0xf81f, 0xf81f, 0xf81f, 0xf81f, 0xf81f, 0xf81f, 0xf81f,
    0xf81f, 0xf81f, 0xf81f, 0xf81f, 0xf81f, 0xf81f, 0xf81f, 0xf81f, 0xf81f, 0xf81f, 0xf81f, 0xf81f,
    0xf81f, 0xf81f, 0xf81f, 0xf81f, 0xf81f, 0xf81f, 0xf81f, 0xf81f, 0xf81f, 0xf81f, 0xf81f, 0xf81f,
    0xf81f, 0xf81f, 0xf81f, 0xf81f, 0xf81f, 0x0000, 0xffff, 0xffff, 0xffff, 0xffff, 0xbe9c, 0xbe9c,
    0x6db8, 0x6db8, 0x0000, 0x0000, 0x2b10, 0x2b10, 0x2b10, 0x1168, 0x0000, 0x0000, 0xffff, 0xffff,
    0xffff, 0xffff, 0xffff, 0xffff, 0xffff, 0xffff, 0xffff, 0xffff, 0xffff, 0xffff, 0xffff, 0xffff,
    0xbe9c, 0xbe9c, 0xbe9c, 0x6db8, 0x6db8, 0x0000, 0x0000, 0x0000, 0x0000, 0xffff, 0xffff, 0xffff,
    0xffff, 0xffff, 0xffff, 0xffff, 0xffff, 0xffff, 0xffff, 0xffff, 0xffff, 0xffff, 0xffff, 0x0000,
    0xf81f, 0xf81f, 0xf81f, 0xf81f, 0xf81f, 0xf81f, 0xf81f, 0xf81f, 0xf81f, 0xf81f, 0xf81f, 0xf81f,
    0xf81f, 0xf81f, 0xf81f, 0xf81f, 0xf81f, 0xf81f, 0xf81f, 0xf81f, 0xf81f, 0xf81f, 0xf81f, 0xf81f,
    0xf81f, 0xf81f, 0xf81f, 0xf81f, 0xf81f, 0xf81f, 0xf81f, 0xf81f, 0xf81f, 0xf81f, 0xf81f, 0xf81f,
    0xf81f, 0xf81f, 0xf81f, 0xf81f, 0xf81f, 0x0000, 0xffff, 0xffff, 0xffff, 0xbe9c, 0xbe9c, 0x8537,
    0x6db8, 0x6db8, 0x0000, 0xffff, 0x0000, 0x2b10, 0x2b10, 0x2b10, 0x1168, 0x1168, 0x0000, 0xffff,
    0xffff, 0xffff, 0xffff, 0xffff, 0xffff, 0xffff, 0xffff, 0xffff, 0xffff, 0xffff, 0xffff, 0xbe9c,
    0xbe9c, 0x6db8, 0x6db8, 0x6db8, 0x6db8, 0x0000, 0x1168, 0x0000, 0x0000, 0xffff, 0xffff, 0xffff,
    0xffff, 0xffff, 0xffff, 0xffff, 0xffff, 0xffff, 0xffff, 0xffff, 0xffff, 0xffff, 0xffff, 0x0000,
    0xf81f, 0xf81f, 0xf81f, 0xf81f, 0xf81f, 0xf81f, 0xf81f, 0xf81f, 0xf81f, 0xf81f, 0xf81f, 0xf81f,
    0xf81f, 0xf81f, 0xf81f, 0xf81f, 0xf81f, 0xf81f, 0xf81f, 0xf81f, 0xf81f, 0xf81f, 0xf81f, 0xf81f,
    0xf81f, 0xf81f, 0xf81f, 0xf81f, 0xf81f, 0xf81f, 0xf81f, 0xf81f, 0xf81f, 0xf81f, 0xf81f, 0xf81f,
    0xf81f, 0xf81f, 0xf81f, 0xf81f, 0x0000, 0x0000, 0xffff, 0xffff, 0xffff, 0xbe9c, 0xbe9c, 0x6db8,
    0x6db8, 0x8537, 0x0000, 0xffff, 0x0000, 0x2b10, 0x2b10, 0x4c56, 0x0000, 0x1168, 0x0000, 0x0000,
    0xffff, 0xffff, 0xffff, 0xffff, 0xffff, 0xffff, 0xffff, 0xffff, 0xffff, 0xffff, 0xbe9c, 0x6db8,
    0x6db8, 0x6db8, 0x6db8, 0x6db8, 0x0000, 0x1168, 0x1168, 0x0000, 0x0000, 0xffff, 0xffff, 0xffff,
    0xffff, 0xffff, 0xffff, 0xffff, 0xffff, 0xffff, 0xffff, 0xffff, 0xffff, 0xffff, 0xffff, 0x0000,
    0xf81f, 0xf81f, 0xf81f, 0xf81f, 0xf81f, 0xf81f, 0xf81f, 0xf81f, 0xf81f, 0xf81f, 0xf81f, 0xf81f,
    0xf81f, 0xf81f, 0xf81f, 0xf81f, 0xf81f, 0xf81f, 0xf81f, 0xf81f, 0xf81f, 0xf81f, 0xf81f, 0xf81f,
    0xf81f, 0xf81f, 0xf81f, 0xf81f, 0xf81f, 0xf81f, 0xf81f, 0xf81f, 0xf81f, 0xf81f, 0xf81f, 0xf81f,
    0xf81f, 0xf81f, 0xf81f, 0xf81f, 0x0000, 0xffff, 0xffff, 0xffff, 0xffff, 0xbe9c, 0xbe9c, 0x6db8,
    0x6db8, 0x0000, 0x0000, 0xffff, 0x0000, 0x2b10, 0x2b10, 0x4c56, 0x4c56, 0x1168, 0x1168, 0x0000,
    0x0000, 0xffff, 0xffff, 0xffff, 0xffff, 0xffff, 0xffff, 0xffff, 0xffff, 0xbe9c, 0xbe9c, 0x6db8,
    0x6db8, 0x6db8, 0x6db8, 0x0000, 0x0000, 0x1168, 0x0000, 0x8e19, 0x0000, 0xffff, 0xffff, 0xffff,
    0xffff, 0xffff, 0xffff, 0xffff, 0xffff, 0xffff, 0xffff, 0xffff, 0xffff, 0xffff, 0xffff, 0x0000,
    0xf81f, 0xf81f, 0xf81f, 0xf81f, 0xf81f, 0xf81f, 0xf81f, 0xf81f, 0xf81f, 0xf81f, 0xf81f, 0xf81f,
    0xf81f, 0xf81f, 0xf81f, 0xf81f, 0xf81f, 0xf81f, 0xf81f, 0xf81f, 0xf81f, 0xf81f, 0xf81f, 0xf81f,
    0xf81f, 0xf81f, 0xf81f, 0xf81f, 0xf81f, 0xf81f, 0xf81f, 0xf81f, 0xf81f, 0xf81f, 0xf81f, 0xf81f,
    0xf81f, 0xf81f, 0xf81f, 0xf81f, 0x0000, 0xffff, 0xffff, 0xffff, 0xbe9c, 0xbe9c, 0x8537, 0x6db8,
    0x6db8, 0x0000, 0xffff, 0xffff, 0xffff, 0x0000, 0x2b10, 0x2b10, 0x4c56, 0x4c56, 0x1168, 0x1168,
    0x1168, 0xffff, 0xffff, 0xffff, 0xffff, 0xffff, 0xffff, 0xffff, 0xbe9c, 0xbe9c, 0x6db8, 0x6db8,
    0x6db8, 0x6db8, 0x0000, 0x1168, 0x1168, 0x1168, 0x0000, 0x8e19, 0x0000, 0xffff, 0xffff, 0xffff,
    0xffff, 0xffff, 0xffff, 0xffff, 0xffff, 0xffff, 0xffff, 0xffff, 0xffff, 0xffff, 0xffff, 0xffff,
    0x0000, 0xf81f, 0xf81f, 0xf81f, 0xf81f, 0xf81f, 0xf81f, 0xf81f, 0xf81f, 0xf81f, 0xf81f, 0xf81f,
    0xf81f, 0xf81f, 0xf81f, 0xf81f, 0xf81f, 0xf81f, 0xf81f, 0xf81f, 0xf81f, 0xf81f, 0xf81f, 0xf81f,
    0xf81f, 0xf81f, 0xf81f, 0xf81f, 0xf81f, 0xf81f, 0xf81f, 0xf81f, 0xf81f, 0xf81f, 0xf81f, 0xf81f,
    0xf81f, 0xf81f, 0xf81f, 0xf81f, 0x0000, 0xffff, 0xffff, 0xffff, 0xbe9c, 0xbe9c, 0x6db8, 0x6db8,
    0x6db8, 0x0000, 0xffff, 0xffff, 0xffff, 0x0000, 0x0000, 0x2b10, 0x2b10, 0x4c56, 0x4c56, 0x1168,
    0x1168, 0x0000, 0xffff, 0xffff, 0xffff, 0xffff, 0xffff, 0xffff, 0xbe9c, 0xbe9c, 0x6db8, 0x6db8,
    0x6db8, 0x6db8, 0x0000, 0x1168, 0x1168, 0x0000, 0xffff, 0x8e19, 0x0000, 0xffff, 0xffff, 0xffff,
    0xffff, 0xffff, 0xffff, 0xffff, 0xffff, 0xffff, 0xffff, 0xffff, 0xffff, 0x6db8, 0xffff, 0xffff,
    0x0000, 0xf81f, 0xf81f, 0xf81f, 0xf81f, 0xf81f, 0xf81f, 0xf81f, 0xf81f, 0xf81f, 0xf81f, 0xf81f,
    0xf81f, 0xf81f, 0xf81f, 0xf81f, 0xf81f, 0xf81f, 0xf81f, 0xf81f, 0xf81f, 0xf81f, 0xf81f, 0xf81f,
    0xf81f, 0xf81f, 0xf81f, 0xf81f, 0xf81f, 0xf81f, 0xf81f, 0xf81f, 0xf81f, 0xf81f, 0xf81f, 0xf81f,
    0xf81f, 0xf81f, 0xf81f, 0x0000, 0xffff, 0xffff, 0xffff, 0xffff, 0xbe9c, 0x6db8, 0x6db8, 0x6db8,
    0x0000, 0x0000, 0xffff, 0xffff, 0xffff, 0xffff, 0x0000, 0x0000, 0x2b10, 0x4c56, 0x4c56, 0x4c56,
    0x1168, 0x0000, 0x0000, 0xffff, 0xffff, 0xffff, 0xffff, 0xffff, 0xbe9c, 0xbe9c, 0x6db8, 0x6db8,
    0x6db8, 0x0000, 0x1168, 0x1168, 0x0000, 0x0000, 0x8e19, 0x8e19, 0x0000, 0xffff, 0xffff, 0xffff,
    0xffff, 0xffff, 0xffff, 0xffff, 0xffff, 0xffff, 0xffff, 0xffff, 0xffff, 0x6db8, 0xffff, 0xffff,
    0x0000, 0xf81f, 0xf81f, 0xf81f, 0xf81f, 0xf81f, 0xf81f, 0xf81f, 0xf81f, 0xf81f, 0xf81f, 0xf81f,
    0xf81f, 0xf81f, 0xf81f, 0xf81f, 0xf81f, 0xf81f, 0xf81f, 0xf81f, 0xf81f, 0xf81f, 0xf81f, 0xf81f,
    0xf81f, 0xf81f, 0xf81f, 0xf81f, 0xf81f, 0xf81f, 0xf81f, 0xf81f, 0xf81f, 0xf81f, 0xf81f, 0xf81f,
    0xf81f, 0xf81f, 0xf81f, 0x0000, 0xffff, 0xffff, 0xffff, 0xffff, 0xbe9c, 0x6db8, 0x6db8, 0x6db8,
    0x0000, 0xffff, 0xffff, 0xffff, 0xffff, 0xffff, 0xffff, 0x0000, 0x0000, 0x2b10, 0x4c56, 0x4c56,
    0x4c56, 0x1168, 0x0000, 0x0000, 0xffff, 0xffff, 0xffff, 0xffff, 0xbe9c, 0xbe9c, 0x6db8, 0x0000,
    0x0000, 0x0000, 0x1168, 0x0000, 0x0000, 0xffff, 0x8e19, 0x0000, 0x0000, 0xffff, 0xffff, 0xffff,
    0xffff, 0xffff, 0xffff, 0xffff, 0xffff, 0xffff, 0xffff, 0xffff, 0xffff, 0x6db8, 0xbe9c, 0xffff,
    0x0000, 0xf81f, 0xf81f, 0xf81f, 0xf81f, 0xf81f, 0xf81f, 0xf81f, 0xf81f, 0xf81f, 0xf81f, 0xf81f,
    0xf81f, 0xf81f, 0xf81f, 0xf81f, 0xf81f, 0xf81f, 0xf81f, 0xf81f, 0xf81f, 0xf81f, 0xf81f, 0xf81f,
    0xf81f, 0xf81f, 0xf81f, 0xf81f, 0xf81f, 0xf81f, 0xf81f, 0xf81f, 0xf81f, 0xf81f, 0xf81f, 0xf81f,
    0xf81f, 0xf81f, 0x0000, 0x0000, 0xffff, 0xffff, 0xffff, 0xffff, 0xbe9c, 0x6db8, 0x6db8, 0x6db8,
    0x0000, 0xffff, 0xffff, 0xffff, 0xffff, 0xffff, 0xffff, 0xffff, 0x0000, 0x0000, 0x2b10, 0x4c56,
    0x4c56, 0x4c56, 0x1168, 0x0000, 0x0000, 0xffff, 0xffff, 0xffff, 0xbe9c, 0xbe9c, 0x0000, 0x0000,
    0x1168, 0x1168, 0x0000, 0x0000, 0xffff, 0x8e19, 0x8e19, 0x0000, 0x0000, 0xffff, 0xffff, 0xffff,
    0xffff, 0xffff, 0xffff, 0xffff, 0xffff, 0xffff, 0xffff, 0xffff, 0xffff, 0x6db8, 0xbe9c, 0xffff,
    0x0000, 0x0000, 0xf81f, 0xf81f, 0xf81f, 0xf81f, 0xf81f, 0xf81f, 0xf81f, 0xf81f, 0xf81f, 0xf81f,
    0xf81f, 0xf81f, 0xf81f, 0xf81f, 0xf81f, 0xf81f, 0xf81f, 0xf81f, 0xf81f, 0xf81f, 0xf81f, 0xf81f,
    0xf81f, 0xf81f, 0xf81f, 0xf81f, 0xf81f, 0xf81f, 0xf81f, 0xf81f, 0xf81f, 0xf81f, 0xf81f, 0xf81f,
    0xf81f, 0xf81f, 0x0000, 0xffff, 0xffff, 0xffff, 0xffff, 0xffff, 0x8537, 0x6db8, 0x6db8, 0x6db8,
    0x0000, 0xffff, 0xffff, 0xffff, 0xffff, 0xffff, 0xffff, 0xffff, 0xffff, 0x0000, 0x0000, 0x2b10,
    0x2b10, 0x2b10, 0x1168, 0x1168, 0x0000, 0x0000, 0x0000, 0x0000, 0x0000, 0x0000, 0x1168, 0x1168,
    0x1168, 0x0000, 0x0000, 0xffff, 0xbe9c, 0xbe9c, 0x8e19, 0x0000, 0xffff, 0xffff, 0xffff, 0xffff,
    0xffff, 0xffff, 0xffff, 0xffff, 0xffff, 0xffff, 0xffff, 0xffff, 0xffff, 0x6db8, 0xbe9c, 0xffff,
    0xffff, 0x0000, 0xf81f, 0xf81f, 0xf81f, 0xf81f, 0xf81f, 0xf81f, 0xf81f, 0xf81f, 0xf81f, 0xf81f,
    0xf81f, 0xf81f, 0xf81f, 0xf81f, 0xf81f, 0xf81f, 0xf81f, 0xf81f, 0xf81f, 0xf81f, 0xf81f, 0xf81f,
    0xf81f, 0xf81f, 0xf81f, 0xf81f, 0xf81f, 0xf81f, 0xf81f, 0xf81f, 0xf81f, 0xf81f, 0xf81f, 0xf81f,
    0xf81f, 0xf81f, 0x0000, 0xffff, 0xffff, 0xffff, 0xffff, 0xbe9c, 0x8537, 0x6db8, 0x6db8, 0x0000,
    0x0000, 0xffff, 0xffff, 0xffff, 0xffff, 0xffff, 0xffff, 0xffff, 0xffff, 0xffff, 0x0000, 0x0000,
    0x2b10, 0x4c56, 0x2b10, 0x1168, 0x1168, 0x1168, 0x1168, 0x1168, 0x1168, 0x1168, 0x1168, 0x2b10,
    0x0000, 0x0000, 0xffff, 0xffff, 0xbe9c, 0x8e19, 0x0000, 0xffff, 0xffff, 0xffff, 0xffff, 0xffff,
    0xffff, 0xffff, 0xffff, 0xffff, 0xffff, 0xffff, 0xffff, 0xffff, 0xffff, 0x6db8, 0xbe9c, 0xffff,
    0xffff, 0x0000, 0xf81f, 0xf81f, 0xf81f, 0xf81f, 0xf81f, 0xf81f, 0xf81f, 0xf81f, 0xf81f, 0xf81f,
    0xf81f, 0xf81f, 0xf81f, 0xf81f, 0xf81f, 0xf81f, 0xf81f, 0xf81f, 0xf81f, 0xf81f, 0xf81f, 0xf81f,
    0xf81f, 0xf81f, 0xf81f, 0xf81f, 0xf81f, 0xf81f, 0xf81f, 0xf81f, 0xf81f, 0xf81f, 0xf81f, 0xf81f,
    0xf81f, 0xf81f, 0x0000, 0xffff, 0xffff, 0xffff, 0xffff, 0xbe9c, 0x8537, 0x6db8, 0x6db8, 0x0000,
    0xffff, 0xffff, 0xffff, 0xffff, 0xffff, 0xbe9c, 0xffff, 0xbe9c, 0xffff, 0xffff, 0xffff, 0x0000,
    0x0000, 0x4c56, 0x4c56, 0x4c56, 0x2b10, 0x2b10, 0x2b10, 0x4c56, 0x4c56, 0x4c56, 0x0000, 0x0000,
    0x0000, 0xffff, 0xffff, 0xbe9c, 0xbe9c, 0x8e19, 0x0000, 0xffff, 0xffff, 0xffff, 0xffff, 0xffff,
    0xffff, 0xffff, 0xffff, 0xffff, 0xffff, 0xffff, 0xffff, 0xffff, 0xffff, 0x6db8, 0xbe9c, 0xbe9c,
    0xffff, 0x0000, 0xf81f, 0xf81f, 0xf81f, 0xf81f, 0xf81f, 0xf81f, 0xf81f, 0xf81f, 0xf81f, 0xf81f,
    0xf81f, 0xf81f, 0xf81f, 0xf81f, 0xf81f, 0xf81f, 0xf81f, 0xf81f, 0xf81f, 0xf81f, 0xf81f, 0xf81f,
    0xf81f, 0xf81f, 0xf81f, 0xf81f, 0xf81f, 0xf81f, 0xf81f, 0xf81f, 0xf81f, 0xf81f, 0xf81f, 0xf81f,
    0xf81f, 0x0000, 0x0000, 0xffff, 0xffff, 0xffff, 0xffff, 0xbe9c, 0x8537, 0x8537, 0x6db8, 0x0000,
    0xffff, 0xffff, 0xffff, 0xffff, 0xffff, 0xbe9c, 0xffff, 0xbe9c, 0xbe9c, 0xffff, 0xffff, 0xffff,
    0x0000, 0x0000, 0x0000, 0x4c56, 0x4c56, 0x4c56, 0x4c56, 0x4c56, 0x0000, 0x0000, 0x0000, 0xffff,
    0xffff, 0xffff, 0xffff, 0xbe9c, 0xbe9c, 0x8e19, 0x0000, 0xffff, 0xffff, 0xffff, 0xffff, 0xffff,
    0xffff, 0xffff, 0xffff, 0xffff, 0xffff, 0xffff, 0xffff, 0xffff, 0xffff, 0x6db8, 0xbe9c, 0xbe9c,
    0xffff, 0x0000, 0xf81f, 0xf81f, 0xf81f, 0xf81f, 0xf81f, 0xf81f, 0xf81f, 0xf81f, 0xf81f, 0xf81f,
    0xf81f, 0xf81f, 0xf81f, 0xf81f, 0xf81f, 0xf81f, 0xf81f, 0xf81f, 0xf81f, 0xf81f, 0xf81f, 0xf81f,
    0xf81f, 0xf81f, 0xf81f, 0xf81f, 0xf81f, 0xf81f, 0xf81f, 0xf81f, 0xf81f, 0xf81f, 0xf81f, 0xf81f,
    0xf81f, 0x0000, 0xffff, 0xffff, 0xffff, 0xffff, 0xbe9c, 0xbe9c, 0x8537, 0x8537, 0x8537, 0x0000,
    0xffff, 0xffff, 0xffff, 0xffff, 0xffff, 0xbe9c, 0xbe9c, 0xbe9c, 0xbe9c, 0xbe9c, 0xbe9c, 0xffff,
    0xffff, 0xffff, 0x0000, 0x0000, 0x0000, 0x0000, 0x0000, 0x0000, 0x0000, 0xffff, 0xffff, 0xffff,
    0xffff, 0xffff, 0xffff, 0xbe9c, 0x8e19, 0x8e19, 0x0000, 0xffff, 0xffff, 0xffff, 0xffff, 0xffff,
    0xffff, 0xffff, 0xffff, 0xffff, 0xffff, 0xffff, 0xffff, 0xffff, 0x6db8, 0x6db8, 0xbe9c, 0xbe9c,
    0xbe9c, 0x0000, 0xf81f, 0xf81f, 0xf81f, 0xf81f, 0xf81f, 0xf81f, 0xf81f, 0xf81f, 0xf81f, 0xf81f,
    0xf81f, 0xf81f, 0xf81f, 0xf81f, 0xf81f, 0xf81f, 0xf81f, 0xf81f, 0xf81f, 0xf81f, 0xf81f, 0xf81f,
    0xf81f, 0xf81f, 0xf81f, 0xf81f, 0xf81f, 0xf81f, 0xf81f, 0xf81f, 0xf81f, 0xf81f, 0xf81f, 0xf81f,
    0xf81f, 0x0000, 0xffff, 0xffff, 0xffff, 0xffff, 0xbe9c, 0xbe9c, 0x8537, 0x8537, 0x8537, 0x0000,
    0xffff, 0xffff, 0xffff, 0xffff, 0xffff, 0xbe9c, 0xbe9c, 0xbe9c, 0xbe9c, 0xbe9c, 0xbe9c, 0xffff,
    0xffff, 0xffff, 0xffff, 0xffff, 0xffff, 0xffff, 0xffff, 0xffff, 0xbe9c, 0xbe9c, 0xbe9c, 0xbe9c,
    0xbe9c, 0xbe9c, 0xffff, 0xbe9c, 0xbe9c, 0x8e19, 0x0000, 0xffff, 0xffff, 0xffff, 0xffff, 0xffff,
    0xffff, 0xffff, 0xffff, 0xffff, 0xffff, 0xffff, 0xffff, 0xffff, 0x6db8, 0x6db8, 0xbe9c, 0xbe9c,
    0xbe9c, 0x0000, 0xf81f, 0xf81f, 0xf81f, 0xf81f, 0xf81f, 0xf81f, 0xf81f, 0xf81f, 0xf81f, 0xf81f,
    0xf81f, 0xf81f, 0xf81f, 0xf81f, 0xf81f, 0xf81f, 0xf81f, 0xf81f, 0xf81f, 0xf81f, 0xf81f, 0xf81f,
    0xf81f, 0xf81f, 0xf81f, 0xf81f, 0xf81f, 0xf81f, 0xf81f, 0xf81f, 0xf81f, 0xf81f, 0xf81f, 0xf81f,
    0xf81f, 0x0000, 0xffff, 0xffff, 0xffff, 0xffff, 0xbe9c, 0xbe9c, 0x8537, 0x8537, 0x8537, 0x0000,
    0xffff, 0xffff, 0xffff, 0xffff, 0xffff, 0xffff, 0xbe9c, 0xffff, 0xffff, 0xffff, 0xffff, 0xffff,
    0xffff, 0xffff, 0xffff, 0xffff, 0xffff, 0xffff, 0xffff, 0xffff, 0xffff, 0xbe9c, 0xbe9c, 0xbe9c,
    0xffff, 0xffff, 0xffff, 0xbe9c, 0x8e19, 0x8e19, 0x0000, 0xffff, 0xffff, 0xffff, 0xffff, 0xffff,
    0xffff, 0xffff, 0xffff, 0xffff, 0xffff, 0xffff, 0xffff, 0x6db8, 0x6db8, 0x6db8, 0xbe9c, 0xbe9c,
    0xbe9c, 0x0000, 0xf81f, 0xf81f, 0xf81f, 0xf81f, 0xf81f, 0xf81f, 0xf81f, 0xf81f, 0xf81f, 0xf81f,
    0xf81f, 0xf81f, 0xf81f, 0xf81f, 0xf81f, 0xf81f, 0xf81f, 0xf81f, 0xf81f, 0xf81f, 0xf81f, 0xf81f,
    0xf81f, 0xf81f, 0xf81f, 0xf81f, 0xf81f, 0xf81f, 0xf81f, 0xf81f, 0xf81f, 0xf81f, 0xf81f, 0xf81f,
    0x0000, 0x0000, 0xffff, 0xffff, 0xffff, 0xffff, 0xbe9c, 0xbe9c, 0x8537, 0x8537, 0x8537, 0x0000,
    0x0000, 0xffff, 0xffff, 0xffff, 0xffff, 0xffff, 0xffff, 0xffff, 0xffff, 0xffff, 0xffff, 0xffff,
    0xffff, 0xffff, 0xffff, 0xffff, 0xffff, 0xffff, 0xffff, 0xffff, 0xffff, 0xffff, 0xffff, 0xffff,
    0xffff, 0xffff, 0xffff, 0xbe9c, 0x4452, 0x0000, 0x0000, 0xffff, 0xffff, 0xffff, 0xffff, 0xffff,
    0xffff, 0xffff, 0xffff, 0xffff, 0xffff, 0xffff, 0xffff, 0x6db8, 0x8537, 0x6db8, 0xbe9c, 0xbe9c,
    0xbe9c, 0x0000, 0xf81f, 0xf81f, 0xf81f, 0xf81f, 0xf81f, 0xf81f, 0xf81f, 0xf81f, 0xf81f, 0xf81f,
    0xf81f, 0xf81f, 0xf81f, 0xf81f, 0xf81f, 0xf81f, 0xf81f, 0xf81f, 0xf81f, 0xf81f, 0xf81f, 0xf81f,
    0xf81f, 0xf81f, 0xf81f, 0xf81f, 0xf81f, 0xf81f, 0xf81f, 0xf81f, 0xf81f, 0xf81f, 0xf81f, 0xf81f,
    0x0000, 0xffff, 0xffff, 0xffff, 0xffff, 0xffff, 0xbe9c, 0xbe9c, 0x8537, 0x8537, 0x8537, 0x0000,
    0x0000, 0xffff, 0xffff, 0xffff, 0xffff, 0xffff, 0xffff, 0xffff, 0xffff, 0xffff, 0xffff, 0xffff,
    0xffff, 0xffff, 0xffff, 0xffff, 0xffff, 0xffff, 0xffff, 0xffff, 0xffff, 0xffff, 0xffff, 0xbe9c,
    0xbe9c, 0xffff, 0xffff, 0xbe9c, 0x4452, 0x0000, 0xffff, 0xffff, 0xffff, 0xffff, 0xffff, 0xffff,
    0xffff, 0xffff, 0xffff, 0xffff, 0xffff, 0xffff, 0xffff, 0x8537, 0x8537, 0x6db8, 0xbe9c, 0xbe9c,
    0x8537, 0x0000, 0xf81f, 0xf81f, 0xf81f, 0xf81f, 0xf81f, 0xf81f, 0xf81f, 0xf81f, 0xf81f, 0xf81f,
    0xf81f, 0xf81f, 0xf81f, 0xf81f, 0xf81f, 0xf81f, 0xf81f, 0xf81f, 0xf81f, 0xf81f, 0xf81f, 0xf81f,
    0xf81f, 0xf81f, 0xf81f, 0xf81f, 0xf81f, 0xf81f, 0xf81f, 0xf81f, 0xf81f, 0xf81f, 0xf81f, 0xf81f,
    0x0000, 0xffff, 0xffff, 0xffff, 0xffff, 0xffff, 0xbe9c, 0xbe9c, 0x8537, 0x8537, 0x8537, 0x8537,
    0x0000, 0xffff, 0xffff, 0xffff, 0xffff, 0xffff, 0xffff, 0xffff, 0xffff, 0xffff, 0xffff, 0xffff,
    0xffff, 0xffff, 0xffff, 0xffff, 0xffff, 0xffff, 0xffff, 0xffff, 0xffff, 0xffff, 0xffff, 0xbe9c,
    0xbe9c, 0xbe9c, 0xbe9c, 0xffff, 0x4452, 0x0000, 0xffff, 0xffff, 0xffff, 0xffff, 0xffff, 0xffff,
    0xffff, 0xffff, 0xffff, 0xffff, 0xffff, 0xffff, 0x8537, 0x8537, 0x8537, 0x6db8, 0xbe9c, 0xbe9c,
    0x8537, 0x0000, 0xf81f, 0xf81f, 0xf81f, 0xf81f, 0xf81f, 0xf81f, 0xf81f, 0xf81f, 0xf81f, 0xf81f,
    0xf81f, 0xf81f, 0xf81f, 0xf81f, 0xf81f, 0xf81f, 0xf81f, 0xf81f, 0xf81f, 0xf81f, 0xf81f, 0xf81f,
    0xf81f, 0xf81f, 0xf81f, 0xf81f, 0xf81f, 0xf81f, 0xf81f, 0xf81f, 0xf81f, 0xf81f, 0xf81f, 0xf81f,
    0x0000, 0xffff, 0xffff, 0xffff, 0xffff, 0xffff, 0xbe9c, 0xbe9c, 0x8537, 0x8537, 0x8537, 0x8537,
    0x0000, 0xffff, 0xffff, 0xffff, 0xffff, 0xffff, 0xffff, 0xffff, 0xffff, 0xffff, 0xffff, 0xffff,
    0xffff, 0xffff, 0xffff, 0xffff, 0xffff, 0xffff, 0xffff, 0xffff, 0xffff, 0xffff, 0xffff, 0xbe9c,
    0xbe9c, 0xbe9c, 0xbe9c, 0xffff, 0x4452, 0x0000, 0xffff, 0xffff, 0xffff, 0xffff, 0xffff, 0xffff,
    0xffff, 0xffff, 0xffff, 0xffff, 0xffff, 0xffff, 0x8537, 0x6db8, 0x6db8, 0xbe9c, 0x6db8, 0x8537,
    0x8537, 0x0000, 0xf81f, 0xf81f, 0xf81f, 0xf81f, 0xf81f, 0xf81f, 0xf81f, 0xf81f, 0xf81f, 0xf81f,
    0xf81f, 0xf81f, 0xf81f, 0xf81f, 0xf81f, 0xf81f, 0xf81f, 0xf81f, 0xf81f, 0xf81f, 0xf81f, 0xf81f,
    0xf81f, 0xf81f, 0xf81f, 0xf81f, 0xf81f, 0xf81f, 0xf81f, 0xf81f, 0xf81f, 0xf81f, 0xf81f, 0xf81f,
    0x0000, 0xffff, 0xffff, 0xffff, 0xffff, 0xffff, 0xbe9c, 0xbe9c, 0x8537, 0x8537, 0x8537, 0x8537,
    0x0000, 0xffff, 0xffff, 0xffff, 0xffff, 0xffff, 0xffff, 0xffff, 0xffff, 0xffff, 0xffff, 0xffff,
    0xffff, 0xffff, 0x2bb0, 0x2bb0, 0xffff, 0xffff, 0xffff, 0xffff, 0xffff, 0xffff, 0xffff, 0xffff,
    0xffff, 0xffff, 0xffff, 0xbe9c, 0x4452, 0x0000, 0xffff, 0xffff, 0xffff, 0xffff, 0xffff, 0xffff,
    0xffff, 0xffff, 0xffff, 0xffff, 0x8537, 0x8537, 0x8537, 0x6db8, 0x6db8, 0x6db8, 0x6db8, 0x8537,
    0x0000, 0x0000, 0xf81f, 0xf81f, 0xf81f, 0xf81f, 0xf81f, 0xf81f, 0xf81f, 0xf81f, 0xf81f, 0xf81f,
    0xf81f, 0xf81f, 0xf81f, 0xf81f, 0xf81f, 0xf81f, 0xf81f, 0xf81f, 0xf81f, 0xf81f, 0xf81f, 0xf81f,
    0xf81f, 0xf81f, 0xf81f, 0xf81f, 0xf81f, 0xf81f, 0xf81f, 0xf81f, 0xf81f, 0xf81f, 0xf81f, 0xf81f,
    0x0000, 0xffff, 0xffff, 0xffff, 0xffff, 0xffff, 0xbe9c, 0xbe9c, 0x8537, 0x8537, 0x8537, 0x8537,
    0x0000, 0xffff, 0xffff, 0xffff, 0xffff, 0xffff, 0xffff, 0xffff, 0xffff, 0xffff, 0xffff, 0xffff,
    0xffff, 0xffff, 0x2bb0, 0x2bb0, 0xbe9c, 0xffff, 0xffff, 0xffff, 0xffff, 0xffff, 0xffff, 0xffff,
    0xffff, 0xffff, 0xffff, 0xffff, 0x4452, 0x0000, 0xffff, 0xffff, 0xffff, 0xffff, 0xffff, 0xffff,
    0xffff, 0xffff, 0xffff, 0xffff, 0x8537, 0x8537, 0x8537, 0x6db8, 0x6db8, 0x6db8, 0x6db8, 0x8537,
    0x0000, 0x0000, 0xf81f, 0xf81f, 0xf81f, 0xf81f, 0xf81f, 0xf81f, 0xf81f, 0xf81f, 0xf81f, 0xf81f,
    0xf81f, 0xf81f, 0xf81f, 0xf81f, 0xf81f, 0xf81f, 0xf81f, 0xf81f, 0xf81f, 0xf81f, 0xf81f, 0xf81f,
    0xf81f, 0xf81f, 0xf81f, 0xf81f, 0xf81f, 0xf81f, 0xf81f, 0xf81f, 0xf81f, 0xf81f, 0xf81f, 0xf81f,
    0xf81f, 0x0000, 0xffff, 0xffff, 0xffff, 0xffff, 0xbe9c, 0xbe9c, 0x8537, 0x8537, 0x8537, 0x8537,
    0x0000, 0xffff, 0xffff, 0xffff, 0xffff, 0xffff, 0xffff, 0xffff, 0xffff, 0xffff, 0xffff, 0xffff,
    0xffff, 0xffff, 0x2bb0, 0x2bb0, 0xbe9c, 0xffff, 0xffff, 0xffff, 0xffff, 0xffff, 0xffff, 0xffff,
    0xffff, 0xffff, 0xffff, 0xffff, 0x4452, 0x0000, 0xffff, 0xffff, 0xffff, 0xffff, 0xffff, 0xffff,
    0xffff, 0xffff, 0xffff, 0x8537, 0x8537, 0x8537, 0x8537, 0x6db8, 0x6db8, 0x6db8, 0x8537, 0x8537,
    0x0000, 0xf81f, 0xf81f, 0xf81f, 0xf81f, 0xf81f, 0xf81f, 0xf81f, 0xf81f, 0xf81f, 0xf81f, 0xf81f,
    0xf81f, 0xf81f, 0xf81f, 0xf81f, 0xf81f, 0xf81f, 0xf81f, 0xf81f, 0xf81f, 0xf81f, 0xf81f, 0xf81f,
    0xf81f, 0xf81f, 0xf81f, 0xf81f, 0xf81f, 0xf81f, 0xf81f, 0xf81f, 0xf81f, 0xf81f, 0xf81f, 0xf81f,
    0xf81f, 0x0000, 0xffff, 0x0000, 0x0000, 0x0000, 0xbe9c, 0xbe9c, 0x8537, 0x8537, 0x8537, 0x8537,
    0x0000, 0x0000, 0xffff, 0xffff, 0xffff, 0xffff, 0xffff, 0xffff, 0xffff, 0xffff, 0xffff, 0xffff,
    0xffff, 0xffff, 0x2bb0, 0x2bb0, 0x2bb0, 0x2bb0, 0xffff, 0xffff, 0xffff, 0xffff, 0xffff, 0xffff,
    0xffff, 0xffff, 0xffff, 0xffff, 0x4452, 0x0000, 0xffff, 0xffff, 0xffff, 0xffff, 0xffff, 0xffff,
    0xffff, 0xffff, 0xffff, 0x8537, 0x8537, 0x8537, 0x8537, 0x6db8, 0x6db8, 0x8537, 0x8537, 0x0000,
    0xf81f, 0xf81f, 0xf81f, 0xf81f, 0xf81f, 0xf81f, 0xf81f, 0xf81f, 0xf81f, 0xf81f, 0xf81f, 0xf81f,
    0xf81f, 0xf81f, 0xf81f, 0xf81f, 0xf81f, 0xf81f, 0xf81f, 0xf81f, 0xf81f, 0xf81f, 0xf81f, 0xf81f,
    0xf81f, 0xf81f, 0xf81f, 0xf81f, 0xf81f, 0xf81f, 0xf81f, 0xf81f, 0xf81f, 0xf81f, 0xf81f, 0xf81f,
    0xf81f, 0x0000, 0x0000, 0x0000, 0x2b10, 0x0000, 0x0000, 0xbe9c, 0x8537, 0x8537, 0x8537, 0x8537,
    0x8537, 0x0000, 0xffff, 0xffff, 0xffff, 0xffff, 0xffff, 0xffff, 0xffff, 0xffff, 0xffff, 0xffff,
    0xffff, 0xffff, 0xbe9c, 0xbe9c, 0x2bb0, 0x2bb0, 0x2bb0, 0xffff, 0xffff, 0xffff, 0xffff, 0xffff,
    0xffff, 0xffff, 0xffff, 0xffff, 0x4452, 0x0000, 0xffff, 0xffff, 0xffff, 0xffff, 0xffff, 0xffff,
    0xffff, 0xffff, 0x8537, 0x8537, 0x8537, 0x8537, 0x8537, 0x8537, 0x8537, 0x8537, 0x0000, 0x0000,
    0xf81f, 0xf81f, 0xf81f, 0xf81f, 0xf81f, 0xf81f, 0xf81f, 0xf81f, 0xf81f, 0xf81f, 0xf81f, 0xf81f,
    0xf81f, 0xf81f, 0xf81f, 0xf81f, 0xf81f, 0xf81f, 0xf81f, 0xf81f, 0xf81f, 0xf81f, 0xf81f, 0xf81f,
    0xf81f, 0xf81f, 0xf81f, 0xf81f, 0xf81f, 0xf81f, 0xf81f, 0xf81f, 0xf81f, 0xf81f, 0xf81f, 0xf81f,
    0xf81f, 0xf81f, 0x0000, 0x0000, 0x2b10, 0x2b10, 0x0000, 0x0000, 0xbe9c, 0x8537, 0x8537, 0x8537,
    0x8537, 0x0000, 0x0000, 0xffff, 0xffff, 0xffff, 0xffff, 0xffff, 0xffff, 0xffff, 0xffff, 0xffff,
    0xffff, 0xffff, 0xbe9c, 0xbe9c, 0x8537, 0x2bb0, 0x2bb0, 0xffff, 0xffff, 0xffff, 0xffff, 0xffff,
    0xffff, 0xffff, 0xffff, 0xffff, 0x2bb0, 0x0000, 0x0000, 0xffff, 0xffff, 0xffff, 0xffff, 0x0000,
    0x0000, 0x0000, 0x8537, 0x8537, 0x8537, 0x8537, 0x8537, 0x8537, 0x8537, 0x8537, 0x0000, 0xf81f,
    0xf81f, 0xf81f, 0xf81f, 0xf81f, 0xf81f, 0xf81f, 0xf81f, 0xf81f, 0xf81f, 0xf81f, 0xf81f, 0xf81f,
    0xf81f, 0xf81f, 0xf81f, 0xf81f, 0xf81f, 0xf81f, 0xf81f, 0xf81f, 0xf81f, 0xf81f, 0xf81f, 0xf81f,
    0xf81f, 0xf81f, 0xf81f, 0xf81f, 0xf81f, 0xf81f, 0xf81f, 0xf81f, 0xf81f, 0xf81f, 0xf81f, 0xf81f,
    0xf81f, 0xf81f, 0xf81f, 0x0000, 0x2b10, 0x2b10, 0x7d9a, 0x7d9a, 0x0000, 0xbe9c, 0xbe9c, 0xbe9c,
    0xbe9c, 0xbe9c, 0x0000, 0xffff, 0xffff, 0xffff, 0xffff, 0xffff, 0xffff, 0xffff, 0xffff, 0xffff,
    0xffff, 0xffff, 0xbe9c, 0xbe9c, 0x2bb0, 0x2bb0, 0x0000, 0x0000, 0xffff, 0xffff, 0xffff, 0xffff,
    0xffff, 0xffff, 0xffff, 0xffff, 0x2bb0, 0x22cc, 0x0000, 0xffff, 0xffff, 0xffff, 0x0000, 0x2b10,
    0x2b10, 0x0000, 0x0000, 0x0000, 0x8537, 0x8537, 0x0000, 0x8537, 0x0000, 0x0000, 0x0000, 0xf81f,
    0xf81f, 0xf81f, 0xf81f, 0xf81f, 0xf81f, 0xf81f, 0xf81f, 0xf81f, 0xf81f, 0xf81f, 0xf81f, 0xf81f,
    0xf81f, 0xf81f, 0xf81f, 0xf81f, 0xf81f, 0xf81f, 0xf81f, 0xf81f, 0xf81f, 0xf81f, 0xf81f, 0xf81f,
    0xf81f, 0xf81f, 0xf81f, 0xf81f, 0xf81f, 0xf81f, 0xf81f, 0xf81f, 0xf81f, 0xf81f, 0xf81f, 0xf81f,
    0xf81f, 0xf81f, 0xf81f, 0x0000, 0x2b10, 0x2b10, 0x7d9a, 0x7d9a, 0x1168, 0x0000, 0xbe9c, 0xbe9c,
    0xbe9c, 0xbe9c, 0x0000, 0xffff, 0xffff, 0xffff, 0xffff, 0xffff, 0xffff, 0xffff, 0xffff, 0xffff,
    0xffff, 0xffff, 0xbe9c, 0xbe9c, 0x8537, 0x2bb0, 0x2bb0, 0x0000, 0xffff, 0xffff, 0xffff, 0xffff,
    0xffff, 0xffff, 0xffff, 0xffff, 0x2bb0, 0x4452, 0x0000, 0xffff, 0xffff, 0xffff, 0x0000, 0x4c56,
    0x4c56, 0x2b10, 0x2b10, 0x0000, 0x0000, 0x0000, 0x0000, 0x2b10, 0x2b10, 0x2b10, 0x0000, 0x0000,
    0xf81f, 0xf81f, 0xf81f, 0xf81f, 0xf81f, 0xf81f, 0xf81f, 0xf81f, 0xf81f, 0xf81f, 0xf81f, 0xf81f,
    0xf81f, 0xf81f, 0xf81f, 0xf81f, 0xf81f, 0xf81f, 0xf81f, 0xf81f, 0xf81f, 0xf81f, 0xf81f, 0xf81f,
    0xf81f, 0xf81f, 0xf81f, 0xf81f, 0xf81f, 0xf81f, 0xf81f, 0xf81f, 0xf81f, 0xf81f, 0xf81f, 0xf81f,
    0xf81f, 0xf81f, 0xf81f, 0x0000, 0x0000, 0x2b10, 0x7d9a, 0x0000, 0x1168, 0x1168, 0x0000, 0x0000,
    0xbe9c, 0xbe9c, 0x0000, 0xffff, 0xffff, 0xffff, 0xffff, 0xffff, 0xffff, 0xffff, 0xffff, 0xffff,
    0xffff, 0xffff, 0xbe9c, 0xbe9c, 0x8537, 0x2bb0, 0x2bb0, 0x0000, 0x0000, 0xffff, 0xffff, 0xffff,
    0xffff, 0xffff, 0xffff, 0xffff, 0x2bb0, 0x4452, 0x0000, 0x0000, 0xffff, 0xffff, 0x0000, 0x4c56,
    0x4c56, 0x2b10, 0x2b10, 0x2b10, 0x2b10, 0x0000, 0x0000, 0x2b10, 0x2b10, 0x2b10, 0x0000, 0x0000,
    0xf81f, 0xf81f, 0xf81f, 0xf81f, 0xf81f, 0xf81f, 0xf81f, 0xf81f, 0xf81f, 0xf81f, 0xf81f, 0xf81f,
    0xf81f, 0xf81f, 0xf81f, 0xf81f, 0xf81f, 0xf81f, 0xf81f, 0xf81f, 0xf81f, 0xf81f, 0xf81f, 0xf81f,
    0xf81f, 0xf81f, 0xf81f, 0xf81f, 0xf81f, 0xf81f, 0xf81f, 0xf81f, 0xf81f, 0xf81f, 0xf81f, 0xf81f,
    0xf81f, 0xf81f, 0xf81f, 0xf81f, 0x0000, 0x2b10, 0x7d9a, 0x0000, 0x1168, 0x1168, 0x1168, 0x1168,
    0x0000, 0x0000, 0x0000, 0xffff, 0xffff, 0xffff, 0xffff, 0xffff, 0xffff, 0xffff, 0xffff, 0xffff,
    0xffff, 0xffff, 0xbe9c, 0xbe9c, 0x8537, 0x8537, 0x2bb0, 0x0000, 0x0000, 0x0000, 0xffff, 0xffff,
    0xffff, 0xffff, 0xffff, 0xffff, 0x2bb0, 0x4452, 0x0000, 0x0000, 0x0000, 0xffff, 0x0000, 0x4c56,
    0x4c56, 0x2b10, 0x2b10, 0x2b10, 0x2b10, 0x2b10, 0x2b10, 0x2b10, 0x2b10, 0x2b10, 0x2b10, 0x0000,
    0xf81f, 0xf81f, 0xf81f, 0xf81f, 0xf81f, 0xf81f, 0xf81f, 0xf81f, 0xf81f, 0xf81f, 0xf81f, 0xf81f,
    0xf81f, 0xf81f, 0xf81f, 0xf81f, 0xf81f, 0xf81f, 0xf81f, 0xf81f, 0xf81f, 0xf81f, 0xf81f, 0xf81f,
    0xf81f, 0xf81f, 0xf81f, 0xf81f, 0xf81f, 0xf81f, 0xf81f, 0xf81f, 0xf81f, 0xf81f, 0xf81f, 0xf81f,
    0xf81f, 0xf81f, 0xf81f, 0xf81f, 0x0000, 0x2b10, 0x7d9a, 0x0000, 0x1168, 0x1168, 0x1168, 0x1168,
    0x1168, 0x1168, 0x0000, 0xffff, 0xffff, 0xffff, 0xffff, 0xffff, 0xffff, 0xffff, 0xffff, 0xffff,
    0xffff, 0xffff, 0xbe9c, 0xbe9c, 0x8537, 0x8537, 0x2bb0, 0x0000, 0xf81f, 0x0000, 0xffff, 0xffff,
    0xffff, 0xffff, 0xffff, 0xffff, 0xffff, 0x2bb0, 0x0000, 0x1168, 0x0000, 0x0000, 0x0000, 0x4c56,
    0x4c56, 0x2b10, 0x2b10, 0x2b10, 0x2b10, 0x2b10, 0x2b10, 0x2b10, 0x2b10, 0x4c56, 0x2b10, 0x0000,
    0xf81f, 0xf81f, 0xf81f, 0xf81f, 0xf81f, 0xf81f, 0xf81f, 0xf81f, 0xf81f, 0xf81f, 0xf81f, 0xf81f,
    0xf81f, 0xf81f, 0xf81f, 0xf81f, 0xf81f, 0xf81f, 0xf81f, 0xf81f, 0xf81f, 0xf81f, 0xf81f, 0xf81f,
    0xf81f, 0xf81f, 0xf81f, 0xf81f, 0xf81f, 0xf81f, 0xf81f, 0xf81f, 0xf81f, 0xf81f, 0xf81f, 0xf81f,
    0xf81f, 0xf81f, 0xf81f, 0xf81f, 0x0000, 0x7d9a, 0x7d9a, 0x0000, 0x1168, 0x1168, 0x0000, 0x1168,
    0x1168, 0x1168, 0x0000, 0xffff, 0xffff, 0xffff, 0xffff, 0xffff, 0xffff, 0xffff, 0xffff, 0xffff,
    0xffff, 0xffff, 0xbe9c, 0xbe9c, 0x8537, 0x8537, 0x2bb0, 0x0000, 0xf81f, 0x0000, 0xffff, 0xffff,
    0xffff, 0xffff, 0xffff, 0xffff, 0xffff, 0x2bb0, 0x0000, 0x1168, 0x1168, 0x0000, 0x0000, 0x4c56,
    0x4c56, 0x4c56, 0x4c56, 0x2b10, 0x4c56, 0x4c56, 0x4c56, 0x4c56, 0x4c56, 0x4c56, 0x4c56, 0x0000,
    0xf81f, 0xf81f, 0xf81f, 0xf81f, 0xf81f, 0xf81f, 0xf81f, 0xf81f, 0xf81f, 0xf81f, 0xf81f, 0xf81f,
    0xf81f, 0xf81f, 0xf81f, 0xf81f, 0xf81f, 0xf81f, 0xf81f, 0xf81f, 0xf81f, 0xf81f, 0xf81f, 0xf81f,
    0xf81f, 0xf81f, 0xf81f, 0xf81f, 0xf81f, 0xf81f, 0xf81f, 0xf81f, 0xf81f, 0xf81f, 0xf81f, 0xf81f,
    0xf81f, 0xf81f, 0xf81f, 0xf81f, 0x0000, 0x2b10, 0x2b10, 0x0000, 0x1168, 0x1168, 0x0000, 0x1168,
    0x1168, 0x1168, 0x0000, 0xffff, 0xbe9c, 0xffff, 0xffff, 0xffff, 0xffff, 0xffff, 0xffff, 0xffff,
    0xffff, 0xffff, 0xbe9c, 0xbe9c, 0x8537, 0x8537, 0x2bb0, 0x0000, 0xf81f, 0x0000, 0xffff, 0xffff,
    0xffff, 0xffff, 0xffff, 0xffff, 0xffff, 0x8e19, 0x0000, 0x1168, 0x1168, 0x1168, 0x0000, 0x4c56,
    0x4c56, 0x4c56, 0x4c56, 0x4c56, 0x4c56, 0x0000, 0x4c56, 0x4c56, 0x0000, 0x4c56, 0x0000, 0xf81f,
    0xf81f, 0xf81f, 0xf81f, 0xf81f, 0xf81f, 0xf81f, 0xf81f, 0xf81f, 0xf81f, 0xf81f, 0xf81f, 0xf81f,
    0xf81f, 0xf81f, 0xf81f, 0xf81f, 0xf81f, 0xf81f, 0xf81f, 0xf81f, 0xf81f, 0xf81f, 0xf81f, 0xf81f,
    0xf81f, 0xf81f, 0xf81f, 0xf81f, 0xf81f, 0xf81f, 0xf81f, 0xf81f, 0xf81f, 0xf81f, 0xf81f, 0xf81f,
    0xf81f, 0xf81f, 0xf81f, 0xf81f, 0xf81f, 0x0000, 0x0000, 0x0000, 0x1168, 0x1168, 0x0000, 0x1168,
    0x1168, 0x1168, 0x0000, 0xffff, 0xbe9c, 0xbe9c, 0xbe9c, 0xbe9c, 0xbe9c, 0xffff, 0xffff, 0xffff,
    0xffff, 0xffff, 0xbe9c, 0xbe9c, 0x8537, 0x8537, 0x2bb0, 0x0000, 0xf81f, 0x0000, 0xffff, 0xffff,
    0xffff, 0xffff, 0xffff, 0xffff, 0xffff, 0xffff, 0x0000, 0x0000, 0x1168, 0x1168, 0x0000, 0x4c56,
    0x4c56, 0x4c56, 0x0000, 0x4c56, 0x4c56, 0x0000, 0x4c56, 0x4c56, 0x0000, 0x4c56, 0x0000, 0xf81f,
    0xf81f, 0xf81f, 0xf81f, 0xf81f, 0xf81f, 0xf81f, 0xf81f, 0xf81f, 0xf81f, 0xf81f, 0xf81f, 0xf81f,
    0xf81f, 0xf81f, 0xf81f, 0xf81f, 0xf81f, 0xf81f, 0xf81f, 0xf81f, 0xf81f, 0xf81f, 0xf81f, 0xf81f,
    0xf81f, 0xf81f, 0xf81f, 0xf81f, 0xf81f, 0xf81f, 0xf81f, 0xf81f, 0xf81f, 0xf81f, 0xf81f, 0xf81f,
    0xf81f, 0xf81f, 0xf81f, 0xf81f, 0xf81f, 0xf81f, 0xf81f, 0x0000, 0x0000, 0x1168, 0x0000, 0x1168,
    0x1168, 0x1168, 0x0000, 0xffff, 0xbe9c, 0xbe9c, 0xbe9c, 0xbe9c, 0xbe9c, 0xffff, 0xffff, 0xffff,
    0xffff, 0xffff, 0xbe9c, 0xbe9c, 0x8537, 0x8537, 0x8537, 0x0000, 0xf81f, 0x0000, 0xffff, 0xffff,
    0xffff, 0xffff, 0xffff, 0xffff, 0xffff, 0xffff, 0x8e19, 0x2bb0, 0x0000, 0x0000, 0x0000, 0x4c56,
    0x4c56, 0x4c56, 0x0000, 0x4c56, 0x4c56, 0x0000, 0x4c56, 0x4c56, 0x0000, 0x4c56, 0x0000, 0xf81f,
    0xf81f, 0xf81f, 0xf81f, 0xf81f, 0xf81f, 0xf81f, 0xf81f, 0xf81f, 0xf81f, 0xf81f, 0xf81f, 0xf81f,
    0xf81f, 0xf81f, 0xf81f, 0xf81f, 0xf81f, 0xf81f, 0xf81f, 0xf81f, 0xf81f, 0xf81f, 0xf81f, 0xf81f,
    0xf81f, 0xf81f, 0xf81f, 0xf81f, 0xf81f, 0xf81f, 0xf81f, 0xf81f, 0xf81f, 0xf81f, 0xf81f, 0xf81f,
    0xf81f, 0xf81f, 0xf81f, 0xf81f, 0xf81f, 0xf81f, 0xf81f, 0xf81f, 0x0000, 0x1168, 0x0000, 0x1168,
    0x1168, 0x0000, 0x0000, 0xffff, 0xffff, 0xbe9c, 0xbe9c, 0xbe9c, 0xbe9c, 0xffff, 0xffff, 0xffff,
    0xffff, 0xffff, 0xbe9c, 0xbe9c, 0x8537, 0x8537, 0x8537, 0x0000, 0xf81f, 0x0000, 0xffff, 0xffff,
    0xffff, 0xbe9c, 0xffff, 0xffff, 0xffff, 0xffff, 0xffff, 0x8e19, 0x2bb0, 0x2bb0, 0x0000, 0x4c56,
    0x4c56, 0x4c56, 0x0000, 0x4c56, 0x4c56, 0x0000, 0x4c56, 0x4c56, 0x0000, 0x0000, 0x0000, 0xf81f,
    0xf81f, 0xf81f, 0xf81f, 0xf81f, 0xf81f, 0xf81f, 0xf81f, 0xf81f, 0xf81f, 0xf81f, 0xf81f, 0xf81f,
    0xf81f, 0xf81f, 0xf81f, 0xf81f, 0xf81f, 0xf81f, 0xf81f, 0xf81f, 0xf81f, 0xf81f, 0xf81f, 0xf81f,
    0xf81f, 0xf81f, 0xf81f, 0xf81f, 0xf81f, 0xf81f, 0xf81f, 0xf81f, 0xf81f, 0xf81f, 0xf81f, 0xf81f,
    0xf81f, 0xf81f, 0xf81f, 0xf81f, 0xf81f, 0xf81f, 0xf81f, 0xf81f, 0x0000, 0x0000, 0x0000, 0x0000,
    0x0000, 0x0000, 0x0000, 0xffff, 0xffff, 0xbe9c, 0xffff, 0xffff, 0xffff, 0xffff, 0xffff, 0xffff,
    0xffff, 0xffff, 0xbe9c, 0xbe9c, 0x8537, 0x8537, 0x8537, 0x0000, 0xf81f, 0x0000, 0xffff, 0xffff,
    0xffff, 0xbe9c, 0xbe9c, 0xbe9c, 0xbe9c, 0xbe9c, 0xffff, 0x8e19, 0x8e19, 0x2bb0, 0x0000, 0x0000,
    0x0000, 0x0000, 0x0000, 0x0000, 0x0000, 0x0000, 0x0000, 0x0000, 0x0000, 0xf81f, 0xf81f, 0xf81f,
    0xf81f, 0xf81f, 0xf81f, 0xf81f, 0xf81f, 0xf81f, 0xf81f, 0xf81f, 0xf81f, 0xf81f, 0xf81f, 0xf81f,
    0xf81f, 0xf81f, 0xf81f, 0xf81f, 0xf81f, 0xf81f, 0xf81f, 0xf81f, 0xf81f, 0xf81f, 0xf81f, 0xf81f,
    0xf81f, 0xf81f, 0xf81f, 0xf81f, 0xf81f, 0xf81f, 0xf81f, 0xf81f, 0xf81f, 0xf81f, 0xf81f, 0xf81f,
    0xf81f, 0xf81f, 0xf81f, 0xf81f, 0xf81f, 0xf81f, 0xf81f, 0xf81f, 0xf81f, 0xf81f, 0xf81f, 0xf81f,
    0xf81f, 0xf81f, 0x0000, 0xffff, 0xffff, 0xffff, 0xffff, 0xffff, 0xffff, 0xffff, 0xffff, 0xffff,
    0xffff, 0xffff, 0xbe9c, 0xbe9c, 0x8537, 0x8537, 0x8537, 0x0000, 0xf81f, 0x0000, 0xffff, 0xffff,
    0xffff, 0xbe9c, 0xbe9c, 0xbe9c, 0xbe9c, 0xbe9c, 0xffff, 0xffff, 0x8e19, 0x8e19, 0x2bb0, 0x2bb0,
    0x2bb0, 0x2bb0, 0x2bb0, 0x2bb0, 0x0000, 0x0000, 0xf81f, 0xf81f, 0xf81f, 0xf81f, 0xf81f, 0xf81f,
    0xf81f, 0xf81f, 0xf81f, 0xf81f, 0xf81f, 0xf81f, 0xf81f, 0xf81f, 0xf81f, 0xf81f, 0xf81f, 0xf81f,
    0xf81f, 0xf81f, 0xf81f, 0xf81f, 0xf81f, 0xf81f, 0xf81f, 0xf81f, 0xf81f, 0xf81f, 0xf81f, 0xf81f,
    0xf81f, 0xf81f, 0xf81f, 0xf81f, 0xf81f, 0xf81f, 0xf81f, 0xf81f, 0xf81f, 0xf81f, 0xf81f, 0xf81f,
    0xf81f, 0xf81f, 0xf81f, 0xf81f, 0xf81f, 0xf81f, 0xf81f, 0xf81f, 0xf81f, 0xf81f, 0xf81f, 0xf81f,
    0xf81f, 0xf81f, 0x0000, 0xffff, 0xffff, 0xffff, 0xffff, 0xffff, 0xffff, 0xffff, 0xffff, 0xffff,
    0xffff, 0xffff, 0xbe9c, 0xbe9c, 0x8537, 0x8537, 0x8537, 0x0000, 0xf81f, 0x0000, 0xffff, 0xffff,
    0xffff, 0xffff, 0xffff, 0xffff, 0xffff, 0xffff, 0xffff, 0xffff, 0xffff, 0xffff, 0x8e19, 0x8e19,
    0x8e19, 0x8e19, 0x8e19, 0xffff, 0xffff, 0x0000, 0xf81f, 0xf81f, 0xf81f, 0xf81f, 0xf81f, 0xf81f,
    0xf81f, 0xf81f, 0xf81f, 0xf81f, 0xf81f, 0xf81f, 0xf81f, 0xf81f, 0xf81f, 0xf81f, 0xf81f, 0xf81f,
    0xf81f, 0xf81f, 0xf81f, 0xf81f, 0xf81f, 0xf81f, 0xf81f, 0xf81f, 0xf81f, 0xf81f, 0xf81f, 0xf81f,
    0xf81f, 0xf81f, 0xf81f, 0xf81f, 0xf81f, 0xf81f, 0xf81f, 0xf81f, 0xf81f, 0xf81f, 0xf81f, 0xf81f,
    0xf81f, 0xf81f, 0xf81f, 0xf81f, 0xf81f, 0xf81f, 0xf81f, 0xf81f, 0xf81f, 0xf81f, 0xf81f, 0xf81f,
    0xf81f, 0xf81f, 0x0000, 0xffff, 0xffff, 0xffff, 0xffff, 0xffff, 0xffff, 0xffff, 0xffff, 0xffff,
    0xffff, 0xffff, 0xbe9c, 0xbe9c, 0x8537, 0x8537, 0x8537, 0x0000, 0xf81f, 0x0000, 0xffff, 0xffff,
    0xffff, 0xffff, 0xffff, 0xffff, 0xffff, 0xffff, 0xffff, 0xffff, 0xffff, 0xffff, 0xffff, 0xffff,
    0xffff, 0xffff, 0xffff, 0xffff, 0xffff, 0x0000, 0xf81f, 0xf81f, 0xf81f, 0xf81f, 0xf81f, 0xf81f,
    0xf81f, 0xf81f, 0xf81f, 0xf81f, 0xf81f, 0xf81f, 0xf81f, 0xf81f, 0xf81f, 0xf81f, 0xf81f, 0xf81f,
    0xf81f, 0xf81f, 0xf81f, 0xf81f, 0xf81f, 0xf81f, 0xf81f, 0xf81f, 0xf81f, 0xf81f, 0xf81f, 0xf81f,
    0xf81f, 0xf81f, 0xf81f, 0xf81f, 0xf81f, 0xf81f, 0xf81f, 0xf81f, 0xf81f, 0xf81f, 0xf81f, 0xf81f,
    0xf81f, 0xf81f, 0xf81f, 0xf81f, 0xf81f, 0xf81f, 0xf81f, 0xf81f, 0xf81f, 0xf81f, 0xf81f, 0xf81f,
    0xf81f, 0xf81f, 0x0000, 0xffff, 0xffff, 0xbe9c, 0xffff, 0xffff, 0xffff, 0xffff, 0xffff, 0xffff,
    0xffff, 0xffff, 0xbe9c, 0xbe9c, 0x8537, 0x8537, 0x8537, 0x0000, 0xf81f, 0x0000, 0xffff, 0xffff,
    0xffff, 0xffff, 0xffff, 0xffff, 0xffff, 0xffff, 0xffff, 0xffff, 0xffff, 0xffff, 0xffff, 0xffff,
    0xffff, 0xffff, 0xffff, 0xffff, 0xffff, 0x0000, 0xf81f, 0xf81f, 0xf81f, 0xf81f, 0xf81f, 0xf81f,
    0xf81f, 0xf81f, 0xf81f, 0xf81f, 0xf81f, 0xf81f, 0xf81f, 0xf81f, 0xf81f, 0xf81f, 0xf81f, 0xf81f,
    0xf81f, 0xf81f, 0xf81f, 0xf81f, 0xf81f, 0xf81f, 0xf81f, 0xf81f, 0xf81f, 0xf81f, 0xf81f, 0xf81f,
    0xf81f, 0xf81f, 0xf81f, 0xf81f, 0xf81f, 0xf81f, 0xf81f, 0xf81f, 0xf81f, 0xf81f, 0xf81f, 0xf81f,
    0xf81f, 0xf81f, 0xf81f, 0xf81f, 0xf81f, 0xf81f, 0xf81f, 0xf81f, 0xf81f, 0xf81f, 0xf81f, 0xf81f,
    0xf81f, 0xf81f, 0x0000, 0xffff, 0xffff, 0xbe9c, 0xbe9c, 0xbe9c, 0xffff, 0xbe9c, 0xffff, 0xffff,
    0xffff, 0xffff, 0xbe9c, 0xbe9c, 0x8537, 0x8537, 0x8537, 0x0000, 0xf81f, 0x0000, 0xffff, 0xffff,
    0xffff, 0xffff, 0xffff, 0xffff, 0xffff, 0xffff, 0xffff, 0xffff, 0xffff, 0xffff, 0xbe9c, 0xbe9c,
    0xbe9c, 0xffff, 0xbe9c, 0xbe9c, 0xffff, 0x0000, 0xf81f, 0xf81f, 0xf81f, 0xf81f, 0xf81f, 0xf81f,
    0xf81f, 0xf81f, 0xf81f, 0xf81f, 0xf81f, 0xf81f, 0xf81f, 0xf81f, 0xf81f, 0xf81f, 0xf81f, 0xf81f,
    0xf81f, 0xf81f, 0xf81f, 0xf81f, 0xf81f, 0xf81f, 0xf81f, 0xf81f, 0xf81f, 0xf81f, 0xf81f, 0xf81f,
    0xf81f, 0xf81f, 0xf81f, 0xf81f, 0xf81f, 0xf81f, 0xf81f, 0xf81f, 0xf81f, 0xf81f, 0xf81f, 0xf81f,
    0xf81f, 0xf81f, 0xf81f, 0xf81f, 0xf81f, 0xf81f, 0xf81f, 0xf81f, 0xf81f, 0xf81f, 0xf81f, 0xf81f,
    0xf81f, 0xf81f, 0x0000, 0xffff, 0xffff, 0xbe9c, 0xbe9c, 0xbe9c, 0xbe9c, 0xffff, 0xffff, 0xffff,
    0xffff, 0xbe9c, 0xbe9c, 0x8537, 0x8537, 0x8537, 0x8537, 0x0000, 0xf81f, 0x0000, 0xffff, 0xffff,
    0xffff, 0xffff, 0xffff, 0xffff, 0xffff, 0xffff, 0xffff, 0xffff, 0xffff, 0xffff, 0xffff, 0xbe9c,
    0xbe9c, 0xbe9c, 0xbe9c, 0xbe9c, 0xffff, 0x0000, 0xf81f, 0xf81f, 0xf81f, 0xf81f, 0xf81f, 0xf81f,
    0xf81f, 0xf81f, 0xf81f, 0xf81f, 0xf81f, 0xf81f, 0xf81f, 0xf81f, 0xf81f, 0xf81f, 0xf81f, 0xf81f,
    0xf81f, 0xf81f, 0xf81f, 0xf81f, 0xf81f, 0xf81f, 0xf81f, 0xf81f, 0xf81f, 0xf81f, 0xf81f, 0xf81f,
    0xf81f, 0xf81f, 0xf81f, 0xf81f, 0xf81f, 0xf81f, 0xf81f, 0xf81f, 0xf81f, 0xf81f, 0xf81f, 0xf81f,
    0xf81f, 0xf81f, 0xf81f, 0xf81f, 0xf81f, 0xf81f, 0xf81f, 0xf81f, 0xf81f, 0xf81f, 0xf81f, 0xf81f,
    0xf81f, 0xf81f, 0x0000, 0xffff, 0xffff, 0xffff, 0xffff, 0xffff, 0xffff, 0xffff, 0xffff, 0xffff,
    0xffff, 0xbe9c, 0xbe9c, 0x8537, 0x8537, 0x8537, 0x8537, 0x0000, 0xf81f, 0x0000, 0xffff, 0xffff,
    0x0000, 0x0000, 0xffff, 0xffff, 0xffff, 0xffff, 0xffff, 0xffff, 0xffff, 0xffff, 0xffff, 0xffff,
    0xffff, 0xffff, 0xffff, 0xffff, 0xffff, 0x0000, 0xf81f, 0xf81f, 0xf81f, 0xf81f, 0xf81f, 0xf81f,
    0xf81f, 0xf81f, 0xf81f, 0xf81f, 0xf81f, 0xf81f, 0xf81f, 0xf81f, 0xf81f, 0xf81f, 0xf81f, 0xf81f,
    0xf81f, 0xf81f, 0xf81f, 0xf81f, 0xf81f, 0xf81f, 0xf81f, 0xf81f, 0xf81f, 0xf81f, 0xf81f, 0xf81f,
    0xf81f, 0xf81f, 0xf81f, 0xf81f, 0xf81f, 0xf81f, 0xf81f, 0xf81f, 0xf81f, 0xf81f, 0xf81f, 0xf81f,
    0xf81f, 0xf81f, 0xf81f, 0xf81f, 0xf81f, 0xf81f, 0xf81f, 0xf81f, 0xf81f, 0xf81f, 0xf81f, 0xf81f,
    0xf81f, 0x0000, 0x0000, 0xffff, 0xffff, 0xffff, 0xffff, 0xffff, 0xffff, 0xffff, 0x0000, 0xffff,
    0xbe9c, 0xbe9c, 0x8537, 0x8537, 0x8537, 0x8537, 0x8537, 0x0000, 0xf81f, 0x0000, 0xffff, 0xffff,
    0x0000, 0x0000, 0xffff, 0xffff, 0xffff, 0xffff, 0xffff, 0xffff, 0xffff, 0x0000, 0xffff, 0xffff,
    0xffff, 0xffff, 0xffff, 0xffff, 0xffff, 0x0000, 0xf81f, 0xf81f, 0xf81f, 0xf81f, 0xf81f, 0xf81f,
    0xf81f, 0xf81f, 0xf81f, 0xf81f, 0xf81f, 0xf81f, 0xf81f, 0xf81f, 0xf81f, 0xf81f, 0xf81f, 0xf81f,
    0xf81f, 0xf81f, 0xf81f, 0xf81f, 0xf81f, 0xf81f, 0xf81f, 0xf81f, 0xf81f, 0xf81f, 0xf81f, 0xf81f,
    0xf81f, 0xf81f, 0xf81f, 0xf81f, 0xf81f, 0xf81f, 0xf81f, 0xf81f, 0xf81f, 0xf81f, 0xf81f, 0xf81f,
    0xf81f, 0xf81f, 0xf81f, 0xf81f, 0xf81f, 0xf81f, 0xf81f, 0xf81f, 0xf81f, 0xf81f, 0xf81f, 0xf81f,
    0xf81f, 0x0000, 0xffff, 0xffff, 0xffff, 0xffff, 0xffff, 0xffff, 0x0000, 0x0000, 0x0000, 0x0000,
    0xbe9c, 0xbe9c, 0x8537, 0x8537, 0x8537, 0x8537, 0x8537, 0x0000, 0xf81f, 0x0000, 0xffff, 0x0000,
    0x0000, 0x0000, 0xffff, 0xffff, 0xffff, 0xffff, 0xffff, 0xffff, 0xffff, 0x0000, 0x0000, 0xffff,
    0xffff, 0xffff, 0xffff, 0xffff, 0xffff, 0x0000, 0xf81f, 0xf81f, 0xf81f, 0xf81f, 0xf81f, 0xf81f,
    0xf81f, 0xf81f, 0xf81f, 0xf81f, 0xf81f, 0xf81f, 0xf81f, 0xf81f, 0xf81f, 0xf81f, 0xf81f, 0xf81f,
    0xf81f, 0xf81f, 0xf81f, 0xf81f, 0xf81f, 0xf81f, 0xf81f, 0xf81f, 0xf81f, 0xf81f, 0xf81f, 0xf81f,
    0xf81f, 0xf81f, 0xf81f, 0xf81f, 0xf81f, 0xf81f, 0xf81f, 0xf81f, 0xf81f, 0xf81f, 0xf81f, 0xf81f,
    0xf81f, 0xf81f, 0xf81f, 0xf81f, 0xf81f, 0xf81f, 0xf81f, 0xf81f, 0xf81f, 0xf81f, 0xf81f, 0xf81f,
    0xf81f, 0x0000, 0xffff, 0xffff, 0xffff, 0xffff, 0xffff, 0x0000, 0x0000, 0x1168, 0x1168, 0x0000,
    0xbe9c, 0xbe9c, 0xbe9c, 0x0000, 0x0000, 0x8537, 0x8537, 0x0000, 0xf81f, 0x0000, 0x0000, 0x0000,
    0x2b10, 0x0000, 0xffff, 0xffff, 0xffff, 0x0000, 0x0000, 0x0000, 0xffff, 0x0000, 0x2b10, 0x0000,
    0xffff, 0xffff, 0xffff, 0xffff, 0xffff, 0x0000, 0xf81f, 0xf81f, 0xf81f, 0xf81f, 0xf81f, 0xf81f,
    0xf81f, 0xf81f, 0xf81f, 0xf81f, 0xf81f, 0xf81f, 0xf81f, 0xf81f, 0xf81f, 0xf81f, 0xf81f, 0xf81f,
    0xf81f, 0xf81f, 0xf81f, 0xf81f, 0xf81f, 0xf81f, 0xf81f, 0xf81f, 0xf81f, 0xf81f, 0xf81f, 0xf81f,
    0xf81f, 0xf81f, 0xf81f, 0xf81f, 0xf81f, 0xf81f, 0xf81f, 0xf81f, 0xf81f, 0xf81f, 0xf81f, 0xf81f,
    0xf81f, 0xf81f, 0xf81f, 0xf81f, 0xf81f, 0xf81f, 0xf81f, 0xf81f, 0xf81f, 0xf81f, 0xf81f, 0xf81f,
    0x0000, 0x0000, 0x0000, 0x0000, 0x0000, 0x0000, 0x1168, 0x1168, 0x1168, 0x2b10, 0x1168, 0x0000,
    0x0000, 0xbe9c, 0x0000, 0x1a2c, 0x1a2c, 0x0000, 0x8537, 0x0000, 0xf81f, 0x0000, 0x0000, 0x2b10,
    0x2b10, 0x0000, 0xffff, 0xffff, 0x0000, 0x0000, 0x2b10, 0x0000, 0x0000, 0x0000, 0x2b10, 0x0000,
    0x0000, 0x0000, 0x0000, 0x0000, 0x0000, 0x0000, 0xf81f, 0xf81f, 0xf81f, 0xf81f, 0xf81f, 0xf81f,
    0xf81f, 0xf81f, 0xf81f, 0xf81f, 0xf81f, 0xf81f, 0xf81f, 0xf81f, 0xf81f, 0xf81f, 0xf81f, 0xf81f,
    0xf81f, 0xf81f, 0xf81f, 0xf81f, 0xf81f, 0xf81f, 0xf81f, 0xf81f, 0xf81f, 0xf81f, 0xf81f, 0xf81f,
    0xf81f, 0xf81f, 0xf81f, 0xf81f, 0xf81f, 0xf81f, 0xf81f, 0xf81f, 0xf81f, 0xf81f, 0xf81f, 0xf81f,
    0xf81f, 0xf81f, 0xf81f, 0xf81f, 0xf81f, 0xf81f, 0xf81f, 0xf81f, 0xf81f, 0xf81f, 0xf81f, 0xf81f,
    0x0000, 0x2b10, 0x2b10, 0x2b10, 0x1168, 0x1168, 0x1168, 0x2b10, 0x2b10, 0x2b10, 0x2b10, 0x1168,
    0x1168, 0x0000, 0x0000, 0x4c56, 0x1a2c, 0x0000, 0x0000, 0x0000, 0xf81f, 0x0000, 0x0000, 0x2b10,
    0x2b10, 0x0000, 0x0000, 0x0000, 0x0000, 0x2b10, 0x2b10, 0x2b10, 0x2b10, 0x2b10, 0x2b10, 0x1168,
    0x2b10, 0x2b10, 0x2b10, 0x2b10, 0x2b10, 0x0000, 0x0000, 0xf81f, 0xf81f, 0xf81f, 0xf81f, 0xf81f,
    0xf81f, 0xf81f, 0xf81f, 0xf81f, 0xf81f, 0xf81f, 0xf81f, 0xf81f, 0xf81f, 0xf81f, 0xf81f, 0xf81f,
    0xf81f, 0xf81f, 0xf81f, 0xf81f, 0xf81f, 0xf81f, 0xf81f, 0xf81f, 0xf81f, 0xf81f, 0xf81f, 0xf81f,
    0xf81f, 0xf81f, 0xf81f, 0xf81f, 0xf81f, 0xf81f, 0xf81f, 0xf81f, 0xf81f, 0xf81f, 0xf81f, 0xf81f,
    0xf81f, 0xf81f, 0xf81f, 0xf81f, 0xf81f, 0xf81f, 0xf81f, 0xf81f, 0xf81f, 0xf81f, 0xf81f, 0x0000,
    0x0000, 0x2b10, 0x2b10, 0x2b10, 0x2b10, 0x2b10, 0x2b10, 0x2b10, 0x2b10, 0x4c56, 0x4c56, 0x4c56,
    0x4c56, 0x2b10, 0x4c56, 0x4c56, 0x1a2c, 0x1a2c, 0x1a2c, 0x1168, 0xf81f, 0x0000, 0x1168, 0x2b10,
    0x2b10, 0x2b10, 0x0000, 0x0000, 0x2b10, 0x2b10, 0x7d9a, 0x2b10, 0x2b10, 0x7d9a, 0x7d9a, 0x1168,
    0x7d9a, 0x7d9a, 0x7d9a, 0x2b10, 0x1168, 0x2b10, 0x0000, 0xf81f, 0xf81f, 0xf81f, 0xf81f, 0xf81f,
    0xf81f, 0xf81f, 0xf81f, 0xf81f, 0xf81f, 0xf81f, 0xf81f, 0xf81f, 0xf81f, 0xf81f, 0xf81f, 0xf81f,
    0xf81f, 0xf81f, 0xf81f, 0xf81f, 0xf81f, 0xf81f, 0xf81f, 0xf81f, 0xf81f, 0xf81f, 0xf81f, 0xf81f,
    0xf81f, 0xf81f, 0xf81f, 0xf81f, 0xf81f, 0xf81f, 0xf81f, 0xf81f, 0xf81f, 0xf81f, 0xf81f, 0xf81f,
    0xf81f, 0xf81f, 0xf81f, 0xf81f, 0xf81f, 0xf81f, 0xf81f, 0xf81f, 0xf81f, 0xf81f, 0xf81f, 0x0000,
    0x2b10, 0x2b10, 0x4c56, 0x7d9a, 0x2b10, 0x2b10, 0x4c56, 0x0000, 0x2b10, 0x7d9a, 0x7d9a, 0x7d9a,
    0x7d9a, 0x7d9a, 0x1168, 0x1a2c, 0x0000, 0x1a2c, 0x1a2c, 0x1168, 0xf81f, 0x0000, 0x1168, 0x2b10,
    0x2b10, 0x7d9a, 0x7d9a, 0x7d9a, 0x7d9a, 0x1168, 0x7d9a, 0x7d9a, 0x7d9a, 0x7d9a, 0x7d9a, 0x7d9a,
    0x7d9a, 0x7d9a, 0x7d9a, 0x7d9a, 0x7d9a, 0x2b10, 0x0000, 0xf81f, 0xf81f, 0xf81f, 0xf81f, 0xf81f,
    0xf81f, 0xf81f, 0xf81f, 0xf81f, 0xf81f, 0xf81f, 0xf81f, 0xf81f, 0xf81f, 0xf81f, 0xf81f, 0xf81f,
    0xf81f, 0xf81f, 0xf81f, 0xf81f, 0xf81f, 0xf81f, 0xf81f, 0xf81f, 0xf81f, 0xf81f, 0xf81f, 0xf81f,
    0xf81f, 0xf81f, 0xf81f, 0xf81f, 0xf81f, 0xf81f, 0xf81f, 0xf81f, 0xf81f, 0xf81f, 0xf81f, 0xf81f,
    0xf81f, 0xf81f, 0xf81f, 0xf81f, 0xf81f, 0xf81f, 0xf81f, 0xf81f, 0xf81f, 0xf81f, 0xf81f, 0x0000,
    0x2b10, 0x4c56, 0x4c56, 0x0000, 0x2b10, 0x4c56, 0x4c56, 0x0000, 0x4c56, 0x7d9a, 0x7d9a, 0x7d9a,
    0x1168, 0x7d9a, 0x7d9a, 0x1a2c, 0x7d9a, 0x7d9a, 0x7d9a, 0x1168, 0xf81f, 0x0000, 0x1168, 0x1168,
    0x2b10, 0x7d9a, 0x7d9a, 0x7d9a, 0x7d9a, 0x1168, 0x1168, 0x7d9a, 0x7d9a, 0x7d9a, 0x0000, 0x1168,
    0x7d9a, 0x7d9a, 0x0000, 0x7d9a, 0x7d9a, 0x1168, 0x0000, 0xf81f, 0xf81f, 0xf81f, 0xf81f, 0xf81f,
    0xf81f, 0xf81f, 0xf81f, 0xf81f, 0xf81f, 0xf81f, 0xf81f, 0xf81f, 0xf81f, 0xf81f, 0xf81f, 0xf81f,
    0xf81f, 0xf81f, 0xf81f, 0xf81f, 0xf81f, 0xf81f, 0xf81f, 0xf81f, 0xf81f, 0xf81f, 0xf81f, 0xf81f,
    0xf81f, 0xf81f, 0xf81f, 0xf81f, 0xf81f, 0xf81f, 0xf81f, 0xf81f, 0xf81f, 0xf81f, 0xf81f, 0xf81f,
    0xf81f, 0xf81f, 0xf81f, 0xf81f, 0xf81f, 0xf81f, 0xf81f, 0xf81f, 0xf81f, 0xf81f, 0xf81f, 0x0000,
    0x0000, 0x4c56, 0x4c56, 0x0000, 0x2b10, 0x4c56, 0x4c56, 0x0000, 0x4c56, 0x4c56, 0x4c56, 0x0000,
    0x1168, 0x1168, 0x1168, 0x1168, 0x0000, 0x7d9a, 0x7d9a, 0x1168, 0xf81f, 0x0000, 0x1168, 0x1168,
    0x1168, 0x0000, 0x1168, 0x7d9a, 0x7d9a, 0x0000, 0x1168, 0x1168, 0x1168, 0x1168, 0x0000, 0x1168,
    0x1168, 0x1168, 0x0000, 0x7d9a, 0x7d9a, 0x1168, 0x0000, 0xf81f, 0xf81f, 0xf81f, 0xf81f, 0xf81f,
    0xf81f, 0xf81f, 0xf81f, 0xf81f, 0xf81f, 0xf81f, 0xf81f, 0xf81f, 0xf81f, 0xf81f, 0xf81f, 0xf81f,
    0xf81f, 0xf81f, 0xf81f, 0xf81f, 0xf81f, 0xf81f, 0xf81f, 0xf81f, 0xf81f, 0xf81f, 0xf81f, 0xf81f,
    0xf81f, 0xf81f, 0xf81f, 0xf81f, 0xf81f, 0xf81f, 0xf81f, 0xf81f, 0xf81f, 0xf81f, 0xf81f, 0xf81f,
    0xf81f, 0xf81f, 0xf81f, 0xf81f, 0xf81f, 0xf81f, 0xf81f, 0xf81f, 0xf81f, 0xf81f, 0xf81f, 0xf81f,
    0x0000, 0x0000, 0x0000, 0x0000, 0x0000, 0x0000, 0x0000, 0x0000, 0x0000, 0x0000, 0x0000, 0x0000,
    0x0000, 0x0000, 0x0000, 0x0000, 0x0000, 0x0000, 0x0000, 0x0000, 0xf81f, 0x0000, 0x0000, 0x0000,
    0x0000, 0x0000, 0x0000, 0x0000, 0x0000, 0x0000, 0x0000, 0x0000, 0x0000, 0x0000, 0x0000, 0x0000,
    0x0000, 0x0000, 0x0000, 0x0000, 0x0000, 0x0000, 0x0000, 0xf81f, 0xf81f, 0xf81f, 0xf81f, 0xf81f,
    0xf81f, 0xf81f, 0xf81f, 0xf81f, 0xf81f, 0xf81f, 0xf81f, 0xf81f, 0xf81f, 0xf81f, 0xf81f, 0xf81f,
    0xf81f, 0xf81f, 0xf81f, 0xf81f, 0xf81f, 0xf81f, 0xf81f, 0xf81f, 0xf81f, 0xf81f, 0xf81f, 0xf81f,
    0xf81f, 0xf81f, 0xf81f, 0xf81f, 0xf81f, 0xf81f, 0xf81f, 0xf81f, 0xf81f, 0xf81f, 0xf81f, 0xf81f,
    0xf81f, 0xf81f, 0xf81f, 0xf81f, 0xf81f, 0xf81f, 0xf81f, 0xf81f, 0xf81f, 0xf81f, 0xf81f, 0xf81f,
    0xf81f, 0xf81f, 0xf81f, 0xf81f, 0xf81f, 0xf81f, 0xf81f, 0xf81f, 0xf81f, 0xf81f, 0xf81f, 0xf81f,
    0xf81f, 0xf81f, 0xf81f, 0xf81f, 0xf81f, 0xf81f, 0xf81f, 0xf81f, 0xf81f, 0xf81f, 0xf81f, 0xf81f,
    0xf81f, 0xf81f, 0xf81f, 0xf81f, 0xf81f, 0xf81f, 0xf81f, 0xf81f, 0xf81f, 0xf81f, 0xf81f, 0xf81f,
    0xf81f, 0xf81f, 0xf81f, 0xf81f, 0xf81f, 0xf81f, 0xf81f, 0xf81f, 0xf81f, 0xf81f, 0xf81f, 0xf81f,
    0xf81f, 0xf81f, 0xf81f, 0xf81f, 0xf81f, 0xf81f, 0xf81f, 0xf81f, 0xf81f, 0xf81f, 0xf81f, 0xf81f,
    0xf81f, 0xf81f, 0xf81f, 0xf81f, 0xf81f, 0xf81f, 0xf81f, 0xf81f, 0xf81f, 0xf81f, 0xf81f, 0xf81f,
    0xf81f, 0xf81f, 0xf81f, 0xf81f, 0xf81f, 0xf81f, 0xf81f, 0xf81f, 0xf81f, 0xf81f, 0xf81f, 0xf81f,
    0xf81f, 0xf81f, 0xf81f, 0xf81f, 0xf81f, 0xf81f, 0xf81f, 0xf81f, 0xf81f, 0xf81f, 0xf81f, 0xf81f,
    0xf81f, 0xf81f, 0xf81f, 0xf81f, 0xf81f, 0xf81f, 0xf81f, 0xf81f, 0xf81f, 0xf81f, 0xf81f, 0xf81f,
    0x0000, 0x0000, 0x0000, 0x0000, 0x0000, 0x0000, 0x0000, 0x0000, 0x0000, 0x0000, 0x0000, 0x0000,
    0x0000, 0xf81f, 0xf81f, 0xf81f, 0xf81f, 0xf81f, 0xf81f, 0xf81f, 0xf81f, 0xf81f, 0xf81f, 0xf81f,
    0xf81f, 0xf81f, 0xf81f, 0xf81f, 0xf81f, 0xf81f, 0xf81f, 0xf81f, 0xf81f, 0xf81f, 0xf81f, 0xf81f,
    0xf81f, 0xf81f, 0xf81f, 0xf81f, 0xf81f, 0xf81f, 0xf81f, 0xf81f, 0xf81f, 0xf81f, 0xf81f, 0xf81f,
    0xf81f, 0xf81f, 0xf81f, 0xf81f, 0xf81f, 0xf81f, 0xf81f, 0xf81f, 0xf81f, 0xf81f, 0xf81f, 0xf81f,
    0xf81f, 0xf81f, 0xf81f, 0xf81f, 0xf81f, 0xf81f, 0xf81f, 0xf81f, 0xf81f, 0xf81f, 0xf81f, 0xf81f,
    0xf81f, 0xf81f, 0xf81f, 0xf81f, 0xf81f, 0xf81f, 0xf81f, 0xf81f, 0xf81f, 0xf81f, 0xf81f, 0xf81f,
    0xf81f, 0xf81f, 0xf81f, 0xf81f, 0xf81f, 0xf81f, 0xf81f, 0xf81f, 0x0000, 0x0000, 0x0000, 0x0000,
    0xffff, 0xffff, 0xffff, 0xffff, 0xffff, 0xffff, 0xffff, 0xffff, 0xffff, 0xffff, 0xffff, 0xffff,
    0x0000, 0x0000, 0x0000, 0x0000, 0x0000, 0x0000, 0x0000, 0xf81f, 0xf81f, 0xf81f, 0xf81f, 0xf81f,
    0xf81f, 0xf81f, 0xf81f, 0xf81f, 0xf81f, 0xf81f, 0xf81f, 0xf81f, 0xf81f, 0xf81f, 0xf81f, 0xf81f,
    0xf81f, 0xf81f, 0xf81f, 0xf81f, 0xf81f, 0xf81f, 0xf81f, 0xf81f, 0xf81f, 0xf81f, 0xf81f, 0xf81f,
    0xf81f, 0xf81f, 0xf81f, 0xf81f, 0xf81f, 0xf81f, 0xf81f, 0xf81f, 0xf81f, 0xf81f, 0xf81f, 0xf81f,
    0xf81f, 0xf81f, 0xf81f, 0xf81f, 0xf81f, 0xf81f, 0xf81f, 0xf81f, 0xf81f, 0xf81f, 0xf81f, 0xf81f,
    0xf81f, 0xf81f, 0xf81f, 0xf81f, 0xf81f, 0xf81f, 0xf81f, 0xf81f, 0xf81f, 0xf81f, 0xf81f, 0xf81f,
    0xf81f, 0xf81f, 0xf81f, 0xf81f, 0xf81f, 0xf81f, 0xf81f, 0x0000, 0x0000, 0xffff, 0xffff, 0xffff,
    0xffff, 0xffff, 0xffff, 0xffff, 0xffff, 0xffff, 0xffff, 0xffff, 0xffff, 0xffff, 0xffff, 0xffff,
    0xffff, 0x8e19, 0x8e19, 0x8e19, 0xffff, 0xffff, 0x0000, 0x0000, 0xf81f, 0xf81f, 0xf81f, 0xf81f,
    0xf81f, 0xf81f, 0xf81f, 0xf81f, 0xf81f, 0xf81f, 0xf81f, 0xf81f, 0xf81f, 0xf81f, 0xf81f, 0xf81f,
    0xf81f, 0xf81f, 0xf81f, 0xf81f, 0xf81f, 0xf81f, 0xf81f, 0xf81f, 0xf81f, 0xf81f, 0xf81f, 0xf81f,
    0xf81f, 0xf81f, 0xf81f, 0xf81f, 0xf81f, 0xf81f, 0xf81f, 0xf81f, 0xf81f, 0xf81f, 0xf81f, 0xf81f,
    0xf81f, 0xf81f, 0xf81f, 0xf81f, 0xf81f, 0xf81f, 0xf81f, 0xf81f, 0xf81f, 0xf81f, 0xf81f, 0xf81f,
    0xf81f, 0xf81f, 0xf81f, 0xf81f, 0xf81f, 0xf81f, 0xf81f, 0xf81f, 0xf81f, 0xf81f, 0xf81f, 0xf81f,
    0xf81f, 0xf81f, 0xf81f, 0xf81f, 0xf81f, 0xf81f, 0x0000, 0x0000, 0xffff, 0xffff, 0xffff, 0xffff,
    0xffff, 0xffff, 0xffff, 0xffff, 0xffff, 0xffff, 0xffff, 0xffff, 0xffff, 0xffff, 0xffff, 0xffff,
    0xffff, 0x8e19, 0x8e19, 0x8e19, 0x8e19, 0x8e19, 0xffff, 0xffff, 0x0000, 0xf81f, 0xf81f, 0xf81f,
    0xf81f, 0xf81f, 0xf81f, 0xf81f, 0xf81f, 0xf81f, 0xf81f, 0xf81f, 0xf81f, 0xf81f, 0xf81f, 0xf81f,
    0xf81f, 0xf81f, 0xf81f, 0xf81f, 0xf81f, 0xf81f, 0xf81f, 0xf81f, 0xf81f, 0xf81f, 0xf81f, 0xf81f,
    0xf81f, 0xf81f, 0xf81f, 0xf81f, 0xf81f, 0xf81f, 0xf81f, 0xf81f, 0xf81f, 0xf81f, 0xf81f, 0xf81f,
    0xf81f, 0xf81f, 0xf81f, 0xf81f, 0xf81f, 0xf81f, 0xf81f, 0xf81f, 0xf81f, 0xf81f, 0xf81f, 0xf81f,
    0xf81f, 0xf81f, 0xf81f, 0xf81f, 0xf81f, 0xf81f, 0xf81f, 0xf81f, 0xf81f, 0xf81f, 0xf81f, 0xf81f,
    0xf81f, 0xf81f, 0xf81f, 0xf81f, 0xf81f, 0xf81f, 0x0000, 0xffff, 0xffff, 0xffff, 0xffff, 0xffff,
    0xffff, 0xffff, 0xffff, 0xffff, 0xffff, 0xffff, 0xffff, 0xffff, 0xffff, 0xffff, 0xffff, 0xffff,
    0xffff, 0x8e19, 0x8e19, 0x8e19, 0x8e19, 0xffff, 0xffff, 0xffff, 0xffff, 0x0000, 0x0000, 0xf81f,
    0xf81f, 0xf81f, 0xf81f, 0xf81f, 0xf81f, 0xf81f, 0xf81f, 0xf81f, 0xf81f, 0xf81f, 0xf81f, 0xf81f,
    0xf81f, 0xf81f, 0xf81f, 0xf81f, 0xf81f, 0xf81f, 0xf81f, 0xf81f, 0xf81f, 0xf81f, 0xf81f, 0xf81f,
    0xf81f, 0xf81f, 0xf81f, 0xf81f, 0xf81f, 0xf81f, 0xf81f, 0xf81f, 0xf81f, 0xf81f, 0xf81f, 0xf81f,
    0xf81f, 0xf81f, 0xf81f, 0xf81f, 0xf81f, 0xf81f, 0xf81f, 0xf81f, 0xf81f, 0xf81f, 0xf81f, 0xf81f,
    0xf81f, 0xf81f, 0xf81f, 0xf81f, 0xf81f, 0xf81f, 0xf81f, 0xf81f, 0xf81f, 0xf81f, 0xf81f, 0xf81f,
    0xf81f, 0xf81f, 0xf81f, 0xf81f, 0xf81f, 0x0000, 0x0000, 0xffff, 0xffff, 0xffff, 0xffff, 0xffff,
    0xffff, 0xffff, 0xffff, 0xffff, 0xffff, 0xffff, 0xffff, 0xffff, 0xffff, 0xffff, 0xffff, 0xffff,
    0xffff, 0xffff, 0xffff, 0xffff, 0xffff, 0xffff, 0xffff, 0xffff, 0xffff, 0xffff, 0x0000, 0xf81f,
    0xf81f, 0xf81f, 0xf81f, 0xf81f, 0xf81f, 0xf81f, 0xf81f, 0xf81f, 0xf81f, 0xf81f, 0xf81f, 0xf81f,
    0xf81f, 0xf81f, 0xf81f, 0xf81f, 0xf81f, 0xf81f, 0xf81f, 0xf81f, 0xf81f, 0xf81f, 0xf81f, 0xf81f,
    0xf81f, 0xf81f, 0xf81f, 0xf81f, 0xf81f, 0xf81f, 0xf81f, 0xf81f, 0xf81f, 0xf81f, 0xf81f, 0xf81f,
    0xf81f, 0xf81f, 0xf81f, 0xf81f, 0xf81f, 0xf81f, 0xf81f, 0xf81f, 0xf81f, 0xf81f, 0xf81f, 0xf81f,
    0xf81f, 0xf81f, 0xf81f, 0xf81f, 0xf81f, 0xf81f, 0xf81f, 0xf81f, 0xf81f, 0xf81f, 0xf81f, 0xf81f,
    0xf81f, 0xf81f, 0xf81f, 0xf81f, 0x0000, 0x0000, 0xffff, 0xffff, 0xffff, 0xffff, 0x8e19, 0x8e19,
    0x8e19, 0x8e19, 0x8e19, 0x8e19, 0x8e19, 0xffff, 0xffff, 0xffff, 0x8e19, 0x8e19, 0x8e19, 0x8e19,
    0x8e19, 0x8e19, 0xffff, 0xffff, 0xffff, 0xffff, 0xffff, 0xffff, 0xffff, 0xffff, 0x0000, 0x0000,
    0xf81f, 0xf81f, 0xf81f, 0xf81f, 0xf81f, 0xf81f, 0xf81f, 0xf81f, 0xf81f, 0xf81f, 0xf81f, 0xf81f,
    0xf81f, 0xf81f, 0xf81f, 0xf81f, 0xf81f, 0xf81f, 0xf81f, 0xf81f, 0xf81f, 0xf81f, 0xf81f, 0xf81f,
    0xf81f, 0xf81f, 0xf81f, 0xf81f, 0xf81f, 0xf81f, 0xf81f, 0xf81f, 0xf81f, 0xf81f, 0xf81f, 0xf81f,
    0xf81f, 0xf81f, 0xf81f, 0xf81f, 0xf81f, 0xf81f, 0xf81f, 0xf81f, 0xf81f, 0xf81f, 0xf81f, 0xf81f,
    0xf81f, 0xf81f, 0xf81f, 0xf81f, 0xf81f, 0xf81f, 0xf81f, 0xf81f, 0xf81f, 0xf81f, 0xf81f, 0xf81f,
    0xf81f, 0xf81f, 0xf81f, 0xf81f, 0x0000, 0xffff, 0xffff, 0xffff, 0xffff, 0x8e19, 0x0000, 0x0000,
    0x0000, 0x0000, 0x0000, 0x0000, 0x0000, 0x8e19, 0xffff, 0x8e19, 0x8e19, 0x0000, 0x0000, 0x0000,
    0x0000, 0x0000, 0x0000, 0x0000, 0xffff, 0xffff, 0xffff, 0xffff, 0xffff, 0xffff, 0xffff, 0x0000,
    0x0000, 0xf81f, 0xf81f, 0xf81f, 0xf81f, 0xf81f, 0xf81f, 0xf81f, 0xf81f, 0xf81f, 0xf81f, 0xf81f,
    0xf81f, 0xf81f, 0xf81f, 0xf81f, 0xf81f, 0xf81f, 0xf81f, 0xf81f, 0xf81f, 0xf81f, 0xf81f, 0xf81f,
    0xf81f, 0xf81f, 0xf81f, 0xf81f, 0xf81f, 0xf81f, 0xf81f, 0xf81f, 0xf81f, 0xf81f, 0xf81f, 0xf81f,
    0xf81f, 0xf81f, 0xf81f, 0xf81f, 0xf81f, 0xf81f, 0xf81f, 0xf81f, 0xf81f, 0xf81f, 0xf81f, 0xf81f,
    0xf81f, 0xf81f, 0xf81f, 0xf81f, 0xf81f, 0xf81f, 0xf81f, 0xf81f, 0xf81f, 0xf81f, 0xf81f, 0xf81f,
    0xf81f, 0xf81f, 0x0000, 0x0000, 0x0000, 0xffff, 0xffff, 0xffff, 0xffff, 0x0000, 0x0000, 0x2b10,
    0x2b10, 0x2b10, 0x2b10, 0x2b10, 0x0000, 0x8e19, 0x8e19, 0x8e19, 0x0000, 0x0000, 0x2b10, 0x2b10,
    0x2b10, 0x2b10, 0x2b10, 0x2b10, 0x0000, 0x0000, 0xffff, 0xffff, 0xffff, 0xffff, 0xffff, 0x8e19,
    0x0000, 0xf81f, 0xf81f, 0xf81f, 0xf81f, 0xf81f, 0xf81f, 0xf81f, 0xf81f, 0xf81f, 0xf81f, 0xf81f,
    0xf81f, 0xf81f, 0xf81f, 0xf81f, 0xf81f, 0xf81f, 0xf81f, 0xf81f, 0xf81f, 0xf81f, 0xf81f, 0xf81f,
    0xf81f, 0xf81f, 0xf81f, 0xf81f, 0xf81f, 0xf81f, 0xf81f, 0xf81f, 0xf81f, 0xf81f, 0xf81f, 0xf81f,
    0xf81f, 0xf81f, 0xf81f, 0xf81f, 0xf81f, 0xf81f, 0xf81f, 0xf81f, 0xf81f, 0xf81f, 0xf81f, 0xf81f,
    0xf81f, 0xf81f, 0xf81f, 0xf81f, 0xf81f, 0xf81f, 0xf81f, 0xf81f, 0xf81f, 0xf81f, 0xf81f, 0xf81f,
    0xf81f, 0xf81f, 0x0000, 0x0000, 0xffff, 0xffff, 0xffff, 0xffff, 0x0000, 0x0000, 0x2b10, 0xbe9c,
    0xbe9c, 0xbe9c, 0x4c56, 0x4c56, 0x2b10, 0x0000, 0x8e19, 0x8e19, 0x0000, 0x2b10, 0x4c56, 0x4c56,
    0xbe9c, 0xbe9c, 0xbe9c, 0xbe9c, 0x2b10, 0x0000, 0x0000, 0xffff, 0xffff, 0xffff, 0xffff, 0x8e19,
    0x8e19, 0x0000, 0xf81f, 0xf81f, 0xf81f, 0xf81f, 0xf81f, 0xf81f, 0xf81f, 0xf81f, 0xf81f, 0xf81f,
    0xf81f, 0xf81f, 0xf81f, 0xf81f, 0xf81f, 0xf81f, 0xf81f, 0xf81f, 0xf81f, 0xf81f, 0xf81f, 0xf81f,
    0xf81f, 0xf81f, 0xf81f, 0xf81f, 0xf81f, 0xf81f, 0xf81f, 0xf81f, 0xf81f, 0xf81f, 0xf81f, 0xf81f,
    0xf81f, 0xf81f, 0xf81f, 0xf81f, 0xf81f, 0xf81f, 0xf81f, 0xf81f, 0xf81f, 0xf81f, 0xf81f, 0xf81f,
    0xf81f, 0xf81f, 0xf81f, 0xf81f, 0xf81f, 0xf81f, 0xf81f, 0xf81f, 0xf81f, 0xf81f, 0xf81f, 0xf81f,
    0xf81f, 0xf81f, 0x0000, 0x8e19, 0xffff, 0xffff, 0xffff, 0xffff, 0x0000, 0x2b10, 0x2b10, 0xbe9c,
    0xbe9c, 0x4c56, 0x4c56, 0x4c56, 0x2b10, 0x2b10, 0x0000, 0x0000, 0x0000, 0x2b10, 0x4c56, 0x4c56,
    0x4c56, 0xbe9c, 0xbe9c, 0xbe9c, 0x2b10, 0x2b10, 0x0000, 0xffff, 0xffff, 0xffff, 0xffff, 0x8e19,
    0x8e19, 0x0000, 0x0000, 0xf81f, 0xf81f, 0xf81f, 0xf81f, 0xf81f, 0xf81f, 0xf81f, 0xf81f, 0xf81f,
    0xf81f, 0xf81f, 0xf81f, 0xf81f, 0xf81f, 0xf81f, 0xf81f, 0xf81f, 0xf81f, 0xf81f, 0xf81f, 0xf81f,
    0xf81f, 0xf81f, 0xf81f, 0xf81f, 0xf81f, 0xf81f, 0xf81f, 0xf81f, 0xf81f, 0xf81f, 0xf81f, 0xf81f,
    0xf81f, 0xf81f, 0xf81f, 0xf81f, 0xf81f, 0xf81f, 0xf81f, 0xf81f, 0xf81f, 0xf81f, 0xf81f, 0xf81f,
    0xf81f, 0xf81f, 0xf81f, 0xf81f, 0xf81f, 0xf81f, 0xf81f, 0xf81f, 0xf81f, 0xf81f, 0xf81f, 0xf81f,
    0xf81f, 0xf81f, 0x0000, 0x8e19, 0xffff, 0xffff, 0xffff, 0xffff, 0x0000, 0x2b10, 0x2b10, 0x2b10,
    0x2b10, 0x2b10, 0x2b10, 0x2b10, 0x2b10, 0x2b10, 0x2b10, 0x2b10, 0x2b10, 0x2b10, 0x2b10, 0x2b10,
    0x2b10, 0x2b10, 0x2b10, 0x2b10, 0x2b10, 0x2b10, 0x2b10, 0x0000, 0xffff, 0xffff, 0xffff, 0x8e19,
    0x8e19, 0xbe9c, 0x0000, 0xf81f, 0xf81f, 0xf81f, 0xf81f, 0xf81f, 0xf81f, 0xf81f, 0xf81f, 0xf81f,
    0xf81f, 0xf81f, 0xf81f, 0xf81f, 0xf81f, 0xf81f, 0xf81f, 0xf81f, 0xf81f, 0xf81f, 0xf81f, 0xf81f,
    0xf81f, 0xf81f, 0xf81f, 0xf81f, 0xf81f, 0xf81f, 0xf81f, 0xf81f, 0xf81f, 0xf81f, 0xf81f, 0xf81f,
    0xf81f, 0xf81f, 0xf81f, 0xf81f, 0xf81f, 0xf81f, 0xf81f, 0xf81f, 0xf81f, 0xf81f, 0xf81f, 0xf81f,
    0xf81f, 0xf81f, 0xf81f, 0xf81f, 0xf81f, 0xf81f, 0xf81f, 0xf81f, 0xf81f, 0xf81f, 0xf81f, 0x0000,
    0x0000, 0x0000, 0x0000, 0x8e19, 0xffff, 0xffff, 0xffff, 0xffff, 0x0000, 0x2b10, 0x2b10, 0x2b10,
    0x2b10, 0x2b10, 0x2b10, 0x2b10, 0x2b10, 0x2b10, 0x2b10, 0x2b10, 0x2b10, 0x2b10, 0x2b10, 0x2b10,
    0x2b10, 0x2b10, 0x2b10, 0x2b10, 0x2b10, 0x2b10, 0x2b10, 0x0000, 0xffff, 0xffff, 0xffff, 0x8e19,
    0x8e19, 0xbe9c, 0x0000, 0x0000, 0x0000, 0x0000, 0xf81f, 0xf81f, 0xf81f, 0xf81f, 0xf81f, 0xf81f,
    0xf81f, 0xf81f, 0xf81f, 0xf81f, 0xf81f, 0xf81f, 0xf81f, 0xf81f, 0xf81f, 0xf81f, 0xf81f, 0xf81f,
    0xf81f, 0xf81f, 0xf81f, 0xf81f, 0xf81f, 0xf81f, 0xf81f, 0xf81f, 0xf81f, 0xf81f, 0xf81f, 0xf81f,
    0xf81f, 0xf81f, 0xf81f, 0xf81f, 0xf81f, 0xf81f, 0xf81f, 0xf81f, 0xf81f, 0xf81f, 0xf81f, 0xf81f,
    0xf81f, 0xf81f, 0xf81f, 0xf81f, 0xf81f, 0xf81f, 0xf81f, 0xf81f, 0xf81f, 0xf81f, 0xf81f, 0x0000,
    0x4c56, 0x4c56, 0x0000, 0x8e19, 0xffff, 0xffff, 0xffff, 0xffff, 0x0000, 0x2b10, 0x2b10, 0x0000,
    0x0000, 0x0000, 0x0000, 0x0000, 0x2b10, 0x2b10, 0x2b10, 0x2b10, 0x2b10, 0x2b10, 0x2b10, 0x2b10,
    0x0000, 0x0000, 0x0000, 0x0000, 0x0000, 0x2b10, 0x2b10, 0x0000, 0xffff, 0xffff, 0xffff, 0x8e19,
    0xbe9c, 0xbe9c, 0x0000, 0x224c, 0x224c, 0x0000, 0xf81f, 0xf81f, 0xf81f, 0xf81f, 0xf81f, 0xf81f,
    0xf81f, 0xf81f, 0xf81f, 0xf81f, 0xf81f, 0xf81f, 0xf81f, 0xf81f, 0xf81f, 0xf81f, 0xf81f, 0xf81f,
    0xf81f, 0xf81f, 0xf81f, 0xf81f, 0xf81f, 0xf81f, 0xf81f, 0xf81f, 0xf81f, 0xf81f, 0xf81f, 0xf81f,
    0xf81f, 0xf81f, 0xf81f, 0xf81f, 0xf81f, 0xf81f, 0xf81f, 0xf81f, 0xf81f, 0xf81f, 0xf81f, 0xf81f,
    0xf81f, 0xf81f, 0xf81f, 0xf81f, 0xf81f, 0xf81f, 0xf81f, 0xf81f, 0xf81f, 0xf81f, 0xf81f, 0x0000,
    0x4c56, 0x4c56, 0x0000, 0x8e19, 0xffff, 0xffff, 0xffff, 0x0000, 0x0000, 0x2b10, 0x2b10, 0x2b10,
    0x08e5, 0xffff, 0xffff, 0x0000, 0x2b10, 0x2b10, 0x2b10, 0x4c56, 0x4c56, 0x2b10, 0x2b10, 0x2b10,
    0x08e5, 0xffff, 0xffff, 0x0000, 0x2b10, 0x2b10, 0x1168, 0x0000, 0xffff, 0xffff, 0xffff, 0x8e19,
    0xbe9c, 0xbe9c, 0x0000, 0x4c56, 0x4c56, 0x0000, 0xf81f, 0xf81f, 0xf81f, 0xf81f, 0xf81f, 0xf81f,
    0xf81f, 0xf81f, 0xf81f, 0xf81f, 0xf81f, 0xf81f, 0xf81f, 0xf81f, 0xf81f, 0xf81f, 0xf81f, 0xf81f,
    0xf81f, 0xf81f, 0xf81f, 0xf81f, 0xf81f, 0xf81f, 0xf81f, 0xf81f, 0xf81f, 0xf81f, 0xf81f, 0xf81f,
    0xf81f, 0xf81f, 0xf81f, 0xf81f, 0xf81f, 0xf81f, 0xf81f, 0xf81f, 0xf81f, 0xf81f, 0xf81f, 0xf81f,
    0xf81f, 0xf81f, 0xf81f, 0xf81f, 0xf81f, 0xf81f, 0xf81f, 0xf81f, 0xf81f, 0xf81f, 0xf81f, 0x0000,
    0x2b10, 0x4c56, 0x0000, 0xffff, 0xffff, 0xffff, 0x0000, 0x0000, 0x1168, 0x1168, 0x2b10, 0x2b10,
    0x08e5, 0x08e5, 0x08e5, 0x08e5, 0x2b10, 0x4c56, 0x4c56, 0x4c56, 0x4c56, 0x4c56, 0x2b10, 0x2b10,
    0x08e5, 0x08e5, 0x08e5, 0x08e5, 0x2b10, 0x2b10, 0x1168, 0x0000, 0x0000, 0xffff, 0xffff, 0xffff,
    0xbe9c, 0xbe9c, 0x0000, 0x4c56, 0x2b10, 0x0000, 0xf81f, 0xf81f, 0xf81f, 0xf81f, 0xf81f, 0xf81f,
    0xf81f, 0xf81f, 0xf81f, 0xf81f, 0xf81f, 0xf81f, 0xf81f, 0xf81f, 0xf81f, 0xf81f, 0xf81f, 0xf81f,
    0xf81f, 0xf81f, 0xf81f, 0xf81f, 0xf81f, 0xf81f, 0xf81f, 0xf81f, 0xf81f, 0xf81f, 0xf81f, 0xf81f,
    0xf81f, 0xf81f, 0xf81f, 0xf81f, 0xf81f, 0xf81f, 0xf81f, 0xf81f, 0xf81f, 0xf81f, 0xf81f, 0xf81f,
    0xf81f, 0xf81f, 0xf81f, 0xf81f, 0xf81f, 0xf81f, 0xf81f, 0xf81f, 0xf81f, 0xf81f, 0xf81f, 0x0000,
    0x2b10, 0x224c, 0x0000, 0xffff, 0x8e19, 0xffff, 0x0000, 0x1168, 0x1168, 0x1168, 0x2b10, 0x4c56,
    0x2b10, 0x2b10, 0x2b10, 0x2b10, 0x4c56, 0x4c56, 0x4c56, 0x4c56, 0x4c56, 0x4c56, 0x4c56, 0x2b10,
    0x2b10, 0x2b10, 0x2b10, 0x2b10, 0x2b10, 0x1168, 0x1168, 0x1168, 0x0000, 0xffff, 0xffff, 0xffff,
    0xbe9c, 0xbe9c, 0x0000, 0x4c56, 0x2b10, 0x0000, 0xf81f, 0xf81f, 0xf81f, 0xf81f, 0xf81f, 0xf81f,
    0xf81f, 0xf81f, 0xf81f, 0xf81f, 0xf81f, 0xf81f, 0xf81f, 0xf81f, 0xf81f, 0xf81f, 0xf81f, 0xf81f,
    0xf81f, 0xf81f, 0xf81f, 0xf81f, 0xf81f, 0xf81f, 0xf81f, 0xf81f, 0xf81f, 0xf81f, 0xf81f, 0xf81f,
    0xf81f, 0xf81f, 0xf81f, 0xf81f, 0xf81f, 0xf81f, 0xf81f, 0xf81f, 0xf81f, 0xf81f, 0xf81f, 0xf81f,
    0xf81f, 0xf81f, 0xf81f, 0xf81f, 0xf81f, 0xf81f, 0xf81f, 0xf81f, 0xf81f, 0xf81f, 0xf81f, 0x0000,
    0x2b10, 0x224c, 0x0000, 0xffff, 0x8e19, 0xffff, 0x0000, 0x1168, 0x1168, 0x4c56, 0x4c56, 0x2b10,
    0x2b10, 0x2b10, 0x2b10, 0x2b10, 0x2b10, 0x0000, 0x0000, 0x0000, 0x0000, 0x0000, 0x0000, 0x2b10,
    0x2b10, 0x2b10, 0x2b10, 0x2b10, 0x4c56, 0x4c56, 0x1168, 0x1168, 0x0000, 0xffff, 0xffff, 0xffff,
    0xbe9c, 0xbe9c, 0x0000, 0x4c56, 0x2b10, 0x0000, 0xf81f, 0xf81f, 0xf81f, 0xf81f, 0xf81f, 0xf81f,
    0xf81f, 0xf81f, 0xf81f, 0xf81f, 0xf81f, 0xf81f, 0xf81f, 0xf81f, 0xf81f, 0xf81f, 0xf81f, 0xf81f,
    0xf81f, 0xf81f, 0xf81f, 0xf81f, 0xf81f, 0xf81f, 0xf81f, 0xf81f, 0xf81f, 0xf81f, 0xf81f, 0xf81f,
    0xf81f, 0xf81f, 0xf81f, 0xf81f, 0xf81f, 0xf81f, 0xf81f, 0xf81f, 0xf81f, 0xf81f, 0xf81f, 0xf81f,
    0xf81f, 0xf81f, 0xf81f, 0xf81f, 0xf81f, 0xf81f, 0xf81f, 0xf81f, 0xf81f, 0xf81f, 0xf81f, 0x0000,
    0x2b10, 0x224c, 0x0000, 0x8e19, 0x8e19, 0xffff, 0x0000, 0x1168, 0x2b10, 0x2b10, 0x2b10, 0x2b10,
    0x2b10, 0x2b10, 0x2b10, 0x2b10, 0x2b10, 0x0000, 0x19ea, 0x19ea, 0x19ea, 0x2b10, 0x0000, 0x2b10,
    0x2b10, 0x2b10, 0x2b10, 0x2b10, 0x2b10, 0x2b10, 0x2b10, 0x1168, 0x0000, 0xffff, 0xffff, 0xffff,
    0xbe9c, 0xbe9c, 0x0000, 0x4c56, 0x2b10, 0x0000, 0xf81f, 0xf81f, 0xf81f, 0xf81f, 0xf81f, 0xf81f,
    0xf81f, 0xf81f, 0xf81f, 0xf81f, 0xf81f, 0xf81f, 0xf81f, 0xf81f, 0xf81f, 0xf81f, 0xf81f, 0xf81f,
    0xf81f, 0xf81f, 0xf81f, 0xf81f, 0xf81f, 0xf81f, 0xf81f, 0xf81f, 0xf81f, 0xf81f, 0xf81f, 0xf81f,
    0xf81f, 0xf81f, 0xf81f, 0xf81f, 0xf81f, 0xf81f, 0xf81f, 0xf81f, 0xf81f, 0xf81f, 0xf81f, 0xf81f,
    0xf81f, 0xf81f, 0xf81f, 0xf81f, 0xf81f, 0xf81f, 0xf81f, 0xf81f, 0xf81f, 0xf81f, 0xf81f, 0x0000,
    0x0000, 0x0000, 0x0000, 0x8e19, 0x8e19, 0xffff, 0x0000, 0x2b10, 0x2b10, 0x2b10, 0x2b10, 0x2b10,
    0x0000, 0x0000, 0x0000, 0x0000, 0x0000, 0x0000, 0x0000, 0x19ea, 0x2b10, 0x0000, 0x0000, 0x0000,
    0x2b10, 0x2b10, 0x2b10, 0x2b10, 0x2b10, 0x2b10, 0x2b10, 0x2b10, 0x0000, 0xffff, 0xffff, 0xffff,
    0xbe9c, 0xbe9c, 0x0000, 0x224c, 0x2b10, 0x0000, 0xf81f, 0xf81f, 0xf81f, 0xf81f, 0xf81f, 0xf81f,
    0xf81f, 0xf81f, 0xf81f, 0xf81f, 0xf81f, 0xf81f, 0xf81f, 0xf81f, 0xf81f, 0xf81f, 0xf81f, 0xf81f,
    0xf81f, 0xf81f, 0xf81f, 0xf81f, 0xf81f, 0xf81f, 0xf81f, 0xf81f, 0xf81f, 0xf81f, 0xf81f, 0xf81f,
    0xf81f, 0xf81f, 0xf81f, 0xf81f, 0xf81f, 0xf81f, 0xf81f, 0xf81f, 0xf81f, 0xf81f, 0xf81f, 0xf81f,
    0xf81f, 0xf81f, 0xf81f, 0xf81f, 0xf81f, 0xf81f, 0xf81f, 0xf81f, 0xf81f, 0xf81f, 0xf81f, 0xf81f,
    0xf81f, 0x0000, 0x0000, 0x8e19, 0x8e19, 0xffff, 0x0000, 0x2b10, 0x2b10, 0x2b10, 0x2b10, 0x0000,
    0x0000, 0xffff, 0xffff, 0xffff, 0xffff, 0xffff, 0xffff, 0x0000, 0x0000, 0xffff, 0xffff, 0x0000,
    0x0000, 0x0000, 0x0000, 0x0000, 0x2b10, 0x2b10, 0x2b10, 0x0000, 0x0000, 0xffff, 0xffff, 0xffff,
    0xbe9c, 0xbe9c, 0x0000, 0x0000, 0x0000, 0x0000, 0xf81f, 0xf81f, 0xf81f, 0xf81f, 0xf81f, 0xf81f,
    0xf81f, 0xf81f, 0xf81f, 0xf81f, 0xf81f, 0xf81f, 0xf81f, 0xf81f, 0xf81f, 0xf81f, 0xf81f, 0xf81f,
    0xf81f, 0xf81f, 0xf81f, 0xf81f, 0xf81f, 0xf81f, 0xf81f, 0xf81f, 0xf81f, 0xf81f, 0xf81f, 0xf81f,
    0xf81f, 0xf81f, 0xf81f, 0xf81f, 0xf81f, 0xf81f, 0xf81f, 0xf81f, 0xf81f, 0xf81f, 0xf81f, 0xf81f,
    0xf81f, 0xf81f, 0xf81f, 0xf81f, 0xf81f, 0xf81f, 0xf81f, 0xf81f, 0xf81f, 0xf81f, 0xf81f, 0xf81f,
    0xf81f, 0x0000, 0x0000, 0x8e19, 0xffff, 0xffff, 0x0000, 0x0000, 0x0000, 0x2b10, 0x0000, 0x0000,
    0xffff, 0xffff, 0xffff, 0xffff, 0xffff, 0xffff, 0xffff, 0x0000, 0x6db8, 0x6db8, 0xffff, 0xffff,
    0xbe9c, 0xbe9c, 0xbe9c, 0x0000, 0x0000, 0x0000, 0x2b10, 0x0000, 0xffff, 0xffff, 0xffff, 0xffff,
    0xbe9c, 0xffff, 0x0000, 0xf81f, 0xf81f, 0xf81f, 0xf81f, 0xf81f, 0xf81f, 0xf81f, 0xf81f, 0xf81f,
    0xf81f, 0xf81f, 0xf81f, 0xf81f, 0xf81f, 0xf81f, 0xf81f, 0xf81f, 0xf81f, 0xf81f, 0xf81f, 0xf81f,
    0xf81f, 0xf81f, 0xf81f, 0xf81f, 0xf81f, 0xf81f, 0xf81f, 0xf81f, 0xf81f, 0xf81f, 0xf81f, 0xf81f,
    0xf81f, 0xf81f, 0xf81f, 0xf81f, 0xf81f, 0xf81f, 0xf81f, 0xf81f, 0xf81f, 0xf81f, 0xf81f, 0xf81f,
    0xf81f, 0xf81f, 0xf81f, 0xf81f, 0xf81f, 0xf81f, 0xf81f, 0xf81f, 0xf81f, 0xf81f, 0xf81f, 0xf81f,
    0xf81f, 0xf81f, 0x0000, 0xffff, 0xffff, 0xffff, 0xffff, 0xffff, 0x0000, 0x0000, 0x0000, 0xffff,
    0xffff, 0xffff, 0xffff, 0xffff, 0xffff, 0x0000, 0x0000, 0x0000, 0x0000, 0x6db8, 0xffff, 0xffff,
    0xbe9c, 0xbe9c, 0xbe9c, 0xbe9c, 0xbe9c, 0x0000, 0x0000, 0xffff, 0xffff, 0xffff, 0xffff, 0xbe9c,
    0xffff, 0xffff, 0x0000, 0xf81f, 0xf81f, 0xf81f, 0xf81f, 0xf81f, 0xf81f, 0xf81f, 0xf81f, 0xf81f,
    0xf81f, 0xf81f, 0xf81f, 0xf81f, 0xf81f, 0xf81f, 0xf81f, 0xf81f, 0xf81f, 0xf81f, 0xf81f, 0xf81f,
    0xf81f, 0xf81f, 0xf81f, 0xf81f, 0xf81f, 0xf81f, 0xf81f, 0xf81f, 0xf81f, 0xf81f, 0xf81f, 0xf81f,
    0xf81f, 0xf81f, 0xf81f, 0xf81f, 0xf81f, 0xf81f, 0xf81f, 0xf81f, 0xf81f, 0xf81f, 0xf81f, 0xf81f,
    0xf81f, 0xf81f, 0xf81f, 0xf81f, 0xf81f, 0xf81f, 0xf81f, 0xf81f, 0xf81f, 0xf81f, 0xf81f, 0xf81f,
    0xf81f, 0xf81f, 0x0000, 0xffff, 0xffff, 0xffff, 0xffff, 0xffff, 0x0000, 0xffff, 0xffff, 0xbe9c,
    0xffff, 0xffff, 0xffff, 0xffff, 0xffff, 0x0000, 0x0000, 0x64d4, 0x0000, 0x6db8, 0xffff, 0xffff,
    0xffff, 0xffff, 0xbe9c, 0xbe9c, 0xbe9c, 0xbe9c, 0x0000, 0xffff, 0xffff, 0xffff, 0xffff, 0xbe9c,
    0xffff, 0x0000, 0x0000, 0xf81f, 0xf81f, 0xf81f, 0xf81f, 0xf81f, 0xf81f, 0xf81f, 0xf81f, 0xf81f,
    0xf81f, 0xf81f, 0xf81f, 0xf81f, 0xf81f, 0xf81f, 0xf81f, 0xf81f, 0xf81f, 0xf81f, 0xf81f, 0xf81f,
    0xf81f, 0xf81f, 0xf81f, 0xf81f, 0xf81f, 0xf81f, 0xf81f, 0xf81f, 0xf81f, 0xf81f, 0xf81f, 0xf81f,
    0xf81f, 0xf81f, 0xf81f, 0xf81f, 0xf81f, 0xf81f, 0xf81f, 0xf81f, 0xf81f, 0xf81f, 0xf81f, 0xf81f,
    0xf81f, 0xf81f, 0xf81f, 0xf81f, 0xf81f, 0xf81f, 0xf81f, 0xf81f, 0xf81f, 0xf81f, 0xf81f, 0xf81f,
    0xf81f, 0xf81f, 0x0000, 0xffff, 0xffff, 0xffff, 0xffff, 0xffff, 0x0000, 0xffff, 0xbe9c, 0xbe9c,
    0xffff, 0xffff, 0xffff, 0xffff, 0x64d4, 0x0000, 0x8e19, 0x64d4, 0x0000, 0x0000, 0x0000, 0xffff,
    0xffff, 0xffff, 0xbe9c, 0xbe9c, 0xbe9c, 0xbe9c, 0x0000, 0xffff, 0xffff, 0xbe9c, 0xffff, 0xbe9c,
    0xffff, 0x0000, 0x0000, 0xf81f, 0xf81f, 0xf81f, 0xf81f, 0xf81f, 0xf81f, 0xf81f, 0xf81f, 0xf81f,
    0xf81f, 0xf81f, 0xf81f, 0xf81f, 0xf81f, 0xf81f, 0xf81f, 0xf81f, 0xf81f, 0xf81f, 0xf81f, 0xf81f,
    0xf81f, 0xf81f, 0xf81f, 0xf81f, 0xf81f, 0xf81f, 0xf81f, 0xf81f, 0xf81f, 0xf81f, 0xf81f, 0xf81f,
    0xf81f, 0xf81f, 0xf81f, 0xf81f, 0xf81f, 0xf81f, 0xf81f, 0xf81f, 0xf81f, 0xf81f, 0xf81f, 0xf81f,
    0xf81f, 0xf81f, 0xf81f, 0xf81f, 0xf81f, 0xf81f, 0xf81f, 0xf81f, 0xf81f, 0xf81f, 0xf81f, 0xf81f,
    0x0000, 0x0000, 0x0000, 0xffff, 0xbe9c, 0xffff, 0xffff, 0xffff, 0x0000, 0xbe9c, 0xbe9c, 0xbe9c,
    0xffff, 0xffff, 0xffff, 0x0000, 0x0000, 0x8e19, 0x8e19, 0x64d4, 0x64d4, 0x64d4, 0x0000, 0x0000,
    0xffff, 0xffff, 0xffff, 0xbe9c, 0xbe9c, 0xbe9c, 0x0000, 0xffff, 0xffff, 0xbe9c, 0xffff, 0xffff,
    0xffff, 0x0000, 0xffff, 0x0000, 0x0000, 0xf81f, 0xf81f, 0xf81f, 0xf81f, 0xf81f, 0xf81f, 0xf81f,
    0xf81f, 0xf81f, 0xf81f, 0xf81f, 0xf81f, 0xf81f, 0xf81f, 0xf81f, 0xf81f, 0xf81f, 0xf81f, 0xf81f,
    0xf81f, 0xf81f, 0xf81f, 0xf81f, 0xf81f, 0xf81f, 0xf81f, 0xf81f, 0xf81f, 0xf81f, 0xf81f, 0xf81f,
    0xf81f, 0xf81f, 0xf81f, 0xf81f, 0xf81f, 0xf81f, 0xf81f, 0xf81f, 0xf81f, 0xf81f, 0xf81f, 0xf81f,
    0xf81f, 0xf81f, 0xf81f, 0xf81f, 0xf81f, 0xf81f, 0xf81f, 0xf81f, 0xf81f, 0xf81f, 0xf81f, 0x0000,
    0x230d, 0x230d, 0x0000, 0x0000, 0xbe9c, 0xbe9c, 0xffff, 0xffff, 0x0000, 0xbe9c, 0xbe9c, 0xbe9c,
    0xffff, 0xffff, 0xffff, 0x0000, 0x8e19, 0x8e19, 0x8e19, 0x8e19, 0x64d4, 0x64d4, 0x64d4, 0x0000,
    0xffff, 0xffff, 0xffff, 0xffff, 0xbe9c, 0xbe9c, 0x0000, 0xffff, 0xffff, 0xbe9c, 0xffff, 0xffff,
    0xffff, 0x0000, 0xffff, 0xffff, 0x0000, 0x0000, 0x0000, 0xf81f, 0xf81f, 0xf81f, 0xf81f, 0xf81f,
    0xf81f, 0xf81f, 0xf81f, 0xf81f, 0xf81f, 0xf81f, 0xf81f, 0xf81f, 0xf81f, 0xf81f, 0xf81f, 0xf81f,
    0xf81f, 0xf81f, 0xf81f, 0xf81f, 0xf81f, 0xf81f, 0xf81f, 0xf81f, 0xf81f, 0xf81f, 0xf81f, 0xf81f,
    0xf81f, 0xf81f, 0xf81f, 0xf81f, 0xf81f, 0xf81f, 0xf81f, 0xf81f, 0xf81f, 0xf81f, 0xf81f, 0xf81f,
    0xf81f, 0xf81f, 0xf81f, 0xf81f, 0xf81f, 0xf81f, 0xf81f, 0xf81f, 0xf81f, 0x0000, 0x0000, 0x0000,
    0x230d, 0x230d, 0x0000, 0x0000, 0x8e19, 0xbe9c, 0xffff, 0xffff, 0x0000, 0xbe9c, 0xbe9c, 0xbe9c,
    0xbe9c, 0x0000, 0x0000, 0x8e19, 0x8e19, 0x8e19, 0x8e19, 0x8e19, 0x8e19, 0x8e19, 0x64d4, 0x64d4,
    0x0000, 0xffff, 0xffff, 0xbe9c, 0xbe9c, 0xbe9c, 0x0000, 0xffff, 0xffff, 0xbe9c, 0xbe9c, 0xffff,
    0x0000, 0x0000, 0xffff, 0xffff, 0xffff, 0x0000, 0x0000, 0x0000, 0xf81f, 0xf81f, 0xf81f, 0xf81f,
    0xf81f, 0xf81f, 0xf81f, 0xf81f, 0xf81f, 0xf81f, 0xf81f, 0xf81f, 0xf81f, 0xf81f, 0xf81f, 0xf81f,
    0xf81f, 0xf81f, 0xf81f, 0xf81f, 0xf81f, 0xf81f, 0xf81f, 0xf81f, 0xf81f, 0xf81f, 0xf81f, 0xf81f,
    0xf81f, 0xf81f, 0xf81f, 0xf81f, 0xf81f, 0xf81f, 0xf81f, 0xf81f, 0xf81f, 0xf81f, 0xf81f, 0xf81f,
    0xf81f, 0xf81f, 0xf81f, 0xf81f, 0xf81f, 0xf81f, 0xf81f, 0xf81f, 0xf81f, 0x0000, 0x0000, 0x6db8,
    0x6db8, 0x230d, 0x0000, 0x0000, 0xbe9c, 0xbe9c, 0xffff, 0xffff, 0x0000, 0x0000, 0x0000, 0x0000,
    0x0000, 0x8e19, 0x8e19, 0x8e19, 0xffff, 0xffff, 0xffff, 0x8e19, 0x8e19, 0x8e19, 0x8e19, 0x8e19,
    0x0000, 0x0000, 0x0000, 0x0000, 0x0000, 0x0000, 0x0000, 0xffff, 0xffff, 0xbe9c, 0xffff, 0xffff,
    0x0000, 0xffff, 0xffff, 0x6db8, 0x6db8, 0x6db8, 0x6db8, 0x8537, 0x0000, 0xf81f, 0xf81f, 0xf81f,
    0xf81f, 0xf81f, 0xf81f, 0xf81f, 0xf81f, 0xf81f, 0xf81f, 0xf81f, 0xf81f, 0xf81f, 0xf81f, 0xf81f,
    0xf81f, 0xf81f, 0xf81f, 0xf81f, 0xf81f, 0xf81f, 0xf81f, 0xf81f, 0xf81f, 0xf81f, 0xf81f, 0xf81f,
    0xf81f, 0xf81f, 0xf81f, 0xf81f, 0xf81f, 0xf81f, 0xf81f, 0xf81f, 0xf81f, 0xf81f, 0xf81f, 0xf81f,
    0xf81f, 0xf81f, 0xf81f, 0xf81f, 0xf81f, 0xf81f, 0xf81f, 0xf81f, 0x0000, 0xffff, 0xffff, 0x6db8,
    0x6db8, 0x230d, 0x230d, 0x0000, 0xffff, 0xbe9c, 0xffff, 0xffff, 0xffff, 0xffff, 0xffff, 0xffff,
    0xffff, 0xffff, 0xffff, 0xffff, 0xffff, 0xffff, 0xffff, 0xffff, 0x8e19, 0x8e19, 0x8e19, 0x8e19,
    0x8e19, 0x8e19, 0x8e19, 0x8e19, 0x8e19, 0xffff, 0xffff, 0xffff, 0xffff, 0xbe9c, 0xffff, 0x0000,
    0x0000, 0xffff, 0xffff, 0x6db8, 0x6db8, 0x6db8, 0x6db8, 0x6db8, 0x0000, 0xf81f, 0xf81f, 0xf81f,
    0xf81f, 0xf81f, 0xf81f, 0xf81f, 0xf81f, 0xf81f, 0xf81f, 0xf81f, 0xf81f, 0xf81f, 0xf81f, 0xf81f,
    0xf81f, 0xf81f, 0xf81f, 0xf81f, 0xf81f, 0xf81f, 0xf81f, 0xf81f, 0xf81f, 0xf81f, 0xf81f, 0xf81f,
    0xf81f, 0xf81f, 0xf81f, 0xf81f, 0xf81f, 0xf81f, 0xf81f, 0xf81f, 0xf81f, 0xf81f, 0xf81f, 0xf81f,
    0xf81f, 0xf81f, 0xf81f, 0xf81f, 0xf81f, 0xf81f, 0xf81f, 0xf81f, 0x0000, 0xffff, 0xffff, 0x6db8,
    0x6db8, 0x230d, 0x230d, 0x0000, 0xffff, 0xbe9c, 0xffff, 0xffff, 0xffff, 0xffff, 0xffff, 0xffff,
    0xffff, 0xffff, 0xffff, 0xffff, 0xffff, 0xffff, 0xffff, 0xffff, 0xffff, 0x8e19, 0x8e19, 0x8e19,
    0x8e19, 0x8e19, 0x8e19, 0x8e19, 0x8e19, 0x8e19, 0x8e19, 0xffff, 0xffff, 0xbe9c, 0xffff, 0x0000,
    0xffff, 0xffff, 0xffff, 0xbe9c, 0xbe9c, 0xbe9c, 0xbe9c, 0x6db8, 0x0000, 0x0000, 0xf81f, 0xf81f,
    0xf81f, 0xf81f, 0xf81f, 0xf81f, 0xf81f, 0xf81f, 0xf81f, 0xf81f, 0xf81f, 0xf81f, 0xf81f, 0xf81f,
    0xf81f, 0xf81f, 0xf81f, 0xf81f, 0xf81f, 0xf81f, 0xf81f, 0xf81f, 0xf81f, 0xf81f, 0xf81f, 0xf81f,
    0xf81f, 0xf81f, 0xf81f, 0xf81f, 0xf81f, 0xf81f, 0xf81f, 0xf81f, 0xf81f, 0xf81f, 0xf81f, 0xf81f,
    0xf81f, 0xf81f, 0xf81f, 0xf81f, 0xf81f, 0xf81f, 0xf81f, 0x0000, 0x0000, 0xffff, 0xffff, 0x6db8,
    0x6db8, 0x230d, 0x230d, 0x0000, 0xffff, 0xffff, 0xffff, 0xffff, 0xffff, 0xffff, 0xffff, 0xffff,
    0xffff, 0xffff, 0xffff, 0xffff, 0xffff, 0xffff, 0xffff, 0xffff, 0xffff, 0xffff, 0xffff, 0xffff,
    0x8e19, 0x8e19, 0x8e19, 0x8e19, 0x8e19, 0x8e19, 0xffff, 0xffff, 0xbe9c, 0x6db8, 0xffff, 0x0000,
    0xffff, 0x6db8, 0xbe9c, 0xbe9c, 0xbe9c, 0xbe9c, 0xbe9c, 0xbe9c, 0xffff, 0x0000, 0xf81f, 0xf81f,
    0xf81f, 0xf81f, 0xf81f, 0xf81f, 0xf81f, 0xf81f, 0xf81f, 0xf81f, 0xf81f, 0xf81f, 0xf81f, 0xf81f,
    0xf81f, 0xf81f, 0xf81f, 0xf81f, 0xf81f, 0xf81f, 0xf81f, 0xf81f, 0xf81f, 0xf81f, 0xf81f, 0xf81f,
    0xf81f, 0xf81f, 0xf81f, 0xf81f, 0xf81f, 0xf81f, 0xf81f, 0xf81f, 0xf81f, 0xf81f, 0xf81f, 0xf81f,
    0xf81f, 0xf81f, 0xf81f, 0xf81f, 0xf81f, 0xf81f, 0xf81f, 0x0000, 0x0000, 0xffff, 0xffff, 0xffff,
    0x8537, 0x230d, 0x230d, 0x0000, 0x0000, 0xffff, 0xffff, 0xffff, 0xffff, 0xffff, 0xffff, 0xffff,
    0xffff, 0xffff, 0xffff, 0xffff, 0xffff, 0xffff, 0xffff, 0xffff, 0xffff, 0xffff, 0xffff, 0xffff,
    0xffff, 0xffff, 0xffff, 0xffff, 0xffff, 0xffff, 0xffff, 0xffff, 0x6db8, 0x6db8, 0x0000, 0x0000,
    0xffff, 0x6db8, 0xbe9c, 0xbe9c, 0xbe9c, 0xbe9c, 0xffff, 0xffff, 0xffff, 0xffff, 0x0000, 0xf81f,
    0xf81f, 0xf81f, 0xf81f, 0xf81f, 0xf81f, 0xf81f, 0xf81f, 0xf81f, 0xf81f, 0xf81f, 0xf81f, 0xf81f,
    0xf81f, 0xf81f, 0xf81f, 0xf81f, 0xf81f, 0xf81f, 0xf81f, 0xf81f, 0xf81f, 0xf81f, 0xf81f, 0xf81f,
    0xf81f, 0xf81f, 0xf81f, 0xf81f, 0xf81f, 0xf81f, 0xf81f, 0xf81f, 0xf81f, 0xf81f, 0xf81f, 0xf81f,
    0xf81f, 0xf81f, 0xf81f, 0xf81f, 0xf81f, 0xf81f, 0xf81f, 0x0000, 0x0000, 0xffff, 0xffff, 0xffff,
    0x8537, 0x6db8, 0x230d, 0x0000, 0x0000, 0x0000, 0xffff, 0xffff, 0xffff, 0xffff, 0xffff, 0xffff,
    0xffff, 0xffff, 0xffff, 0xffff, 0xffff, 0xffff, 0xffff, 0xffff, 0xffff, 0xffff, 0xffff, 0xffff,
    0xffff, 0xffff, 0xffff, 0xffff, 0xffff, 0xffff, 0xbe9c, 0xbe9c, 0x6db8, 0x0000, 0x0000, 0xffff,
    0xffff, 0x8537, 0xffff, 0xffff, 0xffff, 0xffff, 0xffff, 0xffff, 0xffff, 0xffff, 0x0000, 0xf81f,
    0xf81f, 0xf81f, 0xf81f, 0xf81f, 0xf81f, 0xf81f, 0xf81f, 0xf81f, 0xf81f, 0xf81f, 0xf81f, 0xf81f,
    0xf81f, 0xf81f, 0xf81f, 0xf81f, 0xf81f, 0xf81f, 0xf81f, 0xf81f, 0xf81f, 0xf81f, 0xf81f, 0xf81f,
    0xf81f, 0xf81f, 0xf81f, 0xf81f, 0xf81f, 0xf81f, 0xf81f, 0xf81f, 0xf81f, 0xf81f, 0xf81f, 0xf81f,
    0xf81f, 0xf81f, 0xf81f, 0xf81f, 0xf81f, 0xf81f, 0xf81f, 0x0000, 0xffff, 0xffff, 0xffff, 0xbe9c,
    0x8537, 0x6db8, 0x230d, 0x0000, 0x0000, 0x0000, 0xffff, 0xffff, 0xffff, 0xffff, 0xffff, 0xffff,
    0xffff, 0xffff, 0xffff, 0xffff, 0xffff, 0xffff, 0xffff, 0xffff, 0xffff, 0xffff, 0xffff, 0xffff,
    0xffff, 0xffff, 0xffff, 0xffff, 0xffff, 0xbe9c, 0xbe9c, 0x6db8, 0x6db8, 0x0000, 0xffff, 0x8537,
    0x8537, 0x8537, 0xffff, 0xffff, 0xffff, 0xffff, 0xffff, 0xffff, 0xffff, 0xffff, 0x0000, 0x0000,
    0xf81f, 0xf81f, 0xf81f, 0xf81f, 0xf81f, 0xf81f, 0xf81f, 0xf81f, 0xf81f, 0xf81f, 0xf81f, 0xf81f,
    0xf81f, 0xf81f, 0xf81f, 0xf81f, 0xf81f, 0xf81f, 0xf81f, 0xf81f, 0xf81f, 0xf81f, 0xf81f, 0xf81f,
    0xf81f, 0xf81f, 0xf81f, 0xf81f, 0xf81f, 0xf81f, 0xf81f, 0xf81f, 0xf81f, 0xf81f, 0xf81f, 0xf81f,
    0xf81f, 0xf81f, 0xf81f, 0xf81f, 0xf81f, 0xf81f, 0x0000, 0x0000, 0xffff, 0xffff, 0xffff, 0xbe9c,
    0x8537, 0x6db8, 0x230d, 0x0000, 0x2b10, 0x1168, 0x0000, 0xffff, 0xffff, 0xffff, 0xffff, 0xffff,
    0xffff, 0xffff, 0xffff, 0xffff, 0xffff, 0xffff, 0xffff, 0xffff, 0xffff, 0xffff, 0xffff, 0xffff,
    0xffff, 0xffff, 0xffff, 0xffff, 0xffff, 0xbe9c, 0xbe9c, 0x6db8, 0x0000, 0x0000, 0xbe9c, 0x8537,
    0x8537, 0x8537, 0xffff, 0xffff, 0xffff, 0xffff, 0xffff, 0xffff, 0xffff, 0xffff, 0xffff, 0x0000,
    0xf81f, 0xf81f, 0xf81f, 0xf81f, 0xf81f, 0xf81f, 0xf81f, 0xf81f, 0xf81f, 0xf81f, 0xf81f, 0xf81f,
    0xf81f, 0xf81f, 0xf81f, 0xf81f, 0xf81f, 0xf81f, 0xf81f, 0xf81f, 0xf81f, 0xf81f, 0xf81f, 0xf81f,
    0xf81f, 0xf81f, 0xf81f, 0xf81f, 0xf81f, 0xf81f, 0xf81f, 0xf81f, 0xf81f, 0xf81f, 0xf81f, 0xf81f,
    0xf81f, 0xf81f, 0xf81f, 0xf81f, 0xf81f, 0xf81f, 0x0000, 0xffff, 0xffff, 0xffff, 0xffff, 0xbe9c,
    0x8537, 0x230d, 0x230d, 0x0000, 0x2b10, 0x1168, 0x0000, 0x0000, 0xffff, 0xffff, 0xffff, 0xffff,
    0xffff, 0xffff, 0xffff, 0xffff, 0xffff, 0xffff, 0xffff, 0xffff, 0xffff, 0xffff, 0xffff, 0xffff,
    0xffff, 0xffff, 0xffff, 0xffff, 0xbe9c, 0xbe9c, 0x6db8, 0x6db8, 0x0000, 0x0000, 0x8537, 0x8537,
    0x8537, 0xffff, 0xffff, 0xffff, 0xffff, 0xffff, 0xffff, 0xffff, 0xffff, 0xffff, 0xffff, 0x0000,
    0xf81f, 0xf81f, 0xf81f, 0xf81f, 0xf81f, 0xf81f, 0xf81f, 0xf81f, 0xf81f, 0xf81f, 0xf81f, 0xf81f,
    0xf81f, 0xf81f, 0xf81f, 0xf81f, 0xf81f, 0xf81f, 0xf81f, 0xf81f, 0xf81f, 0xf81f, 0xf81f, 0xf81f,
    0xf81f, 0xf81f, 0xf81f, 0xf81f, 0xf81f, 0xf81f, 0xf81f, 0xf81f, 0xf81f, 0xf81f, 0xf81f, 0xf81f,
    0xf81f, 0xf81f, 0xf81f, 0xf81f, 0xf81f, 0xf81f, 0x0000, 0xffff, 0xffff, 0xffff, 0xbe9c, 0xbe9c,
    0x6db8, 0x230d, 0x230d, 0x0000, 0x2b10, 0x1168, 0x1168, 0x0000, 0xffff, 0xffff, 0xffff, 0xffff,
    0xffff, 0xffff, 0xffff, 0xffff, 0xffff, 0xffff, 0xffff, 0xffff, 0xffff, 0xffff, 0xffff, 0xffff,
    0xffff, 0xffff, 0xffff, 0xbe9c, 0xbe9c, 0x6db8, 0x6db8, 0x0000, 0x0000, 0x0000, 0x8537, 0x8537,
    0xffff, 0xffff, 0xffff, 0xffff, 0xffff, 0xffff, 0xffff, 0xffff, 0xffff, 0xffff, 0xffff, 0x0000,
    0xf81f, 0xf81f, 0xf81f, 0xf81f, 0xf81f, 0xf81f, 0xf81f, 0xf81f, 0xf81f, 0xf81f, 0xf81f, 0xf81f,
    0xf81f, 0xf81f, 0xf81f, 0xf81f, 0xf81f, 0xf81f, 0xf81f, 0xf81f, 0xf81f, 0xf81f, 0xf81f, 0xf81f,
    0xf81f, 0xf81f, 0xf81f, 0xf81f, 0xf81f, 0xf81f, 0xf81f, 0xf81f, 0xf81f, 0xf81f, 0xf81f, 0xf81f,
    0xf81f, 0xf81f, 0xf81f, 0xf81f, 0xf81f, 0x0000, 0x0000, 0xffff, 0xffff, 0xffff, 0xbe9c, 0xbe9c,
    0x6db8, 0x6db8, 0x230d, 0x0000, 0x2b10, 0x2b10, 0x1168, 0x0000, 0x0000, 0xffff, 0xffff, 0xffff,
    0xffff, 0xffff, 0xffff, 0xffff, 0xffff, 0xffff, 0xffff, 0xffff, 0xffff, 0xffff, 0xffff, 0xffff,
    0xffff, 0xffff, 0xbe9c, 0xbe9c, 0x6db8, 0x6db8, 0x0000, 0x0000, 0x0000, 0x0000, 0x8537, 0x8537,
    0xffff, 0xffff, 0xffff, 0xffff, 0xffff, 0xffff, 0xffff, 0xffff, 0xffff, 0xffff, 0xffff, 0x0000,
    0xf81f, 0xf81f, 0xf81f, 0xf81f, 0xf81f, 0xf81f, 0xf81f, 0xf81f, 0xf81f, 0xf81f, 0xf81f, 0xf81f,
    0xf81f, 0xf81f, 0xf81f, 0xf81f, 0xf81f, 0xf81f, 0xf81f, 0xf81f, 0xf81f, 0xf81f, 0xf81f, 0xf81f,
    0xf81f, 0xf81f, 0xf81f, 0xf81f, 0xf81f, 0xf81f, 0xf81f, 0xf81f, 0xf81f, 0xf81f, 0xf81f, 0xf81f,
    0xf81f, 0xf81f, 0xf81f, 0xf81f, 0xf81f, 0x0000, 0xffff, 0xffff, 0xffff, 0xffff, 0xbe9c, 0xbe9c,
    0x6db8, 0x6db8, 0x0000, 0x0000, 0x2b10, 0x2b10, 0x2b10, 0x1168, 0x0000, 0x0000, 0xffff, 0xffff,
    0xffff, 0xffff, 0xffff, 0xffff, 0xffff, 0xffff, 0xffff, 0xffff, 0xffff, 0xffff, 0xffff, 0xffff,
    0xbe9c, 0xbe9c, 0xbe9c, 0x6db8, 0x6db8, 0x0000, 0x0000, 0x0000, 0x0000, 0x0000, 0xffff, 0xffff,
    0xffff, 0xffff, 0xffff, 0xffff, 0xffff, 0xffff, 0xffff, 0xffff, 0xffff, 0xffff, 0xffff, 0xffff,
    0x0000, 0xf81f, 0xf81f, 0xf81f, 0xf81f, 0xf81f, 0xf81f, 0xf81f, 0xf81f, 0xf81f, 0xf81f, 0xf81f,
    0xf81f, 0xf81f, 0xf81f, 0xf81f, 0xf81f, 0xf81f, 0xf81f, 0xf81f, 0xf81f, 0xf81f, 0xf81f, 0xf81f,
    0xf81f, 0xf81f, 0xf81f, 0xf81f, 0xf81f, 0xf81f, 0xf81f, 0xf81f, 0xf81f, 0xf81f, 0xf81f, 0xf81f,
    0xf81f, 0xf81f, 0xf81f, 0xf81f, 0xf81f, 0x0000, 0xffff, 0xffff, 0xffff, 0xbe9c, 0xbe9c, 0x8537,
    0x6db8, 0x6db8, 0x0000, 0xffff, 0x0000, 0x2b10, 0x2b10, 0x1168, 0x1168, 0x1168, 0x0000, 0xffff,
    0xffff, 0xffff, 0xffff, 0xffff, 0xffff, 0xffff, 0xffff, 0xffff, 0xffff, 0xffff, 0xffff, 0xbe9c,
    0xbe9c, 0x6db8, 0x6db8, 0x6db8, 0x6db8, 0x0000, 0x1168, 0x1168, 0x0000, 0x0000, 0xffff, 0xffff,
    0xffff, 0xffff, 0xffff, 0xffff, 0xffff, 0xffff, 0xffff, 0xffff, 0xffff, 0xffff, 0xffff, 0xffff,
    0x0000, 0xf81f, 0xf81f, 0xf81f, 0xf81f, 0xf81f, 0xf81f, 0xf81f, 0xf81f, 0xf81f, 0xf81f, 0xf81f,
    0xf81f, 0xf81f, 0xf81f, 0xf81f, 0xf81f, 0xf81f, 0xf81f, 0xf81f, 0xf81f, 0xf81f, 0xf81f, 0xf81f,
    0xf81f, 0xf81f, 0xf81f, 0xf81f, 0xf81f, 0xf81f, 0xf81f, 0xf81f, 0xf81f, 0xf81f, 0xf81f, 0xf81f,
    0xf81f, 0xf81f, 0xf81f, 0xf81f, 0x0000, 0x0000, 0xffff, 0xffff, 0xffff, 0xbe9c, 0xbe9c, 0x6db8,
    0x6db8, 0x8537, 0x0000, 0xffff, 0x0000, 0x2b10, 0x2b10, 0x1168, 0x1168, 0x1168, 0x0000, 0x0000,
    0xffff, 0xffff, 0xffff, 0xffff, 0xffff, 0xffff, 0xffff, 0xffff, 0xffff, 0xffff, 0xbe9c, 0x6db8,
    0x6db8, 0x6db8, 0x6db8, 0x6db8, 0x0000, 0x1168, 0x1168, 0x0000, 0x8e19, 0x0000, 0xffff, 0xffff,
    0xffff, 0xffff, 0xffff, 0xffff, 0xffff, 0xffff, 0xffff, 0xffff, 0xffff, 0xffff, 0xffff, 0xffff,
    0x0000, 0xf81f, 0xf81f, 0xf81f, 0xf81f, 0xf81f, 0xf81f, 0xf81f, 0xf81f, 0xf81f, 0xf81f, 0xf81f,
    0xf81f, 0xf81f, 0xf81f, 0xf81f, 0xf81f, 0xf81f, 0xf81f, 0xf81f, 0xf81f, 0xf81f, 0xf81f, 0xf81f,
    0xf81f, 0xf81f, 0xf81f, 0xf81f, 0xf81f, 0xf81f, 0xf81f, 0xf81f, 0xf81f, 0xf81f, 0xf81f, 0xf81f,
    0xf81f, 0xf81f, 0xf81f, 0xf81f, 0x0000, 0xffff, 0xffff, 0xffff, 0xffff, 0xbe9c, 0xbe9c, 0x6db8,
    0x6db8, 0x0000, 0x0000, 0xffff, 0x0000, 0x2b10, 0x2b10, 0x2b10, 0x1168, 0x1168, 0x1168, 0x0000,
    0x0000, 0xffff, 0xffff, 0xffff, 0xffff, 0xffff, 0xffff, 0xffff, 0xffff, 0xbe9c, 0xbe9c, 0x6db8,
    0x6db8, 0x6db8, 0x6db8, 0x0000, 0x0000, 0x1168, 0x1168, 0x0000, 0x8e19, 0x0000, 0xffff, 0xffff,
    0xffff, 0xffff, 0xffff, 0xffff, 0xffff, 0xffff, 0xffff, 0xffff, 0xffff, 0xffff, 0xffff, 0xffff,
    0x0000, 0xf81f, 0xf81f, 0xf81f, 0xf81f, 0xf81f, 0xf81f, 0xf81f, 0xf81f, 0xf81f, 0xf81f, 0xf81f,
    0xf81f, 0xf81f, 0xf81f, 0xf81f, 0xf81f, 0xf81f, 0xf81f, 0xf81f, 0xf81f, 0xf81f, 0xf81f, 0xf81f,
    0xf81f, 0xf81f, 0xf81f, 0xf81f, 0xf81f, 0xf81f, 0xf81f, 0xf81f, 0xf81f, 0xf81f, 0xf81f, 0xf81f,
    0xf81f, 0xf81f, 0xf81f, 0xf81f, 0x0000, 0xffff, 0xffff, 0xffff, 0xbe9c, 0xbe9c, 0x8537, 0x6db8,
    0x6db8, 0x0000, 0xffff, 0xffff, 0x0000, 0x2b10, 0x2b10, 0x4c56, 0x0000, 0x1168, 0x1168, 0x1168,
    0x1168, 0xffff, 0xffff, 0xffff, 0xffff, 0xffff, 0xffff, 0xffff, 0xbe9c, 0xbe9c, 0x6db8, 0x6db8,
    0x6db8, 0x6db8, 0x0000, 0x1168, 0x1168, 0x1168, 0x0000, 0x8e19, 0x8e19, 0x0000, 0xffff, 0xffff,
    0xffff, 0xffff, 0xffff, 0xffff, 0xffff, 0xffff, 0xffff, 0xffff, 0xffff, 0xffff, 0xffff, 0xffff,
    0xffff, 0x0000, 0xf81f, 0xf81f, 0xf81f, 0xf81f, 0xf81f, 0xf81f, 0xf81f, 0xf81f, 0xf81f, 0xf81f,
    0xf81f, 0xf81f, 0xf81f, 0xf81f, 0xf81f, 0xf81f, 0xf81f, 0xf81f, 0xf81f, 0xf81f, 0xf81f, 0xf81f,
    0xf81f, 0xf81f, 0xf81f, 0xf81f, 0xf81f, 0xf81f, 0xf81f, 0xf81f, 0xf81f, 0xf81f, 0xf81f, 0xf81f,
    0xf81f, 0xf81f, 0xf81f, 0xf81f, 0x0000, 0xffff, 0xffff, 0xffff, 0xbe9c, 0xbe9c, 0x6db8, 0x6db8,
    0x6db8, 0x0000, 0xffff, 0xffff, 0x0000, 0x2b10, 0x2b10, 0x4c56, 0x4c56, 0x1168, 0x1168, 0x1168,
    0x1168, 0x0000, 0xffff, 0xffff, 0xffff, 0xffff, 0xffff, 0xffff, 0xbe9c, 0xbe9c, 0x6db8, 0x6db8,
    0x6db8, 0x6db8, 0x0000, 0x1168, 0x1168, 0x1168, 0x0000, 0xbe9c, 0x8e19, 0x0000, 0xffff, 0xffff,
    0xffff, 0xffff, 0xffff, 0xffff, 0xffff, 0xffff, 0xffff, 0xffff, 0xffff, 0xffff, 0x6db8, 0xffff,
    0xffff, 0x0000, 0xf81f, 0xf81f, 0xf81f, 0xf81f, 0xf81f, 0xf81f, 0xf81f, 0xf81f, 0xf81f, 0xf81f,
    0xf81f, 0xf81f, 0xf81f, 0xf81f, 0xf81f, 0xf81f, 0xf81f, 0xf81f, 0xf81f, 0xf81f, 0xf81f, 0xf81f,
    0xf81f, 0xf81f, 0xf81f, 0xf81f, 0xf81f, 0xf81f, 0xf81f, 0xf81f, 0xf81f, 0xf81f, 0xf81f, 0xf81f,
    0xf81f, 0xf81f, 0xf81f, 0x0000, 0xffff, 0xffff, 0xffff, 0xffff, 0xbe9c, 0x6db8, 0x6db8, 0x6db8,
    0x0000, 0x0000, 0xffff, 0xffff, 0xffff, 0x0000, 0x2b10, 0x2b10, 0x4c56, 0x4c56, 0x1168, 0x1168,
    0x1168, 0x0000, 0x0000, 0xffff, 0xffff, 0xffff, 0xffff, 0xffff, 0xbe9c, 0xbe9c, 0x6db8, 0x6db8,
    0x6db8, 0x0000, 0x1168, 0x1168, 0x7d9a, 0x0000, 0x0000, 0xbe9c, 0x8e19, 0x0000, 0xffff, 0xffff,
    0xffff, 0xffff, 0xffff, 0xffff, 0xffff, 0xffff, 0xffff, 0xffff, 0xffff, 0xffff, 0x6db8, 0xffff,
    0xffff, 0x0000, 0xf81f, 0xf81f, 0xf81f, 0xf81f, 0xf81f, 0xf81f, 0xf81f, 0xf81f, 0xf81f, 0xf81f,
    0xf81f, 0xf81f, 0xf81f, 0xf81f, 0xf81f, 0xf81f, 0xf81f, 0xf81f, 0xf81f, 0xf81f, 0xf81f, 0xf81f,
    0xf81f, 0xf81f, 0xf81f, 0xf81f, 0xf81f, 0xf81f, 0xf81f, 0xf81f, 0xf81f, 0xf81f, 0xf81f, 0xf81f,
    0xf81f, 0xf81f, 0xf81f, 0x0000, 0xffff, 0xffff, 0xffff, 0xffff, 0xbe9c, 0x6db8, 0x6db8, 0x6db8,
    0x0000, 0xffff, 0xffff, 0xffff, 0xffff, 0x0000, 0x0000, 0x2b10, 0x2b10, 0x4c56, 0x4c56, 0x1168,
    0x1168, 0x1168, 0x0000, 0x0000, 0xffff, 0xffff, 0xffff, 0xffff, 0xbe9c, 0xbe9c, 0x6db8, 0x0000,
    0x0000, 0x0000, 0x1168, 0x2b10, 0x7d9a, 0x0000, 0xffff, 0x8e19, 0x8e19, 0x0000, 0xffff, 0xffff,
    0xffff, 0xffff, 0xffff, 0xffff, 0xffff, 0xffff, 0xffff, 0xffff, 0xffff, 0xffff, 0x6db8, 0xbe9c,
    0xffff, 0x0000, 0xf81f, 0xf81f, 0xf81f, 0xf81f, 0xf81f, 0xf81f, 0xf81f, 0xf81f, 0xf81f, 0xf81f,
    0xf81f, 0xf81f, 0xf81f, 0xf81f, 0xf81f, 0xf81f, 0xf81f, 0xf81f, 0xf81f, 0xf81f, 0xf81f, 0xf81f,
    0xf81f, 0xf81f, 0xf81f, 0xf81f, 0xf81f, 0xf81f, 0xf81f, 0xf81f, 0xf81f, 0xf81f, 0xf81f, 0xf81f,
    0xf81f, 0xf81f, 0x0000, 0x0000, 0xffff, 0xffff, 0xffff, 0xffff, 0xbe9c, 0x6db8, 0x6db8, 0x6db8,
    0x0000, 0xffff, 0xffff, 0xffff, 0xffff, 0xffff, 0x0000, 0x0000, 0x2b10, 0x4c56, 0x4c56, 0x4c56,
    0x1168, 0x1168, 0x1168, 0x0000, 0x0000, 0xffff, 0xffff, 0xffff, 0xbe9c, 0xbe9c, 0x0000, 0x0000,
    0x1168, 0x1168, 0x2b10, 0x4c56, 0x0000, 0x0000, 0x8e19, 0x8e19, 0x0000, 0x0000, 0xffff, 0xffff,
    0xffff, 0xffff, 0xffff, 0xffff, 0xffff, 0xffff, 0xffff, 0xffff, 0xffff, 0xffff, 0x6db8, 0xbe9c,
    0xffff, 0x0000, 0x0000, 0xf81f, 0xf81f, 0xf81f, 0xf81f, 0xf81f, 0xf81f, 0xf81f, 0xf81f, 0xf81f,
    0xf81f, 0xf81f, 0xf81f, 0xf81f, 0xf81f, 0xf81f, 0xf81f, 0xf81f, 0xf81f, 0xf81f, 0xf81f, 0xf81f,
    0xf81f, 0xf81f, 0xf81f, 0xf81f, 0xf81f, 0xf81f, 0xf81f, 0xf81f, 0xf81f, 0xf81f, 0xf81f, 0xf81f,
    0xf81f, 0xf81f, 0x0000, 0xffff, 0xffff, 0xffff, 0xffff, 0xffff, 0x8537, 0x6db8, 0x6db8, 0x6db8,
    0x0000, 0xffff, 0xffff, 0xffff, 0xffff, 0xffff, 0xffff, 0x0000, 0x0000, 0x2b10, 0x4c56, 0x4c56,
    0x4c56, 0x1168, 0x1168, 0x1168, 0x0000, 0x0000, 0x0000, 0x0000, 0x0000, 0x0000, 0x1168, 0x1168,
    0x1168, 0x2b10, 0x4c56, 0x0000, 0x0000, 0xffff, 0x8e19, 0x0000, 0x0000, 0xffff, 0xffff, 0xffff,
    0xffff, 0xffff, 0xffff, 0xffff, 0xffff, 0xffff, 0xffff, 0xffff, 0xffff, 0xffff, 0x6db8, 0xbe9c,
    0xffff, 0xffff, 0x0000, 0xf81f, 0xf81f, 0xf81f, 0xf81f, 0xf81f, 0xf81f, 0xf81f, 0xf81f, 0xf81f,
    0xf81f, 0xf81f, 0xf81f, 0xf81f, 0xf81f, 0xf81f, 0xf81f, 0xf81f, 0xf81f, 0xf81f, 0xf81f, 0xf81f,
    0xf81f, 0xf81f, 0xf81f, 0xf81f, 0xf81f, 0xf81f, 0xf81f, 0xf81f, 0xf81f, 0xf81f, 0xf81f, 0xf81f,
    0xf81f, 0xf81f, 0x0000, 0xffff, 0xffff, 0xffff, 0xffff, 0xbe9c, 0x8537, 0x6db8, 0x6db8, 0x0000,
    0x0000, 0xffff, 0xffff, 0xffff, 0xffff, 0xffff, 0xffff, 0xffff, 0x0000, 0x0000, 0x2b10, 0x4c56,
    0x4c56, 0x4c56, 0x1168, 0x1168, 0x1168, 0x1168, 0x1168, 0x1168, 0x1168, 0x1168, 0x1168, 0x2b10,
    0x4c56, 0x4c56, 0x0000, 0x0000, 0xffff, 0x8e19, 0x8e19, 0x0000, 0xffff, 0xffff, 0xffff, 0xffff,
    0xffff, 0xffff, 0xffff, 0xffff, 0xffff, 0xffff, 0xffff, 0xffff, 0xffff, 0xffff, 0x6db8, 0xbe9c,
    0xffff, 0xffff, 0x0000, 0xf81f, 0xf81f, 0xf81f, 0xf81f, 0xf81f, 0xf81f, 0xf81f, 0xf81f, 0xf81f,
    0xf81f, 0xf81f, 0xf81f, 0xf81f, 0xf81f, 0xf81f, 0xf81f, 0xf81f, 0xf81f, 0xf81f, 0xf81f, 0xf81f,
    0xf81f, 0xf81f, 0xf81f, 0xf81f, 0xf81f, 0xf81f, 0xf81f, 0xf81f, 0xf81f, 0xf81f, 0xf81f, 0xf81f,
    0xf81f, 0xf81f, 0x0000, 0xffff, 0xffff, 0xffff, 0xffff, 0xbe9c, 0x8537, 0x6db8, 0x6db8, 0x0000,
    0xffff, 0xffff, 0xffff, 0xffff, 0xffff, 0xffff, 0xffff, 0xffff, 0xffff, 0x0000, 0x0000, 0x2b10,
    0x2b10, 0x2b10, 0x4c56, 0x1168, 0x1168, 0x1168, 0x1168, 0x1168, 0x1168, 0x1168, 0x2b10, 0x4c56,
    0x4c56, 0x0000, 0x0000, 0xffff, 0xbe9c, 0xbe9c, 0x8e19, 0x0000, 0xffff, 0xffff, 0xffff, 0xffff,
    0xffff, 0xffff, 0xffff, 0xffff, 0xffff, 0xffff, 0xffff, 0xffff, 0xffff, 0xffff, 0x6db8, 0xbe9c,
    0xbe9c, 0xffff, 0x0000, 0xf81f, 0xf81f, 0xf81f, 0xf81f, 0xf81f, 0xf81f, 0xf81f, 0xf81f, 0xf81f,
    0xf81f, 0xf81f, 0xf81f, 0xf81f, 0xf81f, 0xf81f, 0xf81f, 0xf81f, 0xf81f, 0xf81f, 0xf81f, 0xf81f,
    0xf81f, 0xf81f, 0xf81f, 0xf81f, 0xf81f, 0xf81f, 0xf81f, 0xf81f, 0xf81f, 0xf81f, 0xf81f, 0xf81f,
    0xf81f, 0x0000, 0x0000, 0xffff, 0xffff, 0xffff, 0xffff, 0xbe9c, 0x8537, 0x8537, 0x6db8, 0x0000,
    0xffff, 0xffff, 0xffff, 0xffff, 0xffff, 0xffff, 0xffff, 0xffff, 0xffff, 0xffff, 0x0000, 0x0000,
    0x2b10, 0x4c56, 0x2b10, 0x2b10, 0x2b10, 0x2b10, 0x2b10, 0x2b10, 0x4c56, 0x4c56, 0x4c56, 0x4c56,
    0x0000, 0x0000, 0xffff, 0xffff, 0xbe9c, 0x8e19, 0x8e19, 0x0000, 0xffff, 0xffff, 0xffff, 0xffff,
    0xffff, 0xffff, 0xffff, 0xffff, 0xffff, 0xffff, 0xffff, 0xffff, 0xffff, 0xffff, 0x6db8, 0xbe9c,
    0xbe9c, 0xffff, 0x0000, 0xf81f, 0xf81f, 0xf81f, 0xf81f, 0xf81f, 0xf81f, 0xf81f, 0xf81f, 0xf81f,
    0xf81f, 0xf81f, 0xf81f, 0xf81f, 0xf81f, 0xf81f, 0xf81f, 0xf81f, 0xf81f, 0xf81f, 0xf81f, 0xf81f,
    0xf81f, 0xf81f, 0xf81f, 0xf81f, 0xf81f, 0xf81f, 0xf81f, 0xf81f, 0xf81f, 0xf81f, 0xf81f, 0xf81f,
    0xf81f, 0x0000, 0xffff, 0xffff, 0xffff, 0xffff, 0xbe9c, 0xbe9c, 0x8537, 0x8537, 0x8537, 0x0000,
    0xffff, 0xffff, 0xffff, 0xffff, 0xffff, 0xbe9c, 0xffff, 0xbe9c, 0xffff, 0xffff, 0xffff, 0x0000,
    0x0000, 0x4c56, 0x4c56, 0x4c56, 0x2b10, 0x2b10, 0x2b10, 0x4c56, 0x4c56, 0x4c56, 0x0000, 0x0000,
    0x0000, 0xffff, 0xffff, 0xbe9c, 0xbe9c, 0x8e19, 0x8e19, 0x0000, 0xffff, 0xffff, 0xffff, 0xffff,
    0xffff, 0xffff, 0xffff, 0xffff, 0xffff, 0xffff, 0xffff, 0xffff, 0xffff, 0x6db8, 0x6db8, 0xbe9c,
    0xbe9c, 0xbe9c, 0x0000, 0xf81f, 0xf81f, 0xf81f, 0xf81f, 0xf81f, 0xf81f, 0xf81f, 0xf81f, 0xf81f,
    0xf81f, 0xf81f, 0xf81f, 0xf81f, 0xf81f, 0xf81f, 0xf81f, 0xf81f, 0xf81f, 0xf81f, 0xf81f, 0xf81f,
    0xf81f, 0xf81f, 0xf81f, 0xf81f, 0xf81f, 0xf81f, 0xf81f, 0xf81f, 0xf81f, 0xf81f, 0xf81f, 0xf81f,
    0xf81f, 0x0000, 0xffff, 0xffff, 0xffff, 0xffff, 0xbe9c, 0xbe9c, 0x8537, 0x8537, 0x8537, 0x0000,
    0xffff, 0xffff, 0xffff, 0xffff, 0xffff, 0xbe9c, 0xffff, 0xbe9c, 0xbe9c, 0xffff, 0xffff, 0xffff,
    0x0000, 0x0000, 0x0000, 0x4c56, 0x4c56, 0x4c56, 0x4c56, 0x4c56, 0x0000, 0x0000, 0x0000, 0xffff,
    0xffff, 0xffff, 0xffff, 0xbe9c, 0xbe9c, 0x8e19, 0x8e19, 0x0000, 0xffff, 0xffff, 0xffff, 0xffff,
    0xffff, 0xffff, 0xffff, 0xffff, 0xffff, 0xffff, 0xffff, 0xffff, 0xffff, 0x6db8, 0x6db8, 0xbe9c,
    0xbe9c, 0xbe9c, 0x0000, 0xf81f, 0xf81f, 0xf81f, 0xf81f, 0xf81f, 0xf81f, 0xf81f, 0xf81f, 0xf81f,
    0xf81f, 0xf81f, 0xf81f, 0xf81f, 0xf81f, 0xf81f, 0xf81f, 0xf81f, 0xf81f, 0xf81f, 0xf81f, 0xf81f,
    0xf81f, 0xf81f, 0xf81f, 0xf81f, 0xf81f, 0xf81f, 0xf81f, 0xf81f, 0xf81f, 0xf81f, 0xf81f, 0xf81f,
    0xf81f, 0x0000, 0xffff, 0xffff, 0xffff, 0xffff, 0xbe9c, 0xbe9c, 0x8537, 0x8537, 0x8537, 0x0000,
    0xffff, 0xffff, 0xffff, 0xffff, 0xffff, 0xbe9c, 0xbe9c, 0xbe9c, 0xbe9c, 0xbe9c, 0xbe9c, 0xffff,
    0xffff, 0xffff, 0x0000, 0x0000, 0x0000, 0x0000, 0x0000, 0x0000, 0x0000, 0xffff, 0xffff, 0xffff,
    0xffff, 0xffff, 0xffff, 0xbe9c, 0x8e19, 0x8e19, 0x8e19, 0x0000, 0xffff, 0xffff, 0xffff, 0xffff,
    0xffff, 0xffff, 0xffff, 0xffff, 0xffff, 0xffff, 0xffff, 0xffff, 0x6db8, 0x6db8, 0x6db8, 0xbe9c,
    0xbe9c, 0xbe9c, 0x0000, 0xf81f, 0xf81f, 0xf81f, 0xf81f, 0xf81f, 0xf81f, 0xf81f, 0xf81f, 0xf81f,
    0xf81f, 0xf81f, 0xf81f, 0xf81f, 0xf81f, 0xf81f, 0xf81f, 0xf81f, 0xf81f, 0xf81f, 0xf81f, 0xf81f,
    0xf81f, 0xf81f, 0xf81f, 0xf81f, 0xf81f, 0xf81f, 0xf81f, 0xf81f, 0xf81f, 0xf81f, 0xf81f, 0xf81f,
    0x0000, 0x0000, 0xffff, 0xffff, 0xffff, 0xffff, 0xbe9c, 0xbe9c, 0x8537, 0x8537, 0x8537, 0x0000,
    0xffff, 0xffff, 0xffff, 0xffff, 0xffff, 0xbe9c, 0xbe9c, 0xbe9c, 0xbe9c, 0xbe9c, 0xbe9c, 0xffff,
    0xffff, 0xffff, 0xffff, 0xffff, 0xffff, 0xffff, 0xffff, 0xffff, 0xbe9c, 0xbe9c, 0xbe9c, 0xbe9c,
    0xbe9c, 0xbe9c, 0xffff, 0xbe9c, 0xbe9c, 0x4452, 0x0000, 0x0000, 0xffff, 0xffff, 0xffff, 0xffff,
    0xffff, 0xffff, 0xffff, 0xffff, 0xffff, 0xffff, 0xffff, 0xffff, 0x6db8, 0x8537, 0x6db8, 0xbe9c,
    0xbe9c, 0xbe9c, 0x0000, 0xf81f, 0xf81f, 0xf81f, 0xf81f, 0xf81f, 0xf81f, 0xf81f, 0xf81f, 0xf81f,
    0xf81f, 0xf81f, 0xf81f, 0xf81f, 0xf81f, 0xf81f, 0xf81f, 0xf81f, 0xf81f, 0xf81f, 0xf81f, 0xf81f,
    0xf81f, 0xf81f, 0xf81f, 0xf81f, 0xf81f, 0xf81f, 0xf81f, 0xf81f, 0xf81f, 0xf81f, 0xf81f, 0xf81f,
    0x0000, 0xffff, 0xffff, 0xffff, 0xffff, 0xffff, 0xbe9c, 0xbe9c, 0x8537, 0x8537, 0x8537, 0x0000,
    0xffff, 0xffff, 0xffff, 0xffff, 0xffff, 0xffff, 0xbe9c, 0xffff, 0xffff, 0xffff, 0xffff, 0xffff,
    0xffff, 0xffff, 0xffff, 0xffff, 0xffff, 0xffff, 0xffff, 0xffff, 0xffff, 0xbe9c, 0xbe9c, 0xbe9c,
    0xffff, 0xffff, 0xffff, 0xbe9c, 0x8e19, 0x4452, 0x0000, 0xffff, 0xffff, 0xffff, 0xffff, 0xffff,
    0xffff, 0xffff, 0xffff, 0xffff, 0xffff, 0xffff, 0xffff, 0xffff, 0x8537, 0x8537, 0x6db8, 0xbe9c,
    0xbe9c, 0x8537, 0x0000, 0xf81f, 0xf81f, 0xf81f, 0xf81f, 0xf81f, 0xf81f, 0xf81f, 0xf81f, 0xf81f,
    0xf81f, 0xf81f, 0xf81f, 0xf81f, 0xf81f, 0xf81f, 0xf81f, 0xf81f, 0xf81f, 0xf81f, 0xf81f, 0xf81f,
    0xf81f, 0xf81f, 0xf81f, 0xf81f, 0xf81f, 0xf81f, 0xf81f, 0xf81f, 0xf81f, 0xf81f, 0xf81f, 0xf81f,
    0x0000, 0xffff, 0xffff, 0xffff, 0xffff, 0xffff, 0xbe9c, 0xbe9c, 0x8537, 0x8537, 0x8537, 0x8537,
    0x0000, 0xffff, 0xffff, 0xffff, 0xffff, 0xffff, 0xffff, 0xffff, 0xffff, 0xffff, 0xffff, 0xffff,
    0xffff, 0xffff, 0xffff, 0xffff, 0xffff, 0xffff, 0xffff, 0xffff, 0xffff, 0xffff, 0xffff, 0xffff,
    0xffff, 0xffff, 0xffff, 0xbe9c, 0x4452, 0x4452, 0x0000, 0xffff, 0xffff, 0xffff, 0xffff, 0xffff,
    0xffff, 0xffff, 0xffff, 0xffff, 0xffff, 0xffff, 0xffff, 0x8537, 0x8537, 0x8537, 0x6db8, 0xbe9c,
    0xbe9c, 0x8537, 0x0000, 0xf81f, 0xf81f, 0xf81f, 0xf81f, 0xf81f, 0xf81f, 0xf81f, 0xf81f, 0xf81f,
    0xf81f, 0xf81f, 0xf81f, 0xf81f, 0xf81f, 0xf81f, 0xf81f, 0xf81f, 0xf81f, 0xf81f, 0xf81f, 0xf81f,
    0xf81f, 0xf81f, 0xf81f, 0xf81f, 0xf81f, 0xf81f, 0xf81f, 0xf81f, 0xf81f, 0xf81f, 0xf81f, 0xf81f,
    0x0000, 0xffff, 0xffff, 0xffff, 0xffff, 0xffff, 0xbe9c, 0xbe9c, 0x8537, 0x8537, 0x8537, 0x8537,
    0x0000, 0xffff, 0xffff, 0xffff, 0xffff, 0xffff, 0xffff, 0xffff, 0xffff, 0xffff, 0xffff, 0xffff,
    0xffff, 0xffff, 0xffff, 0xffff, 0xffff, 0xffff, 0xffff, 0xffff, 0xffff, 0xffff, 0xffff, 0xbe9c,
    0xbe9c, 0xffff, 0xffff, 0xbe9c, 0x4452, 0x4452, 0x0000, 0xffff, 0xffff, 0xffff, 0xffff, 0xffff,
    0xffff, 0xffff, 0xffff, 0xffff, 0xffff, 0xffff, 0xffff, 0x8537, 0x6db8, 0x6db8, 0xbe9c, 0x6db8,
    0x8537, 0x8537, 0x0000, 0xf81f, 0xf81f, 0xf81f, 0xf81f, 0xf81f, 0xf81f, 0xf81f, 0xf81f, 0xf81f,
    0xf81f, 0xf81f, 0xf81f, 0xf81f, 0xf81f, 0xf81f, 0xf81f, 0xf81f, 0xf81f, 0xf81f, 0xf81f, 0xf81f,
    0xf81f, 0xf81f, 0xf81f, 0xf81f, 0xf81f, 0xf81f, 0xf81f, 0xf81f, 0xf81f, 0xf81f, 0xf81f, 0xf81f,
    0x0000, 0xffff, 0xffff, 0xffff, 0xffff, 0xffff, 0xbe9c, 0xbe9c, 0x8537, 0x8537, 0x8537, 0x8537,
    0x0000, 0xffff, 0xffff, 0xffff, 0xffff, 0xffff, 0xffff, 0xffff, 0xffff, 0xffff, 0xffff, 0xffff,
    0xffff, 0xffff, 0xffff, 0xffff, 0xffff, 0xffff, 0xffff, 0xffff, 0xffff, 0xffff, 0xffff, 0xbe9c,
    0xbe9c, 0xbe9c, 0xbe9c, 0xffff, 0x4452, 0x4452, 0x0000, 0xffff, 0xffff, 0xffff, 0xffff, 0xffff,
    0xffff, 0xffff, 0xffff, 0xffff, 0xffff, 0x8537, 0x8537, 0x8537, 0x6db8, 0x6db8, 0x6db8, 0x6db8,
    0x8537, 0x0000, 0x0000, 0xf81f, 0xf81f, 0xf81f, 0xf81f, 0xf81f, 0xf81f, 0xf81f, 0xf81f, 0xf81f,
    0xf81f, 0xf81f, 0xf81f, 0xf81f, 0xf81f, 0xf81f, 0xf81f, 0xf81f, 0xf81f, 0xf81f, 0xf81f, 0xf81f,
    0xf81f, 0xf81f, 0xf81f, 0xf81f, 0xf81f, 0xf81f, 0xf81f, 0xf81f, 0xf81f, 0xf81f, 0xf81f, 0xf81f,
    0x0000, 0xffff, 0xffff, 0xffff, 0xffff, 0xffff, 0xbe9c, 0xbe9c, 0x8537, 0x8537, 0x8537, 0x8537,
    0x0000, 0xffff, 0xffff, 0xffff, 0xffff, 0xffff, 0xffff, 0xffff, 0xffff, 0xffff, 0xffff, 0xffff,
    0xffff, 0xffff, 0xffff, 0xffff, 0xffff, 0xffff, 0xffff, 0xffff, 0xffff, 0xffff, 0xffff, 0xbe9c,
    0xbe9c, 0xbe9c, 0xbe9c, 0xffff, 0x4452, 0x4452, 0x0000, 0xffff, 0xffff, 0xffff, 0xffff, 0xffff,
    0xffff, 0xffff, 0xffff, 0xffff, 0xffff, 0x8537, 0x8537, 0x8537, 0x6db8, 0x6db8, 0x6db8, 0x6db8,
    0x8537, 0x0000, 0x0000, 0xf81f, 0xf81f, 0xf81f, 0xf81f, 0xf81f, 0xf81f, 0xf81f, 0xf81f, 0xf81f,
    0xf81f, 0xf81f, 0xf81f, 0xf81f, 0xf81f, 0xf81f, 0xf81f, 0xf81f, 0xf81f, 0xf81f, 0xf81f, 0xf81f,
    0xf81f, 0xf81f, 0xf81f, 0xf81f, 0xf81f, 0xf81f, 0xf81f, 0xf81f, 0xf81f, 0xf81f, 0xf81f, 0xf81f,
    0xf81f, 0x0000, 0xffff, 0xffff, 0xffff, 0xffff, 0xbe9c, 0xbe9c, 0x8537, 0x8537, 0x8537, 0x8537,
    0x0000, 0xffff, 0xffff, 0xffff, 0xffff, 0xffff, 0xffff, 0xffff, 0xffff, 0xffff, 0xffff, 0xffff,
    0xffff, 0xffff, 0x2bb0, 0x2bb0, 0xffff, 0xffff, 0xffff, 0xffff, 0xffff, 0xffff, 0xffff, 0xffff,
    0xffff, 0xffff, 0xffff, 0xbe9c, 0x4452, 0x4452, 0x0000, 0xffff, 0xffff, 0xffff, 0xffff, 0xffff,
    0xffff, 0xffff, 0xffff, 0xffff, 0x8537, 0x8537, 0x8537, 0x8537, 0x6db8, 0x6db8, 0x6db8, 0x8537,
    0x8537, 0x0000, 0xf81f, 0xf81f, 0xf81f, 0xf81f, 0xf81f, 0xf81f, 0xf81f, 0xf81f, 0xf81f, 0xf81f,
    0xf81f, 0xf81f, 0xf81f, 0xf81f, 0xf81f, 0xf81f, 0xf81f, 0xf81f, 0xf81f, 0xf81f, 0xf81f, 0xf81f,
    0xf81f, 0xf81f, 0xf81f, 0xf81f, 0xf81f, 0xf81f, 0xf81f, 0xf81f, 0xf81f, 0xf81f, 0xf81f, 0xf81f,
    0xf81f, 0x0000, 0xffff, 0x0000, 0x0000, 0x0000, 0xbe9c, 0xbe9c, 0x8537, 0x8537, 0x8537, 0x8537,
    0x0000, 0x0000, 0xffff, 0xffff, 0xffff, 0xffff, 0xffff, 0xffff, 0xffff, 0xffff, 0xffff, 0xffff,
    0xffff, 0xffff, 0x2bb0, 0x2bb0, 0xbe9c, 0xffff, 0xffff, 0xffff, 0xffff, 0xffff, 0xffff, 0xffff,
    0xffff, 0xffff, 0xffff, 0xffff, 0x4452, 0x4452, 0x0000, 0xffff, 0xffff, 0xffff, 0xffff, 0xffff,
    0xffff, 0xffff, 0xffff, 0xffff, 0x8537, 0x8537, 0x8537, 0x8537, 0x6db8, 0x6db8, 0x8537, 0x8537,
    0x0000, 0xf81f, 0xf81f, 0xf81f, 0xf81f, 0xf81f, 0xf81f, 0xf81f, 0xf81f, 0xf81f, 0xf81f, 0xf81f,
    0xf81f, 0xf81f, 0xf81f, 0xf81f, 0xf81f, 0xf81f, 0xf81f, 0xf81f, 0xf81f, 0xf81f, 0xf81f, 0xf81f,
    0xf81f, 0xf81f, 0xf81f, 0xf81f, 0xf81f, 0xf81f, 0xf81f, 0xf81f, 0xf81f, 0xf81f, 0xf81f, 0xf81f,
    0xf81f, 0x0000, 0x0000, 0x0000, 0x2b10, 0x0000, 0x0000, 0xbe9c, 0x8537, 0x8537, 0x8537, 0x8537,
    0x8537, 0x0000, 0xffff, 0xffff, 0xffff, 0xffff, 0xffff, 0xffff, 0xffff, 0xffff, 0xffff, 0xffff,
    0xffff, 0xffff, 0x2bb0, 0x2bb0, 0xbe9c, 0xffff, 0xffff, 0xffff, 0xffff, 0xffff, 0xffff, 0xffff,
    0xffff, 0xffff, 0xffff, 0xffff, 0x4452, 0x4452, 0x0000, 0xffff, 0xffff, 0xffff, 0xffff, 0xffff,
    0xffff, 0xffff, 0xffff, 0x8537, 0x8537, 0x8537, 0x8537, 0x8537, 0x8537, 0x8537, 0x8537, 0x0000,
    0x0000, 0xf81f, 0xf81f, 0xf81f, 0xf81f, 0xf81f, 0xf81f, 0xf81f, 0xf81f, 0xf81f, 0xf81f, 0xf81f,
    0xf81f, 0xf81f, 0xf81f, 0xf81f, 0xf81f, 0xf81f, 0xf81f, 0xf81f, 0xf81f, 0xf81f, 0xf81f, 0xf81f,
    0xf81f, 0xf81f, 0xf81f, 0xf81f, 0xf81f, 0xf81f, 0xf81f, 0xf81f, 0xf81f, 0xf81f, 0xf81f, 0xf81f,
    0xf81f, 0xf81f, 0x0000, 0x0000, 0x2b10, 0x2b10, 0x0000, 0x0000, 0xbe9c, 0x8537, 0x8537, 0x8537,
    0x8537, 0x0000, 0x0000, 0xffff, 0xffff, 0xffff, 0xffff, 0xffff, 0xffff, 0xffff, 0xffff, 0xffff,
    0xffff, 0xffff, 0x2bb0, 0x2bb0, 0x2bb0, 0x2bb0, 0xffff, 0xffff, 0xffff, 0xffff, 0xffff, 0xffff,
    0xffff, 0xffff, 0xffff, 0xffff, 0x4452, 0x4452, 0x0000, 0x0000, 0xffff, 0xffff, 0xffff, 0xffff,
    0x0000, 0x0000, 0x0000, 0x8537, 0x8537, 0x8537, 0x8537, 0x8537, 0x8537, 0x8537, 0x8537, 0x0000,
    0xf81f, 0xf81f, 0xf81f, 0xf81f, 0xf81f, 0xf81f, 0xf81f, 0xf81f, 0xf81f, 0xf81f, 0xf81f, 0xf81f,
    0xf81f, 0xf81f, 0xf81f, 0xf81f, 0xf81f, 0xf81f, 0xf81f, 0xf81f, 0xf81f, 0xf81f, 0xf81f, 0xf81f,
    0xf81f, 0xf81f, 0xf81f, 0xf81f, 0xf81f, 0xf81f, 0xf81f, 0xf81f, 0xf81f, 0xf81f, 0xf81f, 0xf81f,
    0xf81f, 0xf81f, 0xf81f, 0x0000, 0x2b10, 0x2b10, 0x7d9a, 0x7d9a, 0x0000, 0xbe9c, 0xbe9c, 0xbe9c,
    0xbe9c, 0xbe9c, 0x0000, 0xffff, 0xffff, 0xffff, 0xffff, 0xffff, 0xffff, 0xffff, 0xffff, 0xffff,
    0xffff, 0xffff, 0xbe9c, 0xbe9c, 0x2bb0, 0x2bb0, 0x2bb0, 0xffff, 0xffff, 0xffff, 0xffff, 0xffff,
    0xffff, 0xffff, 0xffff, 0xffff, 0x4452, 0x4452, 0x22cc, 0x0000, 0xffff, 0xffff, 0xffff, 0x0000,
    0x2b10, 0x2b10, 0x0000, 0x0000, 0x0000, 0x8537, 0x8537, 0x0000, 0x8537, 0x0000, 0x0000, 0x0000,
    0xf81f, 0xf81f, 0xf81f, 0xf81f, 0xf81f, 0xf81f, 0xf81f, 0xf81f, 0xf81f, 0xf81f, 0xf81f, 0xf81f,
    0xf81f, 0xf81f, 0xf81f, 0xf81f, 0xf81f, 0xf81f, 0xf81f, 0xf81f, 0xf81f, 0xf81f, 0xf81f, 0xf81f,
    0xf81f, 0xf81f, 0xf81f, 0xf81f, 0xf81f, 0xf81f, 0xf81f, 0xf81f, 0xf81f, 0xf81f, 0xf81f, 0xf81f,
    0xf81f, 0xf81f, 0xf81f, 0x0000, 0x2b10, 0x2b10, 0x7d9a, 0x7d9a, 0x1168, 0x0000, 0xbe9c, 0xbe9c,
    0xbe9c, 0xbe9c, 0x0000, 0xffff, 0xffff, 0xffff, 0xffff, 0xffff, 0xffff, 0xffff, 0xffff, 0xffff,
    0xffff, 0xffff, 0xbe9c, 0xbe9c, 0x8537, 0x2bb0, 0x2bb0, 0xffff, 0xffff, 0xffff, 0xffff, 0xffff,
    0xffff, 0xffff, 0xffff, 0xffff, 0x2bb0, 0x4452, 0x4452, 0x0000, 0xffff, 0xffff, 0xffff, 0x0000,
    0x4c56, 0x4c56, 0x2b10, 0x2b10, 0x0000, 0x0000, 0x0000, 0x0000, 0x2b10, 0x2b10, 0x2b10, 0x0000,
    0x0000, 0xf81f, 0xf81f, 0xf81f, 0xf81f, 0xf81f, 0xf81f, 0xf81f, 0xf81f, 0xf81f, 0xf81f, 0xf81f,
    0xf81f, 0xf81f, 0xf81f, 0xf81f, 0xf81f, 0xf81f, 0xf81f, 0xf81f, 0xf81f, 0xf81f, 0xf81f, 0xf81f,
    0xf81f, 0xf81f, 0xf81f, 0xf81f, 0xf81f, 0xf81f, 0xf81f, 0xf81f, 0xf81f, 0xf81f, 0xf81f, 0xf81f,
    0xf81f, 0xf81f, 0xf81f, 0x0000, 0x0000, 0x2b10, 0x7d9a, 0x0000, 0x1168, 0x1168, 0x0000, 0x0000,
    0xbe9c, 0xbe9c, 0x0000, 0xffff, 0xffff, 0xffff, 0xffff, 0xffff, 0xffff, 0xffff, 0xffff, 0xffff,
    0xffff, 0xffff, 0xbe9c, 0xbe9c, 0x2bb0, 0x2bb0, 0x0000, 0x0000, 0xffff, 0xffff, 0xffff, 0xffff,
    0xffff, 0xffff, 0xffff, 0xffff, 0x2bb0, 0x2bb0, 0x4452, 0x0000, 0x0000, 0xffff, 0xffff, 0x0000,
    0x4c56, 0x4c56, 0x2b10, 0x2b10, 0x2b10, 0x2b10, 0x0000, 0x0000, 0x2b10, 0x2b10, 0x2b10, 0x0000,
    0x0000, 0xf81f, 0xf81f, 0xf81f, 0xf81f, 0xf81f, 0xf81f, 0xf81f, 0xf81f, 0xf81f, 0xf81f, 0xf81f,
    0xf81f, 0xf81f, 0xf81f, 0xf81f, 0xf81f, 0xf81f, 0xf81f, 0xf81f, 0xf81f, 0xf81f, 0xf81f, 0xf81f,
    0xf81f, 0xf81f, 0xf81f, 0xf81f, 0xf81f, 0xf81f, 0xf81f, 0xf81f, 0xf81f, 0xf81f, 0xf81f, 0xf81f,
    0xf81f, 0xf81f, 0xf81f, 0xf81f, 0x0000, 0x2b10, 0x7d9a, 0x0000, 0x1168, 0x1168, 0x1168, 0x1168,
    0x0000, 0x0000, 0x0000, 0xffff, 0xffff, 0xffff, 0xffff, 0xffff, 0xffff, 0xffff, 0xffff, 0xffff,
    0xffff, 0xffff, 0xbe9c, 0xbe9c, 0x8537, 0x2bb0, 0x2bb0, 0x0000, 0xffff, 0xffff, 0xffff, 0xffff,
    0xffff, 0xffff, 0xffff, 0xffff, 0x2bb0, 0x2bb0, 0x4452, 0x0000, 0x0000, 0x0000, 0xffff, 0x0000,
    0x4c56, 0x4c56, 0x2b10, 0x2b10, 0x2b10, 0x2b10, 0x2b10, 0x2b10, 0x2b10, 0x2b10, 0x2b10, 0x2b10,
    0x0000, 0xf81f, 0xf81f, 0xf81f, 0xf81f, 0xf81f, 0xf81f, 0xf81f, 0xf81f, 0xf81f, 0xf81f, 0xf81f,
    0xf81f, 0xf81f, 0xf81f, 0xf81f, 0xf81f, 0xf81f, 0xf81f, 0xf81f, 0xf81f, 0xf81f, 0xf81f, 0xf81f,
    0xf81f, 0xf81f, 0xf81f, 0xf81f, 0xf81f, 0xf81f, 0xf81f, 0xf81f, 0xf81f, 0xf81f, 0xf81f, 0xf81f,
    0xf81f, 0xf81f, 0xf81f, 0xf81f, 0x0000, 0x2b10, 0x7d9a, 0x0000, 0x1168, 0x1168, 0x1168, 0x1168,
    0x1168, 0x1168, 0x0000, 0xffff, 0xffff, 0xffff, 0xffff, 0xffff, 0xffff, 0xffff, 0xffff, 0xffff,
    0xffff, 0xffff, 0xbe9c, 0xbe9c, 0x8537, 0x2bb0, 0x2bb0, 0x0000, 0x0000, 0xffff, 0xffff, 0xffff,
    0xffff, 0xffff, 0xffff, 0xffff, 0x2bb0, 0x2bb0, 0x2bb0, 0x0000, 0x1168, 0x0000, 0x0000, 0x0000,
    0x4c56, 0x4c56, 0x2b10, 0x2b10, 0x2b10, 0x2b10, 0x2b10, 0x2b10, 0x2b10, 0x2b10, 0x4c56, 0x2b10,
    0x0000, 0xf81f, 0xf81f, 0xf81f, 0xf81f, 0xf81f, 0xf81f, 0xf81f, 0xf81f, 0xf81f, 0xf81f, 0xf81f,
    0xf81f, 0xf81f, 0xf81f, 0xf81f, 0xf81f, 0xf81f, 0xf81f, 0xf81f, 0xf81f, 0xf81f, 0xf81f, 0xf81f,
    0xf81f, 0xf81f, 0xf81f, 0xf81f, 0xf81f, 0xf81f, 0xf81f, 0xf81f, 0xf81f, 0xf81f, 0xf81f, 0xf81f,
    0xf81f, 0xf81f, 0xf81f, 0xf81f, 0x0000, 0x7d9a, 0x7d9a, 0x0000, 0x1168, 0x1168, 0x0000, 0x1168,
    0x1168, 0x1168, 0x0000, 0xffff, 0xffff, 0xffff, 0xffff, 0xffff, 0xffff, 0xffff, 0xffff, 0xffff,
    0xffff, 0xffff, 0xbe9c, 0xbe9c, 0x8537, 0x8537, 0x2bb0, 0x0000, 0x0000, 0x0000, 0xffff, 0xffff,
    0xffff, 0xffff, 0xffff, 0xffff, 0x2bb0, 0x2bb0, 0x2bb0, 0x0000, 0x1168, 0x1168, 0x0000, 0x0000,
    0x4c56, 0x4c56, 0x4c56, 0x4c56, 0x2b10, 0x4c56, 0x4c56, 0x4c56, 0x4c56, 0x4c56, 0x4c56, 0x4c56,
    0x0000, 0xf81f, 0xf81f, 0xf81f, 0xf81f, 0xf81f, 0xf81f, 0xf81f, 0xf81f, 0xf81f, 0xf81f, 0xf81f,
    0xf81f, 0xf81f, 0xf81f, 0xf81f, 0xf81f, 0xf81f, 0xf81f, 0xf81f, 0xf81f, 0xf81f, 0xf81f, 0xf81f,
    0xf81f, 0xf81f, 0xf81f, 0xf81f, 0xf81f, 0xf81f, 0xf81f, 0xf81f, 0xf81f, 0xf81f, 0xf81f, 0xf81f,
    0xf81f, 0xf81f, 0xf81f, 0xf81f, 0x0000, 0x2b10, 0x2b10, 0x0000, 0x1168, 0x1168, 0x0000, 0x1168,
    0x1168, 0x1168, 0x0000, 0xffff, 0xffff, 0xffff, 0xffff, 0xffff, 0xffff, 0xffff, 0xffff, 0xffff,
    0xffff, 0xffff, 0xbe9c, 0xbe9c, 0x8537, 0x8537, 0x2bb0, 0x0000, 0xf81f, 0x0000, 0xffff, 0xffff,
    0xffff, 0xffff, 0xffff, 0xffff, 0xffff, 0x2bb0, 0x2bb0, 0x0000, 0x1168, 0x1168, 0x1168, 0x0000,
    0x4c56, 0x4c56, 0x4c56, 0x4c56, 0x4c56, 0x4c56, 0x0000, 0x4c56, 0x4c56, 0x0000, 0x4c56, 0x0000,
    0xf81f, 0xf81f, 0xf81f, 0xf81f, 0xf81f, 0xf81f, 0xf81f, 0xf81f, 0xf81f, 0xf81f, 0xf81f, 0xf81f,
    0xf81f, 0xf81f, 0xf81f, 0xf81f, 0xf81f, 0xf81f, 0xf81f, 0xf81f, 0xf81f, 0xf81f, 0xf81f, 0xf81f,
    0xf81f, 0xf81f, 0xf81f, 0xf81f, 0xf81f, 0xf81f, 0xf81f, 0xf81f, 0xf81f, 0xf81f, 0xf81f, 0xf81f,
    0xf81f, 0xf81f, 0xf81f, 0xf81f, 0xf81f, 0x0000, 0x0000, 0x0000, 0x1168, 0x1168, 0x0000, 0x1168,
    0x1168, 0x1168, 0x0000, 0xffff, 0xffff, 0xffff, 0xffff, 0xffff, 0xffff, 0xffff, 0xffff, 0xffff,
    0xffff, 0xffff, 0xbe9c, 0xbe9c, 0x8537, 0x8537, 0x2bb0, 0x0000, 0xf81f, 0x0000, 0xffff, 0xffff,
    0xffff, 0xffff, 0xffff, 0xffff, 0xffff, 0x2bb0, 0x2bb0, 0x0000, 0x0000, 0x1168, 0x1168, 0x0000,
    0x4c56, 0x4c56, 0x4c56, 0x0000, 0x4c56, 0x4c56, 0x0000, 0x4c56, 0x4c56, 0x0000, 0x4c56, 0x0000,
    0xf81f, 0xf81f, 0xf81f, 0xf81f, 0xf81f, 0xf81f, 0xf81f, 0xf81f, 0xf81f, 0xf81f, 0xf81f, 0xf81f,
    0xf81f, 0xf81f, 0xf81f, 0xf81f, 0xf81f, 0xf81f, 0xf81f, 0xf81f, 0xf81f, 0xf81f, 0xf81f, 0xf81f,
    0xf81f, 0xf81f, 0xf81f, 0xf81f, 0xf81f, 0xf81f, 0xf81f, 0xf81f, 0xf81f, 0xf81f, 0xf81f, 0xf81f,
    0xf81f, 0xf81f, 0xf81f, 0xf81f, 0xf81f, 0xf81f, 0xf81f, 0x0000, 0x0000, 0x1168, 0x0000, 0x1168,
    0x1168, 0x1168, 0x0000, 0xffff, 0xbe9c, 0xffff, 0xffff, 0xffff, 0xffff, 0xffff, 0xffff, 0xffff,
    0xffff, 0xffff, 0xbe9c, 0xbe9c, 0x8537, 0x8537, 0x2bb0, 0x0000, 0xf81f, 0x0000, 0xffff, 0xffff,
    0xffff, 0xffff, 0xffff, 0xffff, 0xffff, 0x8e19, 0x2bb0, 0x2bb0, 0x2bb0, 0x0000, 0x0000, 0x0000,
    0x4c56, 0x4c56, 0x4c56, 0x0000, 0x4c56, 0x4c56, 0x0000, 0x4c56, 0x4c56, 0x0000, 0x4c56, 0x0000,
    0xf81f, 0xf81f, 0xf81f, 0xf81f, 0xf81f, 0xf81f, 0xf81f, 0xf81f, 0xf81f, 0xf81f, 0xf81f, 0xf81f,
    0xf81f, 0xf81f, 0xf81f, 0xf81f, 0xf81f, 0xf81f, 0xf81f, 0xf81f, 0xf81f, 0xf81f, 0xf81f, 0xf81f,
    0xf81f, 0xf81f, 0xf81f, 0xf81f, 0xf81f, 0xf81f, 0xf81f, 0xf81f, 0xf81f, 0xf81f, 0xf81f, 0xf81f,
    0xf81f, 0xf81f, 0xf81f, 0xf81f, 0xf81f, 0xf81f, 0xf81f, 0xf81f, 0x0000, 0x1168, 0x0000, 0x1168,
    0x1168, 0x0000, 0x0000, 0xffff, 0xbe9c, 0xbe9c, 0xbe9c, 0xbe9c, 0xbe9c, 0xffff, 0xffff, 0xffff,
    0xffff, 0xffff, 0xbe9c, 0xbe9c, 0x8537, 0x8537, 0x2bb0, 0x0000, 0xf81f, 0x0000, 0xffff, 0xffff,
    0xffff, 0xffff, 0xffff, 0xffff, 0xffff, 0xffff, 0x2bb0, 0x2bb0, 0x2bb0, 0x2bb0, 0x2bb0, 0x0000,
    0x4c56, 0x4c56, 0x4c56, 0x0000, 0x4c56, 0x4c56, 0x0000, 0x4c56, 0x4c56, 0x0000, 0x0000, 0x0000,
    0xf81f, 0xf81f, 0xf81f, 0xf81f, 0xf81f, 0xf81f, 0xf81f, 0xf81f, 0xf81f, 0xf81f, 0xf81f, 0xf81f,
    0xf81f, 0xf81f, 0xf81f, 0xf81f, 0xf81f, 0xf81f, 0xf81f, 0xf81f, 0xf81f, 0xf81f, 0xf81f, 0xf81f,
    0xf81f, 0xf81f, 0xf81f, 0xf81f, 0xf81f, 0xf81f, 0xf81f, 0xf81f, 0xf81f, 0xf81f, 0xf81f, 0xf81f,
    0xf81f, 0xf81f, 0xf81f, 0xf81f, 0xf81f, 0xf81f, 0xf81f, 0xf81f, 0x0000, 0x0000, 0x0000, 0x0000,
    0x0000, 0x0000, 0x0000, 0xffff, 0xbe9c, 0xbe9c, 0xbe9c, 0xbe9c, 0xbe9c, 0xffff, 0xffff, 0xffff,
    0xffff, 0xffff, 0xbe9c, 0xbe9c, 0x8537, 0x8537, 0x8537, 0x0000, 0xf81f, 0x0000, 0xffff, 0xffff,
    0xffff, 0xffff, 0xffff, 0xffff, 0xffff, 0xffff, 0x8e19, 0x2bb0, 0x2bb0, 0x2bb0, 0x2bb0, 0x0000,
    0x0000, 0x0000, 0x0000, 0x0000, 0x0000, 0x0000, 0x0000, 0x0000, 0x0000, 0x0000, 0xf81f, 0xf81f,
    0xf81f, 0xf81f, 0xf81f, 0xf81f, 0xf81f, 0xf81f, 0xf81f, 0xf81f, 0xf81f, 0xf81f, 0xf81f, 0xf81f,
    0xf81f, 0xf81f, 0xf81f, 0xf81f, 0xf81f, 0xf81f, 0xf81f, 0xf81f, 0xf81f, 0xf81f, 0xf81f, 0xf81f,
    0xf81f, 0xf81f, 0xf81f, 0xf81f, 0xf81f, 0xf81f, 0xf81f, 0xf81f, 0xf81f, 0xf81f, 0xf81f, 0xf81f,
    0xf81f, 0xf81f, 0xf81f, 0xf81f, 0xf81f, 0xf81f, 0xf81f, 0xf81f, 0xf81f, 0xf81f, 0xf81f, 0xf81f,
    0xf81f, 0xf81f, 0x0000, 0xffff, 0xffff, 0xbe9c, 0xbe9c, 0xbe9c, 0xbe9c, 0xffff, 0xffff, 0xffff,
    0xffff, 0xffff, 0xbe9c, 0xbe9c, 0x8537, 0x8537, 0x8537, 0x0000, 0xf81f, 0x0000, 0xffff, 0xffff,
    0xffff, 0xbe9c, 0xffff, 0xffff, 0xffff, 0xffff, 0xffff, 0x8e19, 0x2bb0, 0x2bb0, 0x2bb0, 0x2bb0,
    0x2bb0, 0x2bb0, 0x2bb0, 0x2bb0, 0x2bb0, 0x0000, 0xf81f, 0xf81f, 0xf81f, 0xf81f, 0xf81f, 0xf81f,
    0xf81f, 0xf81f, 0xf81f, 0xf81f, 0xf81f, 0xf81f, 0xf81f, 0xf81f, 0xf81f, 0xf81f, 0xf81f, 0xf81f,
    0xf81f, 0xf81f, 0xf81f, 0xf81f, 0xf81f, 0xf81f, 0xf81f, 0xf81f, 0xf81f, 0xf81f, 0xf81f, 0xf81f,
    0xf81f, 0xf81f, 0xf81f, 0xf81f, 0xf81f, 0xf81f, 0xf81f, 0xf81f, 0xf81f, 0xf81f, 0xf81f, 0xf81f,
    0xf81f, 0xf81f, 0xf81f, 0xf81f, 0xf81f, 0xf81f, 0xf81f, 0xf81f, 0xf81f, 0xf81f, 0xf81f, 0xf81f,
    0xf81f, 0xf81f, 0x0000, 0xffff, 0xffff, 0xbe9c, 0xffff, 0xffff, 0xffff, 0xffff, 0xffff, 0xffff,
    0xffff, 0xffff, 0xbe9c, 0xbe9c, 0x8537, 0x8537, 0x8537, 0x0000, 0xf81f, 0x0000, 0xffff, 0xffff,
    0xffff, 0xbe9c, 0xbe9c, 0xbe9c, 0xbe9c, 0xbe9c, 0xffff, 0x8e19, 0x8e19, 0x8e19, 0x2bb0, 0x2bb0,
    0x2bb0, 0x2bb0, 0x2bb0, 0x2bb0, 0x2bb0, 0x0000, 0xf81f, 0xf81f, 0xf81f, 0xf81f, 0xf81f, 0xf81f,
    0xf81f, 0xf81f, 0xf81f, 0xf81f, 0xf81f, 0xf81f, 0xf81f, 0xf81f, 0xf81f, 0xf81f, 0xf81f, 0xf81f,
    0xf81f, 0xf81f, 0xf81f, 0xf81f, 0xf81f, 0xf81f, 0xf81f, 0xf81f, 0xf81f, 0xf81f, 0xf81f, 0xf81f,
    0xf81f, 0xf81f, 0xf81f, 0xf81f, 0xf81f, 0xf81f, 0xf81f, 0xf81f, 0xf81f, 0xf81f, 0xf81f, 0xf81f,
    0xf81f, 0xf81f, 0xf81f, 0xf81f, 0xf81f, 0xf81f, 0xf81f, 0xf81f, 0xf81f, 0xf81f, 0xf81f, 0xf81f,
    0xf81f, 0xf81f, 0x0000, 0xffff, 0xffff, 0xffff, 0xffff, 0xffff, 0xffff, 0xffff, 0xffff, 0xffff,
    0xffff, 0xffff, 0xbe9c, 0xbe9c, 0x8537, 0x8537, 0x8537, 0x0000, 0xf81f, 0x0000, 0xffff, 0xffff,
    0xffff, 0xbe9c, 0xbe9c, 0xbe9c, 0xbe9c, 0xbe9c, 0xffff, 0xffff, 0x8e19, 0x8e19, 0x8e19, 0x22cc,
    0x2bb0, 0x2bb0, 0x2bb0, 0x22cc, 0x22cc, 0x0000, 0xf81f, 0xf81f, 0xf81f, 0xf81f, 0xf81f, 0xf81f,
    0xf81f, 0xf81f, 0xf81f, 0xf81f, 0xf81f, 0xf81f, 0xf81f, 0xf81f, 0xf81f, 0xf81f, 0xf81f, 0xf81f,
    0xf81f, 0xf81f, 0xf81f, 0xf81f, 0xf81f, 0xf81f, 0xf81f, 0xf81f, 0xf81f, 0xf81f, 0xf81f, 0xf81f,
    0xf81f, 0xf81f, 0xf81f, 0xf81f, 0xf81f, 0xf81f, 0xf81f, 0xf81f, 0xf81f, 0xf81f, 0xf81f, 0xf81f,
    0xf81f, 0xf81f, 0xf81f, 0xf81f, 0xf81f, 0xf81f, 0xf81f, 0xf81f, 0xf81f, 0xf81f, 0xf81f, 0xf81f,
    0xf81f, 0xf81f, 0x0000, 0xffff, 0xffff, 0xffff, 0xffff, 0xffff, 0xffff, 0xffff, 0xffff, 0xffff,
    0xffff, 0xffff, 0xbe9c, 0xbe9c, 0x8537, 0x8537, 0x8537, 0x0000, 0xf81f, 0x0000, 0xffff, 0xffff,
    0xffff, 0xffff, 0xffff, 0xffff, 0xffff, 0xffff, 0xffff, 0xffff, 0xffff, 0xffff, 0x8e19, 0x8e19,
    0x8e19, 0x8e19, 0x8e19, 0xffff, 0xffff, 0x0000, 0xf81f, 0xf81f, 0xf81f, 0xf81f, 0xf81f, 0xf81f,
    0xf81f, 0xf81f, 0xf81f, 0xf81f, 0xf81f, 0xf81f, 0xf81f, 0xf81f, 0xf81f, 0xf81f, 0xf81f, 0xf81f,
    0xf81f, 0xf81f, 0xf81f, 0xf81f, 0xf81f, 0xf81f, 0xf81f, 0xf81f, 0xf81f, 0xf81f, 0xf81f, 0xf81f,
    0xf81f, 0xf81f, 0xf81f, 0xf81f, 0xf81f, 0xf81f, 0xf81f, 0xf81f, 0xf81f, 0xf81f, 0xf81f, 0xf81f,
    0xf81f, 0xf81f, 0xf81f, 0xf81f, 0xf81f, 0xf81f, 0xf81f, 0xf81f, 0xf81f, 0xf81f, 0xf81f, 0xf81f,
    0xf81f, 0xf81f, 0x0000, 0xffff, 0xffff, 0xffff, 0xffff, 0xffff, 0xffff, 0xffff, 0xffff, 0xffff,
    0xffff, 0xffff, 0xbe9c, 0xbe9c, 0x8537, 0x8537, 0x8537, 0x0000, 0xf81f, 0x0000, 0xffff, 0xffff,
    0xffff, 0xffff, 0xffff, 0xffff, 0xffff, 0xffff, 0xffff, 0xffff, 0xffff, 0xffff, 0xffff, 0xffff,
    0xffff, 0xffff, 0xffff, 0xffff, 0xffff, 0x0000, 0xf81f, 0xf81f, 0xf81f, 0xf81f, 0xf81f, 0xf81f,
    0xf81f, 0xf81f, 0xf81f, 0xf81f, 0xf81f, 0xf81f, 0xf81f, 0xf81f, 0xf81f, 0xf81f, 0xf81f, 0xf81f,
    0xf81f, 0xf81f, 0xf81f, 0xf81f, 0xf81f, 0xf81f, 0xf81f, 0xf81f, 0xf81f, 0xf81f, 0xf81f, 0xf81f,
    0xf81f, 0xf81f, 0xf81f, 0xf81f, 0xf81f, 0xf81f, 0xf81f, 0xf81f, 0xf81f, 0xf81f, 0xf81f, 0xf81f,
    0xf81f, 0xf81f, 0xf81f, 0xf81f, 0xf81f, 0xf81f, 0xf81f, 0xf81f, 0xf81f, 0xf81f, 0xf81f, 0xf81f,
    0xf81f, 0xf81f, 0x0000, 0xffff, 0xffff, 0xbe9c, 0xffff, 0xffff, 0xffff, 0xffff, 0xffff, 0xffff,
    0xffff, 0xffff, 0xbe9c, 0xbe9c, 0x8537, 0x8537, 0x8537, 0x0000, 0xf81f, 0x0000, 0xffff, 0xffff,
    0xffff, 0xffff, 0xffff, 0xffff, 0xffff, 0xffff, 0xffff, 0xffff, 0xffff, 0xffff, 0xffff, 0xffff,
    0xffff, 0xffff, 0xffff, 0xffff, 0xffff, 0x0000, 0xf81f, 0xf81f, 0xf81f, 0xf81f, 0xf81f, 0xf81f,
    0xf81f, 0xf81f, 0xf81f, 0xf81f, 0xf81f, 0xf81f, 0xf81f, 0xf81f, 0xf81f, 0xf81f, 0xf81f, 0xf81f,
    0xf81f, 0xf81f, 0xf81f, 0xf81f, 0xf81f, 0xf81f, 0xf81f, 0xf81f, 0xf81f, 0xf81f, 0xf81f, 0xf81f,
    0xf81f, 0xf81f, 0xf81f, 0xf81f, 0xf81f, 0xf81f, 0xf81f, 0xf81f, 0xf81f, 0xf81f, 0xf81f, 0xf81f,
    0xf81f, 0xf81f, 0xf81f, 0xf81f, 0xf81f, 0xf81f, 0xf81f, 0xf81f, 0xf81f, 0xf81f, 0xf81f, 0xf81f,
    0xf81f, 0xf81f, 0x0000, 0xffff, 0xffff, 0xbe9c, 0xbe9c, 0xbe9c, 0xffff, 0xbe9c, 0xffff, 0xffff,
    0xffff, 0xffff, 0xbe9c, 0xbe9c, 0x8537, 0x8537, 0x8537, 0x0000, 0xf81f, 0x0000, 0xffff, 0xffff,
    0xffff, 0xffff, 0xffff, 0xffff, 0xffff, 0xffff, 0xffff, 0xffff, 0xffff, 0xffff, 0xbe9c, 0xbe9c,
    0xbe9c, 0xffff, 0xbe9c, 0xbe9c, 0xffff, 0x0000, 0xf81f, 0xf81f, 0xf81f, 0xf81f, 0xf81f, 0xf81f,
    0xf81f, 0xf81f, 0xf81f, 0xf81f, 0xf81f, 0xf81f, 0xf81f, 0xf81f, 0xf81f, 0xf81f, 0xf81f, 0xf81f,
    0xf81f, 0xf81f, 0xf81f, 0xf81f, 0xf81f, 0xf81f, 0xf81f, 0xf81f, 0xf81f, 0xf81f, 0xf81f, 0xf81f,
    0xf81f, 0xf81f, 0xf81f, 0xf81f, 0xf81f, 0xf81f, 0xf81f, 0xf81f, 0xf81f, 0xf81f, 0xf81f, 0xf81f,
    0xf81f, 0xf81f, 0xf81f, 0xf81f, 0xf81f, 0xf81f, 0xf81f, 0xf81f, 0xf81f, 0xf81f, 0xf81f, 0xf81f,
    0xf81f, 0xf81f, 0x0000, 0xffff, 0xffff, 0xbe9c, 0xbe9c, 0xbe9c, 0xbe9c, 0xffff, 0xffff, 0xffff,
    0xffff, 0xbe9c, 0xbe9c, 0x8537, 0x8537, 0x8537, 0x8537, 0x0000, 0xf81f, 0x0000, 0xffff, 0xffff,
    0xffff, 0xffff, 0xffff, 0xffff, 0xffff, 0xffff, 0xffff, 0xffff, 0xffff, 0xffff, 0xffff, 0xbe9c,
    0xbe9c, 0xbe9c, 0xbe9c, 0xbe9c, 0xffff, 0x0000, 0xf81f, 0xf81f, 0xf81f, 0xf81f, 0xf81f, 0xf81f,
    0xf81f, 0xf81f, 0xf81f, 0xf81f, 0xf81f, 0xf81f, 0xf81f, 0xf81f, 0xf81f, 0xf81f, 0xf81f, 0xf81f,
    0xf81f, 0xf81f, 0xf81f, 0xf81f, 0xf81f, 0xf81f, 0xf81f, 0xf81f, 0xf81f, 0xf81f, 0xf81f, 0xf81f,
    0xf81f, 0xf81f, 0xf81f, 0xf81f, 0xf81f, 0xf81f, 0xf81f, 0xf81f, 0xf81f, 0xf81f, 0xf81f, 0xf81f,
    0xf81f, 0xf81f, 0xf81f, 0xf81f, 0xf81f, 0xf81f, 0xf81f, 0xf81f, 0xf81f, 0xf81f, 0xf81f, 0xf81f,
    0xf81f, 0xf81f, 0x0000, 0xffff, 0xffff, 0xffff, 0xffff, 0xffff, 0xffff, 0xffff, 0xffff, 0xffff,
    0xffff, 0xbe9c, 0xbe9c, 0x8537, 0x8537, 0x8537, 0x8537, 0x0000, 0xf81f, 0x0000, 0xffff, 0xffff,
    0x0000, 0x0000, 0xffff, 0xffff, 0xffff, 0xffff, 0xffff, 0xffff, 0xffff, 0xffff, 0xffff, 0xffff,
    0xffff, 0xffff, 0xffff, 0xffff, 0xffff, 0x0000, 0xf81f, 0xf81f, 0xf81f, 0xf81f, 0xf81f, 0xf81f,
    0xf81f, 0xf81f, 0xf81f, 0xf81f, 0xf81f, 0xf81f, 0xf81f, 0xf81f, 0xf81f, 0xf81f, 0xf81f, 0xf81f,
    0xf81f, 0xf81f, 0xf81f, 0xf81f, 0xf81f, 0xf81f, 0xf81f, 0xf81f, 0xf81f, 0xf81f, 0xf81f, 0xf81f,
    0xf81f, 0xf81f, 0xf81f, 0xf81f, 0xf81f, 0xf81f, 0xf81f, 0xf81f, 0xf81f, 0xf81f, 0xf81f, 0xf81f,
    0xf81f, 0xf81f, 0xf81f, 0xf81f, 0xf81f, 0xf81f, 0xf81f, 0xf81f, 0xf81f, 0xf81f, 0xf81f, 0xf81f,
    0xf81f, 0x0000, 0x0000, 0xffff, 0xffff, 0xffff, 0xffff, 0xffff, 0xffff, 0xffff, 0x0000, 0xffff,
    0xbe9c, 0xbe9c, 0x8537, 0x8537, 0x8537, 0x8537, 0x8537, 0x0000, 0xf81f, 0x0000, 0xffff, 0xffff,
    0x0000, 0x0000, 0xffff, 0xffff, 0xffff, 0xffff, 0xffff, 0xffff, 0xffff, 0x0000, 0xffff, 0xffff,
    0xffff, 0xffff, 0xffff, 0xffff, 0xffff, 0x0000, 0xf81f, 0xf81f, 0xf81f, 0xf81f, 0xf81f, 0xf81f,
    0xf81f, 0xf81f, 0xf81f, 0xf81f, 0xf81f, 0xf81f, 0xf81f, 0xf81f, 0xf81f, 0xf81f, 0xf81f, 0xf81f,
    0xf81f, 0xf81f, 0xf81f, 0xf81f, 0xf81f, 0xf81f, 0xf81f, 0xf81f, 0xf81f, 0xf81f, 0xf81f, 0xf81f,
    0xf81f, 0xf81f, 0xf81f, 0xf81f, 0xf81f, 0xf81f, 0xf81f, 0xf81f, 0xf81f, 0xf81f, 0xf81f, 0xf81f,
    0xf81f, 0xf81f, 0xf81f, 0xf81f, 0xf81f, 0xf81f, 0xf81f, 0xf81f, 0xf81f, 0xf81f, 0xf81f, 0xf81f,
    0xf81f, 0x0000, 0xffff, 0xffff, 0xffff, 0xffff, 0xffff, 0xffff, 0x0000, 0x0000, 0x0000, 0x0000,
    0xbe9c, 0xbe9c, 0x8537, 0x8537, 0x8537, 0x8537, 0x8537, 0x0000, 0xf81f, 0x0000, 0xffff, 0x0000,
    0x0000, 0x0000, 0xffff, 0xffff, 0xffff, 0xffff, 0xffff, 0xffff, 0xffff, 0x0000, 0x0000, 0xffff,
    0xffff, 0xffff, 0xffff, 0xffff, 0xffff, 0x0000, 0xf81f, 0xf81f, 0xf81f, 0xf81f, 0xf81f, 0xf81f,
    0xf81f, 0xf81f, 0xf81f, 0xf81f, 0xf81f, 0xf81f, 0xf81f, 0xf81f, 0xf81f, 0xf81f, 0xf81f, 0xf81f,
    0xf81f, 0xf81f, 0xf81f, 0xf81f, 0xf81f, 0xf81f, 0xf81f, 0xf81f, 0xf81f, 0xf81f, 0xf81f, 0xf81f,
    0xf81f, 0xf81f, 0xf81f, 0xf81f, 0xf81f, 0xf81f, 0xf81f, 0xf81f, 0xf81f, 0xf81f, 0xf81f, 0xf81f,
    0xf81f, 0xf81f, 0xf81f, 0xf81f, 0xf81f, 0xf81f, 0xf81f, 0xf81f, 0xf81f, 0xf81f, 0xf81f, 0xf81f,
    0xf81f, 0x0000, 0xffff, 0xffff, 0xffff, 0xffff, 0xffff, 0x0000, 0x0000, 0x1168, 0x1168, 0x0000,
    0xbe9c, 0xbe9c, 0xbe9c, 0x0000, 0x0000, 0x8537, 0x8537, 0x0000, 0xf81f, 0x0000, 0x0000, 0x0000,
    0x2b10, 0x0000, 0xffff, 0xffff, 0xffff, 0x0000, 0x0000, 0x0000, 0xffff, 0x0000, 0x2b10, 0x0000,
    0xffff, 0xffff, 0xffff, 0xffff, 0xffff, 0x0000, 0xf81f, 0xf81f, 0xf81f, 0xf81f, 0xf81f, 0xf81f,
    0xf81f, 0xf81f, 0xf81f, 0xf81f, 0xf81f, 0xf81f, 0xf81f, 0xf81f, 0xf81f, 0xf81f, 0xf81f, 0xf81f,
    0xf81f, 0xf81f, 0xf81f, 0xf81f, 0xf81f, 0xf81f, 0xf81f, 0xf81f, 0xf81f, 0xf81f, 0xf81f, 0xf81f,
    0xf81f, 0xf81f, 0xf81f, 0xf81f, 0xf81f, 0xf81f, 0xf81f, 0xf81f, 0xf81f, 0xf81f, 0xf81f, 0xf81f,
    0xf81f, 0xf81f, 0xf81f, 0xf81f, 0xf81f, 0xf81f, 0xf81f, 0xf81f, 0xf81f, 0xf81f, 0xf81f, 0xf81f,
    0x0000, 0x0000, 0x0000, 0x0000, 0x0000, 0x0000, 0x1168, 0x1168, 0x1168, 0x2b10, 0x1168, 0x0000,
    0x0000, 0xbe9c, 0x0000, 0x1a2c, 0x1a2c, 0x0000, 0x8537, 0x0000, 0xf81f, 0x0000, 0x0000, 0x2b10,
    0x2b10, 0x0000, 0xffff, 0xffff, 0x0000, 0x0000, 0x2b10, 0x0000, 0x0000, 0x0000, 0x2b10, 0x0000,
    0x0000, 0x0000, 0x0000, 0x0000, 0x0000, 0x0000, 0xf81f, 0xf81f, 0xf81f, 0xf81f, 0xf81f, 0xf81f,
    0xf81f, 0xf81f, 0xf81f, 0xf81f, 0xf81f, 0xf81f, 0xf81f, 0xf81f, 0xf81f, 0xf81f, 0xf81f, 0xf81f,
    0xf81f, 0xf81f, 0xf81f, 0xf81f, 0xf81f, 0xf81f, 0xf81f, 0xf81f, 0xf81f, 0xf81f, 0xf81f, 0xf81f,
    0xf81f, 0xf81f, 0xf81f, 0xf81f, 0xf81f, 0xf81f, 0xf81f, 0xf81f, 0xf81f, 0xf81f, 0xf81f, 0xf81f,
    0xf81f, 0xf81f, 0xf81f, 0xf81f, 0xf81f, 0xf81f, 0xf81f, 0xf81f, 0xf81f, 0xf81f, 0xf81f, 0xf81f,
    0x0000, 0x2b10, 0x2b10, 0x2b10, 0x1168, 0x1168, 0x1168, 0x2b10, 0x2b10, 0x2b10, 0x2b10, 0x1168,
    0x1168, 0x0000, 0x0000, 0x4c56, 0x1a2c, 0x0000, 0x0000, 0x0000, 0xf81f, 0x0000, 0x0000, 0x2b10,
    0x2b10, 0x0000, 0x0000, 0x0000, 0x0000, 0x2b10, 0x2b10, 0x2b10, 0x2b10, 0x2b10, 0x2b10, 0x1168,
    0x2b10, 0x2b10, 0x2b10, 0x2b10, 0x2b10, 0x0000, 0x0000, 0xf81f, 0xf81f, 0xf81f, 0xf81f, 0xf81f,
    0xf81f, 0xf81f, 0xf81f, 0xf81f, 0xf81f, 0xf81f, 0xf81f, 0xf81f, 0xf81f, 0xf81f, 0xf81f, 0xf81f,
    0xf81f, 0xf81f, 0xf81f, 0xf81f, 0xf81f, 0xf81f, 0xf81f, 0xf81f, 0xf81f, 0xf81f, 0xf81f, 0xf81f,
    0xf81f, 0xf81f, 0xf81f, 0xf81f, 0xf81f, 0xf81f, 0xf81f, 0xf81f, 0xf81f, 0xf81f, 0xf81f, 0xf81f,
    0xf81f, 0xf81f, 0xf81f, 0xf81f, 0xf81f, 0xf81f, 0xf81f, 0xf81f, 0xf81f, 0xf81f, 0xf81f, 0x0000,
    0x0000, 0x2b10, 0x2b10, 0x2b10, 0x2b10, 0x2b10, 0x2b10, 0x2b10, 0x2b10, 0x4c56, 0x4c56, 0x4c56,
    0x4c56, 0x2b10, 0x4c56, 0x4c56, 0x1a2c, 0x1a2c, 0x1a2c, 0x1168, 0xf81f, 0x0000, 0x1168, 0x2b10,
    0x2b10, 0x2b10, 0x0000, 0x0000, 0x2b10, 0x2b10, 0x7d9a, 0x2b10, 0x2b10, 0x7d9a, 0x7d9a, 0x1168,
    0x7d9a, 0x7d9a, 0x7d9a, 0x2b10, 0x1168, 0x2b10, 0x0000, 0xf81f, 0xf81f, 0xf81f, 0xf81f, 0xf81f,
    0xf81f, 0xf81f, 0xf81f, 0xf81f, 0xf81f, 0xf81f, 0xf81f, 0xf81f, 0xf81f, 0xf81f, 0xf81f, 0xf81f,
    0xf81f, 0xf81f, 0xf81f, 0xf81f, 0xf81f, 0xf81f, 0xf81f, 0xf81f, 0xf81f, 0xf81f, 0xf81f, 0xf81f,
    0xf81f, 0xf81f, 0xf81f, 0xf81f, 0xf81f, 0xf81f, 0xf81f, 0xf81f, 0xf81f, 0xf81f, 0xf81f, 0xf81f,
    0xf81f, 0xf81f, 0xf81f, 0xf81f, 0xf81f, 0xf81f, 0xf81f, 0xf81f, 0xf81f, 0xf81f, 0xf81f, 0x0000,
    0x2b10, 0x2b10, 0x4c56, 0x7d9a, 0x2b10, 0x2b10, 0x4c56, 0x0000, 0x2b10, 0x7d9a, 0x7d9a, 0x7d9a,
    0x7d9a, 0x7d9a, 0x1168, 0x1a2c, 0x0000, 0x1a2c, 0x1a2c, 0x1168, 0xf81f, 0x0000, 0x1168, 0x2b10,
    0x2b10, 0x7d9a, 0x7d9a, 0x7d9a, 0x7d9a, 0x1168, 0x7d9a, 0x7d9a, 0x7d9a, 0x7d9a, 0x7d9a, 0x7d9a,
    0x7d9a, 0x7d9a, 0x7d9a, 0x7d9a, 0x7d9a, 0x2b10, 0x0000, 0xf81f, 0xf81f, 0xf81f, 0xf81f, 0xf81f,
    0xf81f, 0xf81f, 0xf81f, 0xf81f, 0xf81f, 0xf81f, 0xf81f, 0xf81f, 0xf81f, 0xf81f, 0xf81f, 0xf81f,
    0xf81f, 0xf81f, 0xf81f, 0xf81f, 0xf81f, 0xf81f, 0xf81f, 0xf81f, 0xf81f, 0xf81f, 0xf81f, 0xf81f,
    0xf81f, 0xf81f, 0xf81f, 0xf81f, 0xf81f, 0xf81f, 0xf81f, 0xf81f, 0xf81f, 0xf81f, 0xf81f, 0xf81f,
    0xf81f, 0xf81f, 0xf81f, 0xf81f, 0xf81f, 0xf81f, 0xf81f, 0xf81f, 0xf81f, 0xf81f, 0xf81f, 0x0000,
    0x2b10, 0x4c56, 0x4c56, 0x0000, 0x2b10, 0x4c56, 0x4c56, 0x0000, 0x4c56, 0x7d9a, 0x7d9a, 0x7d9a,
    0x1168, 0x7d9a, 0x7d9a, 0x1a2c, 0x7d9a, 0x7d9a, 0x7d9a, 0x1168, 0xf81f, 0x0000, 0x1168, 0x1168,
    0x2b10, 0x7d9a, 0x7d9a, 0x7d9a, 0x7d9a, 0x1168, 0x1168, 0x7d9a, 0x7d9a, 0x7d9a, 0x0000, 0x1168,
    0x7d9a, 0x7d9a, 0x0000, 0x7d9a, 0x7d9a, 0x1168, 0x0000, 0xf81f, 0xf81f, 0xf81f, 0xf81f, 0xf81f,
    0xf81f, 0xf81f, 0xf81f, 0xf81f, 0xf81f, 0xf81f, 0xf81f, 0xf81f, 0xf81f, 0xf81f, 0xf81f, 0xf81f,
    0xf81f, 0xf81f, 0xf81f, 0xf81f, 0xf81f, 0xf81f, 0xf81f, 0xf81f, 0xf81f, 0xf81f, 0xf81f, 0xf81f,
    0xf81f, 0xf81f, 0xf81f, 0xf81f, 0xf81f, 0xf81f, 0xf81f, 0xf81f, 0xf81f, 0xf81f, 0xf81f, 0xf81f,
    0xf81f, 0xf81f, 0xf81f, 0xf81f, 0xf81f, 0xf81f, 0xf81f, 0xf81f, 0xf81f, 0xf81f, 0xf81f, 0x0000,
    0x0000, 0x4c56, 0x4c56, 0x0000, 0x2b10, 0x4c56, 0x4c56, 0x0000, 0x4c56, 0x4c56, 0x4c56, 0x0000,
    0x1168, 0x1168, 0x1168, 0x1168, 0x0000, 0x7d9a, 0x7d9a, 0x1168, 0xf81f, 0x0000, 0x1168, 0x1168,
    0x1168, 0x0000, 0x1168, 0x7d9a, 0x7d9a, 0x0000, 0x1168, 0x1168, 0x1168, 0x1168, 0x0000, 0x1168,
    0x1168, 0x1168, 0x0000, 0x7d9a, 0x7d9a, 0x1168, 0x0000, 0xf81f, 0xf81f, 0xf81f, 0xf81f, 0xf81f,
    0xf81f, 0xf81f, 0xf81f, 0xf81f, 0xf81f, 0xf81f, 0xf81f, 0xf81f, 0xf81f, 0xf81f, 0xf81f, 0xf81f,
    0xf81f, 0xf81f, 0xf81f, 0xf81f, 0xf81f, 0xf81f, 0xf81f, 0xf81f, 0xf81f, 0xf81f, 0xf81f, 0xf81f,
    0xf81f, 0xf81f, 0xf81f, 0xf81f, 0xf81f, 0xf81f, 0xf81f, 0xf81f, 0xf81f, 0xf81f, 0xf81f, 0xf81f,
    0xf81f, 0xf81f, 0xf81f, 0xf81f, 0xf81f, 0xf81f, 0xf81f, 0xf81f, 0xf81f, 0xf81f, 0xf81f, 0xf81f,
    0x0000, 0x0000, 0x0000, 0x0000, 0x0000, 0x0000, 0x0000, 0x0000, 0x0000, 0x0000, 0x0000, 0x0000,
    0x0000, 0x0000, 0x0000, 0x0000, 0x0000, 0x0000, 0x0000, 0x0000, 0xf81f, 0x0000, 0x0000, 0x0000,
    0x0000, 0x0000, 0x0000, 0x0000, 0x0000, 0x0000, 0x0000, 0x0000, 0x0000, 0x0000, 0x0000, 0x0000,
    0x0000, 0x0000, 0x0000, 0x0000, 0x0000, 0x0000, 0x0000, 0xf81f, 0xf81f, 0xf81f, 0xf81f, 0xf81f,
    0xf81f, 0xf81f, 0xf81f, 0xf81f, 0xf81f, 0xf81f, 0xf81f, 0xf81f, 0xf81f, 0xf81f, 0xf81f, 0xf81f,
    0xf81f, 0xf81f, 0xf81f, 0xf81f, 0xf81f, 0xf81f, 0xf81f, 0xf81f, 0xf81f, 0xf81f, 0xf81f, 0xf81f,
    0xf81f, 0xf81f, 0xf81f, 0xf81f, 0xf81f, 0xf81f, 0xf81f, 0xf81f, 0xf81f, 0xf81f, 0xf81f, 0xf81f,
    0xf81f, 0xf81f, 0xf81f, 0xf81f, 0xf81f, 0xf81f, 0xf81f, 0xf81f, 0xf81f, 0xf81f, 0xf81f, 0xf81f,
    0xf81f, 0xf81f, 0xf81f, 0xf81f, 0xf81f, 0xf81f, 0xf81f, 0xf81f, 0xf81f, 0xf81f, 0xf81f, 0xf81f,
    0xf81f, 0xf81f, 0xf81f, 0xf81f, 0xf81f, 0xf81f, 0xf81f, 0xf81f, 0xf81f, 0xf81f, 0xf81f, 0xf81f,
    0xf81f, 0xf81f, 0xf81f, 0xf81f, 0xf81f, 0xf81f, 0xf81f, 0xf81f, 0xf81f, 0xf81f, 0xf81f, 0xf81f,
    0xf81f, 0xf81f, 0xf81f, 0xf81f, 0xf81f, 0xf81f, 0xf81f, 0xf81f, 0xf81f, 0xf81f, 0xf81f, 0xf81f,
    0xf81f, 0xf81f, 0xf81f, 0xf81f, 0xf81f, 0xf81f, 0xf81f, 0xf81f, 0xf81f, 0xf81f, 0xf81f, 0xf81f,
    0xf81f, 0xf81f, 0xf81f, 0xf81f, 0xf81f, 0xf81f, 0xf81f, 0xf81f, 0xf81f, 0xf81f, 0xf81f, 0xf81f,
    0xf81f, 0xf81f, 0xf81f, 0xf81f, 0xf81f, 0xf81f, 0xf81f, 0xf81f, 0xf81f, 0xf81f, 0xf81f, 0xf81f,
    0xf81f, 0xf81f, 0xf81f, 0xf81f, 0xf81f, 0xf81f, 0xf81f, 0xf81f, 0xf81f, 0xf81f, 0xf81f, 0xf81f,
    0xf81f, 0xf81f, 0xf81f, 0xf81f, 0xf81f, 0xf81f, 0xf81f, 0xf81f, 0xf81f, 0xf81f, 0xf81f, 0xf81f,
    0xf81f, 0xf81f, 0xf81f, 0xf81f, 0xf81f, 0xf81f, 0xf81f, 0xf81f, 0xf81f, 0xf81f, 0xf81f, 0xf81f,
    0xf81f, 0xf81f, 0xf81f, 0xf81f, 0xf81f, 0xf81f, 0xf81f, 0xf81f, 0xf81f, 0xf81f, 0xf81f, 0xf81f,
    0xf81f, 0xf81f, 0xf81f, 0xf81f, 0xf81f, 0xf81f, 0xf81f, 0xf81f, 0xf81f, 0xf81f, 0xf81f, 0xf81f,
    0xf81f, 0xf81f, 0xf81f, 0xf81f, 0xf81f, 0xf81f, 0xf81f, 0xf81f, 0xf81f, 0xf81f, 0xf81f, 0xf81f,
    0xf81f, 0xf81f, 0xf81f, 0xf81f, 0xf81f, 0xf81f, 0xf81f, 0xf81f, 0xf81f, 0xf81f, 0xf81f, 0xf81f,
    0xf81f, 0xf81f, 0xf81f, 0xf81f, 0xf81f, 0xf81f, 0xf81f, 0xf81f, 0xf81f, 0xf81f, 0xf81f, 0xf81f,
    0xf81f, 0xf81f, 0xf81f, 0xf81f, 0xf81f, 0xf81f, 0xf81f, 0xf81f, 0xf81f, 0xf81f, 0xf81f, 0xf81f,
    0xf81f, 0xf81f, 0xf81f, 0xf81f, 0xf81f, 0xf81f, 0xf81f, 0xf81f, 0xf81f, 0xf81f, 0xf81f, 0xf81f,
    0x0000, 0x0000, 0x0000, 0x0000, 0x0000, 0x0000, 0x0000, 0x0000, 0x0000, 0x0000, 0x0000, 0x0000,
    0x0000, 0xf81f, 0xf81f, 0xf81f, 0xf81f, 0xf81f, 0xf81f, 0xf81f, 0xf81f, 0xf81f, 0xf81f, 0xf81f,
    0xf81f, 0xf81f, 0xf81f, 0xf81f, 0xf81f, 0xf81f, 0xf81f, 0xf81f, 0xf81f, 0xf81f, 0xf81f, 0xf81f,
    0xf81f, 0xf81f, 0xf81f, 0xf81f, 0xf81f, 0xf81f, 0xf81f, 0xf81f, 0xf81f, 0xf81f, 0xf81f, 0xf81f,
    0xf81f, 0xf81f, 0xf81f, 0xf81f, 0xf81f, 0xf81f, 0xf81f, 0xf81f, 0xf81f, 0xf81f, 0xf81f, 0xf81f,
    0xf81f, 0xf81f, 0xf81f, 0xf81f, 0xf81f, 0xf81f, 0xf81f, 0xf81f, 0xf81f, 0xf81f, 0xf81f, 0xf81f,
    0xf81f, 0xf81f, 0xf81f, 0xf81f, 0xf81f, 0xf81f, 0xf81f, 0xf81f, 0xf81f, 0xf81f, 0xf81f, 0xf81f,
    0xf81f, 0xf81f, 0xf81f, 0xf81f, 0xf81f, 0xf81f, 0xf81f, 0xf81f, 0x0000, 0x0000, 0x0000, 0x0000,
    0xffff, 0xffff, 0xffff, 0xffff, 0xffff, 0xffff, 0xffff, 0xffff, 0xffff, 0xffff, 0xffff, 0xffff,
    0x0000, 0x0000, 0x0000, 0x0000, 0x0000, 0x0000, 0x0000, 0xf81f, 0xf81f, 0xf81f, 0xf81f, 0xf81f,
    0xf81f, 0xf81f, 0xf81f, 0xf81f, 0xf81f, 0xf81f, 0xf81f, 0xf81f, 0xf81f, 0xf81f, 0xf81f, 0xf81f,
    0xf81f, 0xf81f, 0xf81f, 0xf81f, 0xf81f, 0xf81f, 0xf81f, 0xf81f, 0xf81f, 0xf81f, 0xf81f, 0xf81f,
    0xf81f, 0xf81f, 0xf81f, 0xf81f, 0xf81f, 0xf81f, 0xf81f, 0xf81f, 0xf81f, 0xf81f, 0xf81f, 0xf81f,
    0xf81f, 0xf81f, 0xf81f, 0xf81f, 0xf81f, 0xf81f, 0xf81f, 0xf81f, 0xf81f, 0xf81f, 0xf81f, 0xf81f,
    0xf81f, 0xf81f, 0xf81f, 0xf81f, 0xf81f, 0xf81f, 0xf81f, 0xf81f, 0xf81f, 0xf81f, 0xf81f, 0xf81f,
    0xf81f, 0xf81f, 0xf81f, 0xf81f, 0xf81f, 0xf81f, 0xf81f, 0x0000, 0x0000, 0xffff, 0xffff, 0xffff,
    0xffff, 0xffff, 0xffff, 0xffff, 0xffff, 0xffff, 0xffff, 0xffff, 0xffff, 0xffff, 0xffff, 0xffff,
    0xffff, 0x8e19, 0x8e19, 0x8e19, 0xffff, 0xffff, 0x0000, 0x0000, 0xf81f, 0xf81f, 0xf81f, 0xf81f,
    0xf81f, 0xf81f, 0xf81f, 0xf81f, 0xf81f, 0xf81f, 0xf81f, 0xf81f, 0xf81f, 0xf81f, 0xf81f, 0xf81f,
    0xf81f, 0xf81f, 0xf81f, 0xf81f, 0xf81f, 0xf81f, 0xf81f, 0xf81f, 0xf81f, 0xf81f, 0xf81f, 0xf81f,
    0xf81f, 0xf81f, 0xf81f, 0xf81f, 0xf81f, 0xf81f, 0xf81f, 0xf81f, 0xf81f, 0xf81f, 0xf81f, 0xf81f,
    0xf81f, 0xf81f, 0xf81f, 0xf81f, 0xf81f, 0xf81f, 0xf81f, 0xf81f, 0xf81f, 0xf81f, 0xf81f, 0xf81f,
    0xf81f, 0xf81f, 0xf81f, 0xf81f, 0xf81f, 0xf81f, 0xf81f, 0xf81f, 0xf81f, 0xf81f, 0xf81f, 0xf81f,
    0xf81f, 0xf81f, 0xf81f, 0xf81f, 0xf81f, 0xf81f, 0x0000, 0x0000, 0xffff, 0xffff, 0xffff, 0xffff,
    0xffff, 0xffff, 0xffff, 0xffff, 0xffff, 0xffff, 0xffff, 0xffff, 0xffff, 0xffff, 0xffff, 0xffff,
    0xffff, 0x8e19, 0x8e19, 0x8e19, 0x8e19, 0x8e19, 0xffff, 0xffff, 0x0000, 0xf81f, 0xf81f, 0xf81f,
    0xf81f, 0xf81f, 0xf81f, 0xf81f, 0xf81f, 0xf81f, 0xf81f, 0xf81f, 0xf81f, 0xf81f, 0xf81f, 0xf81f,
    0xf81f, 0xf81f, 0xf81f, 0xf81f, 0xf81f, 0xf81f, 0xf81f, 0xf81f, 0xf81f, 0xf81f, 0xf81f, 0xf81f,
    0xf81f, 0xf81f, 0xf81f, 0xf81f, 0xf81f, 0xf81f, 0xf81f, 0xf81f, 0xf81f, 0xf81f, 0xf81f, 0xf81f,
    0xf81f, 0xf81f, 0xf81f, 0xf81f, 0xf81f, 0xf81f, 0xf81f, 0xf81f, 0xf81f, 0xf81f, 0xf81f, 0xf81f,
    0xf81f, 0xf81f, 0xf81f, 0xf81f, 0xf81f, 0xf81f, 0xf81f, 0xf81f, 0xf81f, 0xf81f, 0xf81f, 0xf81f,
    0xf81f, 0xf81f, 0xf81f, 0xf81f, 0xf81f, 0xf81f, 0x0000, 0xffff, 0xffff, 0xffff, 0xffff, 0xffff,
    0xffff, 0xffff, 0xffff, 0xffff, 0xffff, 0xffff, 0xffff, 0xffff, 0xffff, 0xffff, 0xffff, 0xffff,
    0xffff, 0x8e19, 0x8e19, 0x8e19, 0x8e19, 0xffff, 0xffff, 0xffff, 0xffff, 0x0000, 0x0000, 0xf81f,
    0xf81f, 0xf81f, 0xf81f, 0xf81f, 0xf81f, 0xf81f, 0xf81f, 0xf81f, 0xf81f, 0xf81f, 0xf81f, 0xf81f,
    0xf81f, 0xf81f, 0xf81f, 0xf81f, 0xf81f, 0xf81f, 0xf81f, 0xf81f, 0xf81f, 0xf81f, 0xf81f, 0xf81f,
    0xf81f, 0xf81f, 0xf81f, 0xf81f, 0xf81f, 0xf81f, 0xf81f, 0xf81f, 0xf81f, 0xf81f, 0xf81f, 0xf81f,
    0xf81f, 0xf81f, 0xf81f, 0xf81f, 0xf81f, 0xf81f, 0xf81f, 0xf81f, 0xf81f, 0xf81f, 0xf81f, 0xf81f,
    0xf81f, 0xf81f, 0xf81f, 0xf81f, 0xf81f, 0xf81f, 0xf81f, 0xf81f, 0xf81f, 0xf81f, 0xf81f, 0xf81f,
    0xf81f, 0xf81f, 0xf81f, 0xf81f, 0xf81f, 0x0000, 0x0000, 0xffff, 0xffff, 0xffff, 0xffff, 0xffff,
    0xffff, 0xffff, 0xffff, 0xffff, 0xffff, 0xffff, 0xffff, 0xffff, 0xffff, 0xffff, 0xffff, 0xffff,
    0xffff, 0xffff, 0xffff, 0xffff, 0xffff, 0xffff, 0xffff, 0xffff, 0xffff, 0xffff, 0x0000, 0xf81f,
    0xf81f, 0xf81f, 0xf81f, 0xf81f, 0xf81f, 0xf81f, 0xf81f, 0xf81f, 0xf81f, 0xf81f, 0xf81f, 0xf81f,
    0xf81f, 0xf81f, 0xf81f, 0xf81f, 0xf81f, 0xf81f, 0xf81f, 0xf81f, 0xf81f, 0xf81f, 0xf81f, 0xf81f,
    0xf81f, 0xf81f, 0xf81f, 0xf81f, 0xf81f, 0xf81f, 0xf81f, 0xf81f, 0xf81f, 0xf81f, 0xf81f, 0xf81f,
    0xf81f, 0xf81f, 0xf81f, 0xf81f, 0xf81f, 0xf81f, 0xf81f, 0xf81f, 0xf81f, 0xf81f, 0xf81f, 0xf81f,
    0xf81f, 0xf81f, 0xf81f, 0xf81f, 0xf81f, 0xf81f, 0xf81f, 0xf81f, 0xf81f, 0xf81f, 0xf81f, 0xf81f,
    0xf81f, 0xf81f, 0xf81f, 0xf81f, 0x0000, 0x0000, 0xffff, 0xffff, 0xffff, 0xffff, 0x8e19, 0x8e19,
    0x8e19, 0x8e19, 0x8e19, 0x8e19, 0x8e19, 0xffff, 0xffff, 0xffff, 0x8e19, 0x8e19, 0x8e19, 0x8e19,
    0x8e19, 0x8e19, 0xffff, 0xffff, 0xffff, 0xffff, 0xffff, 0xffff, 0xffff, 0xffff, 0x0000, 0x0000,
    0xf81f, 0xf81f, 0xf81f, 0xf81f, 0xf81f, 0xf81f, 0xf81f, 0xf81f, 0xf81f, 0xf81f, 0xf81f, 0xf81f,
    0xf81f, 0xf81f, 0xf81f, 0xf81f, 0xf81f, 0xf81f, 0xf81f, 0xf81f, 0xf81f, 0xf81f, 0xf81f, 0xf81f,
    0xf81f, 0xf81f, 0xf81f, 0xf81f, 0xf81f, 0xf81f, 0xf81f, 0xf81f, 0xf81f, 0xf81f, 0xf81f, 0xf81f,
    0xf81f, 0xf81f, 0xf81f, 0xf81f, 0xf81f, 0xf81f, 0xf81f, 0xf81f, 0xf81f, 0xf81f, 0xf81f, 0xf81f,
    0xf81f, 0xf81f, 0xf81f, 0xf81f, 0xf81f, 0xf81f, 0xf81f, 0xf81f, 0xf81f, 0xf81f, 0xf81f, 0xf81f,
    0xf81f, 0xf81f, 0xf81f, 0xf81f, 0x0000, 0xffff, 0xffff, 0xffff, 0xffff, 0x8e19, 0x0000, 0x0000,
    0x0000, 0x0000, 0x0000, 0x0000, 0x0000, 0x8e19, 0xffff, 0x8e19, 0x8e19, 0x0000, 0x0000, 0x0000,
    0x0000, 0x0000, 0x0000, 0x0000, 0xffff, 0xffff, 0xffff, 0xffff, 0xffff, 0xffff, 0xffff, 0x0000,
    0x0000, 0xf81f, 0xf81f, 0xf81f, 0xf81f, 0xf81f, 0xf81f, 0xf81f, 0xf81f, 0xf81f, 0xf81f, 0xf81f,
    0xf81f, 0xf81f, 0xf81f, 0xf81f, 0xf81f, 0xf81f, 0xf81f, 0xf81f, 0xf81f, 0xf81f, 0xf81f, 0xf81f,
    0xf81f, 0xf81f, 0xf81f, 0xf81f, 0xf81f, 0xf81f, 0xf81f, 0xf81f, 0xf81f, 0xf81f, 0xf81f, 0xf81f,
    0xf81f, 0xf81f, 0xf81f, 0xf81f, 0xf81f, 0xf81f, 0xf81f, 0xf81f, 0xf81f, 0xf81f, 0xf81f, 0xf81f,
    0xf81f, 0xf81f, 0xf81f, 0xf81f, 0xf81f, 0xf81f, 0xf81f, 0xf81f, 0xf81f, 0xf81f, 0xf81f, 0xf81f,
    0xf81f, 0xf81f, 0x0000, 0x0000, 0x0000, 0xffff, 0xffff, 0xffff, 0xffff, 0x0000, 0x0000, 0x2b10,
    0x2b10, 0x2b10, 0x2b10, 0x2b10, 0x0000, 0x8e19, 0x8e19, 0x8e19, 0x0000, 0x0000, 0x2b10, 0x2b10,
    0x2b10, 0x2b10, 0x2b10, 0x2b10, 0x0000, 0x0000, 0xffff, 0xffff, 0xffff, 0xffff, 0xffff, 0x8e19,
    0x0000, 0xf81f, 0xf81f, 0xf81f, 0xf81f, 0xf81f, 0xf81f, 0xf81f, 0xf81f, 0xf81f, 0xf81f, 0xf81f,
    0xf81f, 0xf81f, 0xf81f, 0xf81f, 0xf81f, 0xf81f, 0xf81f, 0xf81f, 0xf81f, 0xf81f, 0xf81f, 0xf81f,
    0xf81f, 0xf81f, 0xf81f, 0xf81f, 0xf81f, 0xf81f, 0xf81f, 0xf81f, 0xf81f, 0xf81f, 0xf81f, 0xf81f,
    0xf81f, 0xf81f, 0xf81f, 0xf81f, 0xf81f, 0xf81f, 0xf81f, 0xf81f, 0xf81f, 0xf81f, 0xf81f, 0xf81f,
    0xf81f, 0xf81f, 0xf81f, 0xf81f, 0xf81f, 0xf81f, 0xf81f, 0xf81f, 0xf81f, 0xf81f, 0xf81f, 0xf81f,
    0xf81f, 0xf81f, 0x0000, 0x0000, 0xffff, 0xffff, 0xffff, 0xffff, 0x0000, 0x0000, 0x2b10, 0xbe9c,
    0xbe9c, 0xbe9c, 0x4c56, 0x4c56, 0x2b10, 0x0000, 0x8e19, 0x8e19, 0x0000, 0x2b10, 0x4c56, 0x4c56,
    0xbe9c, 0xbe9c, 0xbe9c, 0xbe9c, 0x2b10, 0x0000, 0x0000, 0xffff, 0xffff, 0xffff, 0xffff, 0x8e19,
    0x8e19, 0x0000, 0xf81f, 0xf81f, 0xf81f, 0xf81f, 0xf81f, 0xf81f, 0xf81f, 0xf81f, 0xf81f, 0xf81f,
    0xf81f, 0xf81f, 0xf81f, 0xf81f, 0xf81f, 0xf81f, 0xf81f, 0xf81f, 0xf81f, 0xf81f, 0xf81f, 0xf81f,
    0xf81f, 0xf81f, 0xf81f, 0xf81f, 0xf81f, 0xf81f, 0xf81f, 0xf81f, 0xf81f, 0xf81f, 0xf81f, 0xf81f,
    0xf81f, 0xf81f, 0xf81f, 0xf81f, 0xf81f, 0xf81f, 0xf81f, 0xf81f, 0xf81f, 0xf81f, 0xf81f, 0xf81f,
    0xf81f, 0xf81f, 0xf81f, 0xf81f, 0xf81f, 0xf81f, 0xf81f, 0xf81f, 0xf81f, 0xf81f, 0xf81f, 0xf81f,
    0xf81f, 0xf81f, 0x0000, 0x8e19, 0xffff, 0xffff, 0xffff, 0xffff, 0x0000, 0x2b10, 0x2b10, 0xbe9c,
    0xbe9c, 0x4c56, 0x4c56, 0x4c56, 0x2b10, 0x2b10, 0x0000, 0x0000, 0x0000, 0x2b10, 0x4c56, 0x4c56,
    0x4c56, 0xbe9c, 0xbe9c, 0xbe9c, 0x2b10, 0x2b10, 0x0000, 0xffff, 0xffff, 0xffff, 0xffff, 0x8e19,
    0x8e19, 0x0000, 0x0000, 0xf81f, 0xf81f, 0xf81f, 0xf81f, 0xf81f, 0xf81f, 0xf81f, 0xf81f, 0xf81f,
    0xf81f, 0xf81f, 0xf81f, 0xf81f, 0xf81f, 0xf81f, 0xf81f, 0xf81f, 0xf81f, 0xf81f, 0xf81f, 0xf81f,
    0xf81f, 0xf81f, 0xf81f, 0xf81f, 0xf81f, 0xf81f, 0xf81f, 0xf81f, 0xf81f, 0xf81f, 0xf81f, 0xf81f,
    0xf81f, 0xf81f, 0xf81f, 0xf81f, 0xf81f, 0xf81f, 0xf81f, 0xf81f, 0xf81f, 0xf81f, 0xf81f, 0xf81f,
    0xf81f, 0xf81f, 0xf81f, 0xf81f, 0xf81f, 0xf81f, 0xf81f, 0xf81f, 0xf81f, 0xf81f, 0xf81f, 0xf81f,
    0xf81f, 0xf81f, 0x0000, 0x8e19, 0xffff, 0xffff, 0xffff, 0xffff, 0x0000, 0x2b10, 0x2b10, 0x2b10,
    0x2b10, 0x2b10, 0x2b10, 0x2b10, 0x2b10, 0x2b10, 0x2b10, 0x2b10, 0x2b10, 0x2b10, 0x2b10, 0x2b10,
    0x2b10, 0x2b10, 0x2b10, 0x2b10, 0x2b10, 0x2b10, 0x2b10, 0x0000, 0xffff, 0xffff, 0xffff, 0x8e19,
    0x8e19, 0xbe9c, 0x0000, 0xf81f, 0xf81f, 0xf81f, 0xf81f, 0xf81f, 0xf81f, 0xf81f, 0xf81f, 0xf81f,
    0xf81f, 0xf81f, 0xf81f, 0xf81f, 0xf81f, 0xf81f, 0xf81f, 0xf81f, 0xf81f, 0xf81f, 0xf81f, 0xf81f,
    0xf81f, 0xf81f, 0xf81f, 0xf81f, 0xf81f, 0xf81f, 0xf81f, 0xf81f, 0xf81f, 0xf81f, 0xf81f, 0xf81f,
    0xf81f, 0xf81f, 0xf81f, 0xf81f, 0xf81f, 0xf81f, 0xf81f, 0xf81f, 0xf81f, 0xf81f, 0xf81f, 0xf81f,
    0xf81f, 0xf81f, 0xf81f, 0xf81f, 0xf81f, 0xf81f, 0xf81f, 0xf81f, 0xf81f, 0xf81f, 0xf81f, 0x0000,
    0x0000, 0x0000, 0x0000, 0x8e19, 0xffff, 0xffff, 0xffff, 0xffff, 0x0000, 0x2b10, 0x2b10, 0x0000,
    0x0000, 0x0000, 0x0000, 0x0000, 0x2b10, 0x2b10, 0x2b10, 0x2b10, 0x2b10, 0x2b10, 0x2b10, 0x2b10,
    0x0000, 0x0000, 0x0000, 0x0000, 0x0000, 0x2b10, 0x2b10, 0x0000, 0xffff, 0xffff, 0xffff, 0x8e19,
    0x8e19, 0xbe9c, 0x0000, 0x0000, 0x0000, 0x0000, 0xf81f, 0xf81f, 0xf81f, 0xf81f, 0xf81f, 0xf81f,
    0xf81f, 0xf81f, 0xf81f, 0xf81f, 0xf81f, 0xf81f, 0xf81f, 0xf81f, 0xf81f, 0xf81f, 0xf81f, 0xf81f,
    0xf81f, 0xf81f, 0xf81f, 0xf81f, 0xf81f, 0xf81f, 0xf81f, 0xf81f, 0xf81f, 0xf81f, 0xf81f, 0xf81f,
    0xf81f, 0xf81f, 0xf81f, 0xf81f, 0xf81f, 0xf81f, 0xf81f, 0xf81f, 0xf81f, 0xf81f, 0xf81f, 0xf81f,
    0xf81f, 0xf81f, 0xf81f, 0xf81f, 0xf81f, 0xf81f, 0xf81f, 0xf81f, 0xf81f, 0xf81f, 0xf81f, 0x0000,
    0x4c56, 0x4c56, 0x0000, 0x8e19, 0xffff, 0xffff, 0xffff, 0xffff, 0x0000, 0x2b10, 0x2b10, 0x0000,
    0x0000, 0x0000, 0xffff, 0x0000, 0x2b10, 0x2b10, 0x2b10, 0x2b10, 0x2b10, 0x2b10, 0x2b10, 0x2b10,
    0x0000, 0x0000, 0xffff, 0x0000, 0x0000, 0x2b10, 0x2b10, 0x0000, 0xffff, 0xffff, 0xffff, 0x8e19,
    0xbe9c, 0xbe9c, 0x0000, 0x224c, 0x224c, 0x0000, 0xf81f, 0xf81f, 0xf81f, 0xf81f, 0xf81f, 0xf81f,
    0xf81f, 0xf81f, 0xf81f, 0xf81f, 0xf81f, 0xf81f, 0xf81f, 0xf81f, 0xf81f, 0xf81f, 0xf81f, 0xf81f,
    0xf81f, 0xf81f, 0xf81f, 0xf81f, 0xf81f, 0xf81f, 0xf81f, 0xf81f, 0xf81f, 0xf81f, 0xf81f, 0xf81f,
    0xf81f, 0xf81f, 0xf81f, 0xf81f, 0xf81f, 0xf81f, 0xf81f, 0xf81f, 0xf81f, 0xf81f, 0xf81f, 0xf81f,
    0xf81f, 0xf81f, 0xf81f, 0xf81f, 0xf81f, 0xf81f, 0xf81f, 0xf81f, 0xf81f, 0xf81f, 0xf81f, 0x0000,
    0x4c56, 0x4c56, 0x0000, 0x8e19, 0xffff, 0xffff, 0xffff, 0x0000, 0x0000, 0x2b10, 0x2b10, 0x2b10,
    0x08e5, 0xffff, 0xffff, 0x0000, 0x2b10, 0x2b10, 0x2b10, 0x4c56, 0x4c56, 0x2b10, 0x2b10, 0x2b10,
    0x08e5, 0xffff, 0xffff, 0x0000, 0x2b10, 0x2b10, 0x1168, 0x0000, 0xffff, 0xffff, 0xffff, 0x8e19,
    0xbe9c, 0xbe9c, 0x0000, 0x4c56, 0x4c56, 0x0000, 0xf81f, 0xf81f, 0xf81f, 0xf81f, 0xf81f, 0xf81f,
    0xf81f, 0xf81f, 0xf81f, 0xf81f, 0xf81f, 0xf81f, 0xf81f, 0xf81f, 0xf81f, 0xf81f, 0xf81f, 0xf81f,
    0xf81f, 0xf81f, 0xf81f, 0xf81f, 0xf81f, 0xf81f, 0xf81f, 0xf81f, 0xf81f, 0xf81f, 0xf81f, 0xf81f,
    0xf81f, 0xf81f, 0xf81f, 0xf81f, 0xf81f, 0xf81f, 0xf81f, 0xf81f, 0xf81f, 0xf81f, 0xf81f, 0xf81f,
    0xf81f, 0xf81f, 0xf81f, 0xf81f, 0xf81f, 0xf81f, 0xf81f, 0xf81f, 0xf81f, 0xf81f, 0xf81f, 0x0000,
    0x2b10, 0x4c56, 0x0000, 0xffff, 0xffff, 0xffff, 0x0000, 0x0000, 0x1168, 0x1168, 0x2b10, 0x2b10,
    0x08e5, 0x08e5, 0x08e5, 0x08e5, 0x2b10, 0x4c56, 0x4c56, 0x4c56, 0x4c56, 0x4c56, 0x2b10, 0x2b10,
    0x08e5, 0x08e5, 0x08e5, 0x08e5, 0x2b10, 0x2b10, 0x1168, 0x0000, 0x0000, 0xffff, 0xffff, 0xffff,
    0xbe9c, 0xbe9c, 0x0000, 0x4c56, 0x2b10, 0x0000, 0xf81f, 0xf81f, 0xf81f, 0xf81f, 0xf81f, 0xf81f,
    0xf81f, 0xf81f, 0xf81f, 0xf81f, 0xf81f, 0xf81f, 0xf81f, 0xf81f, 0xf81f, 0xf81f, 0xf81f, 0xf81f,
    0xf81f, 0xf81f, 0xf81f, 0xf81f, 0xf81f, 0xf81f, 0xf81f, 0xf81f, 0xf81f, 0xf81f, 0xf81f, 0xf81f,
    0xf81f, 0xf81f, 0xf81f, 0xf81f, 0xf81f, 0xf81f, 0xf81f, 0xf81f, 0xf81f, 0xf81f, 0xf81f, 0xf81f,
    0xf81f, 0xf81f, 0xf81f, 0xf81f, 0xf81f, 0xf81f, 0xf81f, 0xf81f, 0xf81f, 0xf81f, 0xf81f, 0x0000,
    0x2b10, 0x224c, 0x0000, 0xffff, 0x8e19, 0xffff, 0x0000, 0x1168, 0x1168, 0x1168, 0x2b10, 0x4c56,
    0x2b10, 0x2b10, 0x2b10, 0x2b10, 0x4c56, 0x4c56, 0x4c56, 0x4c56, 0x4c56, 0x4c56, 0x4c56, 0x2b10,
    0x2b10, 0x2b10, 0x2b10, 0x2b10, 0x2b10, 0x1168, 0x1168, 0x1168, 0x0000, 0xffff, 0xffff, 0xffff,
    0xbe9c, 0xbe9c, 0x0000, 0x4c56, 0x2b10, 0x0000, 0xf81f, 0xf81f, 0xf81f, 0xf81f, 0xf81f, 0xf81f,
    0xf81f, 0xf81f, 0xf81f, 0xf81f, 0xf81f, 0xf81f, 0xf81f, 0xf81f, 0xf81f, 0xf81f, 0xf81f, 0xf81f,
    0xf81f, 0xf81f, 0xf81f, 0xf81f, 0xf81f, 0xf81f, 0xf81f, 0xf81f, 0xf81f, 0xf81f, 0xf81f, 0xf81f,
    0xf81f, 0xf81f, 0xf81f, 0xf81f, 0xf81f, 0xf81f, 0xf81f, 0xf81f, 0xf81f, 0xf81f, 0xf81f, 0xf81f,
    0xf81f, 0xf81f, 0xf81f, 0xf81f, 0xf81f, 0xf81f, 0xf81f, 0xf81f, 0xf81f, 0xf81f, 0xf81f, 0x0000,
    0x2b10, 0x224c, 0x0000, 0xffff, 0x8e19, 0xffff, 0x0000, 0x1168, 0x1168, 0x4c56, 0x4c56, 0x2b10,
    0x2b10, 0x2b10, 0x2b10, 0x2b10, 0x2b10, 0x0000, 0x0000, 0x0000, 0x0000, 0x0000, 0x0000, 0x2b10,
    0x2b10, 0x2b10, 0x2b10, 0x2b10, 0x4c56, 0x4c56, 0x1168, 0x1168, 0x0000, 0xffff, 0xffff, 0xffff,
    0xbe9c, 0xbe9c, 0x0000, 0x4c56, 0x2b10, 0x0000, 0xf81f, 0xf81f, 0xf81f, 0xf81f, 0xf81f, 0xf81f,
    0xf81f, 0xf81f, 0xf81f, 0xf81f, 0xf81f, 0xf81f, 0xf81f, 0xf81f, 0xf81f, 0xf81f, 0xf81f, 0xf81f,
    0xf81f, 0xf81f, 0xf81f, 0xf81f, 0xf81f, 0xf81f, 0xf81f, 0xf81f, 0xf81f, 0xf81f, 0xf81f, 0xf81f,
    0xf81f, 0xf81f, 0xf81f, 0xf81f, 0xf81f, 0xf81f, 0xf81f, 0xf81f, 0xf81f, 0xf81f, 0xf81f, 0xf81f,
    0xf81f, 0xf81f, 0xf81f, 0xf81f, 0xf81f, 0xf81f, 0xf81f, 0xf81f, 0xf81f, 0xf81f, 0xf81f, 0x0000,
    0x2b10, 0x224c, 0x0000, 0x8e19, 0x8e19, 0xffff, 0x0000, 0x1168, 0x2b10, 0x2b10, 0x2b10, 0x2b10,
    0x2b10, 0x2b10, 0x2b10, 0x2b10, 0x2b10, 0x0000, 0x19ea, 0x19ea, 0x19ea, 0x2b10, 0x0000, 0x2b10,
    0x2b10, 0x2b10, 0x2b10, 0x2b10, 0x2b10, 0x2b10, 0x2b10, 0x1168, 0x0000, 0xffff, 0xffff, 0xffff,
    0xbe9c, 0xbe9c, 0x0000, 0x4c56, 0x2b10, 0x0000, 0xf81f, 0xf81f, 0xf81f, 0xf81f, 0xf81f, 0xf81f,
    0xf81f, 0xf81f, 0xf81f, 0xf81f, 0xf81f, 0xf81f, 0xf81f, 0xf81f, 0xf81f, 0xf81f, 0xf81f, 0xf81f,
    0xf81f, 0xf81f, 0xf81f, 0xf81f, 0xf81f, 0xf81f, 0xf81f, 0xf81f, 0xf81f, 0xf81f, 0xf81f, 0xf81f,
    0xf81f, 0xf81f, 0xf81f, 0xf81f, 0xf81f, 0xf81f, 0xf81f, 0xf81f, 0xf81f, 0xf81f, 0xf81f, 0xf81f,
    0xf81f, 0xf81f, 0xf81f, 0xf81f, 0xf81f, 0xf81f, 0xf81f, 0xf81f, 0xf81f, 0xf81f, 0xf81f, 0x0000,
    0x0000, 0x0000, 0x0000, 0x8e19, 0x8e19, 0xffff, 0x0000, 0x2b10, 0x2b10, 0x2b10, 0x2b10, 0x2b10,
    0x0000, 0x0000, 0x0000, 0x0000, 0x0000, 0x0000, 0x0000, 0x19ea, 0x2b10, 0x0000, 0x0000, 0x0000,
    0x2b10, 0x2b10, 0x2b10, 0x2b10, 0x2b10, 0x2b10, 0x2b10, 0x2b10, 0x0000, 0xffff, 0xffff, 0xffff,
    0xbe9c, 0xbe9c, 0x0000, 0x224c, 0x2b10, 0x0000, 0xf81f, 0xf81f, 0xf81f, 0xf81f, 0xf81f, 0xf81f,
    0xf81f, 0xf81f, 0xf81f, 0xf81f, 0xf81f, 0xf81f, 0xf81f, 0xf81f, 0xf81f, 0xf81f, 0xf81f, 0xf81f,
    0xf81f, 0xf81f, 0xf81f, 0xf81f, 0xf81f, 0xf81f, 0xf81f, 0xf81f, 0xf81f, 0xf81f, 0xf81f, 0xf81f,
    0xf81f, 0xf81f, 0xf81f, 0xf81f, 0xf81f, 0xf81f, 0xf81f, 0xf81f, 0xf81f, 0xf81f, 0xf81f, 0xf81f,
    0xf81f, 0xf81f, 0xf81f, 0xf81f, 0xf81f, 0xf81f, 0xf81f, 0xf81f, 0xf81f, 0xf81f, 0xf81f, 0xf81f,
    0xf81f, 0x0000, 0x0000, 0x8e19, 0x8e19, 0xffff, 0x0000, 0x2b10, 0x2b10, 0x2b10, 0x2b10, 0x0000,
    0x0000, 0xffff, 0xffff, 0xffff, 0xffff, 0xffff, 0xffff, 0x0000, 0x0000, 0xffff, 0xffff, 0x0000,
    0x0000, 0x0000, 0x0000, 0x0000, 0x2b10, 0x2b10, 0x2b10, 0x0000, 0x0000, 0xffff, 0xffff, 0xffff,
    0xbe9c, 0xbe9c, 0x0000, 0x0000, 0x0000, 0x0000, 0xf81f, 0xf81f, 0xf81f, 0xf81f, 0xf81f, 0xf81f,
    0xf81f, 0xf81f, 0xf81f, 0xf81f, 0xf81f, 0xf81f, 0xf81f, 0xf81f, 0xf81f, 0xf81f, 0xf81f, 0xf81f,
    0xf81f, 0xf81f, 0xf81f, 0xf81f, 0xf81f, 0xf81f, 0xf81f, 0xf81f, 0xf81f, 0xf81f, 0xf81f, 0xf81f,
    0xf81f, 0xf81f, 0xf81f, 0xf81f, 0xf81f, 0xf81f, 0xf81f, 0xf81f, 0xf81f, 0xf81f, 0xf81f, 0xf81f,
    0xf81f, 0xf81f, 0xf81f, 0xf81f, 0xf81f, 0xf81f, 0xf81f, 0xf81f, 0xf81f, 0xf81f, 0xf81f, 0xf81f,
    0xf81f, 0x0000, 0x0000, 0x8e19, 0xffff, 0xffff, 0x0000, 0x0000, 0x0000, 0x2b10, 0x0000, 0x0000,
    0xffff, 0xffff, 0xffff, 0xffff, 0xffff, 0xffff, 0xffff, 0x0000, 0x6db8, 0x6db8, 0xffff, 0xffff,
    0xbe9c, 0xbe9c, 0xbe9c, 0x0000, 0x0000, 0x0000, 0x2b10, 0x0000, 0xffff, 0xffff, 0xffff, 0xffff,
    0xbe9c, 0xffff, 0x0000, 0xf81f, 0xf81f, 0xf81f, 0xf81f, 0xf81f, 0xf81f, 0xf81f, 0xf81f, 0xf81f,
    0xf81f, 0xf81f, 0xf81f, 0xf81f, 0xf81f, 0xf81f, 0xf81f, 0xf81f, 0xf81f, 0xf81f, 0xf81f, 0xf81f,
    0xf81f, 0xf81f, 0xf81f, 0xf81f, 0xf81f, 0xf81f, 0xf81f, 0xf81f, 0xf81f, 0xf81f, 0xf81f, 0xf81f,
    0xf81f, 0xf81f, 0xf81f, 0xf81f, 0xf81f, 0xf81f, 0xf81f, 0xf81f, 0xf81f, 0xf81f, 0xf81f, 0xf81f,
    0xf81f, 0xf81f, 0xf81f, 0xf81f, 0xf81f, 0xf81f, 0xf81f, 0xf81f, 0xf81f, 0xf81f, 0xf81f, 0xf81f,
    0xf81f, 0xf81f, 0x0000, 0xffff, 0xffff, 0xffff, 0xffff, 0xffff, 0x0000, 0x0000, 0x0000, 0xffff,
    0xffff, 0xffff, 0xffff, 0xffff, 0xffff, 0x0000, 0x0000, 0x0000, 0x0000, 0x6db8, 0xffff, 0xffff,
    0xbe9c, 0xbe9c, 0xbe9c, 0xbe9c, 0xbe9c, 0x0000, 0x0000, 0xffff, 0xffff, 0xffff, 0xffff, 0xbe9c,
    0xffff, 0xffff, 0x0000, 0xf81f, 0xf81f, 0xf81f, 0xf81f, 0xf81f, 0xf81f, 0xf81f, 0xf81f, 0xf81f,
    0xf81f, 0xf81f, 0xf81f, 0xf81f, 0xf81f, 0xf81f, 0xf81f, 0xf81f, 0xf81f, 0xf81f, 0xf81f, 0xf81f,
    0xf81f, 0xf81f, 0xf81f, 0xf81f, 0xf81f, 0xf81f, 0xf81f, 0xf81f, 0xf81f, 0xf81f, 0xf81f, 0xf81f,
    0xf81f, 0xf81f, 0xf81f, 0xf81f, 0xf81f, 0xf81f, 0xf81f, 0xf81f, 0xf81f, 0xf81f, 0xf81f, 0xf81f,
    0xf81f, 0xf81f, 0xf81f, 0xf81f, 0xf81f, 0xf81f, 0xf81f, 0xf81f, 0xf81f, 0xf81f, 0xf81f, 0xf81f,
    0xf81f, 0xf81f, 0x0000, 0xffff, 0xffff, 0xffff, 0xffff, 0xffff, 0x0000, 0xffff, 0xffff, 0xbe9c,
    0xffff, 0xffff, 0xffff, 0xffff, 0xffff, 0x0000, 0x0000, 0x64d4, 0x0000, 0x6db8, 0xffff, 0xffff,
    0xffff, 0xffff, 0xbe9c, 0xbe9c, 0xbe9c, 0xbe9c, 0x0000, 0xffff, 0xffff, 0xffff, 0xffff, 0xbe9c,
    0xffff, 0x0000, 0x0000, 0xf81f, 0xf81f, 0xf81f, 0xf81f, 0xf81f, 0xf81f, 0xf81f, 0xf81f, 0xf81f,
    0xf81f, 0xf81f, 0xf81f, 0xf81f, 0xf81f, 0xf81f, 0xf81f, 0xf81f, 0xf81f, 0xf81f, 0xf81f, 0xf81f,
    0xf81f, 0xf81f, 0xf81f, 0xf81f, 0xf81f, 0xf81f, 0xf81f, 0xf81f, 0xf81f, 0xf81f, 0xf81f, 0xf81f,
    0xf81f, 0xf81f, 0xf81f, 0xf81f, 0xf81f, 0xf81f, 0xf81f, 0xf81f, 0xf81f, 0xf81f, 0xf81f, 0xf81f,
    0xf81f, 0xf81f, 0xf81f, 0xf81f, 0xf81f, 0xf81f, 0xf81f, 0xf81f, 0xf81f, 0xf81f, 0xf81f, 0xf81f,
    0xf81f, 0xf81f, 0x0000, 0xffff, 0xffff, 0xffff, 0xffff, 0xffff, 0x0000, 0xffff, 0xbe9c, 0xbe9c,
    0xffff, 0xffff, 0xffff, 0xffff, 0x64d4, 0x0000, 0x8e19, 0x64d4, 0x0000, 0x0000, 0x0000, 0xffff,
    0xffff, 0xffff, 0xbe9c, 0xbe9c, 0xbe9c, 0xbe9c, 0x0000, 0xffff, 0xffff, 0xbe9c, 0xffff, 0xbe9c,
    0xffff, 0x0000, 0x0000, 0xf81f, 0xf81f, 0xf81f, 0xf81f, 0xf81f, 0xf81f, 0xf81f, 0xf81f, 0xf81f,
    0xf81f, 0xf81f, 0xf81f, 0xf81f, 0xf81f, 0xf81f, 0xf81f, 0xf81f, 0xf81f, 0xf81f, 0xf81f, 0xf81f,
    0xf81f, 0xf81f, 0xf81f, 0xf81f, 0xf81f, 0xf81f, 0xf81f, 0xf81f, 0xf81f, 0xf81f, 0xf81f, 0xf81f,
    0xf81f, 0xf81f, 0xf81f, 0xf81f, 0xf81f, 0xf81f, 0xf81f, 0xf81f, 0xf81f, 0xf81f, 0xf81f, 0xf81f,
    0xf81f, 0xf81f, 0xf81f, 0xf81f, 0xf81f, 0xf81f, 0xf81f, 0xf81f, 0xf81f, 0xf81f, 0xf81f, 0xf81f,
    0x0000, 0xf81f, 0x0000, 0xffff, 0xbe9c, 0xffff, 0xffff, 0xffff, 0x0000, 0xbe9c, 0xbe9c, 0xbe9c,
    0xffff, 0xffff, 0xffff, 0x0000, 0x0000, 0x8e19, 0x8e19, 0x64d4, 0x64d4, 0x64d4, 0x0000, 0x0000,
    0xffff, 0xffff, 0xffff, 0xbe9c, 0xbe9c, 0xbe9c, 0x0000, 0xffff, 0xffff, 0xbe9c, 0xffff, 0xffff,
    0xffff, 0x0000, 0xf81f, 0xf81f, 0xf81f, 0xf81f, 0xf81f, 0xf81f, 0xf81f, 0xf81f, 0xf81f, 0xf81f,
    0xf81f, 0xf81f, 0xf81f, 0xf81f, 0xf81f, 0xf81f, 0xf81f, 0xf81f, 0xf81f, 0xf81f, 0xf81f, 0xf81f,
    0xf81f, 0xf81f, 0xf81f, 0xf81f, 0xf81f, 0xf81f, 0xf81f, 0xf81f, 0xf81f, 0xf81f, 0xf81f, 0xf81f,
    0xf81f, 0xf81f, 0xf81f, 0xf81f, 0xf81f, 0xf81f, 0xf81f, 0xf81f, 0xf81f, 0xf81f, 0xf81f, 0xf81f,
    0xf81f, 0xf81f, 0xf81f, 0xf81f, 0xf81f, 0xf81f, 0xf81f, 0xf81f, 0xf81f, 0xf81f, 0xf81f, 0x0000,
    0x230d, 0x0000, 0x0000, 0xffff, 0xbe9c, 0xbe9c, 0xffff, 0xffff, 0x0000, 0xbe9c, 0xbe9c, 0xbe9c,
    0xffff, 0xffff, 0xffff, 0x0000, 0x8e19, 0x8e19, 0x8e19, 0x8e19, 0x64d4, 0x64d4, 0x64d4, 0x0000,
    0xffff, 0xffff, 0xffff, 0xffff, 0xbe9c, 0xbe9c, 0x0000, 0xffff, 0xffff, 0xbe9c, 0xffff, 0xffff,
    0xffff, 0x0000, 0x0000, 0x0000, 0x0000, 0x0000, 0x0000, 0xf81f, 0xf81f, 0xf81f, 0xf81f, 0xf81f,
    0xf81f, 0xf81f, 0xf81f, 0xf81f, 0xf81f, 0xf81f, 0xf81f, 0xf81f, 0xf81f, 0xf81f, 0xf81f, 0xf81f,
    0xf81f, 0xf81f, 0xf81f, 0xf81f, 0xf81f, 0xf81f, 0xf81f, 0xf81f, 0xf81f, 0xf81f, 0xf81f, 0xf81f,
    0xf81f, 0xf81f, 0xf81f, 0xf81f, 0xf81f, 0xf81f, 0xf81f, 0xf81f, 0xf81f, 0xf81f, 0xf81f, 0xf81f,
    0xf81f, 0xf81f, 0xf81f, 0xf81f, 0xf81f, 0xf81f, 0xf81f, 0xf81f, 0xf81f, 0x0000, 0x0000, 0x0000,
    0x230d, 0x230d, 0x0000, 0x0000, 0xbe9c, 0xbe9c, 0xffff, 0xffff, 0x0000, 0xbe9c, 0xbe9c, 0xbe9c,
    0xbe9c, 0x0000, 0x0000, 0x8e19, 0x8e19, 0x8e19, 0x8e19, 0x8e19, 0x8e19, 0x8e19, 0x64d4, 0x64d4,
    0x0000, 0xffff, 0xffff, 0xbe9c, 0xbe9c, 0xbe9c, 0x0000, 0xffff, 0xffff, 0xbe9c, 0xbe9c, 0xffff,
    0xffff, 0x0000, 0xffff, 0xffff, 0xffff, 0x0000, 0x0000, 0x0000, 0xf81f, 0xf81f, 0xf81f, 0xf81f,
    0xf81f, 0xf81f, 0xf81f, 0xf81f, 0xf81f, 0xf81f, 0xf81f, 0xf81f, 0xf81f, 0xf81f, 0xf81f, 0xf81f,
    0xf81f, 0xf81f, 0xf81f, 0xf81f, 0xf81f, 0xf81f, 0xf81f, 0xf81f, 0xf81f, 0xf81f, 0xf81f, 0xf81f,
    0xf81f, 0xf81f, 0xf81f, 0xf81f, 0xf81f, 0xf81f, 0xf81f, 0xf81f, 0xf81f, 0xf81f, 0xf81f, 0xf81f,
    0xf81f, 0xf81f, 0xf81f, 0xf81f, 0xf81f, 0xf81f, 0xf81f, 0xf81f, 0xf81f, 0x0000, 0x0000, 0x6db8,
    0x6db8, 0x230d, 0x0000, 0x0000, 0x8e19, 0xbe9c, 0xffff, 0xffff, 0x0000, 0x0000, 0x0000, 0x0000,
    0x0000, 0x8e19, 0x8e19, 0x8e19, 0xffff, 0xffff, 0xffff, 0x8e19, 0x8e19, 0x8e19, 0x8e19, 0x8e19,
    0x0000, 0x0000, 0x0000, 0x0000, 0x0000, 0x0000, 0x0000, 0xffff, 0xffff, 0xbe9c, 0xffff, 0xffff,
    0xffff, 0x0000, 0xffff, 0xffff, 0x6db8, 0x6db8, 0x6db8, 0x8537, 0x0000, 0xf81f, 0xf81f, 0xf81f,
    0xf81f, 0xf81f, 0xf81f, 0xf81f, 0xf81f, 0xf81f, 0xf81f, 0xf81f, 0xf81f, 0xf81f, 0xf81f, 0xf81f,
    0xf81f, 0xf81f, 0xf81f, 0xf81f, 0xf81f, 0xf81f, 0xf81f, 0xf81f, 0xf81f, 0xf81f, 0xf81f, 0xf81f,
    0xf81f, 0xf81f, 0xf81f, 0xf81f, 0xf81f, 0xf81f, 0xf81f, 0xf81f, 0xf81f, 0xf81f, 0xf81f, 0xf81f,
    0xf81f, 0xf81f, 0xf81f, 0xf81f, 0xf81f, 0xf81f, 0xf81f, 0xf81f, 0x0000, 0xffff, 0xffff, 0x6db8,
    0x6db8, 0x230d, 0x0000, 0x0000, 0xbe9c, 0xbe9c, 0xffff, 0xffff, 0xffff, 0xffff, 0xffff, 0xffff,
    0xffff, 0xffff, 0xffff, 0xffff, 0xffff, 0xffff, 0xffff, 0xffff, 0x8e19, 0x8e19, 0x8e19, 0x8e19,
    0x8e19, 0x8e19, 0x8e19, 0x8e19, 0x8e19, 0xffff, 0xffff, 0xffff, 0xffff, 0xbe9c, 0xffff, 0xffff,
    0x0000, 0xffff, 0xffff, 0x6db8, 0x6db8, 0x6db8, 0x6db8, 0x6db8, 0x0000, 0xf81f, 0xf81f, 0xf81f,
    0xf81f, 0xf81f, 0xf81f, 0xf81f, 0xf81f, 0xf81f, 0xf81f, 0xf81f, 0xf81f, 0xf81f, 0xf81f, 0xf81f,
    0xf81f, 0xf81f, 0xf81f, 0xf81f, 0xf81f, 0xf81f, 0xf81f, 0xf81f, 0xf81f, 0xf81f, 0xf81f, 0xf81f,
    0xf81f, 0xf81f, 0xf81f, 0xf81f, 0xf81f, 0xf81f, 0xf81f, 0xf81f, 0xf81f, 0xf81f, 0xf81f, 0xf81f,
    0xf81f, 0xf81f, 0xf81f, 0xf81f, 0xf81f, 0xf81f, 0xf81f, 0xf81f, 0x0000, 0xffff, 0xffff, 0x6db8,
    0x6db8, 0x230d, 0x230d, 0x0000, 0xffff, 0xbe9c, 0xffff, 0xffff, 0xffff, 0xffff, 0xffff, 0xffff,
    0xffff, 0xffff, 0xffff, 0xffff, 0xffff, 0xffff, 0xffff, 0xffff, 0xffff, 0x8e19, 0x8e19, 0x8e19,
    0x8e19, 0x8e19, 0x8e19, 0x8e19, 0x8e19, 0x8e19, 0x8e19, 0xffff, 0xffff, 0xbe9c, 0xffff, 0x0000,
    0x0000, 0xffff, 0xffff, 0xbe9c, 0xbe9c, 0xbe9c, 0xbe9c, 0x6db8, 0x0000, 0x0000, 0xf81f, 0xf81f,
    0xf81f, 0xf81f, 0xf81f, 0xf81f, 0xf81f, 0xf81f, 0xf81f, 0xf81f, 0xf81f, 0xf81f, 0xf81f, 0xf81f,
    0xf81f, 0xf81f, 0xf81f, 0xf81f, 0xf81f, 0xf81f, 0xf81f, 0xf81f, 0xf81f, 0xf81f, 0xf81f, 0xf81f,
    0xf81f, 0xf81f, 0xf81f, 0xf81f, 0xf81f, 0xf81f, 0xf81f, 0xf81f, 0xf81f, 0xf81f, 0xf81f, 0xf81f,
    0xf81f, 0xf81f, 0xf81f, 0xf81f, 0xf81f, 0xf81f, 0xf81f, 0x0000, 0x0000, 0xffff, 0xffff, 0x6db8,
    0x6db8, 0x230d, 0x230d, 0x0000, 0xffff, 0xffff, 0xffff, 0xffff, 0xffff, 0xffff, 0xffff, 0xffff,
    0xffff, 0xffff, 0xffff, 0xffff, 0xffff, 0xffff, 0xffff, 0xffff, 0xffff, 0xffff, 0xffff, 0xffff,
    0x8e19, 0x8e19, 0x8e19, 0x8e19, 0x8e19, 0x8e19, 0xffff, 0xffff, 0xbe9c, 0x6db8, 0xffff, 0x0000,
    0xffff, 0xffff, 0xffff, 0xbe9c, 0xbe9c, 0xbe9c, 0xbe9c, 0xbe9c, 0xffff, 0x0000, 0xf81f, 0xf81f,
    0xf81f, 0xf81f, 0xf81f, 0xf81f, 0xf81f, 0xf81f, 0xf81f, 0xf81f, 0xf81f, 0xf81f, 0xf81f, 0xf81f,
    0xf81f, 0xf81f, 0xf81f, 0xf81f, 0xf81f, 0xf81f, 0xf81f, 0xf81f, 0xf81f, 0xf81f, 0xf81f, 0xf81f,
    0xf81f, 0xf81f, 0xf81f, 0xf81f, 0xf81f, 0xf81f, 0xf81f, 0xf81f, 0xf81f, 0xf81f, 0xf81f, 0xf81f,
    0xf81f, 0xf81f, 0xf81f, 0xf81f, 0xf81f, 0xf81f, 0xf81f, 0x0000, 0x0000, 0xffff, 0xffff, 0xffff,
    0x8537, 0x230d, 0x230d, 0x0000, 0xffff, 0xffff, 0xffff, 0xffff, 0xffff, 0xffff, 0xffff, 0xffff,
    0xffff, 0xffff, 0xffff, 0xffff, 0xffff, 0xffff, 0xffff, 0xffff, 0xffff, 0xffff, 0xffff, 0xffff,
    0xffff, 0xffff, 0xffff, 0xffff, 0xffff, 0xffff, 0xffff, 0xffff, 0x6db8, 0x6db8, 0xffff, 0x0000,
    0xffff, 0x6db8, 0xbe9c, 0xbe9c, 0xbe9c, 0xbe9c, 0xffff, 0xffff, 0xffff, 0xffff, 0x0000, 0xf81f,
    0xf81f, 0xf81f, 0xf81f, 0xf81f, 0xf81f, 0xf81f, 0xf81f, 0xf81f, 0xf81f, 0xf81f, 0xf81f, 0xf81f,
    0xf81f, 0xf81f, 0xf81f, 0xf81f, 0xf81f, 0xf81f, 0xf81f, 0xf81f, 0xf81f, 0xf81f, 0xf81f, 0xf81f,
    0xf81f, 0xf81f, 0xf81f, 0xf81f, 0xf81f, 0xf81f, 0xf81f, 0xf81f, 0xf81f, 0xf81f, 0xf81f, 0xf81f,
    0xf81f, 0xf81f, 0xf81f, 0xf81f, 0xf81f, 0xf81f, 0xf81f, 0x0000, 0x0000, 0xffff, 0xffff, 0xffff,
    0x8537, 0x6db8, 0x230d, 0x0000, 0x0000, 0x0000, 0xffff, 0xffff, 0xffff, 0xffff, 0xffff, 0xffff,
    0xffff, 0xffff, 0xffff, 0xffff, 0xffff, 0xffff, 0xffff, 0xffff, 0xffff, 0xffff, 0xffff, 0xffff,
    0xffff, 0xffff, 0xffff, 0xffff, 0xffff, 0xffff, 0xbe9c, 0xbe9c, 0x6db8, 0x6db8, 0x0000, 0x0000,
    0xffff, 0x8537, 0xffff, 0xffff, 0xffff, 0xffff, 0xffff, 0xffff, 0xffff, 0xffff, 0x0000, 0xf81f,
    0xf81f, 0xf81f, 0xf81f, 0xf81f, 0xf81f, 0xf81f, 0xf81f, 0xf81f, 0xf81f, 0xf81f, 0xf81f, 0xf81f,
    0xf81f, 0xf81f, 0xf81f, 0xf81f, 0xf81f, 0xf81f, 0xf81f, 0xf81f, 0xf81f, 0xf81f, 0xf81f, 0xf81f,
    0xf81f, 0xf81f, 0xf81f, 0xf81f, 0xf81f, 0xf81f, 0xf81f, 0xf81f, 0xf81f, 0xf81f, 0xf81f, 0xf81f,
    0xf81f, 0xf81f, 0xf81f, 0xf81f, 0xf81f, 0xf81f, 0xf81f, 0x0000, 0xffff, 0xffff, 0xffff, 0xbe9c,
    0x8537, 0x6db8, 0x230d, 0x0000, 0x0000, 0x0000, 0xffff, 0xffff, 0xffff, 0xffff, 0xffff, 0xffff,
    0xffff, 0xffff, 0xffff, 0xffff, 0xffff, 0xffff, 0xffff, 0xffff, 0xffff, 0xffff, 0xffff, 0xffff,
    0xffff, 0xffff, 0xffff, 0xffff, 0xffff, 0xbe9c, 0xbe9c, 0x6db8, 0x6db8, 0x0000, 0x0000, 0xffff,
    0xffff, 0x8537, 0xffff, 0xffff, 0xffff, 0xffff, 0xffff, 0xffff, 0xffff, 0xffff, 0x0000, 0x0000,
    0xf81f, 0xf81f, 0xf81f, 0xf81f, 0xf81f, 0xf81f, 0xf81f, 0xf81f, 0xf81f, 0xf81f, 0xf81f, 0xf81f,
    0xf81f, 0xf81f, 0xf81f, 0xf81f, 0xf81f, 0xf81f, 0xf81f, 0xf81f, 0xf81f, 0xf81f, 0xf81f, 0xf81f,
    0xf81f, 0xf81f, 0xf81f, 0xf81f, 0xf81f, 0xf81f, 0xf81f, 0xf81f, 0xf81f, 0xf81f, 0xf81f, 0xf81f,
    0xf81f, 0xf81f, 0xf81f, 0xf81f, 0xf81f, 0xf81f, 0x0000, 0x0000, 0xffff, 0xffff, 0xffff, 0xbe9c,
    0x8537, 0x6db8, 0x230d, 0x0000, 0x0000, 0x1168, 0x0000, 0xffff, 0xffff, 0xffff, 0xffff, 0xffff,
    0xffff, 0xffff, 0xffff, 0xffff, 0xffff, 0xffff, 0xffff, 0xffff, 0xffff, 0xffff, 0xffff, 0xffff,
    0xffff, 0xffff, 0xffff, 0xffff, 0xffff, 0xbe9c, 0xbe9c, 0x6db8, 0x6db8, 0x0000, 0xffff, 0x8537,
    0x8537, 0x8537, 0xffff, 0xffff, 0xffff, 0xffff, 0xffff, 0xffff, 0xffff, 0xffff, 0xffff, 0x0000,
    0xf81f, 0xf81f, 0xf81f, 0xf81f, 0xf81f, 0xf81f, 0xf81f, 0xf81f, 0xf81f, 0xf81f, 0xf81f, 0xf81f,
    0xf81f, 0xf81f, 0xf81f, 0xf81f, 0xf81f, 0xf81f, 0xf81f, 0xf81f, 0xf81f, 0xf81f, 0xf81f, 0xf81f,
    0xf81f, 0xf81f, 0xf81f, 0xf81f, 0xf81f, 0xf81f, 0xf81f, 0xf81f, 0xf81f, 0xf81f, 0xf81f, 0xf81f,
    0xf81f, 0xf81f, 0xf81f, 0xf81f, 0xf81f, 0xf81f, 0x0000, 0xffff, 0xffff, 0xffff, 0xffff, 0xbe9c,
    0x8537, 0x230d, 0x230d, 0x0000, 0x2b10, 0x1168, 0x0000, 0x0000, 0xffff, 0xffff, 0xffff, 0xffff,
    0xffff, 0xffff, 0xffff, 0xffff, 0xffff, 0xffff, 0xffff, 0xffff, 0xffff, 0xffff, 0xffff, 0xffff,
    0xffff, 0xffff, 0xffff, 0xffff, 0xbe9c, 0xbe9c, 0x6db8, 0x6db8, 0x0000, 0x0000, 0xbe9c, 0x8537,
    0x8537, 0xffff, 0xffff, 0xffff, 0xffff, 0xffff, 0xffff, 0xffff, 0xffff, 0xffff, 0xffff, 0x0000,
    0xf81f, 0xf81f, 0xf81f, 0xf81f, 0xf81f, 0xf81f, 0xf81f, 0xf81f, 0xf81f, 0xf81f, 0xf81f, 0xf81f,
    0xf81f, 0xf81f, 0xf81f, 0xf81f, 0xf81f, 0xf81f, 0xf81f, 0xf81f, 0xf81f, 0xf81f, 0xf81f, 0xf81f,
    0xf81f, 0xf81f, 0xf81f, 0xf81f, 0xf81f, 0xf81f, 0xf81f, 0xf81f, 0xf81f, 0xf81f, 0xf81f, 0xf81f,
    0xf81f, 0xf81f, 0xf81f, 0xf81f, 0xf81f, 0xf81f, 0x0000, 0xffff, 0xffff, 0xffff, 0xbe9c, 0xbe9c,
    0x6db8, 0x230d, 0x230d, 0x0000, 0x2b10, 0x2b10, 0x1168, 0x0000, 0xffff, 0xffff, 0xffff, 0xffff,
    0xffff, 0xffff, 0xffff, 0xffff, 0xffff, 0xffff, 0xffff, 0xffff, 0xffff, 0xffff, 0xffff, 0xffff,
    0xffff, 0xffff, 0xffff, 0xbe9c, 0xbe9c, 0x6db8, 0x6db8, 0x0000, 0x0000, 0x0000, 0x8537, 0x8537,
    0xffff, 0xffff, 0xffff, 0xffff, 0xffff, 0xffff, 0xffff, 0xffff, 0xffff, 0xffff, 0xffff, 0x0000,
    0xf81f, 0xf81f, 0xf81f, 0xf81f, 0xf81f, 0xf81f, 0xf81f, 0xf81f, 0xf81f, 0xf81f, 0xf81f, 0xf81f,
    0xf81f, 0xf81f, 0xf81f, 0xf81f, 0xf81f, 0xf81f, 0xf81f, 0xf81f, 0xf81f, 0xf81f, 0xf81f, 0xf81f,
    0xf81f, 0xf81f, 0xf81f, 0xf81f, 0xf81f, 0xf81f, 0xf81f, 0xf81f, 0xf81f, 0xf81f, 0xf81f, 0xf81f,
    0xf81f, 0xf81f, 0xf81f, 0xf81f, 0xf81f, 0x0000, 0x0000, 0xffff, 0xffff, 0xffff, 0xbe9c, 0xbe9c,
    0x6db8, 0x6db8, 0x230d, 0x0000, 0x2b10, 0x2b10, 0x2b10, 0x0000, 0x0000, 0xffff, 0xffff, 0xffff,
    0xffff, 0xffff, 0xffff, 0xffff, 0xffff, 0xffff, 0xffff, 0xffff, 0xffff, 0xffff, 0xffff, 0xffff,
    0xffff, 0xffff, 0xbe9c, 0xbe9c, 0x6db8, 0x6db8, 0x0000, 0x0000, 0x0000, 0x0000, 0x8537, 0x8537,
    0xffff, 0xffff, 0xffff, 0xffff, 0xffff, 0xffff, 0xffff, 0xffff, 0xffff, 0xffff, 0xffff, 0x0000,
    0xf81f, 0xf81f, 0xf81f, 0xf81f, 0xf81f, 0xf81f, 0xf81f, 0xf81f, 0xf81f, 0xf81f, 0xf81f, 0xf81f,
    0xf81f, 0xf81f, 0xf81f, 0xf81f, 0xf81f, 0xf81f, 0xf81f, 0xf81f, 0xf81f, 0xf81f, 0xf81f, 0xf81f,
    0xf81f, 0xf81f, 0xf81f, 0xf81f, 0xf81f, 0xf81f, 0xf81f, 0xf81f, 0xf81f, 0xf81f, 0xf81f, 0xf81f,
    0xf81f, 0xf81f, 0xf81f, 0xf81f, 0xf81f, 0x0000, 0xffff, 0xffff, 0xffff, 0xffff, 0xbe9c, 0xbe9c,
    0x6db8, 0x6db8, 0x0000, 0x0000, 0x0000, 0x2b10, 0x2b10, 0x1168, 0x0000, 0x0000, 0xffff, 0xffff,
    0xffff, 0xffff, 0xffff, 0xffff, 0xffff, 0xffff, 0xffff, 0xffff, 0xffff, 0xffff, 0xffff, 0xffff,
    0xbe9c, 0xbe9c, 0xbe9c, 0x6db8, 0x6db8, 0x0000, 0x0000, 0x0000, 0x0000, 0x0000, 0xffff, 0xffff,
    0xffff, 0xffff, 0xffff, 0xffff, 0xffff, 0xffff, 0xffff, 0xffff, 0xffff, 0xffff, 0xffff, 0xffff,
    0x0000, 0xf81f, 0xf81f, 0xf81f, 0xf81f, 0xf81f, 0xf81f, 0xf81f, 0xf81f, 0xf81f, 0xf81f, 0xf81f,
    0xf81f, 0xf81f, 0xf81f, 0xf81f, 0xf81f, 0xf81f, 0xf81f, 0xf81f, 0xf81f, 0xf81f, 0xf81f, 0xf81f,
    0xf81f, 0xf81f, 0xf81f, 0xf81f, 0xf81f, 0xf81f, 0xf81f, 0xf81f, 0xf81f, 0xf81f, 0xf81f, 0xf81f,
    0xf81f, 0xf81f, 0xf81f, 0xf81f, 0xf81f, 0x0000, 0xffff, 0xffff, 0xffff, 0xbe9c, 0xbe9c, 0x8537,
    0x6db8, 0x6db8, 0x0000, 0xffff, 0x0000, 0x2b10, 0x2b10, 0x1168, 0x1168, 0x1168, 0x0000, 0xffff,
    0xffff, 0xffff, 0xffff, 0xffff, 0xffff, 0xffff, 0xffff, 0xffff, 0xffff, 0xffff, 0xffff, 0xbe9c,
    0xbe9c, 0x6db8, 0x6db8, 0x6db8, 0x6db8, 0x0000, 0x1168, 0x1168, 0x0000, 0x0000, 0xffff, 0xffff,
    0xffff, 0xffff, 0xffff, 0xffff, 0xffff, 0xffff, 0xffff, 0xffff, 0xffff, 0xffff, 0xffff, 0xffff,
    0x0000, 0xf81f, 0xf81f, 0xf81f, 0xf81f, 0xf81f, 0xf81f, 0xf81f, 0xf81f, 0xf81f, 0xf81f, 0xf81f,
    0xf81f, 0xf81f, 0xf81f, 0xf81f, 0xf81f, 0xf81f, 0xf81f, 0xf81f, 0xf81f, 0xf81f, 0xf81f, 0xf81f,
    0xf81f, 0xf81f, 0xf81f, 0xf81f, 0xf81f, 0xf81f, 0xf81f, 0xf81f, 0xf81f, 0xf81f, 0xf81f, 0xf81f,
    0xf81f, 0xf81f, 0xf81f, 0xf81f, 0x0000, 0x0000, 0xffff, 0xffff, 0xffff, 0xbe9c, 0xbe9c, 0x6db8,
    0x6db8, 0x8537, 0x0000, 0xffff, 0x0000, 0x2b10, 0x2b10, 0x2b10, 0x1168, 0x1168, 0x0000, 0x0000,
    0xffff, 0xffff, 0xffff, 0xffff, 0xffff, 0xffff, 0xffff, 0xffff, 0xffff, 0xffff, 0xbe9c, 0x6db8,
    0x6db8, 0x6db8, 0x6db8, 0x6db8, 0x0000, 0x1168, 0x1168, 0x0000, 0x8e19, 0x0000, 0xffff, 0xffff,
    0xffff, 0xffff, 0xffff, 0xffff, 0xffff, 0xffff, 0xffff, 0xffff, 0xffff, 0xffff, 0xffff, 0xffff,
    0x0000, 0xf81f, 0xf81f, 0xf81f, 0xf81f, 0xf81f, 0xf81f, 0xf81f, 0xf81f, 0xf81f, 0xf81f, 0xf81f,
    0xf81f, 0xf81f, 0xf81f, 0xf81f, 0xf81f, 0xf81f, 0xf81f, 0xf81f, 0xf81f, 0xf81f, 0xf81f, 0xf81f,
    0xf81f, 0xf81f, 0xf81f, 0xf81f, 0xf81f, 0xf81f, 0xf81f, 0xf81f, 0xf81f, 0xf81f, 0xf81f, 0xf81f,
    0xf81f, 0xf81f, 0xf81f, 0xf81f, 0x0000, 0xffff, 0xffff, 0xffff, 0xffff, 0xbe9c, 0xbe9c, 0x6db8,
    0x6db8, 0x0000, 0x0000, 0xffff, 0x0000, 0x2b10, 0x2b10, 0x4c56, 0x0000, 0x1168, 0x1168, 0x0000,
    0x0000, 0xffff, 0xffff, 0xffff, 0xffff, 0xffff, 0xffff, 0xffff, 0xffff, 0xbe9c, 0xbe9c, 0x6db8,
    0x6db8, 0x6db8, 0x6db8, 0x0000, 0x0000, 0x1168, 0x0000, 0x8e19, 0x8e19, 0x0000, 0xffff, 0xffff,
    0xffff, 0xffff, 0xffff, 0xffff, 0xffff, 0xffff, 0xffff, 0xffff, 0xffff, 0xffff, 0xffff, 0xffff,
    0x0000, 0xf81f, 0xf81f, 0xf81f, 0xf81f, 0xf81f, 0xf81f, 0xf81f, 0xf81f, 0xf81f, 0xf81f, 0xf81f,
    0xf81f, 0xf81f, 0xf81f, 0xf81f, 0xf81f, 0xf81f, 0xf81f, 0xf81f, 0xf81f, 0xf81f, 0xf81f, 0xf81f,
    0xf81f, 0xf81f, 0xf81f, 0xf81f, 0xf81f, 0xf81f, 0xf81f, 0xf81f, 0xf81f, 0xf81f, 0xf81f, 0xf81f,
    0xf81f, 0xf81f, 0xf81f, 0xf81f, 0x0000, 0xffff, 0xffff, 0xffff, 0xbe9c, 0xbe9c, 0x8537, 0x6db8,
    0x6db8, 0x0000, 0xffff, 0xffff, 0x0000, 0x2b10, 0x2b10, 0x4c56, 0x4c56, 0x1168, 0x1168, 0x1168,
    0x1168, 0xffff, 0xffff, 0xffff, 0xffff, 0xffff, 0xffff, 0xffff, 0xbe9c, 0xbe9c, 0x6db8, 0x6db8,
    0x6db8, 0x6db8, 0x0000, 0x1168, 0x1168, 0x1168, 0x0000, 0xbe9c, 0x8e19, 0x0000, 0xffff, 0xffff,
    0xffff, 0xffff, 0xffff, 0xffff, 0xffff, 0xffff, 0xffff, 0xffff, 0xffff, 0xffff, 0xffff, 0xffff,
    0xffff, 0x0000, 0xf81f, 0xf81f, 0xf81f, 0xf81f, 0xf81f, 0xf81f, 0xf81f, 0xf81f, 0xf81f, 0xf81f,
    0xf81f, 0xf81f, 0xf81f, 0xf81f, 0xf81f, 0xf81f, 0xf81f, 0xf81f, 0xf81f, 0xf81f, 0xf81f, 0xf81f,
    0xf81f, 0xf81f, 0xf81f, 0xf81f, 0xf81f, 0xf81f, 0xf81f, 0xf81f, 0xf81f, 0xf81f, 0xf81f, 0xf81f,
    0xf81f, 0xf81f, 0xf81f, 0xf81f, 0x0000, 0xffff, 0xffff, 0xffff, 0xbe9c, 0xbe9c, 0x6db8, 0x6db8,
    0x6db8, 0x0000, 0xffff, 0xffff, 0xffff, 0x0000, 0x2b10, 0x2b10, 0x4c56, 0x4c56, 0x1168, 0x1168,
    0x1168, 0x0000, 0xffff, 0xffff, 0xffff, 0xffff, 0xffff, 0xffff, 0xbe9c, 0xbe9c, 0x6db8, 0x6db8,
    0x6db8, 0x6db8, 0x0000, 0x1168, 0x1168, 0x0000, 0x0000, 0xbe9c, 0x8e19, 0x0000, 0xffff, 0xffff,
    0xffff, 0xffff, 0xffff, 0xffff, 0xffff, 0xffff, 0xffff, 0xffff, 0xffff, 0xffff, 0x6db8, 0xffff,
    0xffff, 0x0000, 0xf81f, 0xf81f, 0xf81f, 0xf81f, 0xf81f, 0xf81f, 0xf81f, 0xf81f, 0xf81f, 0xf81f,
    0xf81f, 0xf81f, 0xf81f, 0xf81f, 0xf81f, 0xf81f, 0xf81f, 0xf81f, 0xf81f, 0xf81f, 0xf81f, 0xf81f,
    0xf81f, 0xf81f, 0xf81f, 0xf81f, 0xf81f, 0xf81f, 0xf81f, 0xf81f, 0xf81f, 0xf81f, 0xf81f, 0xf81f,
    0xf81f, 0xf81f, 0xf81f, 0x0000, 0xffff, 0xffff, 0xffff, 0xffff, 0xbe9c, 0x6db8, 0x6db8, 0x6db8,
    0x0000, 0x0000, 0xffff, 0xffff, 0xffff, 0x0000, 0x0000, 0x2b10, 0x2b10, 0x4c56, 0x4c56, 0x1168,
    0x1168, 0x0000, 0x0000, 0xffff, 0xffff, 0xffff, 0xffff, 0xffff, 0xbe9c, 0xbe9c, 0x6db8, 0x6db8,
    0x6db8, 0x0000, 0x1168, 0x1168, 0x7d9a, 0x0000, 0xffff, 0x8e19, 0x8e19, 0x0000, 0xffff, 0xffff,
    0xffff, 0xffff, 0xffff, 0xffff, 0xffff, 0xffff, 0xffff, 0xffff, 0xffff, 0xffff, 0x6db8, 0xffff,
    0xffff, 0x0000, 0xf81f, 0xf81f, 0xf81f, 0xf81f, 0xf81f, 0xf81f, 0xf81f, 0xf81f, 0xf81f, 0xf81f,
    0xf81f, 0xf81f, 0xf81f, 0xf81f, 0xf81f, 0xf81f, 0xf81f, 0xf81f, 0xf81f, 0xf81f, 0xf81f, 0xf81f,
    0xf81f, 0xf81f, 0xf81f, 0xf81f, 0xf81f, 0xf81f, 0xf81f, 0xf81f, 0xf81f, 0xf81f, 0xf81f, 0xf81f,
    0xf81f, 0xf81f, 0xf81f, 0x0000, 0xffff, 0xffff, 0xffff, 0xffff, 0xbe9c, 0x6db8, 0x6db8, 0x6db8,
    0x0000, 0xffff, 0xffff, 0xffff, 0xffff, 0xffff, 0x0000, 0x0000, 0x2b10, 0x4c56, 0x4c56, 0x4c56,
    0x1168, 0x1168, 0x0000, 0x0000, 0xffff, 0xffff, 0xffff, 0xffff, 0xbe9c, 0xbe9c, 0x6db8, 0x0000,
    0x0000, 0x0000, 0x2b10, 0x4c56, 0x0000, 0x0000, 0x8e19, 0x8e19, 0x8e19, 0x0000, 0xffff, 0xffff,
    0xffff, 0xffff, 0xffff, 0xffff, 0xffff, 0xffff, 0xffff, 0xffff, 0xffff, 0xffff, 0x6db8, 0xbe9c,
    0xffff, 0x0000, 0xf81f, 0xf81f, 0xf81f, 0xf81f, 0xf81f, 0xf81f, 0xf81f, 0xf81f, 0xf81f, 0xf81f,
    0xf81f, 0xf81f, 0xf81f, 0xf81f, 0xf81f, 0xf81f, 0xf81f, 0xf81f, 0xf81f, 0xf81f, 0xf81f, 0xf81f,
    0xf81f, 0xf81f, 0xf81f, 0xf81f, 0xf81f, 0xf81f, 0xf81f, 0xf81f, 0xf81f, 0xf81f, 0xf81f, 0xf81f,
    0xf81f, 0xf81f, 0x0000, 0x0000, 0xffff, 0xffff, 0xffff, 0xffff, 0xbe9c, 0x6db8, 0x6db8, 0x6db8,
    0x0000, 0xffff, 0xffff, 0xffff, 0xffff, 0xffff, 0xffff, 0x0000, 0x0000, 0x2b10, 0x4c56, 0x4c56,
    0x4c56, 0x1168, 0x1168, 0x0000, 0x0000, 0xffff, 0xffff, 0xffff, 0xbe9c, 0xbe9c, 0x0000, 0x0000,
    0x1168, 0x2b10, 0x4c56, 0x0000, 0x0000, 0xffff, 0x8e19, 0x8e19, 0x0000, 0x0000, 0xffff, 0xffff,
    0xffff, 0xffff, 0xffff, 0xffff, 0xffff, 0xffff, 0xffff, 0xffff, 0xffff, 0xffff, 0x6db8, 0xbe9c,
    0xffff, 0x0000, 0x0000, 0xf81f, 0xf81f, 0xf81f, 0xf81f, 0xf81f, 0xf81f, 0xf81f, 0xf81f, 0xf81f,
    0xf81f, 0xf81f, 0xf81f, 0xf81f, 0xf81f, 0xf81f, 0xf81f, 0xf81f, 0xf81f, 0xf81f, 0xf81f, 0xf81f,
    0xf81f, 0xf81f, 0xf81f, 0xf81f, 0xf81f, 0xf81f, 0xf81f, 0xf81f, 0xf81f, 0xf81f, 0xf81f, 0xf81f,
    0xf81f, 0xf81f, 0x0000, 0xffff, 0xffff, 0xffff, 0xffff, 0xffff, 0x8537, 0x6db8, 0x6db8, 0x6db8,
    0x0000, 0xffff, 0xffff, 0xffff, 0xffff, 0xffff, 0xffff, 0xffff, 0x0000, 0x0000, 0x2b10, 0x4c56,
    0x4c56, 0x4c56, 0x1168, 0x1168, 0x0000, 0x0000, 0x0000, 0x0000, 0x0000, 0x0000, 0x1168, 0x2b10,
    0x4c56, 0x4c56, 0x0000, 0x0000, 0xffff, 0x8e19, 0x8e19, 0x0000, 0x0000, 0xffff, 0xffff, 0xffff,
    0xffff, 0xffff, 0xffff, 0xffff, 0xffff, 0xffff, 0xffff, 0xffff, 0xffff, 0xffff, 0x6db8, 0xbe9c,
    0xffff, 0xffff, 0x0000, 0xf81f, 0xf81f, 0xf81f, 0xf81f, 0xf81f, 0xf81f, 0xf81f, 0xf81f, 0xf81f,
    0xf81f, 0xf81f, 0xf81f, 0xf81f, 0xf81f, 0xf81f, 0xf81f, 0xf81f, 0xf81f, 0xf81f, 0xf81f, 0xf81f,
    0xf81f, 0xf81f, 0xf81f, 0xf81f, 0xf81f, 0xf81f, 0xf81f, 0xf81f, 0xf81f, 0xf81f, 0xf81f, 0xf81f,
    0xf81f, 0xf81f, 0x0000, 0xffff, 0xffff, 0xffff, 0xffff, 0xbe9c, 0x8537, 0x6db8, 0x6db8, 0x0000,
    0x0000, 0xffff, 0xffff, 0xffff, 0xffff, 0xffff, 0xffff, 0xffff, 0xffff, 0x0000, 0x0000, 0x2b10,
    0x2b10, 0x2b10, 0x4c56, 0x1168, 0x1168, 0x1168, 0x1168, 0x1168, 0x1168, 0x1168, 0x2b10, 0x4c56,
    0x4c56, 0x0000, 0x0000, 0xffff, 0xbe9c, 0xbe9c, 0x8e19, 0x0000, 0xffff, 0xffff, 0xffff, 0xffff,
    0xffff, 0xffff, 0xffff, 0xffff, 0xffff, 0xffff, 0xffff, 0xffff, 0xffff, 0xffff, 0x6db8, 0xbe9c,
    0xffff, 0xffff, 0x0000, 0xf81f, 0xf81f, 0xf81f, 0xf81f, 0xf81f, 0xf81f, 0xf81f, 0xf81f, 0xf81f,
    0xf81f, 0xf81f, 0xf81f, 0xf81f, 0xf81f, 0xf81f, 0xf81f, 0xf81f, 0xf81f, 0xf81f, 0xf81f, 0xf81f,
    0xf81f, 0xf81f, 0xf81f, 0xf81f, 0xf81f, 0xf81f, 0xf81f, 0xf81f, 0xf81f, 0xf81f, 0xf81f, 0xf81f,
    0xf81f, 0xf81f, 0x0000, 0xffff, 0xffff, 0xffff, 0xffff, 0xbe9c, 0x8537, 0x6db8, 0x6db8, 0x0000,
    0xffff, 0xffff, 0xffff, 0xffff, 0xffff, 0xffff, 0xffff, 0xffff, 0xffff, 0xffff, 0x0000, 0x0000,
    0x2b10, 0x4c56, 0x2b10, 0x2b10, 0x2b10, 0x2b10, 0x2b10, 0x2b10, 0x4c56, 0x4c56, 0x4c56, 0x4c56,
    0x0000, 0x0000, 0xffff, 0xffff, 0xbe9c, 0x8e19, 0x8e19, 0x0000, 0xffff, 0xffff, 0xffff, 0xffff,
    0xffff, 0xffff, 0xffff, 0xffff, 0xffff, 0xffff, 0xffff, 0xffff, 0xffff, 0xffff, 0x6db8, 0xbe9c,
    0xbe9c, 0xffff, 0x0000, 0xf81f, 0xf81f, 0xf81f, 0xf81f, 0xf81f, 0xf81f, 0xf81f, 0xf81f, 0xf81f,
    0xf81f, 0xf81f, 0xf81f, 0xf81f, 0xf81f, 0xf81f, 0xf81f, 0xf81f, 0xf81f, 0xf81f, 0xf81f, 0xf81f,
    0xf81f, 0xf81f, 0xf81f, 0xf81f, 0xf81f, 0xf81f, 0xf81f, 0xf81f, 0xf81f, 0xf81f, 0xf81f, 0xf81f,
    0xf81f, 0x0000, 0x0000, 0xffff, 0xffff, 0xffff, 0xffff, 0xbe9c, 0x8537, 0x8537, 0x6db8, 0x0000,
    0xffff, 0xffff, 0xffff, 0xffff, 0xffff, 0xbe9c, 0xffff, 0xbe9c, 0xffff, 0xffff, 0xffff, 0x0000,
    0x0000, 0x4c56, 0x4c56, 0x4c56, 0x2b10, 0x2b10, 0x2b10, 0x4c56, 0x4c56, 0x4c56, 0x0000, 0x0000,
    0x0000, 0xffff, 0xffff, 0xbe9c, 0xbe9c, 0x8e19, 0x8e19, 0x0000, 0xffff, 0xffff, 0xffff, 0xffff,
    0xffff, 0xffff, 0xffff, 0xffff, 0xffff, 0xffff, 0xffff, 0xffff, 0xffff, 0xffff, 0x6db8, 0xbe9c,
    0xbe9c, 0xffff, 0x0000, 0xf81f, 0xf81f, 0xf81f, 0xf81f, 0xf81f, 0xf81f, 0xf81f, 0xf81f, 0xf81f,
    0xf81f, 0xf81f, 0xf81f, 0xf81f, 0xf81f, 0xf81f, 0xf81f, 0xf81f, 0xf81f, 0xf81f, 0xf81f, 0xf81f,
    0xf81f, 0xf81f, 0xf81f, 0xf81f, 0xf81f, 0xf81f, 0xf81f, 0xf81f, 0xf81f, 0xf81f, 0xf81f, 0xf81f,
    0xf81f, 0x0000, 0xffff, 0xffff, 0xffff, 0xffff, 0xbe9c, 0xbe9c, 0x8537, 0x8537, 0x8537, 0x0000,
    0xffff, 0xffff, 0xffff, 0xffff, 0xffff, 0xbe9c, 0xffff, 0xbe9c, 0xbe9c, 0xffff, 0xffff, 0xffff,
    0x0000, 0x0000, 0x0000, 0x4c56, 0x4c56, 0x4c56, 0x4c56, 0x4c56, 0x0000, 0x0000, 0x0000, 0xffff,
    0xffff, 0xffff, 0xffff, 0xbe9c, 0xbe9c, 0x8e19, 0x8e19, 0x0000, 0xffff, 0xffff, 0xffff, 0xffff,
    0xffff, 0xffff, 0xffff, 0xffff, 0xffff, 0xffff, 0xffff, 0xffff, 0xffff, 0x6db8, 0x6db8, 0xbe9c,
    0xbe9c, 0xbe9c, 0x0000, 0xf81f, 0xf81f, 0xf81f, 0xf81f, 0xf81f, 0xf81f, 0xf81f, 0xf81f, 0xf81f,
    0xf81f, 0xf81f, 0xf81f, 0xf81f, 0xf81f, 0xf81f, 0xf81f, 0xf81f, 0xf81f, 0xf81f, 0xf81f, 0xf81f,
    0xf81f, 0xf81f, 0xf81f, 0xf81f, 0xf81f, 0xf81f, 0xf81f, 0xf81f, 0xf81f, 0xf81f, 0xf81f, 0xf81f,
    0xf81f, 0x0000, 0xffff, 0xffff, 0xffff, 0xffff, 0xbe9c, 0xbe9c, 0x8537, 0x8537, 0x8537, 0x0000,
    0xffff, 0xffff, 0xffff, 0xffff, 0xffff, 0xbe9c, 0xbe9c, 0xbe9c, 0xbe9c, 0xbe9c, 0xbe9c, 0xffff,
    0xffff, 0xffff, 0x0000, 0x0000, 0x0000, 0x0000, 0x0000, 0x0000, 0x0000, 0xffff, 0xffff, 0xffff,
    0xffff, 0xffff, 0xffff, 0xbe9c, 0x8e19, 0x8e19, 0x8e19, 0x0000, 0xffff, 0xffff, 0xffff, 0xffff,
    0xffff, 0xffff, 0xffff, 0xffff, 0xffff, 0xffff, 0xffff, 0xffff, 0xffff, 0x6db8, 0x6db8, 0xbe9c,
    0xbe9c, 0xbe9c, 0x0000, 0xf81f, 0xf81f, 0xf81f, 0xf81f, 0xf81f, 0xf81f, 0xf81f, 0xf81f, 0xf81f,
    0xf81f, 0xf81f, 0xf81f, 0xf81f, 0xf81f, 0xf81f, 0xf81f, 0xf81f, 0xf81f, 0xf81f, 0xf81f, 0xf81f,
    0xf81f, 0xf81f, 0xf81f, 0xf81f, 0xf81f, 0xf81f, 0xf81f, 0xf81f, 0xf81f, 0xf81f, 0xf81f, 0xf81f,
    0xf81f, 0x0000, 0xffff, 0xffff, 0xffff, 0xffff, 0xbe9c, 0xbe9c, 0x8537, 0x8537, 0x8537, 0x0000,
    0xffff, 0xffff, 0xffff, 0xffff, 0xffff, 0xbe9c, 0xbe9c, 0xbe9c, 0xbe9c, 0xbe9c, 0xbe9c, 0xffff,
    0xffff, 0xffff, 0xffff, 0xffff, 0xffff, 0xffff, 0xffff, 0xffff, 0xbe9c, 0xbe9c, 0xbe9c, 0xbe9c,
    0xbe9c, 0xbe9c, 0xffff, 0xbe9c, 0xbe9c, 0x4452, 0x8e19, 0x0000, 0xffff, 0xffff, 0xffff, 0xffff,
    0xffff, 0xffff, 0xffff, 0xffff, 0xffff, 0xffff, 0xffff, 0xffff, 0x6db8, 0x6db8, 0x6db8, 0xbe9c,
    0xbe9c, 0xbe9c, 0x0000, 0xf81f, 0xf81f, 0xf81f, 0xf81f, 0xf81f, 0xf81f, 0xf81f, 0xf81f, 0xf81f,
    0xf81f, 0xf81f, 0xf81f, 0xf81f, 0xf81f, 0xf81f, 0xf81f, 0xf81f, 0xf81f, 0xf81f, 0xf81f, 0xf81f,
    0xf81f, 0xf81f, 0xf81f, 0xf81f, 0xf81f, 0xf81f, 0xf81f, 0xf81f, 0xf81f, 0xf81f, 0xf81f, 0xf81f,
    0x0000, 0x0000, 0xffff, 0xffff, 0xffff, 0xffff, 0xbe9c, 0xbe9c, 0x8537, 0x8537, 0x8537, 0x0000,
    0xffff, 0xffff, 0xffff, 0xffff, 0xffff, 0xffff, 0xbe9c, 0xffff, 0xffff, 0xffff, 0xffff, 0xffff,
    0xffff, 0xffff, 0xffff, 0xffff, 0xffff, 0xffff, 0xffff, 0xffff, 0xffff, 0xbe9c, 0xbe9c, 0xbe9c,
    0xffff, 0xffff, 0xffff, 0xbe9c, 0x8e19, 0x4452, 0x0000, 0x0000, 0xffff, 0xffff, 0xffff, 0xffff,
    0xffff, 0xffff, 0xffff, 0xffff, 0xffff, 0xffff, 0xffff, 0xffff, 0x6db8, 0x8537, 0x6db8, 0xbe9c,
    0xbe9c, 0xbe9c, 0x0000, 0xf81f, 0xf81f, 0xf81f, 0xf81f, 0xf81f, 0xf81f, 0xf81f, 0xf81f, 0xf81f,
    0xf81f, 0xf81f, 0xf81f, 0xf81f, 0xf81f, 0xf81f, 0xf81f, 0xf81f, 0xf81f, 0xf81f, 0xf81f, 0xf81f,
    0xf81f, 0xf81f, 0xf81f, 0xf81f, 0xf81f, 0xf81f, 0xf81f, 0xf81f, 0xf81f, 0xf81f, 0xf81f, 0xf81f,
    0x0000, 0xffff, 0xffff, 0xffff, 0xffff, 0xffff, 0xbe9c, 0xbe9c, 0x8537, 0x8537, 0x8537, 0x0000,
    0xffff, 0xffff, 0xffff, 0xffff, 0xffff, 0xffff, 0xffff, 0xffff, 0xffff, 0xffff, 0xffff, 0xffff,
    0xffff, 0xffff, 0xffff, 0xffff, 0xffff, 0xffff, 0xffff, 0xffff, 0xffff, 0xffff, 0xffff, 0xffff,
    0xffff, 0xffff, 0xffff, 0xbe9c, 0x4452, 0x4452, 0x0000, 0xffff, 0xffff, 0xffff, 0xffff, 0xffff,
    0xffff, 0xffff, 0xffff, 0xffff, 0xffff, 0xffff, 0xffff, 0xffff, 0x8537, 0x8537, 0x6db8, 0xbe9c,
    0xbe9c, 0x8537, 0x0000, 0xf81f, 0xf81f, 0xf81f, 0xf81f, 0xf81f, 0xf81f, 0xf81f, 0xf81f, 0xf81f,
    0xf81f, 0xf81f, 0xf81f, 0xf81f, 0xf81f, 0xf81f, 0xf81f, 0xf81f, 0xf81f, 0xf81f, 0xf81f, 0xf81f,
    0xf81f, 0xf81f, 0xf81f, 0xf81f, 0xf81f, 0xf81f, 0xf81f, 0xf81f, 0xf81f, 0xf81f, 0xf81f, 0xf81f,
    0x0000, 0xffff, 0xffff, 0xffff, 0xffff, 0xffff, 0xbe9c, 0xbe9c, 0x8537, 0x8537, 0x8537, 0x8537,
    0x0000, 0xffff, 0xffff, 0xffff, 0xffff, 0xffff, 0xffff, 0xffff, 0xffff, 0xffff, 0xffff, 0xffff,
    0xffff, 0xffff, 0xffff, 0xffff, 0xffff, 0xffff, 0xffff, 0xffff, 0xffff, 0xffff, 0xffff, 0xbe9c,
    0xbe9c, 0xffff, 0xffff, 0xbe9c, 0x4452, 0x4452, 0x0000, 0xffff, 0xffff, 0xffff, 0xffff, 0xffff,
    0xffff, 0xffff, 0xffff, 0xffff, 0xffff, 0xffff, 0xffff, 0x8537, 0x8537, 0x8537, 0x6db8, 0xbe9c,
    0xbe9c, 0x8537, 0x0000, 0xf81f, 0xf81f, 0xf81f, 0xf81f, 0xf81f, 0xf81f, 0xf81f, 0xf81f, 0xf81f,
    0xf81f, 0xf81f, 0xf81f, 0xf81f, 0xf81f, 0xf81f, 0xf81f, 0xf81f, 0xf81f, 0xf81f, 0xf81f, 0xf81f,
    0xf81f, 0xf81f, 0xf81f, 0xf81f, 0xf81f, 0xf81f, 0xf81f, 0xf81f, 0xf81f, 0xf81f, 0xf81f, 0xf81f,
    0x0000, 0xffff, 0xffff, 0xffff, 0xffff, 0xffff, 0xbe9c, 0xbe9c, 0x8537, 0x8537, 0x8537, 0x8537,
    0x0000, 0xffff, 0xffff, 0xffff, 0xffff, 0xffff, 0xffff, 0xffff, 0xffff, 0xffff, 0xffff, 0xffff,
    0xffff, 0xffff, 0xffff, 0xffff, 0xffff, 0xffff, 0xffff, 0xffff, 0xffff, 0xffff, 0xffff, 0xbe9c,
    0xbe9c, 0xbe9c, 0xbe9c, 0xffff, 0x4452, 0x4452, 0x0000, 0xffff, 0xffff, 0xffff, 0xffff, 0xffff,
    0xffff, 0xffff, 0xffff, 0xffff, 0xffff, 0xffff, 0xffff, 0x8537, 0x6db8, 0x6db8, 0xbe9c, 0x6db8,
    0x8537, 0x8537, 0x0000, 0xf81f, 0xf81f, 0xf81f, 0xf81f, 0xf81f, 0xf81f, 0xf81f, 0xf81f, 0xf81f,
    0xf81f, 0xf81f, 0xf81f, 0xf81f, 0xf81f, 0xf81f, 0xf81f, 0xf81f, 0xf81f, 0xf81f, 0xf81f, 0xf81f,
    0xf81f, 0xf81f, 0xf81f, 0xf81f, 0xf81f, 0xf81f, 0xf81f, 0xf81f, 0xf81f, 0xf81f, 0xf81f, 0xf81f,
    0x0000, 0xffff, 0xffff, 0xffff, 0xffff, 0xffff, 0xbe9c, 0xbe9c, 0x8537, 0x8537, 0x8537, 0x8537,
    0x0000, 0xffff, 0xffff, 0xffff, 0xffff, 0xffff, 0xffff, 0xffff, 0xffff, 0xffff, 0xffff, 0xffff,
    0xffff, 0xffff, 0xffff, 0xffff, 0xffff, 0xffff, 0xffff, 0xffff, 0xffff, 0xffff, 0xffff, 0xbe9c,
    0xbe9c, 0xbe9c, 0xbe9c, 0xffff, 0x4452, 0x4452, 0x0000, 0xffff, 0xffff, 0xffff, 0xffff, 0xffff,
    0xffff, 0xffff, 0xffff, 0xffff, 0xffff, 0x8537, 0x8537, 0x8537, 0x6db8, 0x6db8, 0x6db8, 0x6db8,
    0x8537, 0x0000, 0x0000, 0xf81f, 0xf81f, 0xf81f, 0xf81f, 0xf81f, 0xf81f, 0xf81f, 0xf81f, 0xf81f,
    0xf81f, 0xf81f, 0xf81f, 0xf81f, 0xf81f, 0xf81f, 0xf81f, 0xf81f, 0xf81f, 0xf81f, 0xf81f, 0xf81f,
    0xf81f, 0xf81f, 0xf81f, 0xf81f, 0xf81f, 0xf81f, 0xf81f, 0xf81f, 0xf81f, 0xf81f, 0xf81f, 0xf81f,
    0x0000, 0xffff, 0xffff, 0xffff, 0xffff, 0xffff, 0xbe9c, 0xbe9c, 0x8537, 0x8537, 0x8537, 0x8537,
    0x0000, 0xffff, 0xffff, 0xffff, 0xffff, 0xffff, 0xffff, 0xffff, 0xffff, 0xffff, 0xffff, 0xffff,
    0xffff, 0xffff, 0x2bb0, 0x2bb0, 0xffff, 0xffff, 0xffff, 0xffff, 0xffff, 0xffff, 0xffff, 0xffff,
    0xffff, 0xffff, 0xffff, 0xbe9c, 0x4452, 0x4452, 0x0000, 0xffff, 0xffff, 0xffff, 0xffff, 0xffff,
    0xffff, 0xffff, 0xffff, 0xffff, 0xffff, 0x8537, 0x8537, 0x8537, 0x6db8, 0x6db8, 0x6db8, 0x6db8,
    0x8537, 0x0000, 0x0000, 0xf81f, 0xf81f, 0xf81f, 0xf81f, 0xf81f, 0xf81f, 0xf81f, 0xf81f, 0xf81f,
    0xf81f, 0xf81f, 0xf81f, 0xf81f, 0xf81f, 0xf81f, 0xf81f, 0xf81f, 0xf81f, 0xf81f, 0xf81f, 0xf81f,
    0xf81f, 0xf81f, 0xf81f, 0xf81f, 0xf81f, 0xf81f, 0xf81f, 0xf81f, 0xf81f, 0xf81f, 0xf81f, 0xf81f,
    0xf81f, 0x0000, 0xffff, 0xffff, 0xffff, 0xffff, 0xbe9c, 0xbe9c, 0x8537, 0x8537, 0x8537, 0x8537,
    0x0000, 0xffff, 0xffff, 0xffff, 0xffff, 0xffff, 0xffff, 0xffff, 0xffff, 0xffff, 0xffff, 0xffff,
    0xffff, 0xffff, 0x2bb0, 0x2bb0, 0xbe9c, 0xffff, 0xffff, 0xffff, 0xffff, 0xffff, 0xffff, 0xffff,
    0xffff, 0xffff, 0xffff, 0xffff, 0x4452, 0x4452, 0x0000, 0xffff, 0xffff, 0xffff, 0xffff, 0xffff,
    0xffff, 0xffff, 0xffff, 0xffff, 0x8537, 0x8537, 0x8537, 0x8537, 0x6db8, 0x6db8, 0x6db8, 0x8537,
    0x8537, 0x0000, 0xf81f, 0xf81f, 0xf81f, 0xf81f, 0xf81f, 0xf81f, 0xf81f, 0xf81f, 0xf81f, 0xf81f,
    0xf81f, 0xf81f, 0xf81f, 0xf81f, 0xf81f, 0xf81f, 0xf81f, 0xf81f, 0xf81f, 0xf81f, 0xf81f, 0xf81f,
    0xf81f, 0xf81f, 0xf81f, 0xf81f, 0xf81f, 0xf81f, 0xf81f, 0xf81f, 0xf81f, 0xf81f, 0xf81f, 0xf81f,
    0xf81f, 0x0000, 0xffff, 0x0000, 0x0000, 0x0000, 0xbe9c, 0xbe9c, 0x8537, 0x8537, 0x8537, 0x8537,
    0x0000, 0x0000, 0xffff, 0xffff, 0xffff, 0xffff, 0xffff, 0xffff, 0xffff, 0xffff, 0xffff, 0xffff,
    0xffff, 0xffff, 0x2bb0, 0x2bb0, 0xbe9c, 0xffff, 0xffff, 0xffff, 0xffff, 0xffff, 0xffff, 0xffff,
    0xffff, 0xffff, 0xffff, 0xffff, 0x4452, 0x4452, 0x0000, 0xffff, 0xffff, 0xffff, 0xffff, 0xffff,
    0xffff, 0xffff, 0xffff, 0xffff, 0x8537, 0x8537, 0x8537, 0x8537, 0x6db8, 0x6db8, 0x8537, 0x8537,
    0x0000, 0xf81f, 0xf81f, 0xf81f, 0xf81f, 0xf81f, 0xf81f, 0xf81f, 0xf81f, 0xf81f, 0xf81f, 0xf81f,
    0xf81f, 0xf81f, 0xf81f, 0xf81f, 0xf81f, 0xf81f, 0xf81f, 0xf81f, 0xf81f, 0xf81f, 0xf81f, 0xf81f,
    0xf81f, 0xf81f, 0xf81f, 0xf81f, 0xf81f, 0xf81f, 0xf81f, 0xf81f, 0xf81f, 0xf81f, 0xf81f, 0xf81f,
    0xf81f, 0x0000, 0x0000, 0x0000, 0x2b10, 0x0000, 0x0000, 0xbe9c, 0x8537, 0x8537, 0x8537, 0x8537,
    0x8537, 0x0000, 0xffff, 0xffff, 0xffff, 0xffff, 0xffff, 0xffff, 0xffff, 0xffff, 0xffff, 0xffff,
    0xffff, 0xffff, 0x2bb0, 0x2bb0, 0x2bb0, 0x2bb0, 0xffff, 0xffff, 0xffff, 0xffff, 0xffff, 0xffff,
    0xffff, 0xffff, 0xffff, 0xffff, 0x4452, 0x4452, 0x0000, 0xffff, 0xffff, 0xffff, 0xffff, 0xffff,
    0xffff, 0xffff, 0xffff, 0x8537, 0x8537, 0x8537, 0x8537, 0x8537, 0x8537, 0x8537, 0x8537, 0x0000,
    0x0000, 0xf81f, 0xf81f, 0xf81f, 0xf81f, 0xf81f, 0xf81f, 0xf81f, 0xf81f, 0xf81f, 0xf81f, 0xf81f,
    0xf81f, 0xf81f, 0xf81f, 0xf81f, 0xf81f, 0xf81f, 0xf81f, 0xf81f, 0xf81f, 0xf81f, 0xf81f, 0xf81f,
    0xf81f, 0xf81f, 0xf81f, 0xf81f, 0xf81f, 0xf81f, 0xf81f, 0xf81f, 0xf81f, 0xf81f, 0xf81f, 0xf81f,
    0xf81f, 0xf81f, 0x0000, 0x0000, 0x2b10, 0x2b10, 0x0000, 0x0000, 0xbe9c, 0x8537, 0x8537, 0x8537,
    0x8537, 0x0000, 0x0000, 0xffff, 0xffff, 0xffff, 0xffff, 0xffff, 0xffff, 0xffff, 0xffff, 0xffff,
    0xffff, 0xffff, 0xbe9c, 0xbe9c, 0x2bb0, 0x2bb0, 0x2bb0, 0xffff, 0xffff, 0xffff, 0xffff, 0xffff,
    0xffff, 0xffff, 0xffff, 0xffff, 0x4452, 0x4452, 0x0000, 0x0000, 0xffff, 0xffff, 0xffff, 0xffff,
    0x0000, 0x0000, 0x0000, 0x8537, 0x8537, 0x8537, 0x8537, 0x8537, 0x8537, 0x8537, 0x8537, 0x0000,
    0xf81f, 0xf81f, 0xf81f, 0xf81f, 0xf81f, 0xf81f, 0xf81f, 0xf81f, 0xf81f, 0xf81f, 0xf81f, 0xf81f,
    0xf81f, 0xf81f, 0xf81f, 0xf81f, 0xf81f, 0xf81f, 0xf81f, 0xf81f, 0xf81f, 0xf81f, 0xf81f, 0xf81f,
    0xf81f, 0xf81f, 0xf81f, 0xf81f, 0xf81f, 0xf81f, 0xf81f, 0xf81f, 0xf81f, 0xf81f, 0xf81f, 0xf81f,
    0xf81f, 0xf81f, 0xf81f, 0x0000, 0x2b10, 0x2b10, 0x7d9a, 0x7d9a, 0x0000, 0xbe9c, 0xbe9c, 0xbe9c,
    0xbe9c, 0xbe9c, 0x0000, 0xffff, 0xffff, 0xffff, 0xffff, 0xffff, 0xffff, 0xffff, 0xffff, 0xffff,
    0xffff, 0xffff, 0xbe9c, 0xbe9c, 0x8537, 0x2bb0, 0x2bb0, 0xffff, 0xffff, 0xffff, 0xffff, 0xffff,
    0xffff, 0xffff, 0xffff, 0xffff, 0x2bb0, 0x4452, 0x22cc, 0x0000, 0xffff, 0xffff, 0xffff, 0x0000,
    0x2b10, 0x2b10, 0x0000, 0x0000, 0x0000, 0x8537, 0x8537, 0x0000, 0x8537, 0x0000, 0x0000, 0x0000,
    0xf81f, 0xf81f, 0xf81f, 0xf81f, 0xf81f, 0xf81f, 0xf81f, 0xf81f, 0xf81f, 0xf81f, 0xf81f, 0xf81f,
    0xf81f, 0xf81f, 0xf81f, 0xf81f, 0xf81f, 0xf81f, 0xf81f, 0xf81f, 0xf81f, 0xf81f, 0xf81f, 0xf81f,
    0xf81f, 0xf81f, 0xf81f, 0xf81f, 0xf81f, 0xf81f, 0xf81f, 0xf81f, 0xf81f, 0xf81f, 0xf81f, 0xf81f,
    0xf81f, 0xf81f, 0xf81f, 0x0000, 0x2b10, 0x2b10, 0x7d9a, 0x7d9a, 0x1168, 0x0000, 0xbe9c, 0xbe9c,
    0xbe9c, 0xbe9c, 0x0000, 0xffff, 0xffff, 0xffff, 0xffff, 0xffff, 0xffff, 0xffff, 0xffff, 0xffff,
    0xffff, 0xffff, 0xbe9c, 0xbe9c, 0x2bb0, 0x2bb0, 0x0000, 0x0000, 0xffff, 0xffff, 0xffff, 0xffff,
    0xffff, 0xffff, 0xffff, 0xffff, 0x2bb0, 0x2bb0, 0x4452, 0x0000, 0xffff, 0xffff, 0xffff, 0x0000,
    0x4c56, 0x4c56, 0x2b10, 0x2b10, 0x0000, 0x0000, 0x0000, 0x0000, 0x2b10, 0x2b10, 0x2b10, 0x0000,
    0x0000, 0xf81f, 0xf81f, 0xf81f, 0xf81f, 0xf81f, 0xf81f, 0xf81f, 0xf81f, 0xf81f, 0xf81f, 0xf81f,
    0xf81f, 0xf81f, 0xf81f, 0xf81f, 0xf81f, 0xf81f, 0xf81f, 0xf81f, 0xf81f, 0xf81f, 0xf81f, 0xf81f,
    0xf81f, 0xf81f, 0xf81f, 0xf81f, 0xf81f, 0xf81f, 0xf81f, 0xf81f, 0xf81f, 0xf81f, 0xf81f, 0xf81f,
    0xf81f, 0xf81f, 0xf81f, 0x0000, 0x0000, 0x2b10, 0x7d9a, 0x0000, 0x1168, 0x1168, 0x0000, 0x0000,
    0xbe9c, 0xbe9c, 0x0000, 0xffff, 0xffff, 0xffff, 0xffff, 0xffff, 0xffff, 0xffff, 0xffff, 0xffff,
    0xffff, 0xffff, 0xbe9c, 0xbe9c, 0x8537, 0x2bb0, 0x2bb0, 0x0000, 0xffff, 0xffff, 0xffff, 0xffff,
    0xffff, 0xffff, 0xffff, 0xffff, 0x2bb0, 0x2bb0, 0x4452, 0x0000, 0x0000, 0xffff, 0xffff, 0x0000,
    0x4c56, 0x4c56, 0x2b10, 0x2b10, 0x2b10, 0x2b10, 0x0000, 0x0000, 0x2b10, 0x2b10, 0x2b10, 0x0000,
    0x0000, 0xf81f, 0xf81f, 0xf81f, 0xf81f, 0xf81f, 0xf81f, 0xf81f, 0xf81f, 0xf81f, 0xf81f, 0xf81f,
    0xf81f, 0xf81f, 0xf81f, 0xf81f, 0xf81f, 0xf81f, 0xf81f, 0xf81f, 0xf81f, 0xf81f, 0xf81f, 0xf81f,
    0xf81f, 0xf81f, 0xf81f, 0xf81f, 0xf81f, 0xf81f, 0xf81f, 0xf81f, 0xf81f, 0xf81f, 0xf81f, 0xf81f,
    0xf81f, 0xf81f, 0xf81f, 0xf81f, 0x0000, 0x2b10, 0x7d9a, 0x0000, 0x1168, 0x1168, 0x1168, 0x1168,
    0x0000, 0x0000, 0x0000, 0xffff, 0xffff, 0xffff, 0xffff, 0xffff, 0xffff, 0xffff, 0xffff, 0xffff,
    0xffff, 0xffff, 0xbe9c, 0xbe9c, 0x8537, 0x2bb0, 0x2bb0, 0x0000, 0x0000, 0xffff, 0xffff, 0xffff,
    0xffff, 0xffff, 0xffff, 0xffff, 0x2bb0, 0x2bb0, 0x4452, 0x0000, 0x0000, 0x0000, 0xffff, 0x0000,
    0x4c56, 0x4c56, 0x2b10, 0x2b10, 0x2b10, 0x2b10, 0x2b10, 0x2b10, 0x2b10, 0x2b10, 0x2b10, 0x2b10,
    0x0000, 0xf81f, 0xf81f, 0xf81f, 0xf81f, 0xf81f, 0xf81f, 0xf81f, 0xf81f, 0xf81f, 0xf81f, 0xf81f,
    0xf81f, 0xf81f, 0xf81f, 0xf81f, 0xf81f, 0xf81f, 0xf81f, 0xf81f, 0xf81f, 0xf81f, 0xf81f, 0xf81f,
    0xf81f, 0xf81f, 0xf81f, 0xf81f, 0xf81f, 0xf81f, 0xf81f, 0xf81f, 0xf81f, 0xf81f, 0xf81f, 0xf81f,
    0xf81f, 0xf81f, 0xf81f, 0xf81f, 0x0000, 0x2b10, 0x7d9a, 0x0000, 0x1168, 0x1168, 0x1168, 0x1168,
    0x1168, 0x1168, 0x0000, 0xffff, 0xffff, 0xffff, 0xffff, 0xffff, 0xffff, 0xffff, 0xffff, 0xffff,
    0xffff, 0xffff, 0xbe9c, 0xbe9c, 0x8537, 0x8537, 0x2bb0, 0x0000, 0x0000, 0x0000, 0xffff, 0xffff,
    0xffff, 0xffff, 0xffff, 0xffff, 0x2bb0, 0x2bb0, 0x2bb0, 0x0000, 0x1168, 0x0000, 0x0000, 0x0000,
    0x4c56, 0x4c56, 0x2b10, 0x2b10, 0x2b10, 0x2b10, 0x2b10, 0x2b10, 0x2b10, 0x2b10, 0x4c56, 0x2b10,
    0x0000, 0xf81f, 0xf81f, 0xf81f, 0xf81f, 0xf81f, 0xf81f, 0xf81f, 0xf81f, 0xf81f, 0xf81f, 0xf81f,
    0xf81f, 0xf81f, 0xf81f, 0xf81f, 0xf81f, 0xf81f, 0xf81f, 0xf81f, 0xf81f, 0xf81f, 0xf81f, 0xf81f,
    0xf81f, 0xf81f, 0xf81f, 0xf81f, 0xf81f, 0xf81f, 0xf81f, 0xf81f, 0xf81f, 0xf81f, 0xf81f, 0xf81f,
    0xf81f, 0xf81f, 0xf81f, 0xf81f, 0x0000, 0x7d9a, 0x7d9a, 0x0000, 0x1168, 0x1168, 0x0000, 0x1168,
    0x1168, 0x1168, 0x0000, 0xffff, 0xffff, 0xffff, 0xffff, 0xffff, 0xffff, 0xffff, 0xffff, 0xffff,
    0xffff, 0xffff, 0xbe9c, 0xbe9c, 0x8537, 0x8537, 0x2bb0, 0x0000, 0xf81f, 0x0000, 0xffff, 0xffff,
    0xffff, 0xffff, 0xffff, 0xffff, 0xffff, 0x2bb0, 0x2bb0, 0x0000, 0x1168, 0x1168, 0x0000, 0x0000,
    0x4c56, 0x4c56, 0x4c56, 0x4c56, 0x2b10, 0x4c56, 0x4c56, 0x4c56, 0x4c56, 0x4c56, 0x4c56, 0x4c56,
    0x0000, 0xf81f, 0xf81f, 0xf81f, 0xf81f, 0xf81f, 0xf81f, 0xf81f, 0xf81f, 0xf81f, 0xf81f, 0xf81f,
    0xf81f, 0xf81f, 0xf81f, 0xf81f, 0xf81f, 0xf81f, 0xf81f, 0xf81f, 0xf81f, 0xf81f, 0xf81f, 0xf81f,
    0xf81f, 0xf81f, 0xf81f, 0xf81f, 0xf81f, 0xf81f, 0xf81f, 0xf81f, 0xf81f, 0xf81f, 0xf81f, 0xf81f,
    0xf81f, 0xf81f, 0xf81f, 0xf81f, 0x0000, 0x2b10, 0x2b10, 0x0000, 0x1168, 0x1168, 0x0000, 0x1168,
    0x1168, 0x1168, 0x0000, 0xffff, 0xffff, 0xffff, 0xffff, 0xffff, 0xffff, 0xffff, 0xffff, 0xffff,
    0xffff, 0xffff, 0xbe9c, 0xbe9c, 0x8537, 0x8537, 0x2bb0, 0x0000, 0xf81f, 0x0000, 0xffff, 0xffff,
    0xffff, 0xffff, 0xffff, 0xffff, 0xffff, 0x2bb0, 0x2bb0, 0x0000, 0x1168, 0x1168, 0x1168, 0x0000,
    0x4c56, 0x4c56, 0x4c56, 0x4c56, 0x4c56, 0x4c56, 0x0000, 0x4c56, 0x4c56, 0x0000, 0x4c56, 0x0000,
    0xf81f, 0xf81f, 0xf81f, 0xf81f, 0xf81f, 0xf81f, 0xf81f, 0xf81f, 0xf81f, 0xf81f, 0xf81f, 0xf81f,
    0xf81f, 0xf81f, 0xf81f, 0xf81f, 0xf81f, 0xf81f, 0xf81f, 0xf81f, 0xf81f, 0xf81f, 0xf81f, 0xf81f,
    0xf81f, 0xf81f, 0xf81f, 0xf81f, 0xf81f, 0xf81f, 0xf81f, 0xf81f, 0xf81f, 0xf81f, 0xf81f, 0xf81f,
    0xf81f, 0xf81f, 0xf81f, 0xf81f, 0xf81f, 0x0000, 0x0000, 0x0000, 0x1168, 0x1168, 0x0000, 0x1168,
    0x1168, 0x1168, 0x0000, 0xffff, 0xbe9c, 0xffff, 0xffff, 0xffff, 0xffff, 0xffff, 0xffff, 0xffff,
    0xffff, 0xffff, 0xbe9c, 0xbe9c, 0x8537, 0x8537, 0x2bb0, 0x0000, 0xf81f, 0x0000, 0xffff, 0xffff,
    0xffff, 0xffff, 0xffff, 0xffff, 0xffff, 0x8e19, 0x2bb0, 0x0000, 0x0000, 0x1168, 0x1168, 0x0000,
    0x4c56, 0x4c56, 0x4c56, 0x0000, 0x4c56, 0x4c56, 0x0000, 0x4c56, 0x4c56, 0x0000, 0x4c56, 0x0000,
    0xf81f, 0xf81f, 0xf81f, 0xf81f, 0xf81f, 0xf81f, 0xf81f, 0xf81f, 0xf81f, 0xf81f, 0xf81f, 0xf81f,
    0xf81f, 0xf81f, 0xf81f, 0xf81f, 0xf81f, 0xf81f, 0xf81f, 0xf81f, 0xf81f, 0xf81f, 0xf81f, 0xf81f,
    0xf81f, 0xf81f, 0xf81f, 0xf81f, 0xf81f, 0xf81f, 0xf81f, 0xf81f, 0xf81f, 0xf81f, 0xf81f, 0xf81f,
    0xf81f, 0xf81f, 0xf81f, 0xf81f, 0xf81f, 0xf81f, 0xf81f, 0x0000, 0x0000, 0x1168, 0x0000, 0x1168,
    0x1168, 0x1168, 0x0000, 0xffff, 0xbe9c, 0xbe9c, 0xbe9c, 0xbe9c, 0xbe9c, 0xffff, 0xffff, 0xffff,
    0xffff, 0xffff, 0xbe9c, 0xbe9c, 0x8537, 0x8537, 0x2bb0, 0x0000, 0xf81f, 0x0000, 0xffff, 0xffff,
    0xffff, 0xffff, 0xffff, 0xffff, 0xffff, 0xffff, 0x2bb0, 0x2bb0, 0x2bb0, 0x0000, 0x0000, 0x0000,
    0x4c56, 0x4c56, 0x4c56, 0x0000, 0x4c56, 0x4c56, 0x0000, 0x4c56, 0x4c56, 0x0000, 0x4c56, 0x0000,
    0xf81f, 0xf81f, 0xf81f, 0xf81f, 0xf81f, 0xf81f, 0xf81f, 0xf81f, 0xf81f, 0xf81f, 0xf81f, 0xf81f,
    0xf81f, 0xf81f, 0xf81f, 0xf81f, 0xf81f, 0xf81f, 0xf81f, 0xf81f, 0xf81f, 0xf81f, 0xf81f, 0xf81f,
    0xf81f, 0xf81f, 0xf81f, 0xf81f, 0xf81f, 0xf81f, 0xf81f, 0xf81f, 0xf81f, 0xf81f, 0xf81f, 0xf81f,
    0xf81f, 0xf81f, 0xf81f, 0xf81f, 0xf81f, 0xf81f, 0xf81f, 0xf81f, 0x0000, 0x1168, 0x0000, 0x1168,
    0x1168, 0x0000, 0x0000, 0xffff, 0xbe9c, 0xbe9c, 0xbe9c, 0xbe9c, 0xbe9c, 0xffff, 0xffff, 0xffff,
    0xffff, 0xffff, 0xbe9c, 0xbe9c, 0x8537, 0x8537, 0x8537, 0x0000, 0xf81f, 0x0000, 0xffff, 0xffff,
    0xffff, 0xffff, 0xffff, 0xffff, 0xffff, 0xffff, 0x8e19, 0x2bb0, 0x2bb0, 0x2bb0, 0x2bb0, 0x0000,
    0x4c56, 0x4c56, 0x4c56, 0x0000, 0x4c56, 0x4c56, 0x0000, 0x4c56, 0x4c56, 0x0000, 0x0000, 0x0000,
    0xf81f, 0xf81f, 0xf81f, 0xf81f, 0xf81f, 0xf81f, 0xf81f, 0xf81f, 0xf81f, 0xf81f, 0xf81f, 0xf81f,
    0xf81f, 0xf81f, 0xf81f, 0xf81f, 0xf81f, 0xf81f, 0xf81f, 0xf81f, 0xf81f, 0xf81f, 0xf81f, 0xf81f,
    0xf81f, 0xf81f, 0xf81f, 0xf81f, 0xf81f, 0xf81f, 0xf81f, 0xf81f, 0xf81f, 0xf81f, 0xf81f, 0xf81f,
    0xf81f, 0xf81f, 0xf81f, 0xf81f, 0xf81f, 0xf81f, 0xf81f, 0xf81f, 0x0000, 0x0000, 0x0000, 0x0000,
    0x0000, 0x0000, 0x0000, 0xffff, 0xffff, 0xbe9c, 0xbe9c, 0xbe9c, 0xbe9c, 0xffff, 0xffff, 0xffff,
    0xffff, 0xffff, 0xbe9c, 0xbe9c, 0x8537, 0x8537, 0x8537, 0x0000, 0xf81f, 0x0000, 0xffff, 0xffff,
    0xffff, 0xbe9c, 0xffff, 0xffff, 0xffff, 0xffff, 0xffff, 0x8e19, 0x2bb0, 0x2bb0, 0x2bb0, 0x0000,
    0x0000, 0x0000, 0x0000, 0x0000, 0x0000, 0x0000, 0x0000, 0x0000, 0x0000, 0x0000, 0xf81f, 0xf81f,
    0xf81f, 0xf81f, 0xf81f, 0xf81f, 0xf81f, 0xf81f, 0xf81f, 0xf81f, 0xf81f, 0xf81f, 0xf81f, 0xf81f,
    0xf81f, 0xf81f, 0xf81f, 0xf81f, 0xf81f, 0xf81f, 0xf81f, 0xf81f, 0xf81f, 0xf81f, 0xf81f, 0xf81f,
    0xf81f, 0xf81f, 0xf81f, 0xf81f, 0xf81f, 0xf81f, 0xf81f, 0xf81f, 0xf81f, 0xf81f, 0xf81f, 0xf81f,
    0xf81f, 0xf81f, 0xf81f, 0xf81f, 0xf81f, 0xf81f, 0xf81f, 0xf81f, 0xf81f, 0xf81f, 0xf81f, 0xf81f,
    0xf81f, 0xf81f, 0x0000, 0xffff, 0xffff, 0xbe9c, 0xffff, 0xffff, 0xffff, 0xffff, 0xffff, 0xffff,
    0xffff, 0xffff, 0xbe9c, 0xbe9c, 0x8537, 0x8537, 0x8537, 0x0000, 0xf81f, 0x0000, 0xffff, 0xffff,
    0xffff, 0xbe9c, 0xbe9c, 0xbe9c, 0xbe9c, 0xbe9c, 0xffff, 0x8e19, 0x8e19, 0x8e19, 0x2bb0, 0x2bb0,
    0x2bb0, 0x2bb0, 0x2bb0, 0x2bb0, 0x2bb0, 0x0000, 0xf81f, 0xf81f, 0xf81f, 0xf81f, 0xf81f, 0xf81f,
    0xf81f, 0xf81f, 0xf81f, 0xf81f, 0xf81f, 0xf81f, 0xf81f, 0xf81f, 0xf81f, 0xf81f, 0xf81f, 0xf81f,
    0xf81f, 0xf81f, 0xf81f, 0xf81f, 0xf81f, 0xf81f, 0xf81f, 0xf81f, 0xf81f, 0xf81f, 0xf81f, 0xf81f,
    0xf81f, 0xf81f, 0xf81f, 0xf81f, 0xf81f, 0xf81f, 0xf81f, 0xf81f, 0xf81f, 0xf81f, 0xf81f, 0xf81f,
    0xf81f, 0xf81f, 0xf81f, 0xf81f, 0xf81f, 0xf81f, 0xf81f, 0xf81f, 0xf81f, 0xf81f, 0xf81f, 0xf81f,
    0xf81f, 0xf81f, 0x0000, 0xffff, 0xffff, 0xffff, 0xffff, 0xffff, 0xffff, 0xffff, 0xffff, 0xffff,
    0xffff, 0xffff, 0xbe9c, 0xbe9c, 0x8537, 0x8537, 0x8537, 0x0000, 0xf81f, 0x0000, 0xffff, 0xffff,
    0xffff, 0xbe9c, 0xbe9c, 0xbe9c, 0xbe9c, 0xbe9c, 0xffff, 0xffff, 0x8e19, 0x8e19, 0x8e19, 0x22cc,
    0x2bb0, 0x2bb0, 0x2bb0, 0x22cc, 0x22cc, 0x0000, 0xf81f, 0xf81f, 0xf81f, 0xf81f, 0xf81f, 0xf81f,
    0xf81f, 0xf81f, 0xf81f, 0xf81f, 0xf81f, 0xf81f, 0xf81f, 0xf81f, 0xf81f, 0xf81f, 0xf81f, 0xf81f,
    0xf81f, 0xf81f, 0xf81f, 0xf81f, 0xf81f, 0xf81f, 0xf81f, 0xf81f, 0xf81f, 0xf81f, 0xf81f, 0xf81f,
    0xf81f, 0xf81f, 0xf81f, 0xf81f, 0xf81f, 0xf81f, 0xf81f, 0xf81f, 0xf81f, 0xf81f, 0xf81f, 0xf81f,
    0xf81f, 0xf81f, 0xf81f, 0xf81f, 0xf81f, 0xf81f, 0xf81f, 0xf81f, 0xf81f, 0xf81f, 0xf81f, 0xf81f,
    0xf81f, 0xf81f, 0x0000, 0xffff, 0xffff, 0xffff, 0xffff, 0xffff, 0xffff, 0xffff, 0xffff, 0xffff,
    0xffff, 0xffff, 0xbe9c, 0xbe9c, 0x8537, 0x8537, 0x8537, 0x0000, 0xf81f, 0x0000, 0xffff, 0xffff,
    0xffff, 0xffff, 0xffff, 0xffff, 0xffff, 0xffff, 0xffff, 0xffff, 0xffff, 0xffff, 0x8e19, 0x8e19,
    0x8e19, 0x8e19, 0x8e19, 0xffff, 0xffff, 0x0000, 0xf81f, 0xf81f, 0xf81f, 0xf81f, 0xf81f, 0xf81f,
    0xf81f, 0xf81f, 0xf81f, 0xf81f, 0xf81f, 0xf81f, 0xf81f, 0xf81f, 0xf81f, 0xf81f, 0xf81f, 0xf81f,
    0xf81f, 0xf81f, 0xf81f, 0xf81f, 0xf81f, 0xf81f, 0xf81f, 0xf81f, 0xf81f, 0xf81f, 0xf81f, 0xf81f,
    0xf81f, 0xf81f, 0xf81f, 0xf81f, 0xf81f, 0xf81f, 0xf81f, 0xf81f, 0xf81f, 0xf81f, 0xf81f, 0xf81f,
    0xf81f, 0xf81f, 0xf81f, 0xf81f, 0xf81f, 0xf81f, 0xf81f, 0xf81f, 0xf81f, 0xf81f, 0xf81f, 0xf81f,
    0xf81f, 0xf81f, 0x0000, 0xffff, 0xffff, 0xffff, 0xffff, 0xffff, 0xffff, 0xffff, 0xffff, 0xffff,
    0xffff, 0xffff, 0xbe9c, 0xbe9c, 0x8537, 0x8537, 0x8537, 0x0000, 0xf81f, 0x0000, 0xffff, 0xffff,
    0xffff, 0xffff, 0xffff, 0xffff, 0xffff, 0xffff, 0xffff, 0xffff, 0xffff, 0xffff, 0xffff, 0xffff,
    0xffff, 0xffff, 0xffff, 0xffff, 0xffff, 0x0000, 0xf81f, 0xf81f, 0xf81f, 0xf81f, 0xf81f, 0xf81f,
    0xf81f, 0xf81f, 0xf81f, 0xf81f, 0xf81f, 0xf81f, 0xf81f, 0xf81f, 0xf81f, 0xf81f, 0xf81f, 0xf81f,
    0xf81f, 0xf81f, 0xf81f, 0xf81f, 0xf81f, 0xf81f, 0xf81f, 0xf81f, 0xf81f, 0xf81f, 0xf81f, 0xf81f,
    0xf81f, 0xf81f, 0xf81f, 0xf81f, 0xf81f, 0xf81f, 0xf81f, 0xf81f, 0xf81f, 0xf81f, 0xf81f, 0xf81f,
    0xf81f, 0xf81f, 0xf81f, 0xf81f, 0xf81f, 0xf81f, 0xf81f, 0xf81f, 0xf81f, 0xf81f, 0xf81f, 0xf81f,
    0xf81f, 0xf81f, 0x0000, 0xffff, 0xffff, 0xbe9c, 0xffff, 0xffff, 0xffff, 0xffff, 0xffff, 0xffff,
    0xffff, 0xffff, 0xbe9c, 0xbe9c, 0x8537, 0x8537, 0x8537, 0x0000, 0xf81f, 0x0000, 0xffff, 0xffff,
    0xffff, 0xffff, 0xffff, 0xffff, 0xffff, 0xffff, 0xffff, 0xffff, 0xffff, 0xffff, 0xffff, 0xffff,
    0xffff, 0xffff, 0xffff, 0xffff, 0xffff, 0x0000, 0xf81f, 0xf81f, 0xf81f, 0xf81f, 0xf81f, 0xf81f,
    0xf81f, 0xf81f, 0xf81f, 0xf81f, 0xf81f, 0xf81f, 0xf81f, 0xf81f, 0xf81f, 0xf81f, 0xf81f, 0xf81f,
    0xf81f, 0xf81f, 0xf81f, 0xf81f, 0xf81f, 0xf81f, 0xf81f, 0xf81f, 0xf81f, 0xf81f, 0xf81f, 0xf81f,
    0xf81f, 0xf81f, 0xf81f, 0xf81f, 0xf81f, 0xf81f, 0xf81f, 0xf81f, 0xf81f, 0xf81f, 0xf81f, 0xf81f,
    0xf81f, 0xf81f, 0xf81f, 0xf81f, 0xf81f, 0xf81f, 0xf81f, 0xf81f, 0xf81f, 0xf81f, 0xf81f, 0xf81f,
    0xf81f, 0xf81f, 0x0000, 0xffff, 0xffff, 0xbe9c, 0xbe9c, 0xbe9c, 0xffff, 0xbe9c, 0xffff, 0xffff,
    0xffff, 0xffff, 0xbe9c, 0xbe9c, 0x8537, 0x8537, 0x8537, 0x0000, 0xf81f, 0x0000, 0xffff, 0xffff,
    0xffff, 0xffff, 0xffff, 0xffff, 0xffff, 0xffff, 0xffff, 0xffff, 0xffff, 0xffff, 0xbe9c, 0xbe9c,
    0xbe9c, 0xffff, 0xbe9c, 0xbe9c, 0xffff, 0x0000, 0xf81f, 0xf81f, 0xf81f, 0xf81f, 0xf81f, 0xf81f,
    0xf81f, 0xf81f, 0xf81f, 0xf81f, 0xf81f, 0xf81f, 0xf81f, 0xf81f, 0xf81f, 0xf81f, 0xf81f, 0xf81f,
    0xf81f, 0xf81f, 0xf81f, 0xf81f, 0xf81f, 0xf81f, 0xf81f, 0xf81f, 0xf81f, 0xf81f, 0xf81f, 0xf81f,
    0xf81f, 0xf81f, 0xf81f, 0xf81f, 0xf81f, 0xf81f, 0xf81f, 0xf81f, 0xf81f, 0xf81f, 0xf81f, 0xf81f,
    0xf81f, 0xf81f, 0xf81f, 0xf81f, 0xf81f, 0xf81f, 0xf81f, 0xf81f, 0xf81f, 0xf81f, 0xf81f, 0xf81f,
    0xf81f, 0xf81f, 0x0000, 0xffff, 0xffff, 0xbe9c, 0xbe9c, 0xbe9c, 0xbe9c, 0xffff, 0xffff, 0xffff,
    0xffff, 0xbe9c, 0xbe9c, 0x8537, 0x8537, 0x8537, 0x8537, 0x0000, 0xf81f, 0x0000, 0xffff, 0xffff,
    0xffff, 0xffff, 0xffff, 0xffff, 0xffff, 0xffff, 0xffff, 0xffff, 0xffff, 0xffff, 0xffff, 0xbe9c,
    0xbe9c, 0xbe9c, 0xbe9c, 0xbe9c, 0xffff, 0x0000, 0xf81f, 0xf81f, 0xf81f, 0xf81f, 0xf81f, 0xf81f,
    0xf81f, 0xf81f, 0xf81f, 0xf81f, 0xf81f, 0xf81f, 0xf81f, 0xf81f, 0xf81f, 0xf81f, 0xf81f, 0xf81f,
    0xf81f, 0xf81f, 0xf81f, 0xf81f, 0xf81f, 0xf81f, 0xf81f, 0xf81f, 0xf81f, 0xf81f, 0xf81f, 0xf81f,
    0xf81f, 0xf81f, 0xf81f, 0xf81f, 0xf81f, 0xf81f, 0xf81f, 0xf81f, 0xf81f, 0xf81f, 0xf81f, 0xf81f,
    0xf81f, 0xf81f, 0xf81f, 0xf81f, 0xf81f, 0xf81f, 0xf81f, 0xf81f, 0xf81f, 0xf81f, 0xf81f, 0xf81f,
    0xf81f, 0xf81f, 0x0000, 0xffff, 0xffff, 0xffff, 0xffff, 0xffff, 0xffff, 0xffff, 0xffff, 0xffff,
    0xffff, 0xbe9c, 0xbe9c, 0x8537, 0x8537, 0x8537, 0x8537, 0x0000, 0xf81f, 0x0000, 0xffff, 0xffff,
    0x0000, 0x0000, 0xffff, 0xffff, 0xffff, 0xffff, 0xffff, 0xffff, 0xffff, 0xffff, 0xffff, 0xffff,
    0xffff, 0xffff, 0xffff, 0xffff, 0xffff, 0x0000, 0xf81f, 0xf81f, 0xf81f, 0xf81f, 0xf81f, 0xf81f,
    0xf81f, 0xf81f, 0xf81f, 0xf81f, 0xf81f, 0xf81f, 0xf81f, 0xf81f, 0xf81f, 0xf81f, 0xf81f, 0xf81f,
    0xf81f, 0xf81f, 0xf81f, 0xf81f, 0xf81f, 0xf81f, 0xf81f, 0xf81f, 0xf81f, 0xf81f, 0xf81f, 0xf81f,
    0xf81f, 0xf81f, 0xf81f, 0xf81f, 0xf81f, 0xf81f, 0xf81f, 0xf81f, 0xf81f, 0xf81f, 0xf81f, 0xf81f,
    0xf81f, 0xf81f, 0xf81f, 0xf81f, 0xf81f, 0xf81f, 0xf81f, 0xf81f, 0xf81f, 0xf81f, 0xf81f, 0xf81f,
    0xf81f, 0x0000, 0x0000, 0xffff, 0xffff, 0xffff, 0xffff, 0xffff, 0xffff, 0xffff, 0x0000, 0xffff,
    0xbe9c, 0xbe9c, 0x8537, 0x8537, 0x8537, 0x8537, 0x8537, 0x0000, 0xf81f, 0x0000, 0xffff, 0xffff,
    0x0000, 0x0000, 0xffff, 0xffff, 0xffff, 0xffff, 0xffff, 0xffff, 0xffff, 0x0000, 0xffff, 0xffff,
    0xffff, 0xffff, 0xffff, 0xffff, 0xffff, 0x0000, 0xf81f, 0xf81f, 0xf81f, 0xf81f, 0xf81f, 0xf81f,
    0xf81f, 0xf81f, 0xf81f, 0xf81f, 0xf81f, 0xf81f, 0xf81f, 0xf81f, 0xf81f, 0xf81f, 0xf81f, 0xf81f,
    0xf81f, 0xf81f, 0xf81f, 0xf81f, 0xf81f, 0xf81f, 0xf81f, 0xf81f, 0xf81f, 0xf81f, 0xf81f, 0xf81f,
    0xf81f, 0xf81f, 0xf81f, 0xf81f, 0xf81f, 0xf81f, 0xf81f, 0xf81f, 0xf81f, 0xf81f, 0xf81f, 0xf81f,
    0xf81f, 0xf81f, 0xf81f, 0xf81f, 0xf81f, 0xf81f, 0xf81f, 0xf81f, 0xf81f, 0xf81f, 0xf81f, 0xf81f,
    0xf81f, 0x0000, 0xffff, 0xffff, 0xffff, 0xffff, 0xffff, 0xffff, 0x0000, 0x0000, 0x0000, 0x0000,
    0xbe9c, 0xbe9c, 0x8537, 0x8537, 0x8537, 0x8537, 0x8537, 0x0000, 0xf81f, 0x0000, 0xffff, 0x0000,
    0x0000, 0x0000, 0xffff, 0xffff, 0xffff, 0xffff, 0xffff, 0xffff, 0xffff, 0x0000, 0x0000, 0xffff,
    0xffff, 0xffff, 0xffff, 0xffff, 0xffff, 0x0000, 0xf81f, 0xf81f, 0xf81f, 0xf81f, 0xf81f, 0xf81f,
    0xf81f, 0xf81f, 0xf81f, 0xf81f, 0xf81f, 0xf81f, 0xf81f, 0xf81f, 0xf81f, 0xf81f, 0xf81f, 0xf81f,
    0xf81f, 0xf81f, 0xf81f, 0xf81f, 0xf81f, 0xf81f, 0xf81f, 0xf81f, 0xf81f, 0xf81f, 0xf81f, 0xf81f,
    0xf81f, 0xf81f, 0xf81f, 0xf81f, 0xf81f, 0xf81f, 0xf81f, 0xf81f, 0xf81f, 0xf81f, 0xf81f, 0xf81f,
    0xf81f, 0xf81f, 0xf81f, 0xf81f, 0xf81f, 0xf81f, 0xf81f, 0xf81f, 0xf81f, 0xf81f, 0xf81f, 0xf81f,
    0xf81f, 0x0000, 0xffff, 0xffff, 0xffff, 0xffff, 0xffff, 0x0000, 0x0000, 0x1168, 0x1168, 0x0000,
    0xbe9c, 0xbe9c, 0xbe9c, 0x0000, 0x0000, 0x8537, 0x8537, 0x0000, 0xf81f, 0x0000, 0x0000, 0x0000,
    0x2b10, 0x0000, 0xffff, 0xffff, 0xffff, 0x0000, 0x0000, 0x0000, 0xffff, 0x0000, 0x2b10, 0x0000,
    0xffff, 0xffff, 0xffff, 0xffff, 0xffff, 0x0000, 0xf81f, 0xf81f, 0xf81f, 0xf81f, 0xf81f, 0xf81f,
    0xf81f, 0xf81f, 0xf81f, 0xf81f, 0xf81f, 0xf81f, 0xf81f, 0xf81f, 0xf81f, 0xf81f, 0xf81f, 0xf81f,
    0xf81f, 0xf81f, 0xf81f, 0xf81f, 0xf81f, 0xf81f, 0xf81f, 0xf81f, 0xf81f, 0xf81f, 0xf81f, 0xf81f,
    0xf81f, 0xf81f, 0xf81f, 0xf81f, 0xf81f, 0xf81f, 0xf81f, 0xf81f, 0xf81f, 0xf81f, 0xf81f, 0xf81f,
    0xf81f, 0xf81f, 0xf81f, 0xf81f, 0xf81f, 0xf81f, 0xf81f, 0xf81f, 0xf81f, 0xf81f, 0xf81f, 0xf81f,
    0x0000, 0x0000, 0x0000, 0x0000, 0x0000, 0x0000, 0x1168, 0x1168, 0x1168, 0x2b10, 0x1168, 0x0000,
    0x0000, 0xbe9c, 0x0000, 0x1a2c, 0x1a2c, 0x0000, 0x8537, 0x0000, 0xf81f, 0x0000, 0x0000, 0x2b10,
    0x2b10, 0x0000, 0xffff, 0xffff, 0x0000, 0x0000, 0x2b10, 0x0000, 0x0000, 0x0000, 0x2b10, 0x0000,
    0x0000, 0x0000, 0x0000, 0x0000, 0x0000, 0x0000, 0xf81f, 0xf81f, 0xf81f, 0xf81f, 0xf81f, 0xf81f,
    0xf81f, 0xf81f, 0xf81f, 0xf81f, 0xf81f, 0xf81f, 0xf81f, 0xf81f, 0xf81f, 0xf81f, 0xf81f, 0xf81f,
    0xf81f, 0xf81f, 0xf81f, 0xf81f, 0xf81f, 0xf81f, 0xf81f, 0xf81f, 0xf81f, 0xf81f, 0xf81f, 0xf81f,
    0xf81f, 0xf81f, 0xf81f, 0xf81f, 0xf81f, 0xf81f, 0xf81f, 0xf81f, 0xf81f, 0xf81f, 0xf81f, 0xf81f,
    0xf81f, 0xf81f, 0xf81f, 0xf81f, 0xf81f, 0xf81f, 0xf81f, 0xf81f, 0xf81f, 0xf81f, 0xf81f, 0xf81f,
    0x0000, 0x2b10, 0x2b10, 0x2b10, 0x1168, 0x1168, 0x1168, 0x2b10, 0x2b10, 0x2b10, 0x2b10, 0x1168,
    0x1168, 0x0000, 0x0000, 0x4c56, 0x1a2c, 0x0000, 0x0000, 0x0000, 0xf81f, 0x0000, 0x0000, 0x2b10,
    0x2b10, 0x0000, 0x0000, 0x0000, 0x0000, 0x2b10, 0x2b10, 0x2b10, 0x2b10, 0x2b10, 0x2b10, 0x1168,
    0x2b10, 0x2b10, 0x2b10, 0x2b10, 0x2b10, 0x0000, 0x0000, 0xf81f, 0xf81f, 0xf81f, 0xf81f, 0xf81f,
    0xf81f, 0xf81f, 0xf81f, 0xf81f, 0xf81f, 0xf81f, 0xf81f, 0xf81f, 0xf81f, 0xf81f, 0xf81f, 0xf81f,
    0xf81f, 0xf81f, 0xf81f, 0xf81f, 0xf81f, 0xf81f, 0xf81f, 0xf81f, 0xf81f, 0xf81f, 0xf81f, 0xf81f,
    0xf81f, 0xf81f, 0xf81f, 0xf81f, 0xf81f, 0xf81f, 0xf81f, 0xf81f, 0xf81f, 0xf81f, 0xf81f, 0xf81f,
    0xf81f, 0xf81f, 0xf81f, 0xf81f, 0xf81f, 0xf81f, 0xf81f, 0xf81f, 0xf81f, 0xf81f, 0xf81f, 0x0000,
    0x0000, 0x2b10, 0x2b10, 0x2b10, 0x2b10, 0x2b10, 0x2b10, 0x2b10, 0x2b10, 0x4c56, 0x4c56, 0x4c56,
    0x4c56, 0x2b10, 0x4c56, 0x4c56, 0x1a2c, 0x1a2c, 0x1a2c, 0x1168, 0xf81f, 0x0000, 0x1168, 0x2b10,
    0x2b10, 0x2b10, 0x0000, 0x0000, 0x2b10, 0x2b10, 0x7d9a, 0x2b10, 0x2b10, 0x7d9a, 0x7d9a, 0x1168,
    0x7d9a, 0x7d9a, 0x7d9a, 0x2b10, 0x1168, 0x2b10, 0x0000, 0xf81f, 0xf81f, 0xf81f, 0xf81f, 0xf81f,
    0xf81f, 0xf81f, 0xf81f, 0xf81f, 0xf81f, 0xf81f, 0xf81f, 0xf81f, 0xf81f, 0xf81f, 0xf81f, 0xf81f,
    0xf81f, 0xf81f, 0xf81f, 0xf81f, 0xf81f, 0xf81f, 0xf81f, 0xf81f, 0xf81f, 0xf81f, 0xf81f, 0xf81f,
    0xf81f, 0xf81f, 0xf81f, 0xf81f, 0xf81f, 0xf81f, 0xf81f, 0xf81f, 0xf81f, 0xf81f, 0xf81f, 0xf81f,
    0xf81f, 0xf81f, 0xf81f, 0xf81f, 0xf81f, 0xf81f, 0xf81f, 0xf81f, 0xf81f, 0xf81f, 0xf81f, 0x0000,
    0x2b10, 0x2b10, 0x4c56, 0x7d9a, 0x2b10, 0x2b10, 0x4c56, 0x0000, 0x2b10, 0x7d9a, 0x7d9a, 0x7d9a,
    0x7d9a, 0x7d9a, 0x1168, 0x1a2c, 0x0000, 0x1a2c, 0x1a2c, 0x1168, 0xf81f, 0x0000, 0x1168, 0x2b10,
    0x2b10, 0x7d9a, 0x7d9a, 0x7d9a, 0x7d9a, 0x1168, 0x7d9a, 0x7d9a, 0x7d9a, 0x7d9a, 0x7d9a, 0x7d9a,
    0x7d9a, 0x7d9a, 0x7d9a, 0x7d9a, 0x7d9a, 0x2b10, 0x0000, 0xf81f, 0xf81f, 0xf81f, 0xf81f, 0xf81f,
    0xf81f, 0xf81f, 0xf81f, 0xf81f, 0xf81f, 0xf81f, 0xf81f, 0xf81f, 0xf81f, 0xf81f, 0xf81f, 0xf81f,
    0xf81f, 0xf81f, 0xf81f, 0xf81f, 0xf81f, 0xf81f, 0xf81f, 0xf81f, 0xf81f, 0xf81f, 0xf81f, 0xf81f,
    0xf81f, 0xf81f, 0xf81f, 0xf81f, 0xf81f, 0xf81f, 0xf81f, 0xf81f, 0xf81f, 0xf81f, 0xf81f, 0xf81f,
    0xf81f, 0xf81f, 0xf81f, 0xf81f, 0xf81f, 0xf81f, 0xf81f, 0xf81f, 0xf81f, 0xf81f, 0xf81f, 0x0000,
    0x2b10, 0x4c56, 0x4c56, 0x0000, 0x2b10, 0x4c56, 0x4c56, 0x0000, 0x4c56, 0x7d9a, 0x7d9a, 0x7d9a,
    0x1168, 0x7d9a, 0x7d9a, 0x1a2c, 0x7d9a, 0x7d9a, 0x7d9a, 0x1168, 0xf81f, 0x0000, 0x1168, 0x1168,
    0x2b10, 0x7d9a, 0x7d9a, 0x7d9a, 0x7d9a, 0x1168, 0x1168, 0x7d9a, 0x7d9a, 0x7d9a, 0x0000, 0x1168,
    0x7d9a, 0x7d9a, 0x0000, 0x7d9a, 0x7d9a, 0x1168, 0x0000, 0xf81f, 0xf81f, 0xf81f, 0xf81f, 0xf81f,
    0xf81f, 0xf81f, 0xf81f, 0xf81f, 0xf81f, 0xf81f, 0xf81f, 0xf81f, 0xf81f, 0xf81f, 0xf81f, 0xf81f,
    0xf81f, 0xf81f, 0xf81f, 0xf81f, 0xf81f, 0xf81f, 0xf81f, 0xf81f, 0xf81f, 0xf81f, 0xf81f, 0xf81f,
    0xf81f, 0xf81f, 0xf81f, 0xf81f, 0xf81f, 0xf81f, 0xf81f, 0xf81f, 0xf81f, 0xf81f, 0xf81f, 0xf81f,
    0xf81f, 0xf81f, 0xf81f, 0xf81f, 0xf81f, 0xf81f, 0xf81f, 0xf81f, 0xf81f, 0xf81f, 0xf81f, 0x0000,
    0x0000, 0x4c56, 0x4c56, 0x0000, 0x2b10, 0x4c56, 0x4c56, 0x0000, 0x4c56, 0x4c56, 0x4c56, 0x0000,
    0x1168, 0x1168, 0x1168, 0x1168, 0x0000, 0x7d9a, 0x7d9a, 0x1168, 0xf81f, 0x0000, 0x1168, 0x1168,
    0x1168, 0x0000, 0x1168, 0x7d9a, 0x7d9a, 0x0000, 0x1168, 0x1168, 0x1168, 0x1168, 0x0000, 0x1168,
    0x1168, 0x1168, 0x0000, 0x7d9a, 0x7d9a, 0x1168, 0x0000, 0xf81f, 0xf81f, 0xf81f, 0xf81f, 0xf81f,
    0xf81f, 0xf81f, 0xf81f, 0xf81f, 0xf81f, 0xf81f, 0xf81f, 0xf81f, 0xf81f, 0xf81f, 0xf81f, 0xf81f,
    0xf81f, 0xf81f, 0xf81f, 0xf81f, 0xf81f, 0xf81f, 0xf81f, 0xf81f, 0xf81f, 0xf81f, 0xf81f, 0xf81f,
    0xf81f, 0xf81f, 0xf81f, 0xf81f, 0xf81f, 0xf81f, 0xf81f, 0xf81f, 0xf81f, 0xf81f, 0xf81f, 0xf81f,
    0xf81f, 0xf81f, 0xf81f, 0xf81f, 0xf81f, 0xf81f, 0xf81f, 0xf81f, 0xf81f, 0xf81f, 0xf81f, 0xf81f,
    0x0000, 0x0000, 0x0000, 0x0000, 0x0000, 0x0000, 0x0000, 0x0000, 0x0000, 0x0000, 0x0000, 0x0000,
    0x0000, 0x0000, 0x0000, 0x0000, 0x0000, 0x0000, 0x0000, 0x0000, 0xf81f, 0x0000, 0x0000, 0x0000,
    0x0000, 0x0000, 0x0000, 0x0000, 0x0000, 0x0000, 0x0000, 0x0000, 0x0000, 0x0000, 0x0000, 0x0000,
    0x0000, 0x0000, 0x0000, 0x0000, 0x0000, 0x0000, 0x0000, 0xf81f, 0xf81f, 0xf81f, 0xf81f, 0xf81f,
    0xf81f, 0xf81f, 0xf81f, 0xf81f, 0xf81f, 0xf81f, 0xf81f, 0xf81f, 0xf81f, 0xf81f, 0xf81f, 0xf81f,
    0xf81f, 0xf81f, 0xf81f, 0xf81f, 0xf81f, 0xf81f, 0xf81f, 0xf81f, 0xf81f, 0xf81f, 0xf81f, 0xf81f,
    0xf81f, 0xf81f, 0xf81f, 0xf81f, 0xf81f, 0xf81f, 0xf81f, 0xf81f, 0xf81f, 0xf81f, 0xf81f, 0xf81f,
    0xf81f, 0xf81f, 0xf81f, 0xf81f, 0xf81f, 0xf81f, 0xf81f, 0xf81f, 0xf81f, 0xf81f, 0xf81f, 0xf81f,
    0xf81f, 0xf81f, 0xf81f, 0xf81f, 0xf81f, 0xf81f, 0xf81f, 0xf81f, 0xf81f, 0xf81f, 0xf81f, 0xf81f,
    0xf81f, 0xf81f, 0xf81f, 0xf81f, 0xf81f, 0xf81f, 0xf81f, 0xf81f, 0xf81f, 0xf81f, 0xf81f, 0xf81f,
    0xf81f, 0xf81f, 0xf81f, 0xf81f, 0xf81f, 0xf81f, 0xf81f, 0xf81f, 0xf81f, 0xf81f, 0xf81f, 0xf81f,
    0xf81f, 0xf81f, 0xf81f, 0xf81f, 0xf81f, 0xf81f, 0xf81f, 0xf81f, 0xf81f, 0xf81f, 0xf81f, 0xf81f,
    0xf81f, 0xf81f, 0xf81f, 0xf81f, 0xf81f, 0xf81f, 0xf81f, 0xf81f, 0xf81f, 0xf81f, 0xf81f, 0xf81f,
    0xf81f, 0xf81f, 0xf81f, 0xf81f, 0xf81f, 0xf81f, 0xf81f, 0xf81f, 0xf81f, 0xf81f, 0xf81f, 0xf81f,
    0xf81f, 0xf81f, 0xf81f, 0xf81f, 0xf81f, 0xf81f, 0xf81f, 0xf81f, 0xf81f, 0xf81f, 0xf81f, 0xf81f,
    0xf81f, 0xf81f, 0xf81f, 0xf81f, 0xf81f, 0xf81f, 0xf81f, 0xf81f, 0xf81f, 0xf81f, 0xf81f, 0xf81f,
    0xf81f, 0xf81f, 0xf81f, 0xf81f, 0xf81f, 0xf81f, 0xf81f, 0xf81f, 0xf81f, 0xf81f, 0xf81f, 0xf81f,
    0xf81f, 0xf81f, 0xf81f, 0xf81f, 0xf81f, 0xf81f, 0xf81f, 0xf81f, 0xf81f, 0xf81f, 0xf81f, 0xf81f,
    0xf81f, 0xf81f, 0xf81f, 0xf81f, 0xf81f, 0xf81f, 0xf81f, 0xf81f, 0xf81f, 0xf81f, 0xf81f, 0xf81f,
    0xf81f, 0xf81f, 0xf81f, 0xf81f, 0xf81f, 0xf81f, 0xf81f, 0xf81f, 0xf81f, 0xf81f, 0xf81f, 0xf81f,
    0xf81f, 0xf81f, 0xf81f, 0xf81f, 0xf81f, 0xf81f, 0xf81f, 0xf81f, 0xf81f, 0xf81f, 0xf81f, 0xf81f,
    0xf81f, 0xf81f, 0xf81f, 0xf81f, 0xf81f, 0xf81f, 0xf81f, 0xf81f, 0xf81f, 0xf81f, 0xf81f, 0xf81f,
    0xf81f, 0xf81f, 0xf81f, 0xf81f, 0xf81f, 0xf81f, 0xf81f, 0xf81f, 0xf81f, 0xf81f, 0xf81f, 0xf81f,
    0xf81f, 0xf81f, 0xf81f, 0xf81f, 0xf81f, 0xf81f, 0xf81f, 0xf81f, 0xf81f, 0xf81f, 0xf81f, 0xf81f,
    0xf81f, 0xf81f, 0xf81f, 0xf81f, 0xf81f, 0xf81f, 0xf81f, 0xf81f, 0xf81f, 0xf81f, 0xf81f, 0xf81f,
    0x0000, 0x0000, 0x0000, 0x0000, 0x0000, 0x0000, 0x0000, 0x0000, 0x0000, 0x0000, 0x0000, 0x0000,
    0x0000, 0xf81f, 0xf81f, 0xf81f, 0xf81f, 0xf81f, 0xf81f, 0xf81f, 0xf81f, 0xf81f, 0xf81f, 0xf81f,
    0xf81f, 0xf81f, 0xf81f, 0xf81f, 0xf81f, 0xf81f, 0xf81f, 0xf81f, 0xf81f, 0xf81f, 0xf81f, 0xf81f,
    0xf81f, 0xf81f, 0xf81f, 0xf81f, 0xf81f, 0xf81f, 0xf81f, 0xf81f, 0xf81f, 0xf81f, 0xf81f, 0xf81f,
    0xf81f, 0xf81f, 0xf81f, 0xf81f, 0xf81f, 0xf81f, 0xf81f, 0xf81f, 0xf81f, 0xf81f, 0xf81f, 0xf81f,
    0xf81f, 0xf81f, 0xf81f, 0xf81f, 0xf81f, 0xf81f, 0xf81f, 0xf81f, 0xf81f, 0xf81f, 0xf81f, 0xf81f,
    0xf81f, 0xf81f, 0xf81f, 0xf81f, 0xf81f, 0xf81f, 0xf81f, 0xf81f, 0xf81f, 0xf81f, 0xf81f, 0xf81f,
    0xf81f, 0xf81f, 0xf81f, 0xf81f, 0xf81f, 0xf81f, 0xf81f, 0xf81f, 0x0000, 0x0000, 0x0000, 0x0000,
    0xffff, 0xffff, 0xffff, 0xffff, 0xffff, 0xffff, 0xffff, 0xffff, 0xffff, 0xffff, 0xffff, 0xffff,
    0x0000, 0x0000, 0x0000, 0x0000, 0x0000, 0x0000, 0x0000, 0xf81f, 0xf81f, 0xf81f, 0xf81f, 0xf81f,
    0xf81f, 0xf81f, 0xf81f, 0xf81f, 0xf81f, 0xf81f, 0xf81f, 0xf81f, 0xf81f, 0xf81f, 0xf81f, 0xf81f,
    0xf81f, 0xf81f, 0xf81f, 0xf81f, 0xf81f, 0xf81f, 0xf81f, 0xf81f, 0xf81f, 0xf81f, 0xf81f, 0xf81f,
    0xf81f, 0xf81f, 0xf81f, 0xf81f, 0xf81f, 0xf81f, 0xf81f, 0xf81f, 0xf81f, 0xf81f, 0xf81f, 0xf81f,
    0xf81f, 0xf81f, 0xf81f, 0xf81f, 0xf81f, 0xf81f, 0xf81f, 0xf81f, 0xf81f, 0xf81f, 0xf81f, 0xf81f,
    0xf81f, 0xf81f, 0xf81f, 0xf81f, 0xf81f, 0xf81f, 0xf81f, 0xf81f, 0xf81f, 0xf81f, 0xf81f, 0xf81f,
    0xf81f, 0xf81f, 0xf81f, 0xf81f, 0xf81f, 0xf81f, 0xf81f, 0x0000, 0x0000, 0xffff, 0xffff, 0xffff,
    0xffff, 0xffff, 0xffff, 0xffff, 0xffff, 0xffff, 0xffff, 0xffff, 0xffff, 0xffff, 0xffff, 0xffff,
    0xffff, 0x8e19, 0x8e19, 0x8e19, 0xffff, 0xffff, 0x0000, 0x0000, 0xf81f, 0xf81f, 0xf81f, 0xf81f,
    0xf81f, 0xf81f, 0xf81f, 0xf81f, 0xf81f, 0xf81f, 0xf81f, 0xf81f, 0xf81f, 0xf81f, 0xf81f, 0xf81f,
    0xf81f, 0xf81f, 0xf81f, 0xf81f, 0xf81f, 0xf81f, 0xf81f, 0xf81f, 0xf81f, 0xf81f, 0xf81f, 0xf81f,
    0xf81f, 0xf81f, 0xf81f, 0xf81f, 0xf81f, 0xf81f, 0xf81f, 0xf81f, 0xf81f, 0xf81f, 0xf81f, 0xf81f,
    0xf81f, 0xf81f, 0xf81f, 0xf81f, 0xf81f, 0xf81f, 0xf81f, 0xf81f, 0xf81f, 0xf81f, 0xf81f, 0xf81f,
    0xf81f, 0xf81f, 0xf81f, 0xf81f, 0xf81f, 0xf81f, 0xf81f, 0xf81f, 0xf81f, 0xf81f, 0xf81f, 0xf81f,
    0xf81f, 0xf81f, 0xf81f, 0xf81f, 0xf81f, 0xf81f, 0x0000, 0x0000, 0xffff, 0xffff, 0xffff, 0xffff,
    0xffff, 0xffff, 0xffff, 0xffff, 0xffff, 0xffff, 0xffff, 0xffff, 0xffff, 0xffff, 0xffff, 0xffff,
    0xffff, 0x8e19, 0x8e19, 0x8e19, 0x8e19, 0x8e19, 0xffff, 0xffff, 0x0000, 0xf81f, 0xf81f, 0xf81f,
    0xf81f, 0xf81f, 0xf81f, 0xf81f, 0xf81f, 0xf81f, 0xf81f, 0xf81f, 0xf81f, 0xf81f, 0xf81f, 0xf81f,
    0xf81f, 0xf81f, 0xf81f, 0xf81f, 0xf81f, 0xf81f, 0xf81f, 0xf81f, 0xf81f, 0xf81f, 0xf81f, 0xf81f,
    0xf81f, 0xf81f, 0xf81f, 0xf81f, 0xf81f, 0xf81f, 0xf81f, 0xf81f, 0xf81f, 0xf81f, 0xf81f, 0xf81f,
    0xf81f, 0xf81f, 0xf81f, 0xf81f, 0xf81f, 0xf81f, 0xf81f, 0xf81f, 0xf81f, 0xf81f, 0xf81f, 0xf81f,
    0xf81f, 0xf81f, 0xf81f, 0xf81f, 0xf81f, 0xf81f, 0xf81f, 0xf81f, 0xf81f, 0xf81f, 0xf81f, 0xf81f,
    0xf81f, 0xf81f, 0xf81f, 0xf81f, 0xf81f, 0xf81f, 0x0000, 0xffff, 0xffff, 0xffff, 0xffff, 0xffff,
    0xffff, 0xffff, 0xffff, 0xffff, 0xffff, 0xffff, 0xffff, 0xffff, 0xffff, 0xffff, 0xffff, 0xffff,
    0xffff, 0x8e19, 0x8e19, 0x8e19, 0x8e19, 0xffff, 0xffff, 0xffff, 0xffff, 0x0000, 0x0000, 0xf81f,
    0xf81f, 0xf81f, 0xf81f, 0xf81f, 0xf81f, 0xf81f, 0xf81f, 0xf81f, 0xf81f, 0xf81f, 0xf81f, 0xf81f,
    0xf81f, 0xf81f, 0xf81f, 0xf81f, 0xf81f, 0xf81f, 0xf81f, 0xf81f, 0xf81f, 0xf81f, 0xf81f, 0xf81f,
    0xf81f, 0xf81f, 0xf81f, 0xf81f, 0xf81f, 0xf81f, 0xf81f, 0xf81f, 0xf81f, 0xf81f, 0xf81f, 0xf81f,
    0xf81f, 0xf81f, 0xf81f, 0xf81f, 0xf81f, 0xf81f, 0xf81f, 0xf81f, 0xf81f, 0xf81f, 0xf81f, 0xf81f,
    0xf81f, 0xf81f, 0xf81f, 0xf81f, 0xf81f, 0xf81f, 0xf81f, 0xf81f, 0xf81f, 0xf81f, 0xf81f, 0xf81f,
    0xf81f, 0xf81f, 0xf81f, 0xf81f, 0xf81f, 0x0000, 0x0000, 0xffff, 0xffff, 0xffff, 0xffff, 0xffff,
    0xffff, 0xffff, 0xffff, 0xffff, 0xffff, 0xffff, 0xffff, 0xffff, 0xffff, 0xffff, 0xffff, 0xffff,
    0xffff, 0xffff, 0xffff, 0xffff, 0xffff, 0xffff, 0xffff, 0xffff, 0xffff, 0xffff, 0x0000, 0xf81f,
    0xf81f, 0xf81f, 0xf81f, 0xf81f, 0xf81f, 0xf81f, 0xf81f, 0xf81f, 0xf81f, 0xf81f, 0xf81f, 0xf81f,
    0xf81f, 0xf81f, 0xf81f, 0xf81f, 0xf81f, 0xf81f, 0xf81f, 0xf81f, 0xf81f, 0xf81f, 0xf81f, 0xf81f,
    0xf81f, 0xf81f, 0xf81f, 0xf81f, 0xf81f, 0xf81f, 0xf81f, 0xf81f, 0xf81f, 0xf81f, 0xf81f, 0xf81f,
    0xf81f, 0xf81f, 0xf81f, 0xf81f, 0xf81f, 0xf81f, 0xf81f, 0xf81f, 0xf81f, 0xf81f, 0xf81f, 0xf81f,
    0xf81f, 0xf81f, 0xf81f, 0xf81f, 0xf81f, 0xf81f, 0xf81f, 0xf81f, 0xf81f, 0xf81f, 0xf81f, 0xf81f,
    0xf81f, 0xf81f, 0xf81f, 0xf81f, 0x0000, 0x0000, 0xffff, 0xffff, 0xffff, 0xffff, 0x8e19, 0x8e19,
    0x8e19, 0x8e19, 0x8e19, 0x8e19, 0x8e19, 0xffff, 0xffff, 0xffff, 0x8e19, 0x8e19, 0x8e19, 0x8e19,
    0x8e19, 0x8e19, 0xffff, 0xffff, 0xffff, 0xffff, 0xffff, 0xffff, 0xffff, 0xffff, 0x0000, 0x0000,
    0xf81f, 0xf81f, 0xf81f, 0xf81f, 0xf81f, 0xf81f, 0xf81f, 0xf81f, 0xf81f, 0xf81f, 0xf81f, 0xf81f,
    0xf81f, 0xf81f, 0xf81f, 0xf81f, 0xf81f, 0xf81f, 0xf81f, 0xf81f, 0xf81f, 0xf81f, 0xf81f, 0xf81f,
    0xf81f, 0xf81f, 0xf81f, 0xf81f, 0xf81f, 0xf81f, 0xf81f, 0xf81f, 0xf81f, 0xf81f, 0xf81f, 0xf81f,
    0xf81f, 0xf81f, 0xf81f, 0xf81f, 0xf81f, 0xf81f, 0xf81f, 0xf81f, 0xf81f, 0xf81f, 0xf81f, 0xf81f,
    0xf81f, 0xf81f, 0xf81f, 0xf81f, 0xf81f, 0xf81f, 0xf81f, 0xf81f, 0xf81f, 0xf81f, 0xf81f, 0xf81f,
    0xf81f, 0xf81f, 0xf81f, 0xf81f, 0x0000, 0xffff, 0xffff, 0xffff, 0xffff, 0x8e19, 0x0000, 0x0000,
    0x0000, 0x0000, 0x0000, 0x0000, 0x0000, 0x8e19, 0xffff, 0x8e19, 0x8e19, 0x0000, 0x0000, 0x0000,
    0x0000, 0x0000, 0x0000, 0x0000, 0xffff, 0xffff, 0xffff, 0xffff, 0xffff, 0xffff, 0xffff, 0x0000,
    0x0000, 0xf81f, 0xf81f, 0xf81f, 0xf81f, 0xf81f, 0xf81f, 0xf81f, 0xf81f, 0xf81f, 0xf81f, 0xf81f,
    0xf81f, 0xf81f, 0xf81f, 0xf81f, 0xf81f, 0xf81f, 0xf81f, 0xf81f, 0xf81f, 0xf81f, 0xf81f, 0xf81f,
    0xf81f, 0xf81f, 0xf81f, 0xf81f, 0xf81f, 0xf81f, 0xf81f, 0xf81f, 0xf81f, 0xf81f, 0xf81f, 0xf81f,
    0xf81f, 0xf81f, 0xf81f, 0xf81f, 0xf81f, 0xf81f, 0xf81f, 0xf81f, 0xf81f, 0xf81f, 0xf81f, 0xf81f,
    0xf81f, 0xf81f, 0xf81f, 0xf81f, 0xf81f, 0xf81f, 0xf81f, 0xf81f, 0xf81f, 0xf81f, 0xf81f, 0xf81f,
    0xf81f, 0xf81f, 0x0000, 0x0000, 0x0000, 0xffff, 0xffff, 0xffff, 0xffff, 0x0000, 0x0000, 0x2b10,
    0x2b10, 0x2b10, 0x2b10, 0x2b10, 0x0000, 0x8e19, 0x8e19, 0x8e19, 0x0000, 0x0000, 0x2b10, 0x2b10,
    0x2b10, 0x2b10, 0x2b10, 0x2b10, 0x0000, 0x0000, 0xffff, 0xffff, 0xffff, 0xffff, 0xffff, 0x8e19,
    0x0000, 0xf81f, 0xf81f, 0xf81f, 0xf81f, 0xf81f, 0xf81f, 0xf81f, 0xf81f, 0xf81f, 0xf81f, 0xf81f,
    0xf81f, 0xf81f, 0xf81f, 0xf81f, 0xf81f, 0xf81f, 0xf81f, 0xf81f, 0xf81f, 0xf81f, 0xf81f, 0xf81f,
    0xf81f, 0xf81f, 0xf81f, 0xf81f, 0xf81f, 0xf81f, 0xf81f, 0xf81f, 0xf81f, 0xf81f, 0xf81f, 0xf81f,
    0xf81f, 0xf81f, 0xf81f, 0xf81f, 0xf81f, 0xf81f, 0xf81f, 0xf81f, 0xf81f, 0xf81f, 0xf81f, 0xf81f,
    0xf81f, 0xf81f, 0xf81f, 0xf81f, 0xf81f, 0xf81f, 0xf81f, 0xf81f, 0xf81f, 0xf81f, 0xf81f, 0xf81f,
    0xf81f, 0xf81f, 0x0000, 0x0000, 0xffff, 0xffff, 0xffff, 0xffff, 0x0000, 0x0000, 0x2b10, 0xbe9c,
    0xbe9c, 0xbe9c, 0x4c56, 0x4c56, 0x2b10, 0x0000, 0x8e19, 0x8e19, 0x0000, 0x2b10, 0x4c56, 0x4c56,
    0xbe9c, 0xbe9c, 0xbe9c, 0xbe9c, 0x2b10, 0x0000, 0x0000, 0xffff, 0xffff, 0xffff, 0xffff, 0x8e19,
    0x8e19, 0x0000, 0xf81f, 0xf81f, 0xf81f, 0xf81f, 0xf81f, 0xf81f, 0xf81f, 0xf81f, 0xf81f, 0xf81f,
    0xf81f, 0xf81f, 0xf81f, 0xf81f, 0xf81f, 0xf81f, 0xf81f, 0xf81f, 0xf81f, 0xf81f, 0xf81f, 0xf81f,
    0xf81f, 0xf81f, 0xf81f, 0xf81f, 0xf81f, 0xf81f, 0xf81f, 0xf81f, 0xf81f, 0xf81f, 0xf81f, 0xf81f,
    0xf81f, 0xf81f, 0xf81f, 0xf81f, 0xf81f, 0xf81f, 0xf81f, 0xf81f, 0xf81f, 0xf81f, 0xf81f, 0xf81f,
    0xf81f, 0xf81f, 0xf81f, 0xf81f, 0xf81f, 0xf81f, 0xf81f, 0xf81f, 0xf81f, 0xf81f, 0xf81f, 0xf81f,
    0xf81f, 0xf81f, 0x0000, 0x8e19, 0xffff, 0xffff, 0xffff, 0xffff, 0x0000, 0x2b10, 0x2b10, 0xbe9c,
    0xbe9c, 0x4c56, 0x4c56, 0x4c56, 0x2b10, 0x2b10, 0x0000, 0x0000, 0x0000, 0x2b10, 0x4c56, 0x4c56,
    0x4c56, 0xbe9c, 0xbe9c, 0xbe9c, 0x2b10, 0x2b10, 0x0000, 0xffff, 0xffff, 0xffff, 0xffff, 0x8e19,
    0x8e19, 0x0000, 0x0000, 0xf81f, 0xf81f, 0xf81f, 0xf81f, 0xf81f, 0xf81f, 0xf81f, 0xf81f, 0xf81f,
    0xf81f, 0xf81f, 0xf81f, 0xf81f, 0xf81f, 0xf81f, 0xf81f, 0xf81f, 0xf81f, 0xf81f, 0xf81f, 0xf81f,
    0xf81f, 0xf81f, 0xf81f, 0xf81f, 0xf81f, 0xf81f, 0xf81f, 0xf81f, 0xf81f, 0xf81f, 0xf81f, 0xf81f,
    0xf81f, 0xf81f, 0xf81f, 0xf81f, 0xf81f, 0xf81f, 0xf81f, 0xf81f, 0xf81f, 0xf81f, 0xf81f, 0xf81f,
    0xf81f, 0xf81f, 0xf81f, 0xf81f, 0xf81f, 0xf81f, 0xf81f, 0xf81f, 0xf81f, 0xf81f, 0xf81f, 0xf81f,
    0xf81f, 0xf81f, 0x0000, 0x8e19, 0xffff, 0xffff, 0xffff, 0xffff, 0x0000, 0x2b10, 0x2b10, 0x2b10,
    0x2b10, 0x2b10, 0x2b10, 0x2b10, 0x2b10, 0x2b10, 0x2b10, 0x2b10, 0x2b10, 0x2b10, 0x2b10, 0x2b10,
    0x2b10, 0x2b10, 0x2b10, 0x2b10, 0x2b10, 0x2b10, 0x2b10, 0x0000, 0xffff, 0xffff, 0xffff, 0x8e19,
    0x8e19, 0xbe9c, 0x0000, 0xf81f, 0xf81f, 0xf81f, 0xf81f, 0xf81f, 0xf81f, 0xf81f, 0xf81f, 0xf81f,
    0xf81f, 0xf81f, 0xf81f, 0xf81f, 0xf81f, 0xf81f, 0xf81f, 0xf81f, 0xf81f, 0xf81f, 0xf81f, 0xf81f,
    0xf81f, 0xf81f, 0xf81f, 0xf81f, 0xf81f, 0xf81f, 0xf81f, 0xf81f, 0xf81f, 0xf81f, 0xf81f, 0xf81f,
    0xf81f, 0xf81f, 0xf81f, 0xf81f, 0xf81f, 0xf81f, 0xf81f, 0xf81f, 0xf81f, 0xf81f, 0xf81f, 0xf81f,
    0xf81f, 0xf81f, 0xf81f, 0xf81f, 0xf81f, 0xf81f, 0xf81f, 0xf81f, 0xf81f, 0xf81f, 0xf81f, 0x0000,
    0x0000, 0x0000, 0x0000, 0x8e19, 0xffff, 0xffff, 0xffff, 0xffff, 0x0000, 0x2b10, 0x2b10, 0x2b10,
    0x2b10, 0x2b10, 0x2b10, 0x2b10, 0x2b10, 0x2b10, 0x2b10, 0x2b10, 0x2b10, 0x2b10, 0x2b10, 0x2b10,
    0x2b10, 0x2b10, 0x2b10, 0x2b10, 0x2b10, 0x2b10, 0x2b10, 0x0000, 0xffff, 0xffff, 0xffff, 0x8e19,
    0x8e19, 0xbe9c, 0x0000, 0x0000, 0x0000, 0x0000, 0xf81f, 0xf81f, 0xf81f, 0xf81f, 0xf81f, 0xf81f,
    0xf81f, 0xf81f, 0xf81f, 0xf81f, 0xf81f, 0xf81f, 0xf81f, 0xf81f, 0xf81f, 0xf81f, 0xf81f, 0xf81f,
    0xf81f, 0xf81f, 0xf81f, 0xf81f, 0xf81f, 0xf81f, 0xf81f, 0xf81f, 0xf81f, 0xf81f, 0xf81f, 0xf81f,
    0xf81f, 0xf81f, 0xf81f, 0xf81f, 0xf81f, 0xf81f, 0xf81f, 0xf81f, 0xf81f, 0xf81f, 0xf81f, 0xf81f,
    0xf81f, 0xf81f, 0xf81f, 0xf81f, 0xf81f, 0xf81f, 0xf81f, 0xf81f, 0xf81f, 0xf81f, 0xf81f, 0x0000,
    0x4c56, 0x4c56, 0x0000, 0x8e19, 0xffff, 0xffff, 0xffff, 0xffff, 0x0000, 0x2b10, 0x2b10, 0x2b10,
    0x2b10, 0x2b10, 0x2b10, 0x2b10, 0x2b10, 0x2b10, 0x2b10, 0x2b10, 0x2b10, 0x2b10, 0x2b10, 0x2b10,
    0x2b10, 0x2b10, 0x2b10, 0x2b10, 0x2b10, 0x2b10, 0x2b10, 0x0000, 0xffff, 0xffff, 0xffff, 0x8e19,
    0xbe9c, 0xbe9c, 0x0000, 0x224c, 0x224c, 0x0000, 0xf81f, 0xf81f, 0xf81f, 0xf81f, 0xf81f, 0xf81f,
    0xf81f, 0xf81f, 0xf81f, 0xf81f, 0xf81f, 0xf81f, 0xf81f, 0xf81f, 0xf81f, 0xf81f, 0xf81f, 0xf81f,
    0xf81f, 0xf81f, 0xf81f, 0xf81f, 0xf81f, 0xf81f, 0xf81f, 0xf81f, 0xf81f, 0xf81f, 0xf81f, 0xf81f,
    0xf81f, 0xf81f, 0xf81f, 0xf81f, 0xf81f, 0xf81f, 0xf81f, 0xf81f, 0xf81f, 0xf81f, 0xf81f, 0xf81f,
    0xf81f, 0xf81f, 0xf81f, 0xf81f, 0xf81f, 0xf81f, 0xf81f, 0xf81f, 0xf81f, 0xf81f, 0xf81f, 0x0000,
    0x4c56, 0x4c56, 0x0000, 0x8e19, 0xffff, 0xffff, 0xffff, 0x0000, 0x0000, 0x2b10, 0x0000, 0x0000,
    0x0000, 0x0000, 0x0000, 0x0000, 0x2b10, 0x2b10, 0x2b10, 0x4c56, 0x4c56, 0x2b10, 0x2b10, 0x2b10,
    0x0000, 0x0000, 0x0000, 0x0000, 0x0000, 0x0000, 0x1168, 0x0000, 0xffff, 0xffff, 0xffff, 0x8e19,
    0xbe9c, 0xbe9c, 0x0000, 0x4c56, 0x4c56, 0x0000, 0xf81f, 0xf81f, 0xf81f, 0xf81f, 0xf81f, 0xf81f,
    0xf81f, 0xf81f, 0xf81f, 0xf81f, 0xf81f, 0xf81f, 0xf81f, 0xf81f, 0xf81f, 0xf81f, 0xf81f, 0xf81f,
    0xf81f, 0xf81f, 0xf81f, 0xf81f, 0xf81f, 0xf81f, 0xf81f, 0xf81f, 0xf81f, 0xf81f, 0xf81f, 0xf81f,
    0xf81f, 0xf81f, 0xf81f, 0xf81f, 0xf81f, 0xf81f, 0xf81f, 0xf81f, 0xf81f, 0xf81f, 0xf81f, 0xf81f,
    0xf81f, 0xf81f, 0xf81f, 0xf81f, 0xf81f, 0xf81f, 0xf81f, 0xf81f, 0xf81f, 0xf81f, 0xf81f, 0x0000,
    0x2b10, 0x4c56, 0x0000, 0xffff, 0xffff, 0xffff, 0x0000, 0x0000, 0x1168, 0x1168, 0x2b10, 0x08e5,
    0x08e5, 0x08e5, 0x08e5, 0x08e5, 0x2b10, 0x4c56, 0x4c56, 0x4c56, 0x4c56, 0x4c56, 0x2b10, 0x2b10,
    0x08e5, 0x08e5, 0x08e5, 0x08e5, 0x08e5, 0x2b10, 0x1168, 0x0000, 0x0000, 0xffff, 0xffff, 0xffff,
    0xbe9c, 0xbe9c, 0x0000, 0x4c56, 0x2b10, 0x0000, 0xf81f, 0xf81f, 0xf81f, 0xf81f, 0xf81f, 0xf81f,
    0xf81f, 0xf81f, 0xf81f, 0xf81f, 0xf81f, 0xf81f, 0xf81f, 0xf81f, 0xf81f, 0xf81f, 0xf81f, 0xf81f,
    0xf81f, 0xf81f, 0xf81f, 0xf81f, 0xf81f, 0xf81f, 0xf81f, 0xf81f, 0xf81f, 0xf81f, 0xf81f, 0xf81f,
    0xf81f, 0xf81f, 0xf81f, 0xf81f, 0xf81f, 0xf81f, 0xf81f, 0xf81f, 0xf81f, 0xf81f, 0xf81f, 0xf81f,
    0xf81f, 0xf81f, 0xf81f, 0xf81f, 0xf81f, 0xf81f, 0xf81f, 0xf81f, 0xf81f, 0xf81f, 0xf81f, 0x0000,
    0x2b10, 0x224c, 0x0000, 0xffff, 0x8e19, 0xffff, 0x0000, 0x1168, 0x1168, 0x1168, 0x2b10, 0x4c56,
    0x2b10, 0x2b10, 0x2b10, 0x2b10, 0x4c56, 0x4c56, 0x4c56, 0x4c56, 0x4c56, 0x4c56, 0x4c56, 0x2b10,
    0x2b10, 0x2b10, 0x2b10, 0x2b10, 0x2b10, 0x1168, 0x1168, 0x1168, 0x0000, 0xffff, 0xffff, 0xffff,
    0xbe9c, 0xbe9c, 0x0000, 0x4c56, 0x2b10, 0x0000, 0xf81f, 0xf81f, 0xf81f, 0xf81f, 0xf81f, 0xf81f,
    0xf81f, 0xf81f, 0xf81f, 0xf81f, 0xf81f, 0xf81f, 0xf81f, 0xf81f, 0xf81f, 0xf81f, 0xf81f, 0xf81f,
    0xf81f, 0xf81f, 0xf81f, 0xf81f, 0xf81f, 0xf81f, 0xf81f, 0xf81f, 0xf81f, 0xf81f, 0xf81f, 0xf81f,
    0xf81f, 0xf81f, 0xf81f, 0xf81f, 0xf81f, 0xf81f, 0xf81f, 0xf81f, 0xf81f, 0xf81f, 0xf81f, 0xf81f,
    0xf81f, 0xf81f, 0xf81f, 0xf81f, 0xf81f, 0xf81f, 0xf81f, 0xf81f, 0xf81f, 0xf81f, 0xf81f, 0x0000,
    0x2b10, 0x224c, 0x0000, 0xffff, 0x8e19, 0xffff, 0x0000, 0x1168, 0x1168, 0x4c56, 0x4c56, 0x2b10,
    0x2b10, 0x2b10, 0x2b10, 0x2b10, 0x2b10, 0x0000, 0x0000, 0x0000, 0x0000, 0x0000, 0x0000, 0x2b10,
    0x2b10, 0x2b10, 0x2b10, 0x2b10, 0x4c56, 0x4c56, 0x1168, 0x1168, 0x0000, 0xffff, 0xffff, 0xffff,
    0xbe9c, 0xbe9c, 0x0000, 0x4c56, 0x2b10, 0x0000, 0xf81f, 0xf81f, 0xf81f, 0xf81f, 0xf81f, 0xf81f,
    0xf81f, 0xf81f, 0xf81f, 0xf81f, 0xf81f, 0xf81f, 0xf81f, 0xf81f, 0xf81f, 0xf81f, 0xf81f, 0xf81f,
    0xf81f, 0xf81f, 0xf81f, 0xf81f, 0xf81f, 0xf81f, 0xf81f, 0xf81f, 0xf81f, 0xf81f, 0xf81f, 0xf81f,
    0xf81f, 0xf81f, 0xf81f, 0xf81f, 0xf81f, 0xf81f, 0xf81f, 0xf81f, 0xf81f, 0xf81f, 0xf81f, 0xf81f,
    0xf81f, 0xf81f, 0xf81f, 0xf81f, 0xf81f, 0xf81f, 0xf81f, 0xf81f, 0xf81f, 0xf81f, 0xf81f, 0x0000,
    0x2b10, 0x224c, 0x0000, 0x8e19, 0x8e19, 0xffff, 0x0000, 0x1168, 0x2b10, 0x2b10, 0x2b10, 0x2b10,
    0x2b10, 0x2b10, 0x2b10, 0x2b10, 0x2b10, 0x0000, 0x19ea, 0x19ea, 0x19ea, 0x2b10, 0x0000, 0x2b10,
    0x2b10, 0x2b10, 0x2b10, 0x2b10, 0x2b10, 0x2b10, 0x2b10, 0x1168, 0x0000, 0xffff, 0xffff, 0xffff,
    0xbe9c, 0xbe9c, 0x0000, 0x4c56, 0x2b10, 0x0000, 0xf81f, 0xf81f, 0xf81f, 0xf81f, 0xf81f, 0xf81f,
    0xf81f, 0xf81f, 0xf81f, 0xf81f, 0xf81f, 0xf81f, 0xf81f, 0xf81f, 0xf81f, 0xf81f, 0xf81f, 0xf81f,
    0xf81f, 0xf81f, 0xf81f, 0xf81f, 0xf81f, 0xf81f, 0xf81f, 0xf81f, 0xf81f, 0xf81f, 0xf81f, 0xf81f,
    0xf81f, 0xf81f, 0xf81f, 0xf81f, 0xf81f, 0xf81f, 0xf81f, 0xf81f, 0xf81f, 0xf81f, 0xf81f, 0xf81f,
    0xf81f, 0xf81f, 0xf81f, 0xf81f, 0xf81f, 0xf81f, 0xf81f, 0xf81f, 0xf81f, 0xf81f, 0xf81f, 0x0000,
    0x0000, 0x0000, 0x0000, 0x8e19, 0x8e19, 0xffff, 0x0000, 0x2b10, 0x2b10, 0x2b10, 0x2b10, 0x2b10,
    0x0000, 0x0000, 0x0000, 0x0000, 0x0000, 0x0000, 0x0000, 0x19ea, 0x2b10, 0x0000, 0x0000, 0x0000,
    0x2b10, 0x2b10, 0x2b10, 0x2b10, 0x2b10, 0x2b10, 0x2b10, 0x2b10, 0x0000, 0xffff, 0xffff, 0xffff,
    0xbe9c, 0xbe9c, 0x0000, 0x224c, 0x2b10, 0x0000, 0xf81f, 0xf81f, 0xf81f, 0xf81f, 0xf81f, 0xf81f,
    0xf81f, 0xf81f, 0xf81f, 0xf81f, 0xf81f, 0xf81f, 0xf81f, 0xf81f, 0xf81f, 0xf81f, 0xf81f, 0xf81f,
    0xf81f, 0xf81f, 0xf81f, 0xf81f, 0xf81f, 0xf81f, 0xf81f, 0xf81f, 0xf81f, 0xf81f, 0xf81f, 0xf81f,
    0xf81f, 0xf81f, 0xf81f, 0xf81f, 0xf81f, 0xf81f, 0xf81f, 0xf81f, 0xf81f, 0xf81f, 0xf81f, 0xf81f,
    0xf81f, 0xf81f, 0xf81f, 0xf81f, 0xf81f, 0xf81f, 0xf81f, 0xf81f, 0xf81f, 0xf81f, 0xf81f, 0xf81f,
    0xf81f, 0x0000, 0x0000, 0x8e19, 0x8e19, 0xffff, 0x0000, 0x2b10, 0x2b10, 0x2b10, 0x2b10, 0x0000,
    0x0000, 0xffff, 0xffff, 0xffff, 0xffff, 0xffff, 0xffff, 0x0000, 0x0000, 0xffff, 0xffff, 0x0000,
    0x0000, 0x0000, 0x0000, 0x0000, 0x2b10, 0x2b10, 0x2b10, 0x0000, 0x0000, 0xffff, 0xffff, 0xffff,
    0xbe9c, 0xbe9c, 0x0000, 0x0000, 0x0000, 0x0000, 0xf81f, 0xf81f, 0xf81f, 0xf81f, 0xf81f, 0xf81f,
    0xf81f, 0xf81f, 0xf81f, 0xf81f, 0xf81f, 0xf81f, 0xf81f, 0xf81f, 0xf81f, 0xf81f, 0xf81f, 0xf81f,
    0xf81f, 0xf81f, 0xf81f, 0xf81f, 0xf81f, 0xf81f, 0xf81f, 0xf81f, 0xf81f, 0xf81f, 0xf81f, 0xf81f,
    0xf81f, 0xf81f, 0xf81f, 0xf81f, 0xf81f, 0xf81f, 0xf81f, 0xf81f, 0xf81f, 0xf81f, 0xf81f, 0xf81f,
    0xf81f, 0xf81f, 0xf81f, 0xf81f, 0xf81f, 0xf81f, 0xf81f, 0xf81f, 0xf81f, 0xf81f, 0xf81f, 0xf81f,
    0xf81f, 0x0000, 0x0000, 0x8e19, 0xffff, 0xffff, 0x0000, 0x0000, 0x0000, 0x2b10, 0x0000, 0x0000,
    0xffff, 0xffff, 0xffff, 0xffff, 0xffff, 0xffff, 0xffff, 0x0000, 0x6db8, 0x6db8, 0xffff, 0xffff,
    0xbe9c, 0xbe9c, 0xbe9c, 0x0000, 0x0000, 0x0000, 0x2b10, 0x0000, 0xffff, 0xffff, 0xffff, 0xffff,
    0xbe9c, 0xffff, 0x0000, 0xf81f, 0xf81f, 0xf81f, 0xf81f, 0xf81f, 0xf81f, 0xf81f, 0xf81f, 0xf81f,
    0xf81f, 0xf81f, 0xf81f, 0xf81f, 0xf81f, 0xf81f, 0xf81f, 0xf81f, 0xf81f, 0xf81f, 0xf81f, 0xf81f,
    0xf81f, 0xf81f, 0xf81f, 0xf81f, 0xf81f, 0xf81f, 0xf81f, 0xf81f, 0xf81f, 0xf81f, 0xf81f, 0xf81f,
    0xf81f, 0xf81f, 0xf81f, 0xf81f, 0xf81f, 0xf81f, 0xf81f, 0xf81f, 0xf81f, 0xf81f, 0xf81f, 0xf81f,
    0xf81f, 0xf81f, 0xf81f, 0xf81f, 0xf81f, 0xf81f, 0xf81f, 0xf81f, 0xf81f, 0xf81f, 0xf81f, 0xf81f,
    0xf81f, 0xf81f, 0x0000, 0xffff, 0xffff, 0xffff, 0xffff, 0xffff, 0x0000, 0x0000, 0x0000, 0xffff,
    0xffff, 0xffff, 0xffff, 0xffff, 0xffff, 0x0000, 0x0000, 0x0000, 0x0000, 0x6db8, 0xffff, 0xffff,
    0xbe9c, 0xbe9c, 0xbe9c, 0xbe9c, 0xbe9c, 0x0000, 0x0000, 0xffff, 0xffff, 0xffff, 0xffff, 0xbe9c,
    0xffff, 0xffff, 0x0000, 0xf81f, 0xf81f, 0xf81f, 0xf81f, 0xf81f, 0xf81f, 0xf81f, 0xf81f, 0xf81f,
    0xf81f, 0xf81f, 0xf81f, 0xf81f, 0xf81f, 0xf81f, 0xf81f, 0xf81f, 0xf81f, 0xf81f, 0xf81f, 0xf81f,
    0xf81f, 0xf81f, 0xf81f, 0xf81f, 0xf81f, 0xf81f, 0xf81f, 0xf81f, 0xf81f, 0xf81f, 0xf81f, 0xf81f,
    0xf81f, 0xf81f, 0xf81f, 0xf81f, 0xf81f, 0xf81f, 0xf81f, 0xf81f, 0xf81f, 0xf81f, 0xf81f, 0xf81f,
    0xf81f, 0xf81f, 0xf81f, 0xf81f, 0xf81f, 0xf81f, 0xf81f, 0xf81f, 0xf81f, 0xf81f, 0xf81f, 0xf81f,
    0xf81f, 0xf81f, 0x0000, 0xffff, 0xffff, 0xffff, 0xffff, 0xffff, 0x0000, 0xffff, 0xffff, 0xbe9c,
    0xffff, 0xffff, 0xffff, 0xffff, 0xffff, 0x0000, 0x0000, 0x64d4, 0x0000, 0x6db8, 0xffff, 0xffff,
    0xffff, 0xffff, 0xbe9c, 0xbe9c, 0xbe9c, 0xbe9c, 0x0000, 0xffff, 0xffff, 0xffff, 0xffff, 0xbe9c,
    0xffff, 0x0000, 0x0000, 0xf81f, 0xf81f, 0xf81f, 0xf81f, 0xf81f, 0xf81f, 0xf81f, 0xf81f, 0xf81f,
    0xf81f, 0xf81f, 0xf81f, 0xf81f, 0xf81f, 0xf81f, 0xf81f, 0xf81f, 0xf81f, 0xf81f, 0xf81f, 0xf81f,
    0xf81f, 0xf81f, 0xf81f, 0xf81f, 0xf81f, 0xf81f, 0xf81f, 0xf81f, 0xf81f, 0xf81f, 0xf81f, 0xf81f,
    0xf81f, 0xf81f, 0xf81f, 0xf81f, 0xf81f, 0xf81f, 0xf81f, 0xf81f, 0xf81f, 0xf81f, 0xf81f, 0xf81f,
    0xf81f, 0xf81f, 0xf81f, 0xf81f, 0xf81f, 0xf81f, 0xf81f, 0xf81f, 0xf81f, 0xf81f, 0xf81f, 0xf81f,
    0xf81f, 0xf81f, 0x0000, 0xffff, 0xffff, 0xffff, 0xffff, 0xffff, 0x0000, 0xffff, 0xbe9c, 0xbe9c,
    0xffff, 0xffff, 0xffff, 0xffff, 0x64d4, 0x0000, 0x8e19, 0x64d4, 0x0000, 0x0000, 0x0000, 0xffff,
    0xffff, 0xffff, 0xbe9c, 0xbe9c, 0xbe9c, 0xbe9c, 0x0000, 0xffff, 0xffff, 0xbe9c, 0xffff, 0xbe9c,
    0xffff, 0x0000, 0xf81f, 0xf81f, 0xf81f, 0xf81f, 0xf81f, 0xf81f, 0xf81f, 0xf81f, 0xf81f, 0xf81f,
    0xf81f, 0xf81f, 0xf81f, 0xf81f, 0xf81f, 0xf81f, 0xf81f, 0xf81f, 0xf81f, 0xf81f, 0xf81f, 0xf81f,
    0xf81f, 0xf81f, 0xf81f, 0xf81f, 0xf81f, 0xf81f, 0xf81f, 0xf81f, 0xf81f, 0xf81f, 0xf81f, 0xf81f,
    0xf81f, 0xf81f, 0xf81f, 0xf81f, 0xf81f, 0xf81f, 0xf81f, 0xf81f, 0xf81f, 0xf81f, 0xf81f, 0xf81f,
    0xf81f, 0xf81f, 0xf81f, 0xf81f, 0xf81f, 0xf81f, 0xf81f, 0xf81f, 0xf81f, 0xf81f, 0xf81f, 0xf81f,
    0x0000, 0xf81f, 0x0000, 0xffff, 0xbe9c, 0xffff, 0xffff, 0xffff, 0x0000, 0xbe9c, 0xbe9c, 0xbe9c,
    0xffff, 0xffff, 0xffff, 0x0000, 0x0000, 0x8e19, 0x8e19, 0x64d4, 0x64d4, 0x64d4, 0x0000, 0x0000,
    0xffff, 0xffff, 0xffff, 0xbe9c, 0xbe9c, 0xbe9c, 0x0000, 0xffff, 0xffff, 0xbe9c, 0xffff, 0xffff,
    0xffff, 0x0000, 0x0000, 0xf81f, 0xf81f, 0xf81f, 0xf81f, 0xf81f, 0xf81f, 0xf81f, 0xf81f, 0xf81f,
    0xf81f, 0xf81f, 0xf81f, 0xf81f, 0xf81f, 0xf81f, 0xf81f, 0xf81f, 0xf81f, 0xf81f, 0xf81f, 0xf81f,
    0xf81f, 0xf81f, 0xf81f, 0xf81f, 0xf81f, 0xf81f, 0xf81f, 0xf81f, 0xf81f, 0xf81f, 0xf81f, 0xf81f,
    0xf81f, 0xf81f, 0xf81f, 0xf81f, 0xf81f, 0xf81f, 0xf81f, 0xf81f, 0xf81f, 0xf81f, 0xf81f, 0xf81f,
    0xf81f, 0xf81f, 0xf81f, 0xf81f, 0xf81f, 0xf81f, 0xf81f, 0xf81f, 0xf81f, 0xf81f, 0xf81f, 0x0000,
    0x230d, 0x0000, 0x0000, 0x0000, 0xbe9c, 0xbe9c, 0xffff, 0xffff, 0x0000, 0xbe9c, 0xbe9c, 0xbe9c,
    0xffff, 0xffff, 0xffff, 0x0000, 0x8e19, 0x8e19, 0x8e19, 0x8e19, 0x64d4, 0x64d4, 0x64d4, 0x0000,
    0xffff, 0xffff, 0xffff, 0xffff, 0xbe9c, 0xbe9c, 0x0000, 0xffff, 0xffff, 0xbe9c, 0xffff, 0xffff,
    0xffff, 0x0000, 0xffff, 0x0000, 0x0000, 0x0000, 0x0000, 0xf81f, 0xf81f, 0xf81f, 0xf81f, 0xf81f,
    0xf81f, 0xf81f, 0xf81f, 0xf81f, 0xf81f, 0xf81f, 0xf81f, 0xf81f, 0xf81f, 0xf81f, 0xf81f, 0xf81f,
    0xf81f, 0xf81f, 0xf81f, 0xf81f, 0xf81f, 0xf81f, 0xf81f, 0xf81f, 0xf81f, 0xf81f, 0xf81f, 0xf81f,
    0xf81f, 0xf81f, 0xf81f, 0xf81f, 0xf81f, 0xf81f, 0xf81f, 0xf81f, 0xf81f, 0xf81f, 0xf81f, 0xf81f,
    0xf81f, 0xf81f, 0xf81f, 0xf81f, 0xf81f, 0xf81f, 0xf81f, 0xf81f, 0xf81f, 0x0000, 0x0000, 0x0000,
    0x230d, 0x230d, 0x0000, 0x0000, 0x8e19, 0xbe9c, 0xffff, 0xffff, 0x0000, 0xbe9c, 0xbe9c, 0xbe9c,
    0xbe9c, 0x0000, 0x0000, 0x8e19, 0x8e19, 0x8e19, 0x8e19, 0x8e19, 0x8e19, 0x8e19, 0x64d4, 0x64d4,
    0x0000, 0xffff, 0xffff, 0xbe9c, 0xbe9c, 0xbe9c, 0x0000, 0xffff, 0xffff, 0xbe9c, 0xbe9c, 0xffff,
    0x0000, 0x0000, 0xffff, 0xffff, 0xffff, 0x0000, 0x0000, 0x0000, 0xf81f, 0xf81f, 0xf81f, 0xf81f,
    0xf81f, 0xf81f, 0xf81f, 0xf81f, 0xf81f, 0xf81f, 0xf81f, 0xf81f, 0xf81f, 0xf81f, 0xf81f, 0xf81f,
    0xf81f, 0xf81f, 0xf81f, 0xf81f, 0xf81f, 0xf81f, 0xf81f, 0xf81f, 0xf81f, 0xf81f, 0xf81f, 0xf81f,
    0xf81f, 0xf81f, 0xf81f, 0xf81f, 0xf81f, 0xf81f, 0xf81f, 0xf81f, 0xf81f, 0xf81f, 0xf81f, 0xf81f,
    0xf81f, 0xf81f, 0xf81f, 0xf81f, 0xf81f, 0xf81f, 0xf81f, 0xf81f, 0xf81f, 0x0000, 0x0000, 0x6db8,
    0x6db8, 0x230d, 0x0000, 0x0000, 0xbe9c, 0xbe9c, 0xffff, 0xffff, 0x0000, 0x0000, 0x0000, 0x0000,
    0x0000, 0x8e19, 0x8e19, 0x8e19, 0xffff, 0xffff, 0xffff, 0x8e19, 0x8e19, 0x8e19, 0x8e19, 0x8e19,
    0x0000, 0x0000, 0x0000, 0x0000, 0x0000, 0x0000, 0x0000, 0xffff, 0xffff, 0xbe9c, 0xffff, 0xffff,
    0x0000, 0xffff, 0xffff, 0x6db8, 0x6db8, 0x6db8, 0x6db8, 0x8537, 0x0000, 0xf81f, 0xf81f, 0xf81f,
    0xf81f, 0xf81f, 0xf81f, 0xf81f, 0xf81f, 0xf81f, 0xf81f, 0xf81f, 0xf81f, 0xf81f, 0xf81f, 0xf81f,
    0xf81f, 0xf81f, 0xf81f, 0xf81f, 0xf81f, 0xf81f, 0xf81f, 0xf81f, 0xf81f, 0xf81f, 0xf81f, 0xf81f,
    0xf81f, 0xf81f, 0xf81f, 0xf81f, 0xf81f, 0xf81f, 0xf81f, 0xf81f, 0xf81f, 0xf81f, 0xf81f, 0xf81f,
    0xf81f, 0xf81f, 0xf81f, 0xf81f, 0xf81f, 0xf81f, 0xf81f, 0xf81f, 0x0000, 0xffff, 0xffff, 0x6db8,
    0x6db8, 0x230d, 0x0000, 0x0000, 0xffff, 0xbe9c, 0xffff, 0xffff, 0xffff, 0xffff, 0xffff, 0xffff,
    0xffff, 0xffff, 0xffff, 0xffff, 0xffff, 0xffff, 0xffff, 0xffff, 0x8e19, 0x8e19, 0x8e19, 0x8e19,
    0x8e19, 0x8e19, 0x8e19, 0x8e19, 0x8e19, 0xffff, 0xffff, 0xffff, 0xffff, 0xbe9c, 0xffff, 0x0000,
    0x0000, 0xffff, 0xffff, 0x6db8, 0x6db8, 0x6db8, 0x6db8, 0x6db8, 0x0000, 0xf81f, 0xf81f, 0xf81f,
    0xf81f, 0xf81f, 0xf81f, 0xf81f, 0xf81f, 0xf81f, 0xf81f, 0xf81f, 0xf81f, 0xf81f, 0xf81f, 0xf81f,
    0xf81f, 0xf81f, 0xf81f, 0xf81f, 0xf81f, 0xf81f, 0xf81f, 0xf81f, 0xf81f, 0xf81f, 0xf81f, 0xf81f,
    0xf81f, 0xf81f, 0xf81f, 0xf81f, 0xf81f, 0xf81f, 0xf81f, 0xf81f, 0xf81f, 0xf81f, 0xf81f, 0xf81f,
    0xf81f, 0xf81f, 0xf81f, 0xf81f, 0xf81f, 0xf81f, 0xf81f, 0xf81f, 0x0000, 0xffff, 0xffff, 0x6db8,
    0x6db8, 0x230d, 0x230d, 0x0000, 0xffff, 0xbe9c, 0xffff, 0xffff, 0xffff, 0xffff, 0xffff, 0xffff,
    0xffff, 0xffff, 0xffff, 0xffff, 0xffff, 0xffff, 0xffff, 0xffff, 0xffff, 0x8e19, 0x8e19, 0x8e19,
    0x8e19, 0x8e19, 0x8e19, 0x8e19, 0x8e19, 0x8e19, 0x8e19, 0xffff, 0xffff, 0xbe9c, 0xffff, 0x0000,
    0xffff, 0xffff, 0xffff, 0xbe9c, 0xbe9c, 0xbe9c, 0xbe9c, 0x6db8, 0x0000, 0x0000, 0xf81f, 0xf81f,
    0xf81f, 0xf81f, 0xf81f, 0xf81f, 0xf81f, 0xf81f, 0xf81f, 0xf81f, 0xf81f, 0xf81f, 0xf81f, 0xf81f,
    0xf81f, 0xf81f, 0xf81f, 0xf81f, 0xf81f, 0xf81f, 0xf81f, 0xf81f, 0xf81f, 0xf81f, 0xf81f, 0xf81f,
    0xf81f, 0xf81f, 0xf81f, 0xf81f, 0xf81f, 0xf81f, 0xf81f, 0xf81f, 0xf81f, 0xf81f, 0xf81f, 0xf81f,
    0xf81f, 0xf81f, 0xf81f, 0xf81f, 0xf81f, 0xf81f, 0xf81f, 0x0000, 0x0000, 0xffff, 0xffff, 0x6db8,
    0x6db8, 0x230d, 0x230d, 0x0000, 0xffff, 0xffff, 0xffff, 0xffff, 0xffff, 0xffff, 0xffff, 0xffff,
    0xffff, 0xffff, 0xffff, 0xffff, 0xffff, 0xffff, 0xffff, 0xffff, 0xffff, 0xffff, 0xffff, 0xffff,
    0x8e19, 0x8e19, 0x8e19, 0x8e19, 0x8e19, 0x8e19, 0xffff, 0xffff, 0xbe9c, 0x6db8, 0xffff, 0x0000,
    0xffff, 0xffff, 0xbe9c, 0xbe9c, 0xbe9c, 0xbe9c, 0xbe9c, 0xbe9c, 0xffff, 0x0000, 0xf81f, 0xf81f,
    0xf81f, 0xf81f, 0xf81f, 0xf81f, 0xf81f, 0xf81f, 0xf81f, 0xf81f, 0xf81f, 0xf81f, 0xf81f, 0xf81f,
    0xf81f, 0xf81f, 0xf81f, 0xf81f, 0xf81f, 0xf81f, 0xf81f, 0xf81f, 0xf81f, 0xf81f, 0xf81f, 0xf81f,
    0xf81f, 0xf81f, 0xf81f, 0xf81f, 0xf81f, 0xf81f, 0xf81f, 0xf81f, 0xf81f, 0xf81f, 0xf81f, 0xf81f,
    0xf81f, 0xf81f, 0xf81f, 0xf81f, 0xf81f, 0xf81f, 0xf81f, 0x0000, 0x0000, 0xffff, 0xffff, 0xffff,
    0x8537, 0x230d, 0x230d, 0x0000, 0xffff, 0xffff, 0xffff, 0xffff, 0xffff, 0xffff, 0xffff, 0xffff,
    0xffff, 0xffff, 0xffff, 0xffff, 0xffff, 0xffff, 0xffff, 0xffff, 0xffff, 0xffff, 0xffff, 0xffff,
    0xffff, 0xffff, 0xffff, 0xffff, 0xffff, 0xffff, 0xffff, 0xffff, 0x6db8, 0x6db8, 0x0000, 0x0000,
    0xffff, 0x6db8, 0xbe9c, 0xbe9c, 0xbe9c, 0xbe9c, 0xffff, 0xffff, 0xffff, 0xffff, 0x0000, 0xf81f,
    0xf81f, 0xf81f, 0xf81f, 0xf81f, 0xf81f, 0xf81f, 0xf81f, 0xf81f, 0xf81f, 0xf81f, 0xf81f, 0xf81f,
    0xf81f, 0xf81f, 0xf81f, 0xf81f, 0xf81f, 0xf81f, 0xf81f, 0xf81f, 0xf81f, 0xf81f, 0xf81f, 0xf81f,
    0xf81f, 0xf81f, 0xf81f, 0xf81f, 0xf81f, 0xf81f, 0xf81f, 0xf81f, 0xf81f, 0xf81f, 0xf81f, 0xf81f,
    0xf81f, 0xf81f, 0xf81f, 0xf81f, 0xf81f, 0xf81f, 0xf81f, 0x0000, 0x0000, 0xffff, 0xffff, 0xffff,
    0x8537, 0x6db8, 0x230d, 0x0000, 0x0000, 0x0000, 0xffff, 0xffff, 0xffff, 0xffff, 0xffff, 0xffff,
    0xffff, 0xffff, 0xffff, 0xffff, 0xffff, 0xffff, 0xffff, 0xffff, 0xffff, 0xffff, 0xffff, 0xffff,
    0xffff, 0xffff, 0xffff, 0xffff, 0xffff, 0xffff, 0xbe9c, 0xbe9c, 0x6db8, 0x0000, 0x0000, 0x0000,
    0xffff, 0x8537, 0xffff, 0xffff, 0xffff, 0xffff, 0xffff, 0xffff, 0xffff, 0xffff, 0x0000, 0xf81f,
    0xf81f, 0xf81f, 0xf81f, 0xf81f, 0xf81f, 0xf81f, 0xf81f, 0xf81f, 0xf81f, 0xf81f, 0xf81f, 0xf81f,
    0xf81f, 0xf81f, 0xf81f, 0xf81f, 0xf81f, 0xf81f, 0xf81f, 0xf81f, 0xf81f, 0xf81f, 0xf81f, 0xf81f,
    0xf81f, 0xf81f, 0xf81f, 0xf81f, 0xf81f, 0xf81f, 0xf81f, 0xf81f, 0xf81f, 0xf81f, 0xf81f, 0xf81f,
    0xf81f, 0xf81f, 0xf81f, 0xf81f, 0xf81f, 0xf81f, 0xf81f, 0x0000, 0xffff, 0xffff, 0xffff, 0xbe9c,
    0x8537, 0x6db8, 0x230d, 0x0000, 0x0000, 0x0000, 0xffff, 0xffff, 0xffff, 0xffff, 0xffff, 0xffff,
    0xffff, 0xffff, 0xffff, 0xffff, 0xffff, 0xffff, 0xffff, 0xffff, 0xffff, 0xffff, 0xffff, 0xffff,
    0xffff, 0xffff, 0xffff, 0xffff, 0xffff, 0xbe9c, 0xbe9c, 0x6db8, 0x6db8, 0x0000, 0x0000, 0x8537,
    0x8537, 0x8537, 0xffff, 0xffff, 0xffff, 0xffff, 0xffff, 0xffff, 0xffff, 0xffff, 0x0000, 0x0000,
    0xf81f, 0xf81f, 0xf81f, 0xf81f, 0xf81f, 0xf81f, 0xf81f, 0xf81f, 0xf81f, 0xf81f, 0xf81f, 0xf81f,
    0xf81f, 0xf81f, 0xf81f, 0xf81f, 0xf81f, 0xf81f, 0xf81f, 0xf81f, 0xf81f, 0xf81f, 0xf81f, 0xf81f,
    0xf81f, 0xf81f, 0xf81f, 0xf81f, 0xf81f, 0xf81f, 0xf81f, 0xf81f, 0xf81f, 0xf81f, 0xf81f, 0xf81f,
    0xf81f, 0xf81f, 0xf81f, 0xf81f, 0xf81f, 0xf81f, 0x0000, 0x0000, 0xffff, 0xffff, 0xffff, 0xbe9c,
    0x8537, 0x6db8, 0x230d, 0x0000, 0x2b10, 0x1168, 0x0000, 0xffff, 0xffff, 0xffff, 0xffff, 0xffff,
    0xffff, 0xffff, 0xffff, 0xffff, 0xffff, 0xffff, 0xffff, 0xffff, 0xffff, 0xffff, 0xffff, 0xffff,
    0xffff, 0xffff, 0xffff, 0xffff, 0xffff, 0xbe9c, 0xbe9c, 0x6db8, 0x0000, 0x0000, 0xbe9c, 0x8537,
    0x8537, 0x8537, 0xffff, 0xffff, 0xffff, 0xffff, 0xffff, 0xffff, 0xffff, 0xffff, 0xffff, 0x0000,
    0xf81f, 0xf81f, 0xf81f, 0xf81f, 0xf81f, 0xf81f, 0xf81f, 0xf81f, 0xf81f, 0xf81f, 0xf81f, 0xf81f,
    0xf81f, 0xf81f, 0xf81f, 0xf81f, 0xf81f, 0xf81f, 0xf81f, 0xf81f, 0xf81f, 0xf81f, 0xf81f, 0xf81f,
    0xf81f, 0xf81f, 0xf81f, 0xf81f, 0xf81f, 0xf81f, 0xf81f, 0xf81f, 0xf81f, 0xf81f, 0xf81f, 0xf81f,
    0xf81f, 0xf81f, 0xf81f, 0xf81f, 0xf81f, 0xf81f, 0x0000, 0xffff, 0xffff, 0xffff, 0xffff, 0xbe9c,
    0x8537, 0x230d, 0x230d, 0x0000, 0x2b10, 0x1168, 0x1168, 0x0000, 0xffff, 0xffff, 0xffff, 0xffff,
    0xffff, 0xffff, 0xffff, 0xffff, 0xffff, 0xffff, 0xffff, 0xffff, 0xffff, 0xffff, 0xffff, 0xffff,
    0xffff, 0xffff, 0xffff, 0xffff, 0xbe9c, 0xbe9c, 0x6db8, 0x6db8, 0x0000, 0x0000, 0x8537, 0x8537,
    0x8537, 0xffff, 0xffff, 0xffff, 0xffff, 0xffff, 0xffff, 0xffff, 0xffff, 0xffff, 0xffff, 0x0000,
    0xf81f, 0xf81f, 0xf81f, 0xf81f, 0xf81f, 0xf81f, 0xf81f, 0xf81f, 0xf81f, 0xf81f, 0xf81f, 0xf81f,
    0xf81f, 0xf81f, 0xf81f, 0xf81f, 0xf81f, 0xf81f, 0xf81f, 0xf81f, 0xf81f, 0xf81f, 0xf81f, 0xf81f,
    0xf81f, 0xf81f, 0xf81f, 0xf81f, 0xf81f, 0xf81f, 0xf81f, 0xf81f, 0xf81f, 0xf81f, 0xf81f, 0xf81f,
    0xf81f, 0xf81f, 0xf81f, 0xf81f, 0xf81f, 0xf81f, 0x0000, 0xffff, 0xffff, 0xffff, 0xbe9c, 0xbe9c,
    0x6db8, 0x230d, 0x230d, 0x0000, 0x2b10, 0x2b10, 0x1168, 0x0000, 0xffff, 0xffff, 0xffff, 0xffff,
    0xffff, 0xffff, 0xffff, 0xffff, 0xffff, 0xffff, 0xffff, 0xffff, 0xffff, 0xffff, 0xffff, 0xffff,
    0xffff, 0xffff, 0xffff, 0xbe9c, 0xbe9c, 0x6db8, 0x6db8, 0x0000, 0x0000, 0x0000, 0x8537, 0x8537,
    0xffff, 0xffff, 0xffff, 0xffff, 0xffff, 0xffff, 0xffff, 0xffff, 0xffff, 0xffff, 0xffff, 0x0000,
    0xf81f, 0xf81f, 0xf81f, 0xf81f, 0xf81f, 0xf81f, 0xf81f, 0xf81f, 0xf81f, 0xf81f, 0xf81f, 0xf81f,
    0xf81f, 0xf81f, 0xf81f, 0xf81f, 0xf81f, 0xf81f, 0xf81f, 0xf81f, 0xf81f, 0xf81f, 0xf81f, 0xf81f,
    0xf81f, 0xf81f, 0xf81f, 0xf81f, 0xf81f, 0xf81f, 0xf81f, 0xf81f, 0xf81f, 0xf81f, 0xf81f, 0xf81f,
    0xf81f, 0xf81f, 0xf81f, 0xf81f, 0xf81f, 0x0000, 0x0000, 0xffff, 0xffff, 0xffff, 0xbe9c, 0xbe9c,
    0x6db8, 0x6db8, 0x230d, 0x0000, 0x2b10, 0x2b10, 0x2b10, 0x1168, 0x0000, 0xffff, 0xffff, 0xffff,
    0xffff, 0xffff, 0xffff, 0xffff, 0xffff, 0xffff, 0xffff, 0xffff, 0xffff, 0xffff, 0xffff, 0xffff,
    0xffff, 0xffff, 0xbe9c, 0xbe9c, 0x6db8, 0x6db8, 0x0000, 0x0000, 0x0000, 0x0000, 0x8537, 0x8537,
    0xffff, 0xffff, 0xffff, 0xffff, 0xffff, 0xffff, 0xffff, 0xffff, 0xffff, 0xffff, 0xffff, 0x0000,
    0xf81f, 0xf81f, 0xf81f, 0xf81f, 0xf81f, 0xf81f, 0xf81f, 0xf81f, 0xf81f, 0xf81f, 0xf81f, 0xf81f,
    0xf81f, 0xf81f, 0xf81f, 0xf81f, 0xf81f, 0xf81f, 0xf81f, 0xf81f, 0xf81f, 0xf81f, 0xf81f, 0xf81f,
    0xf81f, 0xf81f, 0xf81f, 0xf81f, 0xf81f, 0xf81f, 0xf81f, 0xf81f, 0xf81f, 0xf81f, 0xf81f, 0xf81f,
    0xf81f, 0xf81f, 0xf81f, 0xf81f, 0xf81f, 0x0000, 0xffff, 0xffff, 0xffff, 0xffff, 0xbe9c, 0xbe9c,
    0x6db8, 0x6db8, 0x0000, 0x0000, 0x0000, 0x2b10, 0x2b10, 0x1168, 0x1168, 0x0000, 0xffff, 0xffff,
    0xffff, 0xffff, 0xffff, 0xffff, 0xffff, 0xffff, 0xffff, 0xffff, 0xffff, 0xffff, 0xffff, 0xffff,
    0xbe9c, 0xbe9c, 0xbe9c, 0x6db8, 0x6db8, 0x0000, 0x0000, 0x1168, 0x0000, 0x0000, 0xffff, 0xffff,
    0xffff, 0xffff, 0xffff, 0xffff, 0xffff, 0xffff, 0xffff, 0xffff, 0xffff, 0xffff, 0xffff, 0xffff,
    0x0000, 0xf81f, 0xf81f, 0xf81f, 0xf81f, 0xf81f, 0xf81f, 0xf81f, 0xf81f, 0xf81f, 0xf81f, 0xf81f,
    0xf81f, 0xf81f, 0xf81f, 0xf81f, 0xf81f, 0xf81f, 0xf81f, 0xf81f, 0xf81f, 0xf81f, 0xf81f, 0xf81f,
    0xf81f, 0xf81f, 0xf81f, 0xf81f, 0xf81f, 0xf81f, 0xf81f, 0xf81f, 0xf81f, 0xf81f, 0xf81f, 0xf81f,
    0xf81f, 0xf81f, 0xf81f, 0xf81f, 0xf81f, 0x0000, 0xffff, 0xffff, 0xffff, 0xbe9c, 0xbe9c, 0x8537,
    0x6db8, 0x6db8, 0x0000, 0xffff, 0x0000, 0x2b10, 0x2b10, 0x1168, 0x1168, 0x1168, 0x0000, 0xffff,
    0xffff, 0xffff, 0xffff, 0xffff, 0xffff, 0xffff, 0xffff, 0xffff, 0xffff, 0xffff, 0xffff, 0xbe9c,
    0xbe9c, 0x6db8, 0x6db8, 0x6db8, 0x6db8, 0x0000, 0x1168, 0x0000, 0x8e19, 0x0000, 0xffff, 0xffff,
    0xffff, 0xffff, 0xffff, 0xffff, 0xffff, 0xffff, 0xffff, 0xffff, 0xffff, 0xffff, 0xffff, 0xffff,
    0x0000, 0xf81f, 0xf81f, 0xf81f, 0xf81f, 0xf81f, 0xf81f, 0xf81f, 0xf81f, 0xf81f, 0xf81f, 0xf81f,
    0xf81f, 0xf81f, 0xf81f, 0xf81f, 0xf81f, 0xf81f, 0xf81f, 0xf81f, 0xf81f, 0xf81f, 0xf81f, 0xf81f,
    0xf81f, 0xf81f, 0xf81f, 0xf81f, 0xf81f, 0xf81f, 0xf81f, 0xf81f, 0xf81f, 0xf81f, 0xf81f, 0xf81f,
    0xf81f, 0xf81f, 0xf81f, 0xf81f, 0x0000, 0x0000, 0xffff, 0xffff, 0xffff, 0xbe9c, 0xbe9c, 0x6db8,
    0x6db8, 0x8537, 0x0000, 0xffff, 0x0000, 0x2b10, 0x2b10, 0x2b10, 0x1168, 0x1168, 0x1168, 0x0000,
    0xffff, 0xffff, 0xffff, 0xffff, 0xffff, 0xffff, 0xffff, 0xffff, 0xffff, 0xffff, 0xbe9c, 0x6db8,
    0x6db8, 0x6db8, 0x6db8, 0x6db8, 0x0000, 0x1168, 0x1168, 0x0000, 0x8e19, 0x0000, 0xffff, 0xffff,
    0xffff, 0xffff, 0xffff, 0xffff, 0xffff, 0xffff, 0xffff, 0xffff, 0xffff, 0xffff, 0xffff, 0xffff,
    0x0000, 0xf81f, 0xf81f, 0xf81f, 0xf81f, 0xf81f, 0xf81f, 0xf81f, 0xf81f, 0xf81f, 0xf81f, 0xf81f,
    0xf81f, 0xf81f, 0xf81f, 0xf81f, 0xf81f, 0xf81f, 0xf81f, 0xf81f, 0xf81f, 0xf81f, 0xf81f, 0xf81f,
    0xf81f, 0xf81f, 0xf81f, 0xf81f, 0xf81f, 0xf81f, 0xf81f, 0xf81f, 0xf81f, 0xf81f, 0xf81f, 0xf81f,
    0xf81f, 0xf81f, 0xf81f, 0xf81f, 0x0000, 0xffff, 0xffff, 0xffff, 0xffff, 0xbe9c, 0xbe9c, 0x6db8,
    0x6db8, 0x0000, 0x0000, 0xffff, 0x0000, 0x2b10, 0x2b10, 0x4c56, 0x0000, 0x1168, 0x1168, 0x1168,
    0x0000, 0xffff, 0xffff, 0xffff, 0xffff, 0xffff, 0xffff, 0xffff, 0xffff, 0xbe9c, 0xbe9c, 0x6db8,
    0x6db8, 0x6db8, 0x6db8, 0x0000, 0x0000, 0x1168, 0x0000, 0x8e19, 0x8e19, 0x0000, 0xffff, 0xffff,
    0xffff, 0xffff, 0xffff, 0xffff, 0xffff, 0xffff, 0xffff, 0xffff, 0xffff, 0xffff, 0xffff, 0xffff,
    0x0000, 0xf81f, 0xf81f, 0xf81f, 0xf81f, 0xf81f, 0xf81f, 0xf81f, 0xf81f, 0xf81f, 0xf81f, 0xf81f,
    0xf81f, 0xf81f, 0xf81f, 0xf81f, 0xf81f, 0xf81f, 0xf81f, 0xf81f, 0xf81f, 0xf81f, 0xf81f, 0xf81f,
    0xf81f, 0xf81f, 0xf81f, 0xf81f, 0xf81f, 0xf81f, 0xf81f, 0xf81f, 0xf81f, 0xf81f, 0xf81f, 0xf81f,
    0xf81f, 0xf81f, 0xf81f, 0xf81f, 0x0000, 0xffff, 0xffff, 0xffff, 0xbe9c, 0xbe9c, 0x8537, 0x6db8,
    0x6db8, 0x0000, 0xffff, 0xffff, 0x0000, 0x2b10, 0x2b10, 0x4c56, 0x4c56, 0x1168, 0x1168, 0x1168,
    0x1168, 0xffff, 0xffff, 0xffff, 0xffff, 0xffff, 0xffff, 0xffff, 0xbe9c, 0xbe9c, 0x6db8, 0x6db8,
    0x6db8, 0x6db8, 0x0000, 0x1168, 0x1168, 0x1168, 0x0000, 0xbe9c, 0x8e19, 0x0000, 0xffff, 0xffff,
    0xffff, 0xffff, 0xffff, 0xffff, 0xffff, 0xffff, 0xffff, 0xffff, 0xffff, 0xffff, 0xffff, 0xffff,
    0xffff, 0x0000, 0xf81f, 0xf81f, 0xf81f, 0xf81f, 0xf81f, 0xf81f, 0xf81f, 0xf81f, 0xf81f, 0xf81f,
    0xf81f, 0xf81f, 0xf81f, 0xf81f, 0xf81f, 0xf81f, 0xf81f, 0xf81f, 0xf81f, 0xf81f, 0xf81f, 0xf81f,
    0xf81f, 0xf81f, 0xf81f, 0xf81f, 0xf81f, 0xf81f, 0xf81f, 0xf81f, 0xf81f, 0xf81f, 0xf81f, 0xf81f,
    0xf81f, 0xf81f, 0xf81f, 0xf81f, 0x0000, 0xffff, 0xffff, 0xffff, 0xbe9c, 0xbe9c, 0x6db8, 0x6db8,
    0x6db8, 0x0000, 0xffff, 0xffff, 0xffff, 0x0000, 0x2b10, 0x2b10, 0x4c56, 0x4c56, 0x1168, 0x1168,
    0x1168, 0x0000, 0xffff, 0xffff, 0xffff, 0xffff, 0xffff, 0xffff, 0xbe9c, 0xbe9c, 0x6db8, 0x6db8,
    0x6db8, 0x6db8, 0x0000, 0x1168, 0x7d9a, 0x0000, 0x0000, 0xbe9c, 0x8e19, 0x0000, 0xffff, 0xffff,
    0xffff, 0xffff, 0xffff, 0xffff, 0xffff, 0xffff, 0xffff, 0xffff, 0xffff, 0xffff, 0x6db8, 0xffff,
    0xffff, 0x0000, 0xf81f, 0xf81f, 0xf81f, 0xf81f, 0xf81f, 0xf81f, 0xf81f, 0xf81f, 0xf81f, 0xf81f,
    0xf81f, 0xf81f, 0xf81f, 0xf81f, 0xf81f, 0xf81f, 0xf81f, 0xf81f, 0xf81f, 0xf81f, 0xf81f, 0xf81f,
    0xf81f, 0xf81f, 0xf81f, 0xf81f, 0xf81f, 0xf81f, 0xf81f, 0xf81f, 0xf81f, 0xf81f, 0xf81f, 0xf81f,
    0xf81f, 0xf81f, 0xf81f, 0x0000, 0xffff, 0xffff, 0xffff, 0xffff, 0xbe9c, 0x6db8, 0x6db8, 0x6db8,
    0x0000, 0x0000, 0xffff, 0xffff, 0xffff, 0x0000, 0x0000, 0x2b10, 0x2b10, 0x4c56, 0x4c56, 0x1168,
    0x1168, 0x0000, 0x0000, 0xffff, 0xffff, 0xffff, 0xffff, 0xffff, 0xbe9c, 0xbe9c, 0x6db8, 0x6db8,
    0x6db8, 0x0000, 0x1168, 0x2b10, 0x7d9a, 0x0000, 0xffff, 0x8e19, 0x8e19, 0x0000, 0xffff, 0xffff,
    0xffff, 0xffff, 0xffff, 0xffff, 0xffff, 0xffff, 0xffff, 0xffff, 0xffff, 0xffff, 0x6db8, 0xffff,
    0xffff, 0x0000, 0xf81f, 0xf81f, 0xf81f, 0xf81f, 0xf81f, 0xf81f, 0xf81f, 0xf81f, 0xf81f, 0xf81f,
    0xf81f, 0xf81f, 0xf81f, 0xf81f, 0xf81f, 0xf81f, 0xf81f, 0xf81f, 0xf81f, 0xf81f, 0xf81f, 0xf81f,
    0xf81f, 0xf81f, 0xf81f, 0xf81f, 0xf81f, 0xf81f, 0xf81f, 0xf81f, 0xf81f, 0xf81f, 0xf81f, 0xf81f,
    0xf81f, 0xf81f, 0xf81f, 0x0000, 0xffff, 0xffff, 0xffff, 0xffff, 0xbe9c, 0x6db8, 0x6db8, 0x6db8,
    0x0000, 0xffff, 0xffff, 0xffff, 0xffff, 0xffff, 0x0000, 0x0000, 0x2b10, 0x4c56, 0x4c56, 0x4c56,
    0x1168, 0x1168, 0x0000, 0x0000, 0xffff, 0xffff, 0xffff, 0xffff, 0xbe9c, 0xbe9c, 0x6db8, 0x0000,
    0x0000, 0x0000, 0x2b10, 0x4c56, 0x0000, 0x0000, 0x8e19, 0x8e19, 0x0000, 0x0000, 0xffff, 0xffff,
    0xffff, 0xffff, 0xffff, 0xffff, 0xffff, 0xffff, 0xffff, 0xffff, 0xffff, 0xffff, 0x6db8, 0xbe9c,
    0xffff, 0x0000, 0xf81f, 0xf81f, 0xf81f, 0xf81f, 0xf81f, 0xf81f, 0xf81f, 0xf81f, 0xf81f, 0xf81f,
    0xf81f, 0xf81f, 0xf81f, 0xf81f, 0xf81f, 0xf81f, 0xf81f, 0xf81f, 0xf81f, 0xf81f, 0xf81f, 0xf81f,
    0xf81f, 0xf81f, 0xf81f, 0xf81f, 0xf81f, 0xf81f, 0xf81f, 0xf81f, 0xf81f, 0xf81f, 0xf81f, 0xf81f,
    0xf81f, 0xf81f, 0x0000, 0x0000, 0xffff, 0xffff, 0xffff, 0xffff, 0xbe9c, 0x6db8, 0x6db8, 0x6db8,
    0x0000, 0xffff, 0xffff, 0xffff, 0xffff, 0xffff, 0xffff, 0x0000, 0x0000, 0x2b10, 0x4c56, 0x4c56,
    0x4c56, 0x1168, 0x1168, 0x0000, 0x0000, 0xffff, 0xffff, 0xffff, 0xbe9c, 0xbe9c, 0x0000, 0x0000,
    0x1168, 0x2b10, 0x4c56, 0x0000, 0x0000, 0xffff, 0x8e19, 0x0000, 0x0000, 0x0000, 0xffff, 0xffff,
    0xffff, 0xffff, 0xffff, 0xffff, 0xffff, 0xffff, 0xffff, 0xffff, 0xffff, 0xffff, 0x6db8, 0xbe9c,
    0xffff, 0x0000, 0x0000, 0xf81f, 0xf81f, 0xf81f, 0xf81f, 0xf81f, 0xf81f, 0xf81f, 0xf81f, 0xf81f,
    0xf81f, 0xf81f, 0xf81f, 0xf81f, 0xf81f, 0xf81f, 0xf81f, 0xf81f, 0xf81f, 0xf81f, 0xf81f, 0xf81f,
    0xf81f, 0xf81f, 0xf81f, 0xf81f, 0xf81f, 0xf81f, 0xf81f, 0xf81f, 0xf81f, 0xf81f, 0xf81f, 0xf81f,
    0xf81f, 0xf81f, 0x0000, 0xffff, 0xffff, 0xffff, 0xffff, 0xffff, 0x8537, 0x6db8, 0x6db8, 0x6db8,
    0x0000, 0xffff, 0xffff, 0xffff, 0xffff, 0xffff, 0xffff, 0xffff, 0x0000, 0x0000, 0x2b10, 0x4c56,
    0x4c56, 0x4c56, 0x1168, 0x1168, 0x0000, 0x0000, 0x0000, 0x0000, 0x0000, 0x0000, 0x1168, 0x1168,
    0x4c56, 0x4c56, 0x0000, 0x0000, 0xffff, 0x8e19, 0x8e19, 0x0000, 0x0000, 0xffff, 0xffff, 0xffff,
    0xffff, 0xffff, 0xffff, 0xffff, 0xffff, 0xffff, 0xffff, 0xffff, 0xffff, 0xffff, 0x6db8, 0xbe9c,
    0xffff, 0xffff, 0x0000, 0xf81f, 0xf81f, 0xf81f, 0xf81f, 0xf81f, 0xf81f, 0xf81f, 0xf81f, 0xf81f,
    0xf81f, 0xf81f, 0xf81f, 0xf81f, 0xf81f, 0xf81f, 0xf81f, 0xf81f, 0xf81f, 0xf81f, 0xf81f, 0xf81f,
    0xf81f, 0xf81f, 0xf81f, 0xf81f, 0xf81f, 0xf81f, 0xf81f, 0xf81f, 0xf81f, 0xf81f, 0xf81f, 0xf81f,
    0xf81f, 0xf81f, 0x0000, 0xffff, 0xffff, 0xffff, 0xffff, 0xbe9c, 0x8537, 0x6db8, 0x6db8, 0x0000,
    0x0000, 0xffff, 0xffff, 0xffff, 0xffff, 0xffff, 0xffff, 0xffff, 0xffff, 0x0000, 0x0000, 0x2b10,
    0x2b10, 0x2b10, 0x4c56, 0x1168, 0x1168, 0x1168, 0x1168, 0x1168, 0x1168, 0x1168, 0x2b10, 0x4c56,
    0x4c56, 0x0000, 0x0000, 0xffff, 0xbe9c, 0xbe9c, 0x8e19, 0x0000, 0xffff, 0xffff, 0xffff, 0xffff,
    0xffff, 0xffff, 0xffff, 0xffff, 0xffff, 0xffff, 0xffff, 0xffff, 0xffff, 0xffff, 0x6db8, 0xbe9c,
    0xffff, 0xffff, 0x0000, 0xf81f, 0xf81f, 0xf81f, 0xf81f, 0xf81f, 0xf81f, 0xf81f, 0xf81f, 0xf81f,
    0xf81f, 0xf81f, 0xf81f, 0xf81f, 0xf81f, 0xf81f, 0xf81f, 0xf81f, 0xf81f, 0xf81f, 0xf81f, 0xf81f,
    0xf81f, 0xf81f, 0xf81f, 0xf81f, 0xf81f, 0xf81f, 0xf81f, 0xf81f, 0xf81f, 0xf81f, 0xf81f, 0xf81f,
    0xf81f, 0xf81f, 0x0000, 0xffff, 0xffff, 0xffff, 0xffff, 0xbe9c, 0x8537, 0x6db8, 0x6db8, 0x0000,
    0xffff, 0xffff, 0xffff, 0xffff, 0xffff, 0xffff, 0xffff, 0xffff, 0xffff, 0xffff, 0x0000, 0x0000,
    0x2b10, 0x4c56, 0x2b10, 0x2b10, 0x2b10, 0x2b10, 0x2b10, 0x2b10, 0x4c56, 0x4c56, 0x4c56, 0x4c56,
    0x0000, 0x0000, 0xffff, 0xffff, 0xbe9c, 0x8e19, 0x8e19, 0x0000, 0xffff, 0xffff, 0xffff, 0xffff,
    0xffff, 0xffff, 0xffff, 0xffff, 0xffff, 0xffff, 0xffff, 0xffff, 0xffff, 0xffff, 0x6db8, 0xbe9c,
    0xbe9c, 0xffff, 0x0000, 0xf81f, 0xf81f, 0xf81f, 0xf81f, 0xf81f, 0xf81f, 0xf81f, 0xf81f, 0xf81f,
    0xf81f, 0xf81f, 0xf81f, 0xf81f, 0xf81f, 0xf81f, 0xf81f, 0xf81f, 0xf81f, 0xf81f, 0xf81f, 0xf81f,
    0xf81f, 0xf81f, 0xf81f, 0xf81f, 0xf81f, 0xf81f, 0xf81f, 0xf81f, 0xf81f, 0xf81f, 0xf81f, 0xf81f,
    0xf81f, 0x0000, 0x0000, 0xffff, 0xffff, 0xffff, 0xffff, 0xbe9c, 0x8537, 0x8537, 0x6db8, 0x0000,
    0xffff, 0xffff, 0xffff, 0xffff, 0xffff, 0xbe9c, 0xffff, 0xbe9c, 0xffff, 0xffff, 0xffff, 0x0000,
    0x0000, 0x4c56, 0x4c56, 0x4c56, 0x2b10, 0x2b10, 0x2b10, 0x4c56, 0x4c56, 0x4c56, 0x0000, 0x0000,
    0x0000, 0xffff, 0xffff, 0xbe9c, 0xbe9c, 0x8e19, 0x8e19, 0x0000, 0xffff, 0xffff, 0xffff, 0xffff,
    0xffff, 0xffff, 0xffff, 0xffff, 0xffff, 0xffff, 0xffff, 0xffff, 0xffff, 0xffff, 0x6db8, 0xbe9c,
    0xbe9c, 0xffff, 0x0000, 0xf81f, 0xf81f, 0xf81f, 0xf81f, 0xf81f, 0xf81f, 0xf81f, 0xf81f, 0xf81f,
    0xf81f, 0xf81f, 0xf81f, 0xf81f, 0xf81f, 0xf81f, 0xf81f, 0xf81f, 0xf81f, 0xf81f, 0xf81f, 0xf81f,
    0xf81f, 0xf81f, 0xf81f, 0xf81f, 0xf81f, 0xf81f, 0xf81f, 0xf81f, 0xf81f, 0xf81f, 0xf81f, 0xf81f,
    0xf81f, 0x0000, 0xffff, 0xffff, 0xffff, 0xffff, 0xbe9c, 0xbe9c, 0x8537, 0x8537, 0x8537, 0x0000,
    0xffff, 0xffff, 0xffff, 0xffff, 0xffff, 0xbe9c, 0xffff, 0xbe9c, 0xbe9c, 0xffff, 0xffff, 0xffff,
    0x0000, 0x0000, 0x0000, 0x4c56, 0x4c56, 0x4c56, 0x4c56, 0x4c56, 0x0000, 0x0000, 0x0000, 0xffff,
    0xffff, 0xffff, 0xffff, 0xbe9c, 0xbe9c, 0x8e19, 0x8e19, 0x0000, 0xffff, 0xffff, 0xffff, 0xffff,
    0xffff, 0xffff, 0xffff, 0xffff, 0xffff, 0xffff, 0xffff, 0xffff, 0xffff, 0x6db8, 0x6db8, 0xbe9c,
    0xbe9c, 0xbe9c, 0x0000, 0xf81f, 0xf81f, 0xf81f, 0xf81f, 0xf81f, 0xf81f, 0xf81f, 0xf81f, 0xf81f,
    0xf81f, 0xf81f, 0xf81f, 0xf81f, 0xf81f, 0xf81f, 0xf81f, 0xf81f, 0xf81f, 0xf81f, 0xf81f, 0xf81f,
    0xf81f, 0xf81f, 0xf81f, 0xf81f, 0xf81f, 0xf81f, 0xf81f, 0xf81f, 0xf81f, 0xf81f, 0xf81f, 0xf81f,
    0xf81f, 0x0000, 0xffff, 0xffff, 0xffff, 0xffff, 0xbe9c, 0xbe9c, 0x8537, 0x8537, 0x8537, 0x0000,
    0xffff, 0xffff, 0xffff, 0xffff, 0xffff, 0xbe9c, 0xbe9c, 0xbe9c, 0xbe9c, 0xbe9c, 0xbe9c, 0xffff,
    0xffff, 0xffff, 0x0000, 0x0000, 0x0000, 0x0000, 0x0000, 0x0000, 0x0000, 0xffff, 0xffff, 0xffff,
    0xffff, 0xffff, 0xffff, 0xbe9c, 0x8e19, 0x8e19, 0x8e19, 0x0000, 0xffff, 0xffff, 0xffff, 0xffff,
    0xffff, 0xffff, 0xffff, 0xffff, 0xffff, 0xffff, 0xffff, 0xffff, 0xffff, 0x6db8, 0x6db8, 0xbe9c,
    0xbe9c, 0xbe9c, 0x0000, 0xf81f, 0xf81f, 0xf81f, 0xf81f, 0xf81f, 0xf81f, 0xf81f, 0xf81f, 0xf81f,
    0xf81f, 0xf81f, 0xf81f, 0xf81f, 0xf81f, 0xf81f, 0xf81f, 0xf81f, 0xf81f, 0xf81f, 0xf81f, 0xf81f,
    0xf81f, 0xf81f, 0xf81f, 0xf81f, 0xf81f, 0xf81f, 0xf81f, 0xf81f, 0xf81f, 0xf81f, 0xf81f, 0xf81f,
    0xf81f, 0x0000, 0xffff, 0xffff, 0xffff, 0xffff, 0xbe9c, 0xbe9c, 0x8537, 0x8537, 0x8537, 0x0000,
    0xffff, 0xffff, 0xffff, 0xffff, 0xffff, 0xbe9c, 0xbe9c, 0xbe9c, 0xbe9c, 0xbe9c, 0xbe9c, 0xffff,
    0xffff, 0xffff, 0xffff, 0xffff, 0xffff, 0xffff, 0xffff, 0xffff, 0xbe9c, 0xbe9c, 0xbe9c, 0xbe9c,
    0xbe9c, 0xbe9c, 0xffff, 0xbe9c, 0xbe9c, 0x4452, 0x0000, 0x0000, 0xffff, 0xffff, 0xffff, 0xffff,
    0xffff, 0xffff, 0xffff, 0xffff, 0xffff, 0xffff, 0xffff, 0xffff, 0x6db8, 0x6db8, 0x6db8, 0xbe9c,
    0xbe9c, 0xbe9c, 0x0000, 0xf81f, 0xf81f, 0xf81f, 0xf81f, 0xf81f, 0xf81f, 0xf81f, 0xf81f, 0xf81f,
    0xf81f, 0xf81f, 0xf81f, 0xf81f, 0xf81f, 0xf81f, 0xf81f, 0xf81f, 0xf81f, 0xf81f, 0xf81f, 0xf81f,
    0xf81f, 0xf81f, 0xf81f, 0xf81f, 0xf81f, 0xf81f, 0xf81f, 0xf81f, 0xf81f, 0xf81f, 0xf81f, 0xf81f,
    0x0000, 0x0000, 0xffff, 0xffff, 0xffff, 0xffff, 0xbe9c, 0xbe9c, 0x8537, 0x8537, 0x8537, 0x0000,
    0xffff, 0xffff, 0xffff, 0xffff, 0xffff, 0xffff, 0xbe9c, 0xffff, 0xffff, 0xffff, 0xffff, 0xffff,
    0xffff, 0xffff, 0xffff, 0xffff, 0xffff, 0xffff, 0xffff, 0xffff, 0xffff, 0xbe9c, 0xbe9c, 0xbe9c,
    0xffff, 0xffff, 0xffff, 0xbe9c, 0x8e19, 0x4452, 0x0000, 0x0000, 0xffff, 0xffff, 0xffff, 0xffff,
    0xffff, 0xffff, 0xffff, 0xffff, 0xffff, 0xffff, 0xffff, 0xffff, 0x6db8, 0x8537, 0x6db8, 0xbe9c,
    0xbe9c, 0xbe9c, 0x0000, 0xf81f, 0xf81f, 0xf81f, 0xf81f, 0xf81f, 0xf81f, 0xf81f, 0xf81f, 0xf81f,
    0xf81f, 0xf81f, 0xf81f, 0xf81f, 0xf81f, 0xf81f, 0xf81f, 0xf81f, 0xf81f, 0xf81f, 0xf81f, 0xf81f,
    0xf81f, 0xf81f, 0xf81f, 0xf81f, 0xf81f, 0xf81f, 0xf81f, 0xf81f, 0xf81f, 0xf81f, 0xf81f, 0xf81f,
    0x0000, 0xffff, 0xffff, 0xffff, 0xffff, 0xffff, 0xbe9c, 0xbe9c, 0x8537, 0x8537, 0x8537, 0x0000,
    0xffff, 0xffff, 0xffff, 0xffff, 0xffff, 0xffff, 0xffff, 0xffff, 0xffff, 0xffff, 0xffff, 0xffff,
    0xffff, 0xffff, 0xffff, 0xffff, 0xffff, 0xffff, 0xffff, 0xffff, 0xffff, 0xffff, 0xffff, 0xffff,
    0xffff, 0xffff, 0xffff, 0xbe9c, 0x4452, 0x4452, 0x0000, 0xffff, 0xffff, 0xffff, 0xffff, 0xffff,
    0xffff, 0xffff, 0xffff, 0xffff, 0xffff, 0xffff, 0xffff, 0xffff, 0x8537, 0x8537, 0x6db8, 0xbe9c,
    0xbe9c, 0x8537, 0x0000, 0xf81f, 0xf81f, 0xf81f, 0xf81f, 0xf81f, 0xf81f, 0xf81f, 0xf81f, 0xf81f,
    0xf81f, 0xf81f, 0xf81f, 0xf81f, 0xf81f, 0xf81f, 0xf81f, 0xf81f, 0xf81f, 0xf81f, 0xf81f, 0xf81f,
    0xf81f, 0xf81f, 0xf81f, 0xf81f, 0xf81f, 0xf81f, 0xf81f, 0xf81f, 0xf81f, 0xf81f, 0xf81f, 0xf81f,
    0x0000, 0xffff, 0xffff, 0xffff, 0xffff, 0xffff, 0xbe9c, 0xbe9c, 0x8537, 0x8537, 0x8537, 0x8537,
    0x0000, 0xffff, 0xffff, 0xffff, 0xffff, 0xffff, 0xffff, 0xffff, 0xffff, 0xffff, 0xffff, 0xffff,
    0xffff, 0xffff, 0xffff, 0xffff, 0xffff, 0xffff, 0xffff, 0xffff, 0xffff, 0xffff, 0xffff, 0xbe9c,
    0xbe9c, 0xffff, 0xffff, 0xbe9c, 0x4452, 0x4452, 0x0000, 0xffff, 0xffff, 0xffff, 0xffff, 0xffff,
    0xffff, 0xffff, 0xffff, 0xffff, 0xffff, 0xffff, 0xffff, 0x8537, 0x8537, 0x8537, 0x6db8, 0xbe9c,
    0xbe9c, 0x8537, 0x0000, 0xf81f, 0xf81f, 0xf81f, 0xf81f, 0xf81f, 0xf81f, 0xf81f, 0xf81f, 0xf81f,
    0xf81f, 0xf81f, 0xf81f, 0xf81f, 0xf81f, 0xf81f, 0xf81f, 0xf81f, 0xf81f, 0xf81f, 0xf81f, 0xf81f,
    0xf81f, 0xf81f, 0xf81f, 0xf81f, 0xf81f, 0xf81f, 0xf81f, 0xf81f, 0xf81f, 0xf81f, 0xf81f, 0xf81f,
    0x0000, 0xffff, 0xffff, 0xffff, 0xffff, 0xffff, 0xbe9c, 0xbe9c, 0x8537, 0x8537, 0x8537, 0x8537,
    0x0000, 0xffff, 0xffff, 0xffff, 0xffff, 0xffff, 0xffff, 0xffff, 0xffff, 0xffff, 0xffff, 0xffff,
    0xffff, 0xffff, 0xffff, 0xffff, 0xffff, 0xffff, 0xffff, 0xffff, 0xffff, 0xffff, 0xffff, 0xbe9c,
    0xbe9c, 0xbe9c, 0xbe9c, 0xffff, 0x4452, 0x4452, 0x0000, 0xffff, 0xffff, 0xffff, 0xffff, 0xffff,
    0xffff, 0xffff, 0xffff, 0xffff, 0xffff, 0xffff, 0xffff, 0x8537, 0x6db8, 0x6db8, 0xbe9c, 0x6db8,
    0x8537, 0x8537, 0x0000, 0xf81f, 0xf81f, 0xf81f, 0xf81f, 0xf81f, 0xf81f, 0xf81f, 0xf81f, 0xf81f,
    0xf81f, 0xf81f, 0xf81f, 0xf81f, 0xf81f, 0xf81f, 0xf81f, 0xf81f, 0xf81f, 0xf81f, 0xf81f, 0xf81f,
    0xf81f, 0xf81f, 0xf81f, 0xf81f, 0xf81f, 0xf81f, 0xf81f, 0xf81f, 0xf81f, 0xf81f, 0xf81f, 0xf81f,
    0x0000, 0xffff, 0xffff, 0xffff, 0xffff, 0xffff, 0xbe9c, 0xbe9c, 0x8537, 0x8537, 0x8537, 0x8537,
    0x0000, 0xffff, 0xffff, 0xffff, 0xffff, 0xffff, 0xffff, 0xffff, 0xffff, 0xffff, 0xffff, 0xffff,
    0xffff, 0xffff, 0xffff, 0xffff, 0xffff, 0xffff, 0xffff, 0xffff, 0xffff, 0xffff, 0xffff, 0xbe9c,
    0xbe9c, 0xbe9c, 0xbe9c, 0xffff, 0x4452, 0x4452, 0x0000, 0xffff, 0xffff, 0xffff, 0xffff, 0xffff,
    0xffff, 0xffff, 0xffff, 0xffff, 0xffff, 0x8537, 0x8537, 0x8537, 0x6db8, 0x6db8, 0x6db8, 0x6db8,
    0x8537, 0x0000, 0x0000, 0xf81f, 0xf81f, 0xf81f, 0xf81f, 0xf81f, 0xf81f, 0xf81f, 0xf81f, 0xf81f,
    0xf81f, 0xf81f, 0xf81f, 0xf81f, 0xf81f, 0xf81f, 0xf81f, 0xf81f, 0xf81f, 0xf81f, 0xf81f, 0xf81f,
    0xf81f, 0xf81f, 0xf81f, 0xf81f, 0xf81f, 0xf81f, 0xf81f, 0xf81f, 0xf81f, 0xf81f, 0xf81f, 0xf81f,
    0x0000, 0xffff, 0xffff, 0xffff, 0xffff, 0xffff, 0xbe9c, 0xbe9c, 0x8537, 0x8537, 0x8537, 0x8537,
    0x0000, 0xffff, 0xffff, 0xffff, 0xffff, 0xffff, 0xffff, 0xffff, 0xffff, 0xffff, 0xffff, 0xffff,
    0xffff, 0xffff, 0x2bb0, 0x2bb0, 0xffff, 0xffff, 0xffff, 0xffff, 0xffff, 0xffff, 0xffff, 0xffff,
    0xffff, 0xffff, 0xffff, 0xbe9c, 0x4452, 0x4452, 0x0000, 0xffff, 0xffff, 0xffff, 0xffff, 0xffff,
    0xffff, 0xffff, 0xffff, 0xffff, 0xffff, 0x8537, 0x8537, 0x8537, 0x6db8, 0x6db8, 0x6db8, 0x6db8,
    0x8537, 0x0000, 0x0000, 0xf81f, 0xf81f, 0xf81f, 0xf81f, 0xf81f, 0xf81f, 0xf81f, 0xf81f, 0xf81f,
    0xf81f, 0xf81f, 0xf81f, 0xf81f, 0xf81f, 0xf81f, 0xf81f, 0xf81f, 0xf81f, 0xf81f, 0xf81f, 0xf81f,
    0xf81f, 0xf81f, 0xf81f, 0xf81f, 0xf81f, 0xf81f, 0xf81f, 0xf81f, 0xf81f, 0xf81f, 0xf81f, 0xf81f,
    0xf81f, 0x0000, 0xffff, 0xffff, 0xffff, 0xffff, 0xbe9c, 0xbe9c, 0x8537, 0x8537, 0x8537, 0x8537,
    0x0000, 0xffff, 0xffff, 0xffff, 0xffff, 0xffff, 0xffff, 0xffff, 0xffff, 0xffff, 0xffff, 0xffff,
    0xffff, 0xffff, 0x2bb0, 0x2bb0, 0xbe9c, 0xffff, 0xffff, 0xffff, 0xffff, 0xffff, 0xffff, 0xffff,
    0xffff, 0xffff, 0xffff, 0xffff, 0x4452, 0x4452, 0x0000, 0xffff, 0xffff, 0xffff, 0xffff, 0xffff,
    0xffff, 0xffff, 0xffff, 0xffff, 0x8537, 0x8537, 0x8537, 0x8537, 0x6db8, 0x6db8, 0x6db8, 0x8537,
    0x8537, 0x0000, 0xf81f, 0xf81f, 0xf81f, 0xf81f, 0xf81f, 0xf81f, 0xf81f, 0xf81f, 0xf81f, 0xf81f,
    0xf81f, 0xf81f, 0xf81f, 0xf81f, 0xf81f, 0xf81f, 0xf81f, 0xf81f, 0xf81f, 0xf81f, 0xf81f, 0xf81f,
    0xf81f, 0xf81f, 0xf81f, 0xf81f, 0xf81f, 0xf81f, 0xf81f, 0xf81f, 0xf81f, 0xf81f, 0xf81f, 0xf81f,
    0xf81f, 0x0000, 0xffff, 0x0000, 0x0000, 0x0000, 0xbe9c, 0xbe9c, 0x8537, 0x8537, 0x8537, 0x8537,
    0x0000, 0x0000, 0xffff, 0xffff, 0xffff, 0xffff, 0xffff, 0xffff, 0xffff, 0xffff, 0xffff, 0xffff,
    0xffff, 0xffff, 0x2bb0, 0x2bb0, 0xbe9c, 0xffff, 0xffff, 0xffff, 0xffff, 0xffff, 0xffff, 0xffff,
    0xffff, 0xffff, 0xffff, 0xffff, 0x4452, 0x4452, 0x0000, 0xffff, 0xffff, 0xffff, 0xffff, 0xffff,
    0xffff, 0xffff, 0xffff, 0xffff, 0x8537, 0x8537, 0x8537, 0x8537, 0x6db8, 0x6db8, 0x8537, 0x8537,
    0x0000, 0xf81f, 0xf81f, 0xf81f, 0xf81f, 0xf81f, 0xf81f, 0xf81f, 0xf81f, 0xf81f, 0xf81f, 0xf81f,
    0xf81f, 0xf81f, 0xf81f, 0xf81f, 0xf81f, 0xf81f, 0xf81f, 0xf81f, 0xf81f, 0xf81f, 0xf81f, 0xf81f,
    0xf81f, 0xf81f, 0xf81f, 0xf81f, 0xf81f, 0xf81f, 0xf81f, 0xf81f, 0xf81f, 0xf81f, 0xf81f, 0xf81f,
    0xf81f, 0x0000, 0x0000, 0x0000, 0x2b10, 0x0000, 0x0000, 0xbe9c, 0x8537, 0x8537, 0x8537, 0x8537,
    0x8537, 0x0000, 0xffff, 0xffff, 0xffff, 0xffff, 0xffff, 0xffff, 0xffff, 0xffff, 0xffff, 0xffff,
    0xffff, 0xffff, 0x2bb0, 0x2bb0, 0x2bb0, 0x2bb0, 0xffff, 0xffff, 0xffff, 0xffff, 0xffff, 0xffff,
    0xffff, 0xffff, 0xffff, 0xffff, 0x4452, 0x4452, 0x0000, 0xffff, 0xffff, 0xffff, 0xffff, 0xffff,
    0xffff, 0xffff, 0xffff, 0x8537, 0x8537, 0x8537, 0x8537, 0x8537, 0x8537, 0x8537, 0x8537, 0x0000,
    0x0000, 0xf81f, 0xf81f, 0xf81f, 0xf81f, 0xf81f, 0xf81f, 0xf81f, 0xf81f, 0xf81f, 0xf81f, 0xf81f,
    0xf81f, 0xf81f, 0xf81f, 0xf81f, 0xf81f, 0xf81f, 0xf81f, 0xf81f, 0xf81f, 0xf81f, 0xf81f, 0xf81f,
    0xf81f, 0xf81f, 0xf81f, 0xf81f, 0xf81f, 0xf81f, 0xf81f, 0xf81f, 0xf81f, 0xf81f, 0xf81f, 0xf81f,
    0xf81f, 0xf81f, 0x0000, 0x0000, 0x2b10, 0x2b10, 0x0000, 0x0000, 0xbe9c, 0x8537, 0x8537, 0x8537,
    0x8537, 0x0000, 0x0000, 0xffff, 0xffff, 0xffff, 0xffff, 0xffff, 0xffff, 0xffff, 0xffff, 0xffff,
    0xffff, 0xffff, 0xbe9c, 0xbe9c, 0x2bb0, 0x2bb0, 0x2bb0, 0xffff, 0xffff, 0xffff, 0xffff, 0xffff,
    0xffff, 0xffff, 0xffff, 0xffff, 0x4452, 0x4452, 0x0000, 0x0000, 0xffff, 0xffff, 0xffff, 0xffff,
    0x0000, 0x0000, 0x0000, 0x8537, 0x8537, 0x8537, 0x8537, 0x8537, 0x8537, 0x8537, 0x8537, 0x0000,
    0xf81f, 0xf81f, 0xf81f, 0xf81f, 0xf81f, 0xf81f, 0xf81f, 0xf81f, 0xf81f, 0xf81f, 0xf81f, 0xf81f,
    0xf81f, 0xf81f, 0xf81f, 0xf81f, 0xf81f, 0xf81f, 0xf81f, 0xf81f, 0xf81f, 0xf81f, 0xf81f, 0xf81f,
    0xf81f, 0xf81f, 0xf81f, 0xf81f, 0xf81f, 0xf81f, 0xf81f, 0xf81f, 0xf81f, 0xf81f, 0xf81f, 0xf81f,
    0xf81f, 0xf81f, 0xf81f, 0x0000, 0x2b10, 0x2b10, 0x7d9a, 0x7d9a, 0x0000, 0xbe9c, 0xbe9c, 0xbe9c,
    0xbe9c, 0xbe9c, 0x0000, 0xffff, 0xffff, 0xffff, 0xffff, 0xffff, 0xffff, 0xffff, 0xffff, 0xffff,
    0xffff, 0xffff, 0xbe9c, 0xbe9c, 0x8537, 0x2bb0, 0x2bb0, 0xffff, 0xffff, 0xffff, 0xffff, 0xffff,
    0xffff, 0xffff, 0xffff, 0xffff, 0x2bb0, 0x4452, 0x4452, 0x0000, 0xffff, 0xffff, 0xffff, 0x0000,
    0x2b10, 0x2b10, 0x0000, 0x0000, 0x0000, 0x8537, 0x8537, 0x0000, 0x8537, 0x0000, 0x0000, 0x0000,
    0xf81f, 0xf81f, 0xf81f, 0xf81f, 0xf81f, 0xf81f, 0xf81f, 0xf81f, 0xf81f, 0xf81f, 0xf81f, 0xf81f,
    0xf81f, 0xf81f, 0xf81f, 0xf81f, 0xf81f, 0xf81f, 0xf81f, 0xf81f, 0xf81f, 0xf81f, 0xf81f, 0xf81f,
    0xf81f, 0xf81f, 0xf81f, 0xf81f, 0xf81f, 0xf81f, 0xf81f, 0xf81f, 0xf81f, 0xf81f, 0xf81f, 0xf81f,
    0xf81f, 0xf81f, 0xf81f, 0x0000, 0x2b10, 0x2b10, 0x7d9a, 0x7d9a, 0x1168, 0x0000, 0xbe9c, 0xbe9c,
    0xbe9c, 0xbe9c, 0x0000, 0xffff, 0xffff, 0xffff, 0xffff, 0xffff, 0xffff, 0xffff, 0xffff, 0xffff,
    0xffff, 0xffff, 0xbe9c, 0xbe9c, 0x2bb0, 0x2bb0, 0x0000, 0x0000, 0xffff, 0xffff, 0xffff, 0xffff,
    0xffff, 0xffff, 0xffff, 0xffff, 0x2bb0, 0x2bb0, 0x4452, 0x0000, 0xffff, 0xffff, 0xffff, 0x0000,
    0x4c56, 0x4c56, 0x2b10, 0x2b10, 0x0000, 0x0000, 0x0000, 0x0000, 0x2b10, 0x2b10, 0x2b10, 0x0000,
    0x0000, 0xf81f, 0xf81f, 0xf81f, 0xf81f, 0xf81f, 0xf81f, 0xf81f, 0xf81f, 0xf81f, 0xf81f, 0xf81f,
    0xf81f, 0xf81f, 0xf81f, 0xf81f, 0xf81f, 0xf81f, 0xf81f, 0xf81f, 0xf81f, 0xf81f, 0xf81f, 0xf81f,
    0xf81f, 0xf81f, 0xf81f, 0xf81f, 0xf81f, 0xf81f, 0xf81f, 0xf81f, 0xf81f, 0xf81f, 0xf81f, 0xf81f,
    0xf81f, 0xf81f, 0xf81f, 0x0000, 0x0000, 0x2b10, 0x7d9a, 0x0000, 0x1168, 0x1168, 0x0000, 0x0000,
    0xbe9c, 0xbe9c, 0x0000, 0xffff, 0xffff, 0xffff, 0xffff, 0xffff, 0xffff, 0xffff, 0xffff, 0xffff,
    0xffff, 0xffff, 0xbe9c, 0xbe9c, 0x8537, 0x2bb0, 0x2bb0, 0x0000, 0xffff, 0xffff, 0xffff, 0xffff,
    0xffff, 0xffff, 0xffff, 0xffff, 0x2bb0, 0x2bb0, 0x4452, 0x0000, 0x0000, 0xffff, 0xffff, 0x0000,
    0x4c56, 0x4c56, 0x2b10, 0x2b10, 0x2b10, 0x2b10, 0x0000, 0x0000, 0x2b10, 0x2b10, 0x2b10, 0x0000,
    0x0000, 0xf81f, 0xf81f, 0xf81f, 0xf81f, 0xf81f, 0xf81f, 0xf81f, 0xf81f, 0xf81f, 0xf81f, 0xf81f,
    0xf81f, 0xf81f, 0xf81f, 0xf81f, 0xf81f, 0xf81f, 0xf81f, 0xf81f, 0xf81f, 0xf81f, 0xf81f, 0xf81f,
    0xf81f, 0xf81f, 0xf81f, 0xf81f, 0xf81f, 0xf81f, 0xf81f, 0xf81f, 0xf81f, 0xf81f, 0xf81f, 0xf81f,
    0xf81f, 0xf81f, 0xf81f, 0xf81f, 0x0000, 0x2b10, 0x7d9a, 0x0000, 0x1168, 0x1168, 0x1168, 0x1168,
    0x0000, 0x0000, 0x0000, 0xffff, 0xffff, 0xffff, 0xffff, 0xffff, 0xffff, 0xffff, 0xffff, 0xffff,
    0xffff, 0xffff, 0xbe9c, 0xbe9c, 0x8537, 0x2bb0, 0x2bb0, 0x0000, 0x0000, 0xffff, 0xffff, 0xffff,
    0xffff, 0xffff, 0xffff, 0xffff, 0x2bb0, 0x2bb0, 0x2bb0, 0x0000, 0x0000, 0x0000, 0xffff, 0x0000,
    0x4c56, 0x4c56, 0x2b10, 0x2b10, 0x2b10, 0x2b10, 0x2b10, 0x2b10, 0x2b10, 0x2b10, 0x2b10, 0x2b10,
    0x0000, 0xf81f, 0xf81f, 0xf81f, 0xf81f, 0xf81f, 0xf81f, 0xf81f, 0xf81f, 0xf81f, 0xf81f, 0xf81f,
    0xf81f, 0xf81f, 0xf81f, 0xf81f, 0xf81f, 0xf81f, 0xf81f, 0xf81f, 0xf81f, 0xf81f, 0xf81f, 0xf81f,
    0xf81f, 0xf81f, 0xf81f, 0xf81f, 0xf81f, 0xf81f, 0xf81f, 0xf81f, 0xf81f, 0xf81f, 0xf81f, 0xf81f,
    0xf81f, 0xf81f, 0xf81f, 0xf81f, 0x0000, 0x2b10, 0x7d9a, 0x0000, 0x1168, 0x1168, 0x1168, 0x1168,
    0x1168, 0x1168, 0x0000, 0xffff, 0xffff, 0xffff, 0xffff, 0xffff, 0xffff, 0xffff, 0xffff, 0xffff,
    0xffff, 0xffff, 0xbe9c, 0xbe9c, 0x8537, 0x8537, 0x2bb0, 0x0000, 0x0000, 0x0000, 0xffff, 0xffff,
    0xffff, 0xffff, 0xffff, 0xffff, 0x2bb0, 0x2bb0, 0x2bb0, 0x0000, 0x1168, 0x0000, 0x0000, 0x0000,
    0x4c56, 0x4c56, 0x2b10, 0x2b10, 0x2b10, 0x2b10, 0x2b10, 0x2b10, 0x2b10, 0x2b10, 0x4c56, 0x2b10,
    0x0000, 0xf81f, 0xf81f, 0xf81f, 0xf81f, 0xf81f, 0xf81f, 0xf81f, 0xf81f, 0xf81f, 0xf81f, 0xf81f,
    0xf81f, 0xf81f, 0xf81f, 0xf81f, 0xf81f, 0xf81f, 0xf81f, 0xf81f, 0xf81f, 0xf81f, 0xf81f, 0xf81f,
    0xf81f, 0xf81f, 0xf81f, 0xf81f, 0xf81f, 0xf81f, 0xf81f, 0xf81f, 0xf81f, 0xf81f, 0xf81f, 0xf81f,
    0xf81f, 0xf81f, 0xf81f, 0xf81f, 0x0000, 0x7d9a, 0x7d9a, 0x0000, 0x1168, 0x1168, 0x0000, 0x1168,
    0x1168, 0x1168, 0x0000, 0xffff, 0xffff, 0xffff, 0xffff, 0xffff, 0xffff, 0xffff, 0xffff, 0xffff,
    0xffff, 0xffff, 0xbe9c, 0xbe9c, 0x8537, 0x8537, 0x2bb0, 0x0000, 0xf81f, 0x0000, 0xffff, 0xffff,
    0xffff, 0xffff, 0xffff, 0xffff, 0xffff, 0x2bb0, 0x2bb0, 0x0000, 0x1168, 0x1168, 0x0000, 0x0000,
    0x4c56, 0x4c56, 0x4c56, 0x4c56, 0x2b10, 0x4c56, 0x4c56, 0x4c56, 0x4c56, 0x4c56, 0x4c56, 0x4c56,
    0x0000, 0xf81f, 0xf81f, 0xf81f, 0xf81f, 0xf81f, 0xf81f, 0xf81f, 0xf81f, 0xf81f, 0xf81f, 0xf81f,
    0xf81f, 0xf81f, 0xf81f, 0xf81f, 0xf81f, 0xf81f, 0xf81f, 0xf81f, 0xf81f, 0xf81f, 0xf81f, 0xf81f,
    0xf81f, 0xf81f, 0xf81f, 0xf81f, 0xf81f, 0xf81f, 0xf81f, 0xf81f, 0xf81f, 0xf81f, 0xf81f, 0xf81f,
    0xf81f, 0xf81f, 0xf81f, 0xf81f, 0x0000, 0x2b10, 0x2b10, 0x0000, 0x1168, 0x1168, 0x0000, 0x1168,
    0x1168, 0x1168, 0x0000, 0xffff, 0xffff, 0xffff, 0xffff, 0xffff, 0xffff, 0xffff, 0xffff, 0xffff,
    0xffff, 0xffff, 0xbe9c, 0xbe9c, 0x8537, 0x8537, 0x2bb0, 0x0000, 0xf81f, 0x0000, 0xffff, 0xffff,
    0xffff, 0xffff, 0xffff, 0xffff, 0xffff, 0x2bb0, 0x2bb0, 0x0000, 0x1168, 0x1168, 0x1168, 0x0000,
    0x4c56, 0x4c56, 0x4c56, 0x4c56, 0x4c56, 0x4c56, 0x0000, 0x4c56, 0x4c56, 0x0000, 0x4c56, 0x0000,
    0xf81f, 0xf81f, 0xf81f, 0xf81f, 0xf81f, 0xf81f, 0xf81f, 0xf81f, 0xf81f, 0xf81f, 0xf81f, 0xf81f,
    0xf81f, 0xf81f, 0xf81f, 0xf81f, 0xf81f, 0xf81f, 0xf81f, 0xf81f, 0xf81f, 0xf81f, 0xf81f, 0xf81f,
    0xf81f, 0xf81f, 0xf81f, 0xf81f, 0xf81f, 0xf81f, 0xf81f, 0xf81f, 0xf81f, 0xf81f, 0xf81f, 0xf81f,
    0xf81f, 0xf81f, 0xf81f, 0xf81f, 0xf81f, 0x0000, 0x0000, 0x0000, 0x1168, 0x1168, 0x0000, 0x1168,
    0x1168, 0x1168, 0x0000, 0xffff, 0xbe9c, 0xffff, 0xffff, 0xffff, 0xffff, 0xffff, 0xffff, 0xffff,
    0xffff, 0xffff, 0xbe9c, 0xbe9c, 0x8537, 0x8537, 0x2bb0, 0x0000, 0xf81f, 0x0000, 0xffff, 0xffff,
    0xffff, 0xffff, 0xffff, 0xffff, 0xffff, 0x8e19, 0x2bb0, 0x0000, 0x0000, 0x1168, 0x1168, 0x0000,
    0x4c56, 0x4c56, 0x4c56, 0x0000, 0x4c56, 0x4c56, 0x0000, 0x4c56, 0x4c56, 0x0000, 0x4c56, 0x0000,
    0xf81f, 0xf81f, 0xf81f, 0xf81f, 0xf81f, 0xf81f, 0xf81f, 0xf81f, 0xf81f, 0xf81f, 0xf81f, 0xf81f,
    0xf81f, 0xf81f, 0xf81f, 0xf81f, 0xf81f, 0xf81f, 0xf81f, 0xf81f, 0xf81f, 0xf81f, 0xf81f, 0xf81f,
    0xf81f, 0xf81f, 0xf81f, 0xf81f, 0xf81f, 0xf81f, 0xf81f, 0xf81f, 0xf81f, 0xf81f, 0xf81f, 0xf81f,
    0xf81f, 0xf81f, 0xf81f, 0xf81f, 0xf81f, 0xf81f, 0xf81f, 0x0000, 0x0000, 0x1168, 0x0000, 0x1168,
    0x1168, 0x1168, 0x0000, 0xffff, 0xbe9c, 0xbe9c, 0xbe9c, 0xbe9c, 0xbe9c, 0xffff, 0xffff, 0xffff,
    0xffff, 0xffff, 0xbe9c, 0xbe9c, 0x8537, 0x8537, 0x2bb0, 0x0000, 0xf81f, 0x0000, 0xffff, 0xffff,
    0xffff, 0xffff, 0xffff, 0xffff, 0xffff, 0xffff, 0x2bb0, 0x2bb0, 0x2bb0, 0x0000, 0x0000, 0x0000,
    0x4c56, 0x4c56, 0x4c56, 0x0000, 0x4c56, 0x4c56, 0x0000, 0x4c56, 0x4c56, 0x0000, 0x4c56, 0x0000,
    0xf81f, 0xf81f, 0xf81f, 0xf81f, 0xf81f, 0xf81f, 0xf81f, 0xf81f, 0xf81f, 0xf81f, 0xf81f, 0xf81f,
    0xf81f, 0xf81f, 0xf81f, 0xf81f, 0xf81f, 0xf81f, 0xf81f, 0xf81f, 0xf81f, 0xf81f, 0xf81f, 0xf81f,
    0xf81f, 0xf81f, 0xf81f, 0xf81f, 0xf81f, 0xf81f, 0xf81f, 0xf81f, 0xf81f, 0xf81f, 0xf81f, 0xf81f,
    0xf81f, 0xf81f, 0xf81f, 0xf81f, 0xf81f, 0xf81f, 0xf81f, 0xf81f, 0x0000, 0x1168, 0x0000, 0x1168,
    0x1168, 0x0000, 0x0000, 0xffff, 0xbe9c, 0xbe9c, 0xbe9c, 0xbe9c, 0xbe9c, 0xffff, 0xffff, 0xffff,
    0xffff, 0xffff, 0xbe9c, 0xbe9c, 0x8537, 0x8537, 0x8537, 0x0000, 0xf81f, 0x0000, 0xffff, 0xffff,
    0xffff, 0xffff, 0xffff, 0xffff, 0xffff, 0xffff, 0x8e19, 0x2bb0, 0x2bb0, 0x2bb0, 0x2bb0, 0x0000,
    0x4c56, 0x4c56, 0x4c56, 0x0000, 0x4c56, 0x4c56, 0x0000, 0x4c56, 0x4c56, 0x0000, 0x0000, 0x0000,
    0xf81f, 0xf81f, 0xf81f, 0xf81f, 0xf81f, 0xf81f, 0xf81f, 0xf81f, 0xf81f, 0xf81f, 0xf81f, 0xf81f,
    0xf81f, 0xf81f, 0xf81f, 0xf81f, 0xf81f, 0xf81f, 0xf81f, 0xf81f, 0xf81f, 0xf81f, 0xf81f, 0xf81f,
    0xf81f, 0xf81f, 0xf81f, 0xf81f, 0xf81f, 0xf81f, 0xf81f, 0xf81f, 0xf81f, 0xf81f, 0xf81f, 0xf81f,
    0xf81f, 0xf81f, 0xf81f, 0xf81f, 0xf81f, 0xf81f, 0xf81f, 0xf81f, 0x0000, 0x0000, 0x0000, 0x0000,
    0x0000, 0x0000, 0x0000, 0xffff, 0xffff, 0xbe9c, 0xbe9c, 0xbe9c, 0xbe9c, 0xffff, 0xffff, 0xffff,
    0xffff, 0xffff, 0xbe9c, 0xbe9c, 0x8537, 0x8537, 0x8537, 0x0000, 0xf81f, 0x0000, 0xffff, 0xffff,
    0xffff, 0xbe9c, 0xffff, 0xffff, 0xffff, 0xffff, 0xffff, 0x8e19, 0x2bb0, 0x2bb0, 0x2bb0, 0x0000,
    0x0000, 0x0000, 0x0000, 0x0000, 0x0000, 0x0000, 0x0000, 0x0000, 0x0000, 0x0000, 0xf81f, 0xf81f,
    0xf81f, 0xf81f, 0xf81f, 0xf81f, 0xf81f, 0xf81f, 0xf81f, 0xf81f, 0xf81f, 0xf81f, 0xf81f, 0xf81f,
    0xf81f, 0xf81f, 0xf81f, 0xf81f, 0xf81f, 0xf81f, 0xf81f, 0xf81f, 0xf81f, 0xf81f, 0xf81f, 0xf81f,
    0xf81f, 0xf81f, 0xf81f, 0xf81f, 0xf81f, 0xf81f, 0xf81f, 0xf81f, 0xf81f, 0xf81f, 0xf81f, 0xf81f,
    0xf81f, 0xf81f, 0xf81f, 0xf81f, 0xf81f, 0xf81f, 0xf81f, 0xf81f, 0xf81f, 0xf81f, 0xf81f, 0xf81f,
    0xf81f, 0xf81f, 0x0000, 0xffff, 0xffff, 0xbe9c, 0xffff, 0xffff, 0xffff, 0xffff, 0xffff, 0xffff,
    0xffff, 0xffff, 0xbe9c, 0xbe9c, 0x8537, 0x8537, 0x8537, 0x0000, 0xf81f, 0x0000, 0xffff, 0xffff,
    0xffff, 0xbe9c, 0xbe9c, 0xbe9c, 0xbe9c, 0xbe9c, 0xffff, 0x8e19, 0x8e19, 0x8e19, 0x2bb0, 0x2bb0,
    0x2bb0, 0x2bb0, 0x2bb0, 0x2bb0, 0x2bb0, 0x0000, 0xf81f, 0xf81f, 0xf81f, 0xf81f, 0xf81f, 0xf81f,
    0xf81f, 0xf81f, 0xf81f, 0xf81f, 0xf81f, 0xf81f, 0xf81f, 0xf81f, 0xf81f, 0xf81f, 0xf81f, 0xf81f,
    0xf81f, 0xf81f, 0xf81f, 0xf81f, 0xf81f, 0xf81f, 0xf81f, 0xf81f, 0xf81f, 0xf81f, 0xf81f, 0xf81f,
    0xf81f, 0xf81f, 0xf81f, 0xf81f, 0xf81f, 0xf81f, 0xf81f, 0xf81f, 0xf81f, 0xf81f, 0xf81f, 0xf81f,
    0xf81f, 0xf81f, 0xf81f, 0xf81f, 0xf81f, 0xf81f, 0xf81f, 0xf81f, 0xf81f, 0xf81f, 0xf81f, 0xf81f,
    0xf81f, 0xf81f, 0x0000, 0xffff, 0xffff, 0xffff, 0xffff, 0xffff, 0xffff, 0xffff, 0xffff, 0xffff,
    0xffff, 0xffff, 0xbe9c, 0xbe9c, 0x8537, 0x8537, 0x8537, 0x0000, 0xf81f, 0x0000, 0xffff, 0xffff,
    0xffff, 0xbe9c, 0xbe9c, 0xbe9c, 0xbe9c, 0xbe9c, 0xffff, 0xffff, 0x8e19, 0x8e19, 0x8e19, 0x22cc,
    0x2bb0, 0x2bb0, 0x2bb0, 0x22cc, 0x22cc, 0x0000, 0xf81f, 0xf81f, 0xf81f, 0xf81f, 0xf81f, 0xf81f,
    0xf81f, 0xf81f, 0xf81f, 0xf81f, 0xf81f, 0xf81f, 0xf81f, 0xf81f, 0xf81f, 0xf81f, 0xf81f, 0xf81f,
    0xf81f, 0xf81f, 0xf81f, 0xf81f, 0xf81f, 0xf81f, 0xf81f, 0xf81f, 0xf81f, 0xf81f, 0xf81f, 0xf81f,
    0xf81f, 0xf81f, 0xf81f, 0xf81f, 0xf81f, 0xf81f, 0xf81f, 0xf81f, 0xf81f, 0xf81f, 0xf81f, 0xf81f,
    0xf81f, 0xf81f, 0xf81f, 0xf81f, 0xf81f, 0xf81f, 0xf81f, 0xf81f, 0xf81f, 0xf81f, 0xf81f, 0xf81f,
    0xf81f, 0xf81f, 0x0000, 0xffff, 0xffff, 0xffff, 0xffff, 0xffff, 0xffff, 0xffff, 0xffff, 0xffff,
    0xffff, 0xffff, 0xbe9c, 0xbe9c, 0x8537, 0x8537, 0x8537, 0x0000, 0xf81f, 0x0000, 0xffff, 0xffff,
    0xffff, 0xffff, 0xffff, 0xffff, 0xffff, 0xffff, 0xffff, 0xffff, 0xffff, 0xffff, 0x8e19, 0x8e19,
    0x8e19, 0x8e19, 0x8e19, 0xffff, 0xffff, 0x0000, 0xf81f, 0xf81f, 0xf81f, 0xf81f, 0xf81f, 0xf81f,
    0xf81f, 0xf81f, 0xf81f, 0xf81f, 0xf81f, 0xf81f, 0xf81f, 0xf81f, 0xf81f, 0xf81f, 0xf81f, 0xf81f,
    0xf81f, 0xf81f, 0xf81f, 0xf81f, 0xf81f, 0xf81f, 0xf81f, 0xf81f, 0xf81f, 0xf81f, 0xf81f, 0xf81f,
    0xf81f, 0xf81f, 0xf81f, 0xf81f, 0xf81f, 0xf81f, 0xf81f, 0xf81f, 0xf81f, 0xf81f, 0xf81f, 0xf81f,
    0xf81f, 0xf81f, 0xf81f, 0xf81f, 0xf81f, 0xf81f, 0xf81f, 0xf81f, 0xf81f, 0xf81f, 0xf81f, 0xf81f,
    0xf81f, 0xf81f, 0x0000, 0xffff, 0xffff, 0xffff, 0xffff, 0xffff, 0xffff, 0xffff, 0xffff, 0xffff,
    0xffff, 0xffff, 0xbe9c, 0xbe9c, 0x8537, 0x8537, 0x8537, 0x0000, 0xf81f, 0x0000, 0xffff, 0xffff,
    0xffff, 0xffff, 0xffff, 0xffff, 0xffff, 0xffff, 0xffff, 0xffff, 0xffff, 0xffff, 0xffff, 0xffff,
    0xffff, 0xffff, 0xffff, 0xffff, 0xffff, 0x0000, 0xf81f, 0xf81f, 0xf81f, 0xf81f, 0xf81f, 0xf81f,
    0xf81f, 0xf81f, 0xf81f, 0xf81f, 0xf81f, 0xf81f, 0xf81f, 0xf81f, 0xf81f, 0xf81f, 0xf81f, 0xf81f,
    0xf81f, 0xf81f, 0xf81f, 0xf81f, 0xf81f, 0xf81f, 0xf81f, 0xf81f, 0xf81f, 0xf81f, 0xf81f, 0xf81f,
    0xf81f, 0xf81f, 0xf81f, 0xf81f, 0xf81f, 0xf81f, 0xf81f, 0xf81f, 0xf81f, 0xf81f, 0xf81f, 0xf81f,
    0xf81f, 0xf81f, 0xf81f, 0xf81f, 0xf81f, 0xf81f, 0xf81f, 0xf81f, 0xf81f, 0xf81f, 0xf81f, 0xf81f,
    0xf81f, 0xf81f, 0x0000, 0xffff, 0xffff, 0xbe9c, 0xffff, 0xffff, 0xffff, 0xffff, 0xffff, 0xffff,
    0xffff, 0xffff, 0xbe9c, 0xbe9c, 0x8537, 0x8537, 0x8537, 0x0000, 0xf81f, 0x0000, 0xffff, 0xffff,
    0xffff, 0xffff, 0xffff, 0xffff, 0xffff, 0xffff, 0xffff, 0xffff, 0xffff, 0xffff, 0xffff, 0xffff,
    0xffff, 0xffff, 0xffff, 0xffff, 0xffff, 0x0000, 0xf81f, 0xf81f, 0xf81f, 0xf81f, 0xf81f, 0xf81f,
    0xf81f, 0xf81f, 0xf81f, 0xf81f, 0xf81f, 0xf81f, 0xf81f, 0xf81f, 0xf81f, 0xf81f, 0xf81f, 0xf81f,
    0xf81f, 0xf81f, 0xf81f, 0xf81f, 0xf81f, 0xf81f, 0xf81f, 0xf81f, 0xf81f, 0xf81f, 0xf81f, 0xf81f,
    0xf81f, 0xf81f, 0xf81f, 0xf81f, 0xf81f, 0xf81f, 0xf81f, 0xf81f, 0xf81f, 0xf81f, 0xf81f, 0xf81f,
    0xf81f, 0xf81f, 0xf81f, 0xf81f, 0xf81f, 0xf81f, 0xf81f, 0xf81f, 0xf81f, 0xf81f, 0xf81f, 0xf81f,
    0xf81f, 0xf81f, 0x0000, 0xffff, 0xffff, 0xbe9c, 0xbe9c, 0xbe9c, 0xffff, 0xbe9c, 0xffff, 0xffff,
    0xffff, 0xffff, 0xbe9c, 0xbe9c, 0x8537, 0x8537, 0x8537, 0x0000, 0xf81f, 0x0000, 0xffff, 0xffff,
    0xffff, 0xffff, 0xffff, 0xffff, 0xffff, 0xffff, 0xffff, 0xffff, 0xffff, 0xffff, 0xbe9c, 0xbe9c,
    0xbe9c, 0xffff, 0xbe9c, 0xbe9c, 0xffff, 0x0000, 0xf81f, 0xf81f, 0xf81f, 0xf81f, 0xf81f, 0xf81f,
    0xf81f, 0xf81f, 0xf81f, 0xf81f, 0xf81f, 0xf81f, 0xf81f, 0xf81f, 0xf81f, 0xf81f, 0xf81f, 0xf81f,
    0xf81f, 0xf81f, 0xf81f, 0xf81f, 0xf81f, 0xf81f, 0xf81f, 0xf81f, 0xf81f, 0xf81f, 0xf81f, 0xf81f,
    0xf81f, 0xf81f, 0xf81f, 0xf81f, 0xf81f, 0xf81f, 0xf81f, 0xf81f, 0xf81f, 0xf81f, 0xf81f, 0xf81f,
    0xf81f, 0xf81f, 0xf81f, 0xf81f, 0xf81f, 0xf81f, 0xf81f, 0xf81f, 0xf81f, 0xf81f, 0xf81f, 0xf81f,
    0xf81f, 0xf81f, 0x0000, 0xffff, 0xffff, 0xbe9c, 0xbe9c, 0xbe9c, 0xbe9c, 0xffff, 0xffff, 0xffff,
    0xffff, 0xbe9c, 0xbe9c, 0x8537, 0x8537, 0x8537, 0x8537, 0x0000, 0xf81f, 0x0000, 0xffff, 0xffff,
    0xffff, 0xffff, 0xffff, 0xffff, 0xffff, 0xffff, 0xffff, 0xffff, 0xffff, 0xffff, 0xffff, 0xbe9c,
    0xbe9c, 0xbe9c, 0xbe9c, 0xbe9c, 0xffff, 0x0000, 0xf81f, 0xf81f, 0xf81f, 0xf81f, 0xf81f, 0xf81f,
    0xf81f, 0xf81f, 0xf81f, 0xf81f, 0xf81f, 0xf81f, 0xf81f, 0xf81f, 0xf81f, 0xf81f, 0xf81f, 0xf81f,
    0xf81f, 0xf81f, 0xf81f, 0xf81f, 0xf81f, 0xf81f, 0xf81f, 0xf81f, 0xf81f, 0xf81f, 0xf81f, 0xf81f,
    0xf81f, 0xf81f, 0xf81f, 0xf81f, 0xf81f, 0xf81f, 0xf81f, 0xf81f, 0xf81f, 0xf81f, 0xf81f, 0xf81f,
    0xf81f, 0xf81f, 0xf81f, 0xf81f, 0xf81f, 0xf81f, 0xf81f, 0xf81f, 0xf81f, 0xf81f, 0xf81f, 0xf81f,
    0xf81f, 0xf81f, 0x0000, 0xffff, 0xffff, 0xffff, 0xffff, 0xffff, 0xffff, 0xffff, 0xffff, 0xffff,
    0xffff, 0xbe9c, 0xbe9c, 0x8537, 0x8537, 0x8537, 0x8537, 0x0000, 0xf81f, 0x0000, 0xffff, 0xffff,
    0x0000, 0x0000, 0xffff, 0xffff, 0xffff, 0xffff, 0xffff, 0xffff, 0xffff, 0xffff, 0xffff, 0xffff,
    0xffff, 0xffff, 0xffff, 0xffff, 0xffff, 0x0000, 0xf81f, 0xf81f, 0xf81f, 0xf81f, 0xf81f, 0xf81f,
    0xf81f, 0xf81f, 0xf81f, 0xf81f, 0xf81f, 0xf81f, 0xf81f, 0xf81f, 0xf81f, 0xf81f, 0xf81f, 0xf81f,
    0xf81f, 0xf81f, 0xf81f, 0xf81f, 0xf81f, 0xf81f, 0xf81f, 0xf81f, 0xf81f, 0xf81f, 0xf81f, 0xf81f,
    0xf81f, 0xf81f, 0xf81f, 0xf81f, 0xf81f, 0xf81f, 0xf81f, 0xf81f, 0xf81f, 0xf81f, 0xf81f, 0xf81f,
    0xf81f, 0xf81f, 0xf81f, 0xf81f, 0xf81f, 0xf81f, 0xf81f, 0xf81f, 0xf81f, 0xf81f, 0xf81f, 0xf81f,
    0xf81f, 0x0000, 0x0000, 0xffff, 0xffff, 0xffff, 0xffff, 0xffff, 0xffff, 0xffff, 0x0000, 0xffff,
    0xbe9c, 0xbe9c, 0x8537, 0x8537, 0x8537, 0x8537, 0x8537, 0x0000, 0xf81f, 0x0000, 0xffff, 0xffff,
    0x0000, 0x0000, 0xffff, 0xffff, 0xffff, 0xffff, 0xffff, 0xffff, 0xffff, 0x0000, 0xffff, 0xffff,
    0xffff, 0xffff, 0xffff, 0xffff, 0xffff, 0x0000, 0xf81f, 0xf81f, 0xf81f, 0xf81f, 0xf81f, 0xf81f,
    0xf81f, 0xf81f, 0xf81f, 0xf81f, 0xf81f, 0xf81f, 0xf81f, 0xf81f, 0xf81f, 0xf81f, 0xf81f, 0xf81f,
    0xf81f, 0xf81f, 0xf81f, 0xf81f, 0xf81f, 0xf81f, 0xf81f, 0xf81f, 0xf81f, 0xf81f, 0xf81f, 0xf81f,
    0xf81f, 0xf81f, 0xf81f, 0xf81f, 0xf81f, 0xf81f, 0xf81f, 0xf81f, 0xf81f, 0xf81f, 0xf81f, 0xf81f,
    0xf81f, 0xf81f, 0xf81f, 0xf81f, 0xf81f, 0xf81f, 0xf81f, 0xf81f, 0xf81f, 0xf81f, 0xf81f, 0xf81f,
    0xf81f, 0x0000, 0xffff, 0xffff, 0xffff, 0xffff, 0xffff, 0xffff, 0x0000, 0x0000, 0x0000, 0x0000,
    0xbe9c, 0xbe9c, 0x8537, 0x8537, 0x8537, 0x8537, 0x8537, 0x0000, 0xf81f, 0x0000, 0xffff, 0x0000,
    0x0000, 0x0000, 0xffff, 0xffff, 0xffff, 0xffff, 0xffff, 0xffff, 0xffff, 0x0000, 0x0000, 0xffff,
    0xffff, 0xffff, 0xffff, 0xffff, 0xffff, 0x0000, 0xf81f, 0xf81f, 0xf81f, 0xf81f, 0xf81f, 0xf81f,
    0xf81f, 0xf81f, 0xf81f, 0xf81f, 0xf81f, 0xf81f, 0xf81f, 0xf81f, 0xf81f, 0xf81f, 0xf81f, 0xf81f,
    0xf81f, 0xf81f, 0xf81f, 0xf81f, 0xf81f, 0xf81f, 0xf81f, 0xf81f, 0xf81f, 0xf81f, 0xf81f, 0xf81f,
    0xf81f, 0xf81f, 0xf81f, 0xf81f, 0xf81f, 0xf81f, 0xf81f, 0xf81f, 0xf81f, 0xf81f, 0xf81f, 0xf81f,
    0xf81f, 0xf81f, 0xf81f, 0xf81f, 0xf81f, 0xf81f, 0xf81f, 0xf81f, 0xf81f, 0xf81f, 0xf81f, 0xf81f,
    0xf81f, 0x0000, 0xffff, 0xffff, 0xffff, 0xffff, 0xffff, 0x0000, 0x0000, 0x1168, 0x1168, 0x0000,
    0xbe9c, 0xbe9c, 0xbe9c, 0x0000, 0x0000, 0x8537, 0x8537, 0x0000, 0xf81f, 0x0000, 0x0000, 0x0000,
    0x2b10, 0x0000, 0xffff, 0xffff, 0xffff, 0x0000, 0x0000, 0x0000, 0xffff, 0x0000, 0x2b10, 0x0000,
    0xffff, 0xffff, 0xffff, 0xffff, 0xffff, 0x0000, 0xf81f, 0xf81f, 0xf81f, 0xf81f, 0xf81f, 0xf81f,
    0xf81f, 0xf81f, 0xf81f, 0xf81f, 0xf81f, 0xf81f, 0xf81f, 0xf81f, 0xf81f, 0xf81f, 0xf81f, 0xf81f,
    0xf81f, 0xf81f, 0xf81f, 0xf81f, 0xf81f, 0xf81f, 0xf81f, 0xf81f, 0xf81f, 0xf81f, 0xf81f, 0xf81f,
    0xf81f, 0xf81f, 0xf81f, 0xf81f, 0xf81f, 0xf81f, 0xf81f, 0xf81f, 0xf81f, 0xf81f, 0xf81f, 0xf81f,
    0xf81f, 0xf81f, 0xf81f, 0xf81f, 0xf81f, 0xf81f, 0xf81f, 0xf81f, 0xf81f, 0xf81f, 0xf81f, 0xf81f,
    0x0000, 0x0000, 0x0000, 0x0000, 0x0000, 0x0000, 0x1168, 0x1168, 0x1168, 0x2b10, 0x1168, 0x0000,
    0x0000, 0xbe9c, 0x0000, 0x1a2c, 0x1a2c, 0x0000, 0x8537, 0x0000, 0xf81f, 0x0000, 0x0000, 0x2b10,
    0x2b10, 0x0000, 0xffff, 0xffff, 0x0000, 0x0000, 0x2b10, 0x0000, 0x0000, 0x0000, 0x2b10, 0x0000,
    0x0000, 0x0000, 0x0000, 0x0000, 0x0000, 0x0000, 0xf81f, 0xf81f, 0xf81f, 0xf81f, 0xf81f, 0xf81f,
    0xf81f, 0xf81f, 0xf81f, 0xf81f, 0xf81f, 0xf81f, 0xf81f, 0xf81f, 0xf81f, 0xf81f, 0xf81f, 0xf81f,
    0xf81f, 0xf81f, 0xf81f, 0xf81f, 0xf81f, 0xf81f, 0xf81f, 0xf81f, 0xf81f, 0xf81f, 0xf81f, 0xf81f,
    0xf81f, 0xf81f, 0xf81f, 0xf81f, 0xf81f, 0xf81f, 0xf81f, 0xf81f, 0xf81f, 0xf81f, 0xf81f, 0xf81f,
    0xf81f, 0xf81f, 0xf81f, 0xf81f, 0xf81f, 0xf81f, 0xf81f, 0xf81f, 0xf81f, 0xf81f, 0xf81f, 0xf81f,
    0x0000, 0x2b10, 0x2b10, 0x2b10, 0x1168, 0x1168, 0x1168, 0x2b10, 0x2b10, 0x2b10, 0x2b10, 0x1168,
    0x1168, 0x0000, 0x0000, 0x4c56, 0x1a2c, 0x0000, 0x0000, 0x0000, 0xf81f, 0x0000, 0x0000, 0x2b10,
    0x2b10, 0x0000, 0x0000, 0x0000, 0x0000, 0x2b10, 0x2b10, 0x2b10, 0x2b10, 0x2b10, 0x2b10, 0x1168,
    0x2b10, 0x2b10, 0x2b10, 0x2b10, 0x2b10, 0x0000, 0x0000, 0xf81f, 0xf81f, 0xf81f, 0xf81f, 0xf81f,
    0xf81f, 0xf81f, 0xf81f, 0xf81f, 0xf81f, 0xf81f, 0xf81f, 0xf81f, 0xf81f, 0xf81f, 0xf81f, 0xf81f,
    0xf81f, 0xf81f, 0xf81f, 0xf81f, 0xf81f, 0xf81f, 0xf81f, 0xf81f, 0xf81f, 0xf81f, 0xf81f, 0xf81f,
    0xf81f, 0xf81f, 0xf81f, 0xf81f, 0xf81f, 0xf81f, 0xf81f, 0xf81f, 0xf81f, 0xf81f, 0xf81f, 0xf81f,
    0xf81f, 0xf81f, 0xf81f, 0xf81f, 0xf81f, 0xf81f, 0xf81f, 0xf81f, 0xf81f, 0xf81f, 0xf81f, 0x0000,
    0x0000, 0x2b10, 0x2b10, 0x2b10, 0x2b10, 0x2b10, 0x2b10, 0x2b10, 0x2b10, 0x4c56, 0x4c56, 0x4c56,
    0x4c56, 0x2b10, 0x4c56, 0x4c56, 0x1a2c, 0x1a2c, 0x1a2c, 0x1168, 0xf81f, 0x0000, 0x1168, 0x2b10,
    0x2b10, 0x2b10, 0x0000, 0x0000, 0x2b10, 0x2b10, 0x7d9a, 0x2b10, 0x2b10, 0x7d9a, 0x7d9a, 0x1168,
    0x7d9a, 0x7d9a, 0x7d9a, 0x2b10, 0x1168, 0x2b10, 0x0000, 0xf81f, 0xf81f, 0xf81f, 0xf81f, 0xf81f,
    0xf81f, 0xf81f, 0xf81f, 0xf81f, 0xf81f, 0xf81f, 0xf81f, 0xf81f, 0xf81f, 0xf81f, 0xf81f, 0xf81f,
    0xf81f, 0xf81f, 0xf81f, 0xf81f, 0xf81f, 0xf81f, 0xf81f, 0xf81f, 0xf81f, 0xf81f, 0xf81f, 0xf81f,
    0xf81f, 0xf81f, 0xf81f, 0xf81f, 0xf81f, 0xf81f, 0xf81f, 0xf81f, 0xf81f, 0xf81f, 0xf81f, 0xf81f,
    0xf81f, 0xf81f, 0xf81f, 0xf81f, 0xf81f, 0xf81f, 0xf81f, 0xf81f, 0xf81f, 0xf81f, 0xf81f, 0x0000,
    0x2b10, 0x2b10, 0x4c56, 0x7d9a, 0x2b10, 0x2b10, 0x4c56, 0x0000, 0x2b10, 0x7d9a, 0x7d9a, 0x7d9a,
    0x7d9a, 0x7d9a, 0x1168, 0x1a2c, 0x0000, 0x1a2c, 0x1a2c, 0x1168, 0xf81f, 0x0000, 0x1168, 0x2b10,
    0x2b10, 0x7d9a, 0x7d9a, 0x7d9a, 0x7d9a, 0x1168, 0x7d9a, 0x7d9a, 0x7d9a, 0x7d9a, 0x7d9a, 0x7d9a,
    0x7d9a, 0x7d9a, 0x7d9a, 0x7d9a, 0x7d9a, 0x2b10, 0x0000, 0xf81f, 0xf81f, 0xf81f, 0xf81f, 0xf81f,
    0xf81f, 0xf81f, 0xf81f, 0xf81f, 0xf81f, 0xf81f, 0xf81f, 0xf81f, 0xf81f, 0xf81f, 0xf81f, 0xf81f,
    0xf81f, 0xf81f, 0xf81f, 0xf81f, 0xf81f, 0xf81f, 0xf81f, 0xf81f, 0xf81f, 0xf81f, 0xf81f, 0xf81f,
    0xf81f, 0xf81f, 0xf81f, 0xf81f, 0xf81f, 0xf81f, 0xf81f, 0xf81f, 0xf81f, 0xf81f, 0xf81f, 0xf81f,
    0xf81f, 0xf81f, 0xf81f, 0xf81f, 0xf81f, 0xf81f, 0xf81f, 0xf81f, 0xf81f, 0xf81f, 0xf81f, 0x0000,
    0x2b10, 0x4c56, 0x4c56, 0x0000, 0x2b10, 0x4c56, 0x4c56, 0x0000, 0x4c56, 0x7d9a, 0x7d9a, 0x7d9a,
    0x1168, 0x7d9a, 0x7d9a, 0x1a2c, 0x7d9a, 0x7d9a, 0x7d9a, 0x1168, 0xf81f, 0x0000, 0x1168, 0x1168,
    0x2b10, 0x7d9a, 0x7d9a, 0x7d9a, 0x7d9a, 0x1168, 0x1168, 0x7d9a, 0x7d9a, 0x7d9a, 0x0000, 0x1168,
    0x7d9a, 0x7d9a, 0x0000, 0x7d9a, 0x7d9a, 0x1168, 0x0000, 0xf81f, 0xf81f, 0xf81f, 0xf81f, 0xf81f,
    0xf81f, 0xf81f, 0xf81f, 0xf81f, 0xf81f, 0xf81f, 0xf81f, 0xf81f, 0xf81f, 0xf81f, 0xf81f, 0xf81f,
    0xf81f, 0xf81f, 0xf81f, 0xf81f, 0xf81f, 0xf81f, 0xf81f, 0xf81f, 0xf81f, 0xf81f, 0xf81f, 0xf81f,
    0xf81f, 0xf81f, 0xf81f, 0xf81f, 0xf81f, 0xf81f, 0xf81f, 0xf81f, 0xf81f, 0xf81f, 0xf81f, 0xf81f,
    0xf81f, 0xf81f, 0xf81f, 0xf81f, 0xf81f, 0xf81f, 0xf81f, 0xf81f, 0xf81f, 0xf81f, 0xf81f, 0x0000,
    0x0000, 0x4c56, 0x4c56, 0x0000, 0x2b10, 0x4c56, 0x4c56, 0x0000, 0x4c56, 0x4c56, 0x4c56, 0x0000,
    0x1168, 0x1168, 0x1168, 0x1168, 0x0000, 0x7d9a, 0x7d9a, 0x1168, 0xf81f, 0x0000, 0x1168, 0x1168,
    0x1168, 0x0000, 0x1168, 0x7d9a, 0x7d9a, 0x0000, 0x1168, 0x1168, 0x1168, 0x1168, 0x0000, 0x1168,
    0x1168, 0x1168, 0x0000, 0x7d9a, 0x7d9a, 0x1168, 0x0000, 0xf81f, 0xf81f, 0xf81f, 0xf81f, 0xf81f,
    0xf81f, 0xf81f, 0xf81f, 0xf81f, 0xf81f, 0xf81f, 0xf81f, 0xf81f, 0xf81f, 0xf81f, 0xf81f, 0xf81f,
    0xf81f, 0xf81f, 0xf81f, 0xf81f, 0xf81f, 0xf81f, 0xf81f, 0xf81f, 0xf81f, 0xf81f, 0xf81f, 0xf81f,
    0xf81f, 0xf81f, 0xf81f, 0xf81f, 0xf81f, 0xf81f, 0xf81f, 0xf81f, 0xf81f, 0xf81f, 0xf81f, 0xf81f,
    0xf81f, 0xf81f, 0xf81f, 0xf81f, 0xf81f, 0xf81f, 0xf81f, 0xf81f, 0xf81f, 0xf81f, 0xf81f, 0xf81f,
    0x0000, 0x0000, 0x0000, 0x0000, 0x0000, 0x0000, 0x0000, 0x0000, 0x0000, 0x0000, 0x0000, 0x0000,
    0x0000, 0x0000, 0x0000, 0x0000, 0x0000, 0x0000, 0x0000, 0x0000, 0xf81f, 0x0000, 0x0000, 0x0000,
    0x0000, 0x0000, 0x0000, 0x0000, 0x0000, 0x0000, 0x0000, 0x0000, 0x0000, 0x0000, 0x0000, 0x0000,
    0x0000, 0x0000, 0x0000, 0x0000, 0x0000, 0x0000, 0x0000, 0xf81f, 0xf81f, 0xf81f, 0xf81f, 0xf81f,
    0xf81f, 0xf81f, 0xf81f, 0xf81f, 0xf81f, 0xf81f, 0xf81f, 0xf81f, 0xf81f, 0xf81f, 0xf81f, 0xf81f,
    0xf81f, 0xf81f, 0xf81f, 0xf81f, 0xf81f, 0xf81f, 0xf81f, 0xf81f, 0xf81f, 0xf81f, 0xf81f, 0xf81f,
    0xf81f, 0xf81f, 0xf81f, 0xf81f, 0xf81f, 0xf81f, 0xf81f, 0xf81f, 0xf81f, 0xf81f, 0xf81f, 0xf81f,
    0xf81f, 0xf81f, 0xf81f, 0xf81f, 0xf81f, 0xf81f, 0xf81f, 0xf81f, 0xf81f, 0xf81f, 0xf81f, 0xf81f,
    0xf81f, 0xf81f, 0xf81f, 0xf81f, 0xf81f, 0xf81f, 0xf81f, 0xf81f, 0xf81f, 0xf81f, 0xf81f, 0xf81f,
    0xf81f, 0xf81f, 0xf81f, 0xf81f, 0xf81f, 0xf81f, 0xf81f, 0xf81f, 0xf81f, 0xf81f, 0xf81f, 0xf81f,
    0xf81f, 0xf81f, 0xf81f, 0xf81f, 0xf81f, 0xf81f, 0xf81f, 0xf81f, 0xf81f, 0xf81f, 0xf81f, 0xf81f,
    0xf81f, 0xf81f, 0xf81f, 0xf81f, 0xf81f, 0xf81f, 0xf81f, 0xf81f, 0xf81f, 0xf81f, 0xf81f, 0xf81f,
    0xf81f, 0xf81f, 0xf81f, 0xf81f, 0xf81f, 0xf81f, 0xf81f, 0xf81f, 0xf81f, 0xf81f, 0xf81f, 0xf81f,
    0xf81f, 0xf81f, 0xf81f, 0xf81f, 0xf81f, 0xf81f, 0xf81f, 0xf81f, 0xf81f, 0xf81f, 0xf81f, 0xf81f,
    0xf81f, 0xf81f, 0xf81f, 0xf81f, 0xf81f, 0xf81f, 0xf81f, 0xf81f, 0xf81f, 0xf81f, 0xf81f, 0xf81f,
    0xf81f, 0xf81f, 0xf81f, 0xf81f, 0xf81f, 0xf81f, 0xf81f, 0xf81f, 0xf81f, 0xf81f, 0xf81f, 0xf81f,
    0xf81f, 0xf81f, 0xf81f, 0xf81f, 0xf81f, 0xf81f, 0xf81f, 0xf81f, 0xf81f, 0xf81f, 0xf81f, 0xf81f,
    0xf81f, 0xf81f, 0xf81f, 0xf81f, 0xf81f, 0xf81f, 0xf81f, 0xf81f, 0xf81f, 0xf81f, 0xf81f, 0xf81f,
    0xf81f, 0xf81f, 0xf81f, 0xf81f, 0xf81f, 0xf81f, 0xf81f, 0xf81f, 0xf81f, 0xf81f, 0xf81f, 0xf81f,
    0xf81f, 0xf81f, 0xf81f, 0xf81f, 0xf81f, 0xf81f, 0xf81f, 0xf81f, 0xf81f, 0xf81f, 0xf81f, 0xf81f,
    0xf81f, 0xf81f, 0xf81f, 0xf81f, 0xf81f, 0xf81f, 0xf81f, 0xf81f, 0xf81f, 0xf81f, 0xf81f, 0xf81f,
    0xf81f, 0xf81f, 0xf81f, 0xf81f, 0xf81f, 0xf81f, 0xf81f, 0xf81f, 0xf81f, 0xf81f, 0xf81f, 0xf81f,
    0xf81f, 0xf81f, 0xf81f, 0xf81f, 0xf81f, 0xf81f, 0xf81f, 0xf81f, 0xf81f, 0xf81f, 0xf81f, 0xf81f,
    0xf81f, 0xf81f, 0xf81f, 0xf81f, 0xf81f, 0xf81f, 0xf81f, 0xf81f, 0xf81f, 0xf81f, 0xf81f, 0xf81f,
    0xf81f, 0xf81f, 0xf81f, 0xf81f, 0xf81f, 0xf81f, 0xf81f, 0xf81f, 0xf81f, 0xf81f, 0xf81f, 0xf81f,
    0x0000, 0x0000, 0x0000, 0x0000, 0x0000, 0x0000, 0x0000, 0x0000, 0x0000, 0x0000, 0x0000, 0x0000,
    0x0000, 0xf81f, 0xf81f, 0xf81f, 0xf81f, 0xf81f, 0xf81f, 0xf81f, 0xf81f, 0xf81f, 0xf81f, 0xf81f,
    0xf81f, 0xf81f, 0xf81f, 0xf81f, 0xf81f, 0xf81f, 0xf81f, 0xf81f, 0xf81f, 0xf81f, 0xf81f, 0xf81f,
    0xf81f, 0xf81f, 0xf81f, 0xf81f, 0xf81f, 0xf81f, 0xf81f, 0xf81f, 0xf81f, 0xf81f, 0xf81f, 0xf81f,
    0xf81f, 0xf81f, 0xf81f, 0xf81f, 0xf81f, 0xf81f, 0xf81f, 0xf81f, 0xf81f, 0xf81f, 0xf81f, 0xf81f,
    0xf81f, 0xf81f, 0xf81f, 0xf81f, 0xf81f, 0xf81f, 0xf81f, 0xf81f, 0xf81f, 0xf81f, 0xf81f, 0xf81f,
    0xf81f, 0xf81f, 0xf81f, 0xf81f, 0xf81f, 0xf81f, 0xf81f, 0xf81f, 0xf81f, 0xf81f, 0xf81f, 0xf81f,
    0xf81f, 0xf81f, 0xf81f, 0xf81f, 0xf81f, 0xf81f, 0xf81f, 0xf81f, 0x0000, 0x0000, 0x0000, 0x0000,
    0xffff, 0xffff, 0xffff, 0xffff, 0xffff, 0xffff, 0xffff, 0xffff, 0xffff, 0xffff, 0xffff, 0xffff,
    0x0000, 0x0000, 0x0000, 0x0000, 0x0000, 0x0000, 0x0000, 0xf81f, 0xf81f, 0xf81f, 0xf81f, 0xf81f,
    0xf81f, 0xf81f, 0xf81f, 0xf81f, 0xf81f, 0xf81f, 0xf81f, 0xf81f, 0xf81f, 0xf81f, 0xf81f, 0xf81f,
    0xf81f, 0xf81f, 0xf81f, 0xf81f, 0xf81f, 0xf81f, 0xf81f, 0xf81f, 0xf81f, 0xf81f, 0xf81f, 0xf81f,
    0xf81f, 0xf81f, 0xf81f, 0xf81f, 0xf81f, 0xf81f, 0xf81f, 0xf81f, 0xf81f, 0xf81f, 0xf81f, 0xf81f,
    0xf81f, 0xf81f, 0xf81f, 0xf81f, 0xf81f, 0xf81f, 0xf81f, 0xf81f, 0xf81f, 0xf81f, 0xf81f, 0xf81f,
    0xf81f, 0xf81f, 0xf81f, 0xf81f, 0xf81f, 0xf81f, 0xf81f, 0xf81f, 0xf81f, 0xf81f, 0xf81f, 0xf81f,
    0xf81f, 0xf81f, 0xf81f, 0xf81f, 0xf81f, 0xf81f, 0xf81f, 0x0000, 0x0000, 0xffff, 0xffff, 0xffff,
    0xffff, 0xffff, 0xffff, 0xffff, 0xffff, 0xffff, 0xffff, 0xffff, 0xffff, 0xffff, 0xffff, 0xffff,
    0xffff, 0x8e19, 0x8e19, 0x8e19, 0xffff, 0xffff, 0x0000, 0x0000, 0xf81f, 0xf81f, 0xf81f, 0xf81f,
    0xf81f, 0xf81f, 0xf81f, 0xf81f, 0xf81f, 0xf81f, 0xf81f, 0xf81f, 0xf81f, 0xf81f, 0xf81f, 0xf81f,
    0xf81f, 0xf81f, 0xf81f, 0xf81f, 0xf81f, 0xf81f, 0xf81f, 0xf81f, 0xf81f, 0xf81f, 0xf81f, 0xf81f,
    0xf81f, 0xf81f, 0xf81f, 0xf81f, 0xf81f, 0xf81f, 0xf81f, 0xf81f, 0xf81f, 0xf81f, 0xf81f, 0xf81f,
    0xf81f, 0xf81f, 0xf81f, 0xf81f, 0xf81f, 0xf81f, 0xf81f, 0xf81f, 0xf81f, 0xf81f, 0xf81f, 0xf81f,
    0xf81f, 0xf81f, 0xf81f, 0xf81f, 0xf81f, 0xf81f, 0xf81f, 0xf81f, 0xf81f, 0xf81f, 0xf81f, 0xf81f,
    0xf81f, 0xf81f, 0xf81f, 0xf81f, 0xf81f, 0xf81f, 0x0000, 0x0000, 0xffff, 0xffff, 0xffff, 0xffff,
    0xffff, 0xffff, 0xffff, 0xffff, 0xffff, 0xffff, 0xffff, 0xffff, 0xffff, 0xffff, 0xffff, 0xffff,
    0xffff, 0x8e19, 0x8e19, 0x8e19, 0x8e19, 0x8e19, 0xffff, 0xffff, 0x0000, 0xf81f, 0xf81f, 0xf81f,
    0xf81f, 0xf81f, 0xf81f, 0xf81f, 0xf81f, 0xf81f, 0xf81f, 0xf81f, 0xf81f, 0xf81f, 0xf81f, 0xf81f,
    0xf81f, 0xf81f, 0xf81f, 0xf81f, 0xf81f, 0xf81f, 0xf81f, 0xf81f, 0xf81f, 0xf81f, 0xf81f, 0xf81f,
    0xf81f, 0xf81f, 0xf81f, 0xf81f, 0xf81f, 0xf81f, 0xf81f, 0xf81f, 0xf81f, 0xf81f, 0xf81f, 0xf81f,
    0xf81f, 0xf81f, 0xf81f, 0xf81f, 0xf81f, 0xf81f, 0xf81f, 0xf81f, 0xf81f, 0xf81f, 0xf81f, 0xf81f,
    0xf81f, 0xf81f, 0xf81f, 0xf81f, 0xf81f, 0xf81f, 0xf81f, 0xf81f, 0xf81f, 0xf81f, 0xf81f, 0xf81f,
    0xf81f, 0xf81f, 0xf81f, 0xf81f, 0xf81f, 0xf81f, 0x0000, 0xffff, 0xffff, 0xffff, 0xffff, 0xffff,
    0xffff, 0xffff, 0xffff, 0xffff, 0xffff, 0xffff, 0xffff, 0xffff, 0xffff, 0xffff, 0xffff, 0xffff,
    0xffff, 0x8e19, 0x8e19, 0x8e19, 0x8e19, 0xffff, 0xffff, 0xffff, 0xffff, 0x0000, 0x0000, 0xf81f,
    0xf81f, 0xf81f, 0xf81f, 0xf81f, 0xf81f, 0xf81f, 0xf81f, 0xf81f, 0xf81f, 0xf81f, 0xf81f, 0xf81f,
    0xf81f, 0xf81f, 0xf81f, 0xf81f, 0xf81f, 0xf81f, 0xf81f, 0xf81f, 0xf81f, 0xf81f, 0xf81f, 0xf81f,
    0xf81f, 0xf81f, 0xf81f, 0xf81f, 0xf81f, 0xf81f, 0xf81f, 0xf81f, 0xf81f, 0xf81f, 0xf81f, 0xf81f,
    0xf81f, 0xf81f, 0xf81f, 0xf81f, 0xf81f, 0xf81f, 0xf81f, 0xf81f, 0xf81f, 0xf81f, 0xf81f, 0xf81f,
    0xf81f, 0xf81f, 0xf81f, 0xf81f, 0xf81f, 0xf81f, 0xf81f, 0xf81f, 0xf81f, 0xf81f, 0xf81f, 0xf81f,
    0xf81f, 0xf81f, 0xf81f, 0xf81f, 0xf81f, 0x0000, 0x0000, 0xffff, 0xffff, 0xffff, 0xffff, 0xffff,
    0xffff, 0xffff, 0xffff, 0xffff, 0xffff, 0xffff, 0xffff, 0xffff, 0xffff, 0xffff, 0xffff, 0xffff,
    0xffff, 0xffff, 0xffff, 0xffff, 0xffff, 0xffff, 0xffff, 0xffff, 0xffff, 0xffff, 0x0000, 0xf81f,
    0xf81f, 0xf81f, 0xf81f, 0xf81f, 0xf81f, 0xf81f, 0xf81f, 0xf81f, 0xf81f, 0xf81f, 0xf81f, 0xf81f,
    0xf81f, 0xf81f, 0xf81f, 0xf81f, 0xf81f, 0xf81f, 0xf81f, 0xf81f, 0xf81f, 0xf81f, 0xf81f, 0xf81f,
    0xf81f, 0xf81f, 0xf81f, 0xf81f, 0xf81f, 0xf81f, 0xf81f, 0xf81f, 0xf81f, 0xf81f, 0xf81f, 0xf81f,
    0xf81f, 0xf81f, 0xf81f, 0xf81f, 0xf81f, 0xf81f, 0xf81f, 0xf81f, 0xf81f, 0xf81f, 0xf81f, 0xf81f,
    0xf81f, 0xf81f, 0xf81f, 0xf81f, 0xf81f, 0xf81f, 0xf81f, 0xf81f, 0xf81f, 0xf81f, 0xf81f, 0xf81f,
    0xf81f, 0xf81f, 0xf81f, 0xf81f, 0x0000, 0x0000, 0xffff, 0xffff, 0xffff, 0xffff, 0x8e19, 0x8e19,
    0x8e19, 0x8e19, 0x8e19, 0x8e19, 0x8e19, 0xffff, 0xffff, 0xffff, 0x8e19, 0x8e19, 0x8e19, 0x8e19,
    0x8e19, 0x8e19, 0xffff, 0xffff, 0xffff, 0xffff, 0xffff, 0xffff, 0xffff, 0xffff, 0x0000, 0x0000,
    0xf81f, 0xf81f, 0xf81f, 0xf81f, 0xf81f, 0xf81f, 0xf81f, 0xf81f, 0xf81f, 0xf81f, 0xf81f, 0xf81f,
    0xf81f, 0xf81f, 0xf81f, 0xf81f, 0xf81f, 0xf81f, 0xf81f, 0xf81f, 0xf81f, 0xf81f, 0xf81f, 0xf81f,
    0xf81f, 0xf81f, 0xf81f, 0xf81f, 0xf81f, 0xf81f, 0xf81f, 0xf81f, 0xf81f, 0xf81f, 0xf81f, 0xf81f,
    0xf81f, 0xf81f, 0xf81f, 0xf81f, 0xf81f, 0xf81f, 0xf81f, 0xf81f, 0xf81f, 0xf81f, 0xf81f, 0xf81f,
    0xf81f, 0xf81f, 0xf81f, 0xf81f, 0xf81f, 0xf81f, 0xf81f, 0xf81f, 0xf81f, 0xf81f, 0xf81f, 0xf81f,
    0xf81f, 0xf81f, 0xf81f, 0xf81f, 0x0000, 0xffff, 0xffff, 0xffff, 0xffff, 0x8e19, 0x0000, 0x0000,
    0x0000, 0x0000, 0x0000, 0x0000, 0x0000, 0x8e19, 0xffff, 0x8e19, 0x8e19, 0x0000, 0x0000, 0x0000,
    0x0000, 0x0000, 0x0000, 0x0000, 0xffff, 0xffff, 0xffff, 0xffff, 0xffff, 0xffff, 0xffff, 0x0000,
    0x0000, 0xf81f, 0xf81f, 0xf81f, 0xf81f, 0xf81f, 0xf81f, 0xf81f, 0xf81f, 0xf81f, 0xf81f, 0xf81f,
    0xf81f, 0xf81f, 0xf81f, 0xf81f, 0xf81f, 0xf81f, 0xf81f, 0xf81f, 0xf81f, 0xf81f, 0xf81f, 0xf81f,
    0xf81f, 0xf81f, 0xf81f, 0xf81f, 0xf81f, 0xf81f, 0xf81f, 0xf81f, 0xf81f, 0xf81f, 0xf81f, 0xf81f,
    0xf81f, 0xf81f, 0xf81f, 0xf81f, 0xf81f, 0xf81f, 0xf81f, 0xf81f, 0xf81f, 0xf81f, 0xf81f, 0xf81f,
    0xf81f, 0xf81f, 0xf81f, 0xf81f, 0xf81f, 0xf81f, 0xf81f, 0xf81f, 0xf81f, 0xf81f, 0xf81f, 0xf81f,
    0xf81f, 0xf81f, 0x0000, 0x0000, 0x0000, 0xffff, 0xffff, 0xffff, 0xffff, 0x0000, 0x0000, 0x2b10,
    0x2b10, 0x2b10, 0x2b10, 0x2b10, 0x0000, 0x8e19, 0x8e19, 0x8e19, 0x0000, 0x0000, 0x2b10, 0x2b10,
    0x2b10, 0x2b10, 0x2b10, 0x2b10, 0x0000, 0x0000, 0xffff, 0xffff, 0xffff, 0xffff, 0xffff, 0x8e19,
    0x0000, 0xf81f, 0xf81f, 0xf81f, 0xf81f, 0xf81f, 0xf81f, 0xf81f, 0xf81f, 0xf81f, 0xf81f, 0xf81f,
    0xf81f, 0xf81f, 0xf81f, 0xf81f, 0xf81f, 0xf81f, 0xf81f, 0xf81f, 0xf81f, 0xf81f, 0xf81f, 0xf81f,
    0xf81f, 0xf81f, 0xf81f, 0xf81f, 0xf81f, 0xf81f, 0xf81f, 0xf81f, 0xf81f, 0xf81f, 0xf81f, 0xf81f,
    0xf81f, 0xf81f, 0xf81f, 0xf81f, 0xf81f, 0xf81f, 0xf81f, 0xf81f, 0xf81f, 0xf81f, 0xf81f, 0xf81f,
    0xf81f, 0xf81f, 0xf81f, 0xf81f, 0xf81f, 0xf81f, 0xf81f, 0xf81f, 0xf81f, 0xf81f, 0xf81f, 0xf81f,
    0xf81f, 0xf81f, 0x0000, 0x0000, 0xffff, 0xffff, 0xffff, 0xffff, 0x0000, 0x0000, 0x2b10, 0xbe9c,
    0xbe9c, 0xbe9c, 0x4c56, 0x4c56, 0x2b10, 0x0000, 0x8e19, 0x8e19, 0x0000, 0x2b10, 0x4c56, 0x4c56,
    0xbe9c, 0xbe9c, 0xbe9c, 0xbe9c, 0x2b10, 0x0000, 0x0000, 0xffff, 0xffff, 0xffff, 0xffff, 0x8e19,
    0x8e19, 0x0000, 0xf81f, 0xf81f, 0xf81f, 0xf81f, 0xf81f, 0xf81f, 0xf81f, 0xf81f, 0xf81f, 0xf81f,
    0xf81f, 0xf81f, 0xf81f, 0xf81f, 0xf81f, 0xf81f, 0xf81f, 0xf81f, 0xf81f, 0xf81f, 0xf81f, 0xf81f,
    0xf81f, 0xf81f, 0xf81f, 0xf81f, 0xf81f, 0xf81f, 0xf81f, 0xf81f, 0xf81f, 0xf81f, 0xf81f, 0xf81f,
    0xf81f, 0xf81f, 0xf81f, 0xf81f, 0xf81f, 0xf81f, 0xf81f, 0xf81f, 0xf81f, 0xf81f, 0xf81f, 0xf81f,
    0xf81f, 0xf81f, 0xf81f, 0xf81f, 0xf81f, 0xf81f, 0xf81f, 0xf81f, 0xf81f, 0xf81f, 0xf81f, 0xf81f,
    0xf81f, 0xf81f, 0x0000, 0x8e19, 0xffff, 0xffff, 0xffff, 0xffff, 0x0000, 0x2b10, 0x2b10, 0xbe9c,
    0xbe9c, 0x4c56, 0x4c56, 0x4c56, 0x2b10, 0x2b10, 0x0000, 0x0000, 0x0000, 0x2b10, 0x4c56, 0x4c56,
    0x4c56, 0xbe9c, 0xbe9c, 0xbe9c, 0x2b10, 0x2b10, 0x0000, 0xffff, 0xffff, 0xffff, 0xffff, 0x8e19,
    0x8e19, 0x0000, 0x0000, 0xf81f, 0xf81f, 0xf81f, 0xf81f, 0xf81f, 0xf81f, 0xf81f, 0xf81f, 0xf81f,
    0xf81f, 0xf81f, 0xf81f, 0xf81f, 0xf81f, 0xf81f, 0xf81f, 0xf81f, 0xf81f, 0xf81f, 0xf81f, 0xf81f,
    0xf81f, 0xf81f, 0xf81f, 0xf81f, 0xf81f, 0xf81f, 0xf81f, 0xf81f, 0xf81f, 0xf81f, 0xf81f, 0xf81f,
    0xf81f, 0xf81f, 0xf81f, 0xf81f, 0xf81f, 0xf81f, 0xf81f, 0xf81f, 0xf81f, 0xf81f, 0xf81f, 0xf81f,
    0xf81f, 0xf81f, 0xf81f, 0xf81f, 0xf81f, 0xf81f, 0xf81f, 0xf81f, 0xf81f, 0xf81f, 0xf81f, 0xf81f,
    0xf81f, 0xf81f, 0x0000, 0x8e19, 0xffff, 0xffff, 0xffff, 0xffff, 0x0000, 0x2b10, 0x2b10, 0x2b10,
    0x2b10, 0x2b10, 0x2b10, 0x2b10, 0x2b10, 0x2b10, 0x2b10, 0x2b10, 0x2b10, 0x2b10, 0x2b10, 0x2b10,
    0x2b10, 0x2b10, 0x2b10, 0x2b10, 0x2b10, 0x2b10, 0x2b10, 0x0000, 0xffff, 0xffff, 0xffff, 0x8e19,
    0x8e19, 0xbe9c, 0x0000, 0xf81f, 0xf81f, 0xf81f, 0xf81f, 0xf81f, 0xf81f, 0xf81f, 0xf81f, 0xf81f,
    0xf81f, 0xf81f, 0xf81f, 0xf81f, 0xf81f, 0xf81f, 0xf81f, 0xf81f, 0xf81f, 0xf81f, 0xf81f, 0xf81f,
    0xf81f, 0xf81f, 0xf81f, 0xf81f, 0xf81f, 0xf81f, 0xf81f, 0xf81f, 0xf81f, 0xf81f, 0xf81f, 0xf81f,
    0xf81f, 0xf81f, 0xf81f, 0xf81f, 0xf81f, 0xf81f, 0xf81f, 0xf81f, 0xf81f, 0xf81f, 0xf81f, 0xf81f,
    0xf81f, 0xf81f, 0xf81f, 0xf81f, 0xf81f, 0xf81f, 0xf81f, 0xf81f, 0xf81f, 0xf81f, 0xf81f, 0x0000,
    0x0000, 0x0000, 0x0000, 0x8e19, 0xffff, 0xffff, 0xffff, 0xffff, 0x0000, 0x2b10, 0x2b10, 0x0000,
    0x0000, 0x0000, 0x0000, 0x0000, 0x2b10, 0x2b10, 0x2b10, 0x2b10, 0x2b10, 0x2b10, 0x2b10, 0x2b10,
    0x0000, 0x0000, 0x0000, 0x0000, 0x0000, 0x2b10, 0x2b10, 0x0000, 0xffff, 0xffff, 0xffff, 0x8e19,
    0x8e19, 0xbe9c, 0x0000, 0x0000, 0x0000, 0x0000, 0xf81f, 0xf81f, 0xf81f, 0xf81f, 0xf81f, 0xf81f,
    0xf81f, 0xf81f, 0xf81f, 0xf81f, 0xf81f, 0xf81f, 0xf81f, 0xf81f, 0xf81f, 0xf81f, 0xf81f, 0xf81f,
    0xf81f, 0xf81f, 0xf81f, 0xf81f, 0xf81f, 0xf81f, 0xf81f, 0xf81f, 0xf81f, 0xf81f, 0xf81f, 0xf81f,
    0xf81f, 0xf81f, 0xf81f, 0xf81f, 0xf81f, 0xf81f, 0xf81f, 0xf81f, 0xf81f, 0xf81f, 0xf81f, 0xf81f,
    0xf81f, 0xf81f, 0xf81f, 0xf81f, 0xf81f, 0xf81f, 0xf81f, 0xf81f, 0xf81f, 0xf81f, 0xf81f, 0x0000,
    0x4c56, 0x4c56, 0x0000, 0x8e19, 0xffff, 0xffff, 0xffff, 0xffff, 0x0000, 0x2b10, 0x2b10, 0x0000,
    0x0000, 0x0000, 0x0000, 0xffff, 0x2b10, 0x2b10, 0x2b10, 0x2b10, 0x2b10, 0x2b10, 0x2b10, 0x2b10,
    0x0000, 0x0000, 0x0000, 0xffff, 0x0000, 0x2b10, 0x2b10, 0x0000, 0xffff, 0xffff, 0xffff, 0x8e19,
    0xbe9c, 0xbe9c, 0x0000, 0x224c, 0x224c, 0x0000, 0xf81f, 0xf81f, 0xf81f, 0xf81f, 0xf81f, 0xf81f,
    0xf81f, 0xf81f, 0xf81f, 0xf81f, 0xf81f, 0xf81f, 0xf81f, 0xf81f, 0xf81f, 0xf81f, 0xf81f, 0xf81f,
    0xf81f, 0xf81f, 0xf81f, 0xf81f, 0xf81f, 0xf81f, 0xf81f, 0xf81f, 0xf81f, 0xf81f, 0xf81f, 0xf81f,
    0xf81f, 0xf81f, 0xf81f, 0xf81f, 0xf81f, 0xf81f, 0xf81f, 0xf81f, 0xf81f, 0xf81f, 0xf81f, 0xf81f,
    0xf81f, 0xf81f, 0xf81f, 0xf81f, 0xf81f, 0xf81f, 0xf81f, 0xf81f, 0xf81f, 0xf81f, 0xf81f, 0x0000,
    0x4c56, 0x4c56, 0x0000, 0x8e19, 0xffff, 0xffff, 0xffff, 0x0000, 0x0000, 0x2b10, 0x2b10, 0x2b10,
    0x08e5, 0x08e5, 0xffff, 0xffff, 0x2b10, 0x2b10, 0x2b10, 0x4c56, 0x4c56, 0x2b10, 0x2b10, 0x2b10,
    0x08e5, 0x08e5, 0xffff, 0xffff, 0x2b10, 0x2b10, 0x1168, 0x0000, 0xffff, 0xffff, 0xffff, 0x8e19,
    0xbe9c, 0xbe9c, 0x0000, 0x4c56, 0x4c56, 0x0000, 0xf81f, 0xf81f, 0xf81f, 0xf81f, 0xf81f, 0xf81f,
    0xf81f, 0xf81f, 0xf81f, 0xf81f, 0xf81f, 0xf81f, 0xf81f, 0xf81f, 0xf81f, 0xf81f, 0xf81f, 0xf81f,
    0xf81f, 0xf81f, 0xf81f, 0xf81f, 0xf81f, 0xf81f, 0xf81f, 0xf81f, 0xf81f, 0xf81f, 0xf81f, 0xf81f,
    0xf81f, 0xf81f, 0xf81f, 0xf81f, 0xf81f, 0xf81f, 0xf81f, 0xf81f, 0xf81f, 0xf81f, 0xf81f, 0xf81f,
    0xf81f, 0xf81f, 0xf81f, 0xf81f, 0xf81f, 0xf81f, 0xf81f, 0xf81f, 0xf81f, 0xf81f, 0xf81f, 0x0000,
    0x2b10, 0x4c56, 0x0000, 0xffff, 0xffff, 0xffff, 0x0000, 0x0000, 0x1168, 0x1168, 0x2b10, 0x2b10,
    0x08e5, 0x08e5, 0x08e5, 0x08e5, 0x2b10, 0x4c56, 0x4c56, 0x4c56, 0x4c56, 0x4c56, 0x2b10, 0x2b10,
    0x08e5, 0x08e5, 0x08e5, 0x08e5, 0x2b10, 0x2b10, 0x1168, 0x0000, 0x0000, 0xffff, 0xffff, 0xffff,
    0xbe9c, 0xbe9c, 0x0000, 0x4c56, 0x2b10, 0x0000, 0xf81f, 0xf81f, 0xf81f, 0xf81f, 0xf81f, 0xf81f,
    0xf81f, 0xf81f, 0xf81f, 0xf81f, 0xf81f, 0xf81f, 0xf81f, 0xf81f, 0xf81f, 0xf81f, 0xf81f, 0xf81f,
    0xf81f, 0xf81f, 0xf81f, 0xf81f, 0xf81f, 0xf81f, 0xf81f, 0xf81f, 0xf81f, 0xf81f, 0xf81f, 0xf81f,
    0xf81f, 0xf81f, 0xf81f, 0xf81f, 0xf81f, 0xf81f, 0xf81f, 0xf81f, 0xf81f, 0xf81f, 0xf81f, 0xf81f,
    0xf81f, 0xf81f, 0xf81f, 0xf81f, 0xf81f, 0xf81f, 0xf81f, 0xf81f, 0xf81f, 0xf81f, 0xf81f, 0x0000,
    0x2b10, 0x224c, 0x0000, 0xffff, 0x8e19, 0xffff, 0x0000, 0x1168, 0x1168, 0x1168, 0x2b10, 0x4c56,
    0x2b10, 0x2b10, 0x2b10, 0x2b10, 0x4c56, 0x4c56, 0x4c56, 0x4c56, 0x4c56, 0x4c56, 0x4c56, 0x2b10,
    0x2b10, 0x2b10, 0x2b10, 0x2b10, 0x2b10, 0x1168, 0x1168, 0x1168, 0x0000, 0xffff, 0xffff, 0xffff,
    0xbe9c, 0xbe9c, 0x0000, 0x4c56, 0x2b10, 0x0000, 0xf81f, 0xf81f, 0xf81f, 0xf81f, 0xf81f, 0xf81f,
    0xf81f, 0xf81f, 0xf81f, 0xf81f, 0xf81f, 0xf81f, 0xf81f, 0xf81f, 0xf81f, 0xf81f, 0xf81f, 0xf81f,
    0xf81f, 0xf81f, 0xf81f, 0xf81f, 0xf81f, 0xf81f, 0xf81f, 0xf81f, 0xf81f, 0xf81f, 0xf81f, 0xf81f,
    0xf81f, 0xf81f, 0xf81f, 0xf81f, 0xf81f, 0xf81f, 0xf81f, 0xf81f, 0xf81f, 0xf81f, 0xf81f, 0xf81f,
    0xf81f, 0xf81f, 0xf81f, 0xf81f, 0xf81f, 0xf81f, 0xf81f, 0xf81f, 0xf81f, 0xf81f, 0xf81f, 0x0000,
    0x2b10, 0x224c, 0x0000, 0xffff, 0x8e19, 0xffff, 0x0000, 0x1168, 0x1168, 0x4c56, 0x4c56, 0x2b10,
    0x2b10, 0x2b10, 0x2b10, 0x2b10, 0x2b10, 0x0000, 0x0000, 0x0000, 0x0000, 0x0000, 0x0000, 0x2b10,
    0x2b10, 0x2b10, 0x2b10, 0x2b10, 0x4c56, 0x4c56, 0x1168, 0x1168, 0x0000, 0xffff, 0xffff, 0xffff,
    0xbe9c, 0xbe9c, 0x0000, 0x4c56, 0x2b10, 0x0000, 0xf81f, 0xf81f, 0xf81f, 0xf81f, 0xf81f, 0xf81f,
    0xf81f, 0xf81f, 0xf81f, 0xf81f, 0xf81f, 0xf81f, 0xf81f, 0xf81f, 0xf81f, 0xf81f, 0xf81f, 0xf81f,
    0xf81f, 0xf81f, 0xf81f, 0xf81f, 0xf81f, 0xf81f, 0xf81f, 0xf81f, 0xf81f, 0xf81f, 0xf81f, 0xf81f,
    0xf81f, 0xf81f, 0xf81f, 0xf81f, 0xf81f, 0xf81f, 0xf81f, 0xf81f, 0xf81f, 0xf81f, 0xf81f, 0xf81f,
    0xf81f, 0xf81f, 0xf81f, 0xf81f, 0xf81f, 0xf81f, 0xf81f, 0xf81f, 0xf81f, 0xf81f, 0xf81f, 0x0000,
    0x2b10, 0x224c, 0x0000, 0x8e19, 0x8e19, 0xffff, 0x0000, 0x1168, 0x2b10, 0x2b10, 0x2b10, 0x2b10,
    0x2b10, 0x2b10, 0x2b10, 0x2b10, 0x2b10, 0x0000, 0x19ea, 0x19ea, 0x19ea, 0x2b10, 0x0000, 0x2b10,
    0x2b10, 0x2b10, 0x2b10, 0x2b10, 0x2b10, 0x2b10, 0x2b10, 0x1168, 0x0000, 0xffff, 0xffff, 0xffff,
    0xbe9c, 0xbe9c, 0x0000, 0x4c56, 0x2b10, 0x0000, 0xf81f, 0xf81f, 0xf81f, 0xf81f, 0xf81f, 0xf81f,
    0xf81f, 0xf81f, 0xf81f, 0xf81f, 0xf81f, 0xf81f, 0xf81f, 0xf81f, 0xf81f, 0xf81f, 0xf81f, 0xf81f,
    0xf81f, 0xf81f, 0xf81f, 0xf81f, 0xf81f, 0xf81f, 0xf81f, 0xf81f, 0xf81f, 0xf81f, 0xf81f, 0xf81f,
    0xf81f, 0xf81f, 0xf81f, 0xf81f, 0xf81f, 0xf81f, 0xf81f, 0xf81f, 0xf81f, 0xf81f, 0xf81f, 0xf81f,
    0xf81f, 0xf81f, 0xf81f, 0xf81f, 0xf81f, 0xf81f, 0xf81f, 0xf81f, 0xf81f, 0xf81f, 0xf81f, 0x0000,
    0x0000, 0x0000, 0x0000, 0x8e19, 0x8e19, 0xffff, 0x0000, 0x2b10, 0x2b10, 0x2b10, 0x2b10, 0x2b10,
    0x0000, 0x0000, 0x0000, 0x0000, 0x0000, 0x0000, 0x0000, 0x19ea, 0x2b10, 0x0000, 0x0000, 0x0000,
    0x2b10, 0x2b10, 0x2b10, 0x2b10, 0x2b10, 0x2b10, 0x2b10, 0x2b10, 0x0000, 0xffff, 0xffff, 0xffff,
    0xbe9c, 0xbe9c, 0x0000, 0x224c, 0x2b10, 0x0000, 0xf81f, 0xf81f, 0xf81f, 0xf81f, 0xf81f, 0xf81f,
    0xf81f, 0xf81f, 0xf81f, 0xf81f, 0xf81f, 0xf81f, 0xf81f, 0xf81f, 0xf81f, 0xf81f, 0xf81f, 0xf81f,
    0xf81f, 0xf81f, 0xf81f, 0xf81f, 0xf81f, 0xf81f, 0xf81f, 0xf81f, 0xf81f, 0xf81f, 0xf81f, 0xf81f,
    0xf81f, 0xf81f, 0xf81f, 0xf81f, 0xf81f, 0xf81f, 0xf81f, 0xf81f, 0xf81f, 0xf81f, 0xf81f, 0xf81f,
    0xf81f, 0xf81f, 0xf81f, 0xf81f, 0xf81f, 0xf81f, 0xf81f, 0xf81f, 0xf81f, 0xf81f, 0xf81f, 0xf81f,
    0xf81f, 0x0000, 0x0000, 0x8e19, 0x8e19, 0xffff, 0x0000, 0x2b10, 0x2b10, 0x2b10, 0x2b10, 0x0000,
    0x0000, 0xffff, 0xffff, 0xffff, 0xffff, 0xffff, 0xffff, 0x0000, 0x0000, 0xffff, 0xffff, 0x0000,
    0x0000, 0x0000, 0x0000, 0x0000, 0x2b10, 0x2b10, 0x2b10, 0x0000, 0x0000, 0xffff, 0xffff, 0xffff,
    0xbe9c, 0xbe9c, 0x0000, 0x0000, 0x0000, 0x0000, 0xf81f, 0xf81f, 0xf81f, 0xf81f, 0xf81f, 0xf81f,
    0xf81f, 0xf81f, 0xf81f, 0xf81f, 0xf81f, 0xf81f, 0xf81f, 0xf81f, 0xf81f, 0xf81f, 0xf81f, 0xf81f,
    0xf81f, 0xf81f, 0xf81f, 0xf81f, 0xf81f, 0xf81f, 0xf81f, 0xf81f, 0xf81f, 0xf81f, 0xf81f, 0xf81f,
    0xf81f, 0xf81f, 0xf81f, 0xf81f, 0xf81f, 0xf81f, 0xf81f, 0xf81f, 0xf81f, 0xf81f, 0xf81f, 0xf81f,
    0xf81f, 0xf81f, 0xf81f, 0xf81f, 0xf81f, 0xf81f, 0xf81f, 0xf81f, 0xf81f, 0xf81f, 0xf81f, 0xf81f,
    0xf81f, 0x0000, 0x0000, 0x8e19, 0xffff, 0xffff, 0x0000, 0x0000, 0x0000, 0x2b10, 0x0000, 0x0000,
    0xffff, 0xffff, 0xffff, 0xffff, 0xffff, 0xffff, 0xffff, 0x0000, 0x6db8, 0x6db8, 0xffff, 0xffff,
    0xbe9c, 0xbe9c, 0xbe9c, 0x0000, 0x0000, 0x0000, 0x2b10, 0x0000, 0xffff, 0xffff, 0xffff, 0xffff,
    0xbe9c, 0xffff, 0x0000, 0xf81f, 0xf81f, 0xf81f, 0xf81f, 0xf81f, 0xf81f, 0xf81f, 0xf81f, 0xf81f,
    0xf81f, 0xf81f, 0xf81f, 0xf81f, 0xf81f, 0xf81f, 0xf81f, 0xf81f, 0xf81f, 0xf81f, 0xf81f, 0xf81f,
    0xf81f, 0xf81f, 0xf81f, 0xf81f, 0xf81f, 0xf81f, 0xf81f, 0xf81f, 0xf81f, 0xf81f, 0xf81f, 0xf81f,
    0xf81f, 0xf81f, 0xf81f, 0xf81f, 0xf81f, 0xf81f, 0xf81f, 0xf81f, 0xf81f, 0xf81f, 0xf81f, 0xf81f,
    0xf81f, 0xf81f, 0xf81f, 0xf81f, 0xf81f, 0xf81f, 0xf81f, 0xf81f, 0xf81f, 0xf81f, 0xf81f, 0xf81f,
    0xf81f, 0xf81f, 0x0000, 0xffff, 0xffff, 0xffff, 0xffff, 0xffff, 0x0000, 0x0000, 0x0000, 0xffff,
    0xffff, 0xffff, 0xffff, 0xffff, 0xffff, 0x0000, 0x0000, 0x0000, 0x0000, 0x6db8, 0xffff, 0xffff,
    0xbe9c, 0xbe9c, 0xbe9c, 0xbe9c, 0xbe9c, 0x0000, 0x0000, 0xffff, 0xffff, 0xffff, 0xffff, 0xbe9c,
    0xffff, 0xffff, 0x0000, 0xf81f, 0xf81f, 0xf81f, 0xf81f, 0xf81f, 0xf81f, 0xf81f, 0xf81f, 0xf81f,
    0xf81f, 0xf81f, 0xf81f, 0xf81f, 0xf81f, 0xf81f, 0xf81f, 0xf81f, 0xf81f, 0xf81f, 0xf81f, 0xf81f,
    0xf81f, 0xf81f, 0xf81f, 0xf81f, 0xf81f, 0xf81f, 0xf81f, 0xf81f, 0xf81f, 0xf81f, 0xf81f, 0xf81f,
    0xf81f, 0xf81f, 0xf81f, 0xf81f, 0xf81f, 0xf81f, 0xf81f, 0xf81f, 0xf81f, 0xf81f, 0xf81f, 0xf81f,
    0xf81f, 0xf81f, 0xf81f, 0xf81f, 0xf81f, 0xf81f, 0xf81f, 0xf81f, 0xf81f, 0xf81f, 0xf81f, 0xf81f,
    0xf81f, 0xf81f, 0x0000, 0xffff, 0xffff, 0xffff, 0xffff, 0xffff, 0x0000, 0xffff, 0xffff, 0xbe9c,
    0xffff, 0xffff, 0xffff, 0xffff, 0xffff, 0x0000, 0x0000, 0x64d4, 0x0000, 0x6db8, 0xffff, 0xffff,
    0xffff, 0xffff, 0xbe9c, 0xbe9c, 0xbe9c, 0xbe9c, 0x0000, 0xffff, 0xffff, 0xffff, 0xffff, 0xbe9c,
    0xffff, 0x0000, 0x0000, 0xf81f, 0xf81f, 0xf81f, 0xf81f, 0xf81f, 0xf81f, 0xf81f, 0xf81f, 0xf81f,
    0xf81f, 0xf81f, 0xf81f, 0xf81f, 0xf81f, 0xf81f, 0xf81f, 0xf81f, 0xf81f, 0xf81f, 0xf81f, 0xf81f,
    0xf81f, 0xf81f, 0xf81f, 0xf81f, 0xf81f, 0xf81f, 0xf81f, 0xf81f, 0xf81f, 0xf81f, 0xf81f, 0xf81f,
    0xf81f, 0xf81f, 0xf81f, 0xf81f, 0xf81f, 0xf81f, 0xf81f, 0xf81f, 0xf81f, 0xf81f, 0xf81f, 0xf81f,
    0xf81f, 0xf81f, 0xf81f, 0xf81f, 0xf81f, 0xf81f, 0xf81f, 0xf81f, 0xf81f, 0xf81f, 0xf81f, 0xf81f,
    0xf81f, 0xf81f, 0x0000, 0xffff, 0xffff, 0xffff, 0xffff, 0xffff, 0x0000, 0xffff, 0xbe9c, 0xbe9c,
    0xffff, 0xffff, 0xffff, 0xffff, 0x64d4, 0x0000, 0x8e19, 0x64d4, 0x0000, 0x0000, 0x0000, 0xffff,
    0xffff, 0xffff, 0xbe9c, 0xbe9c, 0xbe9c, 0xbe9c, 0x0000, 0xffff, 0xffff, 0xbe9c, 0xffff, 0xbe9c,
    0xffff, 0x0000, 0x0000, 0xf81f, 0xf81f, 0xf81f, 0xf81f, 0xf81f, 0xf81f, 0xf81f, 0xf81f, 0xf81f,
    0xf81f, 0xf81f, 0xf81f, 0xf81f, 0xf81f, 0xf81f, 0xf81f, 0xf81f, 0xf81f, 0xf81f, 0xf81f, 0xf81f,
    0xf81f, 0xf81f, 0xf81f, 0xf81f, 0xf81f, 0xf81f, 0xf81f, 0xf81f, 0xf81f, 0xf81f, 0xf81f, 0xf81f,
    0xf81f, 0xf81f, 0xf81f, 0xf81f, 0xf81f, 0xf81f, 0xf81f, 0xf81f, 0xf81f, 0xf81f, 0xf81f, 0xf81f,
    0xf81f, 0xf81f, 0xf81f, 0xf81f, 0xf81f, 0xf81f, 0xf81f, 0xf81f, 0xf81f, 0xf81f, 0xf81f, 0xf81f,
    0x0000, 0xf81f, 0x0000, 0xffff, 0xbe9c, 0xffff, 0xffff, 0xffff, 0x0000, 0xbe9c, 0xbe9c, 0xbe9c,
    0xffff, 0xffff, 0xffff, 0x0000, 0x0000, 0x8e19, 0x8e19, 0x64d4, 0x64d4, 0x64d4, 0x0000, 0x0000,
    0xffff, 0xffff, 0xffff, 0xbe9c, 0xbe9c, 0xbe9c, 0x0000, 0xffff, 0xffff, 0xbe9c, 0xffff, 0xffff,
    0xffff, 0x0000, 0xf81f, 0xf81f, 0xf81f, 0xf81f, 0xf81f, 0xf81f, 0xf81f, 0xf81f, 0xf81f, 0xf81f,
    0xf81f, 0xf81f, 0xf81f, 0xf81f, 0xf81f, 0xf81f, 0xf81f, 0xf81f, 0xf81f, 0xf81f, 0xf81f, 0xf81f,
    0xf81f, 0xf81f, 0xf81f, 0xf81f, 0xf81f, 0xf81f, 0xf81f, 0xf81f, 0xf81f, 0xf81f, 0xf81f, 0xf81f,
    0xf81f, 0xf81f, 0xf81f, 0xf81f, 0xf81f, 0xf81f, 0xf81f, 0xf81f, 0xf81f, 0xf81f, 0xf81f, 0xf81f,
    0xf81f, 0xf81f, 0xf81f, 0xf81f, 0xf81f, 0xf81f, 0xf81f, 0xf81f, 0xf81f, 0xf81f, 0xf81f, 0x0000,
    0x230d, 0x0000, 0x0000, 0xffff, 0xbe9c, 0xbe9c, 0xffff, 0xffff, 0x0000, 0xbe9c, 0xbe9c, 0xbe9c,
    0xffff, 0xffff, 0xffff, 0x0000, 0x8e19, 0x8e19, 0x8e19, 0x8e19, 0x64d4, 0x64d4, 0x64d4, 0x0000,
    0xffff, 0xffff, 0xffff, 0xffff, 0xbe9c, 0xbe9c, 0x0000, 0xffff, 0xffff, 0xbe9c, 0xffff, 0xffff,
    0xffff, 0x0000, 0xffff, 0x0000, 0x0000, 0x0000, 0x0000, 0xf81f, 0xf81f, 0xf81f, 0xf81f, 0xf81f,
    0xf81f, 0xf81f, 0xf81f, 0xf81f, 0xf81f, 0xf81f, 0xf81f, 0xf81f, 0xf81f, 0xf81f, 0xf81f, 0xf81f,
    0xf81f, 0xf81f, 0xf81f, 0xf81f, 0xf81f, 0xf81f, 0xf81f, 0xf81f, 0xf81f, 0xf81f, 0xf81f, 0xf81f,
    0xf81f, 0xf81f, 0xf81f, 0xf81f, 0xf81f, 0xf81f, 0xf81f, 0xf81f, 0xf81f, 0xf81f, 0xf81f, 0xf81f,
    0xf81f, 0xf81f, 0xf81f, 0xf81f, 0xf81f, 0xf81f, 0xf81f, 0xf81f, 0xf81f, 0x0000, 0x0000, 0x0000,
    0x230d, 0x230d, 0x0000, 0x0000, 0xbe9c, 0xbe9c, 0xffff, 0xffff, 0x0000, 0xbe9c, 0xbe9c, 0xbe9c,
    0xbe9c, 0x0000, 0x0000, 0x8e19, 0x8e19, 0x8e19, 0x8e19, 0x8e19, 0x8e19, 0x8e19, 0x64d4, 0x64d4,
    0x0000, 0xffff, 0xffff, 0xbe9c, 0xbe9c, 0xbe9c, 0x0000, 0xffff, 0xffff, 0xbe9c, 0xbe9c, 0xffff,
    0x0000, 0x0000, 0xffff, 0xffff, 0xffff, 0x0000, 0x0000, 0x0000, 0xf81f, 0xf81f, 0xf81f, 0xf81f,
    0xf81f, 0xf81f, 0xf81f, 0xf81f, 0xf81f, 0xf81f, 0xf81f, 0xf81f, 0xf81f, 0xf81f, 0xf81f, 0xf81f,
    0xf81f, 0xf81f, 0xf81f, 0xf81f, 0xf81f, 0xf81f, 0xf81f, 0xf81f, 0xf81f, 0xf81f, 0xf81f, 0xf81f,
    0xf81f, 0xf81f, 0xf81f, 0xf81f, 0xf81f, 0xf81f, 0xf81f, 0xf81f, 0xf81f, 0xf81f, 0xf81f, 0xf81f,
    0xf81f, 0xf81f, 0xf81f, 0xf81f, 0xf81f, 0xf81f, 0xf81f, 0xf81f, 0xf81f, 0x0000, 0x0000, 0x6db8,
    0x6db8, 0x230d, 0x0000, 0x0000, 0x8e19, 0xbe9c, 0xffff, 0xffff, 0x0000, 0x0000, 0x0000, 0x0000,
    0x0000, 0x8e19, 0x8e19, 0x8e19, 0xffff, 0xffff, 0xffff, 0x8e19, 0x8e19, 0x8e19, 0x8e19, 0x8e19,
    0x0000, 0x0000, 0x0000, 0x0000, 0x0000, 0x0000, 0x0000, 0xffff, 0xffff, 0xbe9c, 0xffff, 0xffff,
    0x0000, 0x0000, 0xffff, 0xffff, 0x6db8, 0x6db8, 0x6db8, 0x8537, 0x0000, 0xf81f, 0xf81f, 0xf81f,
    0xf81f, 0xf81f, 0xf81f, 0xf81f, 0xf81f, 0xf81f, 0xf81f, 0xf81f, 0xf81f, 0xf81f, 0xf81f, 0xf81f,
    0xf81f, 0xf81f, 0xf81f, 0xf81f, 0xf81f, 0xf81f, 0xf81f, 0xf81f, 0xf81f, 0xf81f, 0xf81f, 0xf81f,
    0xf81f, 0xf81f, 0xf81f, 0xf81f, 0xf81f, 0xf81f, 0xf81f, 0xf81f, 0xf81f, 0xf81f, 0xf81f, 0xf81f,
    0xf81f, 0xf81f, 0xf81f, 0xf81f, 0xf81f, 0xf81f, 0xf81f, 0xf81f, 0x0000, 0xffff, 0xffff, 0x6db8,
    0x6db8, 0x230d, 0x0000, 0x0000, 0xbe9c, 0xbe9c, 0xffff, 0xffff, 0xffff, 0xffff, 0xffff, 0xffff,
    0xffff, 0xffff, 0xffff, 0xffff, 0xffff, 0xffff, 0xffff, 0xffff, 0x8e19, 0x8e19, 0x8e19, 0x8e19,
    0x8e19, 0x8e19, 0x8e19, 0x8e19, 0x8e19, 0xffff, 0xffff, 0xffff, 0xffff, 0xbe9c, 0xffff, 0x0000,
    0x0000, 0xffff, 0xffff, 0x6db8, 0x6db8, 0x6db8, 0x6db8, 0x6db8, 0x0000, 0xf81f, 0xf81f, 0xf81f,
    0xf81f, 0xf81f, 0xf81f, 0xf81f, 0xf81f, 0xf81f, 0xf81f, 0xf81f, 0xf81f, 0xf81f, 0xf81f, 0xf81f,
    0xf81f, 0xf81f, 0xf81f, 0xf81f, 0xf81f, 0xf81f, 0xf81f, 0xf81f, 0xf81f, 0xf81f, 0xf81f, 0xf81f,
    0xf81f, 0xf81f, 0xf81f, 0xf81f, 0xf81f, 0xf81f, 0xf81f, 0xf81f, 0xf81f, 0xf81f, 0xf81f, 0xf81f,
    0xf81f, 0xf81f, 0xf81f, 0xf81f, 0xf81f, 0xf81f, 0xf81f, 0xf81f, 0x0000, 0xffff, 0xffff, 0x6db8,
    0x6db8, 0x230d, 0x230d, 0x0000, 0xffff, 0xbe9c, 0xffff, 0xffff, 0xffff, 0xffff, 0xffff, 0xffff,
    0xffff, 0xffff, 0xffff, 0xffff, 0xffff, 0xffff, 0xffff, 0xffff, 0xffff, 0x8e19, 0x8e19, 0x8e19,
    0x8e19, 0x8e19, 0x8e19, 0x8e19, 0x8e19, 0x8e19, 0x8e19, 0xffff, 0xffff, 0xbe9c, 0xffff, 0x0000,
    0x0000, 0xffff, 0xffff, 0xbe9c, 0xbe9c, 0xbe9c, 0xbe9c, 0x6db8, 0x0000, 0x0000, 0xf81f, 0xf81f,
    0xf81f, 0xf81f, 0xf81f, 0xf81f, 0xf81f, 0xf81f, 0xf81f, 0xf81f, 0xf81f, 0xf81f, 0xf81f, 0xf81f,
    0xf81f, 0xf81f, 0xf81f, 0xf81f, 0xf81f, 0xf81f, 0xf81f, 0xf81f, 0xf81f, 0xf81f, 0xf81f, 0xf81f,
    0xf81f, 0xf81f, 0xf81f, 0xf81f, 0xf81f, 0xf81f, 0xf81f, 0xf81f, 0xf81f, 0xf81f, 0xf81f, 0xf81f,
    0xf81f, 0xf81f, 0xf81f, 0xf81f, 0xf81f, 0xf81f, 0xf81f, 0x0000, 0x0000, 0xffff, 0xffff, 0x6db8,
    0x6db8, 0x230d, 0x230d, 0x0000, 0xffff, 0xffff, 0xffff, 0xffff, 0xffff, 0xffff, 0xffff, 0xffff,
    0xffff, 0xffff, 0xffff, 0xffff, 0xffff, 0xffff, 0xffff, 0xffff, 0xffff, 0xffff, 0xffff, 0xffff,
    0x8e19, 0x8e19, 0x8e19, 0x8e19, 0x8e19, 0x8e19, 0xffff, 0xffff, 0xbe9c, 0x6db8, 0xffff, 0x0000,
    0xffff, 0xffff, 0xffff, 0xbe9c, 0xbe9c, 0xbe9c, 0xbe9c, 0xbe9c, 0xffff, 0x0000, 0xf81f, 0xf81f,
    0xf81f, 0xf81f, 0xf81f, 0xf81f, 0xf81f, 0xf81f, 0xf81f, 0xf81f, 0xf81f, 0xf81f, 0xf81f, 0xf81f,
    0xf81f, 0xf81f, 0xf81f, 0xf81f, 0xf81f, 0xf81f, 0xf81f, 0xf81f, 0xf81f, 0xf81f, 0xf81f, 0xf81f,
    0xf81f, 0xf81f, 0xf81f, 0xf81f, 0xf81f, 0xf81f, 0xf81f, 0xf81f, 0xf81f, 0xf81f, 0xf81f, 0xf81f,
    0xf81f, 0xf81f, 0xf81f, 0xf81f, 0xf81f, 0xf81f, 0xf81f, 0x0000, 0x0000, 0xffff, 0xffff, 0xffff,
    0x8537, 0x230d, 0x230d, 0x0000, 0xffff, 0xffff, 0xffff, 0xffff, 0xffff, 0xffff, 0xffff, 0xffff,
    0xffff, 0xffff, 0xffff, 0xffff, 0xffff, 0xffff, 0xffff, 0xffff, 0xffff, 0xffff, 0xffff, 0xffff,
    0xffff, 0xffff, 0xffff, 0xffff, 0xffff, 0xffff, 0xffff, 0xffff, 0x6db8, 0x6db8, 0xffff, 0x0000,
    0xffff, 0x6db8, 0xbe9c, 0xbe9c, 0xbe9c, 0xbe9c, 0xffff, 0xffff, 0xffff, 0xffff, 0x0000, 0xf81f,
    0xf81f, 0xf81f, 0xf81f, 0xf81f, 0xf81f, 0xf81f, 0xf81f, 0xf81f, 0xf81f, 0xf81f, 0xf81f, 0xf81f,
    0xf81f, 0xf81f, 0xf81f, 0xf81f, 0xf81f, 0xf81f, 0xf81f, 0xf81f, 0xf81f, 0xf81f, 0xf81f, 0xf81f,
    0xf81f, 0xf81f, 0xf81f, 0xf81f, 0xf81f, 0xf81f, 0xf81f, 0xf81f, 0xf81f, 0xf81f, 0xf81f, 0xf81f,
    0xf81f, 0xf81f, 0xf81f, 0xf81f, 0xf81f, 0xf81f, 0xf81f, 0x0000, 0x0000, 0xffff, 0xffff, 0xffff,
    0x8537, 0x6db8, 0x230d, 0x0000, 0x0000, 0x0000, 0xffff, 0xffff, 0xffff, 0xffff, 0xffff, 0xffff,
    0xffff, 0xffff, 0xffff, 0xffff, 0xffff, 0xffff, 0xffff, 0xffff, 0xffff, 0xffff, 0xffff, 0xffff,
    0xffff, 0xffff, 0xffff, 0xffff, 0xffff, 0xffff, 0xbe9c, 0xbe9c, 0x6db8, 0x0000, 0x0000, 0x0000,
    0xffff, 0x8537, 0xffff, 0xffff, 0xffff, 0xffff, 0xffff, 0xffff, 0xffff, 0xffff, 0x0000, 0xf81f,
    0xf81f, 0xf81f, 0xf81f, 0xf81f, 0xf81f, 0xf81f, 0xf81f, 0xf81f, 0xf81f, 0xf81f, 0xf81f, 0xf81f,
    0xf81f, 0xf81f, 0xf81f, 0xf81f, 0xf81f, 0xf81f, 0xf81f, 0xf81f, 0xf81f, 0xf81f, 0xf81f, 0xf81f,
    0xf81f, 0xf81f, 0xf81f, 0xf81f, 0xf81f, 0xf81f, 0xf81f, 0xf81f, 0xf81f, 0xf81f, 0xf81f, 0xf81f,
    0xf81f, 0xf81f, 0xf81f, 0xf81f, 0xf81f, 0xf81f, 0xf81f, 0x0000, 0xffff, 0xffff, 0xffff, 0xbe9c,
    0x8537, 0x6db8, 0x230d, 0x0000, 0x0000, 0x0000, 0xffff, 0xffff, 0xffff, 0xffff, 0xffff, 0xffff,
    0xffff, 0xffff, 0xffff, 0xffff, 0xffff, 0xffff, 0xffff, 0xffff, 0xffff, 0xffff, 0xffff, 0xffff,
    0xffff, 0xffff, 0xffff, 0xffff, 0xffff, 0xbe9c, 0xbe9c, 0x6db8, 0x6db8, 0x0000, 0x0000, 0xffff,
    0xffff, 0x8537, 0xffff, 0xffff, 0xffff, 0xffff, 0xffff, 0xffff, 0xffff, 0xffff, 0x0000, 0x0000,
    0xf81f, 0xf81f, 0xf81f, 0xf81f, 0xf81f, 0xf81f, 0xf81f, 0xf81f, 0xf81f, 0xf81f, 0xf81f, 0xf81f,
    0xf81f, 0xf81f, 0xf81f, 0xf81f, 0xf81f, 0xf81f, 0xf81f, 0xf81f, 0xf81f, 0xf81f, 0xf81f, 0xf81f,
    0xf81f, 0xf81f, 0xf81f, 0xf81f, 0xf81f, 0xf81f, 0xf81f, 0xf81f, 0xf81f, 0xf81f, 0xf81f, 0xf81f,
    0xf81f, 0xf81f, 0xf81f, 0xf81f, 0xf81f, 0xf81f, 0x0000, 0x0000, 0xffff, 0xffff, 0xffff, 0xbe9c,
    0x8537, 0x6db8, 0x230d, 0x0000, 0x0000, 0x1168, 0x0000, 0xffff, 0xffff, 0xffff, 0xffff, 0xffff,
    0xffff, 0xffff, 0xffff, 0xffff, 0xffff, 0xffff, 0xffff, 0xffff, 0xffff, 0xffff, 0xffff, 0xffff,
    0xffff, 0xffff, 0xffff, 0xffff, 0xffff, 0xbe9c, 0xbe9c, 0x6db8, 0x0000, 0x0000, 0xffff, 0x8537,
    0x8537, 0x8537, 0xffff, 0xffff, 0xffff, 0xffff, 0xffff, 0xffff, 0xffff, 0xffff, 0xffff, 0x0000,
    0xf81f, 0xf81f, 0xf81f, 0xf81f, 0xf81f, 0xf81f, 0xf81f, 0xf81f, 0xf81f, 0xf81f, 0xf81f, 0xf81f,
    0xf81f, 0xf81f, 0xf81f, 0xf81f, 0xf81f, 0xf81f, 0xf81f, 0xf81f, 0xf81f, 0xf81f, 0xf81f, 0xf81f,
    0xf81f, 0xf81f, 0xf81f, 0xf81f, 0xf81f, 0xf81f, 0xf81f, 0xf81f, 0xf81f, 0xf81f, 0xf81f, 0xf81f,
    0xf81f, 0xf81f, 0xf81f, 0xf81f, 0xf81f, 0xf81f, 0x0000, 0xffff, 0xffff, 0xffff, 0xffff, 0xbe9c,
    0x8537, 0x230d, 0x230d, 0x0000, 0x2b10, 0x1168, 0x0000, 0x0000, 0xffff, 0xffff, 0xffff, 0xffff,
    0xffff, 0xffff, 0xffff, 0xffff, 0xffff, 0xffff, 0xffff, 0xffff, 0xffff, 0xffff, 0xffff, 0xffff,
    0xffff, 0xffff, 0xffff, 0xffff, 0xbe9c, 0xbe9c, 0x6db8, 0x6db8, 0x0000, 0x0000, 0xbe9c, 0x8537,
    0x8537, 0xffff, 0xffff, 0xffff, 0xffff, 0xffff, 0xffff, 0xffff, 0xffff, 0xffff, 0xffff, 0x0000,
    0xf81f, 0xf81f, 0xf81f, 0xf81f, 0xf81f, 0xf81f, 0xf81f, 0xf81f, 0xf81f, 0xf81f, 0xf81f, 0xf81f,
    0xf81f, 0xf81f, 0xf81f, 0xf81f, 0xf81f, 0xf81f, 0xf81f, 0xf81f, 0xf81f, 0xf81f, 0xf81f, 0xf81f,
    0xf81f, 0xf81f, 0xf81f, 0xf81f, 0xf81f, 0xf81f, 0xf81f, 0xf81f, 0xf81f, 0xf81f, 0xf81f, 0xf81f,
    0xf81f, 0xf81f, 0xf81f, 0xf81f, 0xf81f, 0xf81f, 0x0000, 0xffff, 0xffff, 0xffff, 0xbe9c, 0xbe9c,
    0x6db8, 0x230d, 0x230d, 0x0000, 0x2b10, 0x2b10, 0x1168, 0x0000, 0xffff, 0xffff, 0xffff, 0xffff,
    0xffff, 0xffff, 0xffff, 0xffff, 0xffff, 0xffff, 0xffff, 0xffff, 0xffff, 0xffff, 0xffff, 0xffff,
    0xffff, 0xffff, 0xffff, 0xbe9c, 0xbe9c, 0x6db8, 0x6db8, 0x0000, 0x0000, 0x0000, 0x8537, 0x8537,
    0xffff, 0xffff, 0xffff, 0xffff, 0xffff, 0xffff, 0xffff, 0xffff, 0xffff, 0xffff, 0xffff, 0x0000,
    0xf81f, 0xf81f, 0xf81f, 0xf81f, 0xf81f, 0xf81f, 0xf81f, 0xf81f, 0xf81f, 0xf81f, 0xf81f, 0xf81f,
    0xf81f, 0xf81f, 0xf81f, 0xf81f, 0xf81f, 0xf81f, 0xf81f, 0xf81f, 0xf81f, 0xf81f, 0xf81f, 0xf81f,
    0xf81f, 0xf81f, 0xf81f, 0xf81f, 0xf81f, 0xf81f, 0xf81f, 0xf81f, 0xf81f, 0xf81f, 0xf81f, 0xf81f,
    0xf81f, 0xf81f, 0xf81f, 0xf81f, 0xf81f, 0x0000, 0x0000, 0xffff, 0xffff, 0xffff, 0xbe9c, 0xbe9c,
    0x6db8, 0x6db8, 0x230d, 0x0000, 0x2b10, 0x2b10, 0x2b10, 0x0000, 0x0000, 0xffff, 0xffff, 0xffff,
    0xffff, 0xffff, 0xffff, 0xffff, 0xffff, 0xffff, 0xffff, 0xffff, 0xffff, 0xffff, 0xffff, 0xffff,
    0xffff, 0xffff, 0xbe9c, 0xbe9c, 0x6db8, 0x6db8, 0x0000, 0x0000, 0x0000, 0x0000, 0x8537, 0x8537,
    0xffff, 0xffff, 0xffff, 0xffff, 0xffff, 0xffff, 0xffff, 0xffff, 0xffff, 0xffff, 0xffff, 0x0000,
    0xf81f, 0xf81f, 0xf81f, 0xf81f, 0xf81f, 0xf81f, 0xf81f, 0xf81f, 0xf81f, 0xf81f, 0xf81f, 0xf81f,
    0xf81f, 0xf81f, 0xf81f, 0xf81f, 0xf81f, 0xf81f, 0xf81f, 0xf81f, 0xf81f, 0xf81f, 0xf81f, 0xf81f,
    0xf81f, 0xf81f, 0xf81f, 0xf81f, 0xf81f, 0xf81f, 0xf81f, 0xf81f, 0xf81f, 0xf81f, 0xf81f, 0xf81f,
    0xf81f, 0xf81f, 0xf81f, 0xf81f, 0xf81f, 0x0000, 0xffff, 0xffff, 0xffff, 0xffff, 0xbe9c, 0xbe9c,
    0x6db8, 0x6db8, 0x0000, 0x0000, 0x0000, 0x2b10, 0x2b10, 0x1168, 0x0000, 0x0000, 0xffff, 0xffff,
    0xffff, 0xffff, 0xffff, 0xffff, 0xffff, 0xffff, 0xffff, 0xffff, 0xffff, 0xffff, 0xffff, 0xffff,
    0xbe9c, 0xbe9c, 0xbe9c, 0x6db8, 0x6db8, 0x0000, 0x0000, 0x0000, 0x0000, 0x0000, 0xffff, 0xffff,
    0xffff, 0xffff, 0xffff, 0xffff, 0xffff, 0xffff, 0xffff, 0xffff, 0xffff, 0xffff, 0xffff, 0xffff,
    0x0000, 0xf81f, 0xf81f, 0xf81f, 0xf81f, 0xf81f, 0xf81f, 0xf81f, 0xf81f, 0xf81f, 0xf81f, 0xf81f,
    0xf81f, 0xf81f, 0xf81f, 0xf81f, 0xf81f, 0xf81f, 0xf81f, 0xf81f, 0xf81f, 0xf81f, 0xf81f, 0xf81f,
    0xf81f, 0xf81f, 0xf81f, 0xf81f, 0xf81f, 0xf81f, 0xf81f, 0xf81f, 0xf81f, 0xf81f, 0xf81f, 0xf81f,
    0xf81f, 0xf81f, 0xf81f, 0xf81f, 0xf81f, 0x0000, 0xffff, 0xffff, 0xffff, 0xbe9c, 0xbe9c, 0x8537,
    0x6db8, 0x6db8, 0x0000, 0xffff, 0x0000, 0x2b10, 0x2b10, 0x1168, 0x1168, 0x1168, 0x0000, 0xffff,
    0xffff, 0xffff, 0xffff, 0xffff, 0xffff, 0xffff, 0xffff, 0xffff, 0xffff, 0xffff, 0xffff, 0xbe9c,
    0xbe9c, 0x6db8, 0x6db8, 0x6db8, 0x6db8, 0x0000, 0x1168, 0x1168, 0x0000, 0x0000, 0xffff, 0xffff,
    0xffff, 0xffff, 0xffff, 0xffff, 0xffff, 0xffff, 0xffff, 0xffff, 0xffff, 0xffff, 0xffff, 0xffff,
    0x0000, 0xf81f, 0xf81f, 0xf81f, 0xf81f, 0xf81f, 0xf81f, 0xf81f, 0xf81f, 0xf81f, 0xf81f, 0xf81f,
    0xf81f, 0xf81f, 0xf81f, 0xf81f, 0xf81f, 0xf81f, 0xf81f, 0xf81f, 0xf81f, 0xf81f, 0xf81f, 0xf81f,
    0xf81f, 0xf81f, 0xf81f, 0xf81f, 0xf81f, 0xf81f, 0xf81f, 0xf81f, 0xf81f, 0xf81f, 0xf81f, 0xf81f,
    0xf81f, 0xf81f, 0xf81f, 0xf81f, 0x0000, 0x0000, 0xffff, 0xffff, 0xffff, 0xbe9c, 0xbe9c, 0x6db8,
    0x6db8, 0x8537, 0x0000, 0xffff, 0x0000, 0x2b10, 0x2b10, 0x2b10, 0x1168, 0x1168, 0x0000, 0x0000,
    0xffff, 0xffff, 0xffff, 0xffff, 0xffff, 0xffff, 0xffff, 0xffff, 0xffff, 0xffff, 0xbe9c, 0x6db8,
    0x6db8, 0x6db8, 0x6db8, 0x6db8, 0x0000, 0x1168, 0x1168, 0x0000, 0x8e19, 0x0000, 0xffff, 0xffff,
    0xffff, 0xffff, 0xffff, 0xffff, 0xffff, 0xffff, 0xffff, 0xffff, 0xffff, 0xffff, 0xffff, 0xffff,
    0x0000, 0xf81f, 0xf81f, 0xf81f, 0xf81f, 0xf81f, 0xf81f, 0xf81f, 0xf81f, 0xf81f, 0xf81f, 0xf81f,
    0xf81f, 0xf81f, 0xf81f, 0xf81f, 0xf81f, 0xf81f, 0xf81f, 0xf81f, 0xf81f, 0xf81f, 0xf81f, 0xf81f,
    0xf81f, 0xf81f, 0xf81f, 0xf81f, 0xf81f, 0xf81f, 0xf81f, 0xf81f, 0xf81f, 0xf81f, 0xf81f, 0xf81f,
    0xf81f, 0xf81f, 0xf81f, 0xf81f, 0x0000, 0xffff, 0xffff, 0xffff, 0xffff, 0xbe9c, 0xbe9c, 0x6db8,
    0x6db8, 0x0000, 0x0000, 0xffff, 0x0000, 0x2b10, 0x2b10, 0x4c56, 0x0000, 0x1168, 0x1168, 0x0000,
    0x0000, 0xffff, 0xffff, 0xffff, 0xffff, 0xffff, 0xffff, 0xffff, 0xffff, 0xbe9c, 0xbe9c, 0x6db8,
    0x6db8, 0x6db8, 0x6db8, 0x0000, 0x0000, 0x1168, 0x0000, 0x8e19, 0x8e19, 0x0000, 0xffff, 0xffff,
    0xffff, 0xffff, 0xffff, 0xffff, 0xffff, 0xffff, 0xffff, 0xffff, 0xffff, 0xffff, 0xffff, 0xffff,
    0x0000, 0xf81f, 0xf81f, 0xf81f, 0xf81f, 0xf81f, 0xf81f, 0xf81f, 0xf81f, 0xf81f, 0xf81f, 0xf81f,
    0xf81f, 0xf81f, 0xf81f, 0xf81f, 0xf81f, 0xf81f, 0xf81f, 0xf81f, 0xf81f, 0xf81f, 0xf81f, 0xf81f,
    0xf81f, 0xf81f, 0xf81f, 0xf81f, 0xf81f, 0xf81f, 0xf81f, 0xf81f, 0xf81f, 0xf81f, 0xf81f, 0xf81f,
    0xf81f, 0xf81f, 0xf81f, 0xf81f, 0x0000, 0xffff, 0xffff, 0xffff, 0xbe9c, 0xbe9c, 0x8537, 0x6db8,
    0x6db8, 0x0000, 0xffff, 0xffff, 0x0000, 0x2b10, 0x2b10, 0x4c56, 0x4c56, 0x1168, 0x1168, 0x1168,
    0x1168, 0xffff, 0xffff, 0xffff, 0xffff, 0xffff, 0xffff, 0xffff, 0xbe9c, 0xbe9c, 0x6db8, 0x6db8,
    0x6db8, 0x6db8, 0x0000, 0x1168, 0x1168, 0x1168, 0x0000, 0xbe9c, 0x8e19, 0x0000, 0xffff, 0xffff,
    0xffff, 0xffff, 0xffff, 0xffff, 0xffff, 0xffff, 0xffff, 0xffff, 0xffff, 0xffff, 0xffff, 0xffff,
    0xffff, 0x0000, 0xf81f, 0xf81f, 0xf81f, 0xf81f, 0xf81f, 0xf81f, 0xf81f, 0xf81f, 0xf81f, 0xf81f,
    0xf81f, 0xf81f, 0xf81f, 0xf81f, 0xf81f, 0xf81f, 0xf81f, 0xf81f, 0xf81f, 0xf81f, 0xf81f, 0xf81f,
    0xf81f, 0xf81f, 0xf81f, 0xf81f, 0xf81f, 0xf81f, 0xf81f, 0xf81f, 0xf81f, 0xf81f, 0xf81f, 0xf81f,
    0xf81f, 0xf81f, 0xf81f, 0xf81f, 0x0000, 0xffff, 0xffff, 0xffff, 0xbe9c, 0xbe9c, 0x6db8, 0x6db8,
    0x6db8, 0x0000, 0xffff, 0xffff, 0xffff, 0x0000, 0x2b10, 0x2b10, 0x4c56, 0x4c56, 0x1168, 0x1168,
    0x1168, 0x0000, 0xffff, 0xffff, 0xffff, 0xffff, 0xffff, 0xffff, 0xbe9c, 0xbe9c, 0x6db8, 0x6db8,
    0x6db8, 0x6db8, 0x0000, 0x1168, 0x1168, 0x0000, 0x0000, 0xbe9c, 0x8e19, 0x0000, 0xffff, 0xffff,
    0xffff, 0xffff, 0xffff, 0xffff, 0xffff, 0xffff, 0xffff, 0xffff, 0xffff, 0xffff, 0x6db8, 0xffff,
    0xffff, 0x0000, 0xf81f, 0xf81f, 0xf81f, 0xf81f, 0xf81f, 0xf81f, 0xf81f, 0xf81f, 0xf81f, 0xf81f,
    0xf81f, 0xf81f, 0xf81f, 0xf81f, 0xf81f, 0xf81f, 0xf81f, 0xf81f, 0xf81f, 0xf81f, 0xf81f, 0xf81f,
    0xf81f, 0xf81f, 0xf81f, 0xf81f, 0xf81f, 0xf81f, 0xf81f, 0xf81f, 0xf81f, 0xf81f, 0xf81f, 0xf81f,
    0xf81f, 0xf81f, 0xf81f, 0x0000, 0xffff, 0xffff, 0xffff, 0xffff, 0xbe9c, 0x6db8, 0x6db8, 0x6db8,
    0x0000, 0x0000, 0xffff, 0xffff, 0xffff, 0x0000, 0x0000, 0x2b10, 0x2b10, 0x4c56, 0x4c56, 0x1168,
    0x1168, 0x0000, 0x0000, 0xffff, 0xffff, 0xffff, 0xffff, 0xffff, 0xbe9c, 0xbe9c, 0x6db8, 0x6db8,
    0x6db8, 0x0000, 0x1168, 0x1168, 0x7d9a, 0x0000, 0xffff, 0x8e19, 0x8e19, 0x0000, 0xffff, 0xffff,
    0xffff, 0xffff, 0xffff, 0xffff, 0xffff, 0xffff, 0xffff, 0xffff, 0xffff, 0xffff, 0x6db8, 0xffff,
    0xffff, 0x0000, 0xf81f, 0xf81f, 0xf81f, 0xf81f, 0xf81f, 0xf81f, 0xf81f, 0xf81f, 0xf81f, 0xf81f,
    0xf81f, 0xf81f, 0xf81f, 0xf81f, 0xf81f, 0xf81f, 0xf81f, 0xf81f, 0xf81f, 0xf81f, 0xf81f, 0xf81f,
    0xf81f, 0xf81f, 0xf81f, 0xf81f, 0xf81f, 0xf81f, 0xf81f, 0xf81f, 0xf81f, 0xf81f, 0xf81f, 0xf81f,
    0xf81f, 0xf81f, 0xf81f, 0x0000, 0xffff, 0xffff, 0xffff, 0xffff, 0xbe9c, 0x6db8, 0x6db8, 0x6db8,
    0x0000, 0xffff, 0xffff, 0xffff, 0xffff, 0xffff, 0x0000, 0x0000, 0x2b10, 0x4c56, 0x4c56, 0x4c56,
    0x1168, 0x1168, 0x0000, 0x0000, 0xffff, 0xffff, 0xffff, 0xffff, 0xbe9c, 0xbe9c, 0x6db8, 0x0000,
    0x0000, 0x0000, 0x2b10, 0x4c56, 0x0000, 0x0000, 0x8e19, 0x8e19, 0x8e19, 0x0000, 0xffff, 0xffff,
    0xffff, 0xffff, 0xffff, 0xffff, 0xffff, 0xffff, 0xffff, 0xffff, 0xffff, 0xffff, 0x6db8, 0xbe9c,
    0xffff, 0x0000, 0xf81f, 0xf81f, 0xf81f, 0xf81f, 0xf81f, 0xf81f, 0xf81f, 0xf81f, 0xf81f, 0xf81f,
    0xf81f, 0xf81f, 0xf81f, 0xf81f, 0xf81f, 0xf81f, 0xf81f, 0xf81f, 0xf81f, 0xf81f, 0xf81f, 0xf81f,
    0xf81f, 0xf81f, 0xf81f, 0xf81f, 0xf81f, 0xf81f, 0xf81f, 0xf81f, 0xf81f, 0xf81f, 0xf81f, 0xf81f,
    0xf81f, 0xf81f, 0x0000, 0x0000, 0xffff, 0xffff, 0xffff, 0xffff, 0xbe9c, 0x6db8, 0x6db8, 0x6db8,
    0x0000, 0xffff, 0xffff, 0xffff, 0xffff, 0xffff, 0xffff, 0x0000, 0x0000, 0x2b10, 0x4c56, 0x4c56,
    0x4c56, 0x1168, 0x1168, 0x0000, 0x0000, 0xffff, 0xffff, 0xffff, 0xbe9c, 0xbe9c, 0x0000, 0x0000,
    0x1168, 0x2b10, 0x4c56, 0x0000, 0x0000, 0xffff, 0x8e19, 0x8e19, 0x0000, 0x0000, 0xffff, 0xffff,
    0xffff, 0xffff, 0xffff, 0xffff, 0xffff, 0xffff, 0xffff, 0xffff, 0xffff, 0xffff, 0x6db8, 0xbe9c,
    0xffff, 0x0000, 0x0000, 0xf81f, 0xf81f, 0xf81f, 0xf81f, 0xf81f, 0xf81f, 0xf81f, 0xf81f, 0xf81f,
    0xf81f, 0xf81f, 0xf81f, 0xf81f, 0xf81f, 0xf81f, 0xf81f, 0xf81f, 0xf81f, 0xf81f, 0xf81f, 0xf81f,
    0xf81f, 0xf81f, 0xf81f, 0xf81f, 0xf81f, 0xf81f, 0xf81f, 0xf81f, 0xf81f, 0xf81f, 0xf81f, 0xf81f,
    0xf81f, 0xf81f, 0x0000, 0xffff, 0xffff, 0xffff, 0xffff, 0xffff, 0x8537, 0x6db8, 0x6db8, 0x6db8,
    0x0000, 0xffff, 0xffff, 0xffff, 0xffff, 0xffff, 0xffff, 0xffff, 0x0000, 0x0000, 0x2b10, 0x4c56,
    0x4c56, 0x4c56, 0x1168, 0x1168, 0x0000, 0x0000, 0x0000, 0x0000, 0x0000, 0x0000, 0x1168, 0x2b10,
    0x4c56, 0x4c56, 0x0000, 0x0000, 0xffff, 0x8e19, 0x8e19, 0x8e19, 0x0000, 0xffff, 0xffff, 0xffff,
    0xffff, 0xffff, 0xffff, 0xffff, 0xffff, 0xffff, 0xffff, 0xffff, 0xffff, 0xffff, 0x6db8, 0xbe9c,
    0xffff, 0xffff, 0x0000, 0xf81f, 0xf81f, 0xf81f, 0xf81f, 0xf81f, 0xf81f, 0xf81f, 0xf81f, 0xf81f,
    0xf81f, 0xf81f, 0xf81f, 0xf81f, 0xf81f, 0xf81f, 0xf81f, 0xf81f, 0xf81f, 0xf81f, 0xf81f, 0xf81f,
    0xf81f, 0xf81f, 0xf81f, 0xf81f, 0xf81f, 0xf81f, 0xf81f, 0xf81f, 0xf81f, 0xf81f, 0xf81f, 0xf81f,
    0xf81f, 0xf81f, 0x0000, 0xffff, 0xffff, 0xffff, 0xffff, 0xbe9c, 0x8537, 0x6db8, 0x6db8, 0x0000,
    0x0000, 0xffff, 0xffff, 0xffff, 0xffff, 0xffff, 0xffff, 0xffff, 0xffff, 0x0000, 0x0000, 0x2b10,
    0x2b10, 0x2b10, 0x4c56, 0x1168, 0x1168, 0x1168, 0x1168, 0x1168, 0x1168, 0x1168, 0x2b10, 0x4c56,
    0x4c56, 0x0000, 0x0000, 0xffff, 0xbe9c, 0xbe9c, 0x8e19, 0x0000, 0xffff, 0xffff, 0xffff, 0xffff,
    0xffff, 0xffff, 0xffff, 0xffff, 0xffff, 0xffff, 0xffff, 0xffff, 0xffff, 0xffff, 0x6db8, 0xbe9c,
    0xffff, 0xffff, 0x0000, 0xf81f, 0xf81f, 0xf81f, 0xf81f, 0xf81f, 0xf81f, 0xf81f, 0xf81f, 0xf81f,
    0xf81f, 0xf81f, 0xf81f, 0xf81f, 0xf81f, 0xf81f, 0xf81f, 0xf81f, 0xf81f, 0xf81f, 0xf81f, 0xf81f,
    0xf81f, 0xf81f, 0xf81f, 0xf81f, 0xf81f, 0xf81f, 0xf81f, 0xf81f, 0xf81f, 0xf81f, 0xf81f, 0xf81f,
    0xf81f, 0xf81f, 0x0000, 0xffff, 0xffff, 0xffff, 0xffff, 0xbe9c, 0x8537, 0x6db8, 0x6db8, 0x0000,
    0xffff, 0xffff, 0xffff, 0xffff, 0xffff, 0xffff, 0xffff, 0xffff, 0xffff, 0xffff, 0x0000, 0x0000,
    0x2b10, 0x4c56, 0x2b10, 0x2b10, 0x2b10, 0x2b10, 0x2b10, 0x2b10, 0x4c56, 0x4c56, 0x4c56, 0x4c56,
    0x0000, 0x0000, 0xffff, 0xffff, 0xbe9c, 0x8e19, 0x8e19, 0x0000, 0xffff, 0xffff, 0xffff, 0xffff,
    0xffff, 0xffff, 0xffff, 0xffff, 0xffff, 0xffff, 0xffff, 0xffff, 0xffff, 0xffff, 0x6db8, 0xbe9c,
    0xbe9c, 0xffff, 0x0000, 0xf81f, 0xf81f, 0xf81f, 0xf81f, 0xf81f, 0xf81f, 0xf81f, 0xf81f, 0xf81f,
    0xf81f, 0xf81f, 0xf81f, 0xf81f, 0xf81f, 0xf81f, 0xf81f, 0xf81f, 0xf81f, 0xf81f, 0xf81f, 0xf81f,
    0xf81f, 0xf81f, 0xf81f, 0xf81f, 0xf81f, 0xf81f, 0xf81f, 0xf81f, 0xf81f, 0xf81f, 0xf81f, 0xf81f,
    0xf81f, 0x0000, 0x0000, 0xffff, 0xffff, 0xffff, 0xffff, 0xbe9c, 0x8537, 0x8537, 0x6db8, 0x0000,
    0xffff, 0xffff, 0xffff, 0xffff, 0xffff, 0xbe9c, 0xffff, 0xbe9c, 0xffff, 0xffff, 0xffff, 0x0000,
    0x0000, 0x4c56, 0x4c56, 0x4c56, 0x2b10, 0x2b10, 0x2b10, 0x4c56, 0x4c56, 0x4c56, 0x0000, 0x0000,
    0x0000, 0xffff, 0xffff, 0xbe9c, 0xbe9c, 0x8e19, 0x8e19, 0x0000, 0xffff, 0xffff, 0xffff, 0xffff,
    0xffff, 0xffff, 0xffff, 0xffff, 0xffff, 0xffff, 0xffff, 0xffff, 0xffff, 0xffff, 0x6db8, 0xbe9c,
    0xbe9c, 0xffff, 0x0000, 0xf81f, 0xf81f, 0xf81f, 0xf81f, 0xf81f, 0xf81f, 0xf81f, 0xf81f, 0xf81f,
    0xf81f, 0xf81f, 0xf81f, 0xf81f, 0xf81f, 0xf81f, 0xf81f, 0xf81f, 0xf81f, 0xf81f, 0xf81f, 0xf81f,
    0xf81f, 0xf81f, 0xf81f, 0xf81f, 0xf81f, 0xf81f, 0xf81f, 0xf81f, 0xf81f, 0xf81f, 0xf81f, 0xf81f,
    0xf81f, 0x0000, 0xffff, 0xffff, 0xffff, 0xffff, 0xbe9c, 0xbe9c, 0x8537, 0x8537, 0x8537, 0x0000,
    0xffff, 0xffff, 0xffff, 0xffff, 0xffff, 0xbe9c, 0xffff, 0xbe9c, 0xbe9c, 0xffff, 0xffff, 0xffff,
    0x0000, 0x0000, 0x0000, 0x4c56, 0x4c56, 0x4c56, 0x4c56, 0x4c56, 0x0000, 0x0000, 0x0000, 0xffff,
    0xffff, 0xffff, 0xffff, 0xbe9c, 0xbe9c, 0x8e19, 0x8e19, 0x0000, 0xffff, 0xffff, 0xffff, 0xffff,
    0xffff, 0xffff, 0xffff, 0xffff, 0xffff, 0xffff, 0xffff, 0xffff, 0xffff, 0x6db8, 0x6db8, 0xbe9c,
    0xbe9c, 0xbe9c, 0x0000, 0xf81f, 0xf81f, 0xf81f, 0xf81f, 0xf81f, 0xf81f, 0xf81f, 0xf81f, 0xf81f,
    0xf81f, 0xf81f, 0xf81f, 0xf81f, 0xf81f, 0xf81f, 0xf81f, 0xf81f, 0xf81f, 0xf81f, 0xf81f, 0xf81f,
    0xf81f, 0xf81f, 0xf81f, 0xf81f, 0xf81f, 0xf81f, 0xf81f, 0xf81f, 0xf81f, 0xf81f, 0xf81f, 0xf81f,
    0xf81f, 0x0000, 0xffff, 0xffff, 0xffff, 0xffff, 0xbe9c, 0xbe9c, 0x8537, 0x8537, 0x8537, 0x0000,
    0xffff, 0xffff, 0xffff, 0xffff, 0xffff, 0xbe9c, 0xbe9c, 0xbe9c, 0xbe9c, 0xbe9c, 0xbe9c, 0xffff,
    0xffff, 0xffff, 0x0000, 0x0000, 0x0000, 0x0000, 0x0000, 0x0000, 0x0000, 0xffff, 0xffff, 0xffff,
    0xffff, 0xffff, 0xffff, 0xbe9c, 0x8e19, 0x8e19, 0x8e19, 0x0000, 0xffff, 0xffff, 0xffff, 0xffff,
    0xffff, 0xffff, 0xffff, 0xffff, 0xffff, 0xffff, 0xffff, 0xffff, 0xffff, 0x6db8, 0x6db8, 0xbe9c,
    0xbe9c, 0xbe9c, 0x0000, 0xf81f, 0xf81f, 0xf81f, 0xf81f, 0xf81f, 0xf81f, 0xf81f, 0xf81f, 0xf81f,
    0xf81f, 0xf81f, 0xf81f, 0xf81f, 0xf81f, 0xf81f, 0xf81f, 0xf81f, 0xf81f, 0xf81f, 0xf81f, 0xf81f,
    0xf81f, 0xf81f, 0xf81f, 0xf81f, 0xf81f, 0xf81f, 0xf81f, 0xf81f, 0xf81f, 0xf81f, 0xf81f, 0xf81f,
    0xf81f, 0x0000, 0xffff, 0xffff, 0xffff, 0xffff, 0xbe9c, 0xbe9c, 0x8537, 0x8537, 0x8537, 0x0000,
    0xffff, 0xffff, 0xffff, 0xffff, 0xffff, 0xbe9c, 0xbe9c, 0xbe9c, 0xbe9c, 0xbe9c, 0xbe9c, 0xffff,
    0xffff, 0xffff, 0xffff, 0xffff, 0xffff, 0xffff, 0xffff, 0xffff, 0xbe9c, 0xbe9c, 0xbe9c, 0xbe9c,
    0xbe9c, 0xbe9c, 0xffff, 0xbe9c, 0xbe9c, 0x4452, 0x8e19, 0x0000, 0xffff, 0xffff, 0xffff, 0xffff,
    0xffff, 0xffff, 0xffff, 0xffff, 0xffff, 0xffff, 0xffff, 0xffff, 0x6db8, 0x6db8, 0x6db8, 0xbe9c,
    0xbe9c, 0xbe9c, 0x0000, 0xf81f, 0xf81f, 0xf81f, 0xf81f, 0xf81f, 0xf81f, 0xf81f, 0xf81f, 0xf81f,
    0xf81f, 0xf81f, 0xf81f, 0xf81f, 0xf81f, 0xf81f, 0xf81f, 0xf81f, 0xf81f, 0xf81f, 0xf81f, 0xf81f,
    0xf81f, 0xf81f, 0xf81f, 0xf81f, 0xf81f, 0xf81f, 0xf81f, 0xf81f, 0xf81f, 0xf81f, 0xf81f, 0xf81f,
    0x0000, 0x0000, 0xffff, 0xffff, 0xffff, 0xffff, 0xbe9c, 0xbe9c, 0x8537, 0x8537, 0x8537, 0x0000,
    0xffff, 0xffff, 0xffff, 0xffff, 0xffff, 0xffff, 0xbe9c, 0xffff, 0xffff, 0xffff, 0xffff, 0xffff,
    0xffff, 0xffff, 0xffff, 0xffff, 0xffff, 0xffff, 0xffff, 0xffff, 0xffff, 0xbe9c, 0xbe9c, 0xbe9c,
    0xffff, 0xffff, 0xffff, 0xbe9c, 0x8e19, 0x4452, 0x0000, 0x0000, 0xffff, 0xffff, 0xffff, 0xffff,
    0xffff, 0xffff, 0xffff, 0xffff, 0xffff, 0xffff, 0xffff, 0xffff, 0x6db8, 0x8537, 0x6db8, 0xbe9c,
    0xbe9c, 0xbe9c, 0x0000, 0xf81f, 0xf81f, 0xf81f, 0xf81f, 0xf81f, 0xf81f, 0xf81f, 0xf81f, 0xf81f,
    0xf81f, 0xf81f, 0xf81f, 0xf81f, 0xf81f, 0xf81f, 0xf81f, 0xf81f, 0xf81f, 0xf81f, 0xf81f, 0xf81f,
    0xf81f, 0xf81f, 0xf81f, 0xf81f, 0xf81f, 0xf81f, 0xf81f, 0xf81f, 0xf81f, 0xf81f, 0xf81f, 0xf81f,
    0x0000, 0xffff, 0xffff, 0xffff, 0xffff, 0xffff, 0xbe9c, 0xbe9c, 0x8537, 0x8537, 0x8537, 0x0000,
    0xffff, 0xffff, 0xffff, 0xffff, 0xffff, 0xffff, 0xffff, 0xffff, 0xffff, 0xffff, 0xffff, 0xffff,
    0xffff, 0xffff, 0xffff, 0xffff, 0xffff, 0xffff, 0xffff, 0xffff, 0xffff, 0xffff, 0xffff, 0xffff,
    0xffff, 0xffff, 0xffff, 0xbe9c, 0x4452, 0x4452, 0x0000, 0xffff, 0xffff, 0xffff, 0xffff, 0xffff,
    0xffff, 0xffff, 0xffff, 0xffff, 0xffff, 0xffff, 0xffff, 0xffff, 0x8537, 0x8537, 0x6db8, 0xbe9c,
    0xbe9c, 0x8537, 0x0000, 0xf81f, 0xf81f, 0xf81f, 0xf81f, 0xf81f, 0xf81f, 0xf81f, 0xf81f, 0xf81f,
    0xf81f, 0xf81f, 0xf81f, 0xf81f, 0xf81f, 0xf81f, 0xf81f, 0xf81f, 0xf81f, 0xf81f, 0xf81f, 0xf81f,
    0xf81f, 0xf81f, 0xf81f, 0xf81f, 0xf81f, 0xf81f, 0xf81f, 0xf81f, 0xf81f, 0xf81f, 0xf81f, 0xf81f,
    0x0000, 0xffff, 0xffff, 0xffff, 0xffff, 0xffff, 0xbe9c, 0xbe9c, 0x8537, 0x8537, 0x8537, 0x8537,
    0x0000, 0xffff, 0xffff, 0xffff, 0xffff, 0xffff, 0xffff, 0xffff, 0xffff, 0xffff, 0xffff, 0xffff,
    0xffff, 0xffff, 0xffff, 0xffff, 0xffff, 0xffff, 0xffff, 0xffff, 0xffff, 0xffff, 0xffff, 0xbe9c,
    0xbe9c, 0xffff, 0xffff, 0xbe9c, 0x4452, 0x4452, 0x0000, 0xffff, 0xffff, 0xffff, 0xffff, 0xffff,
    0xffff, 0xffff, 0xffff, 0xffff, 0xffff, 0xffff, 0xffff, 0x8537, 0x8537, 0x8537, 0x6db8, 0xbe9c,
    0xbe9c, 0x8537, 0x0000, 0xf81f, 0xf81f, 0xf81f, 0xf81f, 0xf81f, 0xf81f, 0xf81f, 0xf81f, 0xf81f,
    0xf81f, 0xf81f, 0xf81f, 0xf81f, 0xf81f, 0xf81f, 0xf81f, 0xf81f, 0xf81f, 0xf81f, 0xf81f, 0xf81f,
    0xf81f, 0xf81f, 0xf81f, 0xf81f, 0xf81f, 0xf81f, 0xf81f, 0xf81f, 0xf81f, 0xf81f, 0xf81f, 0xf81f,
    0x0000, 0xffff, 0xffff, 0xffff, 0xffff, 0xffff, 0xbe9c, 0xbe9c, 0x8537, 0x8537, 0x8537, 0x8537,
    0x0000, 0xffff, 0xffff, 0xffff, 0xffff, 0xffff, 0xffff, 0xffff, 0xffff, 0xffff, 0xffff, 0xffff,
    0xffff, 0xffff, 0xffff, 0xffff, 0xffff, 0xffff, 0xffff, 0xffff, 0xffff, 0xffff, 0xffff, 0xbe9c,
    0xbe9c, 0xbe9c, 0xbe9c, 0xffff, 0x4452, 0x4452, 0x0000, 0xffff, 0xffff, 0xffff, 0xffff, 0xffff,
    0xffff, 0xffff, 0xffff, 0xffff, 0xffff, 0xffff, 0xffff, 0x8537, 0x6db8, 0x6db8, 0xbe9c, 0x6db8,
    0x8537, 0x8537, 0x0000, 0xf81f, 0xf81f, 0xf81f, 0xf81f, 0xf81f, 0xf81f, 0xf81f, 0xf81f, 0xf81f,
    0xf81f, 0xf81f, 0xf81f, 0xf81f, 0xf81f, 0xf81f, 0xf81f, 0xf81f, 0xf81f, 0xf81f, 0xf81f, 0xf81f,
    0xf81f, 0xf81f, 0xf81f, 0xf81f, 0xf81f, 0xf81f, 0xf81f, 0xf81f, 0xf81f, 0xf81f, 0xf81f, 0xf81f,
    0x0000, 0xffff, 0xffff, 0xffff, 0xffff, 0xffff, 0xbe9c, 0xbe9c, 0x8537, 0x8537, 0x8537, 0x8537,
    0x0000, 0xffff, 0xffff, 0xffff, 0xffff, 0xffff, 0xffff, 0xffff, 0xffff, 0xffff, 0xffff, 0xffff,
    0xffff, 0xffff, 0xffff, 0xffff, 0xffff, 0xffff, 0xffff, 0xffff, 0xffff, 0xffff, 0xffff, 0xbe9c,
    0xbe9c, 0xbe9c, 0xbe9c, 0xffff, 0x4452, 0x4452, 0x0000, 0xffff, 0xffff, 0xffff, 0xffff, 0xffff,
    0xffff, 0xffff, 0xffff, 0xffff, 0xffff, 0x8537, 0x8537, 0x8537, 0x6db8, 0x6db8, 0x6db8, 0x6db8,
    0x8537, 0x0000, 0x0000, 0xf81f, 0xf81f, 0xf81f, 0xf81f, 0xf81f, 0xf81f, 0xf81f, 0xf81f, 0xf81f,
    0xf81f, 0xf81f, 0xf81f, 0xf81f, 0xf81f, 0xf81f, 0xf81f, 0xf81f, 0xf81f, 0xf81f, 0xf81f, 0xf81f,
    0xf81f, 0xf81f, 0xf81f, 0xf81f, 0xf81f, 0xf81f, 0xf81f, 0xf81f, 0xf81f, 0xf81f, 0xf81f, 0xf81f,
    0x0000, 0xffff, 0xffff, 0xffff, 0xffff, 0xffff, 0xbe9c, 0xbe9c, 0x8537, 0x8537, 0x8537, 0x8537,
    0x0000, 0xffff, 0xffff, 0xffff, 0xffff, 0xffff, 0xffff, 0xffff, 0xffff, 0xffff, 0xffff, 0xffff,
    0xffff, 0xffff, 0x2bb0, 0x2bb0, 0xffff, 0xffff, 0xffff, 0xffff, 0xffff, 0xffff, 0xffff, 0xffff,
    0xffff, 0xffff, 0xffff, 0xbe9c, 0x4452, 0x4452, 0x0000, 0xffff, 0xffff, 0xffff, 0xffff, 0xffff,
    0xffff, 0xffff, 0xffff, 0xffff, 0xffff, 0x8537, 0x8537, 0x8537, 0x6db8, 0x6db8, 0x6db8, 0x6db8,
    0x8537, 0x0000, 0x0000, 0xf81f, 0xf81f, 0xf81f, 0xf81f, 0xf81f, 0xf81f, 0xf81f, 0xf81f, 0xf81f,
    0xf81f, 0xf81f, 0xf81f, 0xf81f, 0xf81f, 0xf81f, 0xf81f, 0xf81f, 0xf81f, 0xf81f, 0xf81f, 0xf81f,
    0xf81f, 0xf81f, 0xf81f, 0xf81f, 0xf81f, 0xf81f, 0xf81f, 0xf81f, 0xf81f, 0xf81f, 0xf81f, 0xf81f,
    0xf81f, 0x0000, 0xffff, 0xffff, 0xffff, 0xffff, 0xbe9c, 0xbe9c, 0x8537, 0x8537, 0x8537, 0x8537,
    0x0000, 0xffff, 0xffff, 0xffff, 0xffff, 0xffff, 0xffff, 0xffff, 0xffff, 0xffff, 0xffff, 0xffff,
    0xffff, 0xffff, 0x2bb0, 0x2bb0, 0xbe9c, 0xffff, 0xffff, 0xffff, 0xffff, 0xffff, 0xffff, 0xffff,
    0xffff, 0xffff, 0xffff, 0xffff, 0x4452, 0x4452, 0x0000, 0xffff, 0xffff, 0xffff, 0xffff, 0xffff,
    0xffff, 0xffff, 0xffff, 0xffff, 0x8537, 0x8537, 0x8537, 0x8537, 0x6db8, 0x6db8, 0x6db8, 0x8537,
    0x8537, 0x0000, 0xf81f, 0xf81f, 0xf81f, 0xf81f, 0xf81f, 0xf81f, 0xf81f, 0xf81f, 0xf81f, 0xf81f,
    0xf81f, 0xf81f, 0xf81f, 0xf81f, 0xf81f, 0xf81f, 0xf81f, 0xf81f, 0xf81f, 0xf81f, 0xf81f, 0xf81f,
    0xf81f, 0xf81f, 0xf81f, 0xf81f, 0xf81f, 0xf81f, 0xf81f, 0xf81f, 0xf81f, 0xf81f, 0xf81f, 0xf81f,
    0xf81f, 0x0000, 0xffff, 0x0000, 0x0000, 0x0000, 0xbe9c, 0xbe9c, 0x8537, 0x8537, 0x8537, 0x8537,
    0x0000, 0x0000, 0xffff, 0xffff, 0xffff, 0xffff, 0xffff, 0xffff, 0xffff, 0xffff, 0xffff, 0xffff,
    0xffff, 0xffff, 0x2bb0, 0x2bb0, 0xbe9c, 0xffff, 0xffff, 0xffff, 0xffff, 0xffff, 0xffff, 0xffff,
    0xffff, 0xffff, 0xffff, 0xffff, 0x4452, 0x4452, 0x0000, 0xffff, 0xffff, 0xffff, 0xffff, 0xffff,
    0xffff, 0xffff, 0xffff, 0xffff, 0x8537, 0x8537, 0x8537, 0x8537, 0x6db8, 0x6db8, 0x8537, 0x8537,
    0x0000, 0xf81f, 0xf81f, 0xf81f, 0xf81f, 0xf81f, 0xf81f, 0xf81f, 0xf81f, 0xf81f, 0xf81f, 0xf81f,
    0xf81f, 0xf81f, 0xf81f, 0xf81f, 0xf81f, 0xf81f, 0xf81f, 0xf81f, 0xf81f, 0xf81f, 0xf81f, 0xf81f,
    0xf81f, 0xf81f, 0xf81f, 0xf81f, 0xf81f, 0xf81f, 0xf81f, 0xf81f, 0xf81f, 0xf81f, 0xf81f, 0xf81f,
    0xf81f, 0x0000, 0x0000, 0x0000, 0x2b10, 0x0000, 0x0000, 0xbe9c, 0x8537, 0x8537, 0x8537, 0x8537,
    0x8537, 0x0000, 0xffff, 0xffff, 0xffff, 0xffff, 0xffff, 0xffff, 0xffff, 0xffff, 0xffff, 0xffff,
    0xffff, 0xffff, 0x2bb0, 0x2bb0, 0x2bb0, 0x2bb0, 0xffff, 0xffff, 0xffff, 0xffff, 0xffff, 0xffff,
    0xffff, 0xffff, 0xffff, 0xffff, 0x4452, 0x4452, 0x0000, 0xffff, 0xffff, 0xffff, 0xffff, 0xffff,
    0xffff, 0xffff, 0xffff, 0x8537, 0x8537, 0x8537, 0x8537, 0x8537, 0x8537, 0x8537, 0x8537, 0x0000,
    0x0000, 0xf81f, 0xf81f, 0xf81f, 0xf81f, 0xf81f, 0xf81f, 0xf81f, 0xf81f, 0xf81f, 0xf81f, 0xf81f,
    0xf81f, 0xf81f, 0xf81f, 0xf81f, 0xf81f, 0xf81f, 0xf81f, 0xf81f, 0xf81f, 0xf81f, 0xf81f, 0xf81f,
    0xf81f, 0xf81f, 0xf81f, 0xf81f, 0xf81f, 0xf81f, 0xf81f, 0xf81f, 0xf81f, 0xf81f, 0xf81f, 0xf81f,
    0xf81f, 0xf81f, 0x0000, 0x0000, 0x2b10, 0x2b10, 0x0000, 0x0000, 0xbe9c, 0x8537, 0x8537, 0x8537,
    0x8537, 0x0000, 0x0000, 0xffff, 0xffff, 0xffff, 0xffff, 0xffff, 0xffff, 0xffff, 0xffff, 0xffff,
    0xffff, 0xffff, 0xbe9c, 0xbe9c, 0x2bb0, 0x2bb0, 0x2bb0, 0xffff, 0xffff, 0xffff, 0xffff, 0xffff,
    0xffff, 0xffff, 0xffff, 0xffff, 0x4452, 0x4452, 0x0000, 0x0000, 0xffff, 0xffff, 0xffff, 0xffff,
    0x0000, 0x0000, 0x0000, 0x8537, 0x8537, 0x8537, 0x8537, 0x8537, 0x8537, 0x8537, 0x8537, 0x0000,
    0xf81f, 0xf81f, 0xf81f, 0xf81f, 0xf81f, 0xf81f, 0xf81f, 0xf81f, 0xf81f, 0xf81f, 0xf81f, 0xf81f,
    0xf81f, 0xf81f, 0xf81f, 0xf81f, 0xf81f, 0xf81f, 0xf81f, 0xf81f, 0xf81f, 0xf81f, 0xf81f, 0xf81f,
    0xf81f, 0xf81f, 0xf81f, 0xf81f, 0xf81f, 0xf81f, 0xf81f, 0xf81f, 0xf81f, 0xf81f, 0xf81f, 0xf81f,
    0xf81f, 0xf81f, 0xf81f, 0x0000, 0x2b10, 0x2b10, 0x7d9a, 0x7d9a, 0x0000, 0xbe9c, 0xbe9c, 0xbe9c,
    0xbe9c, 0xbe9c, 0x0000, 0xffff, 0xffff, 0xffff, 0xffff, 0xffff, 0xffff, 0xffff, 0xffff, 0xffff,
    0xffff, 0xffff, 0xbe9c, 0xbe9c, 0x8537, 0x2bb0, 0x2bb0, 0xffff, 0xffff, 0xffff, 0xffff, 0xffff,
    0xffff, 0xffff, 0xffff, 0xffff, 0x2bb0, 0x4452, 0x22cc, 0x0000, 0xffff, 0xffff, 0xffff, 0x0000,
    0x2b10, 0x2b10, 0x0000, 0x0000, 0x0000, 0x8537, 0x8537, 0x0000, 0x8537, 0x0000, 0x0000, 0x0000,
    0xf81f, 0xf81f, 0xf81f, 0xf81f, 0xf81f, 0xf81f, 0xf81f, 0xf81f, 0xf81f, 0xf81f, 0xf81f, 0xf81f,
    0xf81f, 0xf81f, 0xf81f, 0xf81f, 0xf81f, 0xf81f, 0xf81f, 0xf81f, 0xf81f, 0xf81f, 0xf81f, 0xf81f,
    0xf81f, 0xf81f, 0xf81f, 0xf81f, 0xf81f, 0xf81f, 0xf81f, 0xf81f, 0xf81f, 0xf81f, 0xf81f, 0xf81f,
    0xf81f, 0xf81f, 0xf81f, 0x0000, 0x2b10, 0x2b10, 0x7d9a, 0x7d9a, 0x1168, 0x0000, 0xbe9c, 0xbe9c,
    0xbe9c, 0xbe9c, 0x0000, 0xffff, 0xffff, 0xffff, 0xffff, 0xffff, 0xffff, 0xffff, 0xffff, 0xffff,
    0xffff, 0xffff, 0xbe9c, 0xbe9c, 0x2bb0, 0x2bb0, 0x0000, 0x0000, 0xffff, 0xffff, 0xffff, 0xffff,
    0xffff, 0xffff, 0xffff, 0xffff, 0x2bb0, 0x2bb0, 0x4452, 0x0000, 0xffff, 0xffff, 0xffff, 0x0000,
    0x4c56, 0x4c56, 0x2b10, 0x2b10, 0x0000, 0x0000, 0x0000, 0x0000, 0x2b10, 0x2b10, 0x2b10, 0x0000,
    0x0000, 0xf81f, 0xf81f, 0xf81f, 0xf81f, 0xf81f, 0xf81f, 0xf81f, 0xf81f, 0xf81f, 0xf81f, 0xf81f,
    0xf81f, 0xf81f, 0xf81f, 0xf81f, 0xf81f, 0xf81f, 0xf81f, 0xf81f, 0xf81f, 0xf81f, 0xf81f, 0xf81f,
    0xf81f, 0xf81f, 0xf81f, 0xf81f, 0xf81f, 0xf81f, 0xf81f, 0xf81f, 0xf81f, 0xf81f, 0xf81f, 0xf81f,
    0xf81f, 0xf81f, 0xf81f, 0x0000, 0x0000, 0x2b10, 0x7d9a, 0x0000, 0x1168, 0x1168, 0x0000, 0x0000,
    0xbe9c, 0xbe9c, 0x0000, 0xffff, 0xffff, 0xffff, 0xffff, 0xffff, 0xffff, 0xffff, 0xffff, 0xffff,
    0xffff, 0xffff, 0xbe9c, 0xbe9c, 0x8537, 0x2bb0, 0x2bb0, 0x0000, 0xffff, 0xffff, 0xffff, 0xffff,
    0xffff, 0xffff, 0xffff, 0xffff, 0x2bb0, 0x2bb0, 0x4452, 0x0000, 0x0000, 0xffff, 0xffff, 0x0000,
    0x4c56, 0x4c56, 0x2b10, 0x2b10, 0x2b10, 0x2b10, 0x0000, 0x0000, 0x2b10, 0x2b10, 0x2b10, 0x0000,
    0x0000, 0xf81f, 0xf81f, 0xf81f, 0xf81f, 0xf81f, 0xf81f, 0xf81f, 0xf81f, 0xf81f, 0xf81f, 0xf81f,
    0xf81f, 0xf81f, 0xf81f, 0xf81f, 0xf81f, 0xf81f, 0xf81f, 0xf81f, 0xf81f, 0xf81f, 0xf81f, 0xf81f,
    0xf81f, 0xf81f, 0xf81f, 0xf81f, 0xf81f, 0xf81f, 0xf81f, 0xf81f, 0xf81f, 0xf81f, 0xf81f, 0xf81f,
    0xf81f, 0xf81f, 0xf81f, 0xf81f, 0x0000, 0x2b10, 0x7d9a, 0x0000, 0x1168, 0x1168, 0x1168, 0x1168,
    0x0000, 0x0000, 0x0000, 0xffff, 0xffff, 0xffff, 0xffff, 0xffff, 0xffff, 0xffff, 0xffff, 0xffff,
    0xffff, 0xffff, 0xbe9c, 0xbe9c, 0x8537, 0x2bb0, 0x2bb0, 0x0000, 0x0000, 0xffff, 0xffff, 0xffff,
    0xffff, 0xffff, 0xffff, 0xffff, 0x2bb0, 0x2bb0, 0x4452, 0x0000, 0x0000, 0x0000, 0xffff, 0x0000,
    0x4c56, 0x4c56, 0x2b10, 0x2b10, 0x2b10, 0x2b10, 0x2b10, 0x2b10, 0x2b10, 0x2b10, 0x2b10, 0x2b10,
    0x0000, 0xf81f, 0xf81f, 0xf81f, 0xf81f, 0xf81f, 0xf81f, 0xf81f, 0xf81f, 0xf81f, 0xf81f, 0xf81f,
    0xf81f, 0xf81f, 0xf81f, 0xf81f, 0xf81f, 0xf81f, 0xf81f, 0xf81f, 0xf81f, 0xf81f, 0xf81f, 0xf81f,
    0xf81f, 0xf81f, 0xf81f, 0xf81f, 0xf81f, 0xf81f, 0xf81f, 0xf81f, 0xf81f, 0xf81f, 0xf81f, 0xf81f,
    0xf81f, 0xf81f, 0xf81f, 0xf81f, 0x0000, 0x2b10, 0x7d9a, 0x0000, 0x1168, 0x1168, 0x1168, 0x1168,
    0x1168, 0x1168, 0x0000, 0xffff, 0xffff, 0xffff, 0xffff, 0xffff, 0xffff, 0xffff, 0xffff, 0xffff,
    0xffff, 0xffff, 0xbe9c, 0xbe9c, 0x8537, 0x8537, 0x2bb0, 0x0000, 0x0000, 0x0000, 0xffff, 0xffff,
    0xffff, 0xffff, 0xffff, 0xffff, 0x2bb0, 0x2bb0, 0x4452, 0x0000, 0x1168, 0x0000, 0x0000, 0x0000,
    0x4c56, 0x4c56, 0x2b10, 0x2b10, 0x2b10, 0x2b10, 0x2b10, 0x2b10, 0x2b10, 0x2b10, 0x4c56, 0x2b10,
    0x0000, 0xf81f, 0xf81f, 0xf81f, 0xf81f, 0xf81f, 0xf81f, 0xf81f, 0xf81f, 0xf81f, 0xf81f, 0xf81f,
    0xf81f, 0xf81f, 0xf81f, 0xf81f, 0xf81f, 0xf81f, 0xf81f, 0xf81f, 0xf81f, 0xf81f, 0xf81f, 0xf81f,
    0xf81f, 0xf81f, 0xf81f, 0xf81f, 0xf81f, 0xf81f, 0xf81f, 0xf81f, 0xf81f, 0xf81f, 0xf81f, 0xf81f,
    0xf81f, 0xf81f, 0xf81f, 0xf81f, 0x0000, 0x7d9a, 0x7d9a, 0x0000, 0x1168, 0x1168, 0x0000, 0x1168,
    0x1168, 0x1168, 0x0000, 0xffff, 0xffff, 0xffff, 0xffff, 0xffff, 0xffff, 0xffff, 0xffff, 0xffff,
    0xffff, 0xffff, 0xbe9c, 0xbe9c, 0x8537, 0x8537, 0x2bb0, 0x0000, 0xf81f, 0x0000, 0xffff, 0xffff,
    0xffff, 0xffff, 0xffff, 0xffff, 0xffff, 0x2bb0, 0x2bb0, 0x0000, 0x1168, 0x1168, 0x0000, 0x0000,
    0x4c56, 0x4c56, 0x4c56, 0x4c56, 0x2b10, 0x4c56, 0x4c56, 0x4c56, 0x4c56, 0x4c56, 0x4c56, 0x4c56,
    0x0000, 0xf81f, 0xf81f, 0xf81f, 0xf81f, 0xf81f, 0xf81f, 0xf81f, 0xf81f, 0xf81f, 0xf81f, 0xf81f,
    0xf81f, 0xf81f, 0xf81f, 0xf81f, 0xf81f, 0xf81f, 0xf81f, 0xf81f, 0xf81f, 0xf81f, 0xf81f, 0xf81f,
    0xf81f, 0xf81f, 0xf81f, 0xf81f, 0xf81f, 0xf81f, 0xf81f, 0xf81f, 0xf81f, 0xf81f, 0xf81f, 0xf81f,
    0xf81f, 0xf81f, 0xf81f, 0xf81f, 0x0000, 0x2b10, 0x2b10, 0x0000, 0x1168, 0x1168, 0x0000, 0x1168,
    0x1168, 0x1168, 0x0000, 0xffff, 0xffff, 0xffff, 0xffff, 0xffff, 0xffff, 0xffff, 0xffff, 0xffff,
    0xffff, 0xffff, 0xbe9c, 0xbe9c, 0x8537, 0x8537, 0x2bb0, 0x0000, 0xf81f, 0x0000, 0xffff, 0xffff,
    0xffff, 0xffff, 0xffff, 0xffff, 0xffff, 0x2bb0, 0x2bb0, 0x0000, 0x1168, 0x1168, 0x1168, 0x0000,
    0x4c56, 0x4c56, 0x4c56, 0x4c56, 0x4c56, 0x4c56, 0x0000, 0x4c56, 0x4c56, 0x0000, 0x4c56, 0x0000,
    0xf81f, 0xf81f, 0xf81f, 0xf81f, 0xf81f, 0xf81f, 0xf81f, 0xf81f, 0xf81f, 0xf81f, 0xf81f, 0xf81f,
    0xf81f, 0xf81f, 0xf81f, 0xf81f, 0xf81f, 0xf81f, 0xf81f, 0xf81f, 0xf81f, 0xf81f, 0xf81f, 0xf81f,
    0xf81f, 0xf81f, 0xf81f, 0xf81f, 0xf81f, 0xf81f, 0xf81f, 0xf81f, 0xf81f, 0xf81f, 0xf81f, 0xf81f,
    0xf81f, 0xf81f, 0xf81f, 0xf81f, 0xf81f, 0x0000, 0x0000, 0x0000, 0x1168, 0x1168, 0x0000, 0x1168,
    0x1168, 0x1168, 0x0000, 0xffff, 0xbe9c, 0xffff, 0xffff, 0xffff, 0xffff, 0xffff, 0xffff, 0xffff,
    0xffff, 0xffff, 0xbe9c, 0xbe9c, 0x8537, 0x8537, 0x2bb0, 0x0000, 0xf81f, 0x0000, 0xffff, 0xffff,
    0xffff, 0xffff, 0xffff, 0xffff, 0xffff, 0x8e19, 0x2bb0, 0x0000, 0x0000, 0x1168, 0x1168, 0x0000,
    0x4c56, 0x4c56, 0x4c56, 0x0000, 0x4c56, 0x4c56, 0x0000, 0x4c56, 0x4c56, 0x0000, 0x4c56, 0x0000,
    0xf81f, 0xf81f, 0xf81f, 0xf81f, 0xf81f, 0xf81f, 0xf81f, 0xf81f, 0xf81f, 0xf81f, 0xf81f, 0xf81f,
    0xf81f, 0xf81f, 0xf81f, 0xf81f, 0xf81f, 0xf81f, 0xf81f, 0xf81f, 0xf81f, 0xf81f, 0xf81f, 0xf81f,
    0xf81f, 0xf81f, 0xf81f, 0xf81f, 0xf81f, 0xf81f, 0xf81f, 0xf81f, 0xf81f, 0xf81f, 0xf81f, 0xf81f,
    0xf81f, 0xf81f, 0xf81f, 0xf81f, 0xf81f, 0xf81f, 0xf81f, 0x0000, 0x0000, 0x1168, 0x0000, 0x1168,
    0x1168, 0x1168, 0x0000, 0xffff, 0xbe9c, 0xbe9c, 0xbe9c, 0xbe9c, 0xbe9c, 0xffff, 0xffff, 0xffff,
    0xffff, 0xffff, 0xbe9c, 0xbe9c, 0x8537, 0x8537, 0x2bb0, 0x0000, 0xf81f, 0x0000, 0xffff, 0xffff,
    0xffff, 0xffff, 0xffff, 0xffff, 0xffff, 0xffff, 0x2bb0, 0x2bb0, 0x2bb0, 0x0000, 0x0000, 0x0000,
    0x4c56, 0x4c56, 0x4c56, 0x0000, 0x4c56, 0x4c56, 0x0000, 0x4c56, 0x4c56, 0x0000, 0x4c56, 0x0000,
    0xf81f, 0xf81f, 0xf81f, 0xf81f, 0xf81f, 0xf81f, 0xf81f, 0xf81f, 0xf81f, 0xf81f, 0xf81f, 0xf81f,
    0xf81f, 0xf81f, 0xf81f, 0xf81f, 0xf81f, 0xf81f, 0xf81f, 0xf81f, 0xf81f, 0xf81f, 0xf81f, 0xf81f,
    0xf81f, 0xf81f, 0xf81f, 0xf81f, 0xf81f, 0xf81f, 0xf81f, 0xf81f, 0xf81f, 0xf81f, 0xf81f, 0xf81f,
    0xf81f, 0xf81f, 0xf81f, 0xf81f, 0xf81f, 0xf81f, 0xf81f, 0xf81f, 0x0000, 0x1168, 0x0000, 0x1168,
    0x1168, 0x0000, 0x0000, 0xffff, 0xbe9c, 0xbe9c, 0xbe9c, 0xbe9c, 0xbe9c, 0xffff, 0xffff, 0xffff,
    0xffff, 0xffff, 0xbe9c, 0xbe9c, 0x8537, 0x8537, 0x8537, 0x0000, 0xf81f, 0x0000, 0xffff, 0xffff,
    0xffff, 0xffff, 0xffff, 0xffff, 0xffff, 0xffff, 0x8e19, 0x2bb0, 0x2bb0, 0x2bb0, 0x2bb0, 0x0000,
    0x4c56, 0x4c56, 0x4c56, 0x0000, 0x4c56, 0x4c56, 0x0000, 0x4c56, 0x4c56, 0x0000, 0x0000, 0x0000,
    0xf81f, 0xf81f, 0xf81f, 0xf81f, 0xf81f, 0xf81f, 0xf81f, 0xf81f, 0xf81f, 0xf81f, 0xf81f, 0xf81f,
    0xf81f, 0xf81f, 0xf81f, 0xf81f, 0xf81f, 0xf81f, 0xf81f, 0xf81f, 0xf81f, 0xf81f, 0xf81f, 0xf81f,
    0xf81f, 0xf81f, 0xf81f, 0xf81f, 0xf81f, 0xf81f, 0xf81f, 0xf81f, 0xf81f, 0xf81f, 0xf81f, 0xf81f,
    0xf81f, 0xf81f, 0xf81f, 0xf81f, 0xf81f, 0xf81f, 0xf81f, 0xf81f, 0x0000, 0x0000, 0x0000, 0x0000,
    0x0000, 0x0000, 0x0000, 0xffff, 0xffff, 0xbe9c, 0xbe9c, 0xbe9c, 0xbe9c, 0xffff, 0xffff, 0xffff,
    0xffff, 0xffff, 0xbe9c, 0xbe9c, 0x8537, 0x8537, 0x8537, 0x0000, 0xf81f, 0x0000, 0xffff, 0xffff,
    0xffff, 0xbe9c, 0xffff, 0xffff, 0xffff, 0xffff, 0xffff, 0x8e19, 0x2bb0, 0x2bb0, 0x2bb0, 0x0000,
    0x0000, 0x0000, 0x0000, 0x0000, 0x0000, 0x0000, 0x0000, 0x0000, 0x0000, 0x0000, 0xf81f, 0xf81f,
    0xf81f, 0xf81f, 0xf81f, 0xf81f, 0xf81f, 0xf81f, 0xf81f, 0xf81f, 0xf81f, 0xf81f, 0xf81f, 0xf81f,
    0xf81f, 0xf81f, 0xf81f, 0xf81f, 0xf81f, 0xf81f, 0xf81f, 0xf81f, 0xf81f, 0xf81f, 0xf81f, 0xf81f,
    0xf81f, 0xf81f, 0xf81f, 0xf81f, 0xf81f, 0xf81f, 0xf81f, 0xf81f, 0xf81f, 0xf81f, 0xf81f, 0xf81f,
    0xf81f, 0xf81f, 0xf81f, 0xf81f, 0xf81f, 0xf81f, 0xf81f, 0xf81f, 0xf81f, 0xf81f, 0xf81f, 0xf81f,
    0xf81f, 0xf81f, 0x0000, 0xffff, 0xffff, 0xbe9c, 0xffff, 0xffff, 0xffff, 0xffff, 0xffff, 0xffff,
    0xffff, 0xffff, 0xbe9c, 0xbe9c, 0x8537, 0x8537, 0x8537, 0x0000, 0xf81f, 0x0000, 0xffff, 0xffff,
    0xffff, 0xbe9c, 0xbe9c, 0xbe9c, 0xbe9c, 0xbe9c, 0xffff, 0x8e19, 0x8e19, 0x8e19, 0x2bb0, 0x2bb0,
    0x2bb0, 0x2bb0, 0x2bb0, 0x2bb0, 0x2bb0, 0x0000, 0xf81f, 0xf81f, 0xf81f, 0xf81f, 0xf81f, 0xf81f,
    0xf81f, 0xf81f, 0xf81f, 0xf81f, 0xf81f, 0xf81f, 0xf81f, 0xf81f, 0xf81f, 0xf81f, 0xf81f, 0xf81f,
    0xf81f, 0xf81f, 0xf81f, 0xf81f, 0xf81f, 0xf81f, 0xf81f, 0xf81f, 0xf81f, 0xf81f, 0xf81f, 0xf81f,
    0xf81f, 0xf81f, 0xf81f, 0xf81f, 0xf81f, 0xf81f, 0xf81f, 0xf81f, 0xf81f, 0xf81f, 0xf81f, 0xf81f,
    0xf81f, 0xf81f, 0xf81f, 0xf81f, 0xf81f, 0xf81f, 0xf81f, 0xf81f, 0xf81f, 0xf81f, 0xf81f, 0xf81f,
    0xf81f, 0xf81f, 0x0000, 0xffff, 0xffff, 0xffff, 0xffff, 0xffff, 0xffff, 0xffff, 0xffff, 0xffff,
    0xffff, 0xffff, 0xbe9c, 0xbe9c, 0x8537, 0x8537, 0x8537, 0x0000, 0xf81f, 0x0000, 0xffff, 0xffff,
    0xffff, 0xbe9c, 0xbe9c, 0xbe9c, 0xbe9c, 0xbe9c, 0xffff, 0xffff, 0x8e19, 0x8e19, 0x8e19, 0x22cc,
    0x2bb0, 0x2bb0, 0x2bb0, 0x22cc, 0x22cc, 0x0000, 0xf81f, 0xf81f, 0xf81f, 0xf81f, 0xf81f, 0xf81f,
    0xf81f, 0xf81f, 0xf81f, 0xf81f, 0xf81f, 0xf81f, 0xf81f, 0xf81f, 0xf81f, 0xf81f, 0xf81f, 0xf81f,
    0xf81f, 0xf81f, 0xf81f, 0xf81f, 0xf81f, 0xf81f, 0xf81f, 0xf81f, 0xf81f, 0xf81f, 0xf81f, 0xf81f,
    0xf81f, 0xf81f, 0xf81f, 0xf81f, 0xf81f, 0xf81f, 0xf81f, 0xf81f, 0xf81f, 0xf81f, 0xf81f, 0xf81f,
    0xf81f, 0xf81f, 0xf81f, 0xf81f, 0xf81f, 0xf81f, 0xf81f, 0xf81f, 0xf81f, 0xf81f, 0xf81f, 0xf81f,
    0xf81f, 0xf81f, 0x0000, 0xffff, 0xffff, 0xffff, 0xffff, 0xffff, 0xffff, 0xffff, 0xffff, 0xffff,
    0xffff, 0xffff, 0xbe9c, 0xbe9c, 0x8537, 0x8537, 0x8537, 0x0000, 0xf81f, 0x0000, 0xffff, 0xffff,
    0xffff, 0xffff, 0xffff, 0xffff, 0xffff, 0xffff, 0xffff, 0xffff, 0xffff, 0xffff, 0x8e19, 0x8e19,
    0x8e19, 0x8e19, 0x8e19, 0xffff, 0xffff, 0x0000, 0xf81f, 0xf81f, 0xf81f, 0xf81f, 0xf81f, 0xf81f,
    0xf81f, 0xf81f, 0xf81f, 0xf81f, 0xf81f, 0xf81f, 0xf81f, 0xf81f, 0xf81f, 0xf81f, 0xf81f, 0xf81f,
    0xf81f, 0xf81f, 0xf81f, 0xf81f, 0xf81f, 0xf81f, 0xf81f, 0xf81f, 0xf81f, 0xf81f, 0xf81f, 0xf81f,
    0xf81f, 0xf81f, 0xf81f, 0xf81f, 0xf81f, 0xf81f, 0xf81f, 0xf81f, 0xf81f, 0xf81f, 0xf81f, 0xf81f,
    0xf81f, 0xf81f, 0xf81f, 0xf81f, 0xf81f, 0xf81f, 0xf81f, 0xf81f, 0xf81f, 0xf81f, 0xf81f, 0xf81f,
    0xf81f, 0xf81f, 0x0000, 0xffff, 0xffff, 0xffff, 0xffff, 0xffff, 0xffff, 0xffff, 0xffff, 0xffff,
    0xffff, 0xffff, 0xbe9c, 0xbe9c, 0x8537, 0x8537, 0x8537, 0x0000, 0xf81f, 0x0000, 0xffff, 0xffff,
    0xffff, 0xffff, 0xffff, 0xffff, 0xffff, 0xffff, 0xffff, 0xffff, 0xffff, 0xffff, 0xffff, 0xffff,
    0xffff, 0xffff, 0xffff, 0xffff, 0xffff, 0x0000, 0xf81f, 0xf81f, 0xf81f, 0xf81f, 0xf81f, 0xf81f,
    0xf81f, 0xf81f, 0xf81f, 0xf81f, 0xf81f, 0xf81f, 0xf81f, 0xf81f, 0xf81f, 0xf81f, 0xf81f, 0xf81f,
    0xf81f, 0xf81f, 0xf81f, 0xf81f, 0xf81f, 0xf81f, 0xf81f, 0xf81f, 0xf81f, 0xf81f, 0xf81f, 0xf81f,
    0xf81f, 0xf81f, 0xf81f, 0xf81f, 0xf81f, 0xf81f, 0xf81f, 0xf81f, 0xf81f, 0xf81f, 0xf81f, 0xf81f,
    0xf81f, 0xf81f, 0xf81f, 0xf81f, 0xf81f, 0xf81f, 0xf81f, 0xf81f, 0xf81f, 0xf81f, 0xf81f, 0xf81f,
    0xf81f, 0xf81f, 0x0000, 0xffff, 0xffff, 0xbe9c, 0xffff, 0xffff, 0xffff, 0xffff, 0xffff, 0xffff,
    0xffff, 0xffff, 0xbe9c, 0xbe9c, 0x8537, 0x8537, 0x8537, 0x0000, 0xf81f, 0x0000, 0xffff, 0xffff,
    0xffff, 0xffff, 0xffff, 0xffff, 0xffff, 0xffff, 0xffff, 0xffff, 0xffff, 0xffff, 0xffff, 0xffff,
    0xffff, 0xffff, 0xffff, 0xffff, 0xffff, 0x0000, 0xf81f, 0xf81f, 0xf81f, 0xf81f, 0xf81f, 0xf81f,
    0xf81f, 0xf81f, 0xf81f, 0xf81f, 0xf81f, 0xf81f, 0xf81f, 0xf81f, 0xf81f, 0xf81f, 0xf81f, 0xf81f,
    0xf81f, 0xf81f, 0xf81f, 0xf81f, 0xf81f, 0xf81f, 0xf81f, 0xf81f, 0xf81f, 0xf81f, 0xf81f, 0xf81f,
    0xf81f, 0xf81f, 0xf81f, 0xf81f, 0xf81f, 0xf81f, 0xf81f, 0xf81f, 0xf81f, 0xf81f, 0xf81f, 0xf81f,
    0xf81f, 0xf81f, 0xf81f, 0xf81f, 0xf81f, 0xf81f, 0xf81f, 0xf81f, 0xf81f, 0xf81f, 0xf81f, 0xf81f,
    0xf81f, 0xf81f, 0x0000, 0xffff, 0xffff, 0xbe9c, 0xbe9c, 0xbe9c, 0xffff, 0xbe9c, 0xffff, 0xffff,
    0xffff, 0xffff, 0xbe9c, 0xbe9c, 0x8537, 0x8537, 0x8537, 0x0000, 0xf81f, 0x0000, 0xffff, 0xffff,
    0xffff, 0xffff, 0xffff, 0xffff, 0xffff, 0xffff, 0xffff, 0xffff, 0xffff, 0xffff, 0xbe9c, 0xbe9c,
    0xbe9c, 0xffff, 0xbe9c, 0xbe9c, 0xffff, 0x0000, 0xf81f, 0xf81f, 0xf81f, 0xf81f, 0xf81f, 0xf81f,
    0xf81f, 0xf81f, 0xf81f, 0xf81f, 0xf81f, 0xf81f, 0xf81f, 0xf81f, 0xf81f, 0xf81f, 0xf81f, 0xf81f,
    0xf81f, 0xf81f, 0xf81f, 0xf81f, 0xf81f, 0xf81f, 0xf81f, 0xf81f, 0xf81f, 0xf81f, 0xf81f, 0xf81f,
    0xf81f, 0xf81f, 0xf81f, 0xf81f, 0xf81f, 0xf81f, 0xf81f, 0xf81f, 0xf81f, 0xf81f, 0xf81f, 0xf81f,
    0xf81f, 0xf81f, 0xf81f, 0xf81f, 0xf81f, 0xf81f, 0xf81f, 0xf81f, 0xf81f, 0xf81f, 0xf81f, 0xf81f,
    0xf81f, 0xf81f, 0x0000, 0xffff, 0xffff, 0xbe9c, 0xbe9c, 0xbe9c, 0xbe9c, 0xffff, 0xffff, 0xffff,
    0xffff, 0xbe9c, 0xbe9c, 0x8537, 0x8537, 0x8537, 0x8537, 0x0000, 0xf81f, 0x0000, 0xffff, 0xffff,
    0xffff, 0xffff, 0xffff, 0xffff, 0xffff, 0xffff, 0xffff, 0xffff, 0xffff, 0xffff, 0xffff, 0xbe9c,
    0xbe9c, 0xbe9c, 0xbe9c, 0xbe9c, 0xffff, 0x0000, 0xf81f, 0xf81f, 0xf81f, 0xf81f, 0xf81f, 0xf81f,
    0xf81f, 0xf81f, 0xf81f, 0xf81f, 0xf81f, 0xf81f, 0xf81f, 0xf81f, 0xf81f, 0xf81f, 0xf81f, 0xf81f,
    0xf81f, 0xf81f, 0xf81f, 0xf81f, 0xf81f, 0xf81f, 0xf81f, 0xf81f, 0xf81f, 0xf81f, 0xf81f, 0xf81f,
    0xf81f, 0xf81f, 0xf81f, 0xf81f, 0xf81f, 0xf81f, 0xf81f, 0xf81f, 0xf81f, 0xf81f, 0xf81f, 0xf81f,
    0xf81f, 0xf81f, 0xf81f, 0xf81f, 0xf81f, 0xf81f, 0xf81f, 0xf81f, 0xf81f, 0xf81f, 0xf81f, 0xf81f,
    0xf81f, 0xf81f, 0x0000, 0xffff, 0xffff, 0xffff, 0xffff, 0xffff, 0xffff, 0xffff, 0xffff, 0xffff,
    0xffff, 0xbe9c, 0xbe9c, 0x8537, 0x8537, 0x8537, 0x8537, 0x0000, 0xf81f, 0x0000, 0xffff, 0xffff,
    0x0000, 0x0000, 0xffff, 0xffff, 0xffff, 0xffff, 0xffff, 0xffff, 0xffff, 0xffff, 0xffff, 0xffff,
    0xffff, 0xffff, 0xffff, 0xffff, 0xffff, 0x0000, 0xf81f, 0xf81f, 0xf81f, 0xf81f, 0xf81f, 0xf81f,
    0xf81f, 0xf81f, 0xf81f, 0xf81f, 0xf81f, 0xf81f, 0xf81f, 0xf81f, 0xf81f, 0xf81f, 0xf81f, 0xf81f,
    0xf81f, 0xf81f, 0xf81f, 0xf81f, 0xf81f, 0xf81f, 0xf81f, 0xf81f, 0xf81f, 0xf81f, 0xf81f, 0xf81f,
    0xf81f, 0xf81f, 0xf81f, 0xf81f, 0xf81f, 0xf81f, 0xf81f, 0xf81f, 0xf81f, 0xf81f, 0xf81f, 0xf81f,
    0xf81f, 0xf81f, 0xf81f, 0xf81f, 0xf81f, 0xf81f, 0xf81f, 0xf81f, 0xf81f, 0xf81f, 0xf81f, 0xf81f,
    0xf81f, 0x0000, 0x0000, 0xffff, 0xffff, 0xffff, 0xffff, 0xffff, 0xffff, 0xffff, 0x0000, 0xffff,
    0xbe9c, 0xbe9c, 0x8537, 0x8537, 0x8537, 0x8537, 0x8537, 0x0000, 0xf81f, 0x0000, 0xffff, 0xffff,
    0x0000, 0x0000, 0xffff, 0xffff, 0xffff, 0xffff, 0xffff, 0xffff, 0xffff, 0x0000, 0xffff, 0xffff,
    0xffff, 0xffff, 0xffff, 0xffff, 0xffff, 0x0000, 0xf81f, 0xf81f, 0xf81f, 0xf81f, 0xf81f, 0xf81f,
    0xf81f, 0xf81f, 0xf81f, 0xf81f, 0xf81f, 0xf81f, 0xf81f, 0xf81f, 0xf81f, 0xf81f, 0xf81f, 0xf81f,
    0xf81f, 0xf81f, 0xf81f, 0xf81f, 0xf81f, 0xf81f, 0xf81f, 0xf81f, 0xf81f, 0xf81f, 0xf81f, 0xf81f,
    0xf81f, 0xf81f, 0xf81f, 0xf81f, 0xf81f, 0xf81f, 0xf81f, 0xf81f, 0xf81f, 0xf81f, 0xf81f, 0xf81f,
    0xf81f, 0xf81f, 0xf81f, 0xf81f, 0xf81f, 0xf81f, 0xf81f, 0xf81f, 0xf81f, 0xf81f, 0xf81f, 0xf81f,
    0xf81f, 0x0000, 0xffff, 0xffff, 0xffff, 0xffff, 0xffff, 0xffff, 0x0000, 0x0000, 0x0000, 0x0000,
    0xbe9c, 0xbe9c, 0x8537, 0x8537, 0x8537, 0x8537, 0x8537, 0x0000, 0xf81f, 0x0000, 0xffff, 0x0000,
    0x0000, 0x0000, 0xffff, 0xffff, 0xffff, 0xffff, 0xffff, 0xffff, 0xffff, 0x0000, 0x0000, 0xffff,
    0xffff, 0xffff, 0xffff, 0xffff, 0xffff, 0x0000, 0xf81f, 0xf81f, 0xf81f, 0xf81f, 0xf81f, 0xf81f,
    0xf81f, 0xf81f, 0xf81f, 0xf81f, 0xf81f, 0xf81f, 0xf81f, 0xf81f, 0xf81f, 0xf81f, 0xf81f, 0xf81f,
    0xf81f, 0xf81f, 0xf81f, 0xf81f, 0xf81f, 0xf81f, 0xf81f, 0xf81f, 0xf81f, 0xf81f, 0xf81f, 0xf81f,
    0xf81f, 0xf81f, 0xf81f, 0xf81f, 0xf81f, 0xf81f, 0xf81f, 0xf81f, 0xf81f, 0xf81f, 0xf81f, 0xf81f,
    0xf81f, 0xf81f, 0xf81f, 0xf81f, 0xf81f, 0xf81f, 0xf81f, 0xf81f, 0xf81f, 0xf81f, 0xf81f, 0xf81f,
    0xf81f, 0x0000, 0xffff, 0xffff, 0xffff, 0xffff, 0xffff, 0x0000, 0x0000, 0x1168, 0x1168, 0x0000,
    0xbe9c, 0xbe9c, 0xbe9c, 0x0000, 0x0000, 0x8537, 0x8537, 0x0000, 0xf81f, 0x0000, 0x0000, 0x0000,
    0x2b10, 0x0000, 0xffff, 0xffff, 0xffff, 0x0000, 0x0000, 0x0000, 0xffff, 0x0000, 0x2b10, 0x0000,
    0xffff, 0xffff, 0xffff, 0xffff, 0xffff, 0x0000, 0xf81f, 0xf81f, 0xf81f, 0xf81f, 0xf81f, 0xf81f,
    0xf81f, 0xf81f, 0xf81f, 0xf81f, 0xf81f, 0xf81f, 0xf81f, 0xf81f, 0xf81f, 0xf81f, 0xf81f, 0xf81f,
    0xf81f, 0xf81f, 0xf81f, 0xf81f, 0xf81f, 0xf81f, 0xf81f, 0xf81f, 0xf81f, 0xf81f, 0xf81f, 0xf81f,
    0xf81f, 0xf81f, 0xf81f, 0xf81f, 0xf81f, 0xf81f, 0xf81f, 0xf81f, 0xf81f, 0xf81f, 0xf81f, 0xf81f,
    0xf81f, 0xf81f, 0xf81f, 0xf81f, 0xf81f, 0xf81f, 0xf81f, 0xf81f, 0xf81f, 0xf81f, 0xf81f, 0xf81f,
    0x0000, 0x0000, 0x0000, 0x0000, 0x0000, 0x0000, 0x1168, 0x1168, 0x1168, 0x2b10, 0x1168, 0x0000,
    0x0000, 0xbe9c, 0x0000, 0x1a2c, 0x1a2c, 0x0000, 0x8537, 0x0000, 0xf81f, 0x0000, 0x0000, 0x2b10,
    0x2b10, 0x0000, 0xffff, 0xffff, 0x0000, 0x0000, 0x2b10, 0x0000, 0x0000, 0x0000, 0x2b10, 0x0000,
    0x0000, 0x0000, 0x0000, 0x0000, 0x0000, 0x0000, 0xf81f, 0xf81f, 0xf81f, 0xf81f, 0xf81f, 0xf81f,
    0xf81f, 0xf81f, 0xf81f, 0xf81f, 0xf81f, 0xf81f, 0xf81f, 0xf81f, 0xf81f, 0xf81f, 0xf81f, 0xf81f,
    0xf81f, 0xf81f, 0xf81f, 0xf81f, 0xf81f, 0xf81f, 0xf81f, 0xf81f, 0xf81f, 0xf81f, 0xf81f, 0xf81f,
    0xf81f, 0xf81f, 0xf81f, 0xf81f, 0xf81f, 0xf81f, 0xf81f, 0xf81f, 0xf81f, 0xf81f, 0xf81f, 0xf81f,
    0xf81f, 0xf81f, 0xf81f, 0xf81f, 0xf81f, 0xf81f, 0xf81f, 0xf81f, 0xf81f, 0xf81f, 0xf81f, 0xf81f,
    0x0000, 0x2b10, 0x2b10, 0x2b10, 0x1168, 0x1168, 0x1168, 0x2b10, 0x2b10, 0x2b10, 0x2b10, 0x1168,
    0x1168, 0x0000, 0x0000, 0x4c56, 0x1a2c, 0x0000, 0x0000, 0x0000, 0xf81f, 0x0000, 0x0000, 0x2b10,
    0x2b10, 0x0000, 0x0000, 0x0000, 0x0000, 0x2b10, 0x2b10, 0x2b10, 0x2b10, 0x2b10, 0x2b10, 0x1168,
    0x2b10, 0x2b10, 0x2b10, 0x2b10, 0x2b10, 0x0000, 0x0000, 0xf81f, 0xf81f, 0xf81f, 0xf81f, 0xf81f,
    0xf81f, 0xf81f, 0xf81f, 0xf81f, 0xf81f, 0xf81f, 0xf81f, 0xf81f, 0xf81f, 0xf81f, 0xf81f, 0xf81f,
    0xf81f, 0xf81f, 0xf81f, 0xf81f, 0xf81f, 0xf81f, 0xf81f, 0xf81f, 0xf81f, 0xf81f, 0xf81f, 0xf81f,
    0xf81f, 0xf81f, 0xf81f, 0xf81f, 0xf81f, 0xf81f, 0xf81f, 0xf81f, 0xf81f, 0xf81f, 0xf81f, 0xf81f,
    0xf81f, 0xf81f, 0xf81f, 0xf81f, 0xf81f, 0xf81f, 0xf81f, 0xf81f, 0xf81f, 0xf81f, 0xf81f, 0x0000,
    0x0000, 0x2b10, 0x2b10, 0x2b10, 0x2b10, 0x2b10, 0x2b10, 0x2b10, 0x2b10, 0x4c56, 0x4c56, 0x4c56,
    0x4c56, 0x2b10, 0x4c56, 0x4c56, 0x1a2c, 0x1a2c, 0x1a2c, 0x1168, 0xf81f, 0x0000, 0x1168, 0x2b10,
    0x2b10, 0x2b10, 0x0000, 0x0000, 0x2b10, 0x2b10, 0x7d9a, 0x2b10, 0x2b10, 0x7d9a, 0x7d9a, 0x1168,
    0x7d9a, 0x7d9a, 0x7d9a, 0x2b10, 0x1168, 0x2b10, 0x0000, 0xf81f, 0xf81f, 0xf81f, 0xf81f, 0xf81f,
    0xf81f, 0xf81f, 0xf81f, 0xf81f, 0xf81f, 0xf81f, 0xf81f, 0xf81f, 0xf81f, 0xf81f, 0xf81f, 0xf81f,
    0xf81f, 0xf81f, 0xf81f, 0xf81f, 0xf81f, 0xf81f, 0xf81f, 0xf81f, 0xf81f, 0xf81f, 0xf81f, 0xf81f,
    0xf81f, 0xf81f, 0xf81f, 0xf81f, 0xf81f, 0xf81f, 0xf81f, 0xf81f, 0xf81f, 0xf81f, 0xf81f, 0xf81f,
    0xf81f, 0xf81f, 0xf81f, 0xf81f, 0xf81f, 0xf81f, 0xf81f, 0xf81f, 0xf81f, 0xf81f, 0xf81f, 0x0000,
    0x2b10, 0x2b10, 0x4c56, 0x7d9a, 0x2b10, 0x2b10, 0x4c56, 0x0000, 0x2b10, 0x7d9a, 0x7d9a, 0x7d9a,
    0x7d9a, 0x7d9a, 0x1168, 0x1a2c, 0x0000, 0x1a2c, 0x1a2c, 0x1168, 0xf81f, 0x0000, 0x1168, 0x2b10,
    0x2b10, 0x7d9a, 0x7d9a, 0x7d9a, 0x7d9a, 0x1168, 0x7d9a, 0x7d9a, 0x7d9a, 0x7d9a, 0x7d9a, 0x7d9a,
    0x7d9a, 0x7d9a, 0x7d9a, 0x7d9a, 0x7d9a, 0x2b10, 0x0000, 0xf81f, 0xf81f, 0xf81f, 0xf81f, 0xf81f,
    0xf81f, 0xf81f, 0xf81f, 0xf81f, 0xf81f, 0xf81f, 0xf81f, 0xf81f, 0xf81f, 0xf81f, 0xf81f, 0xf81f,
    0xf81f, 0xf81f, 0xf81f, 0xf81f, 0xf81f, 0xf81f, 0xf81f, 0xf81f, 0xf81f, 0xf81f, 0xf81f, 0xf81f,
    0xf81f, 0xf81f, 0xf81f, 0xf81f, 0xf81f, 0xf81f, 0xf81f, 0xf81f, 0xf81f, 0xf81f, 0xf81f, 0xf81f,
    0xf81f, 0xf81f, 0xf81f, 0xf81f, 0xf81f, 0xf81f, 0xf81f, 0xf81f, 0xf81f, 0xf81f, 0xf81f, 0x0000,
    0x2b10, 0x4c56, 0x4c56, 0x0000, 0x2b10, 0x4c56, 0x4c56, 0x0000, 0x4c56, 0x7d9a, 0x7d9a, 0x7d9a,
    0x1168, 0x7d9a, 0x7d9a, 0x1a2c, 0x7d9a, 0x7d9a, 0x7d9a, 0x1168, 0xf81f, 0x0000, 0x1168, 0x1168,
    0x2b10, 0x7d9a, 0x7d9a, 0x7d9a, 0x7d9a, 0x1168, 0x1168, 0x7d9a, 0x7d9a, 0x7d9a, 0x0000, 0x1168,
    0x7d9a, 0x7d9a, 0x0000, 0x7d9a, 0x7d9a, 0x1168, 0x0000, 0xf81f, 0xf81f, 0xf81f, 0xf81f, 0xf81f,
    0xf81f, 0xf81f, 0xf81f, 0xf81f, 0xf81f, 0xf81f, 0xf81f, 0xf81f, 0xf81f, 0xf81f, 0xf81f, 0xf81f,
    0xf81f, 0xf81f, 0xf81f, 0xf81f, 0xf81f, 0xf81f, 0xf81f, 0xf81f, 0xf81f, 0xf81f, 0xf81f, 0xf81f,
    0xf81f, 0xf81f, 0xf81f, 0xf81f, 0xf81f, 0xf81f, 0xf81f, 0xf81f, 0xf81f, 0xf81f, 0xf81f, 0xf81f,
    0xf81f, 0xf81f, 0xf81f, 0xf81f, 0xf81f, 0xf81f, 0xf81f, 0xf81f, 0xf81f, 0xf81f, 0xf81f, 0x0000,
    0x0000, 0x4c56, 0x4c56, 0x0000, 0x2b10, 0x4c56, 0x4c56, 0x0000, 0x4c56, 0x4c56, 0x4c56, 0x0000,
    0x1168, 0x1168, 0x1168, 0x1168, 0x0000, 0x7d9a, 0x7d9a, 0x1168, 0xf81f, 0x0000, 0x1168, 0x1168,
    0x1168, 0x0000, 0x1168, 0x7d9a, 0x7d9a, 0x0000, 0x1168, 0x1168, 0x1168, 0x1168, 0x0000, 0x1168,
    0x1168, 0x1168, 0x0000, 0x7d9a, 0x7d9a, 0x1168, 0x0000, 0xf81f, 0xf81f, 0xf81f, 0xf81f, 0xf81f,
    0xf81f, 0xf81f, 0xf81f, 0xf81f, 0xf81f, 0xf81f, 0xf81f, 0xf81f, 0xf81f, 0xf81f, 0xf81f, 0xf81f,
    0xf81f, 0xf81f, 0xf81f, 0xf81f, 0xf81f, 0xf81f, 0xf81f, 0xf81f, 0xf81f, 0xf81f, 0xf81f, 0xf81f,
    0xf81f, 0xf81f, 0xf81f, 0xf81f, 0xf81f, 0xf81f, 0xf81f, 0xf81f, 0xf81f, 0xf81f, 0xf81f, 0xf81f,
    0xf81f, 0xf81f, 0xf81f, 0xf81f, 0xf81f, 0xf81f, 0xf81f, 0xf81f, 0xf81f, 0xf81f, 0xf81f, 0xf81f,
    0x0000, 0x0000, 0x0000, 0x0000, 0x0000, 0x0000, 0x0000, 0x0000, 0x0000, 0x0000, 0x0000, 0x0000,
    0x0000, 0x0000, 0x0000, 0x0000, 0x0000, 0x0000, 0x0000, 0x0000, 0xf81f, 0x0000, 0x0000, 0x0000,
    0x0000, 0x0000, 0x0000, 0x0000, 0x0000, 0x0000, 0x0000, 0x0000, 0x0000, 0x0000, 0x0000, 0x0000,
    0x0000, 0x0000, 0x0000, 0x0000, 0x0000, 0x0000, 0x0000, 0xf81f, 0xf81f, 0xf81f, 0xf81f, 0xf81f,
    0xf81f, 0xf81f, 0xf81f, 0xf81f, 0xf81f, 0xf81f, 0xf81f, 0xf81f, 0xf81f, 0xf81f, 0xf81f, 0xf81f,
    0xf81f, 0xf81f, 0xf81f, 0xf81f, 0xf81f, 0xf81f, 0xf81f, 0xf81f, 0xf81f, 0xf81f, 0xf81f, 0xf81f,
    0xf81f, 0xf81f, 0xf81f, 0xf81f, 0xf81f, 0xf81f, 0xf81f, 0xf81f, 0xf81f, 0xf81f, 0xf81f, 0xf81f,
    0xf81f, 0xf81f, 0xf81f, 0xf81f, 0xf81f, 0xf81f, 0xf81f, 0xf81f, 0xf81f, 0xf81f, 0xf81f, 0xf81f,
    0xf81f, 0xf81f, 0xf81f, 0xf81f, 0xf81f, 0xf81f, 0xf81f, 0xf81f, 0xf81f, 0xf81f, 0xf81f, 0xf81f,
    0xf81f, 0xf81f, 0xf81f, 0xf81f, 0xf81f, 0xf81f, 0xf81f, 0xf81f, 0xf81f, 0xf81f, 0xf81f, 0xf81f,
    0xf81f, 0xf81f, 0xf81f, 0xf81f, 0xf81f, 0xf81f, 0xf81f, 0xf81f, 0xf81f, 0xf81f, 0xf81f, 0xf81f,
    0xf81f, 0xf81f, 0xf81f, 0xf81f, 0xf81f, 0xf81f, 0xf81f, 0xf81f, 0xf81f, 0xf81f, 0xf81f, 0xf81f,
    0xf81f, 0xf81f, 0xf81f, 0xf81f, 0xf81f, 0xf81f, 0xf81f, 0xf81f, 0xf81f, 0xf81f, 0xf81f, 0xf81f,
    0xf81f, 0xf81f, 0xf81f, 0xf81f, 0xf81f, 0xf81f, 0xf81f, 0xf81f, 0xf81f, 0xf81f, 0xf81f, 0xf81f,
    0xf81f, 0xf81f, 0xf81f, 0xf81f, 0xf81f, 0xf81f, 0xf81f, 0xf81f, 0xf81f, 0xf81f, 0xf81f, 0xf81f,
    0xf81f, 0xf81f, 0xf81f, 0xf81f, 0xf81f, 0xf81f, 0xf81f, 0xf81f, 0xf81f, 0xf81f, 0xf81f, 0xf81f,
    0xf81f, 0xf81f, 0xf81f, 0xf81f, 0xf81f, 0xf81f, 0xf81f, 0xf81f, 0xf81f, 0xf81f, 0xf81f, 0xf81f,
    0xf81f, 0xf81f, 0xf81f, 0xf81f, 0xf81f, 0xf81f, 0xf81f, 0xf81f, 0xf81f, 0xf81f, 0xf81f, 0xf81f,
    0xf81f, 0xf81f, 0xf81f, 0xf81f, 0xf81f, 0xf81f, 0xf81f, 0xf81f, 0xf81f, 0xf81f, 0xf81f, 0xf81f,
    0xf81f, 0xf81f, 0xf81f, 0xf81f, 0xf81f, 0xf81f, 0xf81f, 0xf81f, 0xf81f, 0xf81f, 0xf81f, 0xf81f,
    0xf81f, 0xf81f, 0xf81f, 0xf81f, 0xf81f, 0xf81f, 0xf81f, 0xf81f, 0xf81f, 0xf81f, 0xf81f, 0xf81f,
    0xf81f, 0xf81f, 0xf81f, 0xf81f, 0xf81f, 0xf81f, 0xf81f, 0xf81f, 0xf81f, 0xf81f, 0xf81f, 0xf81f,
    0xf81f, 0xf81f, 0xf81f, 0xf81f, 0xf81f, 0xf81f, 0xf81f, 0xf81f, 0xf81f, 0xf81f, 0xf81f, 0xf81f,
    0xf81f, 0xf81f, 0xf81f, 0xf81f, 0xf81f, 0xf81f, 0xf81f, 0xf81f, 0xf81f, 0xf81f, 0xf81f, 0xf81f,
    0xf81f, 0xf81f, 0xf81f, 0xf81f, 0xf81f, 0xf81f, 0xf81f, 0xf81f, 0xf81f, 0xf81f, 0xf81f, 0xf81f,
    0x0000, 0x0000, 0x0000, 0x0000, 0x0000, 0x0000, 0x0000, 0x0000, 0x0000, 0x0000, 0x0000, 0x0000,
    0x0000, 0xf81f, 0xf81f, 0xf81f, 0xf81f, 0xf81f, 0xf81f, 0xf81f, 0xf81f, 0xf81f, 0xf81f, 0xf81f,
    0xf81f, 0xf81f, 0xf81f, 0xf81f, 0xf81f, 0xf81f, 0xf81f, 0xf81f, 0xf81f, 0xf81f, 0xf81f, 0xf81f,
    0xf81f, 0xf81f, 0xf81f, 0xf81f, 0xf81f, 0xf81f, 0xf81f, 0xf81f, 0xf81f, 0xf81f, 0xf81f, 0xf81f,
    0xf81f, 0xf81f, 0xf81f, 0xf81f, 0xf81f, 0xf81f, 0xf81f, 0xf81f, 0xf81f, 0xf81f, 0xf81f, 0xf81f,
    0xf81f, 0xf81f, 0xf81f, 0xf81f, 0xf81f, 0xf81f, 0xf81f, 0xf81f, 0xf81f, 0xf81f, 0xf81f, 0xf81f,
    0xf81f, 0xf81f, 0xf81f, 0xf81f, 0xf81f, 0xf81f, 0xf81f, 0xf81f, 0xf81f, 0xf81f, 0xf81f, 0xf81f,
    0xf81f, 0xf81f, 0xf81f, 0xf81f, 0xf81f, 0xf81f, 0xf81f, 0xf81f, 0x0000, 0x0000, 0x0000, 0x0000,
    0xffff, 0xffff, 0xffff, 0xffff, 0xffff, 0xffff, 0xffff, 0xffff, 0xffff, 0xffff, 0xffff, 0xffff,
    0x0000, 0x0000, 0x0000, 0x0000, 0x0000, 0x0000, 0x0000, 0xf81f, 0xf81f, 0xf81f, 0xf81f, 0xf81f,
    0xf81f, 0xf81f, 0xf81f, 0xf81f, 0xf81f, 0xf81f, 0xf81f, 0xf81f, 0xf81f, 0xf81f, 0xf81f, 0xf81f,
    0xf81f, 0xf81f, 0xf81f, 0xf81f, 0xf81f, 0xf81f, 0xf81f, 0xf81f, 0xf81f, 0xf81f, 0xf81f, 0xf81f,
    0xf81f, 0xf81f, 0xf81f, 0xf81f, 0xf81f, 0xf81f, 0xf81f, 0xf81f, 0xf81f, 0xf81f, 0xf81f, 0xf81f,
    0xf81f, 0xf81f, 0xf81f, 0xf81f, 0xf81f, 0xf81f, 0xf81f, 0xf81f, 0xf81f, 0xf81f, 0xf81f, 0xf81f,
    0xf81f, 0xf81f, 0xf81f, 0xf81f, 0xf81f, 0xf81f, 0xf81f, 0xf81f, 0xf81f, 0xf81f, 0xf81f, 0xf81f,
    0xf81f, 0xf81f, 0xf81f, 0xf81f, 0xf81f, 0xf81f, 0xf81f, 0x0000, 0x0000, 0xffff, 0xffff, 0xffff,
    0xffff, 0xffff, 0xffff, 0xffff, 0xffff, 0xffff, 0xffff, 0xffff, 0xffff, 0xffff, 0xffff, 0xffff,
    0xffff, 0x8e19, 0x8e19, 0x8e19, 0xffff, 0xffff, 0x0000, 0x0000, 0xf81f, 0xf81f, 0xf81f, 0xf81f,
    0xf81f, 0xf81f, 0xf81f, 0xf81f, 0xf81f, 0xf81f, 0xf81f, 0xf81f, 0xf81f, 0xf81f, 0xf81f, 0xf81f,
    0xf81f, 0xf81f, 0xf81f, 0xf81f, 0xf81f, 0xf81f, 0xf81f, 0xf81f, 0xf81f, 0xf81f, 0xf81f, 0xf81f,
    0xf81f, 0xf81f, 0xf81f, 0xf81f, 0xf81f, 0xf81f, 0xf81f, 0xf81f, 0xf81f, 0xf81f, 0xf81f, 0xf81f,
    0xf81f, 0xf81f, 0xf81f, 0xf81f, 0xf81f, 0xf81f, 0xf81f, 0xf81f, 0xf81f, 0xf81f, 0xf81f, 0xf81f,
    0xf81f, 0xf81f, 0xf81f, 0xf81f, 0xf81f, 0xf81f, 0xf81f, 0xf81f, 0xf81f, 0xf81f, 0xf81f, 0xf81f,
    0xf81f, 0xf81f, 0xf81f, 0xf81f, 0xf81f, 0xf81f, 0x0000, 0x0000, 0xffff, 0xffff, 0xffff, 0xffff,
    0xffff, 0xffff, 0xffff, 0xffff, 0xffff, 0xffff, 0xffff, 0xffff, 0xffff, 0xffff, 0xffff, 0xffff,
    0xffff, 0x8e19, 0x8e19, 0x8e19, 0x8e19, 0x8e19, 0xffff, 0xffff, 0x0000, 0xf81f, 0xf81f, 0xf81f,
    0xf81f, 0xf81f, 0xf81f, 0xf81f, 0xf81f, 0xf81f, 0xf81f, 0xf81f, 0xf81f, 0xf81f, 0xf81f, 0xf81f,
    0xf81f, 0xf81f, 0xf81f, 0xf81f, 0xf81f, 0xf81f, 0xf81f, 0xf81f, 0xf81f, 0xf81f, 0xf81f, 0xf81f,
    0xf81f, 0xf81f, 0xf81f, 0xf81f, 0xf81f, 0xf81f, 0xf81f, 0xf81f, 0xf81f, 0xf81f, 0xf81f, 0xf81f,
    0xf81f, 0xf81f, 0xf81f, 0xf81f, 0xf81f, 0xf81f, 0xf81f, 0xf81f, 0xf81f, 0xf81f, 0xf81f, 0xf81f,
    0xf81f, 0xf81f, 0xf81f, 0xf81f, 0xf81f, 0xf81f, 0xf81f, 0xf81f, 0xf81f, 0xf81f, 0xf81f, 0xf81f,
    0xf81f, 0xf81f, 0xf81f, 0xf81f, 0xf81f, 0xf81f, 0x0000, 0xffff, 0xffff, 0xffff, 0xffff, 0xffff,
    0xffff, 0xffff, 0xffff, 0xffff, 0xffff, 0xffff, 0xffff, 0xffff, 0xffff, 0xffff, 0xffff, 0xffff,
    0xffff, 0x8e19, 0x8e19, 0x8e19, 0x8e19, 0xffff, 0xffff, 0xffff, 0xffff, 0x0000, 0x0000, 0xf81f,
    0xf81f, 0xf81f, 0xf81f, 0xf81f, 0xf81f, 0xf81f, 0xf81f, 0xf81f, 0xf81f, 0xf81f, 0xf81f, 0xf81f,
    0xf81f, 0xf81f, 0xf81f, 0xf81f, 0xf81f, 0xf81f, 0xf81f, 0xf81f, 0xf81f, 0xf81f, 0xf81f, 0xf81f,
    0xf81f, 0xf81f, 0xf81f, 0xf81f, 0xf81f, 0xf81f, 0xf81f, 0xf81f, 0xf81f, 0xf81f, 0xf81f, 0xf81f,
    0xf81f, 0xf81f, 0xf81f, 0xf81f, 0xf81f, 0xf81f, 0xf81f, 0xf81f, 0xf81f, 0xf81f, 0xf81f, 0xf81f,
    0xf81f, 0xf81f, 0xf81f, 0xf81f, 0xf81f, 0xf81f, 0xf81f, 0xf81f, 0xf81f, 0xf81f, 0xf81f, 0xf81f,
    0xf81f, 0xf81f, 0xf81f, 0xf81f, 0xf81f, 0x0000, 0x0000, 0xffff, 0xffff, 0xffff, 0xffff, 0xffff,
    0xffff, 0xffff, 0xffff, 0xffff, 0xffff, 0xffff, 0xffff, 0xffff, 0xffff, 0xffff, 0xffff, 0xffff,
    0xffff, 0xffff, 0xffff, 0xffff, 0xffff, 0xffff, 0xffff, 0xffff, 0xffff, 0xffff, 0x0000, 0xf81f,
    0xf81f, 0xf81f, 0xf81f, 0xf81f, 0xf81f, 0xf81f, 0xf81f, 0xf81f, 0xf81f, 0xf81f, 0xf81f, 0xf81f,
    0xf81f, 0xf81f, 0xf81f, 0xf81f, 0xf81f, 0xf81f, 0xf81f, 0xf81f, 0xf81f, 0xf81f, 0xf81f, 0xf81f,
    0xf81f, 0xf81f, 0xf81f, 0xf81f, 0xf81f, 0xf81f, 0xf81f, 0xf81f, 0xf81f, 0xf81f, 0xf81f, 0xf81f,
    0xf81f, 0xf81f, 0xf81f, 0xf81f, 0xf81f, 0xf81f, 0xf81f, 0xf81f, 0xf81f, 0xf81f, 0xf81f, 0xf81f,
    0xf81f, 0xf81f, 0xf81f, 0xf81f, 0xf81f, 0xf81f, 0xf81f, 0xf81f, 0xf81f, 0xf81f, 0xf81f, 0xf81f,
    0xf81f, 0xf81f, 0xf81f, 0xf81f, 0x0000, 0x0000, 0xffff, 0xffff, 0xffff, 0xffff, 0x8e19, 0x8e19,
    0x8e19, 0x8e19, 0x8e19, 0x8e19, 0x8e19, 0xffff, 0xffff, 0xffff, 0x8e19, 0x8e19, 0x8e19, 0x8e19,
    0x8e19, 0x8e19, 0xffff, 0xffff, 0xffff, 0xffff, 0xffff, 0xffff, 0xffff, 0xffff, 0x0000, 0x0000,
    0xf81f, 0xf81f, 0xf81f, 0xf81f, 0xf81f, 0xf81f, 0xf81f, 0xf81f, 0xf81f, 0xf81f, 0xf81f, 0xf81f,
    0xf81f, 0xf81f, 0xf81f, 0xf81f, 0xf81f, 0xf81f, 0xf81f, 0xf81f, 0xf81f, 0xf81f, 0xf81f, 0xf81f,
    0xf81f, 0xf81f, 0xf81f, 0xf81f, 0xf81f, 0xf81f, 0xf81f, 0xf81f, 0xf81f, 0xf81f, 0xf81f, 0xf81f,
    0xf81f, 0xf81f, 0xf81f, 0xf81f, 0xf81f, 0xf81f, 0xf81f, 0xf81f, 0xf81f, 0xf81f, 0xf81f, 0xf81f,
    0xf81f, 0xf81f, 0xf81f, 0xf81f, 0xf81f, 0xf81f, 0xf81f, 0xf81f, 0xf81f, 0xf81f, 0xf81f, 0xf81f,
    0xf81f, 0xf81f, 0xf81f, 0xf81f, 0x0000, 0xffff, 0xffff, 0xffff, 0xffff, 0x8e19, 0x0000, 0x0000,
    0x0000, 0x0000, 0x0000, 0x0000, 0x0000, 0x8e19, 0xffff, 0x8e19, 0x8e19, 0x0000, 0x0000, 0x0000,
    0x0000, 0x0000, 0x0000, 0x0000, 0xffff, 0xffff, 0xffff, 0xffff, 0xffff, 0xffff, 0xffff, 0x0000,
    0x0000, 0xf81f, 0xf81f, 0xf81f, 0xf81f, 0xf81f, 0xf81f, 0xf81f, 0xf81f, 0xf81f, 0xf81f, 0xf81f,
    0xf81f, 0xf81f, 0xf81f, 0xf81f, 0xf81f, 0xf81f, 0xf81f, 0xf81f, 0xf81f, 0xf81f, 0xf81f, 0xf81f,
    0xf81f, 0xf81f, 0xf81f, 0xf81f, 0xf81f, 0xf81f, 0xf81f, 0xf81f, 0xf81f, 0xf81f, 0xf81f, 0xf81f,
    0xf81f, 0xf81f, 0xf81f, 0xf81f, 0xf81f, 0xf81f, 0xf81f, 0xf81f, 0xf81f, 0xf81f, 0xf81f, 0xf81f,
    0xf81f, 0xf81f, 0xf81f, 0xf81f, 0xf81f, 0xf81f, 0xf81f, 0xf81f, 0xf81f, 0xf81f, 0xf81f, 0xf81f,
    0xf81f, 0xf81f, 0x0000, 0x0000, 0x0000, 0xffff, 0xffff, 0xffff, 0xffff, 0x0000, 0x0000, 0x2b10,
    0x2b10, 0x2b10, 0x2b10, 0x2b10, 0x0000, 0x8e19, 0x8e19, 0x8e19, 0x0000, 0x0000, 0x2b10, 0x2b10,
    0x2b10, 0x2b10, 0x2b10, 0x2b10, 0x0000, 0x0000, 0xffff, 0xffff, 0xffff, 0xffff, 0xffff, 0x8e19,
    0x0000, 0xf81f, 0xf81f, 0xf81f, 0xf81f, 0xf81f, 0xf81f, 0xf81f, 0xf81f, 0xf81f, 0xf81f, 0xf81f,
    0xf81f, 0xf81f, 0xf81f, 0xf81f, 0xf81f, 0xf81f, 0xf81f, 0xf81f, 0xf81f, 0xf81f, 0xf81f, 0xf81f,
    0xf81f, 0xf81f, 0xf81f, 0xf81f, 0xf81f, 0xf81f, 0xf81f, 0xf81f, 0xf81f, 0xf81f, 0xf81f, 0xf81f,
    0xf81f, 0xf81f, 0xf81f, 0xf81f, 0xf81f, 0xf81f, 0xf81f, 0xf81f, 0xf81f, 0xf81f, 0xf81f, 0xf81f,
    0xf81f, 0xf81f, 0xf81f, 0xf81f, 0xf81f, 0xf81f, 0xf81f, 0xf81f, 0xf81f, 0xf81f, 0xf81f, 0xf81f,
    0xf81f, 0xf81f, 0x0000, 0x0000, 0xffff, 0xffff, 0xffff, 0xffff, 0x0000, 0x0000, 0x2b10, 0xbe9c,
    0xbe9c, 0xbe9c, 0x4c56, 0x4c56, 0x2b10, 0x0000, 0x8e19, 0x8e19, 0x0000, 0x2b10, 0x4c56, 0x4c56,
    0xbe9c, 0xbe9c, 0xbe9c, 0xbe9c, 0x2b10, 0x0000, 0x0000, 0xffff, 0xffff, 0xffff, 0xffff, 0x8e19,
    0x8e19, 0x0000, 0xf81f, 0xf81f, 0xf81f, 0xf81f, 0xf81f, 0xf81f, 0xf81f, 0xf81f, 0xf81f, 0xf81f,
    0xf81f, 0xf81f, 0xf81f, 0xf81f, 0xf81f, 0xf81f, 0xf81f, 0xf81f, 0xf81f, 0xf81f, 0xf81f, 0xf81f,
    0xf81f, 0xf81f, 0xf81f, 0xf81f, 0xf81f, 0xf81f, 0xf81f, 0xf81f, 0xf81f, 0xf81f, 0xf81f, 0xf81f,
    0xf81f, 0xf81f, 0xf81f, 0xf81f, 0xf81f, 0xf81f, 0xf81f, 0xf81f, 0xf81f, 0xf81f, 0xf81f, 0xf81f,
    0xf81f, 0xf81f, 0xf81f, 0xf81f, 0xf81f, 0xf81f, 0xf81f, 0xf81f, 0xf81f, 0xf81f, 0xf81f, 0xf81f,
    0xf81f, 0xf81f, 0x0000, 0x8e19, 0xffff, 0xffff, 0xffff, 0xffff, 0x0000, 0x2b10, 0x2b10, 0xbe9c,
    0xbe9c, 0x4c56, 0x4c56, 0x4c56, 0x2b10, 0x2b10, 0x0000, 0x0000, 0x0000, 0x2b10, 0x4c56, 0x4c56,
    0x4c56, 0xbe9c, 0xbe9c, 0xbe9c, 0x2b10, 0x2b10, 0x0000, 0xffff, 0xffff, 0xffff, 0xffff, 0x8e19,
    0x8e19, 0x0000, 0x0000, 0xf81f, 0xf81f, 0xf81f, 0xf81f, 0xf81f, 0xf81f, 0xf81f, 0xf81f, 0xf81f,
    0xf81f, 0xf81f, 0xf81f, 0xf81f, 0xf81f, 0xf81f, 0xf81f, 0xf81f, 0xf81f, 0xf81f, 0xf81f, 0xf81f,
    0xf81f, 0xf81f, 0xf81f, 0xf81f, 0xf81f, 0xf81f, 0xf81f, 0xf81f, 0xf81f, 0xf81f, 0xf81f, 0xf81f,
    0xf81f, 0xf81f, 0xf81f, 0xf81f, 0xf81f, 0xf81f, 0xf81f, 0xf81f, 0xf81f, 0xf81f, 0xf81f, 0xf81f,
    0xf81f, 0xf81f, 0xf81f, 0xf81f, 0xf81f, 0xf81f, 0xf81f, 0xf81f, 0xf81f, 0xf81f, 0xf81f, 0xf81f,
    0xf81f, 0xf81f, 0x0000, 0x8e19, 0xffff, 0xffff, 0xffff, 0xffff, 0x0000, 0x2b10, 0x2b10, 0x2b10,
    0x2b10, 0x2b10, 0x2b10, 0x2b10, 0x2b10, 0x2b10, 0x2b10, 0x2b10, 0x2b10, 0x2b10, 0x2b10, 0x2b10,
    0x2b10, 0x2b10, 0x2b10, 0x2b10, 0x2b10, 0x2b10, 0x2b10, 0x0000, 0xffff, 0xffff, 0xffff, 0x8e19,
    0x8e19, 0xbe9c, 0x0000, 0xf81f, 0xf81f, 0xf81f, 0xf81f, 0xf81f, 0xf81f, 0xf81f, 0xf81f, 0xf81f,
    0xf81f, 0xf81f, 0xf81f, 0xf81f, 0xf81f, 0xf81f, 0xf81f, 0xf81f, 0xf81f, 0xf81f, 0xf81f, 0xf81f,
    0xf81f, 0xf81f, 0xf81f, 0xf81f, 0xf81f, 0xf81f, 0xf81f, 0xf81f, 0xf81f, 0xf81f, 0xf81f, 0xf81f,
    0xf81f, 0xf81f, 0xf81f, 0xf81f, 0xf81f, 0xf81f, 0xf81f, 0xf81f, 0xf81f, 0xf81f, 0xf81f, 0xf81f,
    0xf81f, 0xf81f, 0xf81f, 0xf81f, 0xf81f, 0xf81f, 0xf81f, 0xf81f, 0xf81f, 0xf81f, 0xf81f, 0x0000,
    0x0000, 0x0000, 0x0000, 0x8e19, 0xffff, 0xffff, 0xffff, 0xffff, 0x0000, 0x2b10, 0x2b10, 0x2b10,
    0x2b10, 0x2b10, 0x2b10, 0x2b10, 0x2b10, 0x2b10, 0x2b10, 0x2b10, 0x2b10, 0x2b10, 0x2b10, 0x2b10,
    0x2b10, 0x2b10, 0x2b10, 0x2b10, 0x2b10, 0x2b10, 0x2b10, 0x0000, 0xffff, 0xffff, 0xffff, 0x8e19,
    0x8e19, 0xbe9c, 0x0000, 0x0000, 0x0000, 0x0000, 0xf81f, 0xf81f, 0xf81f, 0xf81f, 0xf81f, 0xf81f,
    0xf81f, 0xf81f, 0xf81f, 0xf81f, 0xf81f, 0xf81f, 0xf81f, 0xf81f, 0xf81f, 0xf81f, 0xf81f, 0xf81f,
    0xf81f, 0xf81f, 0xf81f, 0xf81f, 0xf81f, 0xf81f, 0xf81f, 0xf81f, 0xf81f, 0xf81f, 0xf81f, 0xf81f,
    0xf81f, 0xf81f, 0xf81f, 0xf81f, 0xf81f, 0xf81f, 0xf81f, 0xf81f, 0xf81f, 0xf81f, 0xf81f, 0xf81f,
    0xf81f, 0xf81f, 0xf81f, 0xf81f, 0xf81f, 0xf81f, 0xf81f, 0xf81f, 0xf81f, 0xf81f, 0xf81f, 0x0000,
    0x4c56, 0x4c56, 0x0000, 0x8e19, 0xffff, 0xffff, 0xffff, 0xffff, 0x0000, 0x2b10, 0x2b10, 0x0000,
    0x0000, 0x0000, 0x0000, 0x0000, 0x2b10, 0x2b10, 0x2b10, 0x2b10, 0x2b10, 0x2b10, 0x2b10, 0x2b10,
    0x0000, 0x0000, 0x0000, 0x0000, 0x0000, 0x2b10, 0x2b10, 0x0000, 0xffff, 0xffff, 0xffff, 0x8e19,
    0xbe9c, 0xbe9c, 0x0000, 0x224c, 0x224c, 0x0000, 0xf81f, 0xf81f, 0xf81f, 0xf81f, 0xf81f, 0xf81f,
    0xf81f, 0xf81f, 0xf81f, 0xf81f, 0xf81f, 0xf81f, 0xf81f, 0xf81f, 0xf81f, 0xf81f, 0xf81f, 0xf81f,
    0xf81f, 0xf81f, 0xf81f, 0xf81f, 0xf81f, 0xf81f, 0xf81f, 0xf81f, 0xf81f, 0xf81f, 0xf81f, 0xf81f,
    0xf81f, 0xf81f, 0xf81f, 0xf81f, 0xf81f, 0xf81f, 0xf81f, 0xf81f, 0xf81f, 0xf81f, 0xf81f, 0xf81f,
    0xf81f, 0xf81f, 0xf81f, 0xf81f, 0xf81f, 0xf81f, 0xf81f, 0xf81f, 0xf81f, 0xf81f, 0xf81f, 0x0000,
    0x4c56, 0x4c56, 0x0000, 0x8e19, 0xffff, 0xffff, 0xffff, 0x0000, 0x0000, 0x2b10, 0x2b10, 0x2b10,
    0x08e5, 0x08e5, 0xffff, 0xffff, 0x2b10, 0x2b10, 0x2b10, 0x4c56, 0x4c56, 0x2b10, 0x2b10, 0x2b10,
    0x08e5, 0x08e5, 0xffff, 0xffff, 0x2b10, 0x2b10, 0x1168, 0x0000, 0xffff, 0xffff, 0xffff, 0x8e19,
    0xbe9c, 0xbe9c, 0x0000, 0x4c56, 0x4c56, 0x0000, 0xf81f, 0xf81f, 0xf81f, 0xf81f, 0xf81f, 0xf81f,
    0xf81f, 0xf81f, 0xf81f, 0xf81f, 0xf81f, 0xf81f, 0xf81f, 0xf81f, 0xf81f, 0xf81f, 0xf81f, 0xf81f,
    0xf81f, 0xf81f, 0xf81f, 0xf81f, 0xf81f, 0xf81f, 0xf81f, 0xf81f, 0xf81f, 0xf81f, 0xf81f, 0xf81f,
    0xf81f, 0xf81f, 0xf81f, 0xf81f, 0xf81f, 0xf81f, 0xf81f, 0xf81f, 0xf81f, 0xf81f, 0xf81f, 0xf81f,
    0xf81f, 0xf81f, 0xf81f, 0xf81f, 0xf81f, 0xf81f, 0xf81f, 0xf81f, 0xf81f, 0xf81f, 0xf81f, 0x0000,
    0x2b10, 0x4c56, 0x0000, 0xffff, 0xffff, 0xffff, 0x0000, 0x0000, 0x1168, 0x1168, 0x2b10, 0x2b10,
    0x08e5, 0x08e5, 0x08e5, 0x08e5, 0x2b10, 0x4c56, 0x4c56, 0x4c56, 0x4c56, 0x4c56, 0x2b10, 0x2b10,
    0x08e5, 0x08e5, 0x08e5, 0x08e5, 0x2b10, 0x2b10, 0x1168, 0x0000, 0x0000, 0xffff, 0xffff, 0xffff,
    0xbe9c, 0xbe9c, 0x0000, 0x4c56, 0x2b10, 0x0000, 0xf81f, 0xf81f, 0xf81f, 0xf81f, 0xf81f, 0xf81f,
    0xf81f, 0xf81f, 0xf81f, 0xf81f, 0xf81f, 0xf81f, 0xf81f, 0xf81f, 0xf81f, 0xf81f, 0xf81f, 0xf81f,
    0xf81f, 0xf81f, 0xf81f, 0xf81f, 0xf81f, 0xf81f, 0xf81f, 0xf81f, 0xf81f, 0xf81f, 0xf81f, 0xf81f,
    0xf81f, 0xf81f, 0xf81f, 0xf81f, 0xf81f, 0xf81f, 0xf81f, 0xf81f, 0xf81f, 0xf81f, 0xf81f, 0xf81f,
    0xf81f, 0xf81f, 0xf81f, 0xf81f, 0xf81f, 0xf81f, 0xf81f, 0xf81f, 0xf81f, 0xf81f, 0xf81f, 0x0000,
    0x2b10, 0x224c, 0x0000, 0xffff, 0x8e19, 0xffff, 0x0000, 0x1168, 0x1168, 0x1168, 0x2b10, 0x4c56,
    0x2b10, 0x2b10, 0x2b10, 0x2b10, 0x4c56, 0x4c56, 0x4c56, 0x4c56, 0x4c56, 0x4c56, 0x4c56, 0x2b10,
    0x2b10, 0x2b10, 0x2b10, 0x2b10, 0x2b10, 0x1168, 0x1168, 0x1168, 0x0000, 0xffff, 0xffff, 0xffff,
    0xbe9c, 0xbe9c, 0x0000, 0x4c56, 0x2b10, 0x0000, 0xf81f, 0xf81f, 0xf81f, 0xf81f, 0xf81f, 0xf81f,
    0xf81f, 0xf81f, 0xf81f, 0xf81f, 0xf81f, 0xf81f, 0xf81f, 0xf81f, 0xf81f, 0xf81f, 0xf81f, 0xf81f,
    0xf81f, 0xf81f, 0xf81f, 0xf81f, 0xf81f, 0xf81f, 0xf81f, 0xf81f, 0xf81f, 0xf81f, 0xf81f, 0xf81f,
    0xf81f, 0xf81f, 0xf81f, 0xf81f, 0xf81f, 0xf81f, 0xf81f, 0xf81f, 0xf81f, 0xf81f, 0xf81f, 0xf81f,
    0xf81f, 0xf81f, 0xf81f, 0xf81f, 0xf81f, 0xf81f, 0xf81f, 0xf81f, 0xf81f, 0xf81f, 0xf81f, 0x0000,
    0x2b10, 0x224c, 0x0000, 0xffff, 0x8e19, 0xffff, 0x0000, 0x1168, 0x1168, 0x4c56, 0x4c56, 0x2b10,
    0x2b10, 0x2b10, 0x2b10, 0x2b10, 0x2b10, 0x0000, 0x0000, 0x0000, 0x0000, 0x0000, 0x0000, 0x2b10,
    0x2b10, 0x2b10, 0x2b10, 0x2b10, 0x4c56, 0x4c56, 0x1168, 0x1168, 0x0000, 0xffff, 0xffff, 0xffff,
    0xbe9c, 0xbe9c, 0x0000, 0x4c56, 0x2b10, 0x0000, 0xf81f, 0xf81f, 0xf81f, 0xf81f, 0xf81f, 0xf81f,
    0xf81f, 0xf81f, 0xf81f, 0xf81f, 0xf81f, 0xf81f, 0xf81f, 0xf81f, 0xf81f, 0xf81f, 0xf81f, 0xf81f,
    0xf81f, 0xf81f, 0xf81f, 0xf81f, 0xf81f, 0xf81f, 0xf81f, 0xf81f, 0xf81f, 0xf81f, 0xf81f, 0xf81f,
    0xf81f, 0xf81f, 0xf81f, 0xf81f, 0xf81f, 0xf81f, 0xf81f, 0xf81f, 0xf81f, 0xf81f, 0xf81f, 0xf81f,
    0xf81f, 0xf81f, 0xf81f, 0xf81f, 0xf81f, 0xf81f, 0xf81f, 0xf81f, 0xf81f, 0xf81f, 0xf81f, 0x0000,
    0x2b10, 0x224c, 0x0000, 0x8e19, 0x8e19, 0xffff, 0x0000, 0x1168, 0x2b10, 0x2b10, 0x2b10, 0x2b10,
    0x2b10, 0x2b10, 0x2b10, 0x2b10, 0x2b10, 0x0000, 0x19ea, 0x19ea, 0x19ea, 0x2b10, 0x0000, 0x2b10,
    0x2b10, 0x2b10, 0x2b10, 0x2b10, 0x2b10, 0x2b10, 0x2b10, 0x1168, 0x0000, 0xffff, 0xffff, 0xffff,
    0xbe9c, 0xbe9c, 0x0000, 0x4c56, 0x2b10, 0x0000, 0xf81f, 0xf81f, 0xf81f, 0xf81f, 0xf81f, 0xf81f,
    0xf81f, 0xf81f, 0xf81f, 0xf81f, 0xf81f, 0xf81f, 0xf81f, 0xf81f, 0xf81f, 0xf81f, 0xf81f, 0xf81f,
    0xf81f, 0xf81f, 0xf81f, 0xf81f, 0xf81f, 0xf81f, 0xf81f, 0xf81f, 0xf81f, 0xf81f, 0xf81f, 0xf81f,
    0xf81f, 0xf81f, 0xf81f, 0xf81f, 0xf81f, 0xf81f, 0xf81f, 0xf81f, 0xf81f, 0xf81f, 0xf81f, 0xf81f,
    0xf81f, 0xf81f, 0xf81f, 0xf81f, 0xf81f, 0xf81f, 0xf81f, 0xf81f, 0xf81f, 0xf81f, 0xf81f, 0x0000,
    0x0000, 0x0000, 0x0000, 0x8e19, 0x8e19, 0xffff, 0x0000, 0x2b10, 0x2b10, 0x2b10, 0x2b10, 0x2b10,
    0x0000, 0x0000, 0x0000, 0x0000, 0x0000, 0x0000, 0x0000, 0x19ea, 0x2b10, 0x0000, 0x0000, 0x0000,
    0x2b10, 0x2b10, 0x2b10, 0x2b10, 0x2b10, 0x2b10, 0x2b10, 0x2b10, 0x0000, 0xffff, 0xffff, 0xffff,
    0xbe9c, 0xbe9c, 0x0000, 0x224c, 0x2b10, 0x0000, 0xf81f, 0xf81f, 0xf81f, 0xf81f, 0xf81f, 0xf81f,
    0xf81f, 0xf81f, 0xf81f, 0xf81f, 0xf81f, 0xf81f, 0xf81f, 0xf81f, 0xf81f, 0xf81f, 0xf81f, 0xf81f,
    0xf81f, 0xf81f, 0xf81f, 0xf81f, 0xf81f, 0xf81f, 0xf81f, 0xf81f, 0xf81f, 0xf81f, 0xf81f, 0xf81f,
    0xf81f, 0xf81f, 0xf81f, 0xf81f, 0xf81f, 0xf81f, 0xf81f, 0xf81f, 0xf81f, 0xf81f, 0xf81f, 0xf81f,
    0xf81f, 0xf81f, 0xf81f, 0xf81f, 0xf81f, 0xf81f, 0xf81f, 0xf81f, 0xf81f, 0xf81f, 0xf81f, 0xf81f,
    0xf81f, 0x0000, 0x0000, 0x8e19, 0x8e19, 0xffff, 0x0000, 0x2b10, 0x2b10, 0x2b10, 0x2b10, 0x0000,
    0x0000, 0xffff, 0xffff, 0xffff, 0xffff, 0xffff, 0xffff, 0x0000, 0x0000, 0xffff, 0xffff, 0x0000,
    0x0000, 0x0000, 0x0000, 0x0000, 0x2b10, 0x2b10, 0x2b10, 0x0000, 0x0000, 0xffff, 0xffff, 0xffff,
    0xbe9c, 0xbe9c, 0x0000, 0x0000, 0x0000, 0x0000, 0xf81f, 0xf81f, 0xf81f, 0xf81f, 0xf81f, 0xf81f,
    0xf81f, 0xf81f, 0xf81f, 0xf81f, 0xf81f, 0xf81f, 0xf81f, 0xf81f, 0xf81f, 0xf81f, 0xf81f, 0xf81f,
    0xf81f, 0xf81f, 0xf81f, 0xf81f, 0xf81f, 0xf81f, 0xf81f, 0xf81f, 0xf81f, 0xf81f, 0xf81f, 0xf81f,
    0xf81f, 0xf81f, 0xf81f, 0xf81f, 0xf81f, 0xf81f, 0xf81f, 0xf81f, 0xf81f, 0xf81f, 0xf81f, 0xf81f,
    0xf81f, 0xf81f, 0xf81f, 0xf81f, 0xf81f, 0xf81f, 0xf81f, 0xf81f, 0xf81f, 0xf81f, 0xf81f, 0xf81f,
    0xf81f, 0x0000, 0x0000, 0x8e19, 0xffff, 0xffff, 0x0000, 0x0000, 0x0000, 0x2b10, 0x0000, 0x0000,
    0xffff, 0xffff, 0xffff, 0xffff, 0xffff, 0xffff, 0xffff, 0x0000, 0x6db8, 0x6db8, 0xffff, 0xffff,
    0xbe9c, 0xbe9c, 0xbe9c, 0x0000, 0x0000, 0x0000, 0x2b10, 0x0000, 0xffff, 0xffff, 0xffff, 0xffff,
    0xbe9c, 0xffff, 0x0000, 0xf81f, 0xf81f, 0xf81f, 0xf81f, 0xf81f, 0xf81f, 0xf81f, 0xf81f, 0xf81f,
    0xf81f, 0xf81f, 0xf81f, 0xf81f, 0xf81f, 0xf81f, 0xf81f, 0xf81f, 0xf81f, 0xf81f, 0xf81f, 0xf81f,
    0xf81f, 0xf81f, 0xf81f, 0xf81f, 0xf81f, 0xf81f, 0xf81f, 0xf81f, 0xf81f, 0xf81f, 0xf81f, 0xf81f,
    0xf81f, 0xf81f, 0xf81f, 0xf81f, 0xf81f, 0xf81f, 0xf81f, 0xf81f, 0xf81f, 0xf81f, 0xf81f, 0xf81f,
    0xf81f, 0xf81f, 0xf81f, 0xf81f, 0xf81f, 0xf81f, 0xf81f, 0xf81f, 0xf81f, 0xf81f, 0xf81f, 0xf81f,
    0xf81f, 0xf81f, 0x0000, 0xffff, 0xffff, 0xffff, 0xffff, 0xffff, 0x0000, 0x0000, 0x0000, 0xffff,
    0xffff, 0xffff, 0xffff, 0xffff, 0xffff, 0x0000, 0x0000, 0x0000, 0x0000, 0x6db8, 0xffff, 0xffff,
    0xbe9c, 0xbe9c, 0xbe9c, 0xbe9c, 0xbe9c, 0x0000, 0x0000, 0xffff, 0xffff, 0xffff, 0xffff, 0xbe9c,
    0xffff, 0xffff, 0x0000, 0xf81f, 0xf81f, 0xf81f, 0xf81f, 0xf81f, 0xf81f, 0xf81f, 0xf81f, 0xf81f,
    0xf81f, 0xf81f, 0xf81f, 0xf81f, 0xf81f, 0xf81f, 0xf81f, 0xf81f, 0xf81f, 0xf81f, 0xf81f, 0xf81f,
    0xf81f, 0xf81f, 0xf81f, 0xf81f, 0xf81f, 0xf81f, 0xf81f, 0xf81f, 0xf81f, 0xf81f, 0xf81f, 0xf81f,
    0xf81f, 0xf81f, 0xf81f, 0xf81f, 0xf81f, 0xf81f, 0xf81f, 0xf81f, 0xf81f, 0xf81f, 0xf81f, 0xf81f,
    0xf81f, 0xf81f, 0xf81f, 0xf81f, 0xf81f, 0xf81f, 0xf81f, 0xf81f, 0xf81f, 0xf81f, 0xf81f, 0xf81f,
    0xf81f, 0xf81f, 0x0000, 0xffff, 0xffff, 0xffff, 0xffff, 0xffff, 0x0000, 0xffff, 0xffff, 0xbe9c,
    0xffff, 0xffff, 0xffff, 0xffff, 0xffff, 0x0000, 0x0000, 0x64d4, 0x0000, 0x6db8, 0xffff, 0xffff,
    0xffff, 0xffff, 0xbe9c, 0xbe9c, 0xbe9c, 0xbe9c, 0x0000, 0xffff, 0xffff, 0xffff, 0xffff, 0xbe9c,
    0xffff, 0x0000, 0x0000, 0xf81f, 0xf81f, 0xf81f, 0xf81f, 0xf81f, 0xf81f, 0xf81f, 0xf81f, 0xf81f,
    0xf81f, 0xf81f, 0xf81f, 0xf81f, 0xf81f, 0xf81f, 0xf81f, 0xf81f, 0xf81f, 0xf81f, 0xf81f, 0xf81f,
    0xf81f, 0xf81f, 0xf81f, 0xf81f, 0xf81f, 0xf81f, 0xf81f, 0xf81f, 0xf81f, 0xf81f, 0xf81f, 0xf81f,
    0xf81f, 0xf81f, 0xf81f, 0xf81f, 0xf81f, 0xf81f, 0xf81f, 0xf81f, 0xf81f, 0xf81f, 0xf81f, 0xf81f,
    0xf81f, 0xf81f, 0xf81f, 0xf81f, 0xf81f, 0xf81f, 0xf81f, 0xf81f, 0xf81f, 0xf81f, 0xf81f, 0xf81f,
    0xf81f, 0xf81f, 0x0000, 0xffff, 0xffff, 0xffff, 0xffff, 0xffff, 0x0000, 0xffff, 0xbe9c, 0xbe9c,
    0xffff, 0xffff, 0xffff, 0xffff, 0x64d4, 0x0000, 0x8e19, 0x64d4, 0x0000, 0x0000, 0x0000, 0xffff,
    0xffff, 0xffff, 0xbe9c, 0xbe9c, 0xbe9c, 0xbe9c, 0x0000, 0xffff, 0xffff, 0xbe9c, 0xffff, 0xbe9c,
    0xffff, 0x0000, 0x0000, 0xf81f, 0xf81f, 0xf81f, 0xf81f, 0xf81f, 0xf81f, 0xf81f, 0xf81f, 0xf81f,
    0xf81f, 0xf81f, 0xf81f, 0xf81f, 0xf81f, 0xf81f, 0xf81f, 0xf81f, 0xf81f, 0xf81f, 0xf81f, 0xf81f,
    0xf81f, 0xf81f, 0xf81f, 0xf81f, 0xf81f, 0xf81f, 0xf81f, 0xf81f, 0xf81f, 0xf81f, 0xf81f, 0xf81f,
    0xf81f, 0xf81f, 0xf81f, 0xf81f, 0xf81f, 0xf81f, 0xf81f, 0xf81f, 0xf81f, 0xf81f, 0xf81f, 0xf81f,
    0xf81f, 0xf81f, 0xf81f, 0xf81f, 0xf81f, 0xf81f, 0xf81f, 0xf81f, 0xf81f, 0xf81f, 0xf81f, 0xf81f,
    0x0000, 0xf81f, 0x0000, 0xffff, 0xbe9c, 0xffff, 0xffff, 0xffff, 0x0000, 0xbe9c, 0xbe9c, 0xbe9c,
    0xffff, 0xffff, 0xffff, 0x0000, 0x0000, 0x8e19, 0x8e19, 0x64d4, 0x64d4, 0x64d4, 0x0000, 0x0000,
    0xffff, 0xffff, 0xffff, 0xbe9c, 0xbe9c, 0xbe9c, 0x0000, 0xffff, 0xffff, 0xbe9c, 0xffff, 0xffff,
    0xffff, 0x0000, 0xf81f, 0xf81f, 0xf81f, 0xf81f, 0xf81f, 0xf81f, 0xf81f, 0xf81f, 0xf81f, 0xf81f,
    0xf81f, 0xf81f, 0xf81f, 0xf81f, 0xf81f, 0xf81f, 0xf81f, 0xf81f, 0xf81f, 0xf81f, 0xf81f, 0xf81f,
    0xf81f, 0xf81f, 0xf81f, 0xf81f, 0xf81f, 0xf81f, 0xf81f, 0xf81f, 0xf81f, 0xf81f, 0xf81f, 0xf81f,
    0xf81f, 0xf81f, 0xf81f, 0xf81f, 0xf81f, 0xf81f, 0xf81f, 0xf81f, 0xf81f, 0xf81f, 0xf81f, 0xf81f,
    0xf81f, 0xf81f, 0xf81f, 0xf81f, 0xf81f, 0xf81f, 0xf81f, 0xf81f, 0xf81f, 0xf81f, 0xf81f, 0x0000,
    0x230d, 0x0000, 0x0000, 0xffff, 0xbe9c, 0xbe9c, 0xffff, 0xffff, 0x0000, 0xbe9c, 0xbe9c, 0xbe9c,
    0xffff, 0xffff, 0xffff, 0x0000, 0x8e19, 0x8e19, 0x8e19, 0x8e19, 0x64d4, 0x64d4, 0x64d4, 0x0000,
    0xffff, 0xffff, 0xffff, 0xffff, 0xbe9c, 0xbe9c, 0x0000, 0xffff, 0xffff, 0xbe9c, 0xffff, 0xffff,
    0xffff, 0x0000, 0xffff, 0x0000, 0x0000, 0x0000, 0x0000, 0xf81f, 0xf81f, 0xf81f, 0xf81f, 0xf81f,
    0xf81f, 0xf81f, 0xf81f, 0xf81f, 0xf81f, 0xf81f, 0xf81f, 0xf81f, 0xf81f, 0xf81f, 0xf81f, 0xf81f,
    0xf81f, 0xf81f, 0xf81f, 0xf81f, 0xf81f, 0xf81f, 0xf81f, 0xf81f, 0xf81f, 0xf81f, 0xf81f, 0xf81f,
    0xf81f, 0xf81f, 0xf81f, 0xf81f, 0xf81f, 0xf81f, 0xf81f, 0xf81f, 0xf81f, 0xf81f, 0xf81f, 0xf81f,
    0xf81f, 0xf81f, 0xf81f, 0xf81f, 0xf81f, 0xf81f, 0xf81f, 0xf81f, 0xf81f, 0x0000, 0x0000, 0x0000,
    0x230d, 0x230d, 0x0000, 0x0000, 0xbe9c, 0xbe9c, 0xffff, 0xffff, 0x0000, 0xbe9c, 0xbe9c, 0xbe9c,
    0xbe9c, 0x0000, 0x0000, 0x8e19, 0x8e19, 0x8e19, 0x8e19, 0x8e19, 0x8e19, 0x8e19, 0x64d4, 0x64d4,
    0x0000, 0xffff, 0xffff, 0xbe9c, 0xbe9c, 0xbe9c, 0x0000, 0xffff, 0xffff, 0xbe9c, 0xbe9c, 0xffff,
    0x0000, 0x0000, 0xffff, 0xffff, 0xffff, 0x0000, 0x0000, 0x0000, 0xf81f, 0xf81f, 0xf81f, 0xf81f,
    0xf81f, 0xf81f, 0xf81f, 0xf81f, 0xf81f, 0xf81f, 0xf81f, 0xf81f, 0xf81f, 0xf81f, 0xf81f, 0xf81f,
    0xf81f, 0xf81f, 0xf81f, 0xf81f, 0xf81f, 0xf81f, 0xf81f, 0xf81f, 0xf81f, 0xf81f, 0xf81f, 0xf81f,
    0xf81f, 0xf81f, 0xf81f, 0xf81f, 0xf81f, 0xf81f, 0xf81f, 0xf81f, 0xf81f, 0xf81f, 0xf81f, 0xf81f,
    0xf81f, 0xf81f, 0xf81f, 0xf81f, 0xf81f, 0xf81f, 0xf81f, 0xf81f, 0xf81f, 0x0000, 0x0000, 0x6db8,
    0x6db8, 0x230d, 0x0000, 0x0000, 0x8e19, 0xbe9c, 0xffff, 0xffff, 0x0000, 0x0000, 0x0000, 0x0000,
    0x0000, 0x8e19, 0x8e19, 0x8e19, 0xffff, 0xffff, 0xffff, 0x8e19, 0x8e19, 0x8e19, 0x8e19, 0x8e19,
    0x0000, 0x0000, 0x0000, 0x0000, 0x0000, 0x0000, 0x0000, 0xffff, 0xffff, 0xbe9c, 0xffff, 0xffff,
    0x0000, 0x0000, 0xffff, 0xffff, 0x6db8, 0x6db8, 0x6db8, 0x8537, 0x0000, 0xf81f, 0xf81f, 0xf81f,
    0xf81f, 0xf81f, 0xf81f, 0xf81f, 0xf81f, 0xf81f, 0xf81f, 0xf81f, 0xf81f, 0xf81f, 0xf81f, 0xf81f,
    0xf81f, 0xf81f, 0xf81f, 0xf81f, 0xf81f, 0xf81f, 0xf81f, 0xf81f, 0xf81f, 0xf81f, 0xf81f, 0xf81f,
    0xf81f, 0xf81f, 0xf81f, 0xf81f, 0xf81f, 0xf81f, 0xf81f, 0xf81f, 0xf81f, 0xf81f, 0xf81f, 0xf81f,
    0xf81f, 0xf81f, 0xf81f, 0xf81f, 0xf81f, 0xf81f, 0xf81f, 0xf81f, 0x0000, 0xffff, 0xffff, 0x6db8,
    0x6db8, 0x230d, 0x0000, 0x0000, 0xbe9c, 0xbe9c, 0xffff, 0xffff, 0xffff, 0xffff, 0xffff, 0xffff,
    0xffff, 0xffff, 0xffff, 0xffff, 0xffff, 0xffff, 0xffff, 0xffff, 0x8e19, 0x8e19, 0x8e19, 0x8e19,
    0x8e19, 0x8e19, 0x8e19, 0x8e19, 0x8e19, 0xffff, 0xffff, 0xffff, 0xffff, 0xbe9c, 0xffff, 0x0000,
    0x0000, 0xffff, 0xffff, 0x6db8, 0x6db8, 0x6db8, 0x6db8, 0x6db8, 0x0000, 0xf81f, 0xf81f, 0xf81f,
    0xf81f, 0xf81f, 0xf81f, 0xf81f, 0xf81f, 0xf81f, 0xf81f, 0xf81f, 0xf81f, 0xf81f, 0xf81f, 0xf81f,
    0xf81f, 0xf81f, 0xf81f, 0xf81f, 0xf81f, 0xf81f, 0xf81f, 0xf81f, 0xf81f, 0xf81f, 0xf81f, 0xf81f,
    0xf81f, 0xf81f, 0xf81f, 0xf81f, 0xf81f, 0xf81f, 0xf81f, 0xf81f, 0xf81f, 0xf81f, 0xf81f, 0xf81f,
    0xf81f, 0xf81f, 0xf81f, 0xf81f, 0xf81f, 0xf81f, 0xf81f, 0xf81f, 0x0000, 0xffff, 0xffff, 0x6db8,
    0x6db8, 0x230d, 0x230d, 0x0000, 0xffff, 0xbe9c, 0xffff, 0xffff, 0xffff, 0xffff, 0xffff, 0xffff,
    0xffff, 0xffff, 0xffff, 0xffff, 0xffff, 0xffff, 0xffff, 0xffff, 0xffff, 0x8e19, 0x8e19, 0x8e19,
    0x8e19, 0x8e19, 0x8e19, 0x8e19, 0x8e19, 0x8e19, 0x8e19, 0xffff, 0xffff, 0xbe9c, 0xffff, 0x0000,
    0x0000, 0xffff, 0xffff, 0xbe9c, 0xbe9c, 0xbe9c, 0xbe9c, 0x6db8, 0x0000, 0x0000, 0xf81f, 0xf81f,
    0xf81f, 0xf81f, 0xf81f, 0xf81f, 0xf81f, 0xf81f, 0xf81f, 0xf81f, 0xf81f, 0xf81f, 0xf81f, 0xf81f,
    0xf81f, 0xf81f, 0xf81f, 0xf81f, 0xf81f, 0xf81f, 0xf81f, 0xf81f, 0xf81f, 0xf81f, 0xf81f, 0xf81f,
    0xf81f, 0xf81f, 0xf81f, 0xf81f, 0xf81f, 0xf81f, 0xf81f, 0xf81f, 0xf81f, 0xf81f, 0xf81f, 0xf81f,
    0xf81f, 0xf81f, 0xf81f, 0xf81f, 0xf81f, 0xf81f, 0xf81f, 0x0000, 0x0000, 0xffff, 0xffff, 0x6db8,
    0x6db8, 0x230d, 0x230d, 0x0000, 0xffff, 0xffff, 0xffff, 0xffff, 0xffff, 0xffff, 0xffff, 0xffff,
    0xffff, 0xffff, 0xffff, 0xffff, 0xffff, 0xffff, 0xffff, 0xffff, 0xffff, 0xffff, 0xffff, 0xffff,
    0x8e19, 0x8e19, 0x8e19, 0x8e19, 0x8e19, 0x8e19, 0xffff, 0xffff, 0xbe9c, 0x6db8, 0xffff, 0x0000,
    0xffff, 0xffff, 0xffff, 0xbe9c, 0xbe9c, 0xbe9c, 0xbe9c, 0xbe9c, 0xffff, 0x0000, 0xf81f, 0xf81f,
    0xf81f, 0xf81f, 0xf81f, 0xf81f, 0xf81f, 0xf81f, 0xf81f, 0xf81f, 0xf81f, 0xf81f, 0xf81f, 0xf81f,
    0xf81f, 0xf81f, 0xf81f, 0xf81f, 0xf81f, 0xf81f, 0xf81f, 0xf81f, 0xf81f, 0xf81f, 0xf81f, 0xf81f,
    0xf81f, 0xf81f, 0xf81f, 0xf81f, 0xf81f, 0xf81f, 0xf81f, 0xf81f, 0xf81f, 0xf81f, 0xf81f, 0xf81f,
    0xf81f, 0xf81f, 0xf81f, 0xf81f, 0xf81f, 0xf81f, 0xf81f, 0x0000, 0x0000, 0xffff, 0xffff, 0xffff,
    0x8537, 0x230d, 0x230d, 0x0000, 0xffff, 0xffff, 0xffff, 0xffff, 0xffff, 0xffff, 0xffff, 0xffff,
    0xffff, 0xffff, 0xffff, 0xffff, 0xffff, 0xffff, 0xffff, 0xffff, 0xffff, 0xffff, 0xffff, 0xffff,
    0xffff, 0xffff, 0xffff, 0xffff, 0xffff, 0xffff, 0xffff, 0xffff, 0x6db8, 0x6db8, 0xffff, 0x0000,
    0xffff, 0x6db8, 0xbe9c, 0xbe9c, 0xbe9c, 0xbe9c, 0xffff, 0xffff, 0xffff, 0xffff, 0x0000, 0xf81f,
    0xf81f, 0xf81f, 0xf81f, 0xf81f, 0xf81f, 0xf81f, 0xf81f, 0xf81f, 0xf81f, 0xf81f, 0xf81f, 0xf81f,
    0xf81f, 0xf81f, 0xf81f, 0xf81f, 0xf81f, 0xf81f, 0xf81f, 0xf81f, 0xf81f, 0xf81f, 0xf81f, 0xf81f,
    0xf81f, 0xf81f, 0xf81f, 0xf81f, 0xf81f, 0xf81f, 0xf81f, 0xf81f, 0xf81f, 0xf81f, 0xf81f, 0xf81f,
    0xf81f, 0xf81f, 0xf81f, 0xf81f, 0xf81f, 0xf81f, 0xf81f, 0x0000, 0x0000, 0xffff, 0xffff, 0xffff,
    0x8537, 0x6db8, 0x230d, 0x0000, 0x0000, 0x0000, 0xffff, 0xffff, 0xffff, 0xffff, 0xffff, 0xffff,
    0xffff, 0xffff, 0xffff, 0xffff, 0xffff, 0xffff, 0xffff, 0xffff, 0xffff, 0xffff, 0xffff, 0xffff,
    0xffff, 0xffff, 0xffff, 0xffff, 0xffff, 0xffff, 0xbe9c, 0xbe9c, 0x6db8, 0x0000, 0x0000, 0x0000,
    0xffff, 0x8537, 0xffff, 0xffff, 0xffff, 0xffff, 0xffff, 0xffff, 0xffff, 0xffff, 0x0000, 0xf81f,
    0xf81f, 0xf81f, 0xf81f, 0xf81f, 0xf81f, 0xf81f, 0xf81f, 0xf81f, 0xf81f, 0xf81f, 0xf81f, 0xf81f,
    0xf81f, 0xf81f, 0xf81f, 0xf81f, 0xf81f, 0xf81f, 0xf81f, 0xf81f, 0xf81f, 0xf81f, 0xf81f, 0xf81f,
    0xf81f, 0xf81f, 0xf81f, 0xf81f, 0xf81f, 0xf81f, 0xf81f, 0xf81f, 0xf81f, 0xf81f, 0xf81f, 0xf81f,
    0xf81f, 0xf81f, 0xf81f, 0xf81f, 0xf81f, 0xf81f, 0xf81f, 0x0000, 0xffff, 0xffff, 0xffff, 0xbe9c,
    0x8537, 0x6db8, 0x230d, 0x0000, 0x0000, 0x0000, 0xffff, 0xffff, 0xffff, 0xffff, 0xffff, 0xffff,
    0xffff, 0xffff, 0xffff, 0xffff, 0xffff, 0xffff, 0xffff, 0xffff, 0xffff, 0xffff, 0xffff, 0xffff,
    0xffff, 0xffff, 0xffff, 0xffff, 0xffff, 0xbe9c, 0xbe9c, 0x6db8, 0x6db8, 0x0000, 0x0000, 0xffff,
    0xffff, 0x8537, 0xffff, 0xffff, 0xffff, 0xffff, 0xffff, 0xffff, 0xffff, 0xffff, 0x0000, 0x0000,
    0xf81f, 0xf81f, 0xf81f, 0xf81f, 0xf81f, 0xf81f, 0xf81f, 0xf81f, 0xf81f, 0xf81f, 0xf81f, 0xf81f,
    0xf81f, 0xf81f, 0xf81f, 0xf81f, 0xf81f, 0xf81f, 0xf81f, 0xf81f, 0xf81f, 0xf81f, 0xf81f, 0xf81f,
    0xf81f, 0xf81f, 0xf81f, 0xf81f, 0xf81f, 0xf81f, 0xf81f, 0xf81f, 0xf81f, 0xf81f, 0xf81f, 0xf81f,
    0xf81f, 0xf81f, 0xf81f, 0xf81f, 0xf81f, 0xf81f, 0x0000, 0x0000, 0xffff, 0xffff, 0xffff, 0xbe9c,
    0x8537, 0x6db8, 0x230d, 0x0000, 0x0000, 0x1168, 0x0000, 0xffff, 0xffff, 0xffff, 0xffff, 0xffff,
    0xffff, 0xffff, 0xffff, 0xffff, 0xffff, 0xffff, 0xffff, 0xffff, 0xffff, 0xffff, 0xffff, 0xffff,
    0xffff, 0xffff, 0xffff, 0xffff, 0xffff, 0xbe9c, 0xbe9c, 0x6db8, 0x0000, 0x0000, 0xffff, 0x8537,
    0x8537, 0x8537, 0xffff, 0xffff, 0xffff, 0xffff, 0xffff, 0xffff, 0xffff, 0xffff, 0xffff, 0x0000,
    0xf81f, 0xf81f, 0xf81f, 0xf81f, 0xf81f, 0xf81f, 0xf81f, 0xf81f, 0xf81f, 0xf81f, 0xf81f, 0xf81f,
    0xf81f, 0xf81f, 0xf81f, 0xf81f, 0xf81f, 0xf81f, 0xf81f, 0xf81f, 0xf81f, 0xf81f, 0xf81f, 0xf81f,
    0xf81f, 0xf81f, 0xf81f, 0xf81f, 0xf81f, 0xf81f, 0xf81f, 0xf81f, 0xf81f, 0xf81f, 0xf81f, 0xf81f,
    0xf81f, 0xf81f, 0xf81f, 0xf81f, 0xf81f, 0xf81f, 0x0000, 0xffff, 0xffff, 0xffff, 0xffff, 0xbe9c,
    0x8537, 0x230d, 0x230d, 0x0000, 0x2b10, 0x1168, 0x0000, 0x0000, 0xffff, 0xffff, 0xffff, 0xffff,
    0xffff, 0xffff, 0xffff, 0xffff, 0xffff, 0xffff, 0xffff, 0xffff, 0xffff, 0xffff, 0xffff, 0xffff,
    0xffff, 0xffff, 0xffff, 0xffff, 0xbe9c, 0xbe9c, 0x6db8, 0x6db8, 0x0000, 0x0000, 0xbe9c, 0x8537,
    0x8537, 0xffff, 0xffff, 0xffff, 0xffff, 0xffff, 0xffff, 0xffff, 0xffff, 0xffff, 0xffff, 0x0000,
    0xf81f, 0xf81f, 0xf81f, 0xf81f, 0xf81f, 0xf81f, 0xf81f, 0xf81f, 0xf81f, 0xf81f, 0xf81f, 0xf81f,
    0xf81f, 0xf81f, 0xf81f, 0xf81f, 0xf81f, 0xf81f, 0xf81f, 0xf81f, 0xf81f, 0xf81f, 0xf81f, 0xf81f,
    0xf81f, 0xf81f, 0xf81f, 0xf81f, 0xf81f, 0xf81f, 0xf81f, 0xf81f, 0xf81f, 0xf81f, 0xf81f, 0xf81f,
    0xf81f, 0xf81f, 0xf81f, 0xf81f, 0xf81f, 0xf81f, 0x0000, 0xffff, 0xffff, 0xffff, 0xbe9c, 0xbe9c,
    0x6db8, 0x230d, 0x230d, 0x0000, 0x2b10, 0x2b10, 0x1168, 0x0000, 0xffff, 0xffff, 0xffff, 0xffff,
    0xffff, 0xffff, 0xffff, 0xffff, 0xffff, 0xffff, 0xffff, 0xffff, 0xffff, 0xffff, 0xffff, 0xffff,
    0xffff, 0xffff, 0xffff, 0xbe9c, 0xbe9c, 0x6db8, 0x6db8, 0x0000, 0x0000, 0x0000, 0x8537, 0x8537,
    0xffff, 0xffff, 0xffff, 0xffff, 0xffff, 0xffff, 0xffff, 0xffff, 0xffff, 0xffff, 0xffff, 0x0000,
    0xf81f, 0xf81f, 0xf81f, 0xf81f, 0xf81f, 0xf81f, 0xf81f, 0xf81f, 0xf81f, 0xf81f, 0xf81f, 0xf81f,
    0xf81f, 0xf81f, 0xf81f, 0xf81f, 0xf81f, 0xf81f, 0xf81f, 0xf81f, 0xf81f, 0xf81f, 0xf81f, 0xf81f,
    0xf81f, 0xf81f, 0xf81f, 0xf81f, 0xf81f, 0xf81f, 0xf81f, 0xf81f, 0xf81f, 0xf81f, 0xf81f, 0xf81f,
    0xf81f, 0xf81f, 0xf81f, 0xf81f, 0xf81f, 0x0000, 0x0000, 0xffff, 0xffff, 0xffff, 0xbe9c, 0xbe9c,
    0x6db8, 0x6db8, 0x230d, 0x0000, 0x2b10, 0x2b10, 0x2b10, 0x0000, 0x0000, 0xffff, 0xffff, 0xffff,
    0xffff, 0xffff, 0xffff, 0xffff, 0xffff, 0xffff, 0xffff, 0xffff, 0xffff, 0xffff, 0xffff, 0xffff,
    0xffff, 0xffff, 0xbe9c, 0xbe9c, 0x6db8, 0x6db8, 0x0000, 0x0000, 0x0000, 0x0000, 0x8537, 0x8537,
    0xffff, 0xffff, 0xffff, 0xffff, 0xffff, 0xffff, 0xffff, 0xffff, 0xffff, 0xffff, 0xffff, 0x0000,
    0xf81f, 0xf81f, 0xf81f, 0xf81f, 0xf81f, 0xf81f, 0xf81f, 0xf81f, 0xf81f, 0xf81f, 0xf81f, 0xf81f,
    0xf81f, 0xf81f, 0xf81f, 0xf81f, 0xf81f, 0xf81f, 0xf81f, 0xf81f, 0xf81f, 0xf81f, 0xf81f, 0xf81f,
    0xf81f, 0xf81f, 0xf81f, 0xf81f, 0xf81f, 0xf81f, 0xf81f, 0xf81f, 0xf81f, 0xf81f, 0xf81f, 0xf81f,
    0xf81f, 0xf81f, 0xf81f, 0xf81f, 0xf81f, 0x0000, 0xffff, 0xffff, 0xffff, 0xffff, 0xbe9c, 0xbe9c,
    0x6db8, 0x6db8, 0x0000, 0x0000, 0x0000, 0x2b10, 0x2b10, 0x1168, 0x0000, 0x0000, 0xffff, 0xffff,
    0xffff, 0xffff, 0xffff, 0xffff, 0xffff, 0xffff, 0xffff, 0xffff, 0xffff, 0xffff, 0xffff, 0xffff,
    0xbe9c, 0xbe9c, 0xbe9c, 0x6db8, 0x6db8, 0x0000, 0x0000, 0x0000, 0x0000, 0x0000, 0xffff, 0xffff,
    0xffff, 0xffff, 0xffff, 0xffff, 0xffff, 0xffff, 0xffff, 0xffff, 0xffff, 0xffff, 0xffff, 0xffff,
    0x0000, 0xf81f, 0xf81f, 0xf81f, 0xf81f, 0xf81f, 0xf81f, 0xf81f, 0xf81f, 0xf81f, 0xf81f, 0xf81f,
    0xf81f, 0xf81f, 0xf81f, 0xf81f, 0xf81f, 0xf81f, 0xf81f, 0xf81f, 0xf81f, 0xf81f, 0xf81f, 0xf81f,
    0xf81f, 0xf81f, 0xf81f, 0xf81f, 0xf81f, 0xf81f, 0xf81f, 0xf81f, 0xf81f, 0xf81f, 0xf81f, 0xf81f,
    0xf81f, 0xf81f, 0xf81f, 0xf81f, 0xf81f, 0x0000, 0xffff, 0xffff, 0xffff, 0xbe9c, 0xbe9c, 0x8537,
    0x6db8, 0x6db8, 0x0000, 0xffff, 0x0000, 0x2b10, 0x2b10, 0x1168, 0x1168, 0x1168, 0x0000, 0xffff,
    0xffff, 0xffff, 0xffff, 0xffff, 0xffff, 0xffff, 0xffff, 0xffff, 0xffff, 0xffff, 0xffff, 0xbe9c,
    0xbe9c, 0x6db8, 0x6db8, 0x6db8, 0x6db8, 0x0000, 0x1168, 0x1168, 0x0000, 0x0000, 0xffff, 0xffff,
    0xffff, 0xffff, 0xffff, 0xffff, 0xffff, 0xffff, 0xffff, 0xffff, 0xffff, 0xffff, 0xffff, 0xffff,
    0x0000, 0xf81f, 0xf81f, 0xf81f, 0xf81f, 0xf81f, 0xf81f, 0xf81f, 0xf81f, 0xf81f, 0xf81f, 0xf81f,
    0xf81f, 0xf81f, 0xf81f, 0xf81f, 0xf81f, 0xf81f, 0xf81f, 0xf81f, 0xf81f, 0xf81f, 0xf81f, 0xf81f,
    0xf81f, 0xf81f, 0xf81f, 0xf81f, 0xf81f, 0xf81f, 0xf81f, 0xf81f, 0xf81f, 0xf81f, 0xf81f, 0xf81f,
    0xf81f, 0xf81f, 0xf81f, 0xf81f, 0x0000, 0x0000, 0xffff, 0xffff, 0xffff, 0xbe9c, 0xbe9c, 0x6db8,
    0x6db8, 0x8537, 0x0000, 0xffff, 0x0000, 0x2b10, 0x2b10, 0x2b10, 0x1168, 0x1168, 0x0000, 0x0000,
    0xffff, 0xffff, 0xffff, 0xffff, 0xffff, 0xffff, 0xffff, 0xffff, 0xffff, 0xffff, 0xbe9c, 0x6db8,
    0x6db8, 0x6db8, 0x6db8, 0x6db8, 0x0000, 0x1168, 0x1168, 0x0000, 0x8e19, 0x0000, 0xffff, 0xffff,
    0xffff, 0xffff, 0xffff, 0xffff, 0xffff, 0xffff, 0xffff, 0xffff, 0xffff, 0xffff, 0xffff, 0xffff,
    0x0000, 0xf81f, 0xf81f, 0xf81f, 0xf81f, 0xf81f, 0xf81f, 0xf81f, 0xf81f, 0xf81f, 0xf81f, 0xf81f,
    0xf81f, 0xf81f, 0xf81f, 0xf81f, 0xf81f, 0xf81f, 0xf81f, 0xf81f, 0xf81f, 0xf81f, 0xf81f, 0xf81f,
    0xf81f, 0xf81f, 0xf81f, 0xf81f, 0xf81f, 0xf81f, 0xf81f, 0xf81f, 0xf81f, 0xf81f, 0xf81f, 0xf81f,
    0xf81f, 0xf81f, 0xf81f, 0xf81f, 0x0000, 0xffff, 0xffff, 0xffff, 0xffff, 0xbe9c, 0xbe9c, 0x6db8,
    0x6db8, 0x0000, 0x0000, 0xffff, 0x0000, 0x2b10, 0x2b10, 0x4c56, 0x0000, 0x1168, 0x1168, 0x0000,
    0x0000, 0xffff, 0xffff, 0xffff, 0xffff, 0xffff, 0xffff, 0xffff, 0xffff, 0xbe9c, 0xbe9c, 0x6db8,
    0x6db8, 0x6db8, 0x6db8, 0x0000, 0x0000, 0x1168, 0x0000, 0x8e19, 0x8e19, 0x0000, 0xffff, 0xffff,
    0xffff, 0xffff, 0xffff, 0xffff, 0xffff, 0xffff, 0xffff, 0xffff, 0xffff, 0xffff, 0xffff, 0xffff,
    0x0000, 0xf81f, 0xf81f, 0xf81f, 0xf81f, 0xf81f, 0xf81f, 0xf81f, 0xf81f, 0xf81f, 0xf81f, 0xf81f,
    0xf81f, 0xf81f, 0xf81f, 0xf81f, 0xf81f, 0xf81f, 0xf81f, 0xf81f, 0xf81f, 0xf81f, 0xf81f, 0xf81f,
    0xf81f, 0xf81f, 0xf81f, 0xf81f, 0xf81f, 0xf81f, 0xf81f, 0xf81f, 0xf81f, 0xf81f, 0xf81f, 0xf81f,
    0xf81f, 0xf81f, 0xf81f, 0xf81f, 0x0000, 0xffff, 0xffff, 0xffff, 0xbe9c, 0xbe9c, 0x8537, 0x6db8,
    0x6db8, 0x0000, 0xffff, 0xffff, 0x0000, 0x2b10, 0x2b10, 0x4c56, 0x4c56, 0x1168, 0x1168, 0x1168,
    0x1168, 0xffff, 0xffff, 0xffff, 0xffff, 0xffff, 0xffff, 0xffff, 0xbe9c, 0xbe9c, 0x6db8, 0x6db8,
    0x6db8, 0x6db8, 0x0000, 0x1168, 0x1168, 0x1168, 0x0000, 0xbe9c, 0x8e19, 0x0000, 0xffff, 0xffff,
    0xffff, 0xffff, 0xffff, 0xffff, 0xffff, 0xffff, 0xffff, 0xffff, 0xffff, 0xffff, 0xffff, 0xffff,
    0xffff, 0x0000, 0xf81f, 0xf81f, 0xf81f, 0xf81f, 0xf81f, 0xf81f, 0xf81f, 0xf81f, 0xf81f, 0xf81f,
    0xf81f, 0xf81f, 0xf81f, 0xf81f, 0xf81f, 0xf81f, 0xf81f, 0xf81f, 0xf81f, 0xf81f, 0xf81f, 0xf81f,
    0xf81f, 0xf81f, 0xf81f, 0xf81f, 0xf81f, 0xf81f, 0xf81f, 0xf81f, 0xf81f, 0xf81f, 0xf81f, 0xf81f,
    0xf81f, 0xf81f, 0xf81f, 0xf81f, 0x0000, 0xffff, 0xffff, 0xffff, 0xbe9c, 0xbe9c, 0x6db8, 0x6db8,
    0x6db8, 0x0000, 0xffff, 0xffff, 0xffff, 0x0000, 0x2b10, 0x2b10, 0x4c56, 0x4c56, 0x1168, 0x1168,
    0x1168, 0x0000, 0xffff, 0xffff, 0xffff, 0xffff, 0xffff, 0xffff, 0xbe9c, 0xbe9c, 0x6db8, 0x6db8,
    0x6db8, 0x6db8, 0x0000, 0x1168, 0x1168, 0x0000, 0x0000, 0xbe9c, 0x8e19, 0x0000, 0xffff, 0xffff,
    0xffff, 0xffff, 0xffff, 0xffff, 0xffff, 0xffff, 0xffff, 0xffff, 0xffff, 0xffff, 0x6db8, 0xffff,
    0xffff, 0x0000, 0xf81f, 0xf81f, 0xf81f, 0xf81f, 0xf81f, 0xf81f, 0xf81f, 0xf81f, 0xf81f, 0xf81f,
    0xf81f, 0xf81f, 0xf81f, 0xf81f, 0xf81f, 0xf81f, 0xf81f, 0xf81f, 0xf81f, 0xf81f, 0xf81f, 0xf81f,
    0xf81f, 0xf81f, 0xf81f, 0xf81f, 0xf81f, 0xf81f, 0xf81f, 0xf81f, 0xf81f, 0xf81f, 0xf81f, 0xf81f,
    0xf81f, 0xf81f, 0xf81f, 0x0000, 0xffff, 0xffff, 0xffff, 0xffff, 0xbe9c, 0x6db8, 0x6db8, 0x6db8,
    0x0000, 0x0000, 0xffff, 0xffff, 0xffff, 0x0000, 0x0000, 0x2b10, 0x2b10, 0x4c56, 0x4c56, 0x1168,
    0x1168, 0x0000, 0x0000, 0xffff, 0xffff, 0xffff, 0xffff, 0xffff, 0xbe9c, 0xbe9c, 0x6db8, 0x6db8,
    0x6db8, 0x0000, 0x1168, 0x1168, 0x7d9a, 0x0000, 0xffff, 0x8e19, 0x8e19, 0x0000, 0xffff, 0xffff,
    0xffff, 0xffff, 0xffff, 0xffff, 0xffff, 0xffff, 0xffff, 0xffff, 0xffff, 0xffff, 0x6db8, 0xffff,
    0xffff, 0x0000, 0xf81f, 0xf81f, 0xf81f, 0xf81f, 0xf81f, 0xf81f, 0xf81f, 0xf81f, 0xf81f, 0xf81f,
    0xf81f, 0xf81f, 0xf81f, 0xf81f, 0xf81f, 0xf81f, 0xf81f, 0xf81f, 0xf81f, 0xf81f, 0xf81f, 0xf81f,
    0xf81f, 0xf81f, 0xf81f, 0xf81f, 0xf81f, 0xf81f, 0xf81f, 0xf81f, 0xf81f, 0xf81f, 0xf81f, 0xf81f,
    0xf81f, 0xf81f, 0xf81f, 0x0000, 0xffff, 0xffff, 0xffff, 0xffff, 0xbe9c, 0x6db8, 0x6db8, 0x6db8,
    0x0000, 0xffff, 0xffff, 0xffff, 0xffff, 0xffff, 0x0000, 0x0000, 0x2b10, 0x4c56, 0x4c56, 0x4c56,
    0x1168, 0x1168, 0x0000, 0x0000, 0xffff, 0xffff, 0xffff, 0xffff, 0xbe9c, 0xbe9c, 0x6db8, 0x0000,
    0x0000, 0x0000, 0x2b10, 0x4c56, 0x0000, 0x0000, 0x8e19, 0x8e19, 0x8e19, 0x0000, 0xffff, 0xffff,
    0xffff, 0xffff, 0xffff, 0xffff, 0xffff, 0xffff, 0xffff, 0xffff, 0xffff, 0xffff, 0x6db8, 0xbe9c,
    0xffff, 0x0000, 0xf81f, 0xf81f, 0xf81f, 0xf81f, 0xf81f, 0xf81f, 0xf81f, 0xf81f, 0xf81f, 0xf81f,
    0xf81f, 0xf81f, 0xf81f, 0xf81f, 0xf81f, 0xf81f, 0xf81f, 0xf81f, 0xf81f, 0xf81f, 0xf81f, 0xf81f,
    0xf81f, 0xf81f, 0xf81f, 0xf81f, 0xf81f, 0xf81f, 0xf81f, 0xf81f, 0xf81f, 0xf81f, 0xf81f, 0xf81f,
    0xf81f, 0xf81f, 0x0000, 0x0000, 0xffff, 0xffff, 0xffff, 0xffff, 0xbe9c, 0x6db8, 0x6db8, 0x6db8,
    0x0000, 0xffff, 0xffff, 0xffff, 0xffff, 0xffff, 0xffff, 0x0000, 0x0000, 0x2b10, 0x4c56, 0x4c56,
    0x4c56, 0x1168, 0x1168, 0x0000, 0x0000, 0xffff, 0xffff, 0xffff, 0xbe9c, 0xbe9c, 0x0000, 0x0000,
    0x1168, 0x2b10, 0x4c56, 0x0000, 0x0000, 0xffff, 0x8e19, 0x8e19, 0x0000, 0x0000, 0xffff, 0xffff,
    0xffff, 0xffff, 0xffff, 0xffff, 0xffff, 0xffff, 0xffff, 0xffff, 0xffff, 0xffff, 0x6db8, 0xbe9c,
    0xffff, 0x0000, 0x0000, 0xf81f, 0xf81f, 0xf81f, 0xf81f, 0xf81f, 0xf81f, 0xf81f, 0xf81f, 0xf81f,
    0xf81f, 0xf81f, 0xf81f, 0xf81f, 0xf81f, 0xf81f, 0xf81f, 0xf81f, 0xf81f, 0xf81f, 0xf81f, 0xf81f,
    0xf81f, 0xf81f, 0xf81f, 0xf81f, 0xf81f, 0xf81f, 0xf81f, 0xf81f, 0xf81f, 0xf81f, 0xf81f, 0xf81f,
    0xf81f, 0xf81f, 0x0000, 0xffff, 0xffff, 0xffff, 0xffff, 0xffff, 0x8537, 0x6db8, 0x6db8, 0x6db8,
    0x0000, 0xffff, 0xffff, 0xffff, 0xffff, 0xffff, 0xffff, 0xffff, 0x0000, 0x0000, 0x2b10, 0x4c56,
    0x4c56, 0x4c56, 0x1168, 0x1168, 0x0000, 0x0000, 0x0000, 0x0000, 0x0000, 0x0000, 0x1168, 0x2b10,
    0x4c56, 0x4c56, 0x0000, 0x0000, 0xffff, 0x8e19, 0x8e19, 0x8e19, 0x0000, 0xffff, 0xffff, 0xffff,
    0xffff, 0xffff, 0xffff, 0xffff, 0xffff, 0xffff, 0xffff, 0xffff, 0xffff, 0xffff, 0x6db8, 0xbe9c,
    0xffff, 0xffff, 0x0000, 0xf81f, 0xf81f, 0xf81f, 0xf81f, 0xf81f, 0xf81f, 0xf81f, 0xf81f, 0xf81f,
    0xf81f, 0xf81f, 0xf81f, 0xf81f, 0xf81f, 0xf81f, 0xf81f, 0xf81f, 0xf81f, 0xf81f, 0xf81f, 0xf81f,
    0xf81f, 0xf81f, 0xf81f, 0xf81f, 0xf81f, 0xf81f, 0xf81f, 0xf81f, 0xf81f, 0xf81f, 0xf81f, 0xf81f,
    0xf81f, 0xf81f, 0x0000, 0xffff, 0xffff, 0xffff, 0xffff, 0xbe9c, 0x8537, 0x6db8, 0x6db8, 0x0000,
    0x0000, 0xffff, 0xffff, 0xffff, 0xffff, 0xffff, 0xffff, 0xffff, 0xffff, 0x0000, 0x0000, 0x2b10,
    0x2b10, 0x2b10, 0x4c56, 0x1168, 0x1168, 0x1168, 0x1168, 0x1168, 0x1168, 0x1168, 0x2b10, 0x4c56,
    0x4c56, 0x0000, 0x0000, 0xffff, 0xbe9c, 0xbe9c, 0x8e19, 0x0000, 0xffff, 0xffff, 0xffff, 0xffff,
    0xffff, 0xffff, 0xffff, 0xffff, 0xffff, 0xffff, 0xffff, 0xffff, 0xffff, 0xffff, 0x6db8, 0xbe9c,
    0xffff, 0xffff, 0x0000, 0xf81f, 0xf81f, 0xf81f, 0xf81f, 0xf81f, 0xf81f, 0xf81f, 0xf81f, 0xf81f,
    0xf81f, 0xf81f, 0xf81f, 0xf81f, 0xf81f, 0xf81f, 0xf81f, 0xf81f, 0xf81f, 0xf81f, 0xf81f, 0xf81f,
    0xf81f, 0xf81f, 0xf81f, 0xf81f, 0xf81f, 0xf81f, 0xf81f, 0xf81f, 0xf81f, 0xf81f, 0xf81f, 0xf81f,
    0xf81f, 0xf81f, 0x0000, 0xffff, 0xffff, 0xffff, 0xffff, 0xbe9c, 0x8537, 0x6db8, 0x6db8, 0x0000,
    0xffff, 0xffff, 0xffff, 0xffff, 0xffff, 0xffff, 0xffff, 0xffff, 0xffff, 0xffff, 0x0000, 0x0000,
    0x2b10, 0x4c56, 0x2b10, 0x2b10, 0x2b10, 0x2b10, 0x2b10, 0x2b10, 0x4c56, 0x4c56, 0x4c56, 0x4c56,
    0x0000, 0x0000, 0xffff, 0xffff, 0xbe9c, 0x8e19, 0x8e19, 0x0000, 0xffff, 0xffff, 0xffff, 0xffff,
    0xffff, 0xffff, 0xffff, 0xffff, 0xffff, 0xffff, 0xffff, 0xffff, 0xffff, 0xffff, 0x6db8, 0xbe9c,
    0xbe9c, 0xffff, 0x0000, 0xf81f, 0xf81f, 0xf81f, 0xf81f, 0xf81f, 0xf81f, 0xf81f, 0xf81f, 0xf81f,
    0xf81f, 0xf81f, 0xf81f, 0xf81f, 0xf81f, 0xf81f, 0xf81f, 0xf81f, 0xf81f, 0xf81f, 0xf81f, 0xf81f,
    0xf81f, 0xf81f, 0xf81f, 0xf81f, 0xf81f, 0xf81f, 0xf81f, 0xf81f, 0xf81f, 0xf81f, 0xf81f, 0xf81f,
    0xf81f, 0x0000, 0x0000, 0xffff, 0xffff, 0xffff, 0xffff, 0xbe9c, 0x8537, 0x8537, 0x6db8, 0x0000,
    0xffff, 0xffff, 0xffff, 0xffff, 0xffff, 0xbe9c, 0xffff, 0xbe9c, 0xffff, 0xffff, 0xffff, 0x0000,
    0x0000, 0x4c56, 0x4c56, 0x4c56, 0x2b10, 0x2b10, 0x2b10, 0x4c56, 0x4c56, 0x4c56, 0x0000, 0x0000,
    0x0000, 0xffff, 0xffff, 0xbe9c, 0xbe9c, 0x8e19, 0x8e19, 0x0000, 0xffff, 0xffff, 0xffff, 0xffff,
    0xffff, 0xffff, 0xffff, 0xffff, 0xffff, 0xffff, 0xffff, 0xffff, 0xffff, 0xffff, 0x6db8, 0xbe9c,
    0xbe9c, 0xffff, 0x0000, 0xf81f, 0xf81f, 0xf81f, 0xf81f, 0xf81f, 0xf81f, 0xf81f, 0xf81f, 0xf81f,
    0xf81f, 0xf81f, 0xf81f, 0xf81f, 0xf81f, 0xf81f, 0xf81f, 0xf81f, 0xf81f, 0xf81f, 0xf81f, 0xf81f,
    0xf81f, 0xf81f, 0xf81f, 0xf81f, 0xf81f, 0xf81f, 0xf81f, 0xf81f, 0xf81f, 0xf81f, 0xf81f, 0xf81f,
    0xf81f, 0x0000, 0xffff, 0xffff, 0xffff, 0xffff, 0xbe9c, 0xbe9c, 0x8537, 0x8537, 0x8537, 0x0000,
    0xffff, 0xffff, 0xffff, 0xffff, 0xffff, 0xbe9c, 0xffff, 0xbe9c, 0xbe9c, 0xffff, 0xffff, 0xffff,
    0x0000, 0x0000, 0x0000, 0x4c56, 0x4c56, 0x4c56, 0x4c56, 0x4c56, 0x0000, 0x0000, 0x0000, 0xffff,
    0xffff, 0xffff, 0xffff, 0xbe9c, 0xbe9c, 0x8e19, 0x8e19, 0x0000, 0xffff, 0xffff, 0xffff, 0xffff,
    0xffff, 0xffff, 0xffff, 0xffff, 0xffff, 0xffff, 0xffff, 0xffff, 0xffff, 0x6db8, 0x6db8, 0xbe9c,
    0xbe9c, 0xbe9c, 0x0000, 0xf81f, 0xf81f, 0xf81f, 0xf81f, 0xf81f, 0xf81f, 0xf81f, 0xf81f, 0xf81f,
    0xf81f, 0xf81f, 0xf81f, 0xf81f, 0xf81f, 0xf81f, 0xf81f, 0xf81f, 0xf81f, 0xf81f, 0xf81f, 0xf81f,
    0xf81f, 0xf81f, 0xf81f, 0xf81f, 0xf81f, 0xf81f, 0xf81f, 0xf81f, 0xf81f, 0xf81f, 0xf81f, 0xf81f,
    0xf81f, 0x0000, 0xffff, 0xffff, 0xffff, 0xffff, 0xbe9c, 0xbe9c, 0x8537, 0x8537, 0x8537, 0x0000,
    0xffff, 0xffff, 0xffff, 0xffff, 0xffff, 0xbe9c, 0xbe9c, 0xbe9c, 0xbe9c, 0xbe9c, 0xbe9c, 0xffff,
    0xffff, 0xffff, 0x0000, 0x0000, 0x0000, 0x0000, 0x0000, 0x0000, 0x0000, 0xffff, 0xffff, 0xffff,
    0xffff, 0xffff, 0xffff, 0xbe9c, 0x8e19, 0x8e19, 0x8e19, 0x0000, 0xffff, 0xffff, 0xffff, 0xffff,
    0xffff, 0xffff, 0xffff, 0xffff, 0xffff, 0xffff, 0xffff, 0xffff, 0xffff, 0x6db8, 0x6db8, 0xbe9c,
    0xbe9c, 0xbe9c, 0x0000, 0xf81f, 0xf81f, 0xf81f, 0xf81f, 0xf81f, 0xf81f, 0xf81f, 0xf81f, 0xf81f,
    0xf81f, 0xf81f, 0xf81f, 0xf81f, 0xf81f, 0xf81f, 0xf81f, 0xf81f, 0xf81f, 0xf81f, 0xf81f, 0xf81f,
    0xf81f, 0xf81f, 0xf81f, 0xf81f, 0xf81f, 0xf81f, 0xf81f, 0xf81f, 0xf81f, 0xf81f, 0xf81f, 0xf81f,
    0xf81f, 0x0000, 0xffff, 0xffff, 0xffff, 0xffff, 0xbe9c, 0xbe9c, 0x8537, 0x8537, 0x8537, 0x0000,
    0xffff, 0xffff, 0xffff, 0xffff, 0xffff, 0xbe9c, 0xbe9c, 0xbe9c, 0xbe9c, 0xbe9c, 0xbe9c, 0xffff,
    0xffff, 0xffff, 0xffff, 0xffff, 0xffff, 0xffff, 0xffff, 0xffff, 0xbe9c, 0xbe9c, 0xbe9c, 0xbe9c,
    0xbe9c, 0xbe9c, 0xffff, 0xbe9c, 0xbe9c, 0x4452, 0x8e19, 0x0000, 0xffff, 0xffff, 0xffff, 0xffff,
    0xffff, 0xffff, 0xffff, 0xffff, 0xffff, 0xffff, 0xffff, 0xffff, 0x6db8, 0x6db8, 0x6db8, 0xbe9c,
    0xbe9c, 0xbe9c, 0x0000, 0xf81f, 0xf81f, 0xf81f, 0xf81f, 0xf81f, 0xf81f, 0xf81f, 0xf81f, 0xf81f,
    0xf81f, 0xf81f, 0xf81f, 0xf81f, 0xf81f, 0xf81f, 0xf81f, 0xf81f, 0xf81f, 0xf81f, 0xf81f, 0xf81f,
    0xf81f, 0xf81f, 0xf81f, 0xf81f, 0xf81f, 0xf81f, 0xf81f, 0xf81f, 0xf81f, 0xf81f, 0xf81f, 0xf81f,
    0x0000, 0x0000, 0xffff, 0xffff, 0xffff, 0xffff, 0xbe9c, 0xbe9c, 0x8537, 0x8537, 0x8537, 0x0000,
    0xffff, 0xffff, 0xffff, 0xffff, 0xffff, 0xffff, 0xbe9c, 0xffff, 0xffff, 0xffff, 0xffff, 0xffff,
    0xffff, 0xffff, 0xffff, 0xffff, 0xffff, 0xffff, 0xffff, 0xffff, 0xffff, 0xbe9c, 0xbe9c, 0xbe9c,
    0xffff, 0xffff, 0xffff, 0xbe9c, 0x8e19, 0x4452, 0x0000, 0x0000, 0xffff, 0xffff, 0xffff, 0xffff,
    0xffff, 0xffff, 0xffff, 0xffff, 0xffff, 0xffff, 0xffff, 0xffff, 0x6db8, 0x8537, 0x6db8, 0xbe9c,
    0xbe9c, 0xbe9c, 0x0000, 0xf81f, 0xf81f, 0xf81f, 0xf81f, 0xf81f, 0xf81f, 0xf81f, 0xf81f, 0xf81f,
    0xf81f, 0xf81f, 0xf81f, 0xf81f, 0xf81f, 0xf81f, 0xf81f, 0xf81f, 0xf81f, 0xf81f, 0xf81f, 0xf81f,
    0xf81f, 0xf81f, 0xf81f, 0xf81f, 0xf81f, 0xf81f, 0xf81f, 0xf81f, 0xf81f, 0xf81f, 0xf81f, 0xf81f,
    0x0000, 0xffff, 0xffff, 0xffff, 0xffff, 0xffff, 0xbe9c, 0xbe9c, 0x8537, 0x8537, 0x8537, 0x0000,
    0xffff, 0xffff, 0xffff, 0xffff, 0xffff, 0xffff, 0xffff, 0xffff, 0xffff, 0xffff, 0xffff, 0xffff,
    0xffff, 0xffff, 0xffff, 0xffff, 0xffff, 0xffff, 0xffff, 0xffff, 0xffff, 0xffff, 0xffff, 0xffff,
    0xffff, 0xffff, 0xffff, 0xbe9c, 0x4452, 0x4452, 0x0000, 0xffff, 0xffff, 0xffff, 0xffff, 0xffff,
    0xffff, 0xffff, 0xffff, 0xffff, 0xffff, 0xffff, 0xffff, 0xffff, 0x8537, 0x8537, 0x6db8, 0xbe9c,
    0xbe9c, 0x8537, 0x0000, 0xf81f, 0xf81f, 0xf81f, 0xf81f, 0xf81f, 0xf81f, 0xf81f, 0xf81f, 0xf81f,
    0xf81f, 0xf81f, 0xf81f, 0xf81f, 0xf81f, 0xf81f, 0xf81f, 0xf81f, 0xf81f, 0xf81f, 0xf81f, 0xf81f,
    0xf81f, 0xf81f, 0xf81f, 0xf81f, 0xf81f, 0xf81f, 0xf81f, 0xf81f, 0xf81f, 0xf81f, 0xf81f, 0xf81f,
    0x0000, 0xffff, 0xffff, 0xffff, 0xffff, 0xffff, 0xbe9c, 0xbe9c, 0x8537, 0x8537, 0x8537, 0x8537,
    0x0000, 0xffff, 0xffff, 0xffff, 0xffff, 0xffff, 0xffff, 0xffff, 0xffff, 0xffff, 0xffff, 0xffff,
    0xffff, 0xffff, 0xffff, 0xffff, 0xffff, 0xffff, 0xffff, 0xffff, 0xffff, 0xffff, 0xffff, 0xbe9c,
    0xbe9c, 0xffff, 0xffff, 0xbe9c, 0x4452, 0x4452, 0x0000, 0xffff, 0xffff, 0xffff, 0xffff, 0xffff,
    0xffff, 0xffff, 0xffff, 0xffff, 0xffff, 0xffff, 0xffff, 0x8537, 0x8537, 0x8537, 0x6db8, 0xbe9c,
    0xbe9c, 0x8537, 0x0000, 0xf81f, 0xf81f, 0xf81f, 0xf81f, 0xf81f, 0xf81f, 0xf81f, 0xf81f, 0xf81f,
    0xf81f, 0xf81f, 0xf81f, 0xf81f, 0xf81f, 0xf81f, 0xf81f, 0xf81f, 0xf81f, 0xf81f, 0xf81f, 0xf81f,
    0xf81f, 0xf81f, 0xf81f, 0xf81f, 0xf81f, 0xf81f, 0xf81f, 0xf81f, 0xf81f, 0xf81f, 0xf81f, 0xf81f,
    0x0000, 0xffff, 0xffff, 0xffff, 0xffff, 0xffff, 0xbe9c, 0xbe9c, 0x8537, 0x8537, 0x8537, 0x8537,
    0x0000, 0xffff, 0xffff, 0xffff, 0xffff, 0xffff, 0xffff, 0xffff, 0xffff, 0xffff, 0xffff, 0xffff,
    0xffff, 0xffff, 0xffff, 0xffff, 0xffff, 0xffff, 0xffff, 0xffff, 0xffff, 0xffff, 0xffff, 0xbe9c,
    0xbe9c, 0xbe9c, 0xbe9c, 0xffff, 0x4452, 0x4452, 0x0000, 0xffff, 0xffff, 0xffff, 0xffff, 0xffff,
    0xffff, 0xffff, 0xffff, 0xffff, 0xffff, 0xffff, 0xffff, 0x8537, 0x6db8, 0x6db8, 0xbe9c, 0x6db8,
    0x8537, 0x8537, 0x0000, 0xf81f, 0xf81f, 0xf81f, 0xf81f, 0xf81f, 0xf81f, 0xf81f, 0xf81f, 0xf81f,
    0xf81f, 0xf81f, 0xf81f, 0xf81f, 0xf81f, 0xf81f, 0xf81f, 0xf81f, 0xf81f, 0xf81f, 0xf81f, 0xf81f,
    0xf81f, 0xf81f, 0xf81f, 0xf81f, 0xf81f, 0xf81f, 0xf81f, 0xf81f, 0xf81f, 0xf81f, 0xf81f, 0xf81f,
    0x0000, 0xffff, 0xffff, 0xffff, 0xffff, 0xffff, 0xbe9c, 0xbe9c, 0x8537, 0x8537, 0x8537, 0x8537,
    0x0000, 0xffff, 0xffff, 0xffff, 0xffff, 0xffff, 0xffff, 0xffff, 0xffff, 0xffff, 0xffff, 0xffff,
    0xffff, 0xffff, 0xffff, 0xffff, 0xffff, 0xffff, 0xffff, 0xffff, 0xffff, 0xffff, 0xffff, 0xbe9c,
    0xbe9c, 0xbe9c, 0xbe9c, 0xffff, 0x4452, 0x4452, 0x0000, 0xffff, 0xffff, 0xffff, 0xffff, 0xffff,
    0xffff, 0xffff, 0xffff, 0xffff, 0xffff, 0x8537, 0x8537, 0x8537, 0x6db8, 0x6db8, 0x6db8, 0x6db8,
    0x8537, 0x0000, 0x0000, 0xf81f, 0xf81f, 0xf81f, 0xf81f, 0xf81f, 0xf81f, 0xf81f, 0xf81f, 0xf81f,
    0xf81f, 0xf81f, 0xf81f, 0xf81f, 0xf81f, 0xf81f, 0xf81f, 0xf81f, 0xf81f, 0xf81f, 0xf81f, 0xf81f,
    0xf81f, 0xf81f, 0xf81f, 0xf81f, 0xf81f, 0xf81f, 0xf81f, 0xf81f, 0xf81f, 0xf81f, 0xf81f, 0xf81f,
    0x0000, 0xffff, 0xffff, 0xffff, 0xffff, 0xffff, 0xbe9c, 0xbe9c, 0x8537, 0x8537, 0x8537, 0x8537,
    0x0000, 0xffff, 0xffff, 0xffff, 0xffff, 0xffff, 0xffff, 0xffff, 0xffff, 0xffff, 0xffff, 0xffff,
    0xffff, 0xffff, 0x2bb0, 0x2bb0, 0xffff, 0xffff, 0xffff, 0xffff, 0xffff, 0xffff, 0xffff, 0xffff,
    0xffff, 0xffff, 0xffff, 0xbe9c, 0x4452, 0x4452, 0x0000, 0xffff, 0xffff, 0xffff, 0xffff, 0xffff,
    0xffff, 0xffff, 0xffff, 0xffff, 0xffff, 0x8537, 0x8537, 0x8537, 0x6db8, 0x6db8, 0x6db8, 0x6db8,
    0x8537, 0x0000, 0x0000, 0xf81f, 0xf81f, 0xf81f, 0xf81f, 0xf81f, 0xf81f, 0xf81f, 0xf81f, 0xf81f,
    0xf81f, 0xf81f, 0xf81f, 0xf81f, 0xf81f, 0xf81f, 0xf81f, 0xf81f, 0xf81f, 0xf81f, 0xf81f, 0xf81f,
    0xf81f, 0xf81f, 0xf81f, 0xf81f, 0xf81f, 0xf81f, 0xf81f, 0xf81f, 0xf81f, 0xf81f, 0xf81f, 0xf81f,
    0xf81f, 0x0000, 0xffff, 0xffff, 0xffff, 0xffff, 0xbe9c, 0xbe9c, 0x8537, 0x8537, 0x8537, 0x8537,
    0x0000, 0xffff, 0xffff, 0xffff, 0xffff, 0xffff, 0xffff, 0xffff, 0xffff, 0xffff, 0xffff, 0xffff,
    0xffff, 0xffff, 0x2bb0, 0x2bb0, 0xbe9c, 0xffff, 0xffff, 0xffff, 0xffff, 0xffff, 0xffff, 0xffff,
    0xffff, 0xffff, 0xffff, 0xffff, 0x4452, 0x4452, 0x0000, 0xffff, 0xffff, 0xffff, 0xffff, 0xffff,
    0xffff, 0xffff, 0xffff, 0xffff, 0x8537, 0x8537, 0x8537, 0x8537, 0x6db8, 0x6db8, 0x6db8, 0x8537,
    0x8537, 0x0000, 0xf81f, 0xf81f, 0xf81f, 0xf81f, 0xf81f, 0xf81f, 0xf81f, 0xf81f, 0xf81f, 0xf81f,
    0xf81f, 0xf81f, 0xf81f, 0xf81f, 0xf81f, 0xf81f, 0xf81f, 0xf81f, 0xf81f, 0xf81f, 0xf81f, 0xf81f,
    0xf81f, 0xf81f, 0xf81f, 0xf81f, 0xf81f, 0xf81f, 0xf81f, 0xf81f, 0xf81f, 0xf81f, 0xf81f, 0xf81f,
    0xf81f, 0x0000, 0xffff, 0x0000, 0x0000, 0x0000, 0xbe9c, 0xbe9c, 0x8537, 0x8537, 0x8537, 0x8537,
    0x0000, 0x0000, 0xffff, 0xffff, 0xffff, 0xffff, 0xffff, 0xffff, 0xffff, 0xffff, 0xffff, 0xffff,
    0xffff, 0xffff, 0x2bb0, 0x2bb0, 0xbe9c, 0xffff, 0xffff, 0xffff, 0xffff, 0xffff, 0xffff, 0xffff,
    0xffff, 0xffff, 0xffff, 0xffff, 0x4452, 0x4452, 0x0000, 0xffff, 0xffff, 0xffff, 0xffff, 0xffff,
    0xffff, 0xffff, 0xffff, 0xffff, 0x8537, 0x8537, 0x8537, 0x8537, 0x6db8, 0x6db8, 0x8537, 0x8537,
    0x0000, 0xf81f, 0xf81f, 0xf81f, 0xf81f, 0xf81f, 0xf81f, 0xf81f, 0xf81f, 0xf81f, 0xf81f, 0xf81f,
    0xf81f, 0xf81f, 0xf81f, 0xf81f, 0xf81f, 0xf81f, 0xf81f, 0xf81f, 0xf81f, 0xf81f, 0xf81f, 0xf81f,
    0xf81f, 0xf81f, 0xf81f, 0xf81f, 0xf81f, 0xf81f, 0xf81f, 0xf81f, 0xf81f, 0xf81f, 0xf81f, 0xf81f,
    0xf81f, 0x0000, 0x0000, 0x0000, 0x2b10, 0x0000, 0x0000, 0xbe9c, 0x8537, 0x8537, 0x8537, 0x8537,
    0x8537, 0x0000, 0xffff, 0xffff, 0xffff, 0xffff, 0xffff, 0xffff, 0xffff, 0xffff, 0xffff, 0xffff,
    0xffff, 0xffff, 0x2bb0, 0x2bb0, 0x2bb0, 0x2bb0, 0xffff, 0xffff, 0xffff, 0xffff, 0xffff, 0xffff,
    0xffff, 0xffff, 0xffff, 0xffff, 0x4452, 0x4452, 0x0000, 0xffff, 0xffff, 0xffff, 0xffff, 0xffff,
    0xffff, 0xffff, 0xffff, 0x8537, 0x8537, 0x8537, 0x8537, 0x8537, 0x8537, 0x8537, 0x8537, 0x0000,
    0x0000, 0xf81f, 0xf81f, 0xf81f, 0xf81f, 0xf81f, 0xf81f, 0xf81f, 0xf81f, 0xf81f, 0xf81f, 0xf81f,
    0xf81f, 0xf81f, 0xf81f, 0xf81f, 0xf81f, 0xf81f, 0xf81f, 0xf81f, 0xf81f, 0xf81f, 0xf81f, 0xf81f,
    0xf81f, 0xf81f, 0xf81f, 0xf81f, 0xf81f, 0xf81f, 0xf81f, 0xf81f, 0xf81f, 0xf81f, 0xf81f, 0xf81f,
    0xf81f, 0xf81f, 0x0000, 0x0000, 0x2b10, 0x2b10, 0x0000, 0x0000, 0xbe9c, 0x8537, 0x8537, 0x8537,
    0x8537, 0x0000, 0x0000, 0xffff, 0xffff, 0xffff, 0xffff, 0xffff, 0xffff, 0xffff, 0xffff, 0xffff,
    0xffff, 0xffff, 0xbe9c, 0xbe9c, 0x2bb0, 0x2bb0, 0x2bb0, 0xffff, 0xffff, 0xffff, 0xffff, 0xffff,
    0xffff, 0xffff, 0xffff, 0xffff, 0x4452, 0x4452, 0x0000, 0x0000, 0xffff, 0xffff, 0xffff, 0xffff,
    0x0000, 0x0000, 0x0000, 0x8537, 0x8537, 0x8537, 0x8537, 0x8537, 0x8537, 0x8537, 0x8537, 0x0000,
    0xf81f, 0xf81f, 0xf81f, 0xf81f, 0xf81f, 0xf81f, 0xf81f, 0xf81f, 0xf81f, 0xf81f, 0xf81f, 0xf81f,
    0xf81f, 0xf81f, 0xf81f, 0xf81f, 0xf81f, 0xf81f, 0xf81f, 0xf81f, 0xf81f, 0xf81f, 0xf81f, 0xf81f,
    0xf81f, 0xf81f, 0xf81f, 0xf81f, 0xf81f, 0xf81f, 0xf81f, 0xf81f, 0xf81f, 0xf81f, 0xf81f, 0xf81f,
    0xf81f, 0xf81f, 0xf81f, 0x0000, 0x2b10, 0x2b10, 0x7d9a, 0x7d9a, 0x0000, 0xbe9c, 0xbe9c, 0xbe9c,
    0xbe9c, 0xbe9c, 0x0000, 0xffff, 0xffff, 0xffff, 0xffff, 0xffff, 0xffff, 0xffff, 0xffff, 0xffff,
    0xffff, 0xffff, 0xbe9c, 0xbe9c, 0x8537, 0x2bb0, 0x2bb0, 0xffff, 0xffff, 0xffff, 0xffff, 0xffff,
    0xffff, 0xffff, 0xffff, 0xffff, 0x2bb0, 0x4452, 0x22cc, 0x0000, 0xffff, 0xffff, 0xffff, 0x0000,
    0x2b10, 0x2b10, 0x0000, 0x0000, 0x0000, 0x8537, 0x8537, 0x0000, 0x8537, 0x0000, 0x0000, 0x0000,
    0xf81f, 0xf81f, 0xf81f, 0xf81f, 0xf81f, 0xf81f, 0xf81f, 0xf81f, 0xf81f, 0xf81f, 0xf81f, 0xf81f,
    0xf81f, 0xf81f, 0xf81f, 0xf81f, 0xf81f, 0xf81f, 0xf81f, 0xf81f, 0xf81f, 0xf81f, 0xf81f, 0xf81f,
    0xf81f, 0xf81f, 0xf81f, 0xf81f, 0xf81f, 0xf81f, 0xf81f, 0xf81f, 0xf81f, 0xf81f, 0xf81f, 0xf81f,
    0xf81f, 0xf81f, 0xf81f, 0x0000, 0x2b10, 0x2b10, 0x7d9a, 0x7d9a, 0x1168, 0x0000, 0xbe9c, 0xbe9c,
    0xbe9c, 0xbe9c, 0x0000, 0xffff, 0xffff, 0xffff, 0xffff, 0xffff, 0xffff, 0xffff, 0xffff, 0xffff,
    0xffff, 0xffff, 0xbe9c, 0xbe9c, 0x2bb0, 0x2bb0, 0x0000, 0x0000, 0xffff, 0xffff, 0xffff, 0xffff,
    0xffff, 0xffff, 0xffff, 0xffff, 0x2bb0, 0x2bb0, 0x4452, 0x0000, 0xffff, 0xffff, 0xffff, 0x0000,
    0x4c56, 0x4c56, 0x2b10, 0x2b10, 0x0000, 0x0000, 0x0000, 0x0000, 0x2b10, 0x2b10, 0x2b10, 0x0000,
    0x0000, 0xf81f, 0xf81f, 0xf81f, 0xf81f, 0xf81f, 0xf81f, 0xf81f, 0xf81f, 0xf81f, 0xf81f, 0xf81f,
    0xf81f, 0xf81f, 0xf81f, 0xf81f, 0xf81f, 0xf81f, 0xf81f, 0xf81f, 0xf81f, 0xf81f, 0xf81f, 0xf81f,
    0xf81f, 0xf81f, 0xf81f, 0xf81f, 0xf81f, 0xf81f, 0xf81f, 0xf81f, 0xf81f, 0xf81f, 0xf81f, 0xf81f,
    0xf81f, 0xf81f, 0xf81f, 0x0000, 0x0000, 0x2b10, 0x7d9a, 0x0000, 0x1168, 0x1168, 0x0000, 0x0000,
    0xbe9c, 0xbe9c, 0x0000, 0xffff, 0xffff, 0xffff, 0xffff, 0xffff, 0xffff, 0xffff, 0xffff, 0xffff,
    0xffff, 0xffff, 0xbe9c, 0xbe9c, 0x8537, 0x2bb0, 0x2bb0, 0x0000, 0xffff, 0xffff, 0xffff, 0xffff,
    0xffff, 0xffff, 0xffff, 0xffff, 0x2bb0, 0x2bb0, 0x4452, 0x0000, 0x0000, 0xffff, 0xffff, 0x0000,
    0x4c56, 0x4c56, 0x2b10, 0x2b10, 0x2b10, 0x2b10, 0x0000, 0x0000, 0x2b10, 0x2b10, 0x2b10, 0x0000,
    0x0000, 0xf81f, 0xf81f, 0xf81f, 0xf81f, 0xf81f, 0xf81f, 0xf81f, 0xf81f, 0xf81f, 0xf81f, 0xf81f,
    0xf81f, 0xf81f, 0xf81f, 0xf81f, 0xf81f, 0xf81f, 0xf81f, 0xf81f, 0xf81f, 0xf81f, 0xf81f, 0xf81f,
    0xf81f, 0xf81f, 0xf81f, 0xf81f, 0xf81f, 0xf81f, 0xf81f, 0xf81f, 0xf81f, 0xf81f, 0xf81f, 0xf81f,
    0xf81f, 0xf81f, 0xf81f, 0xf81f, 0x0000, 0x2b10, 0x7d9a, 0x0000, 0x1168, 0x1168, 0x1168, 0x1168,
    0x0000, 0x0000, 0x0000, 0xffff, 0xffff, 0xffff, 0xffff, 0xffff, 0xffff, 0xffff, 0xffff, 0xffff,
    0xffff, 0xffff, 0xbe9c, 0xbe9c, 0x8537, 0x2bb0, 0x2bb0, 0x0000, 0x0000, 0xffff, 0xffff, 0xffff,
    0xffff, 0xffff, 0xffff, 0xffff, 0x2bb0, 0x2bb0, 0x4452, 0x0000, 0x0000, 0x0000, 0xffff, 0x0000,
    0x4c56, 0x4c56, 0x2b10, 0x2b10, 0x2b10, 0x2b10, 0x2b10, 0x2b10, 0x2b10, 0x2b10, 0x2b10, 0x2b10,
    0x0000, 0xf81f, 0xf81f, 0xf81f, 0xf81f, 0xf81f, 0xf81f, 0xf81f, 0xf81f, 0xf81f, 0xf81f, 0xf81f,
    0xf81f, 0xf81f, 0xf81f, 0xf81f, 0xf81f, 0xf81f, 0xf81f, 0xf81f, 0xf81f, 0xf81f, 0xf81f, 0xf81f,
    0xf81f, 0xf81f, 0xf81f, 0xf81f, 0xf81f, 0xf81f, 0xf81f, 0xf81f, 0xf81f, 0xf81f, 0xf81f, 0xf81f,
    0xf81f, 0xf81f, 0xf81f, 0xf81f, 0x0000, 0x2b10, 0x7d9a, 0x0000, 0x1168, 0x1168, 0x1168, 0x1168,
    0x1168, 0x1168, 0x0000, 0xffff, 0xffff, 0xffff, 0xffff, 0xffff, 0xffff, 0xffff, 0xffff, 0xffff,
    0xffff, 0xffff, 0xbe9c, 0xbe9c, 0x8537, 0x8537, 0x2bb0, 0x0000, 0x0000, 0x0000, 0xffff, 0xffff,
    0xffff, 0xffff, 0xffff, 0xffff, 0x2bb0, 0x2bb0, 0x4452, 0x0000, 0x1168, 0x0000, 0x0000, 0x0000,
    0x4c56, 0x4c56, 0x2b10, 0x2b10, 0x2b10, 0x2b10, 0x2b10, 0x2b10, 0x2b10, 0x2b10, 0x4c56, 0x2b10,
    0x0000, 0xf81f, 0xf81f, 0xf81f, 0xf81f, 0xf81f, 0xf81f, 0xf81f, 0xf81f, 0xf81f, 0xf81f, 0xf81f,
    0xf81f, 0xf81f, 0xf81f, 0xf81f, 0xf81f, 0xf81f, 0xf81f, 0xf81f, 0xf81f, 0xf81f, 0xf81f, 0xf81f,
    0xf81f, 0xf81f, 0xf81f, 0xf81f, 0xf81f, 0xf81f, 0xf81f, 0xf81f, 0xf81f, 0xf81f, 0xf81f, 0xf81f,
    0xf81f, 0xf81f, 0xf81f, 0xf81f, 0x0000, 0x7d9a, 0x7d9a, 0x0000, 0x1168, 0x1168, 0x0000, 0x1168,
    0x1168, 0x1168, 0x0000, 0xffff, 0xffff, 0xffff, 0xffff, 0xffff, 0xffff, 0xffff, 0xffff, 0xffff,
    0xffff, 0xffff, 0xbe9c, 0xbe9c, 0x8537, 0x8537, 0x2bb0, 0x0000, 0xf81f, 0x0000, 0xffff, 0xffff,
    0xffff, 0xffff, 0xffff, 0xffff, 0xffff, 0x2bb0, 0x2bb0, 0x0000, 0x1168, 0x1168, 0x0000, 0x0000,
    0x4c56, 0x4c56, 0x4c56, 0x4c56, 0x2b10, 0x4c56, 0x4c56, 0x4c56, 0x4c56, 0x4c56, 0x4c56, 0x4c56,
    0x0000, 0xf81f, 0xf81f, 0xf81f, 0xf81f, 0xf81f, 0xf81f, 0xf81f, 0xf81f, 0xf81f, 0xf81f, 0xf81f,
    0xf81f, 0xf81f, 0xf81f, 0xf81f, 0xf81f, 0xf81f, 0xf81f, 0xf81f, 0xf81f, 0xf81f, 0xf81f, 0xf81f,
    0xf81f, 0xf81f, 0xf81f, 0xf81f, 0xf81f, 0xf81f, 0xf81f, 0xf81f, 0xf81f, 0xf81f, 0xf81f, 0xf81f,
    0xf81f, 0xf81f, 0xf81f, 0xf81f, 0x0000, 0x2b10, 0x2b10, 0x0000, 0x1168, 0x1168, 0x0000, 0x1168,
    0x1168, 0x1168, 0x0000, 0xffff, 0xffff, 0xffff, 0xffff, 0xffff, 0xffff, 0xffff, 0xffff, 0xffff,
    0xffff, 0xffff, 0xbe9c, 0xbe9c, 0x8537, 0x8537, 0x2bb0, 0x0000, 0xf81f, 0x0000, 0xffff, 0xffff,
    0xffff, 0xffff, 0xffff, 0xffff, 0xffff, 0x2bb0, 0x2bb0, 0x0000, 0x1168, 0x1168, 0x1168, 0x0000,
    0x4c56, 0x4c56, 0x4c56, 0x4c56, 0x4c56, 0x4c56, 0x0000, 0x4c56, 0x4c56, 0x0000, 0x4c56, 0x0000,
    0xf81f, 0xf81f, 0xf81f, 0xf81f, 0xf81f, 0xf81f, 0xf81f, 0xf81f, 0xf81f, 0xf81f, 0xf81f, 0xf81f,
    0xf81f, 0xf81f, 0xf81f, 0xf81f, 0xf81f, 0xf81f, 0xf81f, 0xf81f, 0xf81f, 0xf81f, 0xf81f, 0xf81f,
    0xf81f, 0xf81f, 0xf81f, 0xf81f, 0xf81f, 0xf81f, 0xf81f, 0xf81f, 0xf81f, 0xf81f, 0xf81f, 0xf81f,
    0xf81f, 0xf81f, 0xf81f, 0xf81f, 0xf81f, 0x0000, 0x0000, 0x0000, 0x1168, 0x1168, 0x0000, 0x1168,
    0x1168, 0x1168, 0x0000, 0xffff, 0xbe9c, 0xffff, 0xffff, 0xffff, 0xffff, 0xffff, 0xffff, 0xffff,
    0xffff, 0xffff, 0xbe9c, 0xbe9c, 0x8537, 0x8537, 0x2bb0, 0x0000, 0xf81f, 0x0000, 0xffff, 0xffff,
    0xffff, 0xffff, 0xffff, 0xffff, 0xffff, 0x8e19, 0x2bb0, 0x0000, 0x0000, 0x1168, 0x1168, 0x0000,
    0x4c56, 0x4c56, 0x4c56, 0x0000, 0x4c56, 0x4c56, 0x0000, 0x4c56, 0x4c56, 0x0000, 0x4c56, 0x0000,
    0xf81f, 0xf81f, 0xf81f, 0xf81f, 0xf81f, 0xf81f, 0xf81f, 0xf81f, 0xf81f, 0xf81f, 0xf81f, 0xf81f,
    0xf81f, 0xf81f, 0xf81f, 0xf81f, 0xf81f, 0xf81f, 0xf81f, 0xf81f, 0xf81f, 0xf81f, 0xf81f, 0xf81f,
    0xf81f, 0xf81f, 0xf81f, 0xf81f, 0xf81f, 0xf81f, 0xf81f, 0xf81f, 0xf81f, 0xf81f, 0xf81f, 0xf81f,
    0xf81f, 0xf81f, 0xf81f, 0xf81f, 0xf81f, 0xf81f, 0xf81f, 0x0000, 0x0000, 0x1168, 0x0000, 0x1168,
    0x1168, 0x1168, 0x0000, 0xffff, 0xbe9c, 0xbe9c, 0xbe9c, 0xbe9c, 0xbe9c, 0xffff, 0xffff, 0xffff,
    0xffff, 0xffff, 0xbe9c, 0xbe9c, 0x8537, 0x8537, 0x2bb0, 0x0000, 0xf81f, 0x0000, 0xffff, 0xffff,
    0xffff, 0xffff, 0xffff, 0xffff, 0xffff, 0xffff, 0x2bb0, 0x2bb0, 0x2bb0, 0x0000, 0x0000, 0x0000,
    0x4c56, 0x4c56, 0x4c56, 0x0000, 0x4c56, 0x4c56, 0x0000, 0x4c56, 0x4c56, 0x0000, 0x4c56, 0x0000,
    0xf81f, 0xf81f, 0xf81f, 0xf81f, 0xf81f, 0xf81f, 0xf81f, 0xf81f, 0xf81f, 0xf81f, 0xf81f, 0xf81f,
    0xf81f, 0xf81f, 0xf81f, 0xf81f, 0xf81f, 0xf81f, 0xf81f, 0xf81f, 0xf81f, 0xf81f, 0xf81f, 0xf81f,
    0xf81f, 0xf81f, 0xf81f, 0xf81f, 0xf81f, 0xf81f, 0xf81f, 0xf81f, 0xf81f, 0xf81f, 0xf81f, 0xf81f,
    0xf81f, 0xf81f, 0xf81f, 0xf81f, 0xf81f, 0xf81f, 0xf81f, 0xf81f, 0x0000, 0x1168, 0x0000, 0x1168,
    0x1168, 0x0000, 0x0000, 0xffff, 0xbe9c, 0xbe9c, 0xbe9c, 0xbe9c, 0xbe9c, 0xffff, 0xffff, 0xffff,
    0xffff, 0xffff, 0xbe9c, 0xbe9c, 0x8537, 0x8537, 0x8537, 0x0000, 0xf81f, 0x0000, 0xffff, 0xffff,
    0xffff, 0xffff, 0xffff, 0xffff, 0xffff, 0xffff, 0x8e19, 0x2bb0, 0x2bb0, 0x2bb0, 0x2bb0, 0x0000,
    0x4c56, 0x4c56, 0x4c56, 0x0000, 0x4c56, 0x4c56, 0x0000, 0x4c56, 0x4c56, 0x0000, 0x0000, 0x0000,
    0xf81f, 0xf81f, 0xf81f, 0xf81f, 0xf81f, 0xf81f, 0xf81f, 0xf81f, 0xf81f, 0xf81f, 0xf81f, 0xf81f,
    0xf81f, 0xf81f, 0xf81f, 0xf81f, 0xf81f, 0xf81f, 0xf81f, 0xf81f, 0xf81f, 0xf81f, 0xf81f, 0xf81f,
    0xf81f, 0xf81f, 0xf81f, 0xf81f, 0xf81f, 0xf81f, 0xf81f, 0xf81f, 0xf81f, 0xf81f, 0xf81f, 0xf81f,
    0xf81f, 0xf81f, 0xf81f, 0xf81f, 0xf81f, 0xf81f, 0xf81f, 0xf81f, 0x0000, 0x0000, 0x0000, 0x0000,
    0x0000, 0x0000, 0x0000, 0xffff, 0xffff, 0xbe9c, 0xbe9c, 0xbe9c, 0xbe9c, 0xffff, 0xffff, 0xffff,
    0xffff, 0xffff, 0xbe9c, 0xbe9c, 0x8537, 0x8537, 0x8537, 0x0000, 0xf81f, 0x0000, 0xffff, 0xffff,
    0xffff, 0xbe9c, 0xffff, 0xffff, 0xffff, 0xffff, 0xffff, 0x8e19, 0x2bb0, 0x2bb0, 0x2bb0, 0x0000,
    0x0000, 0x0000, 0x0000, 0x0000, 0x0000, 0x0000, 0x0000, 0x0000, 0x0000, 0x0000, 0xf81f, 0xf81f,
    0xf81f, 0xf81f, 0xf81f, 0xf81f, 0xf81f, 0xf81f, 0xf81f, 0xf81f, 0xf81f, 0xf81f, 0xf81f, 0xf81f,
    0xf81f, 0xf81f, 0xf81f, 0xf81f, 0xf81f, 0xf81f, 0xf81f, 0xf81f, 0xf81f, 0xf81f, 0xf81f, 0xf81f,
    0xf81f, 0xf81f, 0xf81f, 0xf81f, 0xf81f, 0xf81f, 0xf81f, 0xf81f, 0xf81f, 0xf81f, 0xf81f, 0xf81f,
    0xf81f, 0xf81f, 0xf81f, 0xf81f, 0xf81f, 0xf81f, 0xf81f, 0xf81f, 0xf81f, 0xf81f, 0xf81f, 0xf81f,
    0xf81f, 0xf81f, 0x0000, 0xffff, 0xffff, 0xbe9c, 0xffff, 0xffff, 0xffff, 0xffff, 0xffff, 0xffff,
    0xffff, 0xffff, 0xbe9c, 0xbe9c, 0x8537, 0x8537, 0x8537, 0x0000, 0xf81f, 0x0000, 0xffff, 0xffff,
    0xffff, 0xbe9c, 0xbe9c, 0xbe9c, 0xbe9c, 0xbe9c, 0xffff, 0x8e19, 0x8e19, 0x8e19, 0x2bb0, 0x2bb0,
    0x2bb0, 0x2bb0, 0x2bb0, 0x2bb0, 0x2bb0, 0x0000, 0xf81f, 0xf81f, 0xf81f, 0xf81f, 0xf81f, 0xf81f,
    0xf81f, 0xf81f, 0xf81f, 0xf81f, 0xf81f, 0xf81f, 0xf81f, 0xf81f, 0xf81f, 0xf81f, 0xf81f, 0xf81f,
    0xf81f, 0xf81f, 0xf81f, 0xf81f, 0xf81f, 0xf81f, 0xf81f, 0xf81f, 0xf81f, 0xf81f, 0xf81f, 0xf81f,
    0xf81f, 0xf81f, 0xf81f, 0xf81f, 0xf81f, 0xf81f, 0xf81f, 0xf81f, 0xf81f, 0xf81f, 0xf81f, 0xf81f,
    0xf81f, 0xf81f, 0xf81f, 0xf81f, 0xf81f, 0xf81f, 0xf81f, 0xf81f, 0xf81f, 0xf81f, 0xf81f, 0xf81f,
    0xf81f, 0xf81f, 0x0000, 0xffff, 0xffff, 0xffff, 0xffff, 0xffff, 0xffff, 0xffff, 0xffff, 0xffff,
    0xffff, 0xffff, 0xbe9c, 0xbe9c, 0x8537, 0x8537, 0x8537, 0x0000, 0xf81f, 0x0000, 0xffff, 0xffff,
    0xffff, 0xbe9c, 0xbe9c, 0xbe9c, 0xbe9c, 0xbe9c, 0xffff, 0xffff, 0x8e19, 0x8e19, 0x8e19, 0x22cc,
    0x2bb0, 0x2bb0, 0x2bb0, 0x22cc, 0x22cc, 0x0000, 0xf81f, 0xf81f, 0xf81f, 0xf81f, 0xf81f, 0xf81f,
    0xf81f, 0xf81f, 0xf81f, 0xf81f, 0xf81f, 0xf81f, 0xf81f, 0xf81f, 0xf81f, 0xf81f, 0xf81f, 0xf81f,
    0xf81f, 0xf81f, 0xf81f, 0xf81f, 0xf81f, 0xf81f, 0xf81f, 0xf81f, 0xf81f, 0xf81f, 0xf81f, 0xf81f,
    0xf81f, 0xf81f, 0xf81f, 0xf81f, 0xf81f, 0xf81f, 0xf81f, 0xf81f, 0xf81f, 0xf81f, 0xf81f, 0xf81f,
    0xf81f, 0xf81f, 0xf81f, 0xf81f, 0xf81f, 0xf81f, 0xf81f, 0xf81f, 0xf81f, 0xf81f, 0xf81f, 0xf81f,
    0xf81f, 0xf81f, 0x0000, 0xffff, 0xffff, 0xffff, 0xffff, 0xffff, 0xffff, 0xffff, 0xffff, 0xffff,
    0xffff, 0xffff, 0xbe9c, 0xbe9c, 0x8537, 0x8537, 0x8537, 0x0000, 0xf81f, 0x0000, 0xffff, 0xffff,
    0xffff, 0xffff, 0xffff, 0xffff, 0xffff, 0xffff, 0xffff, 0xffff, 0xffff, 0xffff, 0x8e19, 0x8e19,
    0x8e19, 0x8e19, 0x8e19, 0xffff, 0xffff, 0x0000, 0xf81f, 0xf81f, 0xf81f, 0xf81f, 0xf81f, 0xf81f,
    0xf81f, 0xf81f, 0xf81f, 0xf81f, 0xf81f, 0xf81f, 0xf81f, 0xf81f, 0xf81f, 0xf81f, 0xf81f, 0xf81f,
    0xf81f, 0xf81f, 0xf81f, 0xf81f, 0xf81f, 0xf81f, 0xf81f, 0xf81f, 0xf81f, 0xf81f, 0xf81f, 0xf81f,
    0xf81f, 0xf81f, 0xf81f, 0xf81f, 0xf81f, 0xf81f, 0xf81f, 0xf81f, 0xf81f, 0xf81f, 0xf81f, 0xf81f,
    0xf81f, 0xf81f, 0xf81f, 0xf81f, 0xf81f, 0xf81f, 0xf81f, 0xf81f, 0xf81f, 0xf81f, 0xf81f, 0xf81f,
    0xf81f, 0xf81f, 0x0000, 0xffff, 0xffff, 0xffff, 0xffff, 0xffff, 0xffff, 0xffff, 0xffff, 0xffff,
    0xffff, 0xffff, 0xbe9c, 0xbe9c, 0x8537, 0x8537, 0x8537, 0x0000, 0xf81f, 0x0000, 0xffff, 0xffff,
    0xffff, 0xffff, 0xffff, 0xffff, 0xffff, 0xffff, 0xffff, 0xffff, 0xffff, 0xffff, 0xffff, 0xffff,
    0xffff, 0xffff, 0xffff, 0xffff, 0xffff, 0x0000, 0xf81f, 0xf81f, 0xf81f, 0xf81f, 0xf81f, 0xf81f,
    0xf81f, 0xf81f, 0xf81f, 0xf81f, 0xf81f, 0xf81f, 0xf81f, 0xf81f, 0xf81f, 0xf81f, 0xf81f, 0xf81f,
    0xf81f, 0xf81f, 0xf81f, 0xf81f, 0xf81f, 0xf81f, 0xf81f, 0xf81f, 0xf81f, 0xf81f, 0xf81f, 0xf81f,
    0xf81f, 0xf81f, 0xf81f, 0xf81f, 0xf81f, 0xf81f, 0xf81f, 0xf81f, 0xf81f, 0xf81f, 0xf81f, 0xf81f,
    0xf81f, 0xf81f, 0xf81f, 0xf81f, 0xf81f, 0xf81f, 0xf81f, 0xf81f, 0xf81f, 0xf81f, 0xf81f, 0xf81f,
    0xf81f, 0xf81f, 0x0000, 0xffff, 0xffff, 0xbe9c, 0xffff, 0xffff, 0xffff, 0xffff, 0xffff, 0xffff,
    0xffff, 0xffff, 0xbe9c, 0xbe9c, 0x8537, 0x8537, 0x8537, 0x0000, 0xf81f, 0x0000, 0xffff, 0xffff,
    0xffff, 0xffff, 0xffff, 0xffff, 0xffff, 0xffff, 0xffff, 0xffff, 0xffff, 0xffff, 0xffff, 0xffff,
    0xffff, 0xffff, 0xffff, 0xffff, 0xffff, 0x0000, 0xf81f, 0xf81f, 0xf81f, 0xf81f, 0xf81f, 0xf81f,
    0xf81f, 0xf81f, 0xf81f, 0xf81f, 0xf81f, 0xf81f, 0xf81f, 0xf81f, 0xf81f, 0xf81f, 0xf81f, 0xf81f,
    0xf81f, 0xf81f, 0xf81f, 0xf81f, 0xf81f, 0xf81f, 0xf81f, 0xf81f, 0xf81f, 0xf81f, 0xf81f, 0xf81f,
    0xf81f, 0xf81f, 0xf81f, 0xf81f, 0xf81f, 0xf81f, 0xf81f, 0xf81f, 0xf81f, 0xf81f, 0xf81f, 0xf81f,
    0xf81f, 0xf81f, 0xf81f, 0xf81f, 0xf81f, 0xf81f, 0xf81f, 0xf81f, 0xf81f, 0xf81f, 0xf81f, 0xf81f,
    0xf81f, 0xf81f, 0x0000, 0xffff, 0xffff, 0xbe9c, 0xbe9c, 0xbe9c, 0xffff, 0xbe9c, 0xffff, 0xffff,
    0xffff, 0xffff, 0xbe9c, 0xbe9c, 0x8537, 0x8537, 0x8537, 0x0000, 0xf81f, 0x0000, 0xffff, 0xffff,
    0xffff, 0xffff, 0xffff, 0xffff, 0xffff, 0xffff, 0xffff, 0xffff, 0xffff, 0xffff, 0xbe9c, 0xbe9c,
    0xbe9c, 0xffff, 0xbe9c, 0xbe9c, 0xffff, 0x0000, 0xf81f, 0xf81f, 0xf81f, 0xf81f, 0xf81f, 0xf81f,
    0xf81f, 0xf81f, 0xf81f, 0xf81f, 0xf81f, 0xf81f, 0xf81f, 0xf81f, 0xf81f, 0xf81f, 0xf81f, 0xf81f,
    0xf81f, 0xf81f, 0xf81f, 0xf81f, 0xf81f, 0xf81f, 0xf81f, 0xf81f, 0xf81f, 0xf81f, 0xf81f, 0xf81f,
    0xf81f, 0xf81f, 0xf81f, 0xf81f, 0xf81f, 0xf81f, 0xf81f, 0xf81f, 0xf81f, 0xf81f, 0xf81f, 0xf81f,
    0xf81f, 0xf81f, 0xf81f, 0xf81f, 0xf81f, 0xf81f, 0xf81f, 0xf81f, 0xf81f, 0xf81f, 0xf81f, 0xf81f,
    0xf81f, 0xf81f, 0x0000, 0xffff, 0xffff, 0xbe9c, 0xbe9c, 0xbe9c, 0xbe9c, 0xffff, 0xffff, 0xffff,
    0xffff, 0xbe9c, 0xbe9c, 0x8537, 0x8537, 0x8537, 0x8537, 0x0000, 0xf81f, 0x0000, 0xffff, 0xffff,
    0xffff, 0xffff, 0xffff, 0xffff, 0xffff, 0xffff, 0xffff, 0xffff, 0xffff, 0xffff, 0xffff, 0xbe9c,
    0xbe9c, 0xbe9c, 0xbe9c, 0xbe9c, 0xffff, 0x0000, 0xf81f, 0xf81f, 0xf81f, 0xf81f, 0xf81f, 0xf81f,
    0xf81f, 0xf81f, 0xf81f, 0xf81f, 0xf81f, 0xf81f, 0xf81f, 0xf81f, 0xf81f, 0xf81f, 0xf81f, 0xf81f,
    0xf81f, 0xf81f, 0xf81f, 0xf81f, 0xf81f, 0xf81f, 0xf81f, 0xf81f, 0xf81f, 0xf81f, 0xf81f, 0xf81f,
    0xf81f, 0xf81f, 0xf81f, 0xf81f, 0xf81f, 0xf81f, 0xf81f, 0xf81f, 0xf81f, 0xf81f, 0xf81f, 0xf81f,
    0xf81f, 0xf81f, 0xf81f, 0xf81f, 0xf81f, 0xf81f, 0xf81f, 0xf81f, 0xf81f, 0xf81f, 0xf81f, 0xf81f,
    0xf81f, 0xf81f, 0x0000, 0xffff, 0xffff, 0xffff, 0xffff, 0xffff, 0xffff, 0xffff, 0xffff, 0xffff,
    0xffff, 0xbe9c, 0xbe9c, 0x8537, 0x8537, 0x8537, 0x8537, 0x0000, 0xf81f, 0x0000, 0xffff, 0xffff,
    0x0000, 0x0000, 0xffff, 0xffff, 0xffff, 0xffff, 0xffff, 0xffff, 0xffff, 0xffff, 0xffff, 0xffff,
    0xffff, 0xffff, 0xffff, 0xffff, 0xffff, 0x0000, 0xf81f, 0xf81f, 0xf81f, 0xf81f, 0xf81f, 0xf81f,
    0xf81f, 0xf81f, 0xf81f, 0xf81f, 0xf81f, 0xf81f, 0xf81f, 0xf81f, 0xf81f, 0xf81f, 0xf81f, 0xf81f,
    0xf81f, 0xf81f, 0xf81f, 0xf81f, 0xf81f, 0xf81f, 0xf81f, 0xf81f, 0xf81f, 0xf81f, 0xf81f, 0xf81f,
    0xf81f, 0xf81f, 0xf81f, 0xf81f, 0xf81f, 0xf81f, 0xf81f, 0xf81f, 0xf81f, 0xf81f, 0xf81f, 0xf81f,
    0xf81f, 0xf81f, 0xf81f, 0xf81f, 0xf81f, 0xf81f, 0xf81f, 0xf81f, 0xf81f, 0xf81f, 0xf81f, 0xf81f,
    0xf81f, 0x0000, 0x0000, 0xffff, 0xffff, 0xffff, 0xffff, 0xffff, 0xffff, 0xffff, 0x0000, 0xffff,
    0xbe9c, 0xbe9c, 0x8537, 0x8537, 0x8537, 0x8537, 0x8537, 0x0000, 0xf81f, 0x0000, 0xffff, 0xffff,
    0x0000, 0x0000, 0xffff, 0xffff, 0xffff, 0xffff, 0xffff, 0xffff, 0xffff, 0x0000, 0xffff, 0xffff,
    0xffff, 0xffff, 0xffff, 0xffff, 0xffff, 0x0000, 0xf81f, 0xf81f, 0xf81f, 0xf81f, 0xf81f, 0xf81f,
    0xf81f, 0xf81f, 0xf81f, 0xf81f, 0xf81f, 0xf81f, 0xf81f, 0xf81f, 0xf81f, 0xf81f, 0xf81f, 0xf81f,
    0xf81f, 0xf81f, 0xf81f, 0xf81f, 0xf81f, 0xf81f, 0xf81f, 0xf81f, 0xf81f, 0xf81f, 0xf81f, 0xf81f,
    0xf81f, 0xf81f, 0xf81f, 0xf81f, 0xf81f, 0xf81f, 0xf81f, 0xf81f, 0xf81f, 0xf81f, 0xf81f, 0xf81f,
    0xf81f, 0xf81f, 0xf81f, 0xf81f, 0xf81f, 0xf81f, 0xf81f, 0xf81f, 0xf81f, 0xf81f, 0xf81f, 0xf81f,
    0xf81f, 0x0000, 0xffff, 0xffff, 0xffff, 0xffff, 0xffff, 0xffff, 0x0000, 0x0000, 0x0000, 0x0000,
    0xbe9c, 0xbe9c, 0x8537, 0x8537, 0x8537, 0x8537, 0x8537, 0x0000, 0xf81f, 0x0000, 0xffff, 0x0000,
    0x0000, 0x0000, 0xffff, 0xffff, 0xffff, 0xffff, 0xffff, 0xffff, 0xffff, 0x0000, 0x0000, 0xffff,
    0xffff, 0xffff, 0xffff, 0xffff, 0xffff, 0x0000, 0xf81f, 0xf81f, 0xf81f, 0xf81f, 0xf81f, 0xf81f,
    0xf81f, 0xf81f, 0xf81f, 0xf81f, 0xf81f, 0xf81f, 0xf81f, 0xf81f, 0xf81f, 0xf81f, 0xf81f, 0xf81f,
    0xf81f, 0xf81f, 0xf81f, 0xf81f, 0xf81f, 0xf81f, 0xf81f, 0xf81f, 0xf81f, 0xf81f, 0xf81f, 0xf81f,
    0xf81f, 0xf81f, 0xf81f, 0xf81f, 0xf81f, 0xf81f, 0xf81f, 0xf81f, 0xf81f, 0xf81f, 0xf81f, 0xf81f,
    0xf81f, 0xf81f, 0xf81f, 0xf81f, 0xf81f, 0xf81f, 0xf81f, 0xf81f, 0xf81f, 0xf81f, 0xf81f, 0xf81f,
    0xf81f, 0x0000, 0xffff, 0xffff, 0xffff, 0xffff, 0xffff, 0x0000, 0x0000, 0x1168, 0x1168, 0x0000,
    0xbe9c, 0xbe9c, 0xbe9c, 0x0000, 0x0000, 0x8537, 0x8537, 0x0000, 0xf81f, 0x0000, 0x0000, 0x0000,
    0x2b10, 0x0000, 0xffff, 0xffff, 0xffff, 0x0000, 0x0000, 0x0000, 0xffff, 0x0000, 0x2b10, 0x0000,
    0xffff, 0xffff, 0xffff, 0xffff, 0xffff, 0x0000, 0xf81f, 0xf81f, 0xf81f, 0xf81f, 0xf81f, 0xf81f,
    0xf81f, 0xf81f, 0xf81f, 0xf81f, 0xf81f, 0xf81f, 0xf81f, 0xf81f, 0xf81f, 0xf81f, 0xf81f, 0xf81f,
    0xf81f, 0xf81f, 0xf81f, 0xf81f, 0xf81f, 0xf81f, 0xf81f, 0xf81f, 0xf81f, 0xf81f, 0xf81f, 0xf81f,
    0xf81f, 0xf81f, 0xf81f, 0xf81f, 0xf81f, 0xf81f, 0xf81f, 0xf81f, 0xf81f, 0xf81f, 0xf81f, 0xf81f,
    0xf81f, 0xf81f, 0xf81f, 0xf81f, 0xf81f, 0xf81f, 0xf81f, 0xf81f, 0xf81f, 0xf81f, 0xf81f, 0xf81f,
    0x0000, 0x0000, 0x0000, 0x0000, 0x0000, 0x0000, 0x1168, 0x1168, 0x1168, 0x2b10, 0x1168, 0x0000,
    0x0000, 0xbe9c, 0x0000, 0x1a2c, 0x1a2c, 0x0000, 0x8537, 0x0000, 0xf81f, 0x0000, 0x0000, 0x2b10,
    0x2b10, 0x0000, 0xffff, 0xffff, 0x0000, 0x0000, 0x2b10, 0x0000, 0x0000, 0x0000, 0x2b10, 0x0000,
    0x0000, 0x0000, 0x0000, 0x0000, 0x0000, 0x0000, 0xf81f, 0xf81f, 0xf81f, 0xf81f, 0xf81f, 0xf81f,
    0xf81f, 0xf81f, 0xf81f, 0xf81f, 0xf81f, 0xf81f, 0xf81f, 0xf81f, 0xf81f, 0xf81f, 0xf81f, 0xf81f,
    0xf81f, 0xf81f, 0xf81f, 0xf81f, 0xf81f, 0xf81f, 0xf81f, 0xf81f, 0xf81f, 0xf81f, 0xf81f, 0xf81f,
    0xf81f, 0xf81f, 0xf81f, 0xf81f, 0xf81f, 0xf81f, 0xf81f, 0xf81f, 0xf81f, 0xf81f, 0xf81f, 0xf81f,
    0xf81f, 0xf81f, 0xf81f, 0xf81f, 0xf81f, 0xf81f, 0xf81f, 0xf81f, 0xf81f, 0xf81f, 0xf81f, 0xf81f,
    0x0000, 0x2b10, 0x2b10, 0x2b10, 0x1168, 0x1168, 0x1168, 0x2b10, 0x2b10, 0x2b10, 0x2b10, 0x1168,
    0x1168, 0x0000, 0x0000, 0x4c56, 0x1a2c, 0x0000, 0x0000, 0x0000, 0xf81f, 0x0000, 0x0000, 0x2b10,
    0x2b10, 0x0000, 0x0000, 0x0000, 0x0000, 0x2b10, 0x2b10, 0x2b10, 0x2b10, 0x2b10, 0x2b10, 0x1168,
    0x2b10, 0x2b10, 0x2b10, 0x2b10, 0x2b10, 0x0000, 0x0000, 0xf81f, 0xf81f, 0xf81f, 0xf81f, 0xf81f,
    0xf81f, 0xf81f, 0xf81f, 0xf81f, 0xf81f, 0xf81f, 0xf81f, 0xf81f, 0xf81f, 0xf81f, 0xf81f, 0xf81f,
    0xf81f, 0xf81f, 0xf81f, 0xf81f, 0xf81f, 0xf81f, 0xf81f, 0xf81f, 0xf81f, 0xf81f, 0xf81f, 0xf81f,
    0xf81f, 0xf81f, 0xf81f, 0xf81f, 0xf81f, 0xf81f, 0xf81f, 0xf81f, 0xf81f, 0xf81f, 0xf81f, 0xf81f,
    0xf81f, 0xf81f, 0xf81f, 0xf81f, 0xf81f, 0xf81f, 0xf81f, 0xf81f, 0xf81f, 0xf81f, 0xf81f, 0x0000,
    0x0000, 0x2b10, 0x2b10, 0x2b10, 0x2b10, 0x2b10, 0x2b10, 0x2b10, 0x2b10, 0x4c56, 0x4c56, 0x4c56,
    0x4c56, 0x2b10, 0x4c56, 0x4c56, 0x1a2c, 0x1a2c, 0x1a2c, 0x1168, 0xf81f, 0x0000, 0x1168, 0x2b10,
    0x2b10, 0x2b10, 0x0000, 0x0000, 0x2b10, 0x2b10, 0x7d9a, 0x2b10, 0x2b10, 0x7d9a, 0x7d9a, 0x1168,
    0x7d9a, 0x7d9a, 0x7d9a, 0x2b10, 0x1168, 0x2b10, 0x0000, 0xf81f, 0xf81f, 0xf81f, 0xf81f, 0xf81f,
    0xf81f, 0xf81f, 0xf81f, 0xf81f, 0xf81f, 0xf81f, 0xf81f, 0xf81f, 0xf81f, 0xf81f, 0xf81f, 0xf81f,
    0xf81f, 0xf81f, 0xf81f, 0xf81f, 0xf81f, 0xf81f, 0xf81f, 0xf81f, 0xf81f, 0xf81f, 0xf81f, 0xf81f,
    0xf81f, 0xf81f, 0xf81f, 0xf81f, 0xf81f, 0xf81f, 0xf81f, 0xf81f, 0xf81f, 0xf81f, 0xf81f, 0xf81f,
    0xf81f, 0xf81f, 0xf81f, 0xf81f, 0xf81f, 0xf81f, 0xf81f, 0xf81f, 0xf81f, 0xf81f, 0xf81f, 0x0000,
    0x2b10, 0x2b10, 0x4c56, 0x7d9a, 0x2b10, 0x2b10, 0x4c56, 0x0000, 0x2b10, 0x7d9a, 0x7d9a, 0x7d9a,
    0x7d9a, 0x7d9a, 0x1168, 0x1a2c, 0x0000, 0x1a2c, 0x1a2c, 0x1168, 0xf81f, 0x0000, 0x1168, 0x2b10,
    0x2b10, 0x7d9a, 0x7d9a, 0x7d9a, 0x7d9a, 0x1168, 0x7d9a, 0x7d9a, 0x7d9a, 0x7d9a, 0x7d9a, 0x7d9a,
    0x7d9a, 0x7d9a, 0x7d9a, 0x7d9a, 0x7d9a, 0x2b10, 0x0000, 0xf81f, 0xf81f, 0xf81f, 0xf81f, 0xf81f,
    0xf81f, 0xf81f, 0xf81f, 0xf81f, 0xf81f, 0xf81f, 0xf81f, 0xf81f, 0xf81f, 0xf81f, 0xf81f, 0xf81f,
    0xf81f, 0xf81f, 0xf81f, 0xf81f, 0xf81f, 0xf81f, 0xf81f, 0xf81f, 0xf81f, 0xf81f, 0xf81f, 0xf81f,
    0xf81f, 0xf81f, 0xf81f, 0xf81f, 0xf81f, 0xf81f, 0xf81f, 0xf81f, 0xf81f, 0xf81f, 0xf81f, 0xf81f,
    0xf81f, 0xf81f, 0xf81f, 0xf81f, 0xf81f, 0xf81f, 0xf81f, 0xf81f, 0xf81f, 0xf81f, 0xf81f, 0x0000,
    0x2b10, 0x4c56, 0x4c56, 0x0000, 0x2b10, 0x4c56, 0x4c56, 0x0000, 0x4c56, 0x7d9a, 0x7d9a, 0x7d9a,
    0x1168, 0x7d9a, 0x7d9a, 0x1a2c, 0x7d9a, 0x7d9a, 0x7d9a, 0x1168, 0xf81f, 0x0000, 0x1168, 0x1168,
    0x2b10, 0x7d9a, 0x7d9a, 0x7d9a, 0x7d9a, 0x1168, 0x1168, 0x7d9a, 0x7d9a, 0x7d9a, 0x0000, 0x1168,
    0x7d9a, 0x7d9a, 0x0000, 0x7d9a, 0x7d9a, 0x1168, 0x0000, 0xf81f, 0xf81f, 0xf81f, 0xf81f, 0xf81f,
    0xf81f, 0xf81f, 0xf81f, 0xf81f, 0xf81f, 0xf81f, 0xf81f, 0xf81f, 0xf81f, 0xf81f, 0xf81f, 0xf81f,
    0xf81f, 0xf81f, 0xf81f, 0xf81f, 0xf81f, 0xf81f, 0xf81f, 0xf81f, 0xf81f, 0xf81f, 0xf81f, 0xf81f,
    0xf81f, 0xf81f, 0xf81f, 0xf81f, 0xf81f, 0xf81f, 0xf81f, 0xf81f, 0xf81f, 0xf81f, 0xf81f, 0xf81f,
    0xf81f, 0xf81f, 0xf81f, 0xf81f, 0xf81f, 0xf81f, 0xf81f, 0xf81f, 0xf81f, 0xf81f, 0xf81f, 0x0000,
    0x0000, 0x4c56, 0x4c56, 0x0000, 0x2b10, 0x4c56, 0x4c56, 0x0000, 0x4c56, 0x4c56, 0x4c56, 0x0000,
    0x1168, 0x1168, 0x1168, 0x1168, 0x0000, 0x7d9a, 0x7d9a, 0x1168, 0xf81f, 0x0000, 0x1168, 0x1168,
    0x1168, 0x0000, 0x1168, 0x7d9a, 0x7d9a, 0x0000, 0x1168, 0x1168, 0x1168, 0x1168, 0x0000, 0x1168,
    0x1168, 0x1168, 0x0000, 0x7d9a, 0x7d9a, 0x1168, 0x0000, 0xf81f, 0xf81f, 0xf81f, 0xf81f, 0xf81f,
    0xf81f, 0xf81f, 0xf81f, 0xf81f, 0xf81f, 0xf81f, 0xf81f, 0xf81f, 0xf81f, 0xf81f, 0xf81f, 0xf81f,
    0xf81f, 0xf81f, 0xf81f, 0xf81f, 0xf81f, 0xf81f, 0xf81f, 0xf81f, 0xf81f, 0xf81f, 0xf81f, 0xf81f,
    0xf81f, 0xf81f, 0xf81f, 0xf81f, 0xf81f, 0xf81f, 0xf81f, 0xf81f, 0xf81f, 0xf81f, 0xf81f, 0xf81f,
    0xf81f, 0xf81f, 0xf81f, 0xf81f, 0xf81f, 0xf81f, 0xf81f, 0xf81f, 0xf81f, 0xf81f, 0xf81f, 0xf81f,
    0x0000, 0x0000, 0x0000, 0x0000, 0x0000, 0x0000, 0x0000, 0x0000, 0x0000, 0x0000, 0x0000, 0x0000,
    0x0000, 0x0000, 0x0000, 0x0000, 0x0000, 0x0000, 0x0000, 0x0000, 0xf81f, 0x0000, 0x0000, 0x0000,
    0x0000, 0x0000, 0x0000, 0x0000, 0x0000, 0x0000, 0x0000, 0x0000, 0x0000, 0x0000, 0x0000, 0x0000,
    0x0000, 0x0000, 0x0000, 0x0000, 0x0000, 0x0000, 0x0000, 0xf81f, 0xf81f, 0xf81f, 0xf81f, 0xf81f,
    0xf81f, 0xf81f, 0xf81f, 0xf81f, 0xf81f, 0xf81f, 0xf81f, 0xf81f, 0xf81f, 0xf81f, 0xf81f, 0xf81f,
    0xf81f, 0xf81f, 0xf81f, 0xf81f, 0xf81f, 0xf81f, 0xf81f, 0xf81f, 0xf81f, 0xf81f, 0xf81f, 0xf81f,
    0xf81f, 0xf81f, 0xf81f, 0xf81f, 0xf81f, 0xf81f, 0xf81f, 0xf81f, 0xf81f, 0xf81f, 0xf81f, 0xf81f,
    0xf81f, 0xf81f, 0xf81f, 0xf81f, 0xf81f, 0xf81f, 0xf81f, 0xf81f, 0xf81f, 0xf81f, 0xf81f, 0xf81f,
    0xf81f, 0xf81f, 0xf81f, 0xf81f, 0xf81f, 0xf81f, 0xf81f, 0xf81f, 0xf81f, 0xf81f, 0xf81f, 0xf81f,
    0xf81f, 0xf81f, 0xf81f, 0xf81f, 0xf81f, 0xf81f, 0xf81f, 0xf81f, 0xf81f, 0xf81f, 0xf81f, 0xf81f,
    0xf81f, 0xf81f, 0xf81f, 0xf81f, 0xf81f, 0xf81f, 0xf81f, 0xf81f, 0xf81f, 0xf81f, 0xf81f, 0xf81f,
    0xf81f, 0xf81f, 0xf81f, 0xf81f, 0xf81f, 0xf81f, 0xf81f, 0xf81f, 0xf81f, 0xf81f, 0xf81f, 0xf81f,
    0xf81f, 0xf81f, 0xf81f, 0xf81f, 0xf81f, 0xf81f, 0xf81f, 0xf81f, 0xf81f, 0xf81f, 0xf81f, 0xf81f,
    0xf81f, 0xf81f, 0xf81f, 0xf81f, 0xf81f, 0xf81f, 0xf81f, 0xf81f, 0xf81f, 0xf81f, 0xf81f, 0xf81f,
    0xf81f, 0xf81f, 0xf81f, 0xf81f, 0xf81f, 0xf81f, 0xf81f, 0xf81f, 0xf81f, 0xf81f, 0xf81f, 0xf81f,
    0xf81f, 0xf81f, 0xf81f, 0xf81f, 0xf81f, 0xf81f, 0xf81f, 0xf81f, 0xf81f, 0xf81f, 0xf81f, 0xf81f,
    0xf81f, 0xf81f, 0xf81f, 0xf81f, 0xf81f, 0xf81f, 0xf81f, 0xf81f, 0xf81f, 0xf81f, 0xf81f, 0xf81f,
    0xf81f, 0xf81f, 0xf81f, 0xf81f, 0xf81f, 0xf81f, 0xf81f, 0xf81f, 0xf81f, 0xf81f, 0xf81f, 0xf81f,
    0xf81f, 0xf81f, 0xf81f, 0xf81f, 0xf81f, 0xf81f, 0xf81f, 0xf81f, 0xf81f, 0xf81f, 0xf81f, 0xf81f,
    0xf81f, 0xf81f, 0xf81f, 0xf81f, 0xf81f, 0xf81f, 0xf81f, 0xf81f, 0xf81f, 0xf81f, 0xf81f, 0xf81f,
    0xf81f, 0xf81f, 0xf81f, 0xf81f, 0xf81f, 0xf81f, 0xf81f, 0xf81f, 0xf81f, 0xf81f, 0xf81f, 0xf81f,
    0xf81f, 0xf81f, 0xf81f, 0xf81f, 0xf81f, 0xf81f, 0xf81f, 0xf81f, 0xf81f, 0xf81f, 0xf81f, 0xf81f,
    0xf81f, 0xf81f, 0xf81f, 0xf81f, 0xf81f, 0xf81f, 0xf81f, 0xf81f, 0xf81f, 0xf81f, 0xf81f, 0xf81f,
    0xf81f, 0xf81f, 0xf81f, 0xf81f, 0xf81f, 0xf81f, 0xf81f, 0xf81f, 0xf81f, 0xf81f, 0xf81f, 0xf81f,
    0xf81f, 0xf81f, 0xf81f, 0xf81f, 0xf81f, 0xf81f, 0xf81f, 0xf81f, 0xf81f, 0xf81f, 0xf81f, 0xf81f,
    0x0000, 0x0000, 0x0000, 0x0000, 0x0000, 0x0000, 0x0000, 0x0000, 0x0000, 0x0000, 0x0000, 0x0000,
    0x0000, 0xf81f, 0xf81f, 0xf81f, 0xf81f, 0xf81f, 0xf81f, 0xf81f, 0xf81f, 0xf81f, 0xf81f, 0xf81f,
    0xf81f, 0xf81f, 0xf81f, 0xf81f, 0xf81f, 0xf81f, 0xf81f, 0xf81f, 0xf81f, 0xf81f, 0xf81f, 0xf81f,
    0xf81f, 0xf81f, 0xf81f, 0xf81f, 0xf81f, 0xf81f, 0xf81f, 0xf81f, 0xf81f, 0xf81f, 0xf81f, 0xf81f,
    0xf81f, 0xf81f, 0xf81f, 0xf81f, 0xf81f, 0xf81f, 0xf81f, 0xf81f, 0xf81f, 0xf81f, 0xf81f, 0xf81f,
    0xf81f, 0xf81f, 0xf81f, 0xf81f, 0xf81f, 0xf81f, 0xf81f, 0xf81f, 0xf81f, 0xf81f, 0xf81f, 0xf81f,
    0xf81f, 0xf81f, 0xf81f, 0xf81f, 0xf81f, 0xf81f, 0xf81f, 0xf81f, 0xf81f, 0xf81f, 0xf81f, 0xf81f,
    0xf81f, 0xf81f, 0xf81f, 0xf81f, 0xf81f, 0xf81f, 0xf81f, 0xf81f, 0x0000, 0x0000, 0x0000, 0x0000,
    0xffff, 0xffff, 0xffff, 0xffff, 0xffff, 0xffff, 0xffff, 0xffff, 0xffff, 0xffff, 0xffff, 0xffff,
    0x0000, 0x0000, 0x0000, 0x0000, 0x0000, 0x0000, 0x0000, 0xf81f, 0xf81f, 0xf81f, 0xf81f, 0xf81f,
    0xf81f, 0xf81f, 0xf81f, 0xf81f, 0xf81f, 0xf81f, 0xf81f, 0xf81f, 0xf81f, 0xf81f, 0xf81f, 0xf81f,
    0xf81f, 0xf81f, 0xf81f, 0xf81f, 0xf81f, 0xf81f, 0xf81f, 0xf81f, 0xf81f, 0xf81f, 0xf81f, 0xf81f,
    0xf81f, 0xf81f, 0xf81f, 0xf81f, 0xf81f, 0xf81f, 0xf81f, 0xf81f, 0xf81f, 0xf81f, 0xf81f, 0xf81f,
    0xf81f, 0xf81f, 0xf81f, 0xf81f, 0xf81f, 0xf81f, 0xf81f, 0xf81f, 0xf81f, 0xf81f, 0xf81f, 0xf81f,
    0xf81f, 0xf81f, 0xf81f, 0xf81f, 0xf81f, 0xf81f, 0xf81f, 0xf81f, 0xf81f, 0xf81f, 0xf81f, 0xf81f,
    0xf81f, 0xf81f, 0xf81f, 0xf81f, 0xf81f, 0xf81f, 0xf81f, 0x0000, 0x0000, 0xffff, 0xffff, 0xffff,
    0xffff, 0xffff, 0xffff, 0xffff, 0xffff, 0xffff, 0xffff, 0xffff, 0xffff, 0xffff, 0xffff, 0xffff,
    0xffff, 0x8e19, 0x8e19, 0x8e19, 0xffff, 0xffff, 0x0000, 0x0000, 0xf81f, 0xf81f, 0xf81f, 0xf81f,
    0xf81f, 0xf81f, 0xf81f, 0xf81f, 0xf81f, 0xf81f, 0xf81f, 0xf81f, 0xf81f, 0xf81f, 0xf81f, 0xf81f,
    0xf81f, 0xf81f, 0xf81f, 0xf81f, 0xf81f, 0xf81f, 0xf81f, 0xf81f, 0xf81f, 0xf81f, 0xf81f, 0xf81f,
    0xf81f, 0xf81f, 0xf81f, 0xf81f, 0xf81f, 0xf81f, 0xf81f, 0xf81f, 0xf81f, 0xf81f, 0xf81f, 0xf81f,
    0xf81f, 0xf81f, 0xf81f, 0xf81f, 0xf81f, 0xf81f, 0xf81f, 0xf81f, 0xf81f, 0xf81f, 0xf81f, 0xf81f,
    0xf81f, 0xf81f, 0xf81f, 0xf81f, 0xf81f, 0xf81f, 0xf81f, 0xf81f, 0xf81f, 0xf81f, 0xf81f, 0xf81f,
    0xf81f, 0xf81f, 0xf81f, 0xf81f, 0xf81f, 0xf81f, 0x0000, 0x0000, 0xffff, 0xffff, 0xffff, 0xffff,
    0xffff, 0xffff, 0xffff, 0xffff, 0xffff, 0xffff, 0xffff, 0xffff, 0xffff, 0xffff, 0xffff, 0xffff,
    0xffff, 0x8e19, 0x8e19, 0x8e19, 0x8e19, 0x8e19, 0xffff, 0xffff, 0x0000, 0xf81f, 0xf81f, 0xf81f,
    0xf81f, 0xf81f, 0xf81f, 0xf81f, 0xf81f, 0xf81f, 0xf81f, 0xf81f, 0xf81f, 0xf81f, 0xf81f, 0xf81f,
    0xf81f, 0xf81f, 0xf81f, 0xf81f, 0xf81f, 0xf81f, 0xf81f, 0xf81f, 0xf81f, 0xf81f, 0xf81f, 0xf81f,
    0xf81f, 0xf81f, 0xf81f, 0xf81f, 0xf81f, 0xf81f, 0xf81f, 0xf81f, 0xf81f, 0xf81f, 0xf81f, 0xf81f,
    0xf81f, 0xf81f, 0xf81f, 0xf81f, 0xf81f, 0xf81f, 0xf81f, 0xf81f, 0xf81f, 0xf81f, 0xf81f, 0xf81f,
    0xf81f, 0xf81f, 0xf81f, 0xf81f, 0xf81f, 0xf81f, 0xf81f, 0xf81f, 0xf81f, 0xf81f, 0xf81f, 0xf81f,
    0xf81f, 0xf81f, 0xf81f, 0xf81f, 0xf81f, 0xf81f, 0x0000, 0xffff, 0xffff, 0xffff, 0xffff, 0xffff,
    0xffff, 0xffff, 0xffff, 0xffff, 0xffff, 0xffff, 0xffff, 0xffff, 0xffff, 0xffff, 0xffff, 0xffff,
    0xffff, 0x8e19, 0x8e19, 0x8e19, 0x8e19, 0xffff, 0xffff, 0xffff, 0xffff, 0x0000, 0x0000, 0xf81f,
    0xf81f, 0xf81f, 0xf81f, 0xf81f, 0xf81f, 0xf81f, 0xf81f, 0xf81f, 0xf81f, 0xf81f, 0xf81f, 0xf81f,
    0xf81f, 0xf81f, 0xf81f, 0xf81f, 0xf81f, 0xf81f, 0xf81f, 0xf81f, 0xf81f, 0xf81f, 0xf81f, 0xf81f,
    0xf81f, 0xf81f, 0xf81f, 0xf81f, 0xf81f, 0xf81f, 0xf81f, 0xf81f, 0xf81f, 0xf81f, 0xf81f, 0xf81f,
    0xf81f, 0xf81f, 0xf81f, 0xf81f, 0xf81f, 0xf81f, 0xf81f, 0xf81f, 0xf81f, 0xf81f, 0xf81f, 0xf81f,
    0xf81f, 0xf81f, 0xf81f, 0xf81f, 0xf81f, 0xf81f, 0xf81f, 0xf81f, 0xf81f, 0xf81f, 0xf81f, 0xf81f,
    0xf81f, 0xf81f, 0xf81f, 0xf81f, 0xf81f, 0x0000, 0x0000, 0xffff, 0xffff, 0xffff, 0xffff, 0xffff,
    0xffff, 0xffff, 0xffff, 0xffff, 0xffff, 0xffff, 0xffff, 0xffff, 0xffff, 0xffff, 0xffff, 0xffff,
    0xffff, 0xffff, 0xffff, 0xffff, 0xffff, 0xffff, 0xffff, 0xffff, 0xffff, 0xffff, 0x0000, 0xf81f,
    0xf81f, 0xf81f, 0xf81f, 0xf81f, 0xf81f, 0xf81f, 0xf81f, 0xf81f, 0xf81f, 0xf81f, 0xf81f, 0xf81f,
    0xf81f, 0xf81f, 0xf81f, 0xf81f, 0xf81f, 0xf81f, 0xf81f, 0xf81f, 0xf81f, 0xf81f, 0xf81f, 0xf81f,
    0xf81f, 0xf81f, 0xf81f, 0xf81f, 0xf81f, 0xf81f, 0xf81f, 0xf81f, 0xf81f, 0xf81f, 0xf81f, 0xf81f,
    0xf81f, 0xf81f, 0xf81f, 0xf81f, 0xf81f, 0xf81f, 0xf81f, 0xf81f, 0xf81f, 0xf81f, 0xf81f, 0xf81f,
    0xf81f, 0xf81f, 0xf81f, 0xf81f, 0xf81f, 0xf81f, 0xf81f, 0xf81f, 0xf81f, 0xf81f, 0xf81f, 0xf81f,
    0xf81f, 0xf81f, 0xf81f, 0xf81f, 0x0000, 0x0000, 0xffff, 0xffff, 0xffff, 0xffff, 0x8e19, 0x8e19,
    0x8e19, 0x8e19, 0x8e19, 0x8e19, 0x8e19, 0xffff, 0xffff, 0xffff, 0x8e19, 0x8e19, 0x8e19, 0x8e19,
    0x8e19, 0x8e19, 0xffff, 0xffff, 0xffff, 0xffff, 0xffff, 0xffff, 0xffff, 0xffff, 0x0000, 0x0000,
    0xf81f, 0xf81f, 0xf81f, 0xf81f, 0xf81f, 0xf81f, 0xf81f, 0xf81f, 0xf81f, 0xf81f, 0xf81f, 0xf81f,
    0xf81f, 0xf81f, 0xf81f, 0xf81f, 0xf81f, 0xf81f, 0xf81f, 0xf81f, 0xf81f, 0xf81f, 0xf81f, 0xf81f,
    0xf81f, 0xf81f, 0xf81f, 0xf81f, 0xf81f, 0xf81f, 0xf81f, 0xf81f, 0xf81f, 0xf81f, 0xf81f, 0xf81f,
    0xf81f, 0xf81f, 0xf81f, 0xf81f, 0xf81f, 0xf81f, 0xf81f, 0xf81f, 0xf81f, 0xf81f, 0xf81f, 0xf81f,
    0xf81f, 0xf81f, 0xf81f, 0xf81f, 0xf81f, 0xf81f, 0xf81f, 0xf81f, 0xf81f, 0xf81f, 0xf81f, 0xf81f,
    0xf81f, 0xf81f, 0xf81f, 0xf81f, 0x0000, 0xffff, 0xffff, 0xffff, 0xffff, 0x8e19, 0x0000, 0x0000,
    0x0000, 0x0000, 0x0000, 0x0000, 0x0000, 0x8e19, 0xffff, 0x8e19, 0x8e19, 0x0000, 0x0000, 0x0000,
    0x0000, 0x0000, 0x0000, 0x0000, 0xffff, 0xffff, 0xffff, 0xffff, 0xffff, 0xffff, 0xffff, 0x0000,
    0x0000, 0xf81f, 0xf81f, 0xf81f, 0xf81f, 0xf81f, 0xf81f, 0xf81f, 0xf81f, 0xf81f, 0xf81f, 0xf81f,
    0xf81f, 0xf81f, 0xf81f, 0xf81f, 0xf81f, 0xf81f, 0xf81f, 0xf81f, 0xf81f, 0xf81f, 0xf81f, 0xf81f,
    0xf81f, 0xf81f, 0xf81f, 0xf81f, 0xf81f, 0xf81f, 0xf81f, 0xf81f, 0xf81f, 0xf81f, 0xf81f, 0xf81f,
    0xf81f, 0xf81f, 0xf81f, 0xf81f, 0xf81f, 0xf81f, 0xf81f, 0xf81f, 0xf81f, 0xf81f, 0xf81f, 0xf81f,
    0xf81f, 0xf81f, 0xf81f, 0xf81f, 0xf81f, 0xf81f, 0xf81f, 0xf81f, 0xf81f, 0xf81f, 0xf81f, 0xf81f,
    0xf81f, 0xf81f, 0x0000, 0x0000, 0x0000, 0xffff, 0xffff, 0xffff, 0xffff, 0x0000, 0x0000, 0x2b10,
    0x2b10, 0x2b10, 0x2b10, 0x2b10, 0x0000, 0x8e19, 0x8e19, 0x8e19, 0x0000, 0x0000, 0x2b10, 0x2b10,
    0x2b10, 0x2b10, 0x2b10, 0x2b10, 0x0000, 0x0000, 0xffff, 0xffff, 0xffff, 0xffff, 0xffff, 0x8e19,
    0x0000, 0xf81f, 0xf81f, 0xf81f, 0xf81f, 0xf81f, 0xf81f, 0xf81f, 0xf81f, 0xf81f, 0xf81f, 0xf81f,
    0xf81f, 0xf81f, 0xf81f, 0xf81f, 0xf81f, 0xf81f, 0xf81f, 0xf81f, 0xf81f, 0xf81f, 0xf81f, 0xf81f,
    0xf81f, 0xf81f, 0xf81f, 0xf81f, 0xf81f, 0xf81f, 0xf81f, 0xf81f, 0xf81f, 0xf81f, 0xf81f, 0xf81f,
    0xf81f, 0xf81f, 0xf81f, 0xf81f, 0xf81f, 0xf81f, 0xf81f, 0xf81f, 0xf81f, 0xf81f, 0xf81f, 0xf81f,
    0xf81f, 0xf81f, 0xf81f, 0xf81f, 0xf81f, 0xf81f, 0xf81f, 0xf81f, 0xf81f, 0xf81f, 0xf81f, 0xf81f,
    0xf81f, 0xf81f, 0x0000, 0x0000, 0xffff, 0xffff, 0xffff, 0xffff, 0x0000, 0x0000, 0x2b10, 0xbe9c,
    0xbe9c, 0xbe9c, 0x4c56, 0x4c56, 0x2b10, 0x0000, 0x8e19, 0x8e19, 0x0000, 0x2b10, 0x4c56, 0x4c56,
    0xbe9c, 0xbe9c, 0xbe9c, 0xbe9c, 0x2b10, 0x0000, 0x0000, 0xffff, 0xffff, 0xffff, 0xffff, 0x8e19,
    0x8e19, 0x0000, 0xf81f, 0xf81f, 0xf81f, 0xf81f, 0xf81f, 0xf81f, 0xf81f, 0xf81f, 0xf81f, 0xf81f,
    0xf81f, 0xf81f, 0xf81f, 0xf81f, 0xf81f, 0xf81f, 0xf81f, 0xf81f, 0xf81f, 0xf81f, 0xf81f, 0xf81f,
    0xf81f, 0xf81f, 0xf81f, 0xf81f, 0xf81f, 0xf81f, 0xf81f, 0xf81f, 0xf81f, 0xf81f, 0xf81f, 0xf81f,
    0xf81f, 0xf81f, 0xf81f, 0xf81f, 0xf81f, 0xf81f, 0xf81f, 0xf81f, 0xf81f, 0xf81f, 0xf81f, 0xf81f,
    0xf81f, 0xf81f, 0xf81f, 0xf81f, 0xf81f, 0xf81f, 0xf81f, 0xf81f, 0xf81f, 0xf81f, 0xf81f, 0xf81f,
    0xf81f, 0xf81f, 0x0000, 0x8e19, 0xffff, 0xffff, 0xffff, 0xffff, 0x0000, 0x2b10, 0x2b10, 0xbe9c,
    0xbe9c, 0x4c56, 0x4c56, 0x4c56, 0x2b10, 0x2b10, 0x0000, 0x0000, 0x0000, 0x2b10, 0x4c56, 0x4c56,
    0x4c56, 0xbe9c, 0xbe9c, 0xbe9c, 0x2b10, 0x2b10, 0x0000, 0xffff, 0xffff, 0xffff, 0xffff, 0x8e19,
    0x8e19, 0x0000, 0x0000, 0xf81f, 0xf81f, 0xf81f, 0xf81f, 0xf81f, 0xf81f, 0xf81f, 0xf81f, 0xf81f,
    0xf81f, 0xf81f, 0xf81f, 0xf81f, 0xf81f, 0xf81f, 0xf81f, 0xf81f, 0xf81f, 0xf81f, 0xf81f, 0xf81f,
    0xf81f, 0xf81f, 0xf81f, 0xf81f, 0xf81f, 0xf81f, 0xf81f, 0xf81f, 0xf81f, 0xf81f, 0xf81f, 0xf81f,
    0xf81f, 0xf81f, 0xf81f, 0xf81f, 0xf81f, 0xf81f, 0xf81f, 0xf81f, 0xf81f, 0xf81f, 0xf81f, 0xf81f,
    0xf81f, 0xf81f, 0xf81f, 0xf81f, 0xf81f, 0xf81f, 0xf81f, 0xf81f, 0xf81f, 0xf81f, 0xf81f, 0xf81f,
    0xf81f, 0xf81f, 0x0000, 0x8e19, 0xffff, 0xffff, 0xffff, 0xffff, 0x0000, 0x2b10, 0x2b10, 0x2b10,
    0x2b10, 0x2b10, 0x2b10, 0x2b10, 0x2b10, 0x2b10, 0x2b10, 0x2b10, 0x2b10, 0x2b10, 0x2b10, 0x2b10,
    0x2b10, 0x2b10, 0x2b10, 0x2b10, 0x2b10, 0x2b10, 0x2b10, 0x0000, 0xffff, 0xffff, 0xffff, 0x8e19,
    0x8e19, 0xbe9c, 0x0000, 0xf81f, 0xf81f, 0xf81f, 0xf81f, 0xf81f, 0xf81f, 0xf81f, 0xf81f, 0xf81f,
    0xf81f, 0xf81f, 0xf81f, 0xf81f, 0xf81f, 0xf81f, 0xf81f, 0xf81f, 0xf81f, 0xf81f, 0xf81f, 0xf81f,
    0xf81f, 0xf81f, 0xf81f, 0xf81f, 0xf81f, 0xf81f, 0xf81f, 0xf81f, 0xf81f, 0xf81f, 0xf81f, 0xf81f,
    0xf81f, 0xf81f, 0xf81f, 0xf81f, 0xf81f, 0xf81f, 0xf81f, 0xf81f, 0xf81f, 0xf81f, 0xf81f, 0xf81f,
    0xf81f, 0xf81f, 0xf81f, 0xf81f, 0xf81f, 0xf81f, 0xf81f, 0xf81f, 0xf81f, 0xf81f, 0xf81f, 0x0000,
    0x0000, 0x0000, 0x0000, 0x8e19, 0xffff, 0xffff, 0xffff, 0xffff, 0x0000, 0x2b10, 0x2b10, 0x2b10,
    0x2b10, 0x2b10, 0x2b10, 0x2b10, 0x2b10, 0x2b10, 0x2b10, 0x2b10, 0x2b10, 0x2b10, 0x2b10, 0x2b10,
    0x2b10, 0x2b10, 0x2b10, 0x2b10, 0x2b10, 0x2b10, 0x2b10, 0x0000, 0xffff, 0xffff, 0xffff, 0x8e19,
    0x8e19, 0xbe9c, 0x0000, 0x0000, 0x0000, 0x0000, 0xf81f, 0xf81f, 0xf81f, 0xf81f, 0xf81f, 0xf81f,
    0xf81f, 0xf81f, 0xf81f, 0xf81f, 0xf81f, 0xf81f, 0xf81f, 0xf81f, 0xf81f, 0xf81f, 0xf81f, 0xf81f,
    0xf81f, 0xf81f, 0xf81f, 0xf81f, 0xf81f, 0xf81f, 0xf81f, 0xf81f, 0xf81f, 0xf81f, 0xf81f, 0xf81f,
    0xf81f, 0xf81f, 0xf81f, 0xf81f, 0xf81f, 0xf81f, 0xf81f, 0xf81f, 0xf81f, 0xf81f, 0xf81f, 0xf81f,
    0xf81f, 0xf81f, 0xf81f, 0xf81f, 0xf81f, 0xf81f, 0xf81f, 0xf81f, 0xf81f, 0xf81f, 0xf81f, 0x0000,
    0x4c56, 0x4c56, 0x0000, 0x8e19, 0xffff, 0xffff, 0xffff, 0xffff, 0x0000, 0x2b10, 0x2b10, 0x2b10,
    0x2b10, 0x2b10, 0x2b10, 0x2b10, 0x2b10, 0x2b10, 0x2b10, 0x2b10, 0x2b10, 0x2b10, 0x2b10, 0x2b10,
    0x2b10, 0x2b10, 0x2b10, 0x2b10, 0x2b10, 0x2b10, 0x2b10, 0x0000, 0xffff, 0xffff, 0xffff, 0x8e19,
    0xbe9c, 0xbe9c, 0x0000, 0x224c, 0x224c, 0x0000, 0xf81f, 0xf81f, 0xf81f, 0xf81f, 0xf81f, 0xf81f,
    0xf81f, 0xf81f, 0xf81f, 0xf81f, 0xf81f, 0xf81f, 0xf81f, 0xf81f, 0xf81f, 0xf81f, 0xf81f, 0xf81f,
    0xf81f, 0xf81f, 0xf81f, 0xf81f, 0xf81f, 0xf81f, 0xf81f, 0xf81f, 0xf81f, 0xf81f, 0xf81f, 0xf81f,
    0xf81f, 0xf81f, 0xf81f, 0xf81f, 0xf81f, 0xf81f, 0xf81f, 0xf81f, 0xf81f, 0xf81f, 0xf81f, 0xf81f,
    0xf81f, 0xf81f, 0xf81f, 0xf81f, 0xf81f, 0xf81f, 0xf81f, 0xf81f, 0xf81f, 0xf81f, 0xf81f, 0x0000,
    0x4c56, 0x4c56, 0x0000, 0x8e19, 0xffff, 0xffff, 0xffff, 0x0000, 0x0000, 0x2b10, 0x2b10, 0x0000,
    0x0000, 0x0000, 0x0000, 0x0000, 0x2b10, 0x2b10, 0x2b10, 0x4c56, 0x4c56, 0x2b10, 0x2b10, 0x2b10,
    0x0000, 0x0000, 0x0000, 0x0000, 0x0000, 0x0000, 0x2b10, 0x0000, 0xffff, 0xffff, 0xffff, 0x8e19,
    0xbe9c, 0xbe9c, 0x0000, 0x4c56, 0x4c56, 0x0000, 0xf81f, 0xf81f, 0xf81f, 0xf81f, 0xf81f, 0xf81f,
    0xf81f, 0xf81f, 0xf81f, 0xf81f, 0xf81f, 0xf81f, 0xf81f, 0xf81f, 0xf81f, 0xf81f, 0xf81f, 0xf81f,
    0xf81f, 0xf81f, 0xf81f, 0xf81f, 0xf81f, 0xf81f, 0xf81f, 0xf81f, 0xf81f, 0xf81f, 0xf81f, 0xf81f,
    0xf81f, 0xf81f, 0xf81f, 0xf81f, 0xf81f, 0xf81f, 0xf81f, 0xf81f, 0xf81f, 0xf81f, 0xf81f, 0xf81f,
    0xf81f, 0xf81f, 0xf81f, 0xf81f, 0xf81f, 0xf81f, 0xf81f, 0xf81f, 0xf81f, 0xf81f, 0xf81f, 0x0000,
    0x2b10, 0x4c56, 0x0000, 0xffff, 0xffff, 0xffff, 0x0000, 0x0000, 0x1168, 0x1168, 0x2b10, 0x2b10,
    0x08e5, 0x08e5, 0x08e5, 0x08e5, 0x2b10, 0x4c56, 0x4c56, 0x4c56, 0x4c56, 0x4c56, 0x2b10, 0x2b10,
    0x08e5, 0x08e5, 0x08e5, 0x08e5, 0x08e5, 0x2b10, 0x1168, 0x0000, 0x0000, 0xffff, 0xffff, 0xffff,
    0xbe9c, 0xbe9c, 0x0000, 0x4c56, 0x2b10, 0x0000, 0xf81f, 0xf81f, 0xf81f, 0xf81f, 0xf81f, 0xf81f,
    0xf81f, 0xf81f, 0xf81f, 0xf81f, 0xf81f, 0xf81f, 0xf81f, 0xf81f, 0xf81f, 0xf81f, 0xf81f, 0xf81f,
    0xf81f, 0xf81f, 0xf81f, 0xf81f, 0xf81f, 0xf81f, 0xf81f, 0xf81f, 0xf81f, 0xf81f, 0xf81f, 0xf81f,
    0xf81f, 0xf81f, 0xf81f, 0xf81f, 0xf81f, 0xf81f, 0xf81f, 0xf81f, 0xf81f, 0xf81f, 0xf81f, 0xf81f,
    0xf81f, 0xf81f, 0xf81f, 0xf81f, 0xf81f, 0xf81f, 0xf81f, 0xf81f, 0xf81f, 0xf81f, 0xf81f, 0x0000,
    0x2b10, 0x224c, 0x0000, 0xffff, 0x8e19, 0xffff, 0x0000, 0x1168, 0x1168, 0x1168, 0x2b10, 0x4c56,
    0x2b10, 0x2b10, 0x2b10, 0x2b10, 0x4c56, 0x4c56, 0x4c56, 0x4c56, 0x4c56, 0x4c56, 0x4c56, 0x2b10,
    0x2b10, 0x2b10, 0x2b10, 0x2b10, 0x2b10, 0x1168, 0x1168, 0x1168, 0x0000, 0xffff, 0xffff, 0xffff,
    0xbe9c, 0xbe9c, 0x0000, 0x4c56, 0x2b10, 0x0000, 0xf81f, 0xf81f, 0xf81f, 0xf81f, 0xf81f, 0xf81f,
    0xf81f, 0xf81f, 0xf81f, 0xf81f, 0xf81f, 0xf81f, 0xf81f, 0xf81f, 0xf81f, 0xf81f, 0xf81f, 0xf81f,
    0xf81f, 0xf81f, 0xf81f, 0xf81f, 0xf81f, 0xf81f, 0xf81f, 0xf81f, 0xf81f, 0xf81f, 0xf81f, 0xf81f,
    0xf81f, 0xf81f, 0xf81f, 0xf81f, 0xf81f, 0xf81f, 0xf81f, 0xf81f, 0xf81f, 0xf81f, 0xf81f, 0xf81f,
    0xf81f, 0xf81f, 0xf81f, 0xf81f, 0xf81f, 0xf81f, 0xf81f, 0xf81f, 0xf81f, 0xf81f, 0xf81f, 0x0000,
    0x2b10, 0x224c, 0x0000, 0xffff, 0x8e19, 0xffff, 0x0000, 0x1168, 0x1168, 0x4c56, 0x4c56, 0x2b10,
    0x2b10, 0x2b10, 0x2b10, 0x2b10, 0x2b10, 0x0000, 0x0000, 0x0000, 0x0000, 0x0000, 0x0000, 0x2b10,
    0x2b10, 0x2b10, 0x2b10, 0x2b10, 0x4c56, 0x4c56, 0x1168, 0x1168, 0x0000, 0xffff, 0xffff, 0xffff,
    0xbe9c, 0xbe9c, 0x0000, 0x4c56, 0x2b10, 0x0000, 0xf81f, 0xf81f, 0xf81f, 0xf81f, 0xf81f, 0xf81f,
    0xf81f, 0xf81f, 0xf81f, 0xf81f, 0xf81f, 0xf81f, 0xf81f, 0xf81f, 0xf81f, 0xf81f, 0xf81f, 0xf81f,
    0xf81f, 0xf81f, 0xf81f, 0xf81f, 0xf81f, 0xf81f, 0xf81f, 0xf81f, 0xf81f, 0xf81f, 0xf81f, 0xf81f,
    0xf81f, 0xf81f, 0xf81f, 0xf81f, 0xf81f, 0xf81f, 0xf81f, 0xf81f, 0xf81f, 0xf81f, 0xf81f, 0xf81f,
    0xf81f, 0xf81f, 0xf81f, 0xf81f, 0xf81f, 0xf81f, 0xf81f, 0xf81f, 0xf81f, 0xf81f, 0xf81f, 0x0000,
    0x2b10, 0x224c, 0x0000, 0x8e19, 0x8e19, 0xffff, 0x0000, 0x1168, 0x2b10, 0x2b10, 0x2b10, 0x2b10,
    0x2b10, 0x2b10, 0x2b10, 0x2b10, 0x2b10, 0x0000, 0x19ea, 0x19ea, 0x19ea, 0x2b10, 0x0000, 0x2b10,
    0x2b10, 0x2b10, 0x2b10, 0x2b10, 0x2b10, 0x2b10, 0x2b10, 0x1168, 0x0000, 0xffff, 0xffff, 0xffff,
    0xbe9c, 0xbe9c, 0x0000, 0x4c56, 0x2b10, 0x0000, 0xf81f, 0xf81f, 0xf81f, 0xf81f, 0xf81f, 0xf81f,
    0xf81f, 0xf81f, 0xf81f, 0xf81f, 0xf81f, 0xf81f, 0xf81f, 0xf81f, 0xf81f, 0xf81f, 0xf81f, 0xf81f,
    0xf81f, 0xf81f, 0xf81f, 0xf81f, 0xf81f, 0xf81f, 0xf81f, 0xf81f, 0xf81f, 0xf81f, 0xf81f, 0xf81f,
    0xf81f, 0xf81f, 0xf81f, 0xf81f, 0xf81f, 0xf81f, 0xf81f, 0xf81f, 0xf81f, 0xf81f, 0xf81f, 0xf81f,
    0xf81f, 0xf81f, 0xf81f, 0xf81f, 0xf81f, 0xf81f, 0xf81f, 0xf81f, 0xf81f, 0xf81f, 0xf81f, 0x0000,
    0x0000, 0x0000, 0x0000, 0x8e19, 0x8e19, 0xffff, 0x0000, 0x2b10, 0x2b10, 0x2b10, 0x2b10, 0x2b10,
    0x0000, 0x0000, 0x0000, 0x0000, 0x0000, 0x0000, 0x0000, 0x19ea, 0x2b10, 0x0000, 0x0000, 0x0000,
    0x2b10, 0x2b10, 0x2b10, 0x2b10, 0x2b10, 0x2b10, 0x2b10, 0x2b10, 0x0000, 0xffff, 0xffff, 0xffff,
    0xbe9c, 0xbe9c, 0x0000, 0x224c, 0x2b10, 0x0000, 0xf81f, 0xf81f, 0xf81f, 0xf81f, 0xf81f, 0xf81f,
    0xf81f, 0xf81f, 0xf81f, 0xf81f, 0xf81f, 0xf81f, 0xf81f, 0xf81f, 0xf81f, 0xf81f, 0xf81f, 0xf81f,
    0xf81f, 0xf81f, 0xf81f, 0xf81f, 0xf81f, 0xf81f, 0xf81f, 0xf81f, 0xf81f, 0xf81f, 0xf81f, 0xf81f,
    0xf81f, 0xf81f, 0xf81f, 0xf81f, 0xf81f, 0xf81f, 0xf81f, 0xf81f, 0xf81f, 0xf81f, 0xf81f, 0xf81f,
    0xf81f, 0xf81f, 0xf81f, 0xf81f, 0xf81f, 0xf81f, 0xf81f, 0xf81f, 0xf81f, 0xf81f, 0xf81f, 0xf81f,
    0xf81f, 0x0000, 0x0000, 0x8e19, 0x8e19, 0xffff, 0x0000, 0x2b10, 0x2b10, 0x2b10, 0x2b10, 0x0000,
    0x0000, 0xffff, 0xffff, 0xffff, 0xffff, 0xffff, 0xffff, 0x0000, 0x0000, 0xffff, 0xffff, 0x0000,
    0x0000, 0x0000, 0x0000, 0x0000, 0x2b10, 0x2b10, 0x2b10, 0x0000, 0x0000, 0xffff, 0xffff, 0xffff,
    0xbe9c, 0xbe9c, 0x0000, 0x0000, 0x0000, 0x0000, 0xf81f, 0xf81f, 0xf81f, 0xf81f, 0xf81f, 0xf81f,
    0xf81f, 0xf81f, 0xf81f, 0xf81f, 0xf81f, 0xf81f, 0xf81f, 0xf81f, 0xf81f, 0xf81f, 0xf81f, 0xf81f,
    0xf81f, 0xf81f, 0xf81f, 0xf81f, 0xf81f, 0xf81f, 0xf81f, 0xf81f, 0xf81f, 0xf81f, 0xf81f, 0xf81f,
    0xf81f, 0xf81f, 0xf81f, 0xf81f, 0xf81f, 0xf81f, 0xf81f, 0xf81f, 0xf81f, 0xf81f, 0xf81f, 0xf81f,
    0xf81f, 0xf81f, 0xf81f, 0xf81f, 0xf81f, 0xf81f, 0xf81f, 0xf81f, 0xf81f, 0xf81f, 0xf81f, 0xf81f,
    0xf81f, 0x0000, 0x0000, 0x8e19, 0xffff, 0xffff, 0x0000, 0x0000, 0x0000, 0x2b10, 0x0000, 0x0000,
    0xffff, 0xffff, 0xffff, 0xffff, 0xffff, 0xffff, 0xffff, 0x0000, 0x6db8, 0x6db8, 0xffff, 0xffff,
    0xbe9c, 0xbe9c, 0xbe9c, 0x0000, 0x0000, 0x0000, 0x2b10, 0x0000, 0xffff, 0xffff, 0xffff, 0xffff,
    0xbe9c, 0xffff, 0x0000, 0xf81f, 0xf81f, 0xf81f, 0xf81f, 0xf81f, 0xf81f, 0xf81f, 0xf81f, 0xf81f,
    0xf81f, 0xf81f, 0xf81f, 0xf81f, 0xf81f, 0xf81f, 0xf81f, 0xf81f, 0xf81f, 0xf81f, 0xf81f, 0xf81f,
    0xf81f, 0xf81f, 0xf81f, 0xf81f, 0xf81f, 0xf81f, 0xf81f, 0xf81f, 0xf81f, 0xf81f, 0xf81f, 0xf81f,
    0xf81f, 0xf81f, 0xf81f, 0xf81f, 0xf81f, 0xf81f, 0xf81f, 0xf81f, 0xf81f, 0xf81f, 0xf81f, 0xf81f,
    0xf81f, 0xf81f, 0xf81f, 0xf81f, 0xf81f, 0xf81f, 0xf81f, 0xf81f, 0xf81f, 0xf81f, 0xf81f, 0xf81f,
    0xf81f, 0xf81f, 0x0000, 0xffff, 0xffff, 0xffff, 0xffff, 0xffff, 0x0000, 0x0000, 0x0000, 0xffff,
    0xffff, 0xffff, 0xffff, 0xffff, 0xffff, 0x0000, 0x0000, 0x0000, 0x0000, 0x6db8, 0xffff, 0xffff,
    0xbe9c, 0xbe9c, 0xbe9c, 0xbe9c, 0xbe9c, 0x0000, 0x0000, 0xffff, 0xffff, 0xffff, 0xffff, 0xbe9c,
    0xffff, 0xffff, 0x0000, 0xf81f, 0xf81f, 0xf81f, 0xf81f, 0xf81f, 0xf81f, 0xf81f, 0xf81f, 0xf81f,
    0xf81f, 0xf81f, 0xf81f, 0xf81f, 0xf81f, 0xf81f, 0xf81f, 0xf81f, 0xf81f, 0xf81f, 0xf81f, 0xf81f,
    0xf81f, 0xf81f, 0xf81f, 0xf81f, 0xf81f, 0xf81f, 0xf81f, 0xf81f, 0xf81f, 0xf81f, 0xf81f, 0xf81f,
    0xf81f, 0xf81f, 0xf81f, 0xf81f, 0xf81f, 0xf81f, 0xf81f, 0xf81f, 0xf81f, 0xf81f, 0xf81f, 0xf81f,
    0xf81f, 0xf81f, 0xf81f, 0xf81f, 0xf81f, 0xf81f, 0xf81f, 0xf81f, 0xf81f, 0xf81f, 0xf81f, 0xf81f,
    0xf81f, 0xf81f, 0x0000, 0xffff, 0xffff, 0xffff, 0xffff, 0xffff, 0x0000, 0xffff, 0xffff, 0xbe9c,
    0xffff, 0xffff, 0xffff, 0xffff, 0xffff, 0x0000, 0x0000, 0x64d4, 0x0000, 0x6db8, 0xffff, 0xffff,
    0xffff, 0xffff, 0xbe9c, 0xbe9c, 0xbe9c, 0xbe9c, 0x0000, 0xffff, 0xffff, 0xffff, 0xffff, 0xbe9c,
    0xffff, 0x0000, 0x0000, 0xf81f, 0xf81f, 0xf81f, 0xf81f, 0xf81f, 0xf81f, 0xf81f, 0xf81f, 0xf81f,
    0xf81f, 0xf81f, 0xf81f, 0xf81f, 0xf81f, 0xf81f, 0xf81f, 0xf81f, 0xf81f, 0xf81f, 0xf81f, 0xf81f,
    0xf81f, 0xf81f, 0xf81f, 0xf81f, 0xf81f, 0xf81f, 0xf81f, 0xf81f, 0xf81f, 0xf81f, 0xf81f, 0xf81f,
    0xf81f, 0xf81f, 0xf81f, 0xf81f, 0xf81f, 0xf81f, 0xf81f, 0xf81f, 0xf81f, 0xf81f, 0xf81f, 0xf81f,
    0xf81f, 0xf81f, 0xf81f, 0xf81f, 0xf81f, 0xf81f, 0xf81f, 0xf81f, 0xf81f, 0xf81f, 0xf81f, 0xf81f,
    0xf81f, 0xf81f, 0x0000, 0xffff, 0xffff, 0xffff, 0xffff, 0xffff, 0x0000, 0xffff, 0xbe9c, 0xbe9c,
    0xffff, 0xffff, 0xffff, 0xffff, 0x64d4, 0x0000, 0x8e19, 0x64d4, 0x0000, 0x0000, 0x0000, 0xffff,
    0xffff, 0xffff, 0xbe9c, 0xbe9c, 0xbe9c, 0xbe9c, 0x0000, 0xffff, 0xffff, 0xbe9c, 0xffff, 0xbe9c,
    0xffff, 0x0000, 0x0000, 0xf81f, 0xf81f, 0xf81f, 0xf81f, 0xf81f, 0xf81f, 0xf81f, 0xf81f, 0xf81f,
    0xf81f, 0xf81f, 0xf81f, 0xf81f, 0xf81f, 0xf81f, 0xf81f, 0xf81f, 0xf81f, 0xf81f, 0xf81f, 0xf81f,
    0xf81f, 0xf81f, 0xf81f, 0xf81f, 0xf81f, 0xf81f, 0xf81f, 0xf81f, 0xf81f, 0xf81f, 0xf81f, 0xf81f,
    0xf81f, 0xf81f, 0xf81f, 0xf81f, 0xf81f, 0xf81f, 0xf81f, 0xf81f, 0xf81f, 0xf81f, 0xf81f, 0xf81f,
    0xf81f, 0xf81f, 0xf81f, 0xf81f, 0xf81f, 0xf81f, 0xf81f, 0xf81f, 0xf81f, 0xf81f, 0xf81f, 0xf81f,
    0x0000, 0xf81f, 0x0000, 0xffff, 0xbe9c, 0xffff, 0xffff, 0xffff, 0x0000, 0xbe9c, 0xbe9c, 0xbe9c,
    0xffff, 0xffff, 0xffff, 0x0000, 0x0000, 0x8e19, 0x8e19, 0x64d4, 0x64d4, 0x64d4, 0x0000, 0x0000,
    0xffff, 0xffff, 0xffff, 0xbe9c, 0xbe9c, 0xbe9c, 0x0000, 0xffff, 0xffff, 0xbe9c, 0xffff, 0xffff,
    0xffff, 0x0000, 0xf81f, 0xf81f, 0xf81f, 0xf81f, 0xf81f, 0xf81f, 0xf81f, 0xf81f, 0xf81f, 0xf81f,
    0xf81f, 0xf81f, 0xf81f, 0xf81f, 0xf81f, 0xf81f, 0xf81f, 0xf81f, 0xf81f, 0xf81f, 0xf81f, 0xf81f,
    0xf81f, 0xf81f, 0xf81f, 0xf81f, 0xf81f, 0xf81f, 0xf81f, 0xf81f, 0xf81f, 0xf81f, 0xf81f, 0xf81f,
    0xf81f, 0xf81f, 0xf81f, 0xf81f, 0xf81f, 0xf81f, 0xf81f, 0xf81f, 0xf81f, 0xf81f, 0xf81f, 0xf81f,
    0xf81f, 0xf81f, 0xf81f, 0xf81f, 0xf81f, 0xf81f, 0xf81f, 0xf81f, 0xf81f, 0xf81f, 0xf81f, 0x0000,
    0x230d, 0x0000, 0x0000, 0xffff, 0xbe9c, 0xbe9c, 0xffff, 0xffff, 0x0000, 0xbe9c, 0xbe9c, 0xbe9c,
    0xffff, 0xffff, 0xffff, 0x0000, 0x8e19, 0x8e19, 0x8e19, 0x8e19, 0x64d4, 0x64d4, 0x64d4, 0x0000,
    0xffff, 0xffff, 0xffff, 0xffff, 0xbe9c, 0xbe9c, 0x0000, 0xffff, 0xffff, 0xbe9c, 0xffff, 0xffff,
    0xffff, 0x0000, 0xffff, 0x0000, 0x0000, 0x0000, 0x0000, 0xf81f, 0xf81f, 0xf81f, 0xf81f, 0xf81f,
    0xf81f, 0xf81f, 0xf81f, 0xf81f, 0xf81f, 0xf81f, 0xf81f, 0xf81f, 0xf81f, 0xf81f, 0xf81f, 0xf81f,
    0xf81f, 0xf81f, 0xf81f, 0xf81f, 0xf81f, 0xf81f, 0xf81f, 0xf81f, 0xf81f, 0xf81f, 0xf81f, 0xf81f,
    0xf81f, 0xf81f, 0xf81f, 0xf81f, 0xf81f, 0xf81f, 0xf81f, 0xf81f, 0xf81f, 0xf81f, 0xf81f, 0xf81f,
    0xf81f, 0xf81f, 0xf81f, 0xf81f, 0xf81f, 0xf81f, 0xf81f, 0xf81f, 0xf81f, 0x0000, 0x0000, 0x0000,
    0x230d, 0x230d, 0x0000, 0x0000, 0xbe9c, 0xbe9c, 0xffff, 0xffff, 0x0000, 0xbe9c, 0xbe9c, 0xbe9c,
    0xbe9c, 0x0000, 0x0000, 0x8e19, 0x8e19, 0x8e19, 0x8e19, 0x8e19, 0x8e19, 0x8e19, 0x64d4, 0x64d4,
    0x0000, 0xffff, 0xffff, 0xbe9c, 0xbe9c, 0xbe9c, 0x0000, 0xffff, 0xffff, 0xbe9c, 0xbe9c, 0xffff,
    0x0000, 0x0000, 0xffff, 0xffff, 0xffff, 0x0000, 0x0000, 0x0000, 0xf81f, 0xf81f, 0xf81f, 0xf81f,
    0xf81f, 0xf81f, 0xf81f, 0xf81f, 0xf81f, 0xf81f, 0xf81f, 0xf81f, 0xf81f, 0xf81f, 0xf81f, 0xf81f,
    0xf81f, 0xf81f, 0xf81f, 0xf81f, 0xf81f, 0xf81f, 0xf81f, 0xf81f, 0xf81f, 0xf81f, 0xf81f, 0xf81f,
    0xf81f, 0xf81f, 0xf81f, 0xf81f, 0xf81f, 0xf81f, 0xf81f, 0xf81f, 0xf81f, 0xf81f, 0xf81f, 0xf81f,
    0xf81f, 0xf81f, 0xf81f, 0xf81f, 0xf81f, 0xf81f, 0xf81f, 0xf81f, 0xf81f, 0x0000, 0x0000, 0x6db8,
    0x6db8, 0x230d, 0x0000, 0x0000, 0x8e19, 0xbe9c, 0xffff, 0xffff, 0x0000, 0x0000, 0x0000, 0x0000,
    0x0000, 0x8e19, 0x8e19, 0x8e19, 0xffff, 0xffff, 0xffff, 0x8e19, 0x8e19, 0x8e19, 0x8e19, 0x8e19,
    0x0000, 0x0000, 0x0000, 0x0000, 0x0000, 0x0000, 0x0000, 0xffff, 0xffff, 0xbe9c, 0xffff, 0xffff,
    0x0000, 0x0000, 0xffff, 0xffff, 0x6db8, 0x6db8, 0x6db8, 0x8537, 0x0000, 0xf81f, 0xf81f, 0xf81f,
    0xf81f, 0xf81f, 0xf81f, 0xf81f, 0xf81f, 0xf81f, 0xf81f, 0xf81f, 0xf81f, 0xf81f, 0xf81f, 0xf81f,
    0xf81f, 0xf81f, 0xf81f, 0xf81f, 0xf81f, 0xf81f, 0xf81f, 0xf81f, 0xf81f, 0xf81f, 0xf81f, 0xf81f,
    0xf81f, 0xf81f, 0xf81f, 0xf81f, 0xf81f, 0xf81f, 0xf81f, 0xf81f, 0xf81f, 0xf81f, 0xf81f, 0xf81f,
    0xf81f, 0xf81f, 0xf81f, 0xf81f, 0xf81f, 0xf81f, 0xf81f, 0xf81f, 0x0000, 0xffff, 0xffff, 0x6db8,
    0x6db8, 0x230d, 0x0000, 0x0000, 0xbe9c, 0xbe9c, 0xffff, 0xffff, 0xffff, 0xffff, 0xffff, 0xffff,
    0xffff, 0xffff, 0xffff, 0xffff, 0xffff, 0xffff, 0xffff, 0xffff, 0x8e19, 0x8e19, 0x8e19, 0x8e19,
    0x8e19, 0x8e19, 0x8e19, 0x8e19, 0x8e19, 0xffff, 0xffff, 0xffff, 0xffff, 0xbe9c, 0xffff, 0x0000,
    0x0000, 0xffff, 0xffff, 0x6db8, 0x6db8, 0x6db8, 0x6db8, 0x6db8, 0x0000, 0xf81f, 0xf81f, 0xf81f,
    0xf81f, 0xf81f, 0xf81f, 0xf81f, 0xf81f, 0xf81f, 0xf81f, 0xf81f, 0xf81f, 0xf81f, 0xf81f, 0xf81f,
    0xf81f, 0xf81f, 0xf81f, 0xf81f, 0xf81f, 0xf81f, 0xf81f, 0xf81f, 0xf81f, 0xf81f, 0xf81f, 0xf81f,
    0xf81f, 0xf81f, 0xf81f, 0xf81f, 0xf81f, 0xf81f, 0xf81f, 0xf81f, 0xf81f, 0xf81f, 0xf81f, 0xf81f,
    0xf81f, 0xf81f, 0xf81f, 0xf81f, 0xf81f, 0xf81f, 0xf81f, 0xf81f, 0x0000, 0xffff, 0xffff, 0x6db8,
    0x6db8, 0x230d, 0x230d, 0x0000, 0xffff, 0xbe9c, 0xffff, 0xffff, 0xffff, 0xffff, 0xffff, 0xffff,
    0xffff, 0xffff, 0xffff, 0xffff, 0xffff, 0xffff, 0xffff, 0xffff, 0xffff, 0x8e19, 0x8e19, 0x8e19,
    0x8e19, 0x8e19, 0x8e19, 0x8e19, 0x8e19, 0x8e19, 0x8e19, 0xffff, 0xffff, 0xbe9c, 0xffff, 0x0000,
    0x0000, 0xffff, 0xffff, 0xbe9c, 0xbe9c, 0xbe9c, 0xbe9c, 0x6db8, 0x0000, 0x0000, 0xf81f, 0xf81f,
    0xf81f, 0xf81f, 0xf81f, 0xf81f, 0xf81f, 0xf81f, 0xf81f, 0xf81f, 0xf81f, 0xf81f, 0xf81f, 0xf81f,
    0xf81f, 0xf81f, 0xf81f, 0xf81f, 0xf81f, 0xf81f, 0xf81f, 0xf81f, 0xf81f, 0xf81f, 0xf81f, 0xf81f,
    0xf81f, 0xf81f, 0xf81f, 0xf81f, 0xf81f, 0xf81f, 0xf81f, 0xf81f, 0xf81f, 0xf81f, 0xf81f, 0xf81f,
    0xf81f, 0xf81f, 0xf81f, 0xf81f, 0xf81f, 0xf81f, 0xf81f, 0x0000, 0x0000, 0xffff, 0xffff, 0x6db8,
    0x6db8, 0x230d, 0x230d, 0x0000, 0xffff, 0xffff, 0xffff, 0xffff, 0xffff, 0xffff, 0xffff, 0xffff,
    0xffff, 0xffff, 0xffff, 0xffff, 0xffff, 0xffff, 0xffff, 0xffff, 0xffff, 0xffff, 0xffff, 0xffff,
    0x8e19, 0x8e19, 0x8e19, 0x8e19, 0x8e19, 0x8e19, 0xffff, 0xffff, 0xbe9c, 0x6db8, 0xffff, 0x0000,
    0xffff, 0xffff, 0xffff, 0xbe9c, 0xbe9c, 0xbe9c, 0xbe9c, 0xbe9c, 0xffff, 0x0000, 0xf81f, 0xf81f,
    0xf81f, 0xf81f, 0xf81f, 0xf81f, 0xf81f, 0xf81f, 0xf81f, 0xf81f, 0xf81f, 0xf81f, 0xf81f, 0xf81f,
    0xf81f, 0xf81f, 0xf81f, 0xf81f, 0xf81f, 0xf81f, 0xf81f, 0xf81f, 0xf81f, 0xf81f, 0xf81f, 0xf81f,
    0xf81f, 0xf81f, 0xf81f, 0xf81f, 0xf81f, 0xf81f, 0xf81f, 0xf81f, 0xf81f, 0xf81f, 0xf81f, 0xf81f,
    0xf81f, 0xf81f, 0xf81f, 0xf81f, 0xf81f, 0xf81f, 0xf81f, 0x0000, 0x0000, 0xffff, 0xffff, 0xffff,
    0x8537, 0x230d, 0x230d, 0x0000, 0xffff, 0xffff, 0xffff, 0xffff, 0xffff, 0xffff, 0xffff, 0xffff,
    0xffff, 0xffff, 0xffff, 0xffff, 0xffff, 0xffff, 0xffff, 0xffff, 0xffff, 0xffff, 0xffff, 0xffff,
    0xffff, 0xffff, 0xffff, 0xffff, 0xffff, 0xffff, 0xffff, 0xffff, 0x6db8, 0x6db8, 0xffff, 0x0000,
    0xffff, 0x6db8, 0xbe9c, 0xbe9c, 0xbe9c, 0xbe9c, 0xffff, 0xffff, 0xffff, 0xffff, 0x0000, 0xf81f,
    0xf81f, 0xf81f, 0xf81f, 0xf81f, 0xf81f, 0xf81f, 0xf81f, 0xf81f, 0xf81f, 0xf81f, 0xf81f, 0xf81f,
    0xf81f, 0xf81f, 0xf81f, 0xf81f, 0xf81f, 0xf81f, 0xf81f, 0xf81f, 0xf81f, 0xf81f, 0xf81f, 0xf81f,
    0xf81f, 0xf81f, 0xf81f, 0xf81f, 0xf81f, 0xf81f, 0xf81f, 0xf81f, 0xf81f, 0xf81f, 0xf81f, 0xf81f,
    0xf81f, 0xf81f, 0xf81f, 0xf81f, 0xf81f, 0xf81f, 0xf81f, 0x0000, 0x0000, 0xffff, 0xffff, 0xffff,
    0x8537, 0x6db8, 0x230d, 0x0000, 0x0000, 0x0000, 0xffff, 0xffff, 0xffff, 0xffff, 0xffff, 0xffff,
    0xffff, 0xffff, 0xffff, 0xffff, 0xffff, 0xffff, 0xffff, 0xffff, 0xffff, 0xffff, 0xffff, 0xffff,
    0xffff, 0xffff, 0xffff, 0xffff, 0xffff, 0xffff, 0xbe9c, 0xbe9c, 0x6db8, 0x0000, 0x0000, 0x0000,
    0xffff, 0x8537, 0xffff, 0xffff, 0xffff, 0xffff, 0xffff, 0xffff, 0xffff, 0xffff, 0x0000, 0xf81f,
    0xf81f, 0xf81f, 0xf81f, 0xf81f, 0xf81f, 0xf81f, 0xf81f, 0xf81f, 0xf81f, 0xf81f, 0xf81f, 0xf81f,
    0xf81f, 0xf81f, 0xf81f, 0xf81f, 0xf81f, 0xf81f, 0xf81f, 0xf81f, 0xf81f, 0xf81f, 0xf81f, 0xf81f,
    0xf81f, 0xf81f, 0xf81f, 0xf81f, 0xf81f, 0xf81f, 0xf81f, 0xf81f, 0xf81f, 0xf81f, 0xf81f, 0xf81f,
    0xf81f, 0xf81f, 0xf81f, 0xf81f, 0xf81f, 0xf81f, 0xf81f, 0x0000, 0xffff, 0xffff, 0xffff, 0xbe9c,
    0x8537, 0x6db8, 0x230d, 0x0000, 0x0000, 0x0000, 0xffff, 0xffff, 0xffff, 0xffff, 0xffff, 0xffff,
    0xffff, 0xffff, 0xffff, 0xffff, 0xffff, 0xffff, 0xffff, 0xffff, 0xffff, 0xffff, 0xffff, 0xffff,
    0xffff, 0xffff, 0xffff, 0xffff, 0xffff, 0xbe9c, 0xbe9c, 0x6db8, 0x6db8, 0x0000, 0x0000, 0xffff,
    0xffff, 0x8537, 0xffff, 0xffff, 0xffff, 0xffff, 0xffff, 0xffff, 0xffff, 0xffff, 0x0000, 0x0000,
    0xf81f, 0xf81f, 0xf81f, 0xf81f, 0xf81f, 0xf81f, 0xf81f, 0xf81f, 0xf81f, 0xf81f, 0xf81f, 0xf81f,
    0xf81f, 0xf81f, 0xf81f, 0xf81f, 0xf81f, 0xf81f, 0xf81f, 0xf81f, 0xf81f, 0xf81f, 0xf81f, 0xf81f,
    0xf81f, 0xf81f, 0xf81f, 0xf81f, 0xf81f, 0xf81f, 0xf81f, 0xf81f, 0xf81f, 0xf81f, 0xf81f, 0xf81f,
    0xf81f, 0xf81f, 0xf81f, 0xf81f, 0xf81f, 0xf81f, 0x0000, 0x0000, 0xffff, 0xffff, 0xffff, 0xbe9c,
    0x8537, 0x6db8, 0x230d, 0x0000, 0x0000, 0x1168, 0x0000, 0xffff, 0xffff, 0xffff, 0xffff, 0xffff,
    0xffff, 0xffff, 0xffff, 0xffff, 0xffff, 0xffff, 0xffff, 0xffff, 0xffff, 0xffff, 0xffff, 0xffff,
    0xffff, 0xffff, 0xffff, 0xffff, 0xffff, 0xbe9c, 0xbe9c, 0x6db8, 0x0000, 0x0000, 0xffff, 0x8537,
    0x8537, 0x8537, 0xffff, 0xffff, 0xffff, 0xffff, 0xffff, 0xffff, 0xffff, 0xffff, 0xffff, 0x0000,
    0xf81f, 0xf81f, 0xf81f, 0xf81f, 0xf81f, 0xf81f, 0xf81f, 0xf81f, 0xf81f, 0xf81f, 0xf81f, 0xf81f,
    0xf81f, 0xf81f, 0xf81f, 0xf81f, 0xf81f, 0xf81f, 0xf81f, 0xf81f, 0xf81f, 0xf81f, 0xf81f, 0xf81f,
    0xf81f, 0xf81f, 0xf81f, 0xf81f, 0xf81f, 0xf81f, 0xf81f, 0xf81f, 0xf81f, 0xf81f, 0xf81f, 0xf81f,
    0xf81f, 0xf81f, 0xf81f, 0xf81f, 0xf81f, 0xf81f, 0x0000, 0xffff, 0xffff, 0xffff, 0xffff, 0xbe9c,
    0x8537, 0x230d, 0x230d, 0x0000, 0x2b10, 0x1168, 0x0000, 0x0000, 0xffff, 0xffff, 0xffff, 0xffff,
    0xffff, 0xffff, 0xffff, 0xffff, 0xffff, 0xffff, 0xffff, 0xffff, 0xffff, 0xffff, 0xffff, 0xffff,
    0xffff, 0xffff, 0xffff, 0xffff, 0xbe9c, 0xbe9c, 0x6db8, 0x6db8, 0x0000, 0x0000, 0xbe9c, 0x8537,
    0x8537, 0xffff, 0xffff, 0xffff, 0xffff, 0xffff, 0xffff, 0xffff, 0xffff, 0xffff, 0xffff, 0x0000,
    0xf81f, 0xf81f, 0xf81f, 0xf81f, 0xf81f, 0xf81f, 0xf81f, 0xf81f, 0xf81f, 0xf81f, 0xf81f, 0xf81f,
    0xf81f, 0xf81f, 0xf81f, 0xf81f, 0xf81f, 0xf81f, 0xf81f, 0xf81f, 0xf81f, 0xf81f, 0xf81f, 0xf81f,
    0xf81f, 0xf81f, 0xf81f, 0xf81f, 0xf81f, 0xf81f, 0xf81f, 0xf81f, 0xf81f, 0xf81f, 0xf81f, 0xf81f,
    0xf81f, 0xf81f, 0xf81f, 0xf81f, 0xf81f, 0xf81f, 0x0000, 0xffff, 0xffff, 0xffff, 0xbe9c, 0xbe9c,
    0x6db8, 0x230d, 0x230d, 0x0000, 0x2b10, 0x2b10, 0x1168, 0x0000, 0xffff, 0xffff, 0xffff, 0xffff,
    0xffff, 0xffff, 0xffff, 0xffff, 0xffff, 0xffff, 0xffff, 0xffff, 0xffff, 0xffff, 0xffff, 0xffff,
    0xffff, 0xffff, 0xffff, 0xbe9c, 0xbe9c, 0x6db8, 0x6db8, 0x0000, 0x0000, 0x0000, 0x8537, 0x8537,
    0xffff, 0xffff, 0xffff, 0xffff, 0xffff, 0xffff, 0xffff, 0xffff, 0xffff, 0xffff, 0xffff, 0x0000,
    0xf81f, 0xf81f, 0xf81f, 0xf81f, 0xf81f, 0xf81f, 0xf81f, 0xf81f, 0xf81f, 0xf81f, 0xf81f, 0xf81f,
    0xf81f, 0xf81f, 0xf81f, 0xf81f, 0xf81f, 0xf81f, 0xf81f, 0xf81f, 0xf81f, 0xf81f, 0xf81f, 0xf81f,
    0xf81f, 0xf81f, 0xf81f, 0xf81f, 0xf81f, 0xf81f, 0xf81f, 0xf81f, 0xf81f, 0xf81f, 0xf81f, 0xf81f,
    0xf81f, 0xf81f, 0xf81f, 0xf81f, 0xf81f, 0x0000, 0x0000, 0xffff, 0xffff, 0xffff, 0xbe9c, 0xbe9c,
    0x6db8, 0x6db8, 0x230d, 0x0000, 0x2b10, 0x2b10, 0x2b10, 0x0000, 0x0000, 0xffff, 0xffff, 0xffff,
    0xffff, 0xffff, 0xffff, 0xffff, 0xffff, 0xffff, 0xffff, 0xffff, 0xffff, 0xffff, 0xffff, 0xffff,
    0xffff, 0xffff, 0xbe9c, 0xbe9c, 0x6db8, 0x6db8, 0x0000, 0x0000, 0x0000, 0x0000, 0x8537, 0x8537,
    0xffff, 0xffff, 0xffff, 0xffff, 0xffff, 0xffff, 0xffff, 0xffff, 0xffff, 0xffff, 0xffff, 0x0000,
    0xf81f, 0xf81f, 0xf81f, 0xf81f, 0xf81f, 0xf81f, 0xf81f, 0xf81f, 0xf81f, 0xf81f, 0xf81f, 0xf81f,
    0xf81f, 0xf81f, 0xf81f, 0xf81f, 0xf81f, 0xf81f, 0xf81f, 0xf81f, 0xf81f, 0xf81f, 0xf81f, 0xf81f,
    0xf81f, 0xf81f, 0xf81f, 0xf81f, 0xf81f, 0xf81f, 0xf81f, 0xf81f, 0xf81f, 0xf81f, 0xf81f, 0xf81f,
    0xf81f, 0xf81f, 0xf81f, 0xf81f, 0xf81f, 0x0000, 0xffff, 0xffff, 0xffff, 0xffff, 0xbe9c, 0xbe9c,
    0x6db8, 0x6db8, 0x0000, 0x0000, 0x0000, 0x2b10, 0x2b10, 0x1168, 0x0000, 0x0000, 0xffff, 0xffff,
    0xffff, 0xffff, 0xffff, 0xffff, 0xffff, 0xffff, 0xffff, 0xffff, 0xffff, 0xffff, 0xffff, 0xffff,
    0xbe9c, 0xbe9c, 0xbe9c, 0x6db8, 0x6db8, 0x0000, 0x0000, 0x0000, 0x0000, 0x0000, 0xffff, 0xffff,
    0xffff, 0xffff, 0xffff, 0xffff, 0xffff, 0xffff, 0xffff, 0xffff, 0xffff, 0xffff, 0xffff, 0xffff,
    0x0000, 0xf81f, 0xf81f, 0xf81f, 0xf81f, 0xf81f, 0xf81f, 0xf81f, 0xf81f, 0xf81f, 0xf81f, 0xf81f,
    0xf81f, 0xf81f, 0xf81f, 0xf81f, 0xf81f, 0xf81f, 0xf81f, 0xf81f, 0xf81f, 0xf81f, 0xf81f, 0xf81f,
    0xf81f, 0xf81f, 0xf81f, 0xf81f, 0xf81f, 0xf81f, 0xf81f, 0xf81f, 0xf81f, 0xf81f, 0xf81f, 0xf81f,
    0xf81f, 0xf81f, 0xf81f, 0xf81f, 0xf81f, 0x0000, 0xffff, 0xffff, 0xffff, 0xbe9c, 0xbe9c, 0x8537,
    0x6db8, 0x6db8, 0x0000, 0xffff, 0x0000, 0x2b10, 0x2b10, 0x1168, 0x1168, 0x1168, 0x0000, 0xffff,
    0xffff, 0xffff, 0xffff, 0xffff, 0xffff, 0xffff, 0xffff, 0xffff, 0xffff, 0xffff, 0xffff, 0xbe9c,
    0xbe9c, 0x6db8, 0x6db8, 0x6db8, 0x6db8, 0x0000, 0x1168, 0x1168, 0x0000, 0x0000, 0xffff, 0xffff,
    0xffff, 0xffff, 0xffff, 0xffff, 0xffff, 0xffff, 0xffff, 0xffff, 0xffff, 0xffff, 0xffff, 0xffff,
    0x0000, 0xf81f, 0xf81f, 0xf81f, 0xf81f, 0xf81f, 0xf81f, 0xf81f, 0xf81f, 0xf81f, 0xf81f, 0xf81f,
    0xf81f, 0xf81f, 0xf81f, 0xf81f, 0xf81f, 0xf81f, 0xf81f, 0xf81f, 0xf81f, 0xf81f, 0xf81f, 0xf81f,
    0xf81f, 0xf81f, 0xf81f, 0xf81f, 0xf81f, 0xf81f, 0xf81f, 0xf81f, 0xf81f, 0xf81f, 0xf81f, 0xf81f,
    0xf81f, 0xf81f, 0xf81f, 0xf81f, 0x0000, 0x0000, 0xffff, 0xffff, 0xffff, 0xbe9c, 0xbe9c, 0x6db8,
    0x6db8, 0x8537, 0x0000, 0xffff, 0x0000, 0x2b10, 0x2b10, 0x2b10, 0x1168, 0x1168, 0x0000, 0x0000,
    0xffff, 0xffff, 0xffff, 0xffff, 0xffff, 0xffff, 0xffff, 0xffff, 0xffff, 0xffff, 0xbe9c, 0x6db8,
    0x6db8, 0x6db8, 0x6db8, 0x6db8, 0x0000, 0x1168, 0x1168, 0x0000, 0x8e19, 0x0000, 0xffff, 0xffff,
    0xffff, 0xffff, 0xffff, 0xffff, 0xffff, 0xffff, 0xffff, 0xffff, 0xffff, 0xffff, 0xffff, 0xffff,
    0x0000, 0xf81f, 0xf81f, 0xf81f, 0xf81f, 0xf81f, 0xf81f, 0xf81f, 0xf81f, 0xf81f, 0xf81f, 0xf81f,
    0xf81f, 0xf81f, 0xf81f, 0xf81f, 0xf81f, 0xf81f, 0xf81f, 0xf81f, 0xf81f, 0xf81f, 0xf81f, 0xf81f,
    0xf81f, 0xf81f, 0xf81f, 0xf81f, 0xf81f, 0xf81f, 0xf81f, 0xf81f, 0xf81f, 0xf81f, 0xf81f, 0xf81f,
    0xf81f, 0xf81f, 0xf81f, 0xf81f, 0x0000, 0xffff, 0xffff, 0xffff, 0xffff, 0xbe9c, 0xbe9c, 0x6db8,
    0x6db8, 0x0000, 0x0000, 0xffff, 0x0000, 0x2b10, 0x2b10, 0x4c56, 0x0000, 0x1168, 0x1168, 0x0000,
    0x0000, 0xffff, 0xffff, 0xffff, 0xffff, 0xffff, 0xffff, 0xffff, 0xffff, 0xbe9c, 0xbe9c, 0x6db8,
    0x6db8, 0x6db8, 0x6db8, 0x0000, 0x0000, 0x1168, 0x0000, 0x8e19, 0x8e19, 0x0000, 0xffff, 0xffff,
    0xffff, 0xffff, 0xffff, 0xffff, 0xffff, 0xffff, 0xffff, 0xffff, 0xffff, 0xffff, 0xffff, 0xffff,
    0x0000, 0xf81f, 0xf81f, 0xf81f, 0xf81f, 0xf81f, 0xf81f, 0xf81f, 0xf81f, 0xf81f, 0xf81f, 0xf81f,
    0xf81f, 0xf81f, 0xf81f, 0xf81f, 0xf81f, 0xf81f, 0xf81f, 0xf81f, 0xf81f, 0xf81f, 0xf81f, 0xf81f,
    0xf81f, 0xf81f, 0xf81f, 0xf81f, 0xf81f, 0xf81f, 0xf81f, 0xf81f, 0xf81f, 0xf81f, 0xf81f, 0xf81f,
    0xf81f, 0xf81f, 0xf81f, 0xf81f, 0x0000, 0xffff, 0xffff, 0xffff, 0xbe9c, 0xbe9c, 0x8537, 0x6db8,
    0x6db8, 0x0000, 0xffff, 0xffff, 0x0000, 0x2b10, 0x2b10, 0x4c56, 0x4c56, 0x1168, 0x1168, 0x1168,
    0x1168, 0xffff, 0xffff, 0xffff, 0xffff, 0xffff, 0xffff, 0xffff, 0xbe9c, 0xbe9c, 0x6db8, 0x6db8,
    0x6db8, 0x6db8, 0x0000, 0x1168, 0x1168, 0x1168, 0x0000, 0xbe9c, 0x8e19, 0x0000, 0xffff, 0xffff,
    0xffff, 0xffff, 0xffff, 0xffff, 0xffff, 0xffff, 0xffff, 0xffff, 0xffff, 0xffff, 0xffff, 0xffff,
    0xffff, 0x0000, 0xf81f, 0xf81f, 0xf81f, 0xf81f, 0xf81f, 0xf81f, 0xf81f, 0xf81f, 0xf81f, 0xf81f,
    0xf81f, 0xf81f, 0xf81f, 0xf81f, 0xf81f, 0xf81f, 0xf81f, 0xf81f, 0xf81f, 0xf81f, 0xf81f, 0xf81f,
    0xf81f, 0xf81f, 0xf81f, 0xf81f, 0xf81f, 0xf81f, 0xf81f, 0xf81f, 0xf81f, 0xf81f, 0xf81f, 0xf81f,
    0xf81f, 0xf81f, 0xf81f, 0xf81f, 0x0000, 0xffff, 0xffff, 0xffff, 0xbe9c, 0xbe9c, 0x6db8, 0x6db8,
    0x6db8, 0x0000, 0xffff, 0xffff, 0xffff, 0x0000, 0x2b10, 0x2b10, 0x4c56, 0x4c56, 0x1168, 0x1168,
    0x1168, 0x0000, 0xffff, 0xffff, 0xffff, 0xffff, 0xffff, 0xffff, 0xbe9c, 0xbe9c, 0x6db8, 0x6db8,
    0x6db8, 0x6db8, 0x0000, 0x1168, 0x1168, 0x0000, 0x0000, 0xbe9c, 0x8e19, 0x0000, 0xffff, 0xffff,
    0xffff, 0xffff, 0xffff, 0xffff, 0xffff, 0xffff, 0xffff, 0xffff, 0xffff, 0xffff, 0x6db8, 0xffff,
    0xffff, 0x0000, 0xf81f, 0xf81f, 0xf81f, 0xf81f, 0xf81f, 0xf81f, 0xf81f, 0xf81f, 0xf81f, 0xf81f,
    0xf81f, 0xf81f, 0xf81f, 0xf81f, 0xf81f, 0xf81f, 0xf81f, 0xf81f, 0xf81f, 0xf81f, 0xf81f, 0xf81f,
    0xf81f, 0xf81f, 0xf81f, 0xf81f, 0xf81f, 0xf81f, 0xf81f, 0xf81f, 0xf81f, 0xf81f, 0xf81f, 0xf81f,
    0xf81f, 0xf81f, 0xf81f, 0x0000, 0xffff, 0xffff, 0xffff, 0xffff, 0xbe9c, 0x6db8, 0x6db8, 0x6db8,
    0x0000, 0x0000, 0xffff, 0xffff, 0xffff, 0x0000, 0x0000, 0x2b10, 0x2b10, 0x4c56, 0x4c56, 0x1168,
    0x1168, 0x0000, 0x0000, 0xffff, 0xffff, 0xffff, 0xffff, 0xffff, 0xbe9c, 0xbe9c, 0x6db8, 0x6db8,
    0x6db8, 0x0000, 0x1168, 0x1168, 0x7d9a, 0x0000, 0xffff, 0x8e19, 0x8e19, 0x0000, 0xffff, 0xffff,
    0xffff, 0xffff, 0xffff, 0xffff, 0xffff, 0xffff, 0xffff, 0xffff, 0xffff, 0xffff, 0x6db8, 0xffff,
    0xffff, 0x0000, 0xf81f, 0xf81f, 0xf81f, 0xf81f, 0xf81f, 0xf81f, 0xf81f, 0xf81f, 0xf81f, 0xf81f,
    0xf81f, 0xf81f, 0xf81f, 0xf81f, 0xf81f, 0xf81f, 0xf81f, 0xf81f, 0xf81f, 0xf81f, 0xf81f, 0xf81f,
    0xf81f, 0xf81f, 0xf81f, 0xf81f, 0xf81f, 0xf81f, 0xf81f, 0xf81f, 0xf81f, 0xf81f, 0xf81f, 0xf81f,
    0xf81f, 0xf81f, 0xf81f, 0x0000, 0xffff, 0xffff, 0xffff, 0xffff, 0xbe9c, 0x6db8, 0x6db8, 0x6db8,
    0x0000, 0xffff, 0xffff, 0xffff, 0xffff, 0xffff, 0x0000, 0x0000, 0x2b10, 0x4c56, 0x4c56, 0x4c56,
    0x1168, 0x1168, 0x0000, 0x0000, 0xffff, 0xffff, 0xffff, 0xffff, 0xbe9c, 0xbe9c, 0x6db8, 0x0000,
    0x0000, 0x0000, 0x2b10, 0x4c56, 0x0000, 0x0000, 0x8e19, 0x8e19, 0x8e19, 0x0000, 0xffff, 0xffff,
    0xffff, 0xffff, 0xffff, 0xffff, 0xffff, 0xffff, 0xffff, 0xffff, 0xffff, 0xffff, 0x6db8, 0xbe9c,
    0xffff, 0x0000, 0xf81f, 0xf81f, 0xf81f, 0xf81f, 0xf81f, 0xf81f, 0xf81f, 0xf81f, 0xf81f, 0xf81f,
    0xf81f, 0xf81f, 0xf81f, 0xf81f, 0xf81f, 0xf81f, 0xf81f, 0xf81f, 0xf81f, 0xf81f, 0xf81f, 0xf81f,
    0xf81f, 0xf81f, 0xf81f, 0xf81f, 0xf81f, 0xf81f, 0xf81f, 0xf81f, 0xf81f, 0xf81f, 0xf81f, 0xf81f,
    0xf81f, 0xf81f, 0x0000, 0x0000, 0xffff, 0xffff, 0xffff, 0xffff, 0xbe9c, 0x6db8, 0x6db8, 0x6db8,
    0x0000, 0xffff, 0xffff, 0xffff, 0xffff, 0xffff, 0xffff, 0x0000, 0x0000, 0x2b10, 0x4c56, 0x4c56,
    0x4c56, 0x1168, 0x1168, 0x0000, 0x0000, 0xffff, 0xffff, 0xffff, 0xbe9c, 0xbe9c, 0x0000, 0x0000,
    0x1168, 0x2b10, 0x4c56, 0x0000, 0x0000, 0xffff, 0x8e19, 0x8e19, 0x0000, 0x0000, 0xffff, 0xffff,
    0xffff, 0xffff, 0xffff, 0xffff, 0xffff, 0xffff, 0xffff, 0xffff, 0xffff, 0xffff, 0x6db8, 0xbe9c,
    0xffff, 0x0000, 0x0000, 0xf81f, 0xf81f, 0xf81f, 0xf81f, 0xf81f, 0xf81f, 0xf81f, 0xf81f, 0xf81f,
    0xf81f, 0xf81f, 0xf81f, 0xf81f, 0xf81f, 0xf81f, 0xf81f, 0xf81f, 0xf81f, 0xf81f, 0xf81f, 0xf81f,
    0xf81f, 0xf81f, 0xf81f, 0xf81f, 0xf81f, 0xf81f, 0xf81f, 0xf81f, 0xf81f, 0xf81f, 0xf81f, 0xf81f,
    0xf81f, 0xf81f, 0x0000, 0xffff, 0xffff, 0xffff, 0xffff, 0xffff, 0x8537, 0x6db8, 0x6db8, 0x6db8,
    0x0000, 0xffff, 0xffff, 0xffff, 0xffff, 0xffff, 0xffff, 0xffff, 0x0000, 0x0000, 0x2b10, 0x4c56,
    0x4c56, 0x4c56, 0x1168, 0x1168, 0x0000, 0x0000, 0x0000, 0x0000, 0x0000, 0x0000, 0x1168, 0x2b10,
    0x4c56, 0x4c56, 0x0000, 0x0000, 0xffff, 0x8e19, 0x8e19, 0x8e19, 0x0000, 0xffff, 0xffff, 0xffff,
    0xffff, 0xffff, 0xffff, 0xffff, 0xffff, 0xffff, 0xffff, 0xffff, 0xffff, 0xffff, 0x6db8, 0xbe9c,
    0xffff, 0xffff, 0x0000, 0xf81f, 0xf81f, 0xf81f, 0xf81f, 0xf81f, 0xf81f, 0xf81f, 0xf81f, 0xf81f,
    0xf81f, 0xf81f, 0xf81f, 0xf81f, 0xf81f, 0xf81f, 0xf81f, 0xf81f, 0xf81f, 0xf81f, 0xf81f, 0xf81f,
    0xf81f, 0xf81f, 0xf81f, 0xf81f, 0xf81f, 0xf81f, 0xf81f, 0xf81f, 0xf81f, 0xf81f, 0xf81f, 0xf81f,
    0xf81f, 0xf81f, 0x0000, 0xffff, 0xffff, 0xffff, 0xffff, 0xbe9c, 0x8537, 0x6db8, 0x6db8, 0x0000,
    0x0000, 0xffff, 0xffff, 0xffff, 0xffff, 0xffff, 0xffff, 0xffff, 0xffff, 0x0000, 0x0000, 0x2b10,
    0x2b10, 0x2b10, 0x4c56, 0x1168, 0x1168, 0x1168, 0x1168, 0x1168, 0x1168, 0x1168, 0x2b10, 0x4c56,
    0x4c56, 0x0000, 0x0000, 0xffff, 0xbe9c, 0xbe9c, 0x8e19, 0x0000, 0xffff, 0xffff, 0xffff, 0xffff,
    0xffff, 0xffff, 0xffff, 0xffff, 0xffff, 0xffff, 0xffff, 0xffff, 0xffff, 0xffff, 0x6db8, 0xbe9c,
    0xffff, 0xffff, 0x0000, 0xf81f, 0xf81f, 0xf81f, 0xf81f, 0xf81f, 0xf81f, 0xf81f, 0xf81f, 0xf81f,
    0xf81f, 0xf81f, 0xf81f, 0xf81f, 0xf81f, 0xf81f, 0xf81f, 0xf81f, 0xf81f, 0xf81f, 0xf81f, 0xf81f,
    0xf81f, 0xf81f, 0xf81f, 0xf81f, 0xf81f, 0xf81f, 0xf81f, 0xf81f, 0xf81f, 0xf81f, 0xf81f, 0xf81f,
    0xf81f, 0xf81f, 0x0000, 0xffff, 0xffff, 0xffff, 0xffff, 0xbe9c, 0x8537, 0x6db8, 0x6db8, 0x0000,
    0xffff, 0xffff, 0xffff, 0xffff, 0xffff, 0xffff, 0xffff, 0xffff, 0xffff, 0xffff, 0x0000, 0x0000,
    0x2b10, 0x4c56, 0x2b10, 0x2b10, 0x2b10, 0x2b10, 0x2b10, 0x2b10, 0x4c56, 0x4c56, 0x4c56, 0x4c56,
    0x0000, 0x0000, 0xffff, 0xffff, 0xbe9c, 0x8e19, 0x8e19, 0x0000, 0xffff, 0xffff, 0xffff, 0xffff,
    0xffff, 0xffff, 0xffff, 0xffff, 0xffff, 0xffff, 0xffff, 0xffff, 0xffff, 0xffff, 0x6db8, 0xbe9c,
    0xbe9c, 0xffff, 0x0000, 0xf81f, 0xf81f, 0xf81f, 0xf81f, 0xf81f, 0xf81f, 0xf81f, 0xf81f, 0xf81f,
    0xf81f, 0xf81f, 0xf81f, 0xf81f, 0xf81f, 0xf81f, 0xf81f, 0xf81f, 0xf81f, 0xf81f, 0xf81f, 0xf81f,
    0xf81f, 0xf81f, 0xf81f, 0xf81f, 0xf81f, 0xf81f, 0xf81f, 0xf81f, 0xf81f, 0xf81f, 0xf81f, 0xf81f,
    0xf81f, 0x0000, 0x0000, 0xffff, 0xffff, 0xffff, 0xffff, 0xbe9c, 0x8537, 0x8537, 0x6db8, 0x0000,
    0xffff, 0xffff, 0xffff, 0xffff, 0xffff, 0xbe9c, 0xffff, 0xbe9c, 0xffff, 0xffff, 0xffff, 0x0000,
    0x0000, 0x4c56, 0x4c56, 0x4c56, 0x2b10, 0x2b10, 0x2b10, 0x4c56, 0x4c56, 0x4c56, 0x0000, 0x0000,
    0x0000, 0xffff, 0xffff, 0xbe9c, 0xbe9c, 0x8e19, 0x8e19, 0x0000, 0xffff, 0xffff, 0xffff, 0xffff,
    0xffff, 0xffff, 0xffff, 0xffff, 0xffff, 0xffff, 0xffff, 0xffff, 0xffff, 0xffff, 0x6db8, 0xbe9c,
    0xbe9c, 0xffff, 0x0000, 0xf81f, 0xf81f, 0xf81f, 0xf81f, 0xf81f, 0xf81f, 0xf81f, 0xf81f, 0xf81f,
    0xf81f, 0xf81f, 0xf81f, 0xf81f, 0xf81f, 0xf81f, 0xf81f, 0xf81f, 0xf81f, 0xf81f, 0xf81f, 0xf81f,
    0xf81f, 0xf81f, 0xf81f, 0xf81f, 0xf81f, 0xf81f, 0xf81f, 0xf81f, 0xf81f, 0xf81f, 0xf81f, 0xf81f,
    0xf81f, 0x0000, 0xffff, 0xffff, 0xffff, 0xffff, 0xbe9c, 0xbe9c, 0x8537, 0x8537, 0x8537, 0x0000,
    0xffff, 0xffff, 0xffff, 0xffff, 0xffff, 0xbe9c, 0xffff, 0xbe9c, 0xbe9c, 0xffff, 0xffff, 0xffff,
    0x0000, 0x0000, 0x0000, 0x4c56, 0x4c56, 0x4c56, 0x4c56, 0x4c56, 0x0000, 0x0000, 0x0000, 0xffff,
    0xffff, 0xffff, 0xffff, 0xbe9c, 0xbe9c, 0x8e19, 0x8e19, 0x0000, 0xffff, 0xffff, 0xffff, 0xffff,
    0xffff, 0xffff, 0xffff, 0xffff, 0xffff, 0xffff, 0xffff, 0xffff, 0xffff, 0x6db8, 0x6db8, 0xbe9c,
    0xbe9c, 0xbe9c, 0x0000, 0xf81f, 0xf81f, 0xf81f, 0xf81f, 0xf81f, 0xf81f, 0xf81f, 0xf81f, 0xf81f,
    0xf81f, 0xf81f, 0xf81f, 0xf81f, 0xf81f, 0xf81f, 0xf81f, 0xf81f, 0xf81f, 0xf81f, 0xf81f, 0xf81f,
    0xf81f, 0xf81f, 0xf81f, 0xf81f, 0xf81f, 0xf81f, 0xf81f, 0xf81f, 0xf81f, 0xf81f, 0xf81f, 0xf81f,
    0xf81f, 0x0000, 0xffff, 0xffff, 0xffff, 0xffff, 0xbe9c, 0xbe9c, 0x8537, 0x8537, 0x8537, 0x0000,
    0xffff, 0xffff, 0xffff, 0xffff, 0xffff, 0xbe9c, 0xbe9c, 0xbe9c, 0xbe9c, 0xbe9c, 0xbe9c, 0xffff,
    0xffff, 0xffff, 0x0000, 0x0000, 0x0000, 0x0000, 0x0000, 0x0000, 0x0000, 0xffff, 0xffff, 0xffff,
    0xffff, 0xffff, 0xffff, 0xbe9c, 0x8e19, 0x8e19, 0x8e19, 0x0000, 0xffff, 0xffff, 0xffff, 0xffff,
    0xffff, 0xffff, 0xffff, 0xffff, 0xffff, 0xffff, 0xffff, 0xffff, 0xffff, 0x6db8, 0x6db8, 0xbe9c,
    0xbe9c, 0xbe9c, 0x0000, 0xf81f, 0xf81f, 0xf81f, 0xf81f, 0xf81f, 0xf81f, 0xf81f, 0xf81f, 0xf81f,
    0xf81f, 0xf81f, 0xf81f, 0xf81f, 0xf81f, 0xf81f, 0xf81f, 0xf81f, 0xf81f, 0xf81f, 0xf81f, 0xf81f,
    0xf81f, 0xf81f, 0xf81f, 0xf81f, 0xf81f, 0xf81f, 0xf81f, 0xf81f, 0xf81f, 0xf81f, 0xf81f, 0xf81f,
    0xf81f, 0x0000, 0xffff, 0xffff, 0xffff, 0xffff, 0xbe9c, 0xbe9c, 0x8537, 0x8537, 0x8537, 0x0000,
    0xffff, 0xffff, 0xffff, 0xffff, 0xffff, 0xbe9c, 0xbe9c, 0xbe9c, 0xbe9c, 0xbe9c, 0xbe9c, 0xffff,
    0xffff, 0xffff, 0xffff, 0xffff, 0xffff, 0xffff, 0xffff, 0xffff, 0xbe9c, 0xbe9c, 0xbe9c, 0xbe9c,
    0xbe9c, 0xbe9c, 0xffff, 0xbe9c, 0xbe9c, 0x4452, 0x8e19, 0x0000, 0xffff, 0xffff, 0xffff, 0xffff,
    0xffff, 0xffff, 0xffff, 0xffff, 0xffff, 0xffff, 0xffff, 0xffff, 0x6db8, 0x6db8, 0x6db8, 0xbe9c,
    0xbe9c, 0xbe9c, 0x0000, 0xf81f, 0xf81f, 0xf81f, 0xf81f, 0xf81f, 0xf81f, 0xf81f, 0xf81f, 0xf81f,
    0xf81f, 0xf81f, 0xf81f, 0xf81f, 0xf81f, 0xf81f, 0xf81f, 0xf81f, 0xf81f, 0xf81f, 0xf81f, 0xf81f,
    0xf81f, 0xf81f, 0xf81f, 0xf81f, 0xf81f, 0xf81f, 0xf81f, 0xf81f, 0xf81f, 0xf81f, 0xf81f, 0xf81f,
    0x0000, 0x0000, 0xffff, 0xffff, 0xffff, 0xffff, 0xbe9c, 0xbe9c, 0x8537, 0x8537, 0x8537, 0x0000,
    0xffff, 0xffff, 0xffff, 0xffff, 0xffff, 0xffff, 0xbe9c, 0xffff, 0xffff, 0xffff, 0xffff, 0xffff,
    0xffff, 0xffff, 0xffff, 0xffff, 0xffff, 0xffff, 0xffff, 0xffff, 0xffff, 0xbe9c, 0xbe9c, 0xbe9c,
    0xffff, 0xffff, 0xffff, 0xbe9c, 0x8e19, 0x4452, 0x0000, 0x0000, 0xffff, 0xffff, 0xffff, 0xffff,
    0xffff, 0xffff, 0xffff, 0xffff, 0xffff, 0xffff, 0xffff, 0xffff, 0x6db8, 0x8537, 0x6db8, 0xbe9c,
    0xbe9c, 0xbe9c, 0x0000, 0xf81f, 0xf81f, 0xf81f, 0xf81f, 0xf81f, 0xf81f, 0xf81f, 0xf81f, 0xf81f,
    0xf81f, 0xf81f, 0xf81f, 0xf81f, 0xf81f, 0xf81f, 0xf81f, 0xf81f, 0xf81f, 0xf81f, 0xf81f, 0xf81f,
    0xf81f, 0xf81f, 0xf81f, 0xf81f, 0xf81f, 0xf81f, 0xf81f, 0xf81f, 0xf81f, 0xf81f, 0xf81f, 0xf81f,
    0x0000, 0xffff, 0xffff, 0xffff, 0xffff, 0xffff, 0xbe9c, 0xbe9c, 0x8537, 0x8537, 0x8537, 0x0000,
    0xffff, 0xffff, 0xffff, 0xffff, 0xffff, 0xffff, 0xffff, 0xffff, 0xffff, 0xffff, 0xffff, 0xffff,
    0xffff, 0xffff, 0xffff, 0xffff, 0xffff, 0xffff, 0xffff, 0xffff, 0xffff, 0xffff, 0xffff, 0xffff,
    0xffff, 0xffff, 0xffff, 0xbe9c, 0x4452, 0x4452, 0x0000, 0xffff, 0xffff, 0xffff, 0xffff, 0xffff,
    0xffff, 0xffff, 0xffff, 0xffff, 0xffff, 0xffff, 0xffff, 0xffff, 0x8537, 0x8537, 0x6db8, 0xbe9c,
    0xbe9c, 0x8537, 0x0000, 0xf81f, 0xf81f, 0xf81f, 0xf81f, 0xf81f, 0xf81f, 0xf81f, 0xf81f, 0xf81f,
    0xf81f, 0xf81f, 0xf81f, 0xf81f, 0xf81f, 0xf81f, 0xf81f, 0xf81f, 0xf81f, 0xf81f, 0xf81f, 0xf81f,
    0xf81f, 0xf81f, 0xf81f, 0xf81f, 0xf81f, 0xf81f, 0xf81f, 0xf81f, 0xf81f, 0xf81f, 0xf81f, 0xf81f,
    0x0000, 0xffff, 0xffff, 0xffff, 0xffff, 0xffff, 0xbe9c, 0xbe9c, 0x8537, 0x8537, 0x8537, 0x8537,
    0x0000, 0xffff, 0xffff, 0xffff, 0xffff, 0xffff, 0xffff, 0xffff, 0xffff, 0xffff, 0xffff, 0xffff,
    0xffff, 0xffff, 0xffff, 0xffff, 0xffff, 0xffff, 0xffff, 0xffff, 0xffff, 0xffff, 0xffff, 0xbe9c,
    0xbe9c, 0xffff, 0xffff, 0xbe9c, 0x4452, 0x4452, 0x0000, 0xffff, 0xffff, 0xffff, 0xffff, 0xffff,
    0xffff, 0xffff, 0xffff, 0xffff, 0xffff, 0xffff, 0xffff, 0x8537, 0x8537, 0x8537, 0x6db8, 0xbe9c,
    0xbe9c, 0x8537, 0x0000, 0xf81f, 0xf81f, 0xf81f, 0xf81f, 0xf81f, 0xf81f, 0xf81f, 0xf81f, 0xf81f,
    0xf81f, 0xf81f, 0xf81f, 0xf81f, 0xf81f, 0xf81f, 0xf81f, 0xf81f, 0xf81f, 0xf81f, 0xf81f, 0xf81f,
    0xf81f, 0xf81f, 0xf81f, 0xf81f, 0xf81f, 0xf81f, 0xf81f, 0xf81f, 0xf81f, 0xf81f, 0xf81f, 0xf81f,
    0x0000, 0xffff, 0xffff, 0xffff, 0xffff, 0xffff, 0xbe9c, 0xbe9c, 0x8537, 0x8537, 0x8537, 0x8537,
    0x0000, 0xffff, 0xffff, 0xffff, 0xffff, 0xffff, 0xffff, 0xffff, 0xffff, 0xffff, 0xffff, 0xffff,
    0xffff, 0xffff, 0xffff, 0xffff, 0xffff, 0xffff, 0xffff, 0xffff, 0xffff, 0xffff, 0xffff, 0xbe9c,
    0xbe9c, 0xbe9c, 0xbe9c, 0xffff, 0x4452, 0x4452, 0x0000, 0xffff, 0xffff, 0xffff, 0xffff, 0xffff,
    0xffff, 0xffff, 0xffff, 0xffff, 0xffff, 0xffff, 0xffff, 0x8537, 0x6db8, 0x6db8, 0xbe9c, 0x6db8,
    0x8537, 0x8537, 0x0000, 0xf81f, 0xf81f, 0xf81f, 0xf81f, 0xf81f, 0xf81f, 0xf81f, 0xf81f, 0xf81f,
    0xf81f, 0xf81f, 0xf81f, 0xf81f, 0xf81f, 0xf81f, 0xf81f, 0xf81f, 0xf81f, 0xf81f, 0xf81f, 0xf81f,
    0xf81f, 0xf81f, 0xf81f, 0xf81f, 0xf81f, 0xf81f, 0xf81f, 0xf81f, 0xf81f, 0xf81f, 0xf81f, 0xf81f,
    0x0000, 0xffff, 0xffff, 0xffff, 0xffff, 0xffff, 0xbe9c, 0xbe9c, 0x8537, 0x8537, 0x8537, 0x8537,
    0x0000, 0xffff, 0xffff, 0xffff, 0xffff, 0xffff, 0xffff, 0xffff, 0xffff, 0xffff, 0xffff, 0xffff,
    0xffff, 0xffff, 0xffff, 0xffff, 0xffff, 0xffff, 0xffff, 0xffff, 0xffff, 0xffff, 0xffff, 0xbe9c,
    0xbe9c, 0xbe9c, 0xbe9c, 0xffff, 0x4452, 0x4452, 0x0000, 0xffff, 0xffff, 0xffff, 0xffff, 0xffff,
    0xffff, 0xffff, 0xffff, 0xffff, 0xffff, 0x8537, 0x8537, 0x8537, 0x6db8, 0x6db8, 0x6db8, 0x6db8,
    0x8537, 0x0000, 0x0000, 0xf81f, 0xf81f, 0xf81f, 0xf81f, 0xf81f, 0xf81f, 0xf81f, 0xf81f, 0xf81f,
    0xf81f, 0xf81f, 0xf81f, 0xf81f, 0xf81f, 0xf81f, 0xf81f, 0xf81f, 0xf81f, 0xf81f, 0xf81f, 0xf81f,
    0xf81f, 0xf81f, 0xf81f, 0xf81f, 0xf81f, 0xf81f, 0xf81f, 0xf81f, 0xf81f, 0xf81f, 0xf81f, 0xf81f,
    0x0000, 0xffff, 0xffff, 0xffff, 0xffff, 0xffff, 0xbe9c, 0xbe9c, 0x8537, 0x8537, 0x8537, 0x8537,
    0x0000, 0xffff, 0xffff, 0xffff, 0xffff, 0xffff, 0xffff, 0xffff, 0xffff, 0xffff, 0xffff, 0xffff,
    0xffff, 0xffff, 0x2bb0, 0x2bb0, 0xffff, 0xffff, 0xffff, 0xffff, 0xffff, 0xffff, 0xffff, 0xffff,
    0xffff, 0xffff, 0xffff, 0xbe9c, 0x4452, 0x4452, 0x0000, 0xffff, 0xffff, 0xffff, 0xffff, 0xffff,
    0xffff, 0xffff, 0xffff, 0xffff, 0xffff, 0x8537, 0x8537, 0x8537, 0x6db8, 0x6db8, 0x6db8, 0x6db8,
    0x8537, 0x0000, 0x0000, 0xf81f, 0xf81f, 0xf81f, 0xf81f, 0xf81f, 0xf81f, 0xf81f, 0xf81f, 0xf81f,
    0xf81f, 0xf81f, 0xf81f, 0xf81f, 0xf81f, 0xf81f, 0xf81f, 0xf81f, 0xf81f, 0xf81f, 0xf81f, 0xf81f,
    0xf81f, 0xf81f, 0xf81f, 0xf81f, 0xf81f, 0xf81f, 0xf81f, 0xf81f, 0xf81f, 0xf81f, 0xf81f, 0xf81f,
    0xf81f, 0x0000, 0xffff, 0xffff, 0xffff, 0xffff, 0xbe9c, 0xbe9c, 0x8537, 0x8537, 0x8537, 0x8537,
    0x0000, 0xffff, 0xffff, 0xffff, 0xffff, 0xffff, 0xffff, 0xffff, 0xffff, 0xffff, 0xffff, 0xffff,
    0xffff, 0xffff, 0x2bb0, 0x2bb0, 0xbe9c, 0xffff, 0xffff, 0xffff, 0xffff, 0xffff, 0xffff, 0xffff,
    0xffff, 0xffff, 0xffff, 0xffff, 0x4452, 0x4452, 0x0000, 0xffff, 0xffff, 0xffff, 0xffff, 0xffff,
    0xffff, 0xffff, 0xffff, 0xffff, 0x8537, 0x8537, 0x8537, 0x8537, 0x6db8, 0x6db8, 0x6db8, 0x8537,
    0x8537, 0x0000, 0xf81f, 0xf81f, 0xf81f, 0xf81f, 0xf81f, 0xf81f, 0xf81f, 0xf81f, 0xf81f, 0xf81f,
    0xf81f, 0xf81f, 0xf81f, 0xf81f, 0xf81f, 0xf81f, 0xf81f, 0xf81f, 0xf81f, 0xf81f, 0xf81f, 0xf81f,
    0xf81f, 0xf81f, 0xf81f, 0xf81f, 0xf81f, 0xf81f, 0xf81f, 0xf81f, 0xf81f, 0xf81f, 0xf81f, 0xf81f,
    0xf81f, 0x0000, 0xffff, 0x0000, 0x0000, 0x0000, 0xbe9c, 0xbe9c, 0x8537, 0x8537, 0x8537, 0x8537,
    0x0000, 0x0000, 0xffff, 0xffff, 0xffff, 0xffff, 0xffff, 0xffff, 0xffff, 0xffff, 0xffff, 0xffff,
    0xffff, 0xffff, 0x2bb0, 0x2bb0, 0xbe9c, 0xffff, 0xffff, 0xffff, 0xffff, 0xffff, 0xffff, 0xffff,
    0xffff, 0xffff, 0xffff, 0xffff, 0x4452, 0x4452, 0x0000, 0xffff, 0xffff, 0xffff, 0xffff, 0xffff,
    0xffff, 0xffff, 0xffff, 0xffff, 0x8537, 0x8537, 0x8537, 0x8537, 0x6db8, 0x6db8, 0x8537, 0x8537,
    0x0000, 0xf81f, 0xf81f, 0xf81f, 0xf81f, 0xf81f, 0xf81f, 0xf81f, 0xf81f, 0xf81f, 0xf81f, 0xf81f,
    0xf81f, 0xf81f, 0xf81f, 0xf81f, 0xf81f, 0xf81f, 0xf81f, 0xf81f, 0xf81f, 0xf81f, 0xf81f, 0xf81f,
    0xf81f, 0xf81f, 0xf81f, 0xf81f, 0xf81f, 0xf81f, 0xf81f, 0xf81f, 0xf81f, 0xf81f, 0xf81f, 0xf81f,
    0xf81f, 0x0000, 0x0000, 0x0000, 0x2b10, 0x0000, 0x0000, 0xbe9c, 0x8537, 0x8537, 0x8537, 0x8537,
    0x8537, 0x0000, 0xffff, 0xffff, 0xffff, 0xffff, 0xffff, 0xffff, 0xffff, 0xffff, 0xffff, 0xffff,
    0xffff, 0xffff, 0x2bb0, 0x2bb0, 0x2bb0, 0x2bb0, 0xffff, 0xffff, 0xffff, 0xffff, 0xffff, 0xffff,
    0xffff, 0xffff, 0xffff, 0xffff, 0x4452, 0x4452, 0x0000, 0xffff, 0xffff, 0xffff, 0xffff, 0xffff,
    0xffff, 0xffff, 0xffff, 0x8537, 0x8537, 0x8537, 0x8537, 0x8537, 0x8537, 0x8537, 0x8537, 0x0000,
    0x0000, 0xf81f, 0xf81f, 0xf81f, 0xf81f, 0xf81f, 0xf81f, 0xf81f, 0xf81f, 0xf81f, 0xf81f, 0xf81f,
    0xf81f, 0xf81f, 0xf81f, 0xf81f, 0xf81f, 0xf81f, 0xf81f, 0xf81f, 0xf81f, 0xf81f, 0xf81f, 0xf81f,
    0xf81f, 0xf81f, 0xf81f, 0xf81f, 0xf81f, 0xf81f, 0xf81f, 0xf81f, 0xf81f, 0xf81f, 0xf81f, 0xf81f,
    0xf81f, 0xf81f, 0x0000, 0x0000, 0x2b10, 0x2b10, 0x0000, 0x0000, 0xbe9c, 0x8537, 0x8537, 0x8537,
    0x8537, 0x0000, 0x0000, 0xffff, 0xffff, 0xffff, 0xffff, 0xffff, 0xffff, 0xffff, 0xffff, 0xffff,
    0xffff, 0xffff, 0xbe9c, 0xbe9c, 0x2bb0, 0x2bb0, 0x2bb0, 0xffff, 0xffff, 0xffff, 0xffff, 0xffff,
    0xffff, 0xffff, 0xffff, 0xffff, 0x4452, 0x4452, 0x0000, 0x0000, 0xffff, 0xffff, 0xffff, 0xffff,
    0x0000, 0x0000, 0x0000, 0x8537, 0x8537, 0x8537, 0x8537, 0x8537, 0x8537, 0x8537, 0x8537, 0x0000,
    0xf81f, 0xf81f, 0xf81f, 0xf81f, 0xf81f, 0xf81f, 0xf81f, 0xf81f, 0xf81f, 0xf81f, 0xf81f, 0xf81f,
    0xf81f, 0xf81f, 0xf81f, 0xf81f, 0xf81f, 0xf81f, 0xf81f, 0xf81f, 0xf81f, 0xf81f, 0xf81f, 0xf81f,
    0xf81f, 0xf81f, 0xf81f, 0xf81f, 0xf81f, 0xf81f, 0xf81f, 0xf81f, 0xf81f, 0xf81f, 0xf81f, 0xf81f,
    0xf81f, 0xf81f, 0xf81f, 0x0000, 0x2b10, 0x2b10, 0x7d9a, 0x7d9a, 0x0000, 0xbe9c, 0xbe9c, 0xbe9c,
    0xbe9c, 0xbe9c, 0x0000, 0xffff, 0xffff, 0xffff, 0xffff, 0xffff, 0xffff, 0xffff, 0xffff, 0xffff,
    0xffff, 0xffff, 0xbe9c, 0xbe9c, 0x8537, 0x2bb0, 0x2bb0, 0xffff, 0xffff, 0xffff, 0xffff, 0xffff,
    0xffff, 0xffff, 0xffff, 0xffff, 0x2bb0, 0x4452, 0x22cc, 0x0000, 0xffff, 0xffff, 0xffff, 0x0000,
    0x2b10, 0x2b10, 0x0000, 0x0000, 0x0000, 0x8537, 0x8537, 0x0000, 0x8537, 0x0000, 0x0000, 0x0000,
    0xf81f, 0xf81f, 0xf81f, 0xf81f, 0xf81f, 0xf81f, 0xf81f, 0xf81f, 0xf81f, 0xf81f, 0xf81f, 0xf81f,
    0xf81f, 0xf81f, 0xf81f, 0xf81f, 0xf81f, 0xf81f, 0xf81f, 0xf81f, 0xf81f, 0xf81f, 0xf81f, 0xf81f,
    0xf81f, 0xf81f, 0xf81f, 0xf81f, 0xf81f, 0xf81f, 0xf81f, 0xf81f, 0xf81f, 0xf81f, 0xf81f, 0xf81f,
    0xf81f, 0xf81f, 0xf81f, 0x0000, 0x2b10, 0x2b10, 0x7d9a, 0x7d9a, 0x1168, 0x0000, 0xbe9c, 0xbe9c,
    0xbe9c, 0xbe9c, 0x0000, 0xffff, 0xffff, 0xffff, 0xffff, 0xffff, 0xffff, 0xffff, 0xffff, 0xffff,
    0xffff, 0xffff, 0xbe9c, 0xbe9c, 0x2bb0, 0x2bb0, 0x0000, 0x0000, 0xffff, 0xffff, 0xffff, 0xffff,
    0xffff, 0xffff, 0xffff, 0xffff, 0x2bb0, 0x2bb0, 0x4452, 0x0000, 0xffff, 0xffff, 0xffff, 0x0000,
    0x4c56, 0x4c56, 0x2b10, 0x2b10, 0x0000, 0x0000, 0x0000, 0x0000, 0x2b10, 0x2b10, 0x2b10, 0x0000,
    0x0000, 0xf81f, 0xf81f, 0xf81f, 0xf81f, 0xf81f, 0xf81f, 0xf81f, 0xf81f, 0xf81f, 0xf81f, 0xf81f,
    0xf81f, 0xf81f, 0xf81f, 0xf81f, 0xf81f, 0xf81f, 0xf81f, 0xf81f, 0xf81f, 0xf81f, 0xf81f, 0xf81f,
    0xf81f, 0xf81f, 0xf81f, 0xf81f, 0xf81f, 0xf81f, 0xf81f, 0xf81f, 0xf81f, 0xf81f, 0xf81f, 0xf81f,
    0xf81f, 0xf81f, 0xf81f, 0x0000, 0x0000, 0x2b10, 0x7d9a, 0x0000, 0x1168, 0x1168, 0x0000, 0x0000,
    0xbe9c, 0xbe9c, 0x0000, 0xffff, 0xffff, 0xffff, 0xffff, 0xffff, 0xffff, 0xffff, 0xffff, 0xffff,
    0xffff, 0xffff, 0xbe9c, 0xbe9c, 0x8537, 0x2bb0, 0x2bb0, 0x0000, 0xffff, 0xffff, 0xffff, 0xffff,
    0xffff, 0xffff, 0xffff, 0xffff, 0x2bb0, 0x2bb0, 0x4452, 0x0000, 0x0000, 0xffff, 0xffff, 0x0000,
    0x4c56, 0x4c56, 0x2b10, 0x2b10, 0x2b10, 0x2b10, 0x0000, 0x0000, 0x2b10, 0x2b10, 0x2b10, 0x0000,
    0x0000, 0xf81f, 0xf81f, 0xf81f, 0xf81f, 0xf81f, 0xf81f, 0xf81f, 0xf81f, 0xf81f, 0xf81f, 0xf81f,
    0xf81f, 0xf81f, 0xf81f, 0xf81f, 0xf81f, 0xf81f, 0xf81f, 0xf81f, 0xf81f, 0xf81f, 0xf81f, 0xf81f,
    0xf81f, 0xf81f, 0xf81f, 0xf81f, 0xf81f, 0xf81f, 0xf81f, 0xf81f, 0xf81f, 0xf81f, 0xf81f, 0xf81f,
    0xf81f, 0xf81f, 0xf81f, 0xf81f, 0x0000, 0x2b10, 0x7d9a, 0x0000, 0x1168, 0x1168, 0x1168, 0x1168,
    0x0000, 0x0000, 0x0000, 0xffff, 0xffff, 0xffff, 0xffff, 0xffff, 0xffff, 0xffff, 0xffff, 0xffff,
    0xffff, 0xffff, 0xbe9c, 0xbe9c, 0x8537, 0x2bb0, 0x2bb0, 0x0000, 0x0000, 0xffff, 0xffff, 0xffff,
    0xffff, 0xffff, 0xffff, 0xffff, 0x2bb0, 0x2bb0, 0x4452, 0x0000, 0x0000, 0x0000, 0xffff, 0x0000,
    0x4c56, 0x4c56, 0x2b10, 0x2b10, 0x2b10, 0x2b10, 0x2b10, 0x2b10, 0x2b10, 0x2b10, 0x2b10, 0x2b10,
    0x0000, 0xf81f, 0xf81f, 0xf81f, 0xf81f, 0xf81f, 0xf81f, 0xf81f, 0xf81f, 0xf81f, 0xf81f, 0xf81f,
    0xf81f, 0xf81f, 0xf81f, 0xf81f, 0xf81f, 0xf81f, 0xf81f, 0xf81f, 0xf81f, 0xf81f, 0xf81f, 0xf81f,
    0xf81f, 0xf81f, 0xf81f, 0xf81f, 0xf81f, 0xf81f, 0xf81f, 0xf81f, 0xf81f, 0xf81f, 0xf81f, 0xf81f,
    0xf81f, 0xf81f, 0xf81f, 0xf81f, 0x0000, 0x2b10, 0x7d9a, 0x0000, 0x1168, 0x1168, 0x1168, 0x1168,
    0x1168, 0x1168, 0x0000, 0xffff, 0xffff, 0xffff, 0xffff, 0xffff, 0xffff, 0xffff, 0xffff, 0xffff,
    0xffff, 0xffff, 0xbe9c, 0xbe9c, 0x8537, 0x8537, 0x2bb0, 0x0000, 0x0000, 0x0000, 0xffff, 0xffff,
    0xffff, 0xffff, 0xffff, 0xffff, 0x2bb0, 0x2bb0, 0x4452, 0x0000, 0x1168, 0x0000, 0x0000, 0x0000,
    0x4c56, 0x4c56, 0x2b10, 0x2b10, 0x2b10, 0x2b10, 0x2b10, 0x2b10, 0x2b10, 0x2b10, 0x4c56, 0x2b10,
    0x0000, 0xf81f, 0xf81f, 0xf81f, 0xf81f, 0xf81f, 0xf81f, 0xf81f, 0xf81f, 0xf81f, 0xf81f, 0xf81f,
    0xf81f, 0xf81f, 0xf81f, 0xf81f, 0xf81f, 0xf81f, 0xf81f, 0xf81f, 0xf81f, 0xf81f, 0xf81f, 0xf81f,
    0xf81f, 0xf81f, 0xf81f, 0xf81f, 0xf81f, 0xf81f, 0xf81f, 0xf81f, 0xf81f, 0xf81f, 0xf81f, 0xf81f,
    0xf81f, 0xf81f, 0xf81f, 0xf81f, 0x0000, 0x7d9a, 0x7d9a, 0x0000, 0x1168, 0x1168, 0x0000, 0x1168,
    0x1168, 0x1168, 0x0000, 0xffff, 0xffff, 0xffff, 0xffff, 0xffff, 0xffff, 0xffff, 0xffff, 0xffff,
    0xffff, 0xffff, 0xbe9c, 0xbe9c, 0x8537, 0x8537, 0x2bb0, 0x0000, 0xf81f, 0x0000, 0xffff, 0xffff,
    0xffff, 0xffff, 0xffff, 0xffff, 0xffff, 0x2bb0, 0x2bb0, 0x0000, 0x1168, 0x1168, 0x0000, 0x0000,
    0x4c56, 0x4c56, 0x4c56, 0x4c56, 0x2b10, 0x4c56, 0x4c56, 0x4c56, 0x4c56, 0x4c56, 0x4c56, 0x4c56,
    0x0000, 0xf81f, 0xf81f, 0xf81f, 0xf81f, 0xf81f, 0xf81f, 0xf81f, 0xf81f, 0xf81f, 0xf81f, 0xf81f,
    0xf81f, 0xf81f, 0xf81f, 0xf81f, 0xf81f, 0xf81f, 0xf81f, 0xf81f, 0xf81f, 0xf81f, 0xf81f, 0xf81f,
    0xf81f, 0xf81f, 0xf81f, 0xf81f, 0xf81f, 0xf81f, 0xf81f, 0xf81f, 0xf81f, 0xf81f, 0xf81f, 0xf81f,
    0xf81f, 0xf81f, 0xf81f, 0xf81f, 0x0000, 0x2b10, 0x2b10, 0x0000, 0x1168, 0x1168, 0x0000, 0x1168,
    0x1168, 0x1168, 0x0000, 0xffff, 0xffff, 0xffff, 0xffff, 0xffff, 0xffff, 0xffff, 0xffff, 0xffff,
    0xffff, 0xffff, 0xbe9c, 0xbe9c, 0x8537, 0x8537, 0x2bb0, 0x0000, 0xf81f, 0x0000, 0xffff, 0xffff,
    0xffff, 0xffff, 0xffff, 0xffff, 0xffff, 0x2bb0, 0x2bb0, 0x0000, 0x1168, 0x1168, 0x1168, 0x0000,
    0x4c56, 0x4c56, 0x4c56, 0x4c56, 0x4c56, 0x4c56, 0x0000, 0x4c56, 0x4c56, 0x0000, 0x4c56, 0x0000,
    0xf81f, 0xf81f, 0xf81f, 0xf81f, 0xf81f, 0xf81f, 0xf81f, 0xf81f, 0xf81f, 0xf81f, 0xf81f, 0xf81f,
    0xf81f, 0xf81f, 0xf81f, 0xf81f, 0xf81f, 0xf81f, 0xf81f, 0xf81f, 0xf81f, 0xf81f, 0xf81f, 0xf81f,
    0xf81f, 0xf81f, 0xf81f, 0xf81f, 0xf81f, 0xf81f, 0xf81f, 0xf81f, 0xf81f, 0xf81f, 0xf81f, 0xf81f,
    0xf81f, 0xf81f, 0xf81f, 0xf81f, 0xf81f, 0x0000, 0x0000, 0x0000, 0x1168, 0x1168, 0x0000, 0x1168,
    0x1168, 0x1168, 0x0000, 0xffff, 0xbe9c, 0xffff, 0xffff, 0xffff, 0xffff, 0xffff, 0xffff, 0xffff,
    0xffff, 0xffff, 0xbe9c, 0xbe9c, 0x8537, 0x8537, 0x2bb0, 0x0000, 0xf81f, 0x0000, 0xffff, 0xffff,
    0xffff, 0xffff, 0xffff, 0xffff, 0xffff, 0x8e19, 0x2bb0, 0x0000, 0x0000, 0x1168, 0x1168, 0x0000,
    0x4c56, 0x4c56, 0x4c56, 0x0000, 0x4c56, 0x4c56, 0x0000, 0x4c56, 0x4c56, 0x0000, 0x4c56, 0x0000,
    0xf81f, 0xf81f, 0xf81f, 0xf81f, 0xf81f, 0xf81f, 0xf81f, 0xf81f, 0xf81f, 0xf81f, 0xf81f, 0xf81f,
    0xf81f, 0xf81f, 0xf81f, 0xf81f, 0xf81f, 0xf81f, 0xf81f, 0xf81f, 0xf81f, 0xf81f, 0xf81f, 0xf81f,
    0xf81f, 0xf81f, 0xf81f, 0xf81f, 0xf81f, 0xf81f, 0xf81f, 0xf81f, 0xf81f, 0xf81f, 0xf81f, 0xf81f,
    0xf81f, 0xf81f, 0xf81f, 0xf81f, 0xf81f, 0xf81f, 0xf81f, 0x0000, 0x0000, 0x1168, 0x0000, 0x1168,
    0x1168, 0x1168, 0x0000, 0xffff, 0xbe9c, 0xbe9c, 0xbe9c, 0xbe9c, 0xbe9c, 0xffff, 0xffff, 0xffff,
    0xffff, 0xffff, 0xbe9c, 0xbe9c, 0x8537, 0x8537, 0x2bb0, 0x0000, 0xf81f, 0x0000, 0xffff, 0xffff,
    0xffff, 0xffff, 0xffff, 0xffff, 0xffff, 0xffff, 0x2bb0, 0x2bb0, 0x2bb0, 0x0000, 0x0000, 0x0000,
    0x4c56, 0x4c56, 0x4c56, 0x0000, 0x4c56, 0x4c56, 0x0000, 0x4c56, 0x4c56, 0x0000, 0x4c56, 0x0000,
    0xf81f, 0xf81f, 0xf81f, 0xf81f, 0xf81f, 0xf81f, 0xf81f, 0xf81f, 0xf81f, 0xf81f, 0xf81f, 0xf81f,
    0xf81f, 0xf81f, 0xf81f, 0xf81f, 0xf81f, 0xf81f, 0xf81f, 0xf81f, 0xf81f, 0xf81f, 0xf81f, 0xf81f,
    0xf81f, 0xf81f, 0xf81f, 0xf81f, 0xf81f, 0xf81f, 0xf81f, 0xf81f, 0xf81f, 0xf81f, 0xf81f, 0xf81f,
    0xf81f, 0xf81f, 0xf81f, 0xf81f, 0xf81f, 0xf81f, 0xf81f, 0xf81f, 0x0000, 0x1168, 0x0000, 0x1168,
    0x1168, 0x0000, 0x0000, 0xffff, 0xbe9c, 0xbe9c, 0xbe9c, 0xbe9c, 0xbe9c, 0xffff, 0xffff, 0xffff,
    0xffff, 0xffff, 0xbe9c, 0xbe9c, 0x8537, 0x8537, 0x8537, 0x0000, 0xf81f, 0x0000, 0xffff, 0xffff,
    0xffff, 0xffff, 0xffff, 0xffff, 0xffff, 0xffff, 0x8e19, 0x2bb0, 0x2bb0, 0x2bb0, 0x2bb0, 0x0000,
    0x4c56, 0x4c56, 0x4c56, 0x0000, 0x4c56, 0x4c56, 0x0000, 0x4c56, 0x4c56, 0x0000, 0x0000, 0x0000,
    0xf81f, 0xf81f, 0xf81f, 0xf81f, 0xf81f, 0xf81f, 0xf81f, 0xf81f, 0xf81f, 0xf81f, 0xf81f, 0xf81f,
    0xf81f, 0xf81f, 0xf81f, 0xf81f, 0xf81f, 0xf81f, 0xf81f, 0xf81f, 0xf81f, 0xf81f, 0xf81f, 0xf81f,
    0xf81f, 0xf81f, 0xf81f, 0xf81f, 0xf81f, 0xf81f, 0xf81f, 0xf81f, 0xf81f, 0xf81f, 0xf81f, 0xf81f,
    0xf81f, 0xf81f, 0xf81f, 0xf81f, 0xf81f, 0xf81f, 0xf81f, 0xf81f, 0x0000, 0x0000, 0x0000, 0x0000,
    0x0000, 0x0000, 0x0000, 0xffff, 0xffff, 0xbe9c, 0xbe9c, 0xbe9c, 0xbe9c, 0xffff, 0xffff, 0xffff,
    0xffff, 0xffff, 0xbe9c, 0xbe9c, 0x8537, 0x8537, 0x8537, 0x0000, 0xf81f, 0x0000, 0xffff, 0xffff,
    0xffff, 0xbe9c, 0xffff, 0xffff, 0xffff, 0xffff, 0xffff, 0x8e19, 0x2bb0, 0x2bb0, 0x2bb0, 0x0000,
    0x0000, 0x0000, 0x0000, 0x0000, 0x0000, 0x0000, 0x0000, 0x0000, 0x0000, 0x0000, 0xf81f, 0xf81f,
    0xf81f, 0xf81f, 0xf81f, 0xf81f, 0xf81f, 0xf81f, 0xf81f, 0xf81f, 0xf81f, 0xf81f, 0xf81f, 0xf81f,
    0xf81f, 0xf81f, 0xf81f, 0xf81f, 0xf81f, 0xf81f, 0xf81f, 0xf81f, 0xf81f, 0xf81f, 0xf81f, 0xf81f,
    0xf81f, 0xf81f, 0xf81f, 0xf81f, 0xf81f, 0xf81f, 0xf81f, 0xf81f, 0xf81f, 0xf81f, 0xf81f, 0xf81f,
    0xf81f, 0xf81f, 0xf81f, 0xf81f, 0xf81f, 0xf81f, 0xf81f, 0xf81f, 0xf81f, 0xf81f, 0xf81f, 0xf81f,
    0xf81f, 0xf81f, 0x0000, 0xffff, 0xffff, 0xbe9c, 0xffff, 0xffff, 0xffff, 0xffff, 0xffff, 0xffff,
    0xffff, 0xffff, 0xbe9c, 0xbe9c, 0x8537, 0x8537, 0x8537, 0x0000, 0xf81f, 0x0000, 0xffff, 0xffff,
    0xffff, 0xbe9c, 0xbe9c, 0xbe9c, 0xbe9c, 0xbe9c, 0xffff, 0x8e19, 0x8e19, 0x8e19, 0x2bb0, 0x2bb0,
    0x2bb0, 0x2bb0, 0x2bb0, 0x2bb0, 0x2bb0, 0x0000, 0xf81f, 0xf81f, 0xf81f, 0xf81f, 0xf81f, 0xf81f,
    0xf81f, 0xf81f, 0xf81f, 0xf81f, 0xf81f, 0xf81f, 0xf81f, 0xf81f, 0xf81f, 0xf81f, 0xf81f, 0xf81f,
    0xf81f, 0xf81f, 0xf81f, 0xf81f, 0xf81f, 0xf81f, 0xf81f, 0xf81f, 0xf81f, 0xf81f, 0xf81f, 0xf81f,
    0xf81f, 0xf81f, 0xf81f, 0xf81f, 0xf81f, 0xf81f, 0xf81f, 0xf81f, 0xf81f, 0xf81f, 0xf81f, 0xf81f,
    0xf81f, 0xf81f, 0xf81f, 0xf81f, 0xf81f, 0xf81f, 0xf81f, 0xf81f, 0xf81f, 0xf81f, 0xf81f, 0xf81f,
    0xf81f, 0xf81f, 0x0000, 0xffff, 0xffff, 0xffff, 0xffff, 0xffff, 0xffff, 0xffff, 0xffff, 0xffff,
    0xffff, 0xffff, 0xbe9c, 0xbe9c, 0x8537, 0x8537, 0x8537, 0x0000, 0xf81f, 0x0000, 0xffff, 0xffff,
    0xffff, 0xbe9c, 0xbe9c, 0xbe9c, 0xbe9c, 0xbe9c, 0xffff, 0xffff, 0x8e19, 0x8e19, 0x8e19, 0x22cc,
    0x2bb0, 0x2bb0, 0x2bb0, 0x22cc, 0x22cc, 0x0000, 0xf81f, 0xf81f, 0xf81f, 0xf81f, 0xf81f, 0xf81f,
    0xf81f, 0xf81f, 0xf81f, 0xf81f, 0xf81f, 0xf81f, 0xf81f, 0xf81f, 0xf81f, 0xf81f, 0xf81f, 0xf81f,
    0xf81f, 0xf81f, 0xf81f, 0xf81f, 0xf81f, 0xf81f, 0xf81f, 0xf81f, 0xf81f, 0xf81f, 0xf81f, 0xf81f,
    0xf81f, 0xf81f, 0xf81f, 0xf81f, 0xf81f, 0xf81f, 0xf81f, 0xf81f, 0xf81f, 0xf81f, 0xf81f, 0xf81f,
    0xf81f, 0xf81f, 0xf81f, 0xf81f, 0xf81f, 0xf81f, 0xf81f, 0xf81f, 0xf81f, 0xf81f, 0xf81f, 0xf81f,
    0xf81f, 0xf81f, 0x0000, 0xffff, 0xffff, 0xffff, 0xffff, 0xffff, 0xffff, 0xffff, 0xffff, 0xffff,
    0xffff, 0xffff, 0xbe9c, 0xbe9c, 0x8537, 0x8537, 0x8537, 0x0000, 0xf81f, 0x0000, 0xffff, 0xffff,
    0xffff, 0xffff, 0xffff, 0xffff, 0xffff, 0xffff, 0xffff, 0xffff, 0xffff, 0xffff, 0x8e19, 0x8e19,
    0x8e19, 0x8e19, 0x8e19, 0xffff, 0xffff, 0x0000, 0xf81f, 0xf81f, 0xf81f, 0xf81f, 0xf81f, 0xf81f,
    0xf81f, 0xf81f, 0xf81f, 0xf81f, 0xf81f, 0xf81f, 0xf81f, 0xf81f, 0xf81f, 0xf81f, 0xf81f, 0xf81f,
    0xf81f, 0xf81f, 0xf81f, 0xf81f, 0xf81f, 0xf81f, 0xf81f, 0xf81f, 0xf81f, 0xf81f, 0xf81f, 0xf81f,
    0xf81f, 0xf81f, 0xf81f, 0xf81f, 0xf81f, 0xf81f, 0xf81f, 0xf81f, 0xf81f, 0xf81f, 0xf81f, 0xf81f,
    0xf81f, 0xf81f, 0xf81f, 0xf81f, 0xf81f, 0xf81f, 0xf81f, 0xf81f, 0xf81f, 0xf81f, 0xf81f, 0xf81f,
    0xf81f, 0xf81f, 0x0000, 0xffff, 0xffff, 0xffff, 0xffff, 0xffff, 0xffff, 0xffff, 0xffff, 0xffff,
    0xffff, 0xffff, 0xbe9c, 0xbe9c, 0x8537, 0x8537, 0x8537, 0x0000, 0xf81f, 0x0000, 0xffff, 0xffff,
    0xffff, 0xffff, 0xffff, 0xffff, 0xffff, 0xffff, 0xffff, 0xffff, 0xffff, 0xffff, 0xffff, 0xffff,
    0xffff, 0xffff, 0xffff, 0xffff, 0xffff, 0x0000, 0xf81f, 0xf81f, 0xf81f, 0xf81f, 0xf81f, 0xf81f,
    0xf81f, 0xf81f, 0xf81f, 0xf81f, 0xf81f, 0xf81f, 0xf81f, 0xf81f, 0xf81f, 0xf81f, 0xf81f, 0xf81f,
    0xf81f, 0xf81f, 0xf81f, 0xf81f, 0xf81f, 0xf81f, 0xf81f, 0xf81f, 0xf81f, 0xf81f, 0xf81f, 0xf81f,
    0xf81f, 0xf81f, 0xf81f, 0xf81f, 0xf81f, 0xf81f, 0xf81f, 0xf81f, 0xf81f, 0xf81f, 0xf81f, 0xf81f,
    0xf81f, 0xf81f, 0xf81f, 0xf81f, 0xf81f, 0xf81f, 0xf81f, 0xf81f, 0xf81f, 0xf81f, 0xf81f, 0xf81f,
    0xf81f, 0xf81f, 0x0000, 0xffff, 0xffff, 0xbe9c, 0xffff, 0xffff, 0xffff, 0xffff, 0xffff, 0xffff,
    0xffff, 0xffff, 0xbe9c, 0xbe9c, 0x8537, 0x8537, 0x8537, 0x0000, 0xf81f, 0x0000, 0xffff, 0xffff,
    0xffff, 0xffff, 0xffff, 0xffff, 0xffff, 0xffff, 0xffff, 0xffff, 0xffff, 0xffff, 0xffff, 0xffff,
    0xffff, 0xffff, 0xffff, 0xffff, 0xffff, 0x0000, 0xf81f, 0xf81f, 0xf81f, 0xf81f, 0xf81f, 0xf81f,
    0xf81f, 0xf81f, 0xf81f, 0xf81f, 0xf81f, 0xf81f, 0xf81f, 0xf81f, 0xf81f, 0xf81f, 0xf81f, 0xf81f,
    0xf81f, 0xf81f, 0xf81f, 0xf81f, 0xf81f, 0xf81f, 0xf81f, 0xf81f, 0xf81f, 0xf81f, 0xf81f, 0xf81f,
    0xf81f, 0xf81f, 0xf81f, 0xf81f, 0xf81f, 0xf81f, 0xf81f, 0xf81f, 0xf81f, 0xf81f, 0xf81f, 0xf81f,
    0xf81f, 0xf81f, 0xf81f, 0xf81f, 0xf81f, 0xf81f, 0xf81f, 0xf81f, 0xf81f, 0xf81f, 0xf81f, 0xf81f,
    0xf81f, 0xf81f, 0x0000, 0xffff, 0xffff, 0xbe9c, 0xbe9c, 0xbe9c, 0xffff, 0xbe9c, 0xffff, 0xffff,
    0xffff, 0xffff, 0xbe9c, 0xbe9c, 0x8537, 0x8537, 0x8537, 0x0000, 0xf81f, 0x0000, 0xffff, 0xffff,
    0xffff, 0xffff, 0xffff, 0xffff, 0xffff, 0xffff, 0xffff, 0xffff, 0xffff, 0xffff, 0xbe9c, 0xbe9c,
    0xbe9c, 0xffff, 0xbe9c, 0xbe9c, 0xffff, 0x0000, 0xf81f, 0xf81f, 0xf81f, 0xf81f, 0xf81f, 0xf81f,
    0xf81f, 0xf81f, 0xf81f, 0xf81f, 0xf81f, 0xf81f, 0xf81f, 0xf81f, 0xf81f, 0xf81f, 0xf81f, 0xf81f,
    0xf81f, 0xf81f, 0xf81f, 0xf81f, 0xf81f, 0xf81f, 0xf81f, 0xf81f, 0xf81f, 0xf81f, 0xf81f, 0xf81f,
    0xf81f, 0xf81f, 0xf81f, 0xf81f, 0xf81f, 0xf81f, 0xf81f, 0xf81f, 0xf81f, 0xf81f, 0xf81f, 0xf81f,
    0xf81f, 0xf81f, 0xf81f, 0xf81f, 0xf81f, 0xf81f, 0xf81f, 0xf81f, 0xf81f, 0xf81f, 0xf81f, 0xf81f,
    0xf81f, 0xf81f, 0x0000, 0xffff, 0xffff, 0xbe9c, 0xbe9c, 0xbe9c, 0xbe9c, 0xffff, 0xffff, 0xffff,
    0xffff, 0xbe9c, 0xbe9c, 0x8537, 0x8537, 0x8537, 0x8537, 0x0000, 0xf81f, 0x0000, 0xffff, 0xffff,
    0xffff, 0xffff, 0xffff, 0xffff, 0xffff, 0xffff, 0xffff, 0xffff, 0xffff, 0xffff, 0xffff, 0xbe9c,
    0xbe9c, 0xbe9c, 0xbe9c, 0xbe9c, 0xffff, 0x0000, 0xf81f, 0xf81f, 0xf81f, 0xf81f, 0xf81f, 0xf81f,
    0xf81f, 0xf81f, 0xf81f, 0xf81f, 0xf81f, 0xf81f, 0xf81f, 0xf81f, 0xf81f, 0xf81f, 0xf81f, 0xf81f,
    0xf81f, 0xf81f, 0xf81f, 0xf81f, 0xf81f, 0xf81f, 0xf81f, 0xf81f, 0xf81f, 0xf81f, 0xf81f, 0xf81f,
    0xf81f, 0xf81f, 0xf81f, 0xf81f, 0xf81f, 0xf81f, 0xf81f, 0xf81f, 0xf81f, 0xf81f, 0xf81f, 0xf81f,
    0xf81f, 0xf81f, 0xf81f, 0xf81f, 0xf81f, 0xf81f, 0xf81f, 0xf81f, 0xf81f, 0xf81f, 0xf81f, 0xf81f,
    0xf81f, 0xf81f, 0x0000, 0xffff, 0xffff, 0xffff, 0xffff, 0xffff, 0xffff, 0xffff, 0xffff, 0xffff,
    0xffff, 0xbe9c, 0xbe9c, 0x8537, 0x8537, 0x8537, 0x8537, 0x0000, 0xf81f, 0x0000, 0xffff, 0xffff,
    0x0000, 0x0000, 0xffff, 0xffff, 0xffff, 0xffff, 0xffff, 0xffff, 0xffff, 0xffff, 0xffff, 0xffff,
    0xffff, 0xffff, 0xffff, 0xffff, 0xffff, 0x0000, 0xf81f, 0xf81f, 0xf81f, 0xf81f, 0xf81f, 0xf81f,
    0xf81f, 0xf81f, 0xf81f, 0xf81f, 0xf81f, 0xf81f, 0xf81f, 0xf81f, 0xf81f, 0xf81f, 0xf81f, 0xf81f,
    0xf81f, 0xf81f, 0xf81f, 0xf81f, 0xf81f, 0xf81f, 0xf81f, 0xf81f, 0xf81f, 0xf81f, 0xf81f, 0xf81f,
    0xf81f, 0xf81f, 0xf81f, 0xf81f, 0xf81f, 0xf81f, 0xf81f, 0xf81f, 0xf81f, 0xf81f, 0xf81f, 0xf81f,
    0xf81f, 0xf81f, 0xf81f, 0xf81f, 0xf81f, 0xf81f, 0xf81f, 0xf81f, 0xf81f, 0xf81f, 0xf81f, 0xf81f,
    0xf81f, 0x0000, 0x0000, 0xffff, 0xffff, 0xffff, 0xffff, 0xffff, 0xffff, 0xffff, 0x0000, 0xffff,
    0xbe9c, 0xbe9c, 0x8537, 0x8537, 0x8537, 0x8537, 0x8537, 0x0000, 0xf81f, 0x0000, 0xffff, 0xffff,
    0x0000, 0x0000, 0xffff, 0xffff, 0xffff, 0xffff, 0xffff, 0xffff, 0xffff, 0x0000, 0xffff, 0xffff,
    0xffff, 0xffff, 0xffff, 0xffff, 0xffff, 0x0000, 0xf81f, 0xf81f, 0xf81f, 0xf81f, 0xf81f, 0xf81f,
    0xf81f, 0xf81f, 0xf81f, 0xf81f, 0xf81f, 0xf81f, 0xf81f, 0xf81f, 0xf81f, 0xf81f, 0xf81f, 0xf81f,
    0xf81f, 0xf81f, 0xf81f, 0xf81f, 0xf81f, 0xf81f, 0xf81f, 0xf81f, 0xf81f, 0xf81f, 0xf81f, 0xf81f,
    0xf81f, 0xf81f, 0xf81f, 0xf81f, 0xf81f, 0xf81f, 0xf81f, 0xf81f, 0xf81f, 0xf81f, 0xf81f, 0xf81f,
    0xf81f, 0xf81f, 0xf81f, 0xf81f, 0xf81f, 0xf81f, 0xf81f, 0xf81f, 0xf81f, 0xf81f, 0xf81f, 0xf81f,
    0xf81f, 0x0000, 0xffff, 0xffff, 0xffff, 0xffff, 0xffff, 0xffff, 0x0000, 0x0000, 0x0000, 0x0000,
    0xbe9c, 0xbe9c, 0x8537, 0x8537, 0x8537, 0x8537, 0x8537, 0x0000, 0xf81f, 0x0000, 0xffff, 0x0000,
    0x0000, 0x0000, 0xffff, 0xffff, 0xffff, 0xffff, 0xffff, 0xffff, 0xffff, 0x0000, 0x0000, 0xffff,
    0xffff, 0xffff, 0xffff, 0xffff, 0xffff, 0x0000, 0xf81f, 0xf81f, 0xf81f, 0xf81f, 0xf81f, 0xf81f,
    0xf81f, 0xf81f, 0xf81f, 0xf81f, 0xf81f, 0xf81f, 0xf81f, 0xf81f, 0xf81f, 0xf81f, 0xf81f, 0xf81f,
    0xf81f, 0xf81f, 0xf81f, 0xf81f, 0xf81f, 0xf81f, 0xf81f, 0xf81f, 0xf81f, 0xf81f, 0xf81f, 0xf81f,
    0xf81f, 0xf81f, 0xf81f, 0xf81f, 0xf81f, 0xf81f, 0xf81f, 0xf81f, 0xf81f, 0xf81f, 0xf81f, 0xf81f,
    0xf81f, 0xf81f, 0xf81f, 0xf81f, 0xf81f, 0xf81f, 0xf81f, 0xf81f, 0xf81f, 0xf81f, 0xf81f, 0xf81f,
    0xf81f, 0x0000, 0xffff, 0xffff, 0xffff, 0xffff, 0xffff, 0x0000, 0x0000, 0x1168, 0x1168, 0x0000,
    0xbe9c, 0xbe9c, 0xbe9c, 0x0000, 0x0000, 0x8537, 0x8537, 0x0000, 0xf81f, 0x0000, 0x0000, 0x0000,
    0x2b10, 0x0000, 0xffff, 0xffff, 0xffff, 0x0000, 0x0000, 0x0000, 0xffff, 0x0000, 0x2b10, 0x0000,
    0xffff, 0xffff, 0xffff, 0xffff, 0xffff, 0x0000, 0xf81f, 0xf81f, 0xf81f, 0xf81f, 0xf81f, 0xf81f,
    0xf81f, 0xf81f, 0xf81f, 0xf81f, 0xf81f, 0xf81f, 0xf81f, 0xf81f, 0xf81f, 0xf81f, 0xf81f, 0xf81f,
    0xf81f, 0xf81f, 0xf81f, 0xf81f, 0xf81f, 0xf81f, 0xf81f, 0xf81f, 0xf81f, 0xf81f, 0xf81f, 0xf81f,
    0xf81f, 0xf81f, 0xf81f, 0xf81f, 0xf81f, 0xf81f, 0xf81f, 0xf81f, 0xf81f, 0xf81f, 0xf81f, 0xf81f,
    0xf81f, 0xf81f, 0xf81f, 0xf81f, 0xf81f, 0xf81f, 0xf81f, 0xf81f, 0xf81f, 0xf81f, 0xf81f, 0xf81f,
    0x0000, 0x0000, 0x0000, 0x0000, 0x0000, 0x0000, 0x1168, 0x1168, 0x1168, 0x2b10, 0x1168, 0x0000,
    0x0000, 0xbe9c, 0x0000, 0x1a2c, 0x1a2c, 0x0000, 0x8537, 0x0000, 0xf81f, 0x0000, 0x0000, 0x2b10,
    0x2b10, 0x0000, 0xffff, 0xffff, 0x0000, 0x0000, 0x2b10, 0x0000, 0x0000, 0x0000, 0x2b10, 0x0000,
    0x0000, 0x0000, 0x0000, 0x0000, 0x0000, 0x0000, 0xf81f, 0xf81f, 0xf81f, 0xf81f, 0xf81f, 0xf81f,
    0xf81f, 0xf81f, 0xf81f, 0xf81f, 0xf81f, 0xf81f, 0xf81f, 0xf81f, 0xf81f, 0xf81f, 0xf81f, 0xf81f,
    0xf81f, 0xf81f, 0xf81f, 0xf81f, 0xf81f, 0xf81f, 0xf81f, 0xf81f, 0xf81f, 0xf81f, 0xf81f, 0xf81f,
    0xf81f, 0xf81f, 0xf81f, 0xf81f, 0xf81f, 0xf81f, 0xf81f, 0xf81f, 0xf81f, 0xf81f, 0xf81f, 0xf81f,
    0xf81f, 0xf81f, 0xf81f, 0xf81f, 0xf81f, 0xf81f, 0xf81f, 0xf81f, 0xf81f, 0xf81f, 0xf81f, 0xf81f,
    0x0000, 0x2b10, 0x2b10, 0x2b10, 0x1168, 0x1168, 0x1168, 0x2b10, 0x2b10, 0x2b10, 0x2b10, 0x1168,
    0x1168, 0x0000, 0x0000, 0x4c56, 0x1a2c, 0x0000, 0x0000, 0x0000, 0xf81f, 0x0000, 0x0000, 0x2b10,
    0x2b10, 0x0000, 0x0000, 0x0000, 0x0000, 0x2b10, 0x2b10, 0x2b10, 0x2b10, 0x2b10, 0x2b10, 0x1168,
    0x2b10, 0x2b10, 0x2b10, 0x2b10, 0x2b10, 0x0000, 0x0000, 0xf81f, 0xf81f, 0xf81f, 0xf81f, 0xf81f,
    0xf81f, 0xf81f, 0xf81f, 0xf81f, 0xf81f, 0xf81f, 0xf81f, 0xf81f, 0xf81f, 0xf81f, 0xf81f, 0xf81f,
    0xf81f, 0xf81f, 0xf81f, 0xf81f, 0xf81f, 0xf81f, 0xf81f, 0xf81f, 0xf81f, 0xf81f, 0xf81f, 0xf81f,
    0xf81f, 0xf81f, 0xf81f, 0xf81f, 0xf81f, 0xf81f, 0xf81f, 0xf81f, 0xf81f, 0xf81f, 0xf81f, 0xf81f,
    0xf81f, 0xf81f, 0xf81f, 0xf81f, 0xf81f, 0xf81f, 0xf81f, 0xf81f, 0xf81f, 0xf81f, 0xf81f, 0x0000,
    0x0000, 0x2b10, 0x2b10, 0x2b10, 0x2b10, 0x2b10, 0x2b10, 0x2b10, 0x2b10, 0x4c56, 0x4c56, 0x4c56,
    0x4c56, 0x2b10, 0x4c56, 0x4c56, 0x1a2c, 0x1a2c, 0x1a2c, 0x1168, 0xf81f, 0x0000, 0x1168, 0x2b10,
    0x2b10, 0x2b10, 0x0000, 0x0000, 0x2b10, 0x2b10, 0x7d9a, 0x2b10, 0x2b10, 0x7d9a, 0x7d9a, 0x1168,
    0x7d9a, 0x7d9a, 0x7d9a, 0x2b10, 0x1168, 0x2b10, 0x0000, 0xf81f, 0xf81f, 0xf81f, 0xf81f, 0xf81f,
    0xf81f, 0xf81f, 0xf81f, 0xf81f, 0xf81f, 0xf81f, 0xf81f, 0xf81f, 0xf81f, 0xf81f, 0xf81f, 0xf81f,
    0xf81f, 0xf81f, 0xf81f, 0xf81f, 0xf81f, 0xf81f, 0xf81f, 0xf81f, 0xf81f, 0xf81f, 0xf81f, 0xf81f,
    0xf81f, 0xf81f, 0xf81f, 0xf81f, 0xf81f, 0xf81f, 0xf81f, 0xf81f, 0xf81f, 0xf81f, 0xf81f, 0xf81f,
    0xf81f, 0xf81f, 0xf81f, 0xf81f, 0xf81f, 0xf81f, 0xf81f, 0xf81f, 0xf81f, 0xf81f, 0xf81f, 0x0000,
    0x2b10, 0x2b10, 0x4c56, 0x7d9a, 0x2b10, 0x2b10, 0x4c56, 0x0000, 0x2b10, 0x7d9a, 0x7d9a, 0x7d9a,
    0x7d9a, 0x7d9a, 0x1168, 0x1a2c, 0x0000, 0x1a2c, 0x1a2c, 0x1168, 0xf81f, 0x0000, 0x1168, 0x2b10,
    0x2b10, 0x7d9a, 0x7d9a, 0x7d9a, 0x7d9a, 0x1168, 0x7d9a, 0x7d9a, 0x7d9a, 0x7d9a, 0x7d9a, 0x7d9a,
    0x7d9a, 0x7d9a, 0x7d9a, 0x7d9a, 0x7d9a, 0x2b10, 0x0000, 0xf81f, 0xf81f, 0xf81f, 0xf81f, 0xf81f,
    0xf81f, 0xf81f, 0xf81f, 0xf81f, 0xf81f, 0xf81f, 0xf81f, 0xf81f, 0xf81f, 0xf81f, 0xf81f, 0xf81f,
    0xf81f, 0xf81f, 0xf81f, 0xf81f, 0xf81f, 0xf81f, 0xf81f, 0xf81f, 0xf81f, 0xf81f, 0xf81f, 0xf81f,
    0xf81f, 0xf81f, 0xf81f, 0xf81f, 0xf81f, 0xf81f, 0xf81f, 0xf81f, 0xf81f, 0xf81f, 0xf81f, 0xf81f,
    0xf81f, 0xf81f, 0xf81f, 0xf81f, 0xf81f, 0xf81f, 0xf81f, 0xf81f, 0xf81f, 0xf81f, 0xf81f, 0x0000,
    0x2b10, 0x4c56, 0x4c56, 0x0000, 0x2b10, 0x4c56, 0x4c56, 0x0000, 0x4c56, 0x7d9a, 0x7d9a, 0x7d9a,
    0x1168, 0x7d9a, 0x7d9a, 0x1a2c, 0x7d9a, 0x7d9a, 0x7d9a, 0x1168, 0xf81f, 0x0000, 0x1168, 0x1168,
    0x2b10, 0x7d9a, 0x7d9a, 0x7d9a, 0x7d9a, 0x1168, 0x1168, 0x7d9a, 0x7d9a, 0x7d9a, 0x0000, 0x1168,
    0x7d9a, 0x7d9a, 0x0000, 0x7d9a, 0x7d9a, 0x1168, 0x0000, 0xf81f, 0xf81f, 0xf81f, 0xf81f, 0xf81f,
    0xf81f, 0xf81f, 0xf81f, 0xf81f, 0xf81f, 0xf81f, 0xf81f, 0xf81f, 0xf81f, 0xf81f, 0xf81f, 0xf81f,
    0xf81f, 0xf81f, 0xf81f, 0xf81f, 0xf81f, 0xf81f, 0xf81f, 0xf81f, 0xf81f, 0xf81f, 0xf81f, 0xf81f,
    0xf81f, 0xf81f, 0xf81f, 0xf81f, 0xf81f, 0xf81f, 0xf81f, 0xf81f, 0xf81f, 0xf81f, 0xf81f, 0xf81f,
    0xf81f, 0xf81f, 0xf81f, 0xf81f, 0xf81f, 0xf81f, 0xf81f, 0xf81f, 0xf81f, 0xf81f, 0xf81f, 0x0000,
    0x0000, 0x4c56, 0x4c56, 0x0000, 0x2b10, 0x4c56, 0x4c56, 0x0000, 0x4c56, 0x4c56, 0x4c56, 0x0000,
    0x1168, 0x1168, 0x1168, 0x1168, 0x0000, 0x7d9a, 0x7d9a, 0x1168, 0xf81f, 0x0000, 0x1168, 0x1168,
    0x1168, 0x0000, 0x1168, 0x7d9a, 0x7d9a, 0x0000, 0x1168, 0x1168, 0x1168, 0x1168, 0x0000, 0x1168,
    0x1168, 0x1168, 0x0000, 0x7d9a, 0x7d9a, 0x1168, 0x0000, 0xf81f, 0xf81f, 0xf81f, 0xf81f, 0xf81f,
    0xf81f, 0xf81f, 0xf81f, 0xf81f, 0xf81f, 0xf81f, 0xf81f, 0xf81f, 0xf81f, 0xf81f, 0xf81f, 0xf81f,
    0xf81f, 0xf81f, 0xf81f, 0xf81f, 0xf81f, 0xf81f, 0xf81f, 0xf81f, 0xf81f, 0xf81f, 0xf81f, 0xf81f,
    0xf81f, 0xf81f, 0xf81f, 0xf81f, 0xf81f, 0xf81f, 0xf81f, 0xf81f, 0xf81f, 0xf81f, 0xf81f, 0xf81f,
    0xf81f, 0xf81f, 0xf81f, 0xf81f, 0xf81f, 0xf81f, 0xf81f, 0xf81f, 0xf81f, 0xf81f, 0xf81f, 0xf81f,
    0x0000, 0x0000, 0x0000, 0x0000, 0x0000, 0x0000, 0x0000, 0x0000, 0x0000, 0x0000, 0x0000, 0x0000,
    0x0000, 0x0000, 0x0000, 0x0000, 0x0000, 0x0000, 0x0000, 0x0000, 0xf81f, 0x0000, 0x0000, 0x0000,
    0x0000, 0x0000, 0x0000, 0x0000, 0x0000, 0x0000, 0x0000, 0x0000, 0x0000, 0x0000, 0x0000, 0x0000,
    0x0000, 0x0000, 0x0000, 0x0000, 0x0000, 0x0000, 0x0000, 0xf81f, 0xf81f, 0xf81f, 0xf81f, 0xf81f,
    0xf81f, 0xf81f, 0xf81f, 0xf81f, 0xf81f, 0xf81f, 0xf81f, 0xf81f, 0xf81f, 0xf81f, 0xf81f, 0xf81f,
    0xf81f, 0xf81f, 0xf81f, 0xf81f, 0xf81f, 0xf81f, 0xf81f, 0xf81f, 0xf81f, 0xf81f, 0xf81f, 0xf81f,
    0xf81f, 0xf81f, 0xf81f, 0xf81f, 0xf81f, 0xf81f, 0xf81f, 0xf81f, 0xf81f, 0xf81f, 0xf81f, 0xf81f,
    0xf81f, 0xf81f, 0xf81f, 0xf81f, 0xf81f, 0xf81f, 0xf81f, 0xf81f, 0xf81f, 0xf81f, 0xf81f, 0xf81f,
    0xf81f, 0xf81f, 0xf81f, 0xf81f, 0xf81f, 0xf81f, 0xf81f, 0xf81f, 0xf81f, 0xf81f, 0xf81f, 0xf81f,
    0xf81f, 0xf81f, 0xf81f, 0xf81f, 0xf81f, 0xf81f, 0xf81f, 0xf81f, 0xf81f, 0xf81f, 0xf81f, 0xf81f,
    0xf81f, 0xf81f, 0xf81f, 0xf81f, 0xf81f, 0xf81f, 0xf81f, 0xf81f, 0xf81f, 0xf81f, 0xf81f, 0xf81f,
    0xf81f, 0xf81f, 0xf81f, 0xf81f, 0xf81f, 0xf81f, 0xf81f, 0xf81f, 0xf81f, 0xf81f, 0xf81f, 0xf81f,
    0xf81f, 0xf81f, 0xf81f, 0xf81f, 0xf81f, 0xf81f, 0xf81f, 0xf81f, 0xf81f, 0xf81f, 0xf81f, 0xf81f,
    0xf81f, 0xf81f, 0xf81f, 0xf81f, 0xf81f, 0xf81f, 0xf81f, 0xf81f, 0xf81f, 0xf81f, 0xf81f, 0xf81f,
    0xf81f, 0xf81f, 0xf81f, 0xf81f, 0xf81f, 0xf81f, 0xf81f, 0xf81f, 0xf81f, 0xf81f, 0xf81f, 0xf81f,
    0xf81f, 0xf81f, 0xf81f, 0xf81f, 0xf81f, 0xf81f, 0xf81f, 0xf81f, 0xf81f, 0xf81f, 0xf81f, 0xf81f,
    0xf81f, 0xf81f, 0xf81f, 0xf81f, 0xf81f, 0xf81f, 0xf81f, 0xf81f, 0xf81f, 0xf81f, 0xf81f, 0xf81f,
    0xf81f, 0xf81f, 0xf81f, 0xf81f, 0xf81f, 0xf81f, 0xf81f, 0xf81f, 0xf81f, 0xf81f, 0xf81f, 0xf81f,
    0xf81f, 0xf81f, 0xf81f, 0xf81f, 0xf81f, 0xf81f, 0xf81f, 0xf81f, 0xf81f, 0xf81f, 0xf81f, 0xf81f,
    0xf81f, 0xf81f, 0xf81f, 0xf81f, 0xf81f, 0xf81f, 0xf81f, 0xf81f, 0xf81f, 0xf81f, 0xf81f, 0xf81f,
    0xf81f, 0xf81f, 0xf81f, 0xf81f, 0xf81f, 0xf81f, 0xf81f, 0xf81f, 0xf81f, 0xf81f, 0xf81f, 0xf81f,
    0xf81f, 0xf81f, 0xf81f, 0xf81f, 0xf81f, 0xf81f, 0xf81f, 0xf81f, 0xf81f, 0xf81f, 0xf81f, 0xf81f,
    0xf81f, 0xf81f, 0xf81f, 0xf81f, 0xf81f, 0xf81f, 0xf81f, 0xf81f, 0xf81f, 0xf81f, 0xf81f, 0xf81f,
    0xf81f, 0xf81f, 0xf81f, 0xf81f, 0xf81f, 0xf81f, 0xf81f, 0xf81f, 0xf81f, 0xf81f, 0xf81f, 0xf81f,
    0xf81f, 0xf81f, 0xf81f, 0xf81f, 0xf81f, 0xf81f, 0xf81f, 0xf81f, 0xf81f, 0xf81f, 0xf81f, 0xf81f,
    0x0000, 0x0000, 0x0000, 0x0000, 0x0000, 0x0000, 0x0000, 0x0000, 0x0000, 0x0000, 0x0000, 0x0000,
    0x0000, 0xf81f, 0xf81f, 0xf81f, 0xf81f, 0xf81f, 0xf81f, 0xf81f, 0xf81f, 0xf81f, 0xf81f, 0xf81f,
    0xf81f, 0xf81f, 0xf81f, 0xf81f, 0xf81f, 0xf81f, 0xf81f, 0xf81f, 0xf81f, 0xf81f, 0xf81f, 0xf81f,
    0xf81f, 0xf81f, 0xf81f, 0xf81f, 0xf81f, 0xf81f, 0xf81f, 0xf81f, 0xf81f, 0xf81f, 0xf81f, 0xf81f,
    0xf81f, 0xf81f, 0xf81f, 0xf81f, 0xf81f, 0xf81f, 0xf81f, 0xf81f, 0xf81f, 0xf81f, 0xf81f, 0xf81f,
    0xf81f, 0xf81f, 0xf81f, 0xf81f, 0xf81f, 0xf81f, 0xf81f, 0xf81f, 0xf81f, 0xf81f, 0xf81f, 0xf81f,
    0xf81f, 0xf81f, 0xf81f, 0xf81f, 0xf81f, 0xf81f, 0xf81f, 0xf81f, 0xf81f, 0xf81f, 0xf81f, 0xf81f,
    0xf81f, 0xf81f, 0xf81f, 0xf81f, 0xf81f, 0xf81f, 0xf81f, 0xf81f, 0x0000, 0x0000, 0x0000, 0x0000,
    0xffff, 0xffff, 0xffff, 0xffff, 0xffff, 0xffff, 0xffff, 0xffff, 0xffff, 0xffff, 0xffff, 0xffff,
    0x0000, 0x0000, 0x0000, 0x0000, 0x0000, 0x0000, 0x0000, 0xf81f, 0xf81f, 0xf81f, 0xf81f, 0xf81f,
    0xf81f, 0xf81f, 0xf81f, 0xf81f, 0xf81f, 0xf81f, 0xf81f, 0xf81f, 0xf81f, 0xf81f, 0xf81f, 0xf81f,
    0xf81f, 0xf81f, 0xf81f, 0xf81f, 0xf81f, 0xf81f, 0xf81f, 0xf81f, 0xf81f, 0xf81f, 0xf81f, 0xf81f,
    0xf81f, 0xf81f, 0xf81f, 0xf81f, 0xf81f, 0xf81f, 0xf81f, 0xf81f, 0xf81f, 0xf81f, 0xf81f, 0xf81f,
    0xf81f, 0xf81f, 0xf81f, 0xf81f, 0xf81f, 0xf81f, 0xf81f, 0xf81f, 0xf81f, 0xf81f, 0xf81f, 0xf81f,
    0xf81f, 0xf81f, 0xf81f, 0xf81f, 0xf81f, 0xf81f, 0xf81f, 0xf81f, 0xf81f, 0xf81f, 0xf81f, 0xf81f,
    0xf81f, 0xf81f, 0xf81f, 0xf81f, 0xf81f, 0xf81f, 0xf81f, 0x0000, 0x0000, 0xffff, 0xffff, 0xffff,
    0xffff, 0xffff, 0xffff, 0xffff, 0xffff, 0xffff, 0xffff, 0xffff, 0xffff, 0xffff, 0xffff, 0xffff,
    0xffff, 0x8e19, 0x8e19, 0x8e19, 0xffff, 0xffff, 0x0000, 0x0000, 0xf81f, 0xf81f, 0xf81f, 0xf81f,
    0xf81f, 0xf81f, 0xf81f, 0xf81f, 0xf81f, 0xf81f, 0xf81f, 0xf81f, 0xf81f, 0xf81f, 0xf81f, 0xf81f,
    0xf81f, 0xf81f, 0xf81f, 0xf81f, 0xf81f, 0xf81f, 0xf81f, 0xf81f, 0xf81f, 0xf81f, 0xf81f, 0xf81f,
    0xf81f, 0xf81f, 0xf81f, 0xf81f, 0xf81f, 0xf81f, 0xf81f, 0xf81f, 0xf81f, 0xf81f, 0xf81f, 0xf81f,
    0xf81f, 0xf81f, 0xf81f, 0xf81f, 0xf81f, 0xf81f, 0xf81f, 0xf81f, 0xf81f, 0xf81f, 0xf81f, 0xf81f,
    0xf81f, 0xf81f, 0xf81f, 0xf81f, 0xf81f, 0xf81f, 0xf81f, 0xf81f, 0xf81f, 0xf81f, 0xf81f, 0xf81f,
    0xf81f, 0xf81f, 0xf81f, 0xf81f, 0xf81f, 0xf81f, 0x0000, 0x0000, 0xffff, 0xffff, 0xffff, 0xffff,
    0xffff, 0xffff, 0xffff, 0xffff, 0xffff, 0xffff, 0xffff, 0xffff, 0xffff, 0xffff, 0xffff, 0xffff,
    0xffff, 0x8e19, 0x8e19, 0x8e19, 0x8e19, 0x8e19, 0xffff, 0xffff, 0x0000, 0xf81f, 0xf81f, 0xf81f,
    0xf81f, 0xf81f, 0xf81f, 0xf81f, 0xf81f, 0xf81f, 0xf81f, 0xf81f, 0xf81f, 0xf81f, 0xf81f, 0xf81f,
    0xf81f, 0xf81f, 0xf81f, 0xf81f, 0xf81f, 0xf81f, 0xf81f, 0xf81f, 0xf81f, 0xf81f, 0xf81f, 0xf81f,
    0xf81f, 0xf81f, 0xf81f, 0xf81f, 0xf81f, 0xf81f, 0xf81f, 0xf81f, 0xf81f, 0xf81f, 0xf81f, 0xf81f,
    0xf81f, 0xf81f, 0xf81f, 0xf81f, 0xf81f, 0xf81f, 0xf81f, 0xf81f, 0xf81f, 0xf81f, 0xf81f, 0xf81f,
    0xf81f, 0xf81f, 0xf81f, 0xf81f, 0xf81f, 0xf81f, 0xf81f, 0xf81f, 0xf81f, 0xf81f, 0xf81f, 0xf81f,
    0xf81f, 0xf81f, 0xf81f, 0xf81f, 0xf81f, 0xf81f, 0x0000, 0xffff, 0xffff, 0xffff, 0xffff, 0xffff,
    0xffff, 0xffff, 0xffff, 0xffff, 0xffff, 0xffff, 0xffff, 0xffff, 0xffff, 0xffff, 0xffff, 0xffff,
    0xffff, 0x8e19, 0x8e19, 0x8e19, 0x8e19, 0xffff, 0xffff, 0xffff, 0xffff, 0x0000, 0x0000, 0xf81f,
    0xf81f, 0xf81f, 0xf81f, 0xf81f, 0xf81f, 0xf81f, 0xf81f, 0xf81f, 0xf81f, 0xf81f, 0xf81f, 0xf81f,
    0xf81f, 0xf81f, 0xf81f, 0xf81f, 0xf81f, 0xf81f, 0xf81f, 0xf81f, 0xf81f, 0xf81f, 0xf81f, 0xf81f,
    0xf81f, 0xf81f, 0xf81f, 0xf81f, 0xf81f, 0xf81f, 0xf81f, 0xf81f, 0xf81f, 0xf81f, 0xf81f, 0xf81f,
    0xf81f, 0xf81f, 0xf81f, 0xf81f, 0xf81f, 0xf81f, 0xf81f, 0xf81f, 0xf81f, 0xf81f, 0xf81f, 0xf81f,
    0xf81f, 0xf81f, 0xf81f, 0xf81f, 0xf81f, 0xf81f, 0xf81f, 0xf81f, 0xf81f, 0xf81f, 0xf81f, 0xf81f,
    0xf81f, 0xf81f, 0xf81f, 0xf81f, 0xf81f, 0x0000, 0x0000, 0xffff, 0xffff, 0xffff, 0xffff, 0xffff,
    0xffff, 0xffff, 0xffff, 0xffff, 0xffff, 0xffff, 0xffff, 0xffff, 0xffff, 0xffff, 0xffff, 0xffff,
    0xffff, 0xffff, 0xffff, 0xffff, 0xffff, 0xffff, 0xffff, 0xffff, 0xffff, 0xffff, 0x0000, 0xf81f,
    0xf81f, 0xf81f, 0xf81f, 0xf81f, 0xf81f, 0xf81f, 0xf81f, 0xf81f, 0xf81f, 0xf81f, 0xf81f, 0xf81f,
    0xf81f, 0xf81f, 0xf81f, 0xf81f, 0xf81f, 0xf81f, 0xf81f, 0xf81f, 0xf81f, 0xf81f, 0xf81f, 0xf81f,
    0xf81f, 0xf81f, 0xf81f, 0xf81f, 0xf81f, 0xf81f, 0xf81f, 0xf81f, 0xf81f, 0xf81f, 0xf81f, 0xf81f,
    0xf81f, 0xf81f, 0xf81f, 0xf81f, 0xf81f, 0xf81f, 0xf81f, 0xf81f, 0xf81f, 0xf81f, 0xf81f, 0xf81f,
    0xf81f, 0xf81f, 0xf81f, 0xf81f, 0xf81f, 0xf81f, 0xf81f, 0xf81f, 0xf81f, 0xf81f, 0xf81f, 0xf81f,
    0xf81f, 0xf81f, 0xf81f, 0xf81f, 0x0000, 0x0000, 0xffff, 0xffff, 0xffff, 0xffff, 0x8e19, 0x8e19,
    0x8e19, 0x8e19, 0x8e19, 0x8e19, 0x8e19, 0xffff, 0xffff, 0xffff, 0x8e19, 0x8e19, 0x8e19, 0x8e19,
    0x8e19, 0x8e19, 0xffff, 0xffff, 0xffff, 0xffff, 0xffff, 0xffff, 0xffff, 0xffff, 0x0000, 0x0000,
    0xf81f, 0xf81f, 0xf81f, 0xf81f, 0xf81f, 0xf81f, 0xf81f, 0xf81f, 0xf81f, 0xf81f, 0xf81f, 0xf81f,
    0xf81f, 0xf81f, 0xf81f, 0xf81f, 0xf81f, 0xf81f, 0xf81f, 0xf81f, 0xf81f, 0xf81f, 0xf81f, 0xf81f,
    0xf81f, 0xf81f, 0xf81f, 0xf81f, 0xf81f, 0xf81f, 0xf81f, 0xf81f, 0xf81f, 0xf81f, 0xf81f, 0xf81f,
    0xf81f, 0xf81f, 0xf81f, 0xf81f, 0xf81f, 0xf81f, 0xf81f, 0xf81f, 0xf81f, 0xf81f, 0xf81f, 0xf81f,
    0xf81f, 0xf81f, 0xf81f, 0xf81f, 0xf81f, 0xf81f, 0xf81f, 0xf81f, 0xf81f, 0xf81f, 0xf81f, 0xf81f,
    0xf81f, 0xf81f, 0xf81f, 0xf81f, 0x0000, 0xffff, 0xffff, 0xffff, 0xffff, 0x8e19, 0x0000, 0x0000,
    0x0000, 0x0000, 0x0000, 0x0000, 0x0000, 0x8e19, 0xffff, 0x8e19, 0x8e19, 0x0000, 0x0000, 0x0000,
    0x0000, 0x0000, 0x0000, 0x0000, 0xffff, 0xffff, 0xffff, 0xffff, 0xffff, 0xffff, 0xffff, 0x0000,
    0x0000, 0xf81f, 0xf81f, 0xf81f, 0xf81f, 0xf81f, 0xf81f, 0xf81f, 0xf81f, 0xf81f, 0xf81f, 0xf81f,
    0xf81f, 0xf81f, 0xf81f, 0xf81f, 0xf81f, 0xf81f, 0xf81f, 0xf81f, 0xf81f, 0xf81f, 0xf81f, 0xf81f,
    0xf81f, 0xf81f, 0xf81f, 0xf81f, 0xf81f, 0xf81f, 0xf81f, 0xf81f, 0xf81f, 0xf81f, 0xf81f, 0xf81f,
    0xf81f, 0xf81f, 0xf81f, 0xf81f, 0xf81f, 0xf81f, 0xf81f, 0xf81f, 0xf81f, 0xf81f, 0xf81f, 0xf81f,
    0xf81f, 0xf81f, 0xf81f, 0xf81f, 0xf81f, 0xf81f, 0xf81f, 0xf81f, 0xf81f, 0xf81f, 0xf81f, 0xf81f,
    0xf81f, 0xf81f, 0x0000, 0x0000, 0x0000, 0xffff, 0xffff, 0xffff, 0xffff, 0x0000, 0x0000, 0x2b10,
    0x2b10, 0x2b10, 0x2b10, 0x2b10, 0x0000, 0x8e19, 0x8e19, 0x8e19, 0x0000, 0x0000, 0x2b10, 0x2b10,
    0x2b10, 0x2b10, 0x2b10, 0x2b10, 0x0000, 0x0000, 0xffff, 0xffff, 0xffff, 0xffff, 0xffff, 0x8e19,
    0x0000, 0xf81f, 0xf81f, 0xf81f, 0xf81f, 0xf81f, 0xf81f, 0xf81f, 0xf81f, 0xf81f, 0xf81f, 0xf81f,
    0xf81f, 0xf81f, 0xf81f, 0xf81f, 0xf81f, 0xf81f, 0xf81f, 0xf81f, 0xf81f, 0xf81f, 0xf81f, 0xf81f,
    0xf81f, 0xf81f, 0xf81f, 0xf81f, 0xf81f, 0xf81f, 0xf81f, 0xf81f, 0xf81f, 0xf81f, 0xf81f, 0xf81f,
    0xf81f, 0xf81f, 0xf81f, 0xf81f, 0xf81f, 0xf81f, 0xf81f, 0xf81f, 0xf81f, 0xf81f, 0xf81f, 0xf81f,
    0xf81f, 0xf81f, 0xf81f, 0xf81f, 0xf81f, 0xf81f, 0xf81f, 0xf81f, 0xf81f, 0xf81f, 0xf81f, 0xf81f,
    0xf81f, 0xf81f, 0x0000, 0x0000, 0xffff, 0xffff, 0xffff, 0xffff, 0x0000, 0x0000, 0x2b10, 0xbe9c,
    0xbe9c, 0xbe9c, 0x4c56, 0x4c56, 0x2b10, 0x0000, 0x8e19, 0x8e19, 0x0000, 0x2b10, 0x4c56, 0x4c56,
    0xbe9c, 0xbe9c, 0xbe9c, 0xbe9c, 0x2b10, 0x0000, 0x0000, 0xffff, 0xffff, 0xffff, 0xffff, 0x8e19,
    0x8e19, 0x0000, 0xf81f, 0xf81f, 0xf81f, 0xf81f, 0xf81f, 0xf81f, 0xf81f, 0xf81f, 0xf81f, 0xf81f,
    0xf81f, 0xf81f, 0xf81f, 0xf81f, 0xf81f, 0xf81f, 0xf81f, 0xf81f, 0xf81f, 0xf81f, 0xf81f, 0xf81f,
    0xf81f, 0xf81f, 0xf81f, 0xf81f, 0xf81f, 0xf81f, 0xf81f, 0xf81f, 0xf81f, 0xf81f, 0xf81f, 0xf81f,
    0xf81f, 0xf81f, 0xf81f, 0xf81f, 0xf81f, 0xf81f, 0xf81f, 0xf81f, 0xf81f, 0xf81f, 0xf81f, 0xf81f,
    0xf81f, 0xf81f, 0xf81f, 0xf81f, 0xf81f, 0xf81f, 0xf81f, 0xf81f, 0xf81f, 0xf81f, 0xf81f, 0xf81f,
    0xf81f, 0xf81f, 0x0000, 0x8e19, 0xffff, 0xffff, 0xffff, 0xffff, 0x0000, 0x2b10, 0x2b10, 0xbe9c,
    0xbe9c, 0x4c56, 0x4c56, 0x4c56, 0x2b10, 0x2b10, 0x0000, 0x0000, 0x0000, 0x2b10, 0x4c56, 0x4c56,
    0x4c56, 0xbe9c, 0xbe9c, 0xbe9c, 0x2b10, 0x2b10, 0x0000, 0xffff, 0xffff, 0xffff, 0xffff, 0x8e19,
    0x8e19, 0x0000, 0x0000, 0xf81f, 0xf81f, 0xf81f, 0xf81f, 0xf81f, 0xf81f, 0xf81f, 0xf81f, 0xf81f,
    0xf81f, 0xf81f, 0xf81f, 0xf81f, 0xf81f, 0xf81f, 0xf81f, 0xf81f, 0xf81f, 0xf81f, 0xf81f, 0xf81f,
    0xf81f, 0xf81f, 0xf81f, 0xf81f, 0xf81f, 0xf81f, 0xf81f, 0xf81f, 0xf81f, 0xf81f, 0xf81f, 0xf81f,
    0xf81f, 0xf81f, 0xf81f, 0xf81f, 0xf81f, 0xf81f, 0xf81f, 0xf81f, 0xf81f, 0xf81f, 0xf81f, 0xf81f,
    0xf81f, 0xf81f, 0xf81f, 0xf81f, 0xf81f, 0xf81f, 0xf81f, 0xf81f, 0xf81f, 0xf81f, 0xf81f, 0xf81f,
    0xf81f, 0xf81f, 0x0000, 0x8e19, 0xffff, 0xffff, 0xffff, 0xffff, 0x0000, 0x2b10, 0x2b10, 0x2b10,
    0x2b10, 0x2b10, 0x2b10, 0x2b10, 0x2b10, 0x2b10, 0x2b10, 0x2b10, 0x2b10, 0x2b10, 0x2b10, 0x2b10,
    0x2b10, 0x2b10, 0x2b10, 0x2b10, 0x2b10, 0x2b10, 0x2b10, 0x0000, 0xffff, 0xffff, 0xffff, 0x8e19,
    0x8e19, 0xbe9c, 0x0000, 0xf81f, 0xf81f, 0xf81f, 0xf81f, 0xf81f, 0xf81f, 0xf81f, 0xf81f, 0xf81f,
    0xf81f, 0xf81f, 0xf81f, 0xf81f, 0xf81f, 0xf81f, 0xf81f, 0xf81f, 0xf81f, 0xf81f, 0xf81f, 0xf81f,
    0xf81f, 0xf81f, 0xf81f, 0xf81f, 0xf81f, 0xf81f, 0xf81f, 0xf81f, 0xf81f, 0xf81f, 0xf81f, 0xf81f,
    0xf81f, 0xf81f, 0xf81f, 0xf81f, 0xf81f, 0xf81f, 0xf81f, 0xf81f, 0xf81f, 0xf81f, 0xf81f, 0xf81f,
    0xf81f, 0xf81f, 0xf81f, 0xf81f, 0xf81f, 0xf81f, 0xf81f, 0xf81f, 0xf81f, 0xf81f, 0xf81f, 0x0000,
    0x0000, 0x0000, 0x0000, 0x8e19, 0xffff, 0xffff, 0xffff, 0xffff, 0x0000, 0x2b10, 0x2b10, 0x2b10,
    0x2b10, 0x2b10, 0x2b10, 0x2b10, 0x2b10, 0x2b10, 0x2b10, 0x2b10, 0x2b10, 0x2b10, 0x2b10, 0x2b10,
    0x2b10, 0x2b10, 0x2b10, 0x2b10, 0x2b10, 0x2b10, 0x2b10, 0x0000, 0xffff, 0xffff, 0xffff, 0x8e19,
    0x8e19, 0xbe9c, 0x0000, 0x0000, 0x0000, 0x0000, 0xf81f, 0xf81f, 0xf81f, 0xf81f, 0xf81f, 0xf81f,
    0xf81f, 0xf81f, 0xf81f, 0xf81f, 0xf81f, 0xf81f, 0xf81f, 0xf81f, 0xf81f, 0xf81f, 0xf81f, 0xf81f,
    0xf81f, 0xf81f, 0xf81f, 0xf81f, 0xf81f, 0xf81f, 0xf81f, 0xf81f, 0xf81f, 0xf81f, 0xf81f, 0xf81f,
    0xf81f, 0xf81f, 0xf81f, 0xf81f, 0xf81f, 0xf81f, 0xf81f, 0xf81f, 0xf81f, 0xf81f, 0xf81f, 0xf81f,
    0xf81f, 0xf81f, 0xf81f, 0xf81f, 0xf81f, 0xf81f, 0xf81f, 0xf81f, 0xf81f, 0xf81f, 0xf81f, 0x0000,
    0x4c56, 0x4c56, 0x0000, 0x8e19, 0xffff, 0xffff, 0xffff, 0xffff, 0x0000, 0x2b10, 0x2b10, 0x0000,
    0x0000, 0x0000, 0x0000, 0x0000, 0x2b10, 0x2b10, 0x2b10, 0x2b10, 0x2b10, 0x2b10, 0x2b10, 0x2b10,
    0x0000, 0x0000, 0x0000, 0x0000, 0x0000, 0x2b10, 0x2b10, 0x0000, 0xffff, 0xffff, 0xffff, 0x8e19,
    0xbe9c, 0xbe9c, 0x0000, 0x224c, 0x224c, 0x0000, 0xf81f, 0xf81f, 0xf81f, 0xf81f, 0xf81f, 0xf81f,
    0xf81f, 0xf81f, 0xf81f, 0xf81f, 0xf81f, 0xf81f, 0xf81f, 0xf81f, 0xf81f, 0xf81f, 0xf81f, 0xf81f,
    0xf81f, 0xf81f, 0xf81f, 0xf81f, 0xf81f, 0xf81f, 0xf81f, 0xf81f, 0xf81f, 0xf81f, 0xf81f, 0xf81f,
    0xf81f, 0xf81f, 0xf81f, 0xf81f, 0xf81f, 0xf81f, 0xf81f, 0xf81f, 0xf81f, 0xf81f, 0xf81f, 0xf81f,
    0xf81f, 0xf81f, 0xf81f, 0xf81f, 0xf81f, 0xf81f, 0xf81f, 0xf81f, 0xf81f, 0xf81f, 0xf81f, 0x0000,
    0x4c56, 0x4c56, 0x0000, 0x8e19, 0xffff, 0xffff, 0xffff, 0x0000, 0x0000, 0x2b10, 0x0000, 0x0000,
    0xffff, 0xffff, 0x0000, 0x0000, 0x2b10, 0x2b10, 0x2b10, 0x4c56, 0x4c56, 0x2b10, 0x2b10, 0x2b10,
    0x0000, 0xffff, 0xffff, 0x0000, 0x0000, 0x0000, 0x2b10, 0x0000, 0xffff, 0xffff, 0xffff, 0x8e19,
    0xbe9c, 0xbe9c, 0x0000, 0x4c56, 0x4c56, 0x0000, 0xf81f, 0xf81f, 0xf81f, 0xf81f, 0xf81f, 0xf81f,
    0xf81f, 0xf81f, 0xf81f, 0xf81f, 0xf81f, 0xf81f, 0xf81f, 0xf81f, 0xf81f, 0xf81f, 0xf81f, 0xf81f,
    0xf81f, 0xf81f, 0xf81f, 0xf81f, 0xf81f, 0xf81f, 0xf81f, 0xf81f, 0xf81f, 0xf81f, 0xf81f, 0xf81f,
    0xf81f, 0xf81f, 0xf81f, 0xf81f, 0xf81f, 0xf81f, 0xf81f, 0xf81f, 0xf81f, 0xf81f, 0xf81f, 0xf81f,
    0xf81f, 0xf81f, 0xf81f, 0xf81f, 0xf81f, 0xf81f, 0xf81f, 0xf81f, 0xf81f, 0xf81f, 0xf81f, 0x0000,
    0x2b10, 0x4c56, 0x0000, 0xffff, 0xffff, 0xffff, 0x0000, 0x0000, 0x1168, 0x1168, 0x2b10, 0x2b10,
    0x08e5, 0x08e5, 0x08e5, 0x08e5, 0x2b10, 0x4c56, 0x4c56, 0x4c56, 0x4c56, 0x4c56, 0x2b10, 0x2b10,
    0x08e5, 0x08e5, 0x08e5, 0x08e5, 0x08e5, 0x2b10, 0x1168, 0x0000, 0x0000, 0xffff, 0xffff, 0xffff,
    0xbe9c, 0xbe9c, 0x0000, 0x4c56, 0x2b10, 0x0000, 0xf81f, 0xf81f, 0xf81f, 0xf81f, 0xf81f, 0xf81f,
    0xf81f, 0xf81f, 0xf81f, 0xf81f, 0xf81f, 0xf81f, 0xf81f, 0xf81f, 0xf81f, 0xf81f, 0xf81f, 0xf81f,
    0xf81f, 0xf81f, 0xf81f, 0xf81f, 0xf81f, 0xf81f, 0xf81f, 0xf81f, 0xf81f, 0xf81f, 0xf81f, 0xf81f,
    0xf81f, 0xf81f, 0xf81f, 0xf81f, 0xf81f, 0xf81f, 0xf81f, 0xf81f, 0xf81f, 0xf81f, 0xf81f, 0xf81f,
    0xf81f, 0xf81f, 0xf81f, 0xf81f, 0xf81f, 0xf81f, 0xf81f, 0xf81f, 0xf81f, 0xf81f, 0xf81f, 0x0000,
    0x2b10, 0x224c, 0x0000, 0xffff, 0x8e19, 0xffff, 0x0000, 0x1168, 0x1168, 0x1168, 0x2b10, 0x4c56,
    0x2b10, 0x2b10, 0x2b10, 0x2b10, 0x4c56, 0x4c56, 0x4c56, 0x4c56, 0x4c56, 0x4c56, 0x4c56, 0x2b10,
    0x2b10, 0x2b10, 0x2b10, 0x2b10, 0x2b10, 0x1168, 0x1168, 0x1168, 0x0000, 0xffff, 0xffff, 0xffff,
    0xbe9c, 0xbe9c, 0x0000, 0x4c56, 0x2b10, 0x0000, 0xf81f, 0xf81f, 0xf81f, 0xf81f, 0xf81f, 0xf81f,
    0xf81f, 0xf81f, 0xf81f, 0xf81f, 0xf81f, 0xf81f, 0xf81f, 0xf81f, 0xf81f, 0xf81f, 0xf81f, 0xf81f,
    0xf81f, 0xf81f, 0xf81f, 0xf81f, 0xf81f, 0xf81f, 0xf81f, 0xf81f, 0xf81f, 0xf81f, 0xf81f, 0xf81f,
    0xf81f, 0xf81f, 0xf81f, 0xf81f, 0xf81f, 0xf81f, 0xf81f, 0xf81f, 0xf81f, 0xf81f, 0xf81f, 0xf81f,
    0xf81f, 0xf81f, 0xf81f, 0xf81f, 0xf81f, 0xf81f, 0xf81f, 0xf81f, 0xf81f, 0xf81f, 0xf81f, 0x0000,
    0x2b10, 0x224c, 0x0000, 0xffff, 0x8e19, 0xffff, 0x0000, 0x1168, 0x1168, 0x4c56, 0x4c56, 0x2b10,
    0x2b10, 0x2b10, 0x2b10, 0x2b10, 0x2b10, 0x0000, 0x0000, 0x0000, 0x0000, 0x0000, 0x0000, 0x2b10,
    0x2b10, 0x2b10, 0x2b10, 0x2b10, 0x4c56, 0x4c56, 0x1168, 0x1168, 0x0000, 0xffff, 0xffff, 0xffff,
    0xbe9c, 0xbe9c, 0x0000, 0x4c56, 0x2b10, 0x0000, 0xf81f, 0xf81f, 0xf81f, 0xf81f, 0xf81f, 0xf81f,
    0xf81f, 0xf81f, 0xf81f, 0xf81f, 0xf81f, 0xf81f, 0xf81f, 0xf81f, 0xf81f, 0xf81f, 0xf81f, 0xf81f,
    0xf81f, 0xf81f, 0xf81f, 0xf81f, 0xf81f, 0xf81f, 0xf81f, 0xf81f, 0xf81f, 0xf81f, 0xf81f, 0xf81f,
    0xf81f, 0xf81f, 0xf81f, 0xf81f, 0xf81f, 0xf81f, 0xf81f, 0xf81f, 0xf81f, 0xf81f, 0xf81f, 0xf81f,
    0xf81f, 0xf81f, 0xf81f, 0xf81f, 0xf81f, 0xf81f, 0xf81f, 0xf81f, 0xf81f, 0xf81f, 0xf81f, 0x0000,
    0x2b10, 0x224c, 0x0000, 0x8e19, 0x8e19, 0xffff, 0x0000, 0x1168, 0x2b10, 0x2b10, 0x2b10, 0x2b10,
    0x2b10, 0x2b10, 0x2b10, 0x2b10, 0x2b10, 0x0000, 0x19ea, 0x19ea, 0x19ea, 0x2b10, 0x0000, 0x2b10,
    0x2b10, 0x2b10, 0x2b10, 0x2b10, 0x2b10, 0x2b10, 0x2b10, 0x1168, 0x0000, 0xffff, 0xffff, 0xffff,
    0xbe9c, 0xbe9c, 0x0000, 0x4c56, 0x2b10, 0x0000, 0xf81f, 0xf81f, 0xf81f, 0xf81f, 0xf81f, 0xf81f,
    0xf81f, 0xf81f, 0xf81f, 0xf81f, 0xf81f, 0xf81f, 0xf81f, 0xf81f, 0xf81f, 0xf81f, 0xf81f, 0xf81f,
    0xf81f, 0xf81f, 0xf81f, 0xf81f, 0xf81f, 0xf81f, 0xf81f, 0xf81f, 0xf81f, 0xf81f, 0xf81f, 0xf81f,
    0xf81f, 0xf81f, 0xf81f, 0xf81f, 0xf81f, 0xf81f, 0xf81f, 0xf81f, 0xf81f, 0xf81f, 0xf81f, 0xf81f,
    0xf81f, 0xf81f, 0xf81f, 0xf81f, 0xf81f, 0xf81f, 0xf81f, 0xf81f, 0xf81f, 0xf81f, 0xf81f, 0x0000,
    0x0000, 0x0000, 0x0000, 0x8e19, 0x8e19, 0xffff, 0x0000, 0x2b10, 0x2b10, 0x2b10, 0x2b10, 0x2b10,
    0x0000, 0x0000, 0x0000, 0x0000, 0x0000, 0x0000, 0x0000, 0x19ea, 0x2b10, 0x0000, 0x0000, 0x0000,
    0x2b10, 0x2b10, 0x2b10, 0x2b10, 0x2b10, 0x2b10, 0x2b10, 0x2b10, 0x0000, 0xffff, 0xffff, 0xffff,
    0xbe9c, 0xbe9c, 0x0000, 0x224c, 0x2b10, 0x0000, 0xf81f, 0xf81f, 0xf81f, 0xf81f, 0xf81f, 0xf81f,
    0xf81f, 0xf81f, 0xf81f, 0xf81f, 0xf81f, 0xf81f, 0xf81f, 0xf81f, 0xf81f, 0xf81f, 0xf81f, 0xf81f,
    0xf81f, 0xf81f, 0xf81f, 0xf81f, 0xf81f, 0xf81f, 0xf81f, 0xf81f, 0xf81f, 0xf81f, 0xf81f, 0xf81f,
    0xf81f, 0xf81f, 0xf81f, 0xf81f, 0xf81f, 0xf81f, 0xf81f, 0xf81f, 0xf81f, 0xf81f, 0xf81f, 0xf81f,
    0xf81f, 0xf81f, 0xf81f, 0xf81f, 0xf81f, 0xf81f, 0xf81f, 0xf81f, 0xf81f, 0xf81f, 0xf81f, 0xf81f,
    0xf81f, 0x0000, 0x0000, 0x8e19, 0x8e19, 0xffff, 0x0000, 0x2b10, 0x2b10, 0x2b10, 0x2b10, 0x0000,
    0x0000, 0xffff, 0xffff, 0xffff, 0xffff, 0xffff, 0xffff, 0x0000, 0x0000, 0xffff, 0xffff, 0x0000,
    0x0000, 0x0000, 0x0000, 0x0000, 0x2b10, 0x2b10, 0x2b10, 0x0000, 0x0000, 0xffff, 0xffff, 0xffff,
    0xbe9c, 0xbe9c, 0x0000, 0x0000, 0x0000, 0x0000, 0xf81f, 0xf81f, 0xf81f, 0xf81f, 0xf81f, 0xf81f,
    0xf81f, 0xf81f, 0xf81f, 0xf81f, 0xf81f, 0xf81f, 0xf81f, 0xf81f, 0xf81f, 0xf81f, 0xf81f, 0xf81f,
    0xf81f, 0xf81f, 0xf81f, 0xf81f, 0xf81f, 0xf81f, 0xf81f, 0xf81f, 0xf81f, 0xf81f, 0xf81f, 0xf81f,
    0xf81f, 0xf81f, 0xf81f, 0xf81f, 0xf81f, 0xf81f, 0xf81f, 0xf81f, 0xf81f, 0xf81f, 0xf81f, 0xf81f,
    0xf81f, 0xf81f, 0xf81f, 0xf81f, 0xf81f, 0xf81f, 0xf81f, 0xf81f, 0xf81f, 0xf81f, 0xf81f, 0xf81f,
    0xf81f, 0x0000, 0x0000, 0x8e19, 0xffff, 0xffff, 0x0000, 0x0000, 0x0000, 0x2b10, 0x0000, 0x0000,
    0xffff, 0xffff, 0xffff, 0xffff, 0xffff, 0xffff, 0xffff, 0x0000, 0x6db8, 0x6db8, 0xffff, 0xffff,
    0xbe9c, 0xbe9c, 0xbe9c, 0x0000, 0x0000, 0x0000, 0x2b10, 0x0000, 0xffff, 0xffff, 0xffff, 0xffff,
    0xbe9c, 0xffff, 0x0000, 0xf81f, 0xf81f, 0xf81f, 0xf81f, 0xf81f, 0xf81f, 0xf81f, 0xf81f, 0xf81f,
    0xf81f, 0xf81f, 0xf81f, 0xf81f, 0xf81f, 0xf81f, 0xf81f, 0xf81f, 0xf81f, 0xf81f, 0xf81f, 0xf81f,
    0xf81f, 0xf81f, 0xf81f, 0xf81f, 0xf81f, 0xf81f, 0xf81f, 0xf81f, 0xf81f, 0xf81f, 0xf81f, 0xf81f,
    0xf81f, 0xf81f, 0xf81f, 0xf81f, 0xf81f, 0xf81f, 0xf81f, 0xf81f, 0xf81f, 0xf81f, 0xf81f, 0xf81f,
    0xf81f, 0xf81f, 0xf81f, 0xf81f, 0xf81f, 0xf81f, 0xf81f, 0xf81f, 0xf81f, 0xf81f, 0xf81f, 0xf81f,
    0xf81f, 0xf81f, 0x0000, 0xffff, 0xffff, 0xffff, 0xffff, 0xffff, 0x0000, 0x0000, 0x0000, 0xffff,
    0xffff, 0xffff, 0xffff, 0xffff, 0xffff, 0x0000, 0x0000, 0x0000, 0x0000, 0x6db8, 0xffff, 0xffff,
    0xbe9c, 0xbe9c, 0xbe9c, 0xbe9c, 0xbe9c, 0x0000, 0x0000, 0xffff, 0xffff, 0xffff, 0xffff, 0xbe9c,
    0xffff, 0xffff, 0x0000, 0xf81f, 0xf81f, 0xf81f, 0xf81f, 0xf81f, 0xf81f, 0xf81f, 0xf81f, 0xf81f,
    0xf81f, 0xf81f, 0xf81f, 0xf81f, 0xf81f, 0xf81f, 0xf81f, 0xf81f, 0xf81f, 0xf81f, 0xf81f, 0xf81f,
    0xf81f, 0xf81f, 0xf81f, 0xf81f, 0xf81f, 0xf81f, 0xf81f, 0xf81f, 0xf81f, 0xf81f, 0xf81f, 0xf81f,
    0xf81f, 0xf81f, 0xf81f, 0xf81f, 0xf81f, 0xf81f, 0xf81f, 0xf81f, 0xf81f, 0xf81f, 0xf81f, 0xf81f,
    0xf81f, 0xf81f, 0xf81f, 0xf81f, 0xf81f, 0xf81f, 0xf81f, 0xf81f, 0xf81f, 0xf81f, 0xf81f, 0xf81f,
    0xf81f, 0xf81f, 0x0000, 0xffff, 0xffff, 0xffff, 0xffff, 0xffff, 0x0000, 0xffff, 0xffff, 0xbe9c,
    0xffff, 0xffff, 0xffff, 0xffff, 0xffff, 0x0000, 0x0000, 0x64d4, 0x0000, 0x6db8, 0xffff, 0xffff,
    0xffff, 0xffff, 0xbe9c, 0xbe9c, 0xbe9c, 0xbe9c, 0x0000, 0xffff, 0xffff, 0xffff, 0xffff, 0xbe9c,
    0xffff, 0x0000, 0x0000, 0xf81f, 0xf81f, 0xf81f, 0xf81f, 0xf81f, 0xf81f, 0xf81f, 0xf81f, 0xf81f,
    0xf81f, 0xf81f, 0xf81f, 0xf81f, 0xf81f, 0xf81f, 0xf81f, 0xf81f, 0xf81f, 0xf81f, 0xf81f, 0xf81f,
    0xf81f, 0xf81f, 0xf81f, 0xf81f, 0xf81f, 0xf81f, 0xf81f, 0xf81f, 0xf81f, 0xf81f, 0xf81f, 0xf81f,
    0xf81f, 0xf81f, 0xf81f, 0xf81f, 0xf81f, 0xf81f, 0xf81f, 0xf81f, 0xf81f, 0xf81f, 0xf81f, 0xf81f,
    0xf81f, 0xf81f, 0xf81f, 0xf81f, 0xf81f, 0xf81f, 0xf81f, 0xf81f, 0xf81f, 0xf81f, 0xf81f, 0xf81f,
    0xf81f, 0xf81f, 0x0000, 0xffff, 0xffff, 0xffff, 0xffff, 0xffff, 0x0000, 0xffff, 0xbe9c, 0xbe9c,
    0xffff, 0xffff, 0xffff, 0xffff, 0x64d4, 0x0000, 0x8e19, 0x64d4, 0x0000, 0x0000, 0x0000, 0xffff,
    0xffff, 0xffff, 0xbe9c, 0xbe9c, 0xbe9c, 0xbe9c, 0x0000, 0xffff, 0xffff, 0xbe9c, 0xffff, 0xbe9c,
    0xffff, 0x0000, 0x0000, 0xf81f, 0xf81f, 0xf81f, 0xf81f, 0xf81f, 0xf81f, 0xf81f, 0xf81f, 0xf81f,
    0xf81f, 0xf81f, 0xf81f, 0xf81f, 0xf81f, 0xf81f, 0xf81f, 0xf81f, 0xf81f, 0xf81f, 0xf81f, 0xf81f,
    0xf81f, 0xf81f, 0xf81f, 0xf81f, 0xf81f, 0xf81f, 0xf81f, 0xf81f, 0xf81f, 0xf81f, 0xf81f, 0xf81f,
    0xf81f, 0xf81f, 0xf81f, 0xf81f, 0xf81f, 0xf81f, 0xf81f, 0xf81f, 0xf81f, 0xf81f, 0xf81f, 0xf81f,
    0xf81f, 0xf81f, 0xf81f, 0xf81f, 0xf81f, 0xf81f, 0xf81f, 0xf81f, 0xf81f, 0xf81f, 0xf81f, 0xf81f,
    0x0000, 0xf81f, 0x0000, 0xffff, 0xbe9c, 0xffff, 0xffff, 0xffff, 0x0000, 0xbe9c, 0xbe9c, 0xbe9c,
    0xffff, 0xffff, 0xffff, 0x0000, 0x0000, 0x8e19, 0x8e19, 0x64d4, 0x64d4, 0x64d4, 0x0000, 0x0000,
    0xffff, 0xffff, 0xffff, 0xbe9c, 0xbe9c, 0xbe9c, 0x0000, 0xffff, 0xffff, 0xbe9c, 0xffff, 0xffff,
    0xffff, 0x0000, 0xf81f, 0xf81f, 0xf81f, 0xf81f, 0xf81f, 0xf81f, 0xf81f, 0xf81f, 0xf81f, 0xf81f,
    0xf81f, 0xf81f, 0xf81f, 0xf81f, 0xf81f, 0xf81f, 0xf81f, 0xf81f, 0xf81f, 0xf81f, 0xf81f, 0xf81f,
    0xf81f, 0xf81f, 0xf81f, 0xf81f, 0xf81f, 0xf81f, 0xf81f, 0xf81f, 0xf81f, 0xf81f, 0xf81f, 0xf81f,
    0xf81f, 0xf81f, 0xf81f, 0xf81f, 0xf81f, 0xf81f, 0xf81f, 0xf81f, 0xf81f, 0xf81f, 0xf81f, 0xf81f,
    0xf81f, 0xf81f, 0xf81f, 0xf81f, 0xf81f, 0xf81f, 0xf81f, 0xf81f, 0xf81f, 0xf81f, 0xf81f, 0x0000,
    0x230d, 0x0000, 0x0000, 0xffff, 0xbe9c, 0xbe9c, 0xffff, 0xffff, 0x0000, 0xbe9c, 0xbe9c, 0xbe9c,
    0xffff, 0xffff, 0xffff, 0x0000, 0x8e19, 0x8e19, 0x8e19, 0x8e19, 0x64d4, 0x64d4, 0x64d4, 0x0000,
    0xffff, 0xffff, 0xffff, 0xffff, 0xbe9c, 0xbe9c, 0x0000, 0xffff, 0xffff, 0xbe9c, 0xffff, 0xffff,
    0xffff, 0x0000, 0xffff, 0x0000, 0x0000, 0x0000, 0x0000, 0xf81f, 0xf81f, 0xf81f, 0xf81f, 0xf81f,
    0xf81f, 0xf81f, 0xf81f, 0xf81f, 0xf81f, 0xf81f, 0xf81f, 0xf81f, 0xf81f, 0xf81f, 0xf81f, 0xf81f,
    0xf81f, 0xf81f, 0xf81f, 0xf81f, 0xf81f, 0xf81f, 0xf81f, 0xf81f, 0xf81f, 0xf81f, 0xf81f, 0xf81f,
    0xf81f, 0xf81f, 0xf81f, 0xf81f, 0xf81f, 0xf81f, 0xf81f, 0xf81f, 0xf81f, 0xf81f, 0xf81f, 0xf81f,
    0xf81f, 0xf81f, 0xf81f, 0xf81f, 0xf81f, 0xf81f, 0xf81f, 0xf81f, 0xf81f, 0x0000, 0x0000, 0x0000,
    0x230d, 0x230d, 0x0000, 0x0000, 0xbe9c, 0xbe9c, 0xffff, 0xffff, 0x0000, 0xbe9c, 0xbe9c, 0xbe9c,
    0xbe9c, 0x0000, 0x0000, 0x8e19, 0x8e19, 0x8e19, 0x8e19, 0x8e19, 0x8e19, 0x8e19, 0x64d4, 0x64d4,
    0x0000, 0xffff, 0xffff, 0xbe9c, 0xbe9c, 0xbe9c, 0x0000, 0xffff, 0xffff, 0xbe9c, 0xbe9c, 0xffff,
    0x0000, 0x0000, 0xffff, 0xffff, 0xffff, 0x0000, 0x0000, 0x0000, 0xf81f, 0xf81f, 0xf81f, 0xf81f,
    0xf81f, 0xf81f, 0xf81f, 0xf81f, 0xf81f, 0xf81f, 0xf81f, 0xf81f, 0xf81f, 0xf81f, 0xf81f, 0xf81f,
    0xf81f, 0xf81f, 0xf81f, 0xf81f, 0xf81f, 0xf81f, 0xf81f, 0xf81f, 0xf81f, 0xf81f, 0xf81f, 0xf81f,
    0xf81f, 0xf81f, 0xf81f, 0xf81f, 0xf81f, 0xf81f, 0xf81f, 0xf81f, 0xf81f, 0xf81f, 0xf81f, 0xf81f,
    0xf81f, 0xf81f, 0xf81f, 0xf81f, 0xf81f, 0xf81f, 0xf81f, 0xf81f, 0xf81f, 0x0000, 0x0000, 0x6db8,
    0x6db8, 0x230d, 0x0000, 0x0000, 0x8e19, 0xbe9c, 0xffff, 0xffff, 0x0000, 0x0000, 0x0000, 0x0000,
    0x0000, 0x8e19, 0x8e19, 0x8e19, 0xffff, 0xffff, 0xffff, 0x8e19, 0x8e19, 0x8e19, 0x8e19, 0x8e19,
    0x0000, 0x0000, 0x0000, 0x0000, 0x0000, 0x0000, 0x0000, 0xffff, 0xffff, 0xbe9c, 0xffff, 0xffff,
    0x0000, 0x0000, 0xffff, 0xffff, 0x6db8, 0x6db8, 0x6db8, 0x8537, 0x0000, 0xf81f, 0xf81f, 0xf81f,
    0xf81f, 0xf81f, 0xf81f, 0xf81f, 0xf81f, 0xf81f, 0xf81f, 0xf81f, 0xf81f, 0xf81f, 0xf81f, 0xf81f,
    0xf81f, 0xf81f, 0xf81f, 0xf81f, 0xf81f, 0xf81f, 0xf81f, 0xf81f, 0xf81f, 0xf81f, 0xf81f, 0xf81f,
    0xf81f, 0xf81f, 0xf81f, 0xf81f, 0xf81f, 0xf81f, 0xf81f, 0xf81f, 0xf81f, 0xf81f, 0xf81f, 0xf81f,
    0xf81f, 0xf81f, 0xf81f, 0xf81f, 0xf81f, 0xf81f, 0xf81f, 0xf81f, 0x0000, 0xffff, 0xffff, 0x6db8,
    0x6db8, 0x230d, 0x0000, 0x0000, 0xbe9c, 0xbe9c, 0xffff, 0xffff, 0xffff, 0xffff, 0xffff, 0xffff,
    0xffff, 0xffff, 0xffff, 0xffff, 0xffff, 0xffff, 0xffff, 0xffff, 0x8e19, 0x8e19, 0x8e19, 0x8e19,
    0x8e19, 0x8e19, 0x8e19, 0x8e19, 0x8e19, 0xffff, 0xffff, 0xffff, 0xffff, 0xbe9c, 0xffff, 0x0000,
    0x0000, 0xffff, 0xffff, 0x6db8, 0x6db8, 0x6db8, 0x6db8, 0x6db8, 0x0000, 0xf81f, 0xf81f, 0xf81f,
    0xf81f, 0xf81f, 0xf81f, 0xf81f, 0xf81f, 0xf81f, 0xf81f, 0xf81f, 0xf81f, 0xf81f, 0xf81f, 0xf81f,
    0xf81f, 0xf81f, 0xf81f, 0xf81f, 0xf81f, 0xf81f, 0xf81f, 0xf81f, 0xf81f, 0xf81f, 0xf81f, 0xf81f,
    0xf81f, 0xf81f, 0xf81f, 0xf81f, 0xf81f, 0xf81f, 0xf81f, 0xf81f, 0xf81f, 0xf81f, 0xf81f, 0xf81f,
    0xf81f, 0xf81f, 0xf81f, 0xf81f, 0xf81f, 0xf81f, 0xf81f, 0xf81f, 0x0000, 0xffff, 0xffff, 0x6db8,
    0x6db8, 0x230d, 0x230d, 0x0000, 0xffff, 0xbe9c, 0xffff, 0xffff, 0xffff, 0xffff, 0xffff, 0xffff,
    0xffff, 0xffff, 0xffff, 0xffff, 0xffff, 0xffff, 0xffff, 0xffff, 0xffff, 0x8e19, 0x8e19, 0x8e19,
    0x8e19, 0x8e19, 0x8e19, 0x8e19, 0x8e19, 0x8e19, 0x8e19, 0xffff, 0xffff, 0xbe9c, 0xffff, 0x0000,
    0x0000, 0xffff, 0xffff, 0xbe9c, 0xbe9c, 0xbe9c, 0xbe9c, 0x6db8, 0x0000, 0x0000, 0xf81f, 0xf81f,
    0xf81f, 0xf81f, 0xf81f, 0xf81f, 0xf81f, 0xf81f, 0xf81f, 0xf81f, 0xf81f, 0xf81f, 0xf81f, 0xf81f,
    0xf81f, 0xf81f, 0xf81f, 0xf81f, 0xf81f, 0xf81f, 0xf81f, 0xf81f, 0xf81f, 0xf81f, 0xf81f, 0xf81f,
    0xf81f, 0xf81f, 0xf81f, 0xf81f, 0xf81f, 0xf81f, 0xf81f, 0xf81f, 0xf81f, 0xf81f, 0xf81f, 0xf81f,
    0xf81f, 0xf81f, 0xf81f, 0xf81f, 0xf81f, 0xf81f, 0xf81f, 0x0000, 0x0000, 0xffff, 0xffff, 0x6db8,
    0x6db8, 0x230d, 0x230d, 0x0000, 0xffff, 0xffff, 0xffff, 0xffff, 0xffff, 0xffff, 0xffff, 0xffff,
    0xffff, 0xffff, 0xffff, 0xffff, 0xffff, 0xffff, 0xffff, 0xffff, 0xffff, 0xffff, 0xffff, 0xffff,
    0x8e19, 0x8e19, 0x8e19, 0x8e19, 0x8e19, 0x8e19, 0xffff, 0xffff, 0xbe9c, 0x6db8, 0xffff, 0x0000,
    0xffff, 0xffff, 0xffff, 0xbe9c, 0xbe9c, 0xbe9c, 0xbe9c, 0xbe9c, 0xffff, 0x0000, 0xf81f, 0xf81f,
    0xf81f, 0xf81f, 0xf81f, 0xf81f, 0xf81f, 0xf81f, 0xf81f, 0xf81f, 0xf81f, 0xf81f, 0xf81f, 0xf81f,
    0xf81f, 0xf81f, 0xf81f, 0xf81f, 0xf81f, 0xf81f, 0xf81f, 0xf81f, 0xf81f, 0xf81f, 0xf81f, 0xf81f,
    0xf81f, 0xf81f, 0xf81f, 0xf81f, 0xf81f, 0xf81f, 0xf81f, 0xf81f, 0xf81f, 0xf81f, 0xf81f, 0xf81f,
    0xf81f, 0xf81f, 0xf81f, 0xf81f, 0xf81f, 0xf81f, 0xf81f, 0x0000, 0x0000, 0xffff, 0xffff, 0xffff,
    0x8537, 0x230d, 0x230d, 0x0000, 0xffff, 0xffff, 0xffff, 0xffff, 0xffff, 0xffff, 0xffff, 0xffff,
    0xffff, 0xffff, 0xffff, 0xffff, 0xffff, 0xffff, 0xffff, 0xffff, 0xffff, 0xffff, 0xffff, 0xffff,
    0xffff, 0xffff, 0xffff, 0xffff, 0xffff, 0xffff, 0xffff, 0xffff, 0x6db8, 0x6db8, 0xffff, 0x0000,
    0xffff, 0x6db8, 0xbe9c, 0xbe9c, 0xbe9c, 0xbe9c, 0xffff, 0xffff, 0xffff, 0xffff, 0x0000, 0xf81f,
    0xf81f, 0xf81f, 0xf81f, 0xf81f, 0xf81f, 0xf81f, 0xf81f, 0xf81f, 0xf81f, 0xf81f, 0xf81f, 0xf81f,
    0xf81f, 0xf81f, 0xf81f, 0xf81f, 0xf81f, 0xf81f, 0xf81f, 0xf81f, 0xf81f, 0xf81f, 0xf81f, 0xf81f,
    0xf81f, 0xf81f, 0xf81f, 0xf81f, 0xf81f, 0xf81f, 0xf81f, 0xf81f, 0xf81f, 0xf81f, 0xf81f, 0xf81f,
    0xf81f, 0xf81f, 0xf81f, 0xf81f, 0xf81f, 0xf81f, 0xf81f, 0x0000, 0x0000, 0xffff, 0xffff, 0xffff,
    0x8537, 0x6db8, 0x230d, 0x0000, 0x0000, 0x0000, 0xffff, 0xffff, 0xffff, 0xffff, 0xffff, 0xffff,
    0xffff, 0xffff, 0xffff, 0xffff, 0xffff, 0xffff, 0xffff, 0xffff, 0xffff, 0xffff, 0xffff, 0xffff,
    0xffff, 0xffff, 0xffff, 0xffff, 0xffff, 0xffff, 0xbe9c, 0xbe9c, 0x6db8, 0x0000, 0x0000, 0x0000,
    0xffff, 0x8537, 0xffff, 0xffff, 0xffff, 0xffff, 0xffff, 0xffff, 0xffff, 0xffff, 0x0000, 0xf81f,
    0xf81f, 0xf81f, 0xf81f, 0xf81f, 0xf81f, 0xf81f, 0xf81f, 0xf81f, 0xf81f, 0xf81f, 0xf81f, 0xf81f,
    0xf81f, 0xf81f, 0xf81f, 0xf81f, 0xf81f, 0xf81f, 0xf81f, 0xf81f, 0xf81f, 0xf81f, 0xf81f, 0xf81f,
    0xf81f, 0xf81f, 0xf81f, 0xf81f, 0xf81f, 0xf81f, 0xf81f, 0xf81f, 0xf81f, 0xf81f, 0xf81f, 0xf81f,
    0xf81f, 0xf81f, 0xf81f, 0xf81f, 0xf81f, 0xf81f, 0xf81f, 0x0000, 0xffff, 0xffff, 0xffff, 0xbe9c,
    0x8537, 0x6db8, 0x230d, 0x0000, 0x0000, 0x0000, 0xffff, 0xffff, 0xffff, 0xffff, 0xffff, 0xffff,
    0xffff, 0xffff, 0xffff, 0xffff, 0xffff, 0xffff, 0xffff, 0xffff, 0xffff, 0xffff, 0xffff, 0xffff,
    0xffff, 0xffff, 0xffff, 0xffff, 0xffff, 0xbe9c, 0xbe9c, 0x6db8, 0x6db8, 0x0000, 0x0000, 0xffff,
    0xffff, 0x8537, 0xffff, 0xffff, 0xffff, 0xffff, 0xffff, 0xffff, 0xffff, 0xffff, 0x0000, 0x0000,
    0xf81f, 0xf81f, 0xf81f, 0xf81f, 0xf81f, 0xf81f, 0xf81f, 0xf81f, 0xf81f, 0xf81f, 0xf81f, 0xf81f,
    0xf81f, 0xf81f, 0xf81f, 0xf81f, 0xf81f, 0xf81f, 0xf81f, 0xf81f, 0xf81f, 0xf81f, 0xf81f, 0xf81f,
    0xf81f, 0xf81f, 0xf81f, 0xf81f, 0xf81f, 0xf81f, 0xf81f, 0xf81f, 0xf81f, 0xf81f, 0xf81f, 0xf81f,
    0xf81f, 0xf81f, 0xf81f, 0xf81f, 0xf81f, 0xf81f, 0x0000, 0x0000, 0xffff, 0xffff, 0xffff, 0xbe9c,
    0x8537, 0x6db8, 0x230d, 0x0000, 0x0000, 0x1168, 0x0000, 0xffff, 0xffff, 0xffff, 0xffff, 0xffff,
    0xffff, 0xffff, 0xffff, 0xffff, 0xffff, 0xffff, 0xffff, 0xffff, 0xffff, 0xffff, 0xffff, 0xffff,
    0xffff, 0xffff, 0xffff, 0xffff, 0xffff, 0xbe9c, 0xbe9c, 0x6db8, 0x0000, 0x0000, 0xffff, 0x8537,
    0x8537, 0x8537, 0xffff, 0xffff, 0xffff, 0xffff, 0xffff, 0xffff, 0xffff, 0xffff, 0xffff, 0x0000,
    0xf81f, 0xf81f, 0xf81f, 0xf81f, 0xf81f, 0xf81f, 0xf81f, 0xf81f, 0xf81f, 0xf81f, 0xf81f, 0xf81f,
    0xf81f, 0xf81f, 0xf81f, 0xf81f, 0xf81f, 0xf81f, 0xf81f, 0xf81f, 0xf81f, 0xf81f, 0xf81f, 0xf81f,
    0xf81f, 0xf81f, 0xf81f, 0xf81f, 0xf81f, 0xf81f, 0xf81f, 0xf81f, 0xf81f, 0xf81f, 0xf81f, 0xf81f,
    0xf81f, 0xf81f, 0xf81f, 0xf81f, 0xf81f, 0xf81f, 0x0000, 0xffff, 0xffff, 0xffff, 0xffff, 0xbe9c,
    0x8537, 0x230d, 0x230d, 0x0000, 0x2b10, 0x1168, 0x0000, 0x0000, 0xffff, 0xffff, 0xffff, 0xffff,
    0xffff, 0xffff, 0xffff, 0xffff, 0xffff, 0xffff, 0xffff, 0xffff, 0xffff, 0xffff, 0xffff, 0xffff,
    0xffff, 0xffff, 0xffff, 0xffff, 0xbe9c, 0xbe9c, 0x6db8, 0x6db8, 0x0000, 0x0000, 0xbe9c, 0x8537,
    0x8537, 0xffff, 0xffff, 0xffff, 0xffff, 0xffff, 0xffff, 0xffff, 0xffff, 0xffff, 0xffff, 0x0000,
    0xf81f, 0xf81f, 0xf81f, 0xf81f, 0xf81f, 0xf81f, 0xf81f, 0xf81f, 0xf81f, 0xf81f, 0xf81f, 0xf81f,
    0xf81f, 0xf81f, 0xf81f, 0xf81f, 0xf81f, 0xf81f, 0xf81f, 0xf81f, 0xf81f, 0xf81f, 0xf81f, 0xf81f,
    0xf81f, 0xf81f, 0xf81f, 0xf81f, 0xf81f, 0xf81f, 0xf81f, 0xf81f, 0xf81f, 0xf81f, 0xf81f, 0xf81f,
    0xf81f, 0xf81f, 0xf81f, 0xf81f, 0xf81f, 0xf81f, 0x0000, 0xffff, 0xffff, 0xffff, 0xbe9c, 0xbe9c,
    0x6db8, 0x230d, 0x230d, 0x0000, 0x2b10, 0x2b10, 0x1168, 0x0000, 0xffff, 0xffff, 0xffff, 0xffff,
    0xffff, 0xffff, 0xffff, 0xffff, 0xffff, 0xffff, 0xffff, 0xffff, 0xffff, 0xffff, 0xffff, 0xffff,
    0xffff, 0xffff, 0xffff, 0xbe9c, 0xbe9c, 0x6db8, 0x6db8, 0x0000, 0x0000, 0x0000, 0x8537, 0x8537,
    0xffff, 0xffff, 0xffff, 0xffff, 0xffff, 0xffff, 0xffff, 0xffff, 0xffff, 0xffff, 0xffff, 0x0000,
    0xf81f, 0xf81f, 0xf81f, 0xf81f, 0xf81f, 0xf81f, 0xf81f, 0xf81f, 0xf81f, 0xf81f, 0xf81f, 0xf81f,
    0xf81f, 0xf81f, 0xf81f, 0xf81f, 0xf81f, 0xf81f, 0xf81f, 0xf81f, 0xf81f, 0xf81f, 0xf81f, 0xf81f,
    0xf81f, 0xf81f, 0xf81f, 0xf81f, 0xf81f, 0xf81f, 0xf81f, 0xf81f, 0xf81f, 0xf81f, 0xf81f, 0xf81f,
    0xf81f, 0xf81f, 0xf81f, 0xf81f, 0xf81f, 0x0000, 0x0000, 0xffff, 0xffff, 0xffff, 0xbe9c, 0xbe9c,
    0x6db8, 0x6db8, 0x230d, 0x0000, 0x2b10, 0x2b10, 0x2b10, 0x0000, 0x0000, 0xffff, 0xffff, 0xffff,
    0xffff, 0xffff, 0xffff, 0xffff, 0xffff, 0xffff, 0xffff, 0xffff, 0xffff, 0xffff, 0xffff, 0xffff,
    0xffff, 0xffff, 0xbe9c, 0xbe9c, 0x6db8, 0x6db8, 0x0000, 0x0000, 0x0000, 0x0000, 0x8537, 0x8537,
    0xffff, 0xffff, 0xffff, 0xffff, 0xffff, 0xffff, 0xffff, 0xffff, 0xffff, 0xffff, 0xffff, 0x0000,
    0xf81f, 0xf81f, 0xf81f, 0xf81f, 0xf81f, 0xf81f, 0xf81f, 0xf81f, 0xf81f, 0xf81f, 0xf81f, 0xf81f,
    0xf81f, 0xf81f, 0xf81f, 0xf81f, 0xf81f, 0xf81f, 0xf81f, 0xf81f, 0xf81f, 0xf81f, 0xf81f, 0xf81f,
    0xf81f, 0xf81f, 0xf81f, 0xf81f, 0xf81f, 0xf81f, 0xf81f, 0xf81f, 0xf81f, 0xf81f, 0xf81f, 0xf81f,
    0xf81f, 0xf81f, 0xf81f, 0xf81f, 0xf81f, 0x0000, 0xffff, 0xffff, 0xffff, 0xffff, 0xbe9c, 0xbe9c,
    0x6db8, 0x6db8, 0x0000, 0x0000, 0x0000, 0x2b10, 0x2b10, 0x1168, 0x0000, 0x0000, 0xffff, 0xffff,
    0xffff, 0xffff, 0xffff, 0xffff, 0xffff, 0xffff, 0xffff, 0xffff, 0xffff, 0xffff, 0xffff, 0xffff,
    0xbe9c, 0xbe9c, 0xbe9c, 0x6db8, 0x6db8, 0x0000, 0x0000, 0x0000, 0x0000, 0x0000, 0xffff, 0xffff,
    0xffff, 0xffff, 0xffff, 0xffff, 0xffff, 0xffff, 0xffff, 0xffff, 0xffff, 0xffff, 0xffff, 0xffff,
    0x0000, 0xf81f, 0xf81f, 0xf81f, 0xf81f, 0xf81f, 0xf81f, 0xf81f, 0xf81f, 0xf81f, 0xf81f, 0xf81f,
    0xf81f, 0xf81f, 0xf81f, 0xf81f, 0xf81f, 0xf81f, 0xf81f, 0xf81f, 0xf81f, 0xf81f, 0xf81f, 0xf81f,
    0xf81f, 0xf81f, 0xf81f, 0xf81f, 0xf81f, 0xf81f, 0xf81f, 0xf81f, 0xf81f, 0xf81f, 0xf81f, 0xf81f,
    0xf81f, 0xf81f, 0xf81f, 0xf81f, 0xf81f, 0x0000, 0xffff, 0xffff, 0xffff, 0xbe9c, 0xbe9c, 0x8537,
    0x6db8, 0x6db8, 0x0000, 0xffff, 0x0000, 0x2b10, 0x2b10, 0x1168, 0x1168, 0x1168, 0x0000, 0xffff,
    0xffff, 0xffff, 0xffff, 0xffff, 0xffff, 0xffff, 0xffff, 0xffff, 0xffff, 0xffff, 0xffff, 0xbe9c,
    0xbe9c, 0x6db8, 0x6db8, 0x6db8, 0x6db8, 0x0000, 0x1168, 0x1168, 0x0000, 0x0000, 0xffff, 0xffff,
    0xffff, 0xffff, 0xffff, 0xffff, 0xffff, 0xffff, 0xffff, 0xffff, 0xffff, 0xffff, 0xffff, 0xffff,
    0x0000, 0xf81f, 0xf81f, 0xf81f, 0xf81f, 0xf81f, 0xf81f, 0xf81f, 0xf81f, 0xf81f, 0xf81f, 0xf81f,
    0xf81f, 0xf81f, 0xf81f, 0xf81f, 0xf81f, 0xf81f, 0xf81f, 0xf81f, 0xf81f, 0xf81f, 0xf81f, 0xf81f,
    0xf81f, 0xf81f, 0xf81f, 0xf81f, 0xf81f, 0xf81f, 0xf81f, 0xf81f, 0xf81f, 0xf81f, 0xf81f, 0xf81f,
    0xf81f, 0xf81f, 0xf81f, 0xf81f, 0x0000, 0x0000, 0xffff, 0xffff, 0xffff, 0xbe9c, 0xbe9c, 0x6db8,
    0x6db8, 0x8537, 0x0000, 0xffff, 0x0000, 0x2b10, 0x2b10, 0x2b10, 0x1168, 0x1168, 0x0000, 0x0000,
    0xffff, 0xffff, 0xffff, 0xffff, 0xffff, 0xffff, 0xffff, 0xffff, 0xffff, 0xffff, 0xbe9c, 0x6db8,
    0x6db8, 0x6db8, 0x6db8, 0x6db8, 0x0000, 0x1168, 0x1168, 0x0000, 0x8e19, 0x0000, 0xffff, 0xffff,
    0xffff, 0xffff, 0xffff, 0xffff, 0xffff, 0xffff, 0xffff, 0xffff, 0xffff, 0xffff, 0xffff, 0xffff,
    0x0000, 0xf81f, 0xf81f, 0xf81f, 0xf81f, 0xf81f, 0xf81f, 0xf81f, 0xf81f, 0xf81f, 0xf81f, 0xf81f,
    0xf81f, 0xf81f, 0xf81f, 0xf81f, 0xf81f, 0xf81f, 0xf81f, 0xf81f, 0xf81f, 0xf81f, 0xf81f, 0xf81f,
    0xf81f, 0xf81f, 0xf81f, 0xf81f, 0xf81f, 0xf81f, 0xf81f, 0xf81f, 0xf81f, 0xf81f, 0xf81f, 0xf81f,
    0xf81f, 0xf81f, 0xf81f, 0xf81f, 0x0000, 0xffff, 0xffff, 0xffff, 0xffff, 0xbe9c, 0xbe9c, 0x6db8,
    0x6db8, 0x0000, 0x0000, 0xffff, 0x0000, 0x2b10, 0x2b10, 0x4c56, 0x0000, 0x1168, 0x1168, 0x0000,
    0x0000, 0xffff, 0xffff, 0xffff, 0xffff, 0xffff, 0xffff, 0xffff, 0xffff, 0xbe9c, 0xbe9c, 0x6db8,
    0x6db8, 0x6db8, 0x6db8, 0x0000, 0x0000, 0x1168, 0x0000, 0x8e19, 0x8e19, 0x0000, 0xffff, 0xffff,
    0xffff, 0xffff, 0xffff, 0xffff, 0xffff, 0xffff, 0xffff, 0xffff, 0xffff, 0xffff, 0xffff, 0xffff,
    0x0000, 0xf81f, 0xf81f, 0xf81f, 0xf81f, 0xf81f, 0xf81f, 0xf81f, 0xf81f, 0xf81f, 0xf81f, 0xf81f,
    0xf81f, 0xf81f, 0xf81f, 0xf81f, 0xf81f, 0xf81f, 0xf81f, 0xf81f, 0xf81f, 0xf81f, 0xf81f, 0xf81f,
    0xf81f, 0xf81f, 0xf81f, 0xf81f, 0xf81f, 0xf81f, 0xf81f, 0xf81f, 0xf81f, 0xf81f, 0xf81f, 0xf81f,
    0xf81f, 0xf81f, 0xf81f, 0xf81f, 0x0000, 0xffff, 0xffff, 0xffff, 0xbe9c, 0xbe9c, 0x8537, 0x6db8,
    0x6db8, 0x0000, 0xffff, 0xffff, 0x0000, 0x2b10, 0x2b10, 0x4c56, 0x4c56, 0x1168, 0x1168, 0x1168,
    0x1168, 0xffff, 0xffff, 0xffff, 0xffff, 0xffff, 0xffff, 0xffff, 0xbe9c, 0xbe9c, 0x6db8, 0x6db8,
    0x6db8, 0x6db8, 0x0000, 0x1168, 0x1168, 0x1168, 0x0000, 0xbe9c, 0x8e19, 0x0000, 0xffff, 0xffff,
    0xffff, 0xffff, 0xffff, 0xffff, 0xffff, 0xffff, 0xffff, 0xffff, 0xffff, 0xffff, 0xffff, 0xffff,
    0xffff, 0x0000, 0xf81f, 0xf81f, 0xf81f, 0xf81f, 0xf81f, 0xf81f, 0xf81f, 0xf81f, 0xf81f, 0xf81f,
    0xf81f, 0xf81f, 0xf81f, 0xf81f, 0xf81f, 0xf81f, 0xf81f, 0xf81f, 0xf81f, 0xf81f, 0xf81f, 0xf81f,
    0xf81f, 0xf81f, 0xf81f, 0xf81f, 0xf81f, 0xf81f, 0xf81f, 0xf81f, 0xf81f, 0xf81f, 0xf81f, 0xf81f,
    0xf81f, 0xf81f, 0xf81f, 0xf81f, 0x0000, 0xffff, 0xffff, 0xffff, 0xbe9c, 0xbe9c, 0x6db8, 0x6db8,
    0x6db8, 0x0000, 0xffff, 0xffff, 0xffff, 0x0000, 0x2b10, 0x2b10, 0x4c56, 0x4c56, 0x1168, 0x1168,
    0x1168, 0x0000, 0xffff, 0xffff, 0xffff, 0xffff, 0xffff, 0xffff, 0xbe9c, 0xbe9c, 0x6db8, 0x6db8,
    0x6db8, 0x6db8, 0x0000, 0x1168, 0x1168, 0x0000, 0x0000, 0xbe9c, 0x8e19, 0x0000, 0xffff, 0xffff,
    0xffff, 0xffff, 0xffff, 0xffff, 0xffff, 0xffff, 0xffff, 0xffff, 0xffff, 0xffff, 0x6db8, 0xffff,
    0xffff, 0x0000, 0xf81f, 0xf81f, 0xf81f, 0xf81f, 0xf81f, 0xf81f, 0xf81f, 0xf81f, 0xf81f, 0xf81f,
    0xf81f, 0xf81f, 0xf81f, 0xf81f, 0xf81f, 0xf81f, 0xf81f, 0xf81f, 0xf81f, 0xf81f, 0xf81f, 0xf81f,
    0xf81f, 0xf81f, 0xf81f, 0xf81f, 0xf81f, 0xf81f, 0xf81f, 0xf81f, 0xf81f, 0xf81f, 0xf81f, 0xf81f,
    0xf81f, 0xf81f, 0xf81f, 0x0000, 0xffff, 0xffff, 0xffff, 0xffff, 0xbe9c, 0x6db8, 0x6db8, 0x6db8,
    0x0000, 0x0000, 0xffff, 0xffff, 0xffff, 0x0000, 0x0000, 0x2b10, 0x2b10, 0x4c56, 0x4c56, 0x1168,
    0x1168, 0x0000, 0x0000, 0xffff, 0xffff, 0xffff, 0xffff, 0xffff, 0xbe9c, 0xbe9c, 0x6db8, 0x6db8,
    0x6db8, 0x0000, 0x1168, 0x1168, 0x7d9a, 0x0000, 0xffff, 0x8e19, 0x8e19, 0x0000, 0xffff, 0xffff,
    0xffff, 0xffff, 0xffff, 0xffff, 0xffff, 0xffff, 0xffff, 0xffff, 0xffff, 0xffff, 0x6db8, 0xffff,
    0xffff, 0x0000, 0xf81f, 0xf81f, 0xf81f, 0xf81f, 0xf81f, 0xf81f, 0xf81f, 0xf81f, 0xf81f, 0xf81f,
    0xf81f, 0xf81f, 0xf81f, 0xf81f, 0xf81f, 0xf81f, 0xf81f, 0xf81f, 0xf81f, 0xf81f, 0xf81f, 0xf81f,
    0xf81f, 0xf81f, 0xf81f, 0xf81f, 0xf81f, 0xf81f, 0xf81f, 0xf81f, 0xf81f, 0xf81f, 0xf81f, 0xf81f,
    0xf81f, 0xf81f, 0xf81f, 0x0000, 0xffff, 0xffff, 0xffff, 0xffff, 0xbe9c, 0x6db8, 0x6db8, 0x6db8,
    0x0000, 0xffff, 0xffff, 0xffff, 0xffff, 0xffff, 0x0000, 0x0000, 0x2b10, 0x4c56, 0x4c56, 0x4c56,
    0x1168, 0x1168, 0x0000, 0x0000, 0xffff, 0xffff, 0xffff, 0xffff, 0xbe9c, 0xbe9c, 0x6db8, 0x0000,
    0x0000, 0x0000, 0x2b10, 0x4c56, 0x0000, 0x0000, 0x8e19, 0x8e19, 0x8e19, 0x0000, 0xffff, 0xffff,
    0xffff, 0xffff, 0xffff, 0xffff, 0xffff, 0xffff, 0xffff, 0xffff, 0xffff, 0xffff, 0x6db8, 0xbe9c,
    0xffff, 0x0000, 0xf81f, 0xf81f, 0xf81f, 0xf81f, 0xf81f, 0xf81f, 0xf81f, 0xf81f, 0xf81f, 0xf81f,
    0xf81f, 0xf81f, 0xf81f, 0xf81f, 0xf81f, 0xf81f, 0xf81f, 0xf81f, 0xf81f, 0xf81f, 0xf81f, 0xf81f,
    0xf81f, 0xf81f, 0xf81f, 0xf81f, 0xf81f, 0xf81f, 0xf81f, 0xf81f, 0xf81f, 0xf81f, 0xf81f, 0xf81f,
    0xf81f, 0xf81f, 0x0000, 0x0000, 0xffff, 0xffff, 0xffff, 0xffff, 0xbe9c, 0x6db8, 0x6db8, 0x6db8,
    0x0000, 0xffff, 0xffff, 0xffff, 0xffff, 0xffff, 0xffff, 0x0000, 0x0000, 0x2b10, 0x4c56, 0x4c56,
    0x4c56, 0x1168, 0x1168, 0x0000, 0x0000, 0xffff, 0xffff, 0xffff, 0xbe9c, 0xbe9c, 0x0000, 0x0000,
    0x1168, 0x2b10, 0x4c56, 0x0000, 0x0000, 0xffff, 0x8e19, 0x8e19, 0x0000, 0x0000, 0xffff, 0xffff,
    0xffff, 0xffff, 0xffff, 0xffff, 0xffff, 0xffff, 0xffff, 0xffff, 0xffff, 0xffff, 0x6db8, 0xbe9c,
    0xffff, 0x0000, 0x0000, 0xf81f, 0xf81f, 0xf81f, 0xf81f, 0xf81f, 0xf81f, 0xf81f, 0xf81f, 0xf81f,
    0xf81f, 0xf81f, 0xf81f, 0xf81f, 0xf81f, 0xf81f, 0xf81f, 0xf81f, 0xf81f, 0xf81f, 0xf81f, 0xf81f,
    0xf81f, 0xf81f, 0xf81f, 0xf81f, 0xf81f, 0xf81f, 0xf81f, 0xf81f, 0xf81f, 0xf81f, 0xf81f, 0xf81f,
    0xf81f, 0xf81f, 0x0000, 0xffff, 0xffff, 0xffff, 0xffff, 0xffff, 0x8537, 0x6db8, 0x6db8, 0x6db8,
    0x0000, 0xffff, 0xffff, 0xffff, 0xffff, 0xffff, 0xffff, 0xffff, 0x0000, 0x0000, 0x2b10, 0x4c56,
    0x4c56, 0x4c56, 0x1168, 0x1168, 0x0000, 0x0000, 0x0000, 0x0000, 0x0000, 0x0000, 0x1168, 0x2b10,
    0x4c56, 0x4c56, 0x0000, 0x0000, 0xffff, 0x8e19, 0x8e19, 0x8e19, 0x0000, 0xffff, 0xffff, 0xffff,
    0xffff, 0xffff, 0xffff, 0xffff, 0xffff, 0xffff, 0xffff, 0xffff, 0xffff, 0xffff, 0x6db8, 0xbe9c,
    0xffff, 0xffff, 0x0000, 0xf81f, 0xf81f, 0xf81f, 0xf81f, 0xf81f, 0xf81f, 0xf81f, 0xf81f, 0xf81f,
    0xf81f, 0xf81f, 0xf81f, 0xf81f, 0xf81f, 0xf81f, 0xf81f, 0xf81f, 0xf81f, 0xf81f, 0xf81f, 0xf81f,
    0xf81f, 0xf81f, 0xf81f, 0xf81f, 0xf81f, 0xf81f, 0xf81f, 0xf81f, 0xf81f, 0xf81f, 0xf81f, 0xf81f,
    0xf81f, 0xf81f, 0x0000, 0xffff, 0xffff, 0xffff, 0xffff, 0xbe9c, 0x8537, 0x6db8, 0x6db8, 0x0000,
    0x0000, 0xffff, 0xffff, 0xffff, 0xffff, 0xffff, 0xffff, 0xffff, 0xffff, 0x0000, 0x0000, 0x2b10,
    0x2b10, 0x2b10, 0x4c56, 0x1168, 0x1168, 0x1168, 0x1168, 0x1168, 0x1168, 0x1168, 0x2b10, 0x4c56,
    0x4c56, 0x0000, 0x0000, 0xffff, 0xbe9c, 0xbe9c, 0x8e19, 0x0000, 0xffff, 0xffff, 0xffff, 0xffff,
    0xffff, 0xffff, 0xffff, 0xffff, 0xffff, 0xffff, 0xffff, 0xffff, 0xffff, 0xffff, 0x6db8, 0xbe9c,
    0xffff, 0xffff, 0x0000, 0xf81f, 0xf81f, 0xf81f, 0xf81f, 0xf81f, 0xf81f, 0xf81f, 0xf81f, 0xf81f,
    0xf81f, 0xf81f, 0xf81f, 0xf81f, 0xf81f, 0xf81f, 0xf81f, 0xf81f, 0xf81f, 0xf81f, 0xf81f, 0xf81f,
    0xf81f, 0xf81f, 0xf81f, 0xf81f, 0xf81f, 0xf81f, 0xf81f, 0xf81f, 0xf81f, 0xf81f, 0xf81f, 0xf81f,
    0xf81f, 0xf81f, 0x0000, 0xffff, 0xffff, 0xffff, 0xffff, 0xbe9c, 0x8537, 0x6db8, 0x6db8, 0x0000,
    0xffff, 0xffff, 0xffff, 0xffff, 0xffff, 0xffff, 0xffff, 0xffff, 0xffff, 0xffff, 0x0000, 0x0000,
    0x2b10, 0x4c56, 0x2b10, 0x2b10, 0x2b10, 0x2b10, 0x2b10, 0x2b10, 0x4c56, 0x4c56, 0x4c56, 0x4c56,
    0x0000, 0x0000, 0xffff, 0xffff, 0xbe9c, 0x8e19, 0x8e19, 0x0000, 0xffff, 0xffff, 0xffff, 0xffff,
    0xffff, 0xffff, 0xffff, 0xffff, 0xffff, 0xffff, 0xffff, 0xffff, 0xffff, 0xffff, 0x6db8, 0xbe9c,
    0xbe9c, 0xffff, 0x0000, 0xf81f, 0xf81f, 0xf81f, 0xf81f, 0xf81f, 0xf81f, 0xf81f, 0xf81f, 0xf81f,
    0xf81f, 0xf81f, 0xf81f, 0xf81f, 0xf81f, 0xf81f, 0xf81f, 0xf81f, 0xf81f, 0xf81f, 0xf81f, 0xf81f,
    0xf81f, 0xf81f, 0xf81f, 0xf81f, 0xf81f, 0xf81f, 0xf81f, 0xf81f, 0xf81f, 0xf81f, 0xf81f, 0xf81f,
    0xf81f, 0x0000, 0x0000, 0xffff, 0xffff, 0xffff, 0xffff, 0xbe9c, 0x8537, 0x8537, 0x6db8, 0x0000,
    0xffff, 0xffff, 0xffff, 0xffff, 0xffff, 0xbe9c, 0xffff, 0xbe9c, 0xffff, 0xffff, 0xffff, 0x0000,
    0x0000, 0x4c56, 0x4c56, 0x4c56, 0x2b10, 0x2b10, 0x2b10, 0x4c56, 0x4c56, 0x4c56, 0x0000, 0x0000,
    0x0000, 0xffff, 0xffff, 0xbe9c, 0xbe9c, 0x8e19, 0x8e19, 0x0000, 0xffff, 0xffff, 0xffff, 0xffff,
    0xffff, 0xffff, 0xffff, 0xffff, 0xffff, 0xffff, 0xffff, 0xffff, 0xffff, 0xffff, 0x6db8, 0xbe9c,
    0xbe9c, 0xffff, 0x0000, 0xf81f, 0xf81f, 0xf81f, 0xf81f, 0xf81f, 0xf81f, 0xf81f, 0xf81f, 0xf81f,
    0xf81f, 0xf81f, 0xf81f, 0xf81f, 0xf81f, 0xf81f, 0xf81f, 0xf81f, 0xf81f, 0xf81f, 0xf81f, 0xf81f,
    0xf81f, 0xf81f, 0xf81f, 0xf81f, 0xf81f, 0xf81f, 0xf81f, 0xf81f, 0xf81f, 0xf81f, 0xf81f, 0xf81f,
    0xf81f, 0x0000, 0xffff, 0xffff, 0xffff, 0xffff, 0xbe9c, 0xbe9c, 0x8537, 0x8537, 0x8537, 0x0000,
    0xffff, 0xffff, 0xffff, 0xffff, 0xffff, 0xbe9c, 0xffff, 0xbe9c, 0xbe9c, 0xffff, 0xffff, 0xffff,
    0x0000, 0x0000, 0x0000, 0x4c56, 0x4c56, 0x4c56, 0x4c56, 0x4c56, 0x0000, 0x0000, 0x0000, 0xffff,
    0xffff, 0xffff, 0xffff, 0xbe9c, 0xbe9c, 0x8e19, 0x8e19, 0x0000, 0xffff, 0xffff, 0xffff, 0xffff,
    0xffff, 0xffff, 0xffff, 0xffff, 0xffff, 0xffff, 0xffff, 0xffff, 0xffff, 0x6db8, 0x6db8, 0xbe9c,
    0xbe9c, 0xbe9c, 0x0000, 0xf81f, 0xf81f, 0xf81f, 0xf81f, 0xf81f, 0xf81f, 0xf81f, 0xf81f, 0xf81f,
    0xf81f, 0xf81f, 0xf81f, 0xf81f, 0xf81f, 0xf81f, 0xf81f, 0xf81f, 0xf81f, 0xf81f, 0xf81f, 0xf81f,
    0xf81f, 0xf81f, 0xf81f, 0xf81f, 0xf81f, 0xf81f, 0xf81f, 0xf81f, 0xf81f, 0xf81f, 0xf81f, 0xf81f,
    0xf81f, 0x0000, 0xffff, 0xffff, 0xffff, 0xffff, 0xbe9c, 0xbe9c, 0x8537, 0x8537, 0x8537, 0x0000,
    0xffff, 0xffff, 0xffff, 0xffff, 0xffff, 0xbe9c, 0xbe9c, 0xbe9c, 0xbe9c, 0xbe9c, 0xbe9c, 0xffff,
    0xffff, 0xffff, 0x0000, 0x0000, 0x0000, 0x0000, 0x0000, 0x0000, 0x0000, 0xffff, 0xffff, 0xffff,
    0xffff, 0xffff, 0xffff, 0xbe9c, 0x8e19, 0x8e19, 0x8e19, 0x0000, 0xffff, 0xffff, 0xffff, 0xffff,
    0xffff, 0xffff, 0xffff, 0xffff, 0xffff, 0xffff, 0xffff, 0xffff, 0xffff, 0x6db8, 0x6db8, 0xbe9c,
    0xbe9c, 0xbe9c, 0x0000, 0xf81f, 0xf81f, 0xf81f, 0xf81f, 0xf81f, 0xf81f, 0xf81f, 0xf81f, 0xf81f,
    0xf81f, 0xf81f, 0xf81f, 0xf81f, 0xf81f, 0xf81f, 0xf81f, 0xf81f, 0xf81f, 0xf81f, 0xf81f, 0xf81f,
    0xf81f, 0xf81f, 0xf81f, 0xf81f, 0xf81f, 0xf81f, 0xf81f, 0xf81f, 0xf81f, 0xf81f, 0xf81f, 0xf81f,
    0xf81f, 0x0000, 0xffff, 0xffff, 0xffff, 0xffff, 0xbe9c, 0xbe9c, 0x8537, 0x8537, 0x8537, 0x0000,
    0xffff, 0xffff, 0xffff, 0xffff, 0xffff, 0xbe9c, 0xbe9c, 0xbe9c, 0xbe9c, 0xbe9c, 0xbe9c, 0xffff,
    0xffff, 0xffff, 0xffff, 0xffff, 0xffff, 0xffff, 0xffff, 0xffff, 0xbe9c, 0xbe9c, 0xbe9c, 0xbe9c,
    0xbe9c, 0xbe9c, 0xffff, 0xbe9c, 0xbe9c, 0x4452, 0x8e19, 0x0000, 0xffff, 0xffff, 0xffff, 0xffff,
    0xffff, 0xffff, 0xffff, 0xffff, 0xffff, 0xffff, 0xffff, 0xffff, 0x6db8, 0x6db8, 0x6db8, 0xbe9c,
    0xbe9c, 0xbe9c, 0x0000, 0xf81f, 0xf81f, 0xf81f, 0xf81f, 0xf81f, 0xf81f, 0xf81f, 0xf81f, 0xf81f,
    0xf81f, 0xf81f, 0xf81f, 0xf81f, 0xf81f, 0xf81f, 0xf81f, 0xf81f, 0xf81f, 0xf81f, 0xf81f, 0xf81f,
    0xf81f, 0xf81f, 0xf81f, 0xf81f, 0xf81f, 0xf81f, 0xf81f, 0xf81f, 0xf81f, 0xf81f, 0xf81f, 0xf81f,
    0x0000, 0x0000, 0xffff, 0xffff, 0xffff, 0xffff, 0xbe9c, 0xbe9c, 0x8537, 0x8537, 0x8537, 0x0000,
    0xffff, 0xffff, 0xffff, 0xffff, 0xffff, 0xffff, 0xbe9c, 0xffff, 0xffff, 0xffff, 0xffff, 0xffff,
    0xffff, 0xffff, 0xffff, 0xffff, 0xffff, 0xffff, 0xffff, 0xffff, 0xffff, 0xbe9c, 0xbe9c, 0xbe9c,
    0xffff, 0xffff, 0xffff, 0xbe9c, 0x8e19, 0x4452, 0x0000, 0x0000, 0xffff, 0xffff, 0xffff, 0xffff,
    0xffff, 0xffff, 0xffff, 0xffff, 0xffff, 0xffff, 0xffff, 0xffff, 0x6db8, 0x8537, 0x6db8, 0xbe9c,
    0xbe9c, 0xbe9c, 0x0000, 0xf81f, 0xf81f, 0xf81f, 0xf81f, 0xf81f, 0xf81f, 0xf81f, 0xf81f, 0xf81f,
    0xf81f, 0xf81f, 0xf81f, 0xf81f, 0xf81f, 0xf81f, 0xf81f, 0xf81f, 0xf81f, 0xf81f, 0xf81f, 0xf81f,
    0xf81f, 0xf81f, 0xf81f, 0xf81f, 0xf81f, 0xf81f, 0xf81f, 0xf81f, 0xf81f, 0xf81f, 0xf81f, 0xf81f,
    0x0000, 0xffff, 0xffff, 0xffff, 0xffff, 0xffff, 0xbe9c, 0xbe9c, 0x8537, 0x8537, 0x8537, 0x0000,
    0xffff, 0xffff, 0xffff, 0xffff, 0xffff, 0xffff, 0xffff, 0xffff, 0xffff, 0xffff, 0xffff, 0xffff,
    0xffff, 0xffff, 0xffff, 0xffff, 0xffff, 0xffff, 0xffff, 0xffff, 0xffff, 0xffff, 0xffff, 0xffff,
    0xffff, 0xffff, 0xffff, 0xbe9c, 0x4452, 0x4452, 0x0000, 0xffff, 0xffff, 0xffff, 0xffff, 0xffff,
    0xffff, 0xffff, 0xffff, 0xffff, 0xffff, 0xffff, 0xffff, 0xffff, 0x8537, 0x8537, 0x6db8, 0xbe9c,
    0xbe9c, 0x8537, 0x0000, 0xf81f, 0xf81f, 0xf81f, 0xf81f, 0xf81f, 0xf81f, 0xf81f, 0xf81f, 0xf81f,
    0xf81f, 0xf81f, 0xf81f, 0xf81f, 0xf81f, 0xf81f, 0xf81f, 0xf81f, 0xf81f, 0xf81f, 0xf81f, 0xf81f,
    0xf81f, 0xf81f, 0xf81f, 0xf81f, 0xf81f, 0xf81f, 0xf81f, 0xf81f, 0xf81f, 0xf81f, 0xf81f, 0xf81f,
    0x0000, 0xffff, 0xffff, 0xffff, 0xffff, 0xffff, 0xbe9c, 0xbe9c, 0x8537, 0x8537, 0x8537, 0x8537,
    0x0000, 0xffff, 0xffff, 0xffff, 0xffff, 0xffff, 0xffff, 0xffff, 0xffff, 0xffff, 0xffff, 0xffff,
    0xffff, 0xffff, 0xffff, 0xffff, 0xffff, 0xffff, 0xffff, 0xffff, 0xffff, 0xffff, 0xffff, 0xbe9c,
    0xbe9c, 0xffff, 0xffff, 0xbe9c, 0x4452, 0x4452, 0x0000, 0xffff, 0xffff, 0xffff, 0xffff, 0xffff,
    0xffff, 0xffff, 0xffff, 0xffff, 0xffff, 0xffff, 0xffff, 0x8537, 0x8537, 0x8537, 0x6db8, 0xbe9c,
    0xbe9c, 0x8537, 0x0000, 0xf81f, 0xf81f, 0xf81f, 0xf81f, 0xf81f, 0xf81f, 0xf81f, 0xf81f, 0xf81f,
    0xf81f, 0xf81f, 0xf81f, 0xf81f, 0xf81f, 0xf81f, 0xf81f, 0xf81f, 0xf81f, 0xf81f, 0xf81f, 0xf81f,
    0xf81f, 0xf81f, 0xf81f, 0xf81f, 0xf81f, 0xf81f, 0xf81f, 0xf81f, 0xf81f, 0xf81f, 0xf81f, 0xf81f,
    0x0000, 0xffff, 0xffff, 0xffff, 0xffff, 0xffff, 0xbe9c, 0xbe9c, 0x8537, 0x8537, 0x8537, 0x8537,
    0x0000, 0xffff, 0xffff, 0xffff, 0xffff, 0xffff, 0xffff, 0xffff, 0xffff, 0xffff, 0xffff, 0xffff,
    0xffff, 0xffff, 0xffff, 0xffff, 0xffff, 0xffff, 0xffff, 0xffff, 0xffff, 0xffff, 0xffff, 0xbe9c,
    0xbe9c, 0xbe9c, 0xbe9c, 0xffff, 0x4452, 0x4452, 0x0000, 0xffff, 0xffff, 0xffff, 0xffff, 0xffff,
    0xffff, 0xffff, 0xffff, 0xffff, 0xffff, 0xffff, 0xffff, 0x8537, 0x6db8, 0x6db8, 0xbe9c, 0x6db8,
    0x8537, 0x8537, 0x0000, 0xf81f, 0xf81f, 0xf81f, 0xf81f, 0xf81f, 0xf81f, 0xf81f, 0xf81f, 0xf81f,
    0xf81f, 0xf81f, 0xf81f, 0xf81f, 0xf81f, 0xf81f, 0xf81f, 0xf81f, 0xf81f, 0xf81f, 0xf81f, 0xf81f,
    0xf81f, 0xf81f, 0xf81f, 0xf81f, 0xf81f, 0xf81f, 0xf81f, 0xf81f, 0xf81f, 0xf81f, 0xf81f, 0xf81f,
    0x0000, 0xffff, 0xffff, 0xffff, 0xffff, 0xffff, 0xbe9c, 0xbe9c, 0x8537, 0x8537, 0x8537, 0x8537,
    0x0000, 0xffff, 0xffff, 0xffff, 0xffff, 0xffff, 0xffff, 0xffff, 0xffff, 0xffff, 0xffff, 0xffff,
    0xffff, 0xffff, 0xffff, 0xffff, 0xffff, 0xffff, 0xffff, 0xffff, 0xffff, 0xffff, 0xffff, 0xbe9c,
    0xbe9c, 0xbe9c, 0xbe9c, 0xffff, 0x4452, 0x4452, 0x0000, 0xffff, 0xffff, 0xffff, 0xffff, 0xffff,
    0xffff, 0xffff, 0xffff, 0xffff, 0xffff, 0x8537, 0x8537, 0x8537, 0x6db8, 0x6db8, 0x6db8, 0x6db8,
    0x8537, 0x0000, 0x0000, 0xf81f, 0xf81f, 0xf81f, 0xf81f, 0xf81f, 0xf81f, 0xf81f, 0xf81f, 0xf81f,
    0xf81f, 0xf81f, 0xf81f, 0xf81f, 0xf81f, 0xf81f, 0xf81f, 0xf81f, 0xf81f, 0xf81f, 0xf81f, 0xf81f,
    0xf81f, 0xf81f, 0xf81f, 0xf81f, 0xf81f, 0xf81f, 0xf81f, 0xf81f, 0xf81f, 0xf81f, 0xf81f, 0xf81f,
    0x0000, 0xffff, 0xffff, 0xffff, 0xffff, 0xffff, 0xbe9c, 0xbe9c, 0x8537, 0x8537, 0x8537, 0x8537,
    0x0000, 0xffff, 0xffff, 0xffff, 0xffff, 0xffff, 0xffff, 0xffff, 0xffff, 0xffff, 0xffff, 0xffff,
    0xffff, 0xffff, 0x2bb0, 0x2bb0, 0xffff, 0xffff, 0xffff, 0xffff, 0xffff, 0xffff, 0xffff, 0xffff,
    0xffff, 0xffff, 0xffff, 0xbe9c, 0x4452, 0x4452, 0x0000, 0xffff, 0xffff, 0xffff, 0xffff, 0xffff,
    0xffff, 0xffff, 0xffff, 0xffff, 0xffff, 0x8537, 0x8537, 0x8537, 0x6db8, 0x6db8, 0x6db8, 0x6db8,
    0x8537, 0x0000, 0x0000, 0xf81f, 0xf81f, 0xf81f, 0xf81f, 0xf81f, 0xf81f, 0xf81f, 0xf81f, 0xf81f,
    0xf81f, 0xf81f, 0xf81f, 0xf81f, 0xf81f, 0xf81f, 0xf81f, 0xf81f, 0xf81f, 0xf81f, 0xf81f, 0xf81f,
    0xf81f, 0xf81f, 0xf81f, 0xf81f, 0xf81f, 0xf81f, 0xf81f, 0xf81f, 0xf81f, 0xf81f, 0xf81f, 0xf81f,
    0xf81f, 0x0000, 0xffff, 0xffff, 0xffff, 0xffff, 0xbe9c, 0xbe9c, 0x8537, 0x8537, 0x8537, 0x8537,
    0x0000, 0xffff, 0xffff, 0xffff, 0xffff, 0xffff, 0xffff, 0xffff, 0xffff, 0xffff, 0xffff, 0xffff,
    0xffff, 0xffff, 0x2bb0, 0x2bb0, 0xbe9c, 0xffff, 0xffff, 0xffff, 0xffff, 0xffff, 0xffff, 0xffff,
    0xffff, 0xffff, 0xffff, 0xffff, 0x4452, 0x4452, 0x0000, 0xffff, 0xffff, 0xffff, 0xffff, 0xffff,
    0xffff, 0xffff, 0xffff, 0xffff, 0x8537, 0x8537, 0x8537, 0x8537, 0x6db8, 0x6db8, 0x6db8, 0x8537,
    0x8537, 0x0000, 0xf81f, 0xf81f, 0xf81f, 0xf81f, 0xf81f, 0xf81f, 0xf81f, 0xf81f, 0xf81f, 0xf81f,
    0xf81f, 0xf81f, 0xf81f, 0xf81f, 0xf81f, 0xf81f, 0xf81f, 0xf81f, 0xf81f, 0xf81f, 0xf81f, 0xf81f,
    0xf81f, 0xf81f, 0xf81f, 0xf81f, 0xf81f, 0xf81f, 0xf81f, 0xf81f, 0xf81f, 0xf81f, 0xf81f, 0xf81f,
    0xf81f, 0x0000, 0xffff, 0x0000, 0x0000, 0x0000, 0xbe9c, 0xbe9c, 0x8537, 0x8537, 0x8537, 0x8537,
    0x0000, 0x0000, 0xffff, 0xffff, 0xffff, 0xffff, 0xffff, 0xffff, 0xffff, 0xffff, 0xffff, 0xffff,
    0xffff, 0xffff, 0x2bb0, 0x2bb0, 0xbe9c, 0xffff, 0xffff, 0xffff, 0xffff, 0xffff, 0xffff, 0xffff,
    0xffff, 0xffff, 0xffff, 0xffff, 0x4452, 0x4452, 0x0000, 0xffff, 0xffff, 0xffff, 0xffff, 0xffff,
    0xffff, 0xffff, 0xffff, 0xffff, 0x8537, 0x8537, 0x8537, 0x8537, 0x6db8, 0x6db8, 0x8537, 0x8537,
    0x0000, 0xf81f, 0xf81f, 0xf81f, 0xf81f, 0xf81f, 0xf81f, 0xf81f, 0xf81f, 0xf81f, 0xf81f, 0xf81f,
    0xf81f, 0xf81f, 0xf81f, 0xf81f, 0xf81f, 0xf81f, 0xf81f, 0xf81f, 0xf81f, 0xf81f, 0xf81f, 0xf81f,
    0xf81f, 0xf81f, 0xf81f, 0xf81f, 0xf81f, 0xf81f, 0xf81f, 0xf81f, 0xf81f, 0xf81f, 0xf81f, 0xf81f,
    0xf81f, 0x0000, 0x0000, 0x0000, 0x2b10, 0x0000, 0x0000, 0xbe9c, 0x8537, 0x8537, 0x8537, 0x8537,
    0x8537, 0x0000, 0xffff, 0xffff, 0xffff, 0xffff, 0xffff, 0xffff, 0xffff, 0xffff, 0xffff, 0xffff,
    0xffff, 0xffff, 0x2bb0, 0x2bb0, 0x2bb0, 0x2bb0, 0xffff, 0xffff, 0xffff, 0xffff, 0xffff, 0xffff,
    0xffff, 0xffff, 0xffff, 0xffff, 0x4452, 0x4452, 0x0000, 0xffff, 0xffff, 0xffff, 0xffff, 0xffff,
    0xffff, 0xffff, 0xffff, 0x8537, 0x8537, 0x8537, 0x8537, 0x8537, 0x8537, 0x8537, 0x8537, 0x0000,
    0x0000, 0xf81f, 0xf81f, 0xf81f, 0xf81f, 0xf81f, 0xf81f, 0xf81f, 0xf81f, 0xf81f, 0xf81f, 0xf81f,
    0xf81f, 0xf81f, 0xf81f, 0xf81f, 0xf81f, 0xf81f, 0xf81f, 0xf81f, 0xf81f, 0xf81f, 0xf81f, 0xf81f,
    0xf81f, 0xf81f, 0xf81f, 0xf81f, 0xf81f, 0xf81f, 0xf81f, 0xf81f, 0xf81f, 0xf81f, 0xf81f, 0xf81f,
    0xf81f, 0xf81f, 0x0000, 0x0000, 0x2b10, 0x2b10, 0x0000, 0x0000, 0xbe9c, 0x8537, 0x8537, 0x8537,
    0x8537, 0x0000, 0x0000, 0xffff, 0xffff, 0xffff, 0xffff, 0xffff, 0xffff, 0xffff, 0xffff, 0xffff,
    0xffff, 0xffff, 0xbe9c, 0xbe9c, 0x2bb0, 0x2bb0, 0x2bb0, 0xffff, 0xffff, 0xffff, 0xffff, 0xffff,
    0xffff, 0xffff, 0xffff, 0xffff, 0x4452, 0x4452, 0x0000, 0x0000, 0xffff, 0xffff, 0xffff, 0xffff,
    0x0000, 0x0000, 0x0000, 0x8537, 0x8537, 0x8537, 0x8537, 0x8537, 0x8537, 0x8537, 0x8537, 0x0000,
    0xf81f, 0xf81f, 0xf81f, 0xf81f, 0xf81f, 0xf81f, 0xf81f, 0xf81f, 0xf81f, 0xf81f, 0xf81f, 0xf81f,
    0xf81f, 0xf81f, 0xf81f, 0xf81f, 0xf81f, 0xf81f, 0xf81f, 0xf81f, 0xf81f, 0xf81f, 0xf81f, 0xf81f,
    0xf81f, 0xf81f, 0xf81f, 0xf81f, 0xf81f, 0xf81f, 0xf81f, 0xf81f, 0xf81f, 0xf81f, 0xf81f, 0xf81f,
    0xf81f, 0xf81f, 0xf81f, 0x0000, 0x2b10, 0x2b10, 0x7d9a, 0x7d9a, 0x0000, 0xbe9c, 0xbe9c, 0xbe9c,
    0xbe9c, 0xbe9c, 0x0000, 0xffff, 0xffff, 0xffff, 0xffff, 0xffff, 0xffff, 0xffff, 0xffff, 0xffff,
    0xffff, 0xffff, 0xbe9c, 0xbe9c, 0x8537, 0x2bb0, 0x2bb0, 0xffff, 0xffff, 0xffff, 0xffff, 0xffff,
    0xffff, 0xffff, 0xffff, 0xffff, 0x2bb0, 0x4452, 0x22cc, 0x0000, 0xffff, 0xffff, 0xffff, 0x0000,
    0x2b10, 0x2b10, 0x0000, 0x0000, 0x0000, 0x8537, 0x8537, 0x0000, 0x8537, 0x0000, 0x0000, 0x0000,
    0xf81f, 0xf81f, 0xf81f, 0xf81f, 0xf81f, 0xf81f, 0xf81f, 0xf81f, 0xf81f, 0xf81f, 0xf81f, 0xf81f,
    0xf81f, 0xf81f, 0xf81f, 0xf81f, 0xf81f, 0xf81f, 0xf81f, 0xf81f, 0xf81f, 0xf81f, 0xf81f, 0xf81f,
    0xf81f, 0xf81f, 0xf81f, 0xf81f, 0xf81f, 0xf81f, 0xf81f, 0xf81f, 0xf81f, 0xf81f, 0xf81f, 0xf81f,
    0xf81f, 0xf81f, 0xf81f, 0x0000, 0x2b10, 0x2b10, 0x7d9a, 0x7d9a, 0x1168, 0x0000, 0xbe9c, 0xbe9c,
    0xbe9c, 0xbe9c, 0x0000, 0xffff, 0xffff, 0xffff, 0xffff, 0xffff, 0xffff, 0xffff, 0xffff, 0xffff,
    0xffff, 0xffff, 0xbe9c, 0xbe9c, 0x2bb0, 0x2bb0, 0x0000, 0x0000, 0xffff, 0xffff, 0xffff, 0xffff,
    0xffff, 0xffff, 0xffff, 0xffff, 0x2bb0, 0x2bb0, 0x4452, 0x0000, 0xffff, 0xffff, 0xffff, 0x0000,
    0x4c56, 0x4c56, 0x2b10, 0x2b10, 0x0000, 0x0000, 0x0000, 0x0000, 0x2b10, 0x2b10, 0x2b10, 0x0000,
    0x0000, 0xf81f, 0xf81f, 0xf81f, 0xf81f, 0xf81f, 0xf81f, 0xf81f, 0xf81f, 0xf81f, 0xf81f, 0xf81f,
    0xf81f, 0xf81f, 0xf81f, 0xf81f, 0xf81f, 0xf81f, 0xf81f, 0xf81f, 0xf81f, 0xf81f, 0xf81f, 0xf81f,
    0xf81f, 0xf81f, 0xf81f, 0xf81f, 0xf81f, 0xf81f, 0xf81f, 0xf81f, 0xf81f, 0xf81f, 0xf81f, 0xf81f,
    0xf81f, 0xf81f, 0xf81f, 0x0000, 0x0000, 0x2b10, 0x7d9a, 0x0000, 0x1168, 0x1168, 0x0000, 0x0000,
    0xbe9c, 0xbe9c, 0x0000, 0xffff, 0xffff, 0xffff, 0xffff, 0xffff, 0xffff, 0xffff, 0xffff, 0xffff,
    0xffff, 0xffff, 0xbe9c, 0xbe9c, 0x8537, 0x2bb0, 0x2bb0, 0x0000, 0xffff, 0xffff, 0xffff, 0xffff,
    0xffff, 0xffff, 0xffff, 0xffff, 0x2bb0, 0x2bb0, 0x4452, 0x0000, 0x0000, 0xffff, 0xffff, 0x0000,
    0x4c56, 0x4c56, 0x2b10, 0x2b10, 0x2b10, 0x2b10, 0x0000, 0x0000, 0x2b10, 0x2b10, 0x2b10, 0x0000,
    0x0000, 0xf81f, 0xf81f, 0xf81f, 0xf81f, 0xf81f, 0xf81f, 0xf81f, 0xf81f, 0xf81f, 0xf81f, 0xf81f,
    0xf81f, 0xf81f, 0xf81f, 0xf81f, 0xf81f, 0xf81f, 0xf81f, 0xf81f, 0xf81f, 0xf81f, 0xf81f, 0xf81f,
    0xf81f, 0xf81f, 0xf81f, 0xf81f, 0xf81f, 0xf81f, 0xf81f, 0xf81f, 0xf81f, 0xf81f, 0xf81f, 0xf81f,
    0xf81f, 0xf81f, 0xf81f, 0xf81f, 0x0000, 0x2b10, 0x7d9a, 0x0000, 0x1168, 0x1168, 0x1168, 0x1168,
    0x0000, 0x0000, 0x0000, 0xffff, 0xffff, 0xffff, 0xffff, 0xffff, 0xffff, 0xffff, 0xffff, 0xffff,
    0xffff, 0xffff, 0xbe9c, 0xbe9c, 0x8537, 0x2bb0, 0x2bb0, 0x0000, 0x0000, 0xffff, 0xffff, 0xffff,
    0xffff, 0xffff, 0xffff, 0xffff, 0x2bb0, 0x2bb0, 0x4452, 0x0000, 0x0000, 0x0000, 0xffff, 0x0000,
    0x4c56, 0x4c56, 0x2b10, 0x2b10, 0x2b10, 0x2b10, 0x2b10, 0x2b10, 0x2b10, 0x2b10, 0x2b10, 0x2b10,
    0x0000, 0xf81f, 0xf81f, 0xf81f, 0xf81f, 0xf81f, 0xf81f, 0xf81f, 0xf81f, 0xf81f, 0xf81f, 0xf81f,
    0xf81f, 0xf81f, 0xf81f, 0xf81f, 0xf81f, 0xf81f, 0xf81f, 0xf81f, 0xf81f, 0xf81f, 0xf81f, 0xf81f,
    0xf81f, 0xf81f, 0xf81f, 0xf81f, 0xf81f, 0xf81f, 0xf81f, 0xf81f, 0xf81f, 0xf81f, 0xf81f, 0xf81f,
    0xf81f, 0xf81f, 0xf81f, 0xf81f, 0x0000, 0x2b10, 0x7d9a, 0x0000, 0x1168, 0x1168, 0x1168, 0x1168,
    0x1168, 0x1168, 0x0000, 0xffff, 0xffff, 0xffff, 0xffff, 0xffff, 0xffff, 0xffff, 0xffff, 0xffff,
    0xffff, 0xffff, 0xbe9c, 0xbe9c, 0x8537, 0x8537, 0x2bb0, 0x0000, 0x0000, 0x0000, 0xffff, 0xffff,
    0xffff, 0xffff, 0xffff, 0xffff, 0x2bb0, 0x2bb0, 0x4452, 0x0000, 0x1168, 0x0000, 0x0000, 0x0000,
    0x4c56, 0x4c56, 0x2b10, 0x2b10, 0x2b10, 0x2b10, 0x2b10, 0x2b10, 0x2b10, 0x2b10, 0x4c56, 0x2b10,
    0x0000, 0xf81f, 0xf81f, 0xf81f, 0xf81f, 0xf81f, 0xf81f, 0xf81f, 0xf81f, 0xf81f, 0xf81f, 0xf81f,
    0xf81f, 0xf81f, 0xf81f, 0xf81f, 0xf81f, 0xf81f, 0xf81f, 0xf81f, 0xf81f, 0xf81f, 0xf81f, 0xf81f,
    0xf81f, 0xf81f, 0xf81f, 0xf81f, 0xf81f, 0xf81f, 0xf81f, 0xf81f, 0xf81f, 0xf81f, 0xf81f, 0xf81f,
    0xf81f, 0xf81f, 0xf81f, 0xf81f, 0x0000, 0x7d9a, 0x7d9a, 0x0000, 0x1168, 0x1168, 0x0000, 0x1168,
    0x1168, 0x1168, 0x0000, 0xffff, 0xffff, 0xffff, 0xffff, 0xffff, 0xffff, 0xffff, 0xffff, 0xffff,
    0xffff, 0xffff, 0xbe9c, 0xbe9c, 0x8537, 0x8537, 0x2bb0, 0x0000, 0xf81f, 0x0000, 0xffff, 0xffff,
    0xffff, 0xffff, 0xffff, 0xffff, 0xffff, 0x2bb0, 0x2bb0, 0x0000, 0x1168, 0x1168, 0x0000, 0x0000,
    0x4c56, 0x4c56, 0x4c56, 0x4c56, 0x2b10, 0x4c56, 0x4c56, 0x4c56, 0x4c56, 0x4c56, 0x4c56, 0x4c56,
    0x0000, 0xf81f, 0xf81f, 0xf81f, 0xf81f, 0xf81f, 0xf81f, 0xf81f, 0xf81f, 0xf81f, 0xf81f, 0xf81f,
    0xf81f, 0xf81f, 0xf81f, 0xf81f, 0xf81f, 0xf81f, 0xf81f, 0xf81f, 0xf81f, 0xf81f, 0xf81f, 0xf81f,
    0xf81f, 0xf81f, 0xf81f, 0xf81f, 0xf81f, 0xf81f, 0xf81f, 0xf81f, 0xf81f, 0xf81f, 0xf81f, 0xf81f,
    0xf81f, 0xf81f, 0xf81f, 0xf81f, 0x0000, 0x2b10, 0x2b10, 0x0000, 0x1168, 0x1168, 0x0000, 0x1168,
    0x1168, 0x1168, 0x0000, 0xffff, 0xffff, 0xffff, 0xffff, 0xffff, 0xffff, 0xffff, 0xffff, 0xffff,
    0xffff, 0xffff, 0xbe9c, 0xbe9c, 0x8537, 0x8537, 0x2bb0, 0x0000, 0xf81f, 0x0000, 0xffff, 0xffff,
    0xffff, 0xffff, 0xffff, 0xffff, 0xffff, 0x2bb0, 0x2bb0, 0x0000, 0x1168, 0x1168, 0x1168, 0x0000,
    0x4c56, 0x4c56, 0x4c56, 0x4c56, 0x4c56, 0x4c56, 0x0000, 0x4c56, 0x4c56, 0x0000, 0x4c56, 0x0000,
    0xf81f, 0xf81f, 0xf81f, 0xf81f, 0xf81f, 0xf81f, 0xf81f, 0xf81f, 0xf81f, 0xf81f, 0xf81f, 0xf81f,
    0xf81f, 0xf81f, 0xf81f, 0xf81f, 0xf81f, 0xf81f, 0xf81f, 0xf81f, 0xf81f, 0xf81f, 0xf81f, 0xf81f,
    0xf81f, 0xf81f, 0xf81f, 0xf81f, 0xf81f, 0xf81f, 0xf81f, 0xf81f, 0xf81f, 0xf81f, 0xf81f, 0xf81f,
    0xf81f, 0xf81f, 0xf81f, 0xf81f, 0xf81f, 0x0000, 0x0000, 0x0000, 0x1168, 0x1168, 0x0000, 0x1168,
    0x1168, 0x1168, 0x0000, 0xffff, 0xbe9c, 0xffff, 0xffff, 0xffff, 0xffff, 0xffff, 0xffff, 0xffff,
    0xffff, 0xffff, 0xbe9c, 0xbe9c, 0x8537, 0x8537, 0x2bb0, 0x0000, 0xf81f, 0x0000, 0xffff, 0xffff,
    0xffff, 0xffff, 0xffff, 0xffff, 0xffff, 0x8e19, 0x2bb0, 0x0000, 0x0000, 0x1168, 0x1168, 0x0000,
    0x4c56, 0x4c56, 0x4c56, 0x0000, 0x4c56, 0x4c56, 0x0000, 0x4c56, 0x4c56, 0x0000, 0x4c56, 0x0000,
    0xf81f, 0xf81f, 0xf81f, 0xf81f, 0xf81f, 0xf81f, 0xf81f, 0xf81f, 0xf81f, 0xf81f, 0xf81f, 0xf81f,
    0xf81f, 0xf81f, 0xf81f, 0xf81f, 0xf81f, 0xf81f, 0xf81f, 0xf81f, 0xf81f, 0xf81f, 0xf81f, 0xf81f,
    0xf81f, 0xf81f, 0xf81f, 0xf81f, 0xf81f, 0xf81f, 0xf81f, 0xf81f, 0xf81f, 0xf81f, 0xf81f, 0xf81f,
    0xf81f, 0xf81f, 0xf81f, 0xf81f, 0xf81f, 0xf81f, 0xf81f, 0x0000, 0x0000, 0x1168, 0x0000, 0x1168,
    0x1168, 0x1168, 0x0000, 0xffff, 0xbe9c, 0xbe9c, 0xbe9c, 0xbe9c, 0xbe9c, 0xffff, 0xffff, 0xffff,
    0xffff, 0xffff, 0xbe9c, 0xbe9c, 0x8537, 0x8537, 0x2bb0, 0x0000, 0xf81f, 0x0000, 0xffff, 0xffff,
    0xffff, 0xffff, 0xffff, 0xffff, 0xffff, 0xffff, 0x2bb0, 0x2bb0, 0x2bb0, 0x0000, 0x0000, 0x0000,
    0x4c56, 0x4c56, 0x4c56, 0x0000, 0x4c56, 0x4c56, 0x0000, 0x4c56, 0x4c56, 0x0000, 0x4c56, 0x0000,
    0xf81f, 0xf81f, 0xf81f, 0xf81f, 0xf81f, 0xf81f, 0xf81f, 0xf81f, 0xf81f, 0xf81f, 0xf81f, 0xf81f,
    0xf81f, 0xf81f, 0xf81f, 0xf81f, 0xf81f, 0xf81f, 0xf81f, 0xf81f, 0xf81f, 0xf81f, 0xf81f, 0xf81f,
    0xf81f, 0xf81f, 0xf81f, 0xf81f, 0xf81f, 0xf81f, 0xf81f, 0xf81f, 0xf81f, 0xf81f, 0xf81f, 0xf81f,
    0xf81f, 0xf81f, 0xf81f, 0xf81f, 0xf81f, 0xf81f, 0xf81f, 0xf81f, 0x0000, 0x1168, 0x0000, 0x1168,
    0x1168, 0x0000, 0x0000, 0xffff, 0xbe9c, 0xbe9c, 0xbe9c, 0xbe9c, 0xbe9c, 0xffff, 0xffff, 0xffff,
    0xffff, 0xffff, 0xbe9c, 0xbe9c, 0x8537, 0x8537, 0x8537, 0x0000, 0xf81f, 0x0000, 0xffff, 0xffff,
    0xffff, 0xffff, 0xffff, 0xffff, 0xffff, 0xffff, 0x8e19, 0x2bb0, 0x2bb0, 0x2bb0, 0x2bb0, 0x0000,
    0x4c56, 0x4c56, 0x4c56, 0x0000, 0x4c56, 0x4c56, 0x0000, 0x4c56, 0x4c56, 0x0000, 0x0000, 0x0000,
    0xf81f, 0xf81f, 0xf81f, 0xf81f, 0xf81f, 0xf81f, 0xf81f, 0xf81f, 0xf81f, 0xf81f, 0xf81f, 0xf81f,
    0xf81f, 0xf81f, 0xf81f, 0xf81f, 0xf81f, 0xf81f, 0xf81f, 0xf81f, 0xf81f, 0xf81f, 0xf81f, 0xf81f,
    0xf81f, 0xf81f, 0xf81f, 0xf81f, 0xf81f, 0xf81f, 0xf81f, 0xf81f, 0xf81f, 0xf81f, 0xf81f, 0xf81f,
    0xf81f, 0xf81f, 0xf81f, 0xf81f, 0xf81f, 0xf81f, 0xf81f, 0xf81f, 0x0000, 0x0000, 0x0000, 0x0000,
    0x0000, 0x0000, 0x0000, 0xffff, 0xffff, 0xbe9c, 0xbe9c, 0xbe9c, 0xbe9c, 0xffff, 0xffff, 0xffff,
    0xffff, 0xffff, 0xbe9c, 0xbe9c, 0x8537, 0x8537, 0x8537, 0x0000, 0xf81f, 0x0000, 0xffff, 0xffff,
    0xffff, 0xbe9c, 0xffff, 0xffff, 0xffff, 0xffff, 0xffff, 0x8e19, 0x2bb0, 0x2bb0, 0x2bb0, 0x0000,
    0x0000, 0x0000, 0x0000, 0x0000, 0x0000, 0x0000, 0x0000, 0x0000, 0x0000, 0x0000, 0xf81f, 0xf81f,
    0xf81f, 0xf81f, 0xf81f, 0xf81f, 0xf81f, 0xf81f, 0xf81f, 0xf81f, 0xf81f, 0xf81f, 0xf81f, 0xf81f,
    0xf81f, 0xf81f, 0xf81f, 0xf81f, 0xf81f, 0xf81f, 0xf81f, 0xf81f, 0xf81f, 0xf81f, 0xf81f, 0xf81f,
    0xf81f, 0xf81f, 0xf81f, 0xf81f, 0xf81f, 0xf81f, 0xf81f, 0xf81f, 0xf81f, 0xf81f, 0xf81f, 0xf81f,
    0xf81f, 0xf81f, 0xf81f, 0xf81f, 0xf81f, 0xf81f, 0xf81f, 0xf81f, 0xf81f, 0xf81f, 0xf81f, 0xf81f,
    0xf81f, 0xf81f, 0x0000, 0xffff, 0xffff, 0xbe9c, 0xffff, 0xffff, 0xffff, 0xffff, 0xffff, 0xffff,
    0xffff, 0xffff, 0xbe9c, 0xbe9c, 0x8537, 0x8537, 0x8537, 0x0000, 0xf81f, 0x0000, 0xffff, 0xffff,
    0xffff, 0xbe9c, 0xbe9c, 0xbe9c, 0xbe9c, 0xbe9c, 0xffff, 0x8e19, 0x8e19, 0x8e19, 0x2bb0, 0x2bb0,
    0x2bb0, 0x2bb0, 0x2bb0, 0x2bb0, 0x2bb0, 0x0000, 0xf81f, 0xf81f, 0xf81f, 0xf81f, 0xf81f, 0xf81f,
    0xf81f, 0xf81f, 0xf81f, 0xf81f, 0xf81f, 0xf81f, 0xf81f, 0xf81f, 0xf81f, 0xf81f, 0xf81f, 0xf81f,
    0xf81f, 0xf81f, 0xf81f, 0xf81f, 0xf81f, 0xf81f, 0xf81f, 0xf81f, 0xf81f, 0xf81f, 0xf81f, 0xf81f,
    0xf81f, 0xf81f, 0xf81f, 0xf81f, 0xf81f, 0xf81f, 0xf81f, 0xf81f, 0xf81f, 0xf81f, 0xf81f, 0xf81f,
    0xf81f, 0xf81f, 0xf81f, 0xf81f, 0xf81f, 0xf81f, 0xf81f, 0xf81f, 0xf81f, 0xf81f, 0xf81f, 0xf81f,
    0xf81f, 0xf81f, 0x0000, 0xffff, 0xffff, 0xffff, 0xffff, 0xffff, 0xffff, 0xffff, 0xffff, 0xffff,
    0xffff, 0xffff, 0xbe9c, 0xbe9c, 0x8537, 0x8537, 0x8537, 0x0000, 0xf81f, 0x0000, 0xffff, 0xffff,
    0xffff, 0xbe9c, 0xbe9c, 0xbe9c, 0xbe9c, 0xbe9c, 0xffff, 0xffff, 0x8e19, 0x8e19, 0x8e19, 0x22cc,
    0x2bb0, 0x2bb0, 0x2bb0, 0x22cc, 0x22cc, 0x0000, 0xf81f, 0xf81f, 0xf81f, 0xf81f, 0xf81f, 0xf81f,
    0xf81f, 0xf81f, 0xf81f, 0xf81f, 0xf81f, 0xf81f, 0xf81f, 0xf81f, 0xf81f, 0xf81f, 0xf81f, 0xf81f,
    0xf81f, 0xf81f, 0xf81f, 0xf81f, 0xf81f, 0xf81f, 0xf81f, 0xf81f, 0xf81f, 0xf81f, 0xf81f, 0xf81f,
    0xf81f, 0xf81f, 0xf81f, 0xf81f, 0xf81f, 0xf81f, 0xf81f, 0xf81f, 0xf81f, 0xf81f, 0xf81f, 0xf81f,
    0xf81f, 0xf81f, 0xf81f, 0xf81f, 0xf81f, 0xf81f, 0xf81f, 0xf81f, 0xf81f, 0xf81f, 0xf81f, 0xf81f,
    0xf81f, 0xf81f, 0x0000, 0xffff, 0xffff, 0xffff, 0xffff, 0xffff, 0xffff, 0xffff, 0xffff, 0xffff,
    0xffff, 0xffff, 0xbe9c, 0xbe9c, 0x8537, 0x8537, 0x8537, 0x0000, 0xf81f, 0x0000, 0xffff, 0xffff,
    0xffff, 0xffff, 0xffff, 0xffff, 0xffff, 0xffff, 0xffff, 0xffff, 0xffff, 0xffff, 0x8e19, 0x8e19,
    0x8e19, 0x8e19, 0x8e19, 0xffff, 0xffff, 0x0000, 0xf81f, 0xf81f, 0xf81f, 0xf81f, 0xf81f, 0xf81f,
    0xf81f, 0xf81f, 0xf81f, 0xf81f, 0xf81f, 0xf81f, 0xf81f, 0xf81f, 0xf81f, 0xf81f, 0xf81f, 0xf81f,
    0xf81f, 0xf81f, 0xf81f, 0xf81f, 0xf81f, 0xf81f, 0xf81f, 0xf81f, 0xf81f, 0xf81f, 0xf81f, 0xf81f,
    0xf81f, 0xf81f, 0xf81f, 0xf81f, 0xf81f, 0xf81f, 0xf81f, 0xf81f, 0xf81f, 0xf81f, 0xf81f, 0xf81f,
    0xf81f, 0xf81f, 0xf81f, 0xf81f, 0xf81f, 0xf81f, 0xf81f, 0xf81f, 0xf81f, 0xf81f, 0xf81f, 0xf81f,
    0xf81f, 0xf81f, 0x0000, 0xffff, 0xffff, 0xffff, 0xffff, 0xffff, 0xffff, 0xffff, 0xffff, 0xffff,
    0xffff, 0xffff, 0xbe9c, 0xbe9c, 0x8537, 0x8537, 0x8537, 0x0000, 0xf81f, 0x0000, 0xffff, 0xffff,
    0xffff, 0xffff, 0xffff, 0xffff, 0xffff, 0xffff, 0xffff, 0xffff, 0xffff, 0xffff, 0xffff, 0xffff,
    0xffff, 0xffff, 0xffff, 0xffff, 0xffff, 0x0000, 0xf81f, 0xf81f, 0xf81f, 0xf81f, 0xf81f, 0xf81f,
    0xf81f, 0xf81f, 0xf81f, 0xf81f, 0xf81f, 0xf81f, 0xf81f, 0xf81f, 0xf81f, 0xf81f, 0xf81f, 0xf81f,
    0xf81f, 0xf81f, 0xf81f, 0xf81f, 0xf81f, 0xf81f, 0xf81f, 0xf81f, 0xf81f, 0xf81f, 0xf81f, 0xf81f,
    0xf81f, 0xf81f, 0xf81f, 0xf81f, 0xf81f, 0xf81f, 0xf81f, 0xf81f, 0xf81f, 0xf81f, 0xf81f, 0xf81f,
    0xf81f, 0xf81f, 0xf81f, 0xf81f, 0xf81f, 0xf81f, 0xf81f, 0xf81f, 0xf81f, 0xf81f, 0xf81f, 0xf81f,
    0xf81f, 0xf81f, 0x0000, 0xffff, 0xffff, 0xbe9c, 0xffff, 0xffff, 0xffff, 0xffff, 0xffff, 0xffff,
    0xffff, 0xffff, 0xbe9c, 0xbe9c, 0x8537, 0x8537, 0x8537, 0x0000, 0xf81f, 0x0000, 0xffff, 0xffff,
    0xffff, 0xffff, 0xffff, 0xffff, 0xffff, 0xffff, 0xffff, 0xffff, 0xffff, 0xffff, 0xffff, 0xffff,
    0xffff, 0xffff, 0xffff, 0xffff, 0xffff, 0x0000, 0xf81f, 0xf81f, 0xf81f, 0xf81f, 0xf81f, 0xf81f,
    0xf81f, 0xf81f, 0xf81f, 0xf81f, 0xf81f, 0xf81f, 0xf81f, 0xf81f, 0xf81f, 0xf81f, 0xf81f, 0xf81f,
    0xf81f, 0xf81f, 0xf81f, 0xf81f, 0xf81f, 0xf81f, 0xf81f, 0xf81f, 0xf81f, 0xf81f, 0xf81f, 0xf81f,
    0xf81f, 0xf81f, 0xf81f, 0xf81f, 0xf81f, 0xf81f, 0xf81f, 0xf81f, 0xf81f, 0xf81f, 0xf81f, 0xf81f,
    0xf81f, 0xf81f, 0xf81f, 0xf81f, 0xf81f, 0xf81f, 0xf81f, 0xf81f, 0xf81f, 0xf81f, 0xf81f, 0xf81f,
    0xf81f, 0xf81f, 0x0000, 0xffff, 0xffff, 0xbe9c, 0xbe9c, 0xbe9c, 0xffff, 0xbe9c, 0xffff, 0xffff,
    0xffff, 0xffff, 0xbe9c, 0xbe9c, 0x8537, 0x8537, 0x8537, 0x0000, 0xf81f, 0x0000, 0xffff, 0xffff,
    0xffff, 0xffff, 0xffff, 0xffff, 0xffff, 0xffff, 0xffff, 0xffff, 0xffff, 0xffff, 0xbe9c, 0xbe9c,
    0xbe9c, 0xffff, 0xbe9c, 0xbe9c, 0xffff, 0x0000, 0xf81f, 0xf81f, 0xf81f, 0xf81f, 0xf81f, 0xf81f,
    0xf81f, 0xf81f, 0xf81f, 0xf81f, 0xf81f, 0xf81f, 0xf81f, 0xf81f, 0xf81f, 0xf81f, 0xf81f, 0xf81f,
    0xf81f, 0xf81f, 0xf81f, 0xf81f, 0xf81f, 0xf81f, 0xf81f, 0xf81f, 0xf81f, 0xf81f, 0xf81f, 0xf81f,
    0xf81f, 0xf81f, 0xf81f, 0xf81f, 0xf81f, 0xf81f, 0xf81f, 0xf81f, 0xf81f, 0xf81f, 0xf81f, 0xf81f,
    0xf81f, 0xf81f, 0xf81f, 0xf81f, 0xf81f, 0xf81f, 0xf81f, 0xf81f, 0xf81f, 0xf81f, 0xf81f, 0xf81f,
    0xf81f, 0xf81f, 0x0000, 0xffff, 0xffff, 0xbe9c, 0xbe9c, 0xbe9c, 0xbe9c, 0xffff, 0xffff, 0xffff,
    0xffff, 0xbe9c, 0xbe9c, 0x8537, 0x8537, 0x8537, 0x8537, 0x0000, 0xf81f, 0x0000, 0xffff, 0xffff,
    0xffff, 0xffff, 0xffff, 0xffff, 0xffff, 0xffff, 0xffff, 0xffff, 0xffff, 0xffff, 0xffff, 0xbe9c,
    0xbe9c, 0xbe9c, 0xbe9c, 0xbe9c, 0xffff, 0x0000, 0xf81f, 0xf81f, 0xf81f, 0xf81f, 0xf81f, 0xf81f,
    0xf81f, 0xf81f, 0xf81f, 0xf81f, 0xf81f, 0xf81f, 0xf81f, 0xf81f, 0xf81f, 0xf81f, 0xf81f, 0xf81f,
    0xf81f, 0xf81f, 0xf81f, 0xf81f, 0xf81f, 0xf81f, 0xf81f, 0xf81f, 0xf81f, 0xf81f, 0xf81f, 0xf81f,
    0xf81f, 0xf81f, 0xf81f, 0xf81f, 0xf81f, 0xf81f, 0xf81f, 0xf81f, 0xf81f, 0xf81f, 0xf81f, 0xf81f,
    0xf81f, 0xf81f, 0xf81f, 0xf81f, 0xf81f, 0xf81f, 0xf81f, 0xf81f, 0xf81f, 0xf81f, 0xf81f, 0xf81f,
    0xf81f, 0xf81f, 0x0000, 0xffff, 0xffff, 0xffff, 0xffff, 0xffff, 0xffff, 0xffff, 0xffff, 0xffff,
    0xffff, 0xbe9c, 0xbe9c, 0x8537, 0x8537, 0x8537, 0x8537, 0x0000, 0xf81f, 0x0000, 0xffff, 0xffff,
    0x0000, 0x0000, 0xffff, 0xffff, 0xffff, 0xffff, 0xffff, 0xffff, 0xffff, 0xffff, 0xffff, 0xffff,
    0xffff, 0xffff, 0xffff, 0xffff, 0xffff, 0x0000, 0xf81f, 0xf81f, 0xf81f, 0xf81f, 0xf81f, 0xf81f,
    0xf81f, 0xf81f, 0xf81f, 0xf81f, 0xf81f, 0xf81f, 0xf81f, 0xf81f, 0xf81f, 0xf81f, 0xf81f, 0xf81f,
    0xf81f, 0xf81f, 0xf81f, 0xf81f, 0xf81f, 0xf81f, 0xf81f, 0xf81f, 0xf81f, 0xf81f, 0xf81f, 0xf81f,
    0xf81f, 0xf81f, 0xf81f, 0xf81f, 0xf81f, 0xf81f, 0xf81f, 0xf81f, 0xf81f, 0xf81f, 0xf81f, 0xf81f,
    0xf81f, 0xf81f, 0xf81f, 0xf81f, 0xf81f, 0xf81f, 0xf81f, 0xf81f, 0xf81f, 0xf81f, 0xf81f, 0xf81f,
    0xf81f, 0x0000, 0x0000, 0xffff, 0xffff, 0xffff, 0xffff, 0xffff, 0xffff, 0xffff, 0x0000, 0xffff,
    0xbe9c, 0xbe9c, 0x8537, 0x8537, 0x8537, 0x8537, 0x8537, 0x0000, 0xf81f, 0x0000, 0xffff, 0xffff,
    0x0000, 0x0000, 0xffff, 0xffff, 0xffff, 0xffff, 0xffff, 0xffff, 0xffff, 0x0000, 0xffff, 0xffff,
    0xffff, 0xffff, 0xffff, 0xffff, 0xffff, 0x0000, 0xf81f, 0xf81f, 0xf81f, 0xf81f, 0xf81f, 0xf81f,
    0xf81f, 0xf81f, 0xf81f, 0xf81f, 0xf81f, 0xf81f, 0xf81f, 0xf81f, 0xf81f, 0xf81f, 0xf81f, 0xf81f,
    0xf81f, 0xf81f, 0xf81f, 0xf81f, 0xf81f, 0xf81f, 0xf81f, 0xf81f, 0xf81f, 0xf81f, 0xf81f, 0xf81f,
    0xf81f, 0xf81f, 0xf81f, 0xf81f, 0xf81f, 0xf81f, 0xf81f, 0xf81f, 0xf81f, 0xf81f, 0xf81f, 0xf81f,
    0xf81f, 0xf81f, 0xf81f, 0xf81f, 0xf81f, 0xf81f, 0xf81f, 0xf81f, 0xf81f, 0xf81f, 0xf81f, 0xf81f,
    0xf81f, 0x0000, 0xffff, 0xffff, 0xffff, 0xffff, 0xffff, 0xffff, 0x0000, 0x0000, 0x0000, 0x0000,
    0xbe9c, 0xbe9c, 0x8537, 0x8537, 0x8537, 0x8537, 0x8537, 0x0000, 0xf81f, 0x0000, 0xffff, 0x0000,
    0x0000, 0x0000, 0xffff, 0xffff, 0xffff, 0xffff, 0xffff, 0xffff, 0xffff, 0x0000, 0x0000, 0xffff,
    0xffff, 0xffff, 0xffff, 0xffff, 0xffff, 0x0000, 0xf81f, 0xf81f, 0xf81f, 0xf81f, 0xf81f, 0xf81f,
    0xf81f, 0xf81f, 0xf81f, 0xf81f, 0xf81f, 0xf81f, 0xf81f, 0xf81f, 0xf81f, 0xf81f, 0xf81f, 0xf81f,
    0xf81f, 0xf81f, 0xf81f, 0xf81f, 0xf81f, 0xf81f, 0xf81f, 0xf81f, 0xf81f, 0xf81f, 0xf81f, 0xf81f,
    0xf81f, 0xf81f, 0xf81f, 0xf81f, 0xf81f, 0xf81f, 0xf81f, 0xf81f, 0xf81f, 0xf81f, 0xf81f, 0xf81f,
    0xf81f, 0xf81f, 0xf81f, 0xf81f, 0xf81f, 0xf81f, 0xf81f, 0xf81f, 0xf81f, 0xf81f, 0xf81f, 0xf81f,
    0xf81f, 0x0000, 0xffff, 0xffff, 0xffff, 0xffff, 0xffff, 0x0000, 0x0000, 0x1168, 0x1168, 0x0000,
    0xbe9c, 0xbe9c, 0xbe9c, 0x0000, 0x0000, 0x8537, 0x8537, 0x0000, 0xf81f, 0x0000, 0x0000, 0x0000,
    0x2b10, 0x0000, 0xffff, 0xffff, 0xffff, 0x0000, 0x0000, 0x0000, 0xffff, 0x0000, 0x2b10, 0x0000,
    0xffff, 0xffff, 0xffff, 0xffff, 0xffff, 0x0000, 0xf81f, 0xf81f, 0xf81f, 0xf81f, 0xf81f, 0xf81f,
    0xf81f, 0xf81f, 0xf81f, 0xf81f, 0xf81f, 0xf81f, 0xf81f, 0xf81f, 0xf81f, 0xf81f, 0xf81f, 0xf81f,
    0xf81f, 0xf81f, 0xf81f, 0xf81f, 0xf81f, 0xf81f, 0xf81f, 0xf81f, 0xf81f, 0xf81f, 0xf81f, 0xf81f,
    0xf81f, 0xf81f, 0xf81f, 0xf81f, 0xf81f, 0xf81f, 0xf81f, 0xf81f, 0xf81f, 0xf81f, 0xf81f, 0xf81f,
    0xf81f, 0xf81f, 0xf81f, 0xf81f, 0xf81f, 0xf81f, 0xf81f, 0xf81f, 0xf81f, 0xf81f, 0xf81f, 0xf81f,
    0x0000, 0x0000, 0x0000, 0x0000, 0x0000, 0x0000, 0x1168, 0x1168, 0x1168, 0x2b10, 0x1168, 0x0000,
    0x0000, 0xbe9c, 0x0000, 0x1a2c, 0x1a2c, 0x0000, 0x8537, 0x0000, 0xf81f, 0x0000, 0x0000, 0x2b10,
    0x2b10, 0x0000, 0xffff, 0xffff, 0x0000, 0x0000, 0x2b10, 0x0000, 0x0000, 0x0000, 0x2b10, 0x0000,
    0x0000, 0x0000, 0x0000, 0x0000, 0x0000, 0x0000, 0xf81f, 0xf81f, 0xf81f, 0xf81f, 0xf81f, 0xf81f,
    0xf81f, 0xf81f, 0xf81f, 0xf81f, 0xf81f, 0xf81f, 0xf81f, 0xf81f, 0xf81f, 0xf81f, 0xf81f, 0xf81f,
    0xf81f, 0xf81f, 0xf81f, 0xf81f, 0xf81f, 0xf81f, 0xf81f, 0xf81f, 0xf81f, 0xf81f, 0xf81f, 0xf81f,
    0xf81f, 0xf81f, 0xf81f, 0xf81f, 0xf81f, 0xf81f, 0xf81f, 0xf81f, 0xf81f, 0xf81f, 0xf81f, 0xf81f,
    0xf81f, 0xf81f, 0xf81f, 0xf81f, 0xf81f, 0xf81f, 0xf81f, 0xf81f, 0xf81f, 0xf81f, 0xf81f, 0xf81f,
    0x0000, 0x2b10, 0x2b10, 0x2b10, 0x1168, 0x1168, 0x1168, 0x2b10, 0x2b10, 0x2b10, 0x2b10, 0x1168,
    0x1168, 0x0000, 0x0000, 0x4c56, 0x1a2c, 0x0000, 0x0000, 0x0000, 0xf81f, 0x0000, 0x0000, 0x2b10,
    0x2b10, 0x0000, 0x0000, 0x0000, 0x0000, 0x2b10, 0x2b10, 0x2b10, 0x2b10, 0x2b10, 0x2b10, 0x1168,
    0x2b10, 0x2b10, 0x2b10, 0x2b10, 0x2b10, 0x0000, 0x0000, 0xf81f, 0xf81f, 0xf81f, 0xf81f, 0xf81f,
    0xf81f, 0xf81f, 0xf81f, 0xf81f, 0xf81f, 0xf81f, 0xf81f, 0xf81f, 0xf81f, 0xf81f, 0xf81f, 0xf81f,
    0xf81f, 0xf81f, 0xf81f, 0xf81f, 0xf81f, 0xf81f, 0xf81f, 0xf81f, 0xf81f, 0xf81f, 0xf81f, 0xf81f,
    0xf81f, 0xf81f, 0xf81f, 0xf81f, 0xf81f, 0xf81f, 0xf81f, 0xf81f, 0xf81f, 0xf81f, 0xf81f, 0xf81f,
    0xf81f, 0xf81f, 0xf81f, 0xf81f, 0xf81f, 0xf81f, 0xf81f, 0xf81f, 0xf81f, 0xf81f, 0xf81f, 0x0000,
    0x0000, 0x2b10, 0x2b10, 0x2b10, 0x2b10, 0x2b10, 0x2b10, 0x2b10, 0x2b10, 0x4c56, 0x4c56, 0x4c56,
    0x4c56, 0x2b10, 0x4c56, 0x4c56, 0x1a2c, 0x1a2c, 0x1a2c, 0x1168, 0xf81f, 0x0000, 0x1168, 0x2b10,
    0x2b10, 0x2b10, 0x0000, 0x0000, 0x2b10, 0x2b10, 0x7d9a, 0x2b10, 0x2b10, 0x7d9a, 0x7d9a, 0x1168,
    0x7d9a, 0x7d9a, 0x7d9a, 0x2b10, 0x1168, 0x2b10, 0x0000, 0xf81f, 0xf81f, 0xf81f, 0xf81f, 0xf81f,
    0xf81f, 0xf81f, 0xf81f, 0xf81f, 0xf81f, 0xf81f, 0xf81f, 0xf81f, 0xf81f, 0xf81f, 0xf81f, 0xf81f,
    0xf81f, 0xf81f, 0xf81f, 0xf81f, 0xf81f, 0xf81f, 0xf81f, 0xf81f, 0xf81f, 0xf81f, 0xf81f, 0xf81f,
    0xf81f, 0xf81f, 0xf81f, 0xf81f, 0xf81f, 0xf81f, 0xf81f, 0xf81f, 0xf81f, 0xf81f, 0xf81f, 0xf81f,
    0xf81f, 0xf81f, 0xf81f, 0xf81f, 0xf81f, 0xf81f, 0xf81f, 0xf81f, 0xf81f, 0xf81f, 0xf81f, 0x0000,
    0x2b10, 0x2b10, 0x4c56, 0x7d9a, 0x2b10, 0x2b10, 0x4c56, 0x0000, 0x2b10, 0x7d9a, 0x7d9a, 0x7d9a,
    0x7d9a, 0x7d9a, 0x1168, 0x1a2c, 0x0000, 0x1a2c, 0x1a2c, 0x1168, 0xf81f, 0x0000, 0x1168, 0x2b10,
    0x2b10, 0x7d9a, 0x7d9a, 0x7d9a, 0x7d9a, 0x1168, 0x7d9a, 0x7d9a, 0x7d9a, 0x7d9a, 0x7d9a, 0x7d9a,
    0x7d9a, 0x7d9a, 0x7d9a, 0x7d9a, 0x7d9a, 0x2b10, 0x0000, 0xf81f, 0xf81f, 0xf81f, 0xf81f, 0xf81f,
    0xf81f, 0xf81f, 0xf81f, 0xf81f, 0xf81f, 0xf81f, 0xf81f, 0xf81f, 0xf81f, 0xf81f, 0xf81f, 0xf81f,
    0xf81f, 0xf81f, 0xf81f, 0xf81f, 0xf81f, 0xf81f, 0xf81f, 0xf81f, 0xf81f, 0xf81f, 0xf81f, 0xf81f,
    0xf81f, 0xf81f, 0xf81f, 0xf81f, 0xf81f, 0xf81f, 0xf81f, 0xf81f, 0xf81f, 0xf81f, 0xf81f, 0xf81f,
    0xf81f, 0xf81f, 0xf81f, 0xf81f, 0xf81f, 0xf81f, 0xf81f, 0xf81f, 0xf81f, 0xf81f, 0xf81f, 0x0000,
    0x2b10, 0x4c56, 0x4c56, 0x0000, 0x2b10, 0x4c56, 0x4c56, 0x0000, 0x4c56, 0x7d9a, 0x7d9a, 0x7d9a,
    0x1168, 0x7d9a, 0x7d9a, 0x1a2c, 0x7d9a, 0x7d9a, 0x7d9a, 0x1168, 0xf81f, 0x0000, 0x1168, 0x1168,
    0x2b10, 0x7d9a, 0x7d9a, 0x7d9a, 0x7d9a, 0x1168, 0x1168, 0x7d9a, 0x7d9a, 0x7d9a, 0x0000, 0x1168,
    0x7d9a, 0x7d9a, 0x0000, 0x7d9a, 0x7d9a, 0x1168, 0x0000, 0xf81f, 0xf81f, 0xf81f, 0xf81f, 0xf81f,
    0xf81f, 0xf81f, 0xf81f, 0xf81f, 0xf81f, 0xf81f, 0xf81f, 0xf81f, 0xf81f, 0xf81f, 0xf81f, 0xf81f,
    0xf81f, 0xf81f, 0xf81f, 0xf81f, 0xf81f, 0xf81f, 0xf81f, 0xf81f, 0xf81f, 0xf81f, 0xf81f, 0xf81f,
    0xf81f, 0xf81f, 0xf81f, 0xf81f, 0xf81f, 0xf81f, 0xf81f, 0xf81f, 0xf81f, 0xf81f, 0xf81f, 0xf81f,
    0xf81f, 0xf81f, 0xf81f, 0xf81f, 0xf81f, 0xf81f, 0xf81f, 0xf81f, 0xf81f, 0xf81f, 0xf81f, 0x0000,
    0x0000, 0x4c56, 0x4c56, 0x0000, 0x2b10, 0x4c56, 0x4c56, 0x0000, 0x4c56, 0x4c56, 0x4c56, 0x0000,
    0x1168, 0x1168, 0x1168, 0x1168, 0x0000, 0x7d9a, 0x7d9a, 0x1168, 0xf81f, 0x0000, 0x1168, 0x1168,
    0x1168, 0x0000, 0x1168, 0x7d9a, 0x7d9a, 0x0000, 0x1168, 0x1168, 0x1168, 0x1168, 0x0000, 0x1168,
    0x1168, 0x1168, 0x0000, 0x7d9a, 0x7d9a, 0x1168, 0x0000, 0xf81f, 0xf81f, 0xf81f, 0xf81f, 0xf81f,
    0xf81f, 0xf81f, 0xf81f, 0xf81f, 0xf81f, 0xf81f, 0xf81f, 0xf81f, 0xf81f, 0xf81f, 0xf81f, 0xf81f,
    0xf81f, 0xf81f, 0xf81f, 0xf81f, 0xf81f, 0xf81f, 0xf81f, 0xf81f, 0xf81f, 0xf81f, 0xf81f, 0xf81f,
    0xf81f, 0xf81f, 0xf81f, 0xf81f, 0xf81f, 0xf81f, 0xf81f, 0xf81f, 0xf81f, 0xf81f, 0xf81f, 0xf81f,
    0xf81f, 0xf81f, 0xf81f, 0xf81f, 0xf81f, 0xf81f, 0xf81f, 0xf81f, 0xf81f, 0xf81f, 0xf81f, 0xf81f,
    0x0000, 0x0000, 0x0000, 0x0000, 0x0000, 0x0000, 0x0000, 0x0000, 0x0000, 0x0000, 0x0000, 0x0000,
    0x0000, 0x0000, 0x0000, 0x0000, 0x0000, 0x0000, 0x0000, 0x0000, 0xf81f, 0x0000, 0x0000, 0x0000,
    0x0000, 0x0000, 0x0000, 0x0000, 0x0000, 0x0000, 0x0000, 0x0000, 0x0000, 0x0000, 0x0000, 0x0000,
    0x0000, 0x0000, 0x0000, 0x0000, 0x0000, 0x0000, 0x0000, 0xf81f, 0xf81f, 0xf81f, 0xf81f, 0xf81f,
    0xf81f, 0xf81f, 0xf81f, 0xf81f, 0xf81f, 0xf81f, 0xf81f, 0xf81f, 0xf81f, 0xf81f, 0xf81f, 0xf81f,
    0xf81f, 0xf81f, 0xf81f, 0xf81f, 0xf81f, 0xf81f, 0xf81f, 0xf81f, 0xf81f, 0xf81f, 0xf81f, 0xf81f,
    0xf81f, 0xf81f, 0xf81f, 0xf81f, 0xf81f, 0xf81f, 0xf81f, 0xf81f, 0xf81f, 0xf81f, 0xf81f, 0xf81f,
    0xf81f, 0xf81f, 0xf81f, 0xf81f, 0xf81f, 0xf81f, 0xf81f, 0xf81f, 0xf81f, 0xf81f, 0xf81f, 0xf81f,
    0xf81f, 0xf81f, 0xf81f, 0xf81f, 0xf81f, 0xf81f, 0xf81f, 0xf81f, 0xf81f, 0xf81f, 0xf81f, 0xf81f,
    0xf81f, 0xf81f, 0xf81f, 0xf81f, 0xf81f, 0xf81f, 0xf81f, 0xf81f, 0xf81f, 0xf81f, 0xf81f, 0xf81f,
    0xf81f, 0xf81f, 0xf81f, 0xf81f, 0xf81f, 0xf81f, 0xf81f, 0xf81f, 0xf81f, 0xf81f, 0xf81f, 0xf81f,
    0xf81f, 0xf81f, 0xf81f, 0xf81f, 0xf81f, 0xf81f, 0xf81f, 0xf81f, 0xf81f, 0xf81f, 0xf81f, 0xf81f,
    0xf81f, 0xf81f, 0xf81f, 0xf81f, 0xf81f, 0xf81f, 0xf81f, 0xf81f, 0xf81f, 0xf81f, 0xf81f, 0xf81f,
    0xf81f, 0xf81f, 0xf81f, 0xf81f, 0xf81f, 0xf81f, 0xf81f, 0xf81f, 0xf81f, 0xf81f, 0xf81f, 0xf81f,
    0xf81f, 0xf81f, 0xf81f, 0xf81f, 0xf81f, 0xf81f, 0xf81f, 0xf81f, 0xf81f, 0xf81f, 0xf81f, 0xf81f,
    0xf81f, 0xf81f, 0xf81f, 0xf81f, 0xf81f, 0xf81f, 0xf81f, 0xf81f, 0xf81f, 0xf81f, 0xf81f, 0xf81f,
    0xf81f, 0xf81f, 0xf81f, 0xf81f, 0xf81f, 0xf81f, 0xf81f, 0xf81f, 0xf81f, 0xf81f, 0xf81f, 0xf81f,
    0xf81f, 0xf81f, 0xf81f, 0xf81f, 0xf81f, 0xf81f, 0xf81f, 0xf81f, 0xf81f, 0xf81f, 0xf81f, 0xf81f,
    0xf81f, 0xf81f, 0xf81f, 0xf81f, 0xf81f, 0xf81f, 0xf81f, 0xf81f, 0xf81f, 0xf81f, 0xf81f, 0xf81f,
    0xf81f, 0xf81f, 0xf81f, 0xf81f, 0xf81f, 0xf81f, 0xf81f, 0xf81f, 0xf81f, 0xf81f, 0xf81f, 0xf81f,
    0xf81f, 0xf81f, 0xf81f, 0xf81f, 0xf81f, 0xf81f, 0xf81f, 0xf81f, 0xf81f, 0xf81f, 0xf81f, 0xf81f,
    0xf81f, 0xf81f, 0xf81f, 0xf81f, 0xf81f, 0xf81f, 0xf81f, 0xf81f, 0xf81f, 0xf81f, 0xf81f, 0xf81f,
    0xf81f, 0xf81f, 0xf81f, 0xf81f, 0xf81f, 0xf81f, 0xf81f, 0xf81f, 0xf81f, 0xf81f, 0xf81f, 0xf81f,
    0xf81f, 0xf81f, 0xf81f, 0xf81f, 0xf81f, 0xf81f, 0xf81f, 0xf81f, 0xf81f, 0xf81f, 0xf81f, 0xf81f,
    0xf81f, 0xf81f, 0xf81f, 0xf81f, 0xf81f, 0xf81f, 0xf81f, 0xf81f, 0xf81f, 0xf81f, 0xf81f, 0xf81f,
    0x0000, 0x0000, 0x0000, 0x0000, 0x0000, 0x0000, 0x0000, 0x0000, 0x0000, 0x0000, 0x0000, 0x0000,
    0x0000, 0xf81f, 0xf81f, 0xf81f, 0xf81f, 0xf81f, 0xf81f, 0xf81f, 0xf81f, 0xf81f, 0xf81f, 0xf81f,
    0xf81f, 0xf81f, 0xf81f, 0xf81f, 0xf81f, 0xf81f, 0xf81f, 0xf81f, 0xf81f, 0xf81f, 0xf81f, 0xf81f,
    0xf81f, 0xf81f, 0xf81f, 0xf81f, 0xf81f, 0xf81f, 0xf81f, 0xf81f, 0xf81f, 0xf81f, 0xf81f, 0xf81f,
    0xf81f, 0xf81f, 0xf81f, 0xf81f, 0xf81f, 0xf81f, 0xf81f, 0xf81f, 0xf81f, 0xf81f, 0xf81f, 0xf81f,
    0xf81f, 0xf81f, 0xf81f, 0xf81f, 0xf81f, 0xf81f, 0xf81f, 0xf81f, 0xf81f, 0xf81f, 0xf81f, 0xf81f,
    0xf81f, 0xf81f, 0xf81f, 0xf81f, 0xf81f, 0xf81f, 0xf81f, 0xf81f, 0xf81f, 0xf81f, 0xf81f, 0xf81f,
    0xf81f, 0xf81f, 0xf81f, 0xf81f, 0xf81f, 0xf81f, 0xf81f, 0xf81f, 0x0000, 0x0000, 0x0000, 0x0000,
    0xffff, 0xffff, 0xffff, 0xffff, 0xffff, 0xffff, 0xffff, 0xffff, 0xffff, 0xffff, 0xffff, 0xffff,
    0x0000, 0x0000, 0x0000, 0x0000, 0x0000, 0x0000, 0x0000, 0xf81f, 0xf81f, 0xf81f, 0xf81f, 0xf81f,
    0xf81f, 0xf81f, 0xf81f, 0xf81f, 0xf81f, 0xf81f, 0xf81f, 0xf81f, 0xf81f, 0xf81f, 0xf81f, 0xf81f,
    0xf81f, 0xf81f, 0xf81f, 0xf81f, 0xf81f, 0xf81f, 0xf81f, 0xf81f, 0xf81f, 0xf81f, 0xf81f, 0xf81f,
    0xf81f, 0xf81f, 0xf81f, 0xf81f, 0xf81f, 0xf81f, 0xf81f, 0xf81f, 0xf81f, 0xf81f, 0xf81f, 0xf81f,
    0xf81f, 0xf81f, 0xf81f, 0xf81f, 0xf81f, 0xf81f, 0xf81f, 0xf81f, 0xf81f, 0xf81f, 0xf81f, 0xf81f,
    0xf81f, 0xf81f, 0xf81f, 0xf81f, 0xf81f, 0xf81f, 0xf81f, 0xf81f, 0xf81f, 0xf81f, 0xf81f, 0xf81f,
    0xf81f, 0xf81f, 0xf81f, 0xf81f, 0xf81f, 0xf81f, 0xf81f, 0x0000, 0x0000, 0xffff, 0xffff, 0xffff,
    0xffff, 0xffff, 0xffff, 0xffff, 0xffff, 0xffff, 0xffff, 0xffff, 0xffff, 0xffff, 0xffff, 0xffff,
    0xffff, 0x8e19, 0x8e19, 0x8e19, 0xffff, 0xffff, 0x0000, 0x0000, 0xf81f, 0xf81f, 0xf81f, 0xf81f,
    0xf81f, 0xf81f, 0xf81f, 0xf81f, 0xf81f, 0xf81f, 0xf81f, 0xf81f, 0xf81f, 0xf81f, 0xf81f, 0xf81f,
    0xf81f, 0xf81f, 0xf81f, 0xf81f, 0xf81f, 0xf81f, 0xf81f, 0xf81f, 0xf81f, 0xf81f, 0xf81f, 0xf81f,
    0xf81f, 0xf81f, 0xf81f, 0xf81f, 0xf81f, 0xf81f, 0xf81f, 0xf81f, 0xf81f, 0xf81f, 0xf81f, 0xf81f,
    0xf81f, 0xf81f, 0xf81f, 0xf81f, 0xf81f, 0xf81f, 0xf81f, 0xf81f, 0xf81f, 0xf81f, 0xf81f, 0xf81f,
    0xf81f, 0xf81f, 0xf81f, 0xf81f, 0xf81f, 0xf81f, 0xf81f, 0xf81f, 0xf81f, 0xf81f, 0xf81f, 0xf81f,
    0xf81f, 0xf81f, 0xf81f, 0xf81f, 0xf81f, 0xf81f, 0x0000, 0x0000, 0xffff, 0xffff, 0xffff, 0xffff,
    0xffff, 0xffff, 0xffff, 0xffff, 0xffff, 0xffff, 0xffff, 0xffff, 0xffff, 0xffff, 0xffff, 0xffff,
    0xffff, 0x8e19, 0x8e19, 0x8e19, 0x8e19, 0x8e19, 0xffff, 0xffff, 0x0000, 0xf81f, 0xf81f, 0xf81f,
    0xf81f, 0xf81f, 0xf81f, 0xf81f, 0xf81f, 0xf81f, 0xf81f, 0xf81f, 0xf81f, 0xf81f, 0xf81f, 0xf81f,
    0xf81f, 0xf81f, 0xf81f, 0xf81f, 0xf81f, 0xf81f, 0xf81f, 0xf81f, 0xf81f, 0xf81f, 0xf81f, 0xf81f,
    0xf81f, 0xf81f, 0xf81f, 0xf81f, 0xf81f, 0xf81f, 0xf81f, 0xf81f, 0xf81f, 0xf81f, 0xf81f, 0xf81f,
    0xf81f, 0xf81f, 0xf81f, 0xf81f, 0xf81f, 0xf81f, 0xf81f, 0xf81f, 0xf81f, 0xf81f, 0xf81f, 0xf81f,
    0xf81f, 0xf81f, 0xf81f, 0xf81f, 0xf81f, 0xf81f, 0xf81f, 0xf81f, 0xf81f, 0xf81f, 0xf81f, 0xf81f,
    0xf81f, 0xf81f, 0xf81f, 0xf81f, 0xf81f, 0xf81f, 0x0000, 0xffff, 0xffff, 0xffff, 0xffff, 0xffff,
    0xffff, 0xffff, 0xffff, 0xffff, 0xffff, 0xffff, 0xffff, 0xffff, 0xffff, 0xffff, 0xffff, 0xffff,
    0xffff, 0x8e19, 0x8e19, 0x8e19, 0x8e19, 0xffff, 0xffff, 0xffff, 0xffff, 0x0000, 0x0000, 0xf81f,
    0xf81f, 0xf81f, 0xf81f, 0xf81f, 0xf81f, 0xf81f, 0xf81f, 0xf81f, 0xf81f, 0xf81f, 0xf81f, 0xf81f,
    0xf81f, 0xf81f, 0xf81f, 0xf81f, 0xf81f, 0xf81f, 0xf81f, 0xf81f, 0xf81f, 0xf81f, 0xf81f, 0xf81f,
    0xf81f, 0xf81f, 0xf81f, 0xf81f, 0xf81f, 0xf81f, 0xf81f, 0xf81f, 0xf81f, 0xf81f, 0xf81f, 0xf81f,
    0xf81f, 0xf81f, 0xf81f, 0xf81f, 0xf81f, 0xf81f, 0xf81f, 0xf81f, 0xf81f, 0xf81f, 0xf81f, 0xf81f,
    0xf81f, 0xf81f, 0xf81f, 0xf81f, 0xf81f, 0xf81f, 0xf81f, 0xf81f, 0xf81f, 0xf81f, 0xf81f, 0xf81f,
    0xf81f, 0xf81f, 0xf81f, 0xf81f, 0xf81f, 0x0000, 0x0000, 0xffff, 0xffff, 0xffff, 0xffff, 0xffff,
    0xffff, 0xffff, 0xffff, 0xffff, 0xffff, 0xffff, 0xffff, 0xffff, 0xffff, 0xffff, 0xffff, 0xffff,
    0xffff, 0xffff, 0xffff, 0xffff, 0xffff, 0xffff, 0xffff, 0xffff, 0xffff, 0xffff, 0x0000, 0xf81f,
    0xf81f, 0xf81f, 0xf81f, 0xf81f, 0xf81f, 0xf81f, 0xf81f, 0xf81f, 0xf81f, 0xf81f, 0xf81f, 0xf81f,
    0xf81f, 0xf81f, 0xf81f, 0xf81f, 0xf81f, 0xf81f, 0xf81f, 0xf81f, 0xf81f, 0xf81f, 0xf81f, 0xf81f,
    0xf81f, 0xf81f, 0xf81f, 0xf81f, 0xf81f, 0xf81f, 0xf81f, 0xf81f, 0xf81f, 0xf81f, 0xf81f, 0xf81f,
    0xf81f, 0xf81f, 0xf81f, 0xf81f, 0xf81f, 0xf81f, 0xf81f, 0xf81f, 0xf81f, 0xf81f, 0xf81f, 0xf81f,
    0xf81f, 0xf81f, 0xf81f, 0xf81f, 0xf81f, 0xf81f, 0xf81f, 0xf81f, 0xf81f, 0xf81f, 0xf81f, 0xf81f,
    0xf81f, 0xf81f, 0xf81f, 0xf81f, 0x0000, 0x0000, 0xffff, 0xffff, 0xffff, 0xffff, 0x8e19, 0x8e19,
    0x8e19, 0x8e19, 0x8e19, 0x8e19, 0x8e19, 0xffff, 0xffff, 0xffff, 0x8e19, 0x8e19, 0x8e19, 0x8e19,
    0x8e19, 0x8e19, 0xffff, 0xffff, 0xffff, 0xffff, 0xffff, 0xffff, 0xffff, 0xffff, 0x0000, 0x0000,
    0xf81f, 0xf81f, 0xf81f, 0xf81f, 0xf81f, 0xf81f, 0xf81f, 0xf81f, 0xf81f, 0xf81f, 0xf81f, 0xf81f,
    0xf81f, 0xf81f, 0xf81f, 0xf81f, 0xf81f, 0xf81f, 0xf81f, 0xf81f, 0xf81f, 0xf81f, 0xf81f, 0xf81f,
    0xf81f, 0xf81f, 0xf81f, 0xf81f, 0xf81f, 0xf81f, 0xf81f, 0xf81f, 0xf81f, 0xf81f, 0xf81f, 0xf81f,
    0xf81f, 0xf81f, 0xf81f, 0xf81f, 0xf81f, 0xf81f, 0xf81f, 0xf81f, 0xf81f, 0xf81f, 0xf81f, 0xf81f,
    0xf81f, 0xf81f, 0xf81f, 0xf81f, 0xf81f, 0xf81f, 0xf81f, 0xf81f, 0xf81f, 0xf81f, 0xf81f, 0xf81f,
    0xf81f, 0xf81f, 0xf81f, 0xf81f, 0x0000, 0xffff, 0xffff, 0xffff, 0xffff, 0x8e19, 0x0000, 0x0000,
    0x0000, 0x0000, 0x0000, 0x0000, 0x0000, 0x8e19, 0xffff, 0x8e19, 0x8e19, 0x0000, 0x0000, 0x0000,
    0x0000, 0x0000, 0x0000, 0x0000, 0xffff, 0xffff, 0xffff, 0xffff, 0xffff, 0xffff, 0xffff, 0x0000,
    0x0000, 0xf81f, 0xf81f, 0xf81f, 0xf81f, 0xf81f, 0xf81f, 0xf81f, 0xf81f, 0xf81f, 0xf81f, 0xf81f,
    0xf81f, 0xf81f, 0xf81f, 0xf81f, 0xf81f, 0xf81f, 0xf81f, 0xf81f, 0xf81f, 0xf81f, 0xf81f, 0xf81f,
    0xf81f, 0xf81f, 0xf81f, 0xf81f, 0xf81f, 0xf81f, 0xf81f, 0xf81f, 0xf81f, 0xf81f, 0xf81f, 0xf81f,
    0xf81f, 0xf81f, 0xf81f, 0xf81f, 0xf81f, 0xf81f, 0xf81f, 0xf81f, 0xf81f, 0xf81f, 0xf81f, 0xf81f,
    0xf81f, 0xf81f, 0xf81f, 0xf81f, 0xf81f, 0xf81f, 0xf81f, 0xf81f, 0xf81f, 0xf81f, 0xf81f, 0xf81f,
    0xf81f, 0xf81f, 0x0000, 0x0000, 0x0000, 0xffff, 0xffff, 0xffff, 0xffff, 0x0000, 0x0000, 0x2b10,
    0x2b10, 0x2b10, 0x2b10, 0x2b10, 0x0000, 0x8e19, 0x8e19, 0x8e19, 0x0000, 0x0000, 0x2b10, 0x2b10,
    0x2b10, 0x2b10, 0x2b10, 0x2b10, 0x0000, 0x0000, 0xffff, 0xffff, 0xffff, 0xffff, 0xffff, 0x8e19,
    0x0000, 0xf81f, 0xf81f, 0xf81f, 0xf81f, 0xf81f, 0xf81f, 0xf81f, 0xf81f, 0xf81f, 0xf81f, 0xf81f,
    0xf81f, 0xf81f, 0xf81f, 0xf81f, 0xf81f, 0xf81f, 0xf81f, 0xf81f, 0xf81f, 0xf81f, 0xf81f, 0xf81f,
    0xf81f, 0xf81f, 0xf81f, 0xf81f, 0xf81f, 0xf81f, 0xf81f, 0xf81f, 0xf81f, 0xf81f, 0xf81f, 0xf81f,
    0xf81f, 0xf81f, 0xf81f, 0xf81f, 0xf81f, 0xf81f, 0xf81f, 0xf81f, 0xf81f, 0xf81f, 0xf81f, 0xf81f,
    0xf81f, 0xf81f, 0xf81f, 0xf81f, 0xf81f, 0xf81f, 0xf81f, 0xf81f, 0xf81f, 0xf81f, 0xf81f, 0xf81f,
    0xf81f, 0xf81f, 0x0000, 0x0000, 0xffff, 0xffff, 0xffff, 0xffff, 0x0000, 0x0000, 0x2b10, 0xbe9c,
    0xbe9c, 0xbe9c, 0x4c56, 0x4c56, 0x2b10, 0x0000, 0x8e19, 0x8e19, 0x0000, 0x2b10, 0x4c56, 0x4c56,
    0xbe9c, 0xbe9c, 0xbe9c, 0xbe9c, 0x2b10, 0x0000, 0x0000, 0xffff, 0xffff, 0xffff, 0xffff, 0x8e19,
    0x8e19, 0x0000, 0xf81f, 0xf81f, 0xf81f, 0xf81f, 0xf81f, 0xf81f, 0xf81f, 0xf81f, 0xf81f, 0xf81f,
    0xf81f, 0xf81f, 0xf81f, 0xf81f, 0xf81f, 0xf81f, 0xf81f, 0xf81f, 0xf81f, 0xf81f, 0xf81f, 0xf81f,
    0xf81f, 0xf81f, 0xf81f, 0xf81f, 0xf81f, 0xf81f, 0xf81f, 0xf81f, 0xf81f, 0xf81f, 0xf81f, 0xf81f,
    0xf81f, 0xf81f, 0xf81f, 0xf81f, 0xf81f, 0xf81f, 0xf81f, 0xf81f, 0xf81f, 0xf81f, 0xf81f, 0xf81f,
    0xf81f, 0xf81f, 0xf81f, 0xf81f, 0xf81f, 0xf81f, 0xf81f, 0xf81f, 0xf81f, 0xf81f, 0xf81f, 0xf81f,
    0xf81f, 0xf81f, 0x0000, 0x8e19, 0xffff, 0xffff, 0xffff, 0xffff, 0x0000, 0x2b10, 0x2b10, 0xbe9c,
    0xbe9c, 0x4c56, 0x4c56, 0x4c56, 0x2b10, 0x2b10, 0x0000, 0x0000, 0x0000, 0x2b10, 0x4c56, 0x4c56,
    0x4c56, 0xbe9c, 0xbe9c, 0xbe9c, 0x2b10, 0x2b10, 0x0000, 0xffff, 0xffff, 0xffff, 0xffff, 0x8e19,
    0x8e19, 0x0000, 0x0000, 0xf81f, 0xf81f, 0xf81f, 0xf81f, 0xf81f, 0xf81f, 0xf81f, 0xf81f, 0xf81f,
    0xf81f, 0xf81f, 0xf81f, 0xf81f, 0xf81f, 0xf81f, 0xf81f, 0xf81f, 0xf81f, 0xf81f, 0xf81f, 0xf81f,
    0xf81f, 0xf81f, 0xf81f, 0xf81f, 0xf81f, 0xf81f, 0xf81f, 0xf81f, 0xf81f, 0xf81f, 0xf81f, 0xf81f,
    0xf81f, 0xf81f, 0xf81f, 0xf81f, 0xf81f, 0xf81f, 0xf81f, 0xf81f, 0xf81f, 0xf81f, 0xf81f, 0xf81f,
    0xf81f, 0xf81f, 0xf81f, 0xf81f, 0xf81f, 0xf81f, 0xf81f, 0xf81f, 0xf81f, 0xf81f, 0xf81f, 0xf81f,
    0xf81f, 0xf81f, 0x0000, 0x8e19, 0xffff, 0xffff, 0xffff, 0xffff, 0x0000, 0x2b10, 0x2b10, 0x2b10,
    0x2b10, 0x2b10, 0x2b10, 0x2b10, 0x2b10, 0x2b10, 0x2b10, 0x2b10, 0x2b10, 0x2b10, 0x2b10, 0x2b10,
    0x2b10, 0x2b10, 0x2b10, 0x2b10, 0x2b10, 0x2b10, 0x2b10, 0x0000, 0xffff, 0xffff, 0xffff, 0x8e19,
    0x8e19, 0xbe9c, 0x0000, 0xf81f, 0xf81f, 0xf81f, 0xf81f, 0xf81f, 0xf81f, 0xf81f, 0xf81f, 0xf81f,
    0xf81f, 0xf81f, 0xf81f, 0xf81f, 0xf81f, 0xf81f, 0xf81f, 0xf81f, 0xf81f, 0xf81f, 0xf81f, 0xf81f,
    0xf81f, 0xf81f, 0xf81f, 0xf81f, 0xf81f, 0xf81f, 0xf81f, 0xf81f, 0xf81f, 0xf81f, 0xf81f, 0xf81f,
    0xf81f, 0xf81f, 0xf81f, 0xf81f, 0xf81f, 0xf81f, 0xf81f, 0xf81f, 0xf81f, 0xf81f, 0xf81f, 0xf81f,
    0xf81f, 0xf81f, 0xf81f, 0xf81f, 0xf81f, 0xf81f, 0xf81f, 0xf81f, 0xf81f, 0xf81f, 0xf81f, 0x0000,
    0x0000, 0x0000, 0x0000, 0x8e19, 0xffff, 0xffff, 0xffff, 0xffff, 0x0000, 0x2b10, 0x2b10, 0x0000,
    0x0000, 0x0000, 0x0000, 0x0000, 0x2b10, 0x2b10, 0x2b10, 0x2b10, 0x2b10, 0x2b10, 0x2b10, 0x2b10,
    0x0000, 0x0000, 0x0000, 0x0000, 0x0000, 0x2b10, 0x2b10, 0x0000, 0xffff, 0xffff, 0xffff, 0x8e19,
    0x8e19, 0xbe9c, 0x0000, 0x0000, 0x0000, 0x0000, 0xf81f, 0xf81f, 0xf81f, 0xf81f, 0xf81f, 0xf81f,
    0xf81f, 0xf81f, 0xf81f, 0xf81f, 0xf81f, 0xf81f, 0xf81f, 0xf81f, 0xf81f, 0xf81f, 0xf81f, 0xf81f,
    0xf81f, 0xf81f, 0xf81f, 0xf81f, 0xf81f, 0xf81f, 0xf81f, 0xf81f, 0xf81f, 0xf81f, 0xf81f, 0xf81f,
    0xf81f, 0xf81f, 0xf81f, 0xf81f, 0xf81f, 0xf81f, 0xf81f, 0xf81f, 0xf81f, 0xf81f, 0xf81f, 0xf81f,
    0xf81f, 0xf81f, 0xf81f, 0xf81f, 0xf81f, 0xf81f, 0xf81f, 0xf81f, 0xf81f, 0xf81f, 0xf81f, 0x0000,
    0x4c56, 0x4c56, 0x0000, 0x8e19, 0xffff, 0xffff, 0xffff, 0xffff, 0x0000, 0x2b10, 0x2b10, 0x0000,
    0xffff, 0x0000, 0x0000, 0x0000, 0x2b10, 0x2b10, 0x2b10, 0x2b10, 0x2b10, 0x2b10, 0x2b10, 0x2b10,
    0x0000, 0xffff, 0x0000, 0x0000, 0x0000, 0x2b10, 0x2b10, 0x0000, 0xffff, 0xffff, 0xffff, 0x8e19,
    0xbe9c, 0xbe9c, 0x0000, 0x224c, 0x224c, 0x0000, 0xf81f, 0xf81f, 0xf81f, 0xf81f, 0xf81f, 0xf81f,
    0xf81f, 0xf81f, 0xf81f, 0xf81f, 0xf81f, 0xf81f, 0xf81f, 0xf81f, 0xf81f, 0xf81f, 0xf81f, 0xf81f,
    0xf81f, 0xf81f, 0xf81f, 0xf81f, 0xf81f, 0xf81f, 0xf81f, 0xf81f, 0xf81f, 0xf81f, 0xf81f, 0xf81f,
    0xf81f, 0xf81f, 0xf81f, 0xf81f, 0xf81f, 0xf81f, 0xf81f, 0xf81f, 0xf81f, 0xf81f, 0xf81f, 0xf81f,
    0xf81f, 0xf81f, 0xf81f, 0xf81f, 0xf81f, 0xf81f, 0xf81f, 0xf81f, 0xf81f, 0xf81f, 0xf81f, 0x0000,
    0x4c56, 0x4c56, 0x0000, 0x8e19, 0xffff, 0xffff, 0xffff, 0x0000, 0x0000, 0x2b10, 0x0000, 0x0000,
    0xffff, 0xffff, 0x0000, 0x08e5, 0x2b10, 0x2b10, 0x2b10, 0x4c56, 0x4c56, 0x2b10, 0x2b10, 0x2b10,
    0x0000, 0xffff, 0xffff, 0x0000, 0x0000, 0x0000, 0x2b10, 0x0000, 0xffff, 0xffff, 0xffff, 0x8e19,
    0xbe9c, 0xbe9c, 0x0000, 0x4c56, 0x4c56, 0x0000, 0xf81f, 0xf81f, 0xf81f, 0xf81f, 0xf81f, 0xf81f,
    0xf81f, 0xf81f, 0xf81f, 0xf81f, 0xf81f, 0xf81f, 0xf81f, 0xf81f, 0xf81f, 0xf81f, 0xf81f, 0xf81f,
    0xf81f, 0xf81f, 0xf81f, 0xf81f, 0xf81f, 0xf81f, 0xf81f, 0xf81f, 0xf81f, 0xf81f, 0xf81f, 0xf81f,
    0xf81f, 0xf81f, 0xf81f, 0xf81f, 0xf81f, 0xf81f, 0xf81f, 0xf81f, 0xf81f, 0xf81f, 0xf81f, 0xf81f,
    0xf81f, 0xf81f, 0xf81f, 0xf81f, 0xf81f, 0xf81f, 0xf81f, 0xf81f, 0xf81f, 0xf81f, 0xf81f, 0x0000,
    0x2b10, 0x4c56, 0x0000, 0xffff, 0xffff, 0xffff, 0x0000, 0x0000, 0x1168, 0x1168, 0x2b10, 0x2b10,
    0x08e5, 0x08e5, 0x08e5, 0x08e5, 0x2b10, 0x4c56, 0x4c56, 0x4c56, 0x4c56, 0x4c56, 0x2b10, 0x2b10,
    0x08e5, 0x08e5, 0x08e5, 0x08e5, 0x08e5, 0x2b10, 0x1168, 0x0000, 0x0000, 0xffff, 0xffff, 0xffff,
    0xbe9c, 0xbe9c, 0x0000, 0x4c56, 0x2b10, 0x0000, 0xf81f, 0xf81f, 0xf81f, 0xf81f, 0xf81f, 0xf81f,
    0xf81f, 0xf81f, 0xf81f, 0xf81f, 0xf81f, 0xf81f, 0xf81f, 0xf81f, 0xf81f, 0xf81f, 0xf81f, 0xf81f,
    0xf81f, 0xf81f, 0xf81f, 0xf81f, 0xf81f, 0xf81f, 0xf81f, 0xf81f, 0xf81f, 0xf81f, 0xf81f, 0xf81f,
    0xf81f, 0xf81f, 0xf81f, 0xf81f, 0xf81f, 0xf81f, 0xf81f, 0xf81f, 0xf81f, 0xf81f, 0xf81f, 0xf81f,
    0xf81f, 0xf81f, 0xf81f, 0xf81f, 0xf81f, 0xf81f, 0xf81f, 0xf81f, 0xf81f, 0xf81f, 0xf81f, 0x0000,
    0x2b10, 0x224c, 0x0000, 0xffff, 0x8e19, 0xffff, 0x0000, 0x1168, 0x1168, 0x1168, 0x2b10, 0x4c56,
    0x2b10, 0x2b10, 0x2b10, 0x2b10, 0x4c56, 0x4c56, 0x4c56, 0x4c56, 0x4c56, 0x4c56, 0x4c56, 0x2b10,
    0x2b10, 0x2b10, 0x2b10, 0x2b10, 0x2b10, 0x1168, 0x1168, 0x1168, 0x0000, 0xffff, 0xffff, 0xffff,
    0xbe9c, 0xbe9c, 0x0000, 0x4c56, 0x2b10, 0x0000, 0xf81f, 0xf81f, 0xf81f, 0xf81f, 0xf81f, 0xf81f,
    0xf81f, 0xf81f, 0xf81f, 0xf81f, 0xf81f, 0xf81f, 0xf81f, 0xf81f, 0xf81f, 0xf81f, 0xf81f, 0xf81f,
    0xf81f, 0xf81f, 0xf81f, 0xf81f, 0xf81f, 0xf81f, 0xf81f, 0xf81f, 0xf81f, 0xf81f, 0xf81f, 0xf81f,
    0xf81f, 0xf81f, 0xf81f, 0xf81f, 0xf81f, 0xf81f, 0xf81f, 0xf81f, 0xf81f, 0xf81f, 0xf81f, 0xf81f,
    0xf81f, 0xf81f, 0xf81f, 0xf81f, 0xf81f, 0xf81f, 0xf81f, 0xf81f, 0xf81f, 0xf81f, 0xf81f, 0x0000,
    0x2b10, 0x224c, 0x0000, 0xffff, 0x8e19, 0xffff, 0x0000, 0x1168, 0x1168, 0x4c56, 0x4c56, 0x2b10,
    0x2b10, 0x2b10, 0x2b10, 0x2b10, 0x2b10, 0x0000, 0x0000, 0x0000, 0x0000, 0x0000, 0x0000, 0x2b10,
    0x2b10, 0x2b10, 0x2b10, 0x2b10, 0x4c56, 0x4c56, 0x1168, 0x1168, 0x0000, 0xffff, 0xffff, 0xffff,
    0xbe9c, 0xbe9c, 0x0000, 0x4c56, 0x2b10, 0x0000, 0xf81f, 0xf81f, 0xf81f, 0xf81f, 0xf81f, 0xf81f,
    0xf81f, 0xf81f, 0xf81f, 0xf81f, 0xf81f, 0xf81f, 0xf81f, 0xf81f, 0xf81f, 0xf81f, 0xf81f, 0xf81f,
    0xf81f, 0xf81f, 0xf81f, 0xf81f, 0xf81f, 0xf81f, 0xf81f, 0xf81f, 0xf81f, 0xf81f, 0xf81f, 0xf81f,
    0xf81f, 0xf81f, 0xf81f, 0xf81f, 0xf81f, 0xf81f, 0xf81f, 0xf81f, 0xf81f, 0xf81f, 0xf81f, 0xf81f,
    0xf81f, 0xf81f, 0xf81f, 0xf81f, 0xf81f, 0xf81f, 0xf81f, 0xf81f, 0xf81f, 0xf81f, 0xf81f, 0x0000,
    0x2b10, 0x224c, 0x0000, 0x8e19, 0x8e19, 0xffff, 0x0000, 0x1168, 0x2b10, 0x2b10, 0x2b10, 0x2b10,
    0x2b10, 0x2b10, 0x2b10, 0x2b10, 0x2b10, 0x0000, 0x19ea, 0x19ea, 0x19ea, 0x2b10, 0x0000, 0x2b10,
    0x2b10, 0x2b10, 0x2b10, 0x2b10, 0x2b10, 0x2b10, 0x2b10, 0x1168, 0x0000, 0xffff, 0xffff, 0xffff,
    0xbe9c, 0xbe9c, 0x0000, 0x4c56, 0x2b10, 0x0000, 0xf81f, 0xf81f, 0xf81f, 0xf81f, 0xf81f, 0xf81f,
    0xf81f, 0xf81f, 0xf81f, 0xf81f, 0xf81f, 0xf81f, 0xf81f, 0xf81f, 0xf81f, 0xf81f, 0xf81f, 0xf81f,
    0xf81f, 0xf81f, 0xf81f, 0xf81f, 0xf81f, 0xf81f, 0xf81f, 0xf81f, 0xf81f, 0xf81f, 0xf81f, 0xf81f,
    0xf81f, 0xf81f, 0xf81f, 0xf81f, 0xf81f, 0xf81f, 0xf81f, 0xf81f, 0xf81f, 0xf81f, 0xf81f, 0xf81f,
    0xf81f, 0xf81f, 0xf81f, 0xf81f, 0xf81f, 0xf81f, 0xf81f, 0xf81f, 0xf81f, 0xf81f, 0xf81f, 0x0000,
    0x0000, 0x0000, 0x0000, 0x8e19, 0x8e19, 0xffff, 0x0000, 0x2b10, 0x2b10, 0x2b10, 0x2b10, 0x2b10,
    0x0000, 0x0000, 0x0000, 0x0000, 0x0000, 0x0000, 0x0000, 0x19ea, 0x2b10, 0x0000, 0x0000, 0x0000,
    0x2b10, 0x2b10, 0x2b10, 0x2b10, 0x2b10, 0x2b10, 0x2b10, 0x2b10, 0x0000, 0xffff, 0xffff, 0xffff,
    0xbe9c, 0xbe9c, 0x0000, 0x224c, 0x2b10, 0x0000, 0xf81f, 0xf81f, 0xf81f, 0xf81f, 0xf81f, 0xf81f,
    0xf81f, 0xf81f, 0xf81f, 0xf81f, 0xf81f, 0xf81f, 0xf81f, 0xf81f, 0xf81f, 0xf81f, 0xf81f, 0xf81f,
    0xf81f, 0xf81f, 0xf81f, 0xf81f, 0xf81f, 0xf81f, 0xf81f, 0xf81f, 0xf81f, 0xf81f, 0xf81f, 0xf81f,
    0xf81f, 0xf81f, 0xf81f, 0xf81f, 0xf81f, 0xf81f, 0xf81f, 0xf81f, 0xf81f, 0xf81f, 0xf81f, 0xf81f,
    0xf81f, 0xf81f, 0xf81f, 0xf81f, 0xf81f, 0xf81f, 0xf81f, 0xf81f, 0xf81f, 0xf81f, 0xf81f, 0xf81f,
    0xf81f, 0x0000, 0x0000, 0x8e19, 0x8e19, 0xffff, 0x0000, 0x2b10, 0x2b10, 0x2b10, 0x2b10, 0x0000,
    0x0000, 0xffff, 0xffff, 0xffff, 0xffff, 0xffff, 0xffff, 0x0000, 0x0000, 0xffff, 0xffff, 0x0000,
    0x0000, 0x0000, 0x0000, 0x0000, 0x2b10, 0x2b10, 0x2b10, 0x0000, 0x0000, 0xffff, 0xffff, 0xffff,
    0xbe9c, 0xbe9c, 0x0000, 0x0000, 0x0000, 0x0000, 0xf81f, 0xf81f, 0xf81f, 0xf81f, 0xf81f, 0xf81f,
    0xf81f, 0xf81f, 0xf81f, 0xf81f, 0xf81f, 0xf81f, 0xf81f, 0xf81f, 0xf81f, 0xf81f, 0xf81f, 0xf81f,
    0xf81f, 0xf81f, 0xf81f, 0xf81f, 0xf81f, 0xf81f, 0xf81f, 0xf81f, 0xf81f, 0xf81f, 0xf81f, 0xf81f,
    0xf81f, 0xf81f, 0xf81f, 0xf81f, 0xf81f, 0xf81f, 0xf81f, 0xf81f, 0xf81f, 0xf81f, 0xf81f, 0xf81f,
    0xf81f, 0xf81f, 0xf81f, 0xf81f, 0xf81f, 0xf81f, 0xf81f, 0xf81f, 0xf81f, 0xf81f, 0xf81f, 0xf81f,
    0xf81f, 0x0000, 0x0000, 0x8e19, 0xffff, 0xffff, 0x0000, 0x0000, 0x0000, 0x2b10, 0x0000, 0x0000,
    0xffff, 0xffff, 0xffff, 0xffff, 0xffff, 0xffff, 0xffff, 0x0000, 0x6db8, 0x6db8, 0xffff, 0xffff,
    0xbe9c, 0xbe9c, 0xbe9c, 0x0000, 0x0000, 0x0000, 0x2b10, 0x0000, 0xffff, 0xffff, 0xffff, 0xffff,
    0xbe9c, 0xffff, 0x0000, 0xf81f, 0xf81f, 0xf81f, 0xf81f, 0xf81f, 0xf81f, 0xf81f, 0xf81f, 0xf81f,
    0xf81f, 0xf81f, 0xf81f, 0xf81f, 0xf81f, 0xf81f, 0xf81f, 0xf81f, 0xf81f, 0xf81f, 0xf81f, 0xf81f,
    0xf81f, 0xf81f, 0xf81f, 0xf81f, 0xf81f, 0xf81f, 0xf81f, 0xf81f, 0xf81f, 0xf81f, 0xf81f, 0xf81f,
    0xf81f, 0xf81f, 0xf81f, 0xf81f, 0xf81f, 0xf81f, 0xf81f, 0xf81f, 0xf81f, 0xf81f, 0xf81f, 0xf81f,
    0xf81f, 0xf81f, 0xf81f, 0xf81f, 0xf81f, 0xf81f, 0xf81f, 0xf81f, 0xf81f, 0xf81f, 0xf81f, 0xf81f,
    0xf81f, 0xf81f, 0x0000, 0xffff, 0xffff, 0xffff, 0xffff, 0xffff, 0x0000, 0x0000, 0x0000, 0xffff,
    0xffff, 0xffff, 0xffff, 0xffff, 0xffff, 0x0000, 0x0000, 0x0000, 0x0000, 0x6db8, 0xffff, 0xffff,
    0xbe9c, 0xbe9c, 0xbe9c, 0xbe9c, 0xbe9c, 0x0000, 0x0000, 0xffff, 0xffff, 0xffff, 0xffff, 0xbe9c,
    0xffff, 0xffff, 0x0000, 0xf81f, 0xf81f, 0xf81f, 0xf81f, 0xf81f, 0xf81f, 0xf81f, 0xf81f, 0xf81f,
    0xf81f, 0xf81f, 0xf81f, 0xf81f, 0xf81f, 0xf81f, 0xf81f, 0xf81f, 0xf81f, 0xf81f, 0xf81f, 0xf81f,
    0xf81f, 0xf81f, 0xf81f, 0xf81f, 0xf81f, 0xf81f, 0xf81f, 0xf81f, 0xf81f, 0xf81f, 0xf81f, 0xf81f,
    0xf81f, 0xf81f, 0xf81f, 0xf81f, 0xf81f, 0xf81f, 0xf81f, 0xf81f, 0xf81f, 0xf81f, 0xf81f, 0xf81f,
    0xf81f, 0xf81f, 0xf81f, 0xf81f, 0xf81f, 0xf81f, 0xf81f, 0xf81f, 0xf81f, 0xf81f, 0xf81f, 0xf81f,
    0xf81f, 0xf81f, 0x0000, 0xffff, 0xffff, 0xffff, 0xffff, 0xffff, 0x0000, 0xffff, 0xffff, 0xbe9c,
    0xffff, 0xffff, 0xffff, 0xffff, 0xffff, 0x0000, 0x0000, 0x64d4, 0x0000, 0x6db8, 0xffff, 0xffff,
    0xffff, 0xffff, 0xbe9c, 0xbe9c, 0xbe9c, 0xbe9c, 0x0000, 0xffff, 0xffff, 0xffff, 0xffff, 0xbe9c,
    0xffff, 0x0000, 0x0000, 0xf81f, 0xf81f, 0xf81f, 0xf81f, 0xf81f, 0xf81f, 0xf81f, 0xf81f, 0xf81f,
    0xf81f, 0xf81f, 0xf81f, 0xf81f, 0xf81f, 0xf81f, 0xf81f, 0xf81f, 0xf81f, 0xf81f, 0xf81f, 0xf81f,
    0xf81f, 0xf81f, 0xf81f, 0xf81f, 0xf81f, 0xf81f, 0xf81f, 0xf81f, 0xf81f, 0xf81f, 0xf81f, 0xf81f,
    0xf81f, 0xf81f, 0xf81f, 0xf81f, 0xf81f, 0xf81f, 0xf81f, 0xf81f, 0xf81f, 0xf81f, 0xf81f, 0xf81f,
    0xf81f, 0xf81f, 0xf81f, 0xf81f, 0xf81f, 0xf81f, 0xf81f, 0xf81f, 0xf81f, 0xf81f, 0xf81f, 0xf81f,
    0xf81f, 0xf81f, 0x0000, 0xffff, 0xffff, 0xffff, 0xffff, 0xffff, 0x0000, 0xffff, 0xbe9c, 0xbe9c,
    0xffff, 0xffff, 0xffff, 0xffff, 0x64d4, 0x0000, 0x8e19, 0x64d4, 0x0000, 0x0000, 0x0000, 0xffff,
    0xffff, 0xffff, 0xbe9c, 0xbe9c, 0xbe9c, 0xbe9c, 0x0000, 0xffff, 0xffff, 0xbe9c, 0xffff, 0xbe9c,
    0xffff, 0x0000, 0x0000, 0xf81f, 0xf81f, 0xf81f, 0xf81f, 0xf81f, 0xf81f, 0xf81f, 0xf81f, 0xf81f,
    0xf81f, 0xf81f, 0xf81f, 0xf81f, 0xf81f, 0xf81f, 0xf81f, 0xf81f, 0xf81f, 0xf81f, 0xf81f, 0xf81f,
    0xf81f, 0xf81f, 0xf81f, 0xf81f, 0xf81f, 0xf81f, 0xf81f, 0xf81f, 0xf81f, 0xf81f, 0xf81f, 0xf81f,
    0xf81f, 0xf81f, 0xf81f, 0xf81f, 0xf81f, 0xf81f, 0xf81f, 0xf81f, 0xf81f, 0xf81f, 0xf81f, 0xf81f,
    0xf81f, 0xf81f, 0xf81f, 0xf81f, 0xf81f, 0xf81f, 0xf81f, 0xf81f, 0xf81f, 0xf81f, 0xf81f, 0xf81f,
    0x0000, 0xf81f, 0x0000, 0xffff, 0xbe9c, 0xffff, 0xffff, 0xffff, 0x0000, 0xbe9c, 0xbe9c, 0xbe9c,
    0xffff, 0xffff, 0xffff, 0x0000, 0x0000, 0x8e19, 0x8e19, 0x64d4, 0x64d4, 0x64d4, 0x0000, 0x0000,
    0xffff, 0xffff, 0xffff, 0xbe9c, 0xbe9c, 0xbe9c, 0x0000, 0xffff, 0xffff, 0xbe9c, 0xffff, 0xffff,
    0xffff, 0x0000, 0xf81f, 0xf81f, 0xf81f, 0xf81f, 0xf81f, 0xf81f, 0xf81f, 0xf81f, 0xf81f, 0xf81f,
    0xf81f, 0xf81f, 0xf81f, 0xf81f, 0xf81f, 0xf81f, 0xf81f, 0xf81f, 0xf81f, 0xf81f, 0xf81f, 0xf81f,
    0xf81f, 0xf81f, 0xf81f, 0xf81f, 0xf81f, 0xf81f, 0xf81f, 0xf81f, 0xf81f, 0xf81f, 0xf81f, 0xf81f,
    0xf81f, 0xf81f, 0xf81f, 0xf81f, 0xf81f, 0xf81f, 0xf81f, 0xf81f, 0xf81f, 0xf81f, 0xf81f, 0xf81f,
    0xf81f, 0xf81f, 0xf81f, 0xf81f, 0xf81f, 0xf81f, 0xf81f, 0xf81f, 0xf81f, 0xf81f, 0xf81f, 0x0000,
    0x230d, 0x0000, 0x0000, 0xffff, 0xbe9c, 0xbe9c, 0xffff, 0xffff, 0x0000, 0xbe9c, 0xbe9c, 0xbe9c,
    0xffff, 0xffff, 0xffff, 0x0000, 0x8e19, 0x8e19, 0x8e19, 0x8e19, 0x64d4, 0x64d4, 0x64d4, 0x0000,
    0xffff, 0xffff, 0xffff, 0xffff, 0xbe9c, 0xbe9c, 0x0000, 0xffff, 0xffff, 0xbe9c, 0xffff, 0xffff,
    0xffff, 0x0000, 0xffff, 0x0000, 0x0000, 0x0000, 0x0000, 0xf81f, 0xf81f, 0xf81f, 0xf81f, 0xf81f,
    0xf81f, 0xf81f, 0xf81f, 0xf81f, 0xf81f, 0xf81f, 0xf81f, 0xf81f, 0xf81f, 0xf81f, 0xf81f, 0xf81f,
    0xf81f, 0xf81f, 0xf81f, 0xf81f, 0xf81f, 0xf81f, 0xf81f, 0xf81f, 0xf81f, 0xf81f, 0xf81f, 0xf81f,
    0xf81f, 0xf81f, 0xf81f, 0xf81f, 0xf81f, 0xf81f, 0xf81f, 0xf81f, 0xf81f, 0xf81f, 0xf81f, 0xf81f,
    0xf81f, 0xf81f, 0xf81f, 0xf81f, 0xf81f, 0xf81f, 0xf81f, 0xf81f, 0xf81f, 0x0000, 0x0000, 0x0000,
    0x230d, 0x230d, 0x0000, 0x0000, 0xbe9c, 0xbe9c, 0xffff, 0xffff, 0x0000, 0xbe9c, 0xbe9c, 0xbe9c,
    0xbe9c, 0x0000, 0x0000, 0x8e19, 0x8e19, 0x8e19, 0x8e19, 0x8e19, 0x8e19, 0x8e19, 0x64d4, 0x64d4,
    0x0000, 0xffff, 0xffff, 0xbe9c, 0xbe9c, 0xbe9c, 0x0000, 0xffff, 0xffff, 0xbe9c, 0xbe9c, 0xffff,
    0x0000, 0x0000, 0xffff, 0xffff, 0xffff, 0x0000, 0x0000, 0x0000, 0xf81f, 0xf81f, 0xf81f, 0xf81f,
    0xf81f, 0xf81f, 0xf81f, 0xf81f, 0xf81f, 0xf81f, 0xf81f, 0xf81f, 0xf81f, 0xf81f, 0xf81f, 0xf81f,
    0xf81f, 0xf81f, 0xf81f, 0xf81f, 0xf81f, 0xf81f, 0xf81f, 0xf81f, 0xf81f, 0xf81f, 0xf81f, 0xf81f,
    0xf81f, 0xf81f, 0xf81f, 0xf81f, 0xf81f, 0xf81f, 0xf81f, 0xf81f, 0xf81f, 0xf81f, 0xf81f, 0xf81f,
    0xf81f, 0xf81f, 0xf81f, 0xf81f, 0xf81f, 0xf81f, 0xf81f, 0xf81f, 0xf81f, 0x0000, 0x0000, 0x6db8,
    0x6db8, 0x230d, 0x0000, 0x0000, 0x8e19, 0xbe9c, 0xffff, 0xffff, 0x0000, 0x0000, 0x0000, 0x0000,
    0x0000, 0x8e19, 0x8e19, 0x8e19, 0xffff, 0xffff, 0xffff, 0x8e19, 0x8e19, 0x8e19, 0x8e19, 0x8e19,
    0x0000, 0x0000, 0x0000, 0x0000, 0x0000, 0x0000, 0x0000, 0xffff, 0xffff, 0xbe9c, 0xffff, 0xffff,
    0x0000, 0x0000, 0xffff, 0xffff, 0x6db8, 0x6db8, 0x6db8, 0x8537, 0x0000, 0xf81f, 0xf81f, 0xf81f,
    0xf81f, 0xf81f, 0xf81f, 0xf81f, 0xf81f, 0xf81f, 0xf81f, 0xf81f, 0xf81f, 0xf81f, 0xf81f, 0xf81f,
    0xf81f, 0xf81f, 0xf81f, 0xf81f, 0xf81f, 0xf81f, 0xf81f, 0xf81f, 0xf81f, 0xf81f, 0xf81f, 0xf81f,
    0xf81f, 0xf81f, 0xf81f, 0xf81f, 0xf81f, 0xf81f, 0xf81f, 0xf81f, 0xf81f, 0xf81f, 0xf81f, 0xf81f,
    0xf81f, 0xf81f, 0xf81f, 0xf81f, 0xf81f, 0xf81f, 0xf81f, 0xf81f, 0x0000, 0xffff, 0xffff, 0x6db8,
    0x6db8, 0x230d, 0x0000, 0x0000, 0xbe9c, 0xbe9c, 0xffff, 0xffff, 0xffff, 0xffff, 0xffff, 0xffff,
    0xffff, 0xffff, 0xffff, 0xffff, 0xffff, 0xffff, 0xffff, 0xffff, 0x8e19, 0x8e19, 0x8e19, 0x8e19,
    0x8e19, 0x8e19, 0x8e19, 0x8e19, 0x8e19, 0xffff, 0xffff, 0xffff, 0xffff, 0xbe9c, 0xffff, 0x0000,
    0x0000, 0xffff, 0xffff, 0x6db8, 0x6db8, 0x6db8, 0x6db8, 0x6db8, 0x0000, 0xf81f, 0xf81f, 0xf81f,
    0xf81f, 0xf81f, 0xf81f, 0xf81f, 0xf81f, 0xf81f, 0xf81f, 0xf81f, 0xf81f, 0xf81f, 0xf81f, 0xf81f,
    0xf81f, 0xf81f, 0xf81f, 0xf81f, 0xf81f, 0xf81f, 0xf81f, 0xf81f, 0xf81f, 0xf81f, 0xf81f, 0xf81f,
    0xf81f, 0xf81f, 0xf81f, 0xf81f, 0xf81f, 0xf81f, 0xf81f, 0xf81f, 0xf81f, 0xf81f, 0xf81f, 0xf81f,
    0xf81f, 0xf81f, 0xf81f, 0xf81f, 0xf81f, 0xf81f, 0xf81f, 0xf81f, 0x0000, 0xffff, 0xffff, 0x6db8,
    0x6db8, 0x230d, 0x230d, 0x0000, 0xffff, 0xbe9c, 0xffff, 0xffff, 0xffff, 0xffff, 0xffff, 0xffff,
    0xffff, 0xffff, 0xffff, 0xffff, 0xffff, 0xffff, 0xffff, 0xffff, 0xffff, 0x8e19, 0x8e19, 0x8e19,
    0x8e19, 0x8e19, 0x8e19, 0x8e19, 0x8e19, 0x8e19, 0x8e19, 0xffff, 0xffff, 0xbe9c, 0xffff, 0x0000,
    0x0000, 0xffff, 0xffff, 0xbe9c, 0xbe9c, 0xbe9c, 0xbe9c, 0x6db8, 0x0000, 0x0000, 0xf81f, 0xf81f,
    0xf81f, 0xf81f, 0xf81f, 0xf81f, 0xf81f, 0xf81f, 0xf81f, 0xf81f, 0xf81f, 0xf81f, 0xf81f, 0xf81f,
    0xf81f, 0xf81f, 0xf81f, 0xf81f, 0xf81f, 0xf81f, 0xf81f, 0xf81f, 0xf81f, 0xf81f, 0xf81f, 0xf81f,
    0xf81f, 0xf81f, 0xf81f, 0xf81f, 0xf81f, 0xf81f, 0xf81f, 0xf81f, 0xf81f, 0xf81f, 0xf81f, 0xf81f,
    0xf81f, 0xf81f, 0xf81f, 0xf81f, 0xf81f, 0xf81f, 0xf81f, 0x0000, 0x0000, 0xffff, 0xffff, 0x6db8,
    0x6db8, 0x230d, 0x230d, 0x0000, 0xffff, 0xffff, 0xffff, 0xffff, 0xffff, 0xffff, 0xffff, 0xffff,
    0xffff, 0xffff, 0xffff, 0xffff, 0xffff, 0xffff, 0xffff, 0xffff, 0xffff, 0xffff, 0xffff, 0xffff,
    0x8e19, 0x8e19, 0x8e19, 0x8e19, 0x8e19, 0x8e19, 0xffff, 0xffff, 0xbe9c, 0x6db8, 0xffff, 0x0000,
    0xffff, 0xffff, 0xffff, 0xbe9c, 0xbe9c, 0xbe9c, 0xbe9c, 0xbe9c, 0xffff, 0x0000, 0xf81f, 0xf81f,
    0xf81f, 0xf81f, 0xf81f, 0xf81f, 0xf81f, 0xf81f, 0xf81f, 0xf81f, 0xf81f, 0xf81f, 0xf81f, 0xf81f,
    0xf81f, 0xf81f, 0xf81f, 0xf81f, 0xf81f, 0xf81f, 0xf81f, 0xf81f, 0xf81f, 0xf81f, 0xf81f, 0xf81f,
    0xf81f, 0xf81f, 0xf81f, 0xf81f, 0xf81f, 0xf81f, 0xf81f, 0xf81f, 0xf81f, 0xf81f, 0xf81f, 0xf81f,
    0xf81f, 0xf81f, 0xf81f, 0xf81f, 0xf81f, 0xf81f, 0xf81f, 0x0000, 0x0000, 0xffff, 0xffff, 0xffff,
    0x8537, 0x230d, 0x230d, 0x0000, 0xffff, 0xffff, 0xffff, 0xffff, 0xffff, 0xffff, 0xffff, 0xffff,
    0xffff, 0xffff, 0xffff, 0xffff, 0xffff, 0xffff, 0xffff, 0xffff, 0xffff, 0xffff, 0xffff, 0xffff,
    0xffff, 0xffff, 0xffff, 0xffff, 0xffff, 0xffff, 0xffff, 0xffff, 0x6db8, 0x6db8, 0xffff, 0x0000,
    0xffff, 0x6db8, 0xbe9c, 0xbe9c, 0xbe9c, 0xbe9c, 0xffff, 0xffff, 0xffff, 0xffff, 0x0000, 0xf81f,
    0xf81f, 0xf81f, 0xf81f, 0xf81f, 0xf81f, 0xf81f, 0xf81f, 0xf81f, 0xf81f, 0xf81f, 0xf81f, 0xf81f,
    0xf81f, 0xf81f, 0xf81f, 0xf81f, 0xf81f, 0xf81f, 0xf81f, 0xf81f, 0xf81f, 0xf81f, 0xf81f, 0xf81f,
    0xf81f, 0xf81f, 0xf81f, 0xf81f, 0xf81f, 0xf81f, 0xf81f, 0xf81f, 0xf81f, 0xf81f, 0xf81f, 0xf81f,
    0xf81f, 0xf81f, 0xf81f, 0xf81f, 0xf81f, 0xf81f, 0xf81f, 0x0000, 0x0000, 0xffff, 0xffff, 0xffff,
    0x8537, 0x6db8, 0x230d, 0x0000, 0x0000, 0x0000, 0xffff, 0xffff, 0xffff, 0xffff, 0xffff, 0xffff,
    0xffff, 0xffff, 0xffff, 0xffff, 0xffff, 0xffff, 0xffff, 0xffff, 0xffff, 0xffff, 0xffff, 0xffff,
    0xffff, 0xffff, 0xffff, 0xffff, 0xffff, 0xffff, 0xbe9c, 0xbe9c, 0x6db8, 0x0000, 0x0000, 0x0000,
    0xffff, 0x8537, 0xffff, 0xffff, 0xffff, 0xffff, 0xffff, 0xffff, 0xffff, 0xffff, 0x0000, 0xf81f,
    0xf81f, 0xf81f, 0xf81f, 0xf81f, 0xf81f, 0xf81f, 0xf81f, 0xf81f, 0xf81f, 0xf81f, 0xf81f, 0xf81f,
    0xf81f, 0xf81f, 0xf81f, 0xf81f, 0xf81f, 0xf81f, 0xf81f, 0xf81f, 0xf81f, 0xf81f, 0xf81f, 0xf81f,
    0xf81f, 0xf81f, 0xf81f, 0xf81f, 0xf81f, 0xf81f, 0xf81f, 0xf81f, 0xf81f, 0xf81f, 0xf81f, 0xf81f,
    0xf81f, 0xf81f, 0xf81f, 0xf81f, 0xf81f, 0xf81f, 0xf81f, 0x0000, 0xffff, 0xffff, 0xffff, 0xbe9c,
    0x8537, 0x6db8, 0x230d, 0x0000, 0x0000, 0x0000, 0xffff, 0xffff, 0xffff, 0xffff, 0xffff, 0xffff,
    0xffff, 0xffff, 0xffff, 0xffff, 0xffff, 0xffff, 0xffff, 0xffff, 0xffff, 0xffff, 0xffff, 0xffff,
    0xffff, 0xffff, 0xffff, 0xffff, 0xffff, 0xbe9c, 0xbe9c, 0x6db8, 0x6db8, 0x0000, 0x0000, 0xffff,
    0xffff, 0x8537, 0xffff, 0xffff, 0xffff, 0xffff, 0xffff, 0xffff, 0xffff, 0xffff, 0x0000, 0x0000,
    0xf81f, 0xf81f, 0xf81f, 0xf81f, 0xf81f, 0xf81f, 0xf81f, 0xf81f, 0xf81f, 0xf81f, 0xf81f, 0xf81f,
    0xf81f, 0xf81f, 0xf81f, 0xf81f, 0xf81f, 0xf81f, 0xf81f, 0xf81f, 0xf81f, 0xf81f, 0xf81f, 0xf81f,
    0xf81f, 0xf81f, 0xf81f, 0xf81f, 0xf81f, 0xf81f, 0xf81f, 0xf81f, 0xf81f, 0xf81f, 0xf81f, 0xf81f,
    0xf81f, 0xf81f, 0xf81f, 0xf81f, 0xf81f, 0xf81f, 0x0000, 0x0000, 0xffff, 0xffff, 0xffff, 0xbe9c,
    0x8537, 0x6db8, 0x230d, 0x0000, 0x0000, 0x1168, 0x0000, 0xffff, 0xffff, 0xffff, 0xffff, 0xffff,
    0xffff, 0xffff, 0xffff, 0xffff, 0xffff, 0xffff, 0xffff, 0xffff, 0xffff, 0xffff, 0xffff, 0xffff,
    0xffff, 0xffff, 0xffff, 0xffff, 0xffff, 0xbe9c, 0xbe9c, 0x6db8, 0x0000, 0x0000, 0xffff, 0x8537,
    0x8537, 0x8537, 0xffff, 0xffff, 0xffff, 0xffff, 0xffff, 0xffff, 0xffff, 0xffff, 0xffff, 0x0000,
    0xf81f, 0xf81f, 0xf81f, 0xf81f, 0xf81f, 0xf81f, 0xf81f, 0xf81f, 0xf81f, 0xf81f, 0xf81f, 0xf81f,
    0xf81f, 0xf81f, 0xf81f, 0xf81f, 0xf81f, 0xf81f, 0xf81f, 0xf81f, 0xf81f, 0xf81f, 0xf81f, 0xf81f,
    0xf81f, 0xf81f, 0xf81f, 0xf81f, 0xf81f, 0xf81f, 0xf81f, 0xf81f, 0xf81f, 0xf81f, 0xf81f, 0xf81f,
    0xf81f, 0xf81f, 0xf81f, 0xf81f, 0xf81f, 0xf81f, 0x0000, 0xffff, 0xffff, 0xffff, 0xffff, 0xbe9c,
    0x8537, 0x230d, 0x230d, 0x0000, 0x2b10, 0x1168, 0x0000, 0x0000, 0xffff, 0xffff, 0xffff, 0xffff,
    0xffff, 0xffff, 0xffff, 0xffff, 0xffff, 0xffff, 0xffff, 0xffff, 0xffff, 0xffff, 0xffff, 0xffff,
    0xffff, 0xffff, 0xffff, 0xffff, 0xbe9c, 0xbe9c, 0x6db8, 0x6db8, 0x0000, 0x0000, 0xbe9c, 0x8537,
    0x8537, 0xffff, 0xffff, 0xffff, 0xffff, 0xffff, 0xffff, 0xffff, 0xffff, 0xffff, 0xffff, 0x0000,
    0xf81f, 0xf81f, 0xf81f, 0xf81f, 0xf81f, 0xf81f, 0xf81f, 0xf81f, 0xf81f, 0xf81f, 0xf81f, 0xf81f,
    0xf81f, 0xf81f, 0xf81f, 0xf81f, 0xf81f, 0xf81f, 0xf81f, 0xf81f, 0xf81f, 0xf81f, 0xf81f, 0xf81f,
    0xf81f, 0xf81f, 0xf81f, 0xf81f, 0xf81f, 0xf81f, 0xf81f, 0xf81f, 0xf81f, 0xf81f, 0xf81f, 0xf81f,
    0xf81f, 0xf81f, 0xf81f, 0xf81f, 0xf81f, 0xf81f, 0x0000, 0xffff, 0xffff, 0xffff, 0xbe9c, 0xbe9c,
    0x6db8, 0x230d, 0x230d, 0x0000, 0x2b10, 0x2b10, 0x1168, 0x0000, 0xffff, 0xffff, 0xffff, 0xffff,
    0xffff, 0xffff, 0xffff, 0xffff, 0xffff, 0xffff, 0xffff, 0xffff, 0xffff, 0xffff, 0xffff, 0xffff,
    0xffff, 0xffff, 0xffff, 0xbe9c, 0xbe9c, 0x6db8, 0x6db8, 0x0000, 0x0000, 0x0000, 0x8537, 0x8537,
    0xffff, 0xffff, 0xffff, 0xffff, 0xffff, 0xffff, 0xffff, 0xffff, 0xffff, 0xffff, 0xffff, 0x0000,
    0xf81f, 0xf81f, 0xf81f, 0xf81f, 0xf81f, 0xf81f, 0xf81f, 0xf81f, 0xf81f, 0xf81f, 0xf81f, 0xf81f,
    0xf81f, 0xf81f, 0xf81f, 0xf81f, 0xf81f, 0xf81f, 0xf81f, 0xf81f, 0xf81f, 0xf81f, 0xf81f, 0xf81f,
    0xf81f, 0xf81f, 0xf81f, 0xf81f, 0xf81f, 0xf81f, 0xf81f, 0xf81f, 0xf81f, 0xf81f, 0xf81f, 0xf81f,
    0xf81f, 0xf81f, 0xf81f, 0xf81f, 0xf81f, 0x0000, 0x0000, 0xffff, 0xffff, 0xffff, 0xbe9c, 0xbe9c,
    0x6db8, 0x6db8, 0x230d, 0x0000, 0x2b10, 0x2b10, 0x2b10, 0x0000, 0x0000, 0xffff, 0xffff, 0xffff,
    0xffff, 0xffff, 0xffff, 0xffff, 0xffff, 0xffff, 0xffff, 0xffff, 0xffff, 0xffff, 0xffff, 0xffff,
    0xffff, 0xffff, 0xbe9c, 0xbe9c, 0x6db8, 0x6db8, 0x0000, 0x0000, 0x0000, 0x0000, 0x8537, 0x8537,
    0xffff, 0xffff, 0xffff, 0xffff, 0xffff, 0xffff, 0xffff, 0xffff, 0xffff, 0xffff, 0xffff, 0x0000,
    0xf81f, 0xf81f, 0xf81f, 0xf81f, 0xf81f, 0xf81f, 0xf81f, 0xf81f, 0xf81f, 0xf81f, 0xf81f, 0xf81f,
    0xf81f, 0xf81f, 0xf81f, 0xf81f, 0xf81f, 0xf81f, 0xf81f, 0xf81f, 0xf81f, 0xf81f, 0xf81f, 0xf81f,
    0xf81f, 0xf81f, 0xf81f, 0xf81f, 0xf81f, 0xf81f, 0xf81f, 0xf81f, 0xf81f, 0xf81f, 0xf81f, 0xf81f,
    0xf81f, 0xf81f, 0xf81f, 0xf81f, 0xf81f, 0x0000, 0xffff, 0xffff, 0xffff, 0xffff, 0xbe9c, 0xbe9c,
    0x6db8, 0x6db8, 0x0000, 0x0000, 0x0000, 0x2b10, 0x2b10, 0x1168, 0x0000, 0x0000, 0xffff, 0xffff,
    0xffff, 0xffff, 0xffff, 0xffff, 0xffff, 0xffff, 0xffff, 0xffff, 0xffff, 0xffff, 0xffff, 0xffff,
    0xbe9c, 0xbe9c, 0xbe9c, 0x6db8, 0x6db8, 0x0000, 0x0000, 0x0000, 0x0000, 0x0000, 0xffff, 0xffff,
    0xffff, 0xffff, 0xffff, 0xffff, 0xffff, 0xffff, 0xffff, 0xffff, 0xffff, 0xffff, 0xffff, 0xffff,
    0x0000, 0xf81f, 0xf81f, 0xf81f, 0xf81f, 0xf81f, 0xf81f, 0xf81f, 0xf81f, 0xf81f, 0xf81f, 0xf81f,
    0xf81f, 0xf81f, 0xf81f, 0xf81f, 0xf81f, 0xf81f, 0xf81f, 0xf81f, 0xf81f, 0xf81f, 0xf81f, 0xf81f,
    0xf81f, 0xf81f, 0xf81f, 0xf81f, 0xf81f, 0xf81f, 0xf81f, 0xf81f, 0xf81f, 0xf81f, 0xf81f, 0xf81f,
    0xf81f, 0xf81f, 0xf81f, 0xf81f, 0xf81f, 0x0000, 0xffff, 0xffff, 0xffff, 0xbe9c, 0xbe9c, 0x8537,
    0x6db8, 0x6db8, 0x0000, 0xffff, 0x0000, 0x2b10, 0x2b10, 0x1168, 0x1168, 0x1168, 0x0000, 0xffff,
    0xffff, 0xffff, 0xffff, 0xffff, 0xffff, 0xffff, 0xffff, 0xffff, 0xffff, 0xffff, 0xffff, 0xbe9c,
    0xbe9c, 0x6db8, 0x6db8, 0x6db8, 0x6db8, 0x0000, 0x1168, 0x1168, 0x0000, 0x0000, 0xffff, 0xffff,
    0xffff, 0xffff, 0xffff, 0xffff, 0xffff, 0xffff, 0xffff, 0xffff, 0xffff, 0xffff, 0xffff, 0xffff,
    0x0000, 0xf81f, 0xf81f, 0xf81f, 0xf81f, 0xf81f, 0xf81f, 0xf81f, 0xf81f, 0xf81f, 0xf81f, 0xf81f,
    0xf81f, 0xf81f, 0xf81f, 0xf81f, 0xf81f, 0xf81f, 0xf81f, 0xf81f, 0xf81f, 0xf81f, 0xf81f, 0xf81f,
    0xf81f, 0xf81f, 0xf81f, 0xf81f, 0xf81f, 0xf81f, 0xf81f, 0xf81f, 0xf81f, 0xf81f, 0xf81f, 0xf81f,
    0xf81f, 0xf81f, 0xf81f, 0xf81f, 0x0000, 0x0000, 0xffff, 0xffff, 0xffff, 0xbe9c, 0xbe9c, 0x6db8,
    0x6db8, 0x8537, 0x0000, 0xffff, 0x0000, 0x2b10, 0x2b10, 0x2b10, 0x1168, 0x1168, 0x0000, 0x0000,
    0xffff, 0xffff, 0xffff, 0xffff, 0xffff, 0xffff, 0xffff, 0xffff, 0xffff, 0xffff, 0xbe9c, 0x6db8,
    0x6db8, 0x6db8, 0x6db8, 0x6db8, 0x0000, 0x1168, 0x1168, 0x0000, 0x8e19, 0x0000, 0xffff, 0xffff,
    0xffff, 0xffff, 0xffff, 0xffff, 0xffff, 0xffff, 0xffff, 0xffff, 0xffff, 0xffff, 0xffff, 0xffff,
    0x0000, 0xf81f, 0xf81f, 0xf81f, 0xf81f, 0xf81f, 0xf81f, 0xf81f, 0xf81f, 0xf81f, 0xf81f, 0xf81f,
    0xf81f, 0xf81f, 0xf81f, 0xf81f, 0xf81f, 0xf81f, 0xf81f, 0xf81f, 0xf81f, 0xf81f, 0xf81f, 0xf81f,
    0xf81f, 0xf81f, 0xf81f, 0xf81f, 0xf81f, 0xf81f, 0xf81f, 0xf81f, 0xf81f, 0xf81f, 0xf81f, 0xf81f,
    0xf81f, 0xf81f, 0xf81f, 0xf81f, 0x0000, 0xffff, 0xffff, 0xffff, 0xffff, 0xbe9c, 0xbe9c, 0x6db8,
    0x6db8, 0x0000, 0x0000, 0xffff, 0x0000, 0x2b10, 0x2b10, 0x4c56, 0x0000, 0x1168, 0x1168, 0x0000,
    0x0000, 0xffff, 0xffff, 0xffff, 0xffff, 0xffff, 0xffff, 0xffff, 0xffff, 0xbe9c, 0xbe9c, 0x6db8,
    0x6db8, 0x6db8, 0x6db8, 0x0000, 0x0000, 0x1168, 0x0000, 0x8e19, 0x8e19, 0x0000, 0xffff, 0xffff,
    0xffff, 0xffff, 0xffff, 0xffff, 0xffff, 0xffff, 0xffff, 0xffff, 0xffff, 0xffff, 0xffff, 0xffff,
    0x0000, 0xf81f, 0xf81f, 0xf81f, 0xf81f, 0xf81f, 0xf81f, 0xf81f, 0xf81f, 0xf81f, 0xf81f, 0xf81f,
    0xf81f, 0xf81f, 0xf81f, 0xf81f, 0xf81f, 0xf81f, 0xf81f, 0xf81f, 0xf81f, 0xf81f, 0xf81f, 0xf81f,
    0xf81f, 0xf81f, 0xf81f, 0xf81f, 0xf81f, 0xf81f, 0xf81f, 0xf81f, 0xf81f, 0xf81f, 0xf81f, 0xf81f,
    0xf81f, 0xf81f, 0xf81f, 0xf81f, 0x0000, 0xffff, 0xffff, 0xffff, 0xbe9c, 0xbe9c, 0x8537, 0x6db8,
    0x6db8, 0x0000, 0xffff, 0xffff, 0x0000, 0x2b10, 0x2b10, 0x4c56, 0x4c56, 0x1168, 0x1168, 0x1168,
    0x1168, 0xffff, 0xffff, 0xffff, 0xffff, 0xffff, 0xffff, 0xffff, 0xbe9c, 0xbe9c, 0x6db8, 0x6db8,
    0x6db8, 0x6db8, 0x0000, 0x1168, 0x1168, 0x1168, 0x0000, 0xbe9c, 0x8e19, 0x0000, 0xffff, 0xffff,
    0xffff, 0xffff, 0xffff, 0xffff, 0xffff, 0xffff, 0xffff, 0xffff, 0xffff, 0xffff, 0xffff, 0xffff,
    0xffff, 0x0000, 0xf81f, 0xf81f, 0xf81f, 0xf81f, 0xf81f, 0xf81f, 0xf81f, 0xf81f, 0xf81f, 0xf81f,
    0xf81f, 0xf81f, 0xf81f, 0xf81f, 0xf81f, 0xf81f, 0xf81f, 0xf81f, 0xf81f, 0xf81f, 0xf81f, 0xf81f,
    0xf81f, 0xf81f, 0xf81f, 0xf81f, 0xf81f, 0xf81f, 0xf81f, 0xf81f, 0xf81f, 0xf81f, 0xf81f, 0xf81f,
    0xf81f, 0xf81f, 0xf81f, 0xf81f, 0x0000, 0xffff, 0xffff, 0xffff, 0xbe9c, 0xbe9c, 0x6db8, 0x6db8,
    0x6db8, 0x0000, 0xffff, 0xffff, 0xffff, 0x0000, 0x2b10, 0x2b10, 0x4c56, 0x4c56, 0x1168, 0x1168,
    0x1168, 0x0000, 0xffff, 0xffff, 0xffff, 0xffff, 0xffff, 0xffff, 0xbe9c, 0xbe9c, 0x6db8, 0x6db8,
    0x6db8, 0x6db8, 0x0000, 0x1168, 0x1168, 0x0000, 0x0000, 0xbe9c, 0x8e19, 0x0000, 0xffff, 0xffff,
    0xffff, 0xffff, 0xffff, 0xffff, 0xffff, 0xffff, 0xffff, 0xffff, 0xffff, 0xffff, 0x6db8, 0xffff,
    0xffff, 0x0000, 0xf81f, 0xf81f, 0xf81f, 0xf81f, 0xf81f, 0xf81f, 0xf81f, 0xf81f, 0xf81f, 0xf81f,
    0xf81f, 0xf81f, 0xf81f, 0xf81f, 0xf81f, 0xf81f, 0xf81f, 0xf81f, 0xf81f, 0xf81f, 0xf81f, 0xf81f,
    0xf81f, 0xf81f, 0xf81f, 0xf81f, 0xf81f, 0xf81f, 0xf81f, 0xf81f, 0xf81f, 0xf81f, 0xf81f, 0xf81f,
    0xf81f, 0xf81f, 0xf81f, 0x0000, 0xffff, 0xffff, 0xffff, 0xffff, 0xbe9c, 0x6db8, 0x6db8, 0x6db8,
    0x0000, 0x0000, 0xffff, 0xffff, 0xffff, 0x0000, 0x0000, 0x2b10, 0x2b10, 0x4c56, 0x4c56, 0x1168,
    0x1168, 0x0000, 0x0000, 0xffff, 0xffff, 0xffff, 0xffff, 0xffff, 0xbe9c, 0xbe9c, 0x6db8, 0x6db8,
    0x6db8, 0x0000, 0x1168, 0x1168, 0x7d9a, 0x0000, 0xffff, 0x8e19, 0x8e19, 0x0000, 0xffff, 0xffff,
    0xffff, 0xffff, 0xffff, 0xffff, 0xffff, 0xffff, 0xffff, 0xffff, 0xffff, 0xffff, 0x6db8, 0xffff,
    0xffff, 0x0000, 0xf81f, 0xf81f, 0xf81f, 0xf81f, 0xf81f, 0xf81f, 0xf81f, 0xf81f, 0xf81f, 0xf81f,
    0xf81f, 0xf81f, 0xf81f, 0xf81f, 0xf81f, 0xf81f, 0xf81f, 0xf81f, 0xf81f, 0xf81f, 0xf81f, 0xf81f,
    0xf81f, 0xf81f, 0xf81f, 0xf81f, 0xf81f, 0xf81f, 0xf81f, 0xf81f, 0xf81f, 0xf81f, 0xf81f, 0xf81f,
    0xf81f, 0xf81f, 0xf81f, 0x0000, 0xffff, 0xffff, 0xffff, 0xffff, 0xbe9c, 0x6db8, 0x6db8, 0x6db8,
    0x0000, 0xffff, 0xffff, 0xffff, 0xffff, 0xffff, 0x0000, 0x0000, 0x2b10, 0x4c56, 0x4c56, 0x4c56,
    0x1168, 0x1168, 0x0000, 0x0000, 0xffff, 0xffff, 0xffff, 0xffff, 0xbe9c, 0xbe9c, 0x6db8, 0x0000,
    0x0000, 0x0000, 0x2b10, 0x4c56, 0x0000, 0x0000, 0x8e19, 0x8e19, 0x8e19, 0x0000, 0xffff, 0xffff,
    0xffff, 0xffff, 0xffff, 0xffff, 0xffff, 0xffff, 0xffff, 0xffff, 0xffff, 0xffff, 0x6db8, 0xbe9c,
    0xffff, 0x0000, 0xf81f, 0xf81f, 0xf81f, 0xf81f, 0xf81f, 0xf81f, 0xf81f, 0xf81f, 0xf81f, 0xf81f,
    0xf81f, 0xf81f, 0xf81f, 0xf81f, 0xf81f, 0xf81f, 0xf81f, 0xf81f, 0xf81f, 0xf81f, 0xf81f, 0xf81f,
    0xf81f, 0xf81f, 0xf81f, 0xf81f, 0xf81f, 0xf81f, 0xf81f, 0xf81f, 0xf81f, 0xf81f, 0xf81f, 0xf81f,
    0xf81f, 0xf81f, 0x0000, 0x0000, 0xffff, 0xffff, 0xffff, 0xffff, 0xbe9c, 0x6db8, 0x6db8, 0x6db8,
    0x0000, 0xffff, 0xffff, 0xffff, 0xffff, 0xffff, 0xffff, 0x0000, 0x0000, 0x2b10, 0x4c56, 0x4c56,
    0x4c56, 0x1168, 0x1168, 0x0000, 0x0000, 0xffff, 0xffff, 0xffff, 0xbe9c, 0xbe9c, 0x0000, 0x0000,
    0x1168, 0x2b10, 0x4c56, 0x0000, 0x0000, 0xffff, 0x8e19, 0x8e19, 0x0000, 0x0000, 0xffff, 0xffff,
    0xffff, 0xffff, 0xffff, 0xffff, 0xffff, 0xffff, 0xffff, 0xffff, 0xffff, 0xffff, 0x6db8, 0xbe9c,
    0xffff, 0x0000, 0x0000, 0xf81f, 0xf81f, 0xf81f, 0xf81f, 0xf81f, 0xf81f, 0xf81f, 0xf81f, 0xf81f,
    0xf81f, 0xf81f, 0xf81f, 0xf81f, 0xf81f, 0xf81f, 0xf81f, 0xf81f, 0xf81f, 0xf81f, 0xf81f, 0xf81f,
    0xf81f, 0xf81f, 0xf81f, 0xf81f, 0xf81f, 0xf81f, 0xf81f, 0xf81f, 0xf81f, 0xf81f, 0xf81f, 0xf81f,
    0xf81f, 0xf81f, 0x0000, 0xffff, 0xffff, 0xffff, 0xffff, 0xffff, 0x8537, 0x6db8, 0x6db8, 0x6db8,
    0x0000, 0xffff, 0xffff, 0xffff, 0xffff, 0xffff, 0xffff, 0xffff, 0x0000, 0x0000, 0x2b10, 0x4c56,
    0x4c56, 0x4c56, 0x1168, 0x1168, 0x0000, 0x0000, 0x0000, 0x0000, 0x0000, 0x0000, 0x1168, 0x2b10,
    0x4c56, 0x4c56, 0x0000, 0x0000, 0xffff, 0x8e19, 0x8e19, 0x8e19, 0x0000, 0xffff, 0xffff, 0xffff,
    0xffff, 0xffff, 0xffff, 0xffff, 0xffff, 0xffff, 0xffff, 0xffff, 0xffff, 0xffff, 0x6db8, 0xbe9c,
    0xffff, 0xffff, 0x0000, 0xf81f, 0xf81f, 0xf81f, 0xf81f, 0xf81f, 0xf81f, 0xf81f, 0xf81f, 0xf81f,
    0xf81f, 0xf81f, 0xf81f, 0xf81f, 0xf81f, 0xf81f, 0xf81f, 0xf81f, 0xf81f, 0xf81f, 0xf81f, 0xf81f,
    0xf81f, 0xf81f, 0xf81f, 0xf81f, 0xf81f, 0xf81f, 0xf81f, 0xf81f, 0xf81f, 0xf81f, 0xf81f, 0xf81f,
    0xf81f, 0xf81f, 0x0000, 0xffff, 0xffff, 0xffff, 0xffff, 0xbe9c, 0x8537, 0x6db8, 0x6db8, 0x0000,
    0x0000, 0xffff, 0xffff, 0xffff, 0xffff, 0xffff, 0xffff, 0xffff, 0xffff, 0x0000, 0x0000, 0x2b10,
    0x2b10, 0x2b10, 0x4c56, 0x1168, 0x1168, 0x1168, 0x1168, 0x1168, 0x1168, 0x1168, 0x2b10, 0x4c56,
    0x4c56, 0x0000, 0x0000, 0xffff, 0xbe9c, 0xbe9c, 0x8e19, 0x0000, 0xffff, 0xffff, 0xffff, 0xffff,
    0xffff, 0xffff, 0xffff, 0xffff, 0xffff, 0xffff, 0xffff, 0xffff, 0xffff, 0xffff, 0x6db8, 0xbe9c,
    0xffff, 0xffff, 0x0000, 0xf81f, 0xf81f, 0xf81f, 0xf81f, 0xf81f, 0xf81f, 0xf81f, 0xf81f, 0xf81f,
    0xf81f, 0xf81f, 0xf81f, 0xf81f, 0xf81f, 0xf81f, 0xf81f, 0xf81f, 0xf81f, 0xf81f, 0xf81f, 0xf81f,
    0xf81f, 0xf81f, 0xf81f, 0xf81f, 0xf81f, 0xf81f, 0xf81f, 0xf81f, 0xf81f, 0xf81f, 0xf81f, 0xf81f,
    0xf81f, 0xf81f, 0x0000, 0xffff, 0xffff, 0xffff, 0xffff, 0xbe9c, 0x8537, 0x6db8, 0x6db8, 0x0000,
    0xffff, 0xffff, 0xffff, 0xffff, 0xffff, 0xffff, 0xffff, 0xffff, 0xffff, 0xffff, 0x0000, 0x0000,
    0x2b10, 0x4c56, 0x2b10, 0x2b10, 0x2b10, 0x2b10, 0x2b10, 0x2b10, 0x4c56, 0x4c56, 0x4c56, 0x4c56,
    0x0000, 0x0000, 0xffff, 0xffff, 0xbe9c, 0x8e19, 0x8e19, 0x0000, 0xffff, 0xffff, 0xffff, 0xffff,
    0xffff, 0xffff, 0xffff, 0xffff, 0xffff, 0xffff, 0xffff, 0xffff, 0xffff, 0xffff, 0x6db8, 0xbe9c,
    0xbe9c, 0xffff, 0x0000, 0xf81f, 0xf81f, 0xf81f, 0xf81f, 0xf81f, 0xf81f, 0xf81f, 0xf81f, 0xf81f,
    0xf81f, 0xf81f, 0xf81f, 0xf81f, 0xf81f, 0xf81f, 0xf81f, 0xf81f, 0xf81f, 0xf81f, 0xf81f, 0xf81f,
    0xf81f, 0xf81f, 0xf81f, 0xf81f, 0xf81f, 0xf81f, 0xf81f, 0xf81f, 0xf81f, 0xf81f, 0xf81f, 0xf81f,
    0xf81f, 0x0000, 0x0000, 0xffff, 0xffff, 0xffff, 0xffff, 0xbe9c, 0x8537, 0x8537, 0x6db8, 0x0000,
    0xffff, 0xffff, 0xffff, 0xffff, 0xffff, 0xbe9c, 0xffff, 0xbe9c, 0xffff, 0xffff, 0xffff, 0x0000,
    0x0000, 0x4c56, 0x4c56, 0x4c56, 0x2b10, 0x2b10, 0x2b10, 0x4c56, 0x4c56, 0x4c56, 0x0000, 0x0000,
    0x0000, 0xffff, 0xffff, 0xbe9c, 0xbe9c, 0x8e19, 0x8e19, 0x0000, 0xffff, 0xffff, 0xffff, 0xffff,
    0xffff, 0xffff, 0xffff, 0xffff, 0xffff, 0xffff, 0xffff, 0xffff, 0xffff, 0xffff, 0x6db8, 0xbe9c,
    0xbe9c, 0xffff, 0x0000, 0xf81f, 0xf81f, 0xf81f, 0xf81f, 0xf81f, 0xf81f, 0xf81f, 0xf81f, 0xf81f,
    0xf81f, 0xf81f, 0xf81f, 0xf81f, 0xf81f, 0xf81f, 0xf81f, 0xf81f, 0xf81f, 0xf81f, 0xf81f, 0xf81f,
    0xf81f, 0xf81f, 0xf81f, 0xf81f, 0xf81f, 0xf81f, 0xf81f, 0xf81f, 0xf81f, 0xf81f, 0xf81f, 0xf81f,
    0xf81f, 0x0000, 0xffff, 0xffff, 0xffff, 0xffff, 0xbe9c, 0xbe9c, 0x8537, 0x8537, 0x8537, 0x0000,
    0xffff, 0xffff, 0xffff, 0xffff, 0xffff, 0xbe9c, 0xffff, 0xbe9c, 0xbe9c, 0xffff, 0xffff, 0xffff,
    0x0000, 0x0000, 0x0000, 0x4c56, 0x4c56, 0x4c56, 0x4c56, 0x4c56, 0x0000, 0x0000, 0x0000, 0xffff,
    0xffff, 0xffff, 0xffff, 0xbe9c, 0xbe9c, 0x8e19, 0x8e19, 0x0000, 0xffff, 0xffff, 0xffff, 0xffff,
    0xffff, 0xffff, 0xffff, 0xffff, 0xffff, 0xffff, 0xffff, 0xffff, 0xffff, 0x6db8, 0x6db8, 0xbe9c,
    0xbe9c, 0xbe9c, 0x0000, 0xf81f, 0xf81f, 0xf81f, 0xf81f, 0xf81f, 0xf81f, 0xf81f, 0xf81f, 0xf81f,
    0xf81f, 0xf81f, 0xf81f, 0xf81f, 0xf81f, 0xf81f, 0xf81f, 0xf81f, 0xf81f, 0xf81f, 0xf81f, 0xf81f,
    0xf81f, 0xf81f, 0xf81f, 0xf81f, 0xf81f, 0xf81f, 0xf81f, 0xf81f, 0xf81f, 0xf81f, 0xf81f, 0xf81f,
    0xf81f, 0x0000, 0xffff, 0xffff, 0xffff, 0xffff, 0xbe9c, 0xbe9c, 0x8537, 0x8537, 0x8537, 0x0000,
    0xffff, 0xffff, 0xffff, 0xffff, 0xffff, 0xbe9c, 0xbe9c, 0xbe9c, 0xbe9c, 0xbe9c, 0xbe9c, 0xffff,
    0xffff, 0xffff, 0x0000, 0x0000, 0x0000, 0x0000, 0x0000, 0x0000, 0x0000, 0xffff, 0xffff, 0xffff,
    0xffff, 0xffff, 0xffff, 0xbe9c, 0x8e19, 0x8e19, 0x8e19, 0x0000, 0xffff, 0xffff, 0xffff, 0xffff,
    0xffff, 0xffff, 0xffff, 0xffff, 0xffff, 0xffff, 0xffff, 0xffff, 0xffff, 0x6db8, 0x6db8, 0xbe9c,
    0xbe9c, 0xbe9c, 0x0000, 0xf81f, 0xf81f, 0xf81f, 0xf81f, 0xf81f, 0xf81f, 0xf81f, 0xf81f, 0xf81f,
    0xf81f, 0xf81f, 0xf81f, 0xf81f, 0xf81f, 0xf81f, 0xf81f, 0xf81f, 0xf81f, 0xf81f, 0xf81f, 0xf81f,
    0xf81f, 0xf81f, 0xf81f, 0xf81f, 0xf81f, 0xf81f, 0xf81f, 0xf81f, 0xf81f, 0xf81f, 0xf81f, 0xf81f,
    0xf81f, 0x0000, 0xffff, 0xffff, 0xffff, 0xffff, 0xbe9c, 0xbe9c, 0x8537, 0x8537, 0x8537, 0x0000,
    0xffff, 0xffff, 0xffff, 0xffff, 0xffff, 0xbe9c, 0xbe9c, 0xbe9c, 0xbe9c, 0xbe9c, 0xbe9c, 0xffff,
    0xffff, 0xffff, 0xffff, 0xffff, 0xffff, 0xffff, 0xffff, 0xffff, 0xbe9c, 0xbe9c, 0xbe9c, 0xbe9c,
    0xbe9c, 0xbe9c, 0xffff, 0xbe9c, 0xbe9c, 0x4452, 0x8e19, 0x0000, 0xffff, 0xffff, 0xffff, 0xffff,
    0xffff, 0xffff, 0xffff, 0xffff, 0xffff, 0xffff, 0xffff, 0xffff, 0x6db8, 0x6db8, 0x6db8, 0xbe9c,
    0xbe9c, 0xbe9c, 0x0000, 0xf81f, 0xf81f, 0xf81f, 0xf81f, 0xf81f, 0xf81f, 0xf81f, 0xf81f, 0xf81f,
    0xf81f, 0xf81f, 0xf81f, 0xf81f, 0xf81f, 0xf81f, 0xf81f, 0xf81f, 0xf81f, 0xf81f, 0xf81f, 0xf81f,
    0xf81f, 0xf81f, 0xf81f, 0xf81f, 0xf81f, 0xf81f, 0xf81f, 0xf81f, 0xf81f, 0xf81f, 0xf81f, 0xf81f,
    0x0000, 0x0000, 0xffff, 0xffff, 0xffff, 0xffff, 0xbe9c, 0xbe9c, 0x8537, 0x8537, 0x8537, 0x0000,
    0xffff, 0xffff, 0xffff, 0xffff, 0xffff, 0xffff, 0xbe9c, 0xffff, 0xffff, 0xffff, 0xffff, 0xffff,
    0xffff, 0xffff, 0xffff, 0xffff, 0xffff, 0xffff, 0xffff, 0xffff, 0xffff, 0xbe9c, 0xbe9c, 0xbe9c,
    0xffff, 0xffff, 0xffff, 0xbe9c, 0x8e19, 0x4452, 0x0000, 0x0000, 0xffff, 0xffff, 0xffff, 0xffff,
    0xffff, 0xffff, 0xffff, 0xffff, 0xffff, 0xffff, 0xffff, 0xffff, 0x6db8, 0x8537, 0x6db8, 0xbe9c,
    0xbe9c, 0xbe9c, 0x0000, 0xf81f, 0xf81f, 0xf81f, 0xf81f, 0xf81f, 0xf81f, 0xf81f, 0xf81f, 0xf81f,
    0xf81f, 0xf81f, 0xf81f, 0xf81f, 0xf81f, 0xf81f, 0xf81f, 0xf81f, 0xf81f, 0xf81f, 0xf81f, 0xf81f,
    0xf81f, 0xf81f, 0xf81f, 0xf81f, 0xf81f, 0xf81f, 0xf81f, 0xf81f, 0xf81f, 0xf81f, 0xf81f, 0xf81f,
    0x0000, 0xffff, 0xffff, 0xffff, 0xffff, 0xffff, 0xbe9c, 0xbe9c, 0x8537, 0x8537, 0x8537, 0x0000,
    0xffff, 0xffff, 0xffff, 0xffff, 0xffff, 0xffff, 0xffff, 0xffff, 0xffff, 0xffff, 0xffff, 0xffff,
    0xffff, 0xffff, 0xffff, 0xffff, 0xffff, 0xffff, 0xffff, 0xffff, 0xffff, 0xffff, 0xffff, 0xffff,
    0xffff, 0xffff, 0xffff, 0xbe9c, 0x4452, 0x4452, 0x0000, 0xffff, 0xffff, 0xffff, 0xffff, 0xffff,
    0xffff, 0xffff, 0xffff, 0xffff, 0xffff, 0xffff, 0xffff, 0xffff, 0x8537, 0x8537, 0x6db8, 0xbe9c,
    0xbe9c, 0x8537, 0x0000, 0xf81f, 0xf81f, 0xf81f, 0xf81f, 0xf81f, 0xf81f, 0xf81f, 0xf81f, 0xf81f,
    0xf81f, 0xf81f, 0xf81f, 0xf81f, 0xf81f, 0xf81f, 0xf81f, 0xf81f, 0xf81f, 0xf81f, 0xf81f, 0xf81f,
    0xf81f, 0xf81f, 0xf81f, 0xf81f, 0xf81f, 0xf81f, 0xf81f, 0xf81f, 0xf81f, 0xf81f, 0xf81f, 0xf81f,
    0x0000, 0xffff, 0xffff, 0xffff, 0xffff, 0xffff, 0xbe9c, 0xbe9c, 0x8537, 0x8537, 0x8537, 0x8537,
    0x0000, 0xffff, 0xffff, 0xffff, 0xffff, 0xffff, 0xffff, 0xffff, 0xffff, 0xffff, 0xffff, 0xffff,
    0xffff, 0xffff, 0xffff, 0xffff, 0xffff, 0xffff, 0xffff, 0xffff, 0xffff, 0xffff, 0xffff, 0xbe9c,
    0xbe9c, 0xffff, 0xffff, 0xbe9c, 0x4452, 0x4452, 0x0000, 0xffff, 0xffff, 0xffff, 0xffff, 0xffff,
    0xffff, 0xffff, 0xffff, 0xffff, 0xffff, 0xffff, 0xffff, 0x8537, 0x8537, 0x8537, 0x6db8, 0xbe9c,
    0xbe9c, 0x8537, 0x0000, 0xf81f, 0xf81f, 0xf81f, 0xf81f, 0xf81f, 0xf81f, 0xf81f, 0xf81f, 0xf81f,
    0xf81f, 0xf81f, 0xf81f, 0xf81f, 0xf81f, 0xf81f, 0xf81f, 0xf81f, 0xf81f, 0xf81f, 0xf81f, 0xf81f,
    0xf81f, 0xf81f, 0xf81f, 0xf81f, 0xf81f, 0xf81f, 0xf81f, 0xf81f, 0xf81f, 0xf81f, 0xf81f, 0xf81f,
    0x0000, 0xffff, 0xffff, 0xffff, 0xffff, 0xffff, 0xbe9c, 0xbe9c, 0x8537, 0x8537, 0x8537, 0x8537,
    0x0000, 0xffff, 0xffff, 0xffff, 0xffff, 0xffff, 0xffff, 0xffff, 0xffff, 0xffff, 0xffff, 0xffff,
    0xffff, 0xffff, 0xffff, 0xffff, 0xffff, 0xffff, 0xffff, 0xffff, 0xffff, 0xffff, 0xffff, 0xbe9c,
    0xbe9c, 0xbe9c, 0xbe9c, 0xffff, 0x4452, 0x4452, 0x0000, 0xffff, 0xffff, 0xffff, 0xffff, 0xffff,
    0xffff, 0xffff, 0xffff, 0xffff, 0xffff, 0xffff, 0xffff, 0x8537, 0x6db8, 0x6db8, 0xbe9c, 0x6db8,
    0x8537, 0x8537, 0x0000, 0xf81f, 0xf81f, 0xf81f, 0xf81f, 0xf81f, 0xf81f, 0xf81f, 0xf81f, 0xf81f,
    0xf81f, 0xf81f, 0xf81f, 0xf81f, 0xf81f, 0xf81f, 0xf81f, 0xf81f, 0xf81f, 0xf81f, 0xf81f, 0xf81f,
    0xf81f, 0xf81f, 0xf81f, 0xf81f, 0xf81f, 0xf81f, 0xf81f, 0xf81f, 0xf81f, 0xf81f, 0xf81f, 0xf81f,
    0x0000, 0xffff, 0xffff, 0xffff, 0xffff, 0xffff, 0xbe9c, 0xbe9c, 0x8537, 0x8537, 0x8537, 0x8537,
    0x0000, 0xffff, 0xffff, 0xffff, 0xffff, 0xffff, 0xffff, 0xffff, 0xffff, 0xffff, 0xffff, 0xffff,
    0xffff, 0xffff, 0xffff, 0xffff, 0xffff, 0xffff, 0xffff, 0xffff, 0xffff, 0xffff, 0xffff, 0xbe9c,
    0xbe9c, 0xbe9c, 0xbe9c, 0xffff, 0x4452, 0x4452, 0x0000, 0xffff, 0xffff, 0xffff, 0xffff, 0xffff,
    0xffff, 0xffff, 0xffff, 0xffff, 0xffff, 0x8537, 0x8537, 0x8537, 0x6db8, 0x6db8, 0x6db8, 0x6db8,
    0x8537, 0x0000, 0x0000, 0xf81f, 0xf81f, 0xf81f, 0xf81f, 0xf81f, 0xf81f, 0xf81f, 0xf81f, 0xf81f,
    0xf81f, 0xf81f, 0xf81f, 0xf81f, 0xf81f, 0xf81f, 0xf81f, 0xf81f, 0xf81f, 0xf81f, 0xf81f, 0xf81f,
    0xf81f, 0xf81f, 0xf81f, 0xf81f, 0xf81f, 0xf81f, 0xf81f, 0xf81f, 0xf81f, 0xf81f, 0xf81f, 0xf81f,
    0x0000, 0xffff, 0xffff, 0xffff, 0xffff, 0xffff, 0xbe9c, 0xbe9c, 0x8537, 0x8537, 0x8537, 0x8537,
    0x0000, 0xffff, 0xffff, 0xffff, 0xffff, 0xffff, 0xffff, 0xffff, 0xffff, 0xffff, 0xffff, 0xffff,
    0xffff, 0xffff, 0x2bb0, 0x2bb0, 0xffff, 0xffff, 0xffff, 0xffff, 0xffff, 0xffff, 0xffff, 0xffff,
    0xffff, 0xffff, 0xffff, 0xbe9c, 0x4452, 0x4452, 0x0000, 0xffff, 0xffff, 0xffff, 0xffff, 0xffff,
    0xffff, 0xffff, 0xffff, 0xffff, 0xffff, 0x8537, 0x8537, 0x8537, 0x6db8, 0x6db8, 0x6db8, 0x6db8,
    0x8537, 0x0000, 0x0000, 0xf81f, 0xf81f, 0xf81f, 0xf81f, 0xf81f, 0xf81f, 0xf81f, 0xf81f, 0xf81f,
    0xf81f, 0xf81f, 0xf81f, 0xf81f, 0xf81f, 0xf81f, 0xf81f, 0xf81f, 0xf81f, 0xf81f, 0xf81f, 0xf81f,
    0xf81f, 0xf81f, 0xf81f, 0xf81f, 0xf81f, 0xf81f, 0xf81f, 0xf81f, 0xf81f, 0xf81f, 0xf81f, 0xf81f,
    0xf81f, 0x0000, 0xffff, 0xffff, 0xffff, 0xffff, 0xbe9c, 0xbe9c, 0x8537, 0x8537, 0x8537, 0x8537,
    0x0000, 0xffff, 0xffff, 0xffff, 0xffff, 0xffff, 0xffff, 0xffff, 0xffff, 0xffff, 0xffff, 0xffff,
    0xffff, 0xffff, 0x2bb0, 0x2bb0, 0xbe9c, 0xffff, 0xffff, 0xffff, 0xffff, 0xffff, 0xffff, 0xffff,
    0xffff, 0xffff, 0xffff, 0xffff, 0x4452, 0x4452, 0x0000, 0xffff, 0xffff, 0xffff, 0xffff, 0xffff,
    0xffff, 0xffff, 0xffff, 0xffff, 0x8537, 0x8537, 0x8537, 0x8537, 0x6db8, 0x6db8, 0x6db8, 0x8537,
    0x8537, 0x0000, 0xf81f, 0xf81f, 0xf81f, 0xf81f, 0xf81f, 0xf81f, 0xf81f, 0xf81f, 0xf81f, 0xf81f,
    0xf81f, 0xf81f, 0xf81f, 0xf81f, 0xf81f, 0xf81f, 0xf81f, 0xf81f, 0xf81f, 0xf81f, 0xf81f, 0xf81f,
    0xf81f, 0xf81f, 0xf81f, 0xf81f, 0xf81f, 0xf81f, 0xf81f, 0xf81f, 0xf81f, 0xf81f, 0xf81f, 0xf81f,
    0xf81f, 0x0000, 0xffff, 0x0000, 0x0000, 0x0000, 0xbe9c, 0xbe9c, 0x8537, 0x8537, 0x8537, 0x8537,
    0x0000, 0x0000, 0xffff, 0xffff, 0xffff, 0xffff, 0xffff, 0xffff, 0xffff, 0xffff, 0xffff, 0xffff,
    0xffff, 0xffff, 0x2bb0, 0x2bb0, 0xbe9c, 0xffff, 0xffff, 0xffff, 0xffff, 0xffff, 0xffff, 0xffff,
    0xffff, 0xffff, 0xffff, 0xffff, 0x4452, 0x4452, 0x0000, 0xffff, 0xffff, 0xffff, 0xffff, 0xffff,
    0xffff, 0xffff, 0xffff, 0xffff, 0x8537, 0x8537, 0x8537, 0x8537, 0x6db8, 0x6db8, 0x8537, 0x8537,
    0x0000, 0xf81f, 0xf81f, 0xf81f, 0xf81f, 0xf81f, 0xf81f, 0xf81f, 0xf81f, 0xf81f, 0xf81f, 0xf81f,
    0xf81f, 0xf81f, 0xf81f, 0xf81f, 0xf81f, 0xf81f, 0xf81f, 0xf81f, 0xf81f, 0xf81f, 0xf81f, 0xf81f,
    0xf81f, 0xf81f, 0xf81f, 0xf81f, 0xf81f, 0xf81f, 0xf81f, 0xf81f, 0xf81f, 0xf81f, 0xf81f, 0xf81f,
    0xf81f, 0x0000, 0x0000, 0x0000, 0x2b10, 0x0000, 0x0000, 0xbe9c, 0x8537, 0x8537, 0x8537, 0x8537,
    0x8537, 0x0000, 0xffff, 0xffff, 0xffff, 0xffff, 0xffff, 0xffff, 0xffff, 0xffff, 0xffff, 0xffff,
    0xffff, 0xffff, 0x2bb0, 0x2bb0, 0x2bb0, 0x2bb0, 0xffff, 0xffff, 0xffff, 0xffff, 0xffff, 0xffff,
    0xffff, 0xffff, 0xffff, 0xffff, 0x4452, 0x4452, 0x0000, 0xffff, 0xffff, 0xffff, 0xffff, 0xffff,
    0xffff, 0xffff, 0xffff, 0x8537, 0x8537, 0x8537, 0x8537, 0x8537, 0x8537, 0x8537, 0x8537, 0x0000,
    0x0000, 0xf81f, 0xf81f, 0xf81f, 0xf81f, 0xf81f, 0xf81f, 0xf81f, 0xf81f, 0xf81f, 0xf81f, 0xf81f,
    0xf81f, 0xf81f, 0xf81f, 0xf81f, 0xf81f, 0xf81f, 0xf81f, 0xf81f, 0xf81f, 0xf81f, 0xf81f, 0xf81f,
    0xf81f, 0xf81f, 0xf81f, 0xf81f, 0xf81f, 0xf81f, 0xf81f, 0xf81f, 0xf81f, 0xf81f, 0xf81f, 0xf81f,
    0xf81f, 0xf81f, 0x0000, 0x0000, 0x2b10, 0x2b10, 0x0000, 0x0000, 0xbe9c, 0x8537, 0x8537, 0x8537,
    0x8537, 0x0000, 0x0000, 0xffff, 0xffff, 0xffff, 0xffff, 0xffff, 0xffff, 0xffff, 0xffff, 0xffff,
    0xffff, 0xffff, 0xbe9c, 0xbe9c, 0x2bb0, 0x2bb0, 0x2bb0, 0xffff, 0xffff, 0xffff, 0xffff, 0xffff,
    0xffff, 0xffff, 0xffff, 0xffff, 0x4452, 0x4452, 0x0000, 0x0000, 0xffff, 0xffff, 0xffff, 0xffff,
    0x0000, 0x0000, 0x0000, 0x8537, 0x8537, 0x8537, 0x8537, 0x8537, 0x8537, 0x8537, 0x8537, 0x0000,
    0xf81f, 0xf81f, 0xf81f, 0xf81f, 0xf81f, 0xf81f, 0xf81f, 0xf81f, 0xf81f, 0xf81f, 0xf81f, 0xf81f,
    0xf81f, 0xf81f, 0xf81f, 0xf81f, 0xf81f, 0xf81f, 0xf81f, 0xf81f, 0xf81f, 0xf81f, 0xf81f, 0xf81f,
    0xf81f, 0xf81f, 0xf81f, 0xf81f, 0xf81f, 0xf81f, 0xf81f, 0xf81f, 0xf81f, 0xf81f, 0xf81f, 0xf81f,
    0xf81f, 0xf81f, 0xf81f, 0x0000, 0x2b10, 0x2b10, 0x7d9a, 0x7d9a, 0x0000, 0xbe9c, 0xbe9c, 0xbe9c,
    0xbe9c, 0xbe9c, 0x0000, 0xffff, 0xffff, 0xffff, 0xffff, 0xffff, 0xffff, 0xffff, 0xffff, 0xffff,
    0xffff, 0xffff, 0xbe9c, 0xbe9c, 0x8537, 0x2bb0, 0x2bb0, 0xffff, 0xffff, 0xffff, 0xffff, 0xffff,
    0xffff, 0xffff, 0xffff, 0xffff, 0x2bb0, 0x4452, 0x22cc, 0x0000, 0xffff, 0xffff, 0xffff, 0x0000,
    0x2b10, 0x2b10, 0x0000, 0x0000, 0x0000, 0x8537, 0x8537, 0x0000, 0x8537, 0x0000, 0x0000, 0x0000,
    0xf81f, 0xf81f, 0xf81f, 0xf81f, 0xf81f, 0xf81f, 0xf81f, 0xf81f, 0xf81f, 0xf81f, 0xf81f, 0xf81f,
    0xf81f, 0xf81f, 0xf81f, 0xf81f, 0xf81f, 0xf81f, 0xf81f, 0xf81f, 0xf81f, 0xf81f, 0xf81f, 0xf81f,
    0xf81f, 0xf81f, 0xf81f, 0xf81f, 0xf81f, 0xf81f, 0xf81f, 0xf81f, 0xf81f, 0xf81f, 0xf81f, 0xf81f,
    0xf81f, 0xf81f, 0xf81f, 0x0000, 0x2b10, 0x2b10, 0x7d9a, 0x7d9a, 0x1168, 0x0000, 0xbe9c, 0xbe9c,
    0xbe9c, 0xbe9c, 0x0000, 0xffff, 0xffff, 0xffff, 0xffff, 0xffff, 0xffff, 0xffff, 0xffff, 0xffff,
    0xffff, 0xffff, 0xbe9c, 0xbe9c, 0x2bb0, 0x2bb0, 0x0000, 0x0000, 0xffff, 0xffff, 0xffff, 0xffff,
    0xffff, 0xffff, 0xffff, 0xffff, 0x2bb0, 0x2bb0, 0x4452, 0x0000, 0xffff, 0xffff, 0xffff, 0x0000,
    0x4c56, 0x4c56, 0x2b10, 0x2b10, 0x0000, 0x0000, 0x0000, 0x0000, 0x2b10, 0x2b10, 0x2b10, 0x0000,
    0x0000, 0xf81f, 0xf81f, 0xf81f, 0xf81f, 0xf81f, 0xf81f, 0xf81f, 0xf81f, 0xf81f, 0xf81f, 0xf81f,
    0xf81f, 0xf81f, 0xf81f, 0xf81f, 0xf81f, 0xf81f, 0xf81f, 0xf81f, 0xf81f, 0xf81f, 0xf81f, 0xf81f,
    0xf81f, 0xf81f, 0xf81f, 0xf81f, 0xf81f, 0xf81f, 0xf81f, 0xf81f, 0xf81f, 0xf81f, 0xf81f, 0xf81f,
    0xf81f, 0xf81f, 0xf81f, 0x0000, 0x0000, 0x2b10, 0x7d9a, 0x0000, 0x1168, 0x1168, 0x0000, 0x0000,
    0xbe9c, 0xbe9c, 0x0000, 0xffff, 0xffff, 0xffff, 0xffff, 0xffff, 0xffff, 0xffff, 0xffff, 0xffff,
    0xffff, 0xffff, 0xbe9c, 0xbe9c, 0x8537, 0x2bb0, 0x2bb0, 0x0000, 0xffff, 0xffff, 0xffff, 0xffff,
    0xffff, 0xffff, 0xffff, 0xffff, 0x2bb0, 0x2bb0, 0x4452, 0x0000, 0x0000, 0xffff, 0xffff, 0x0000,
    0x4c56, 0x4c56, 0x2b10, 0x2b10, 0x2b10, 0x2b10, 0x0000, 0x0000, 0x2b10, 0x2b10, 0x2b10, 0x0000,
    0x0000, 0xf81f, 0xf81f, 0xf81f, 0xf81f, 0xf81f, 0xf81f, 0xf81f, 0xf81f, 0xf81f, 0xf81f, 0xf81f,
    0xf81f, 0xf81f, 0xf81f, 0xf81f, 0xf81f, 0xf81f, 0xf81f, 0xf81f, 0xf81f, 0xf81f, 0xf81f, 0xf81f,
    0xf81f, 0xf81f, 0xf81f, 0xf81f, 0xf81f, 0xf81f, 0xf81f, 0xf81f, 0xf81f, 0xf81f, 0xf81f, 0xf81f,
    0xf81f, 0xf81f, 0xf81f, 0xf81f, 0x0000, 0x2b10, 0x7d9a, 0x0000, 0x1168, 0x1168, 0x1168, 0x1168,
    0x0000, 0x0000, 0x0000, 0xffff, 0xffff, 0xffff, 0xffff, 0xffff, 0xffff, 0xffff, 0xffff, 0xffff,
    0xffff, 0xffff, 0xbe9c, 0xbe9c, 0x8537, 0x2bb0, 0x2bb0, 0x0000, 0x0000, 0xffff, 0xffff, 0xffff,
    0xffff, 0xffff, 0xffff, 0xffff, 0x2bb0, 0x2bb0, 0x4452, 0x0000, 0x0000, 0x0000, 0xffff, 0x0000,
    0x4c56, 0x4c56, 0x2b10, 0x2b10, 0x2b10, 0x2b10, 0x2b10, 0x2b10, 0x2b10, 0x2b10, 0x2b10, 0x2b10,
    0x0000, 0xf81f, 0xf81f, 0xf81f, 0xf81f, 0xf81f, 0xf81f, 0xf81f, 0xf81f, 0xf81f, 0xf81f, 0xf81f,
    0xf81f, 0xf81f, 0xf81f, 0xf81f, 0xf81f, 0xf81f, 0xf81f, 0xf81f, 0xf81f, 0xf81f, 0xf81f, 0xf81f,
    0xf81f, 0xf81f, 0xf81f, 0xf81f, 0xf81f, 0xf81f, 0xf81f, 0xf81f, 0xf81f, 0xf81f, 0xf81f, 0xf81f,
    0xf81f, 0xf81f, 0xf81f, 0xf81f, 0x0000, 0x2b10, 0x7d9a, 0x0000, 0x1168, 0x1168, 0x1168, 0x1168,
    0x1168, 0x1168, 0x0000, 0xffff, 0xffff, 0xffff, 0xffff, 0xffff, 0xffff, 0xffff, 0xffff, 0xffff,
    0xffff, 0xffff, 0xbe9c, 0xbe9c, 0x8537, 0x8537, 0x2bb0, 0x0000, 0x0000, 0x0000, 0xffff, 0xffff,
    0xffff, 0xffff, 0xffff, 0xffff, 0x2bb0, 0x2bb0, 0x4452, 0x0000, 0x1168, 0x0000, 0x0000, 0x0000,
    0x4c56, 0x4c56, 0x2b10, 0x2b10, 0x2b10, 0x2b10, 0x2b10, 0x2b10, 0x2b10, 0x2b10, 0x4c56, 0x2b10,
    0x0000, 0xf81f, 0xf81f, 0xf81f, 0xf81f, 0xf81f, 0xf81f, 0xf81f, 0xf81f, 0xf81f, 0xf81f, 0xf81f,
    0xf81f, 0xf81f, 0xf81f, 0xf81f, 0xf81f, 0xf81f, 0xf81f, 0xf81f, 0xf81f, 0xf81f, 0xf81f, 0xf81f,
    0xf81f, 0xf81f, 0xf81f, 0xf81f, 0xf81f, 0xf81f, 0xf81f, 0xf81f, 0xf81f, 0xf81f, 0xf81f, 0xf81f,
    0xf81f, 0xf81f, 0xf81f, 0xf81f, 0x0000, 0x7d9a, 0x7d9a, 0x0000, 0x1168, 0x1168, 0x0000, 0x1168,
    0x1168, 0x1168, 0x0000, 0xffff, 0xffff, 0xffff, 0xffff, 0xffff, 0xffff, 0xffff, 0xffff, 0xffff,
    0xffff, 0xffff, 0xbe9c, 0xbe9c, 0x8537, 0x8537, 0x2bb0, 0x0000, 0xf81f, 0x0000, 0xffff, 0xffff,
    0xffff, 0xffff, 0xffff, 0xffff, 0xffff, 0x2bb0, 0x2bb0, 0x0000, 0x1168, 0x1168, 0x0000, 0x0000,
    0x4c56, 0x4c56, 0x4c56, 0x4c56, 0x2b10, 0x4c56, 0x4c56, 0x4c56, 0x4c56, 0x4c56, 0x4c56, 0x4c56,
    0x0000, 0xf81f, 0xf81f, 0xf81f, 0xf81f, 0xf81f, 0xf81f, 0xf81f, 0xf81f, 0xf81f, 0xf81f, 0xf81f,
    0xf81f, 0xf81f, 0xf81f, 0xf81f, 0xf81f, 0xf81f, 0xf81f, 0xf81f, 0xf81f, 0xf81f, 0xf81f, 0xf81f,
    0xf81f, 0xf81f, 0xf81f, 0xf81f, 0xf81f, 0xf81f, 0xf81f, 0xf81f, 0xf81f, 0xf81f, 0xf81f, 0xf81f,
    0xf81f, 0xf81f, 0xf81f, 0xf81f, 0x0000, 0x2b10, 0x2b10, 0x0000, 0x1168, 0x1168, 0x0000, 0x1168,
    0x1168, 0x1168, 0x0000, 0xffff, 0xffff, 0xffff, 0xffff, 0xffff, 0xffff, 0xffff, 0xffff, 0xffff,
    0xffff, 0xffff, 0xbe9c, 0xbe9c, 0x8537, 0x8537, 0x2bb0, 0x0000, 0xf81f, 0x0000, 0xffff, 0xffff,
    0xffff, 0xffff, 0xffff, 0xffff, 0xffff, 0x2bb0, 0x2bb0, 0x0000, 0x1168, 0x1168, 0x1168, 0x0000,
    0x4c56, 0x4c56, 0x4c56, 0x4c56, 0x4c56, 0x4c56, 0x0000, 0x4c56, 0x4c56, 0x0000, 0x4c56, 0x0000,
    0xf81f, 0xf81f, 0xf81f, 0xf81f, 0xf81f, 0xf81f, 0xf81f, 0xf81f, 0xf81f, 0xf81f, 0xf81f, 0xf81f,
    0xf81f, 0xf81f, 0xf81f, 0xf81f, 0xf81f, 0xf81f, 0xf81f, 0xf81f, 0xf81f, 0xf81f, 0xf81f, 0xf81f,
    0xf81f, 0xf81f, 0xf81f, 0xf81f, 0xf81f, 0xf81f, 0xf81f, 0xf81f, 0xf81f, 0xf81f, 0xf81f, 0xf81f,
    0xf81f, 0xf81f, 0xf81f, 0xf81f, 0xf81f, 0x0000, 0x0000, 0x0000, 0x1168, 0x1168, 0x0000, 0x1168,
    0x1168, 0x1168, 0x0000, 0xffff, 0xbe9c, 0xffff, 0xffff, 0xffff, 0xffff, 0xffff, 0xffff, 0xffff,
    0xffff, 0xffff, 0xbe9c, 0xbe9c, 0x8537, 0x8537, 0x2bb0, 0x0000, 0xf81f, 0x0000, 0xffff, 0xffff,
    0xffff, 0xffff, 0xffff, 0xffff, 0xffff, 0x8e19, 0x2bb0, 0x0000, 0x0000, 0x1168, 0x1168, 0x0000,
    0x4c56, 0x4c56, 0x4c56, 0x0000, 0x4c56, 0x4c56, 0x0000, 0x4c56, 0x4c56, 0x0000, 0x4c56, 0x0000,
    0xf81f, 0xf81f, 0xf81f, 0xf81f, 0xf81f, 0xf81f, 0xf81f, 0xf81f, 0xf81f, 0xf81f, 0xf81f, 0xf81f,
    0xf81f, 0xf81f, 0xf81f, 0xf81f, 0xf81f, 0xf81f, 0xf81f, 0xf81f, 0xf81f, 0xf81f, 0xf81f, 0xf81f,
    0xf81f, 0xf81f, 0xf81f, 0xf81f, 0xf81f, 0xf81f, 0xf81f, 0xf81f, 0xf81f, 0xf81f, 0xf81f, 0xf81f,
    0xf81f, 0xf81f, 0xf81f, 0xf81f, 0xf81f, 0xf81f, 0xf81f, 0x0000, 0x0000, 0x1168, 0x0000, 0x1168,
    0x1168, 0x1168, 0x0000, 0xffff, 0xbe9c, 0xbe9c, 0xbe9c, 0xbe9c, 0xbe9c, 0xffff, 0xffff, 0xffff,
    0xffff, 0xffff, 0xbe9c, 0xbe9c, 0x8537, 0x8537, 0x2bb0, 0x0000, 0xf81f, 0x0000, 0xffff, 0xffff,
    0xffff, 0xffff, 0xffff, 0xffff, 0xffff, 0xffff, 0x2bb0, 0x2bb0, 0x2bb0, 0x0000, 0x0000, 0x0000,
    0x4c56, 0x4c56, 0x4c56, 0x0000, 0x4c56, 0x4c56, 0x0000, 0x4c56, 0x4c56, 0x0000, 0x4c56, 0x0000,
    0xf81f, 0xf81f, 0xf81f, 0xf81f, 0xf81f, 0xf81f, 0xf81f, 0xf81f, 0xf81f, 0xf81f, 0xf81f, 0xf81f,
    0xf81f, 0xf81f, 0xf81f, 0xf81f, 0xf81f, 0xf81f, 0xf81f, 0xf81f, 0xf81f, 0xf81f, 0xf81f, 0xf81f,
    0xf81f, 0xf81f, 0xf81f, 0xf81f, 0xf81f, 0xf81f, 0xf81f, 0xf81f, 0xf81f, 0xf81f, 0xf81f, 0xf81f,
    0xf81f, 0xf81f, 0xf81f, 0xf81f, 0xf81f, 0xf81f, 0xf81f, 0xf81f, 0x0000, 0x1168, 0x0000, 0x1168,
    0x1168, 0x0000, 0x0000, 0xffff, 0xbe9c, 0xbe9c, 0xbe9c, 0xbe9c, 0xbe9c, 0xffff, 0xffff, 0xffff,
    0xffff, 0xffff, 0xbe9c, 0xbe9c, 0x8537, 0x8537, 0x8537, 0x0000, 0xf81f, 0x0000, 0xffff, 0xffff,
    0xffff, 0xffff, 0xffff, 0xffff, 0xffff, 0xffff, 0x8e19, 0x2bb0, 0x2bb0, 0x2bb0, 0x2bb0, 0x0000,
    0x4c56, 0x4c56, 0x4c56, 0x0000, 0x4c56, 0x4c56, 0x0000, 0x4c56, 0x4c56, 0x0000, 0x0000, 0x0000,
    0xf81f, 0xf81f, 0xf81f, 0xf81f, 0xf81f, 0xf81f, 0xf81f, 0xf81f, 0xf81f, 0xf81f, 0xf81f, 0xf81f,
    0xf81f, 0xf81f, 0xf81f, 0xf81f, 0xf81f, 0xf81f, 0xf81f, 0xf81f, 0xf81f, 0xf81f, 0xf81f, 0xf81f,
    0xf81f, 0xf81f, 0xf81f, 0xf81f, 0xf81f, 0xf81f, 0xf81f, 0xf81f, 0xf81f, 0xf81f, 0xf81f, 0xf81f,
    0xf81f, 0xf81f, 0xf81f, 0xf81f, 0xf81f, 0xf81f, 0xf81f, 0xf81f, 0x0000, 0x0000, 0x0000, 0x0000,
    0x0000, 0x0000, 0x0000, 0xffff, 0xffff, 0xbe9c, 0xbe9c, 0xbe9c, 0xbe9c, 0xffff, 0xffff, 0xffff,
    0xffff, 0xffff, 0xbe9c, 0xbe9c, 0x8537, 0x8537, 0x8537, 0x0000, 0xf81f, 0x0000, 0xffff, 0xffff,
    0xffff, 0xbe9c, 0xffff, 0xffff, 0xffff, 0xffff, 0xffff, 0x8e19, 0x2bb0, 0x2bb0, 0x2bb0, 0x0000,
    0x0000, 0x0000, 0x0000, 0x0000, 0x0000, 0x0000, 0x0000, 0x0000, 0x0000, 0x0000, 0xf81f, 0xf81f,
    0xf81f, 0xf81f, 0xf81f, 0xf81f, 0xf81f, 0xf81f, 0xf81f, 0xf81f, 0xf81f, 0xf81f, 0xf81f, 0xf81f,
    0xf81f, 0xf81f, 0xf81f, 0xf81f, 0xf81f, 0xf81f, 0xf81f, 0xf81f, 0xf81f, 0xf81f, 0xf81f, 0xf81f,
    0xf81f, 0xf81f, 0xf81f, 0xf81f, 0xf81f, 0xf81f, 0xf81f, 0xf81f, 0xf81f, 0xf81f, 0xf81f, 0xf81f,
    0xf81f, 0xf81f, 0xf81f, 0xf81f, 0xf81f, 0xf81f, 0xf81f, 0xf81f, 0xf81f, 0xf81f, 0xf81f, 0xf81f,
    0xf81f, 0xf81f, 0x0000, 0xffff, 0xffff, 0xbe9c, 0xffff, 0xffff, 0xffff, 0xffff, 0xffff, 0xffff,
    0xffff, 0xffff, 0xbe9c, 0xbe9c, 0x8537, 0x8537, 0x8537, 0x0000, 0xf81f, 0x0000, 0xffff, 0xffff,
    0xffff, 0xbe9c, 0xbe9c, 0xbe9c, 0xbe9c, 0xbe9c, 0xffff, 0x8e19, 0x8e19, 0x8e19, 0x2bb0, 0x2bb0,
    0x2bb0, 0x2bb0, 0x2bb0, 0x2bb0, 0x2bb0, 0x0000, 0xf81f, 0xf81f, 0xf81f, 0xf81f, 0xf81f, 0xf81f,
    0xf81f, 0xf81f, 0xf81f, 0xf81f, 0xf81f, 0xf81f, 0xf81f, 0xf81f, 0xf81f, 0xf81f, 0xf81f, 0xf81f,
    0xf81f, 0xf81f, 0xf81f, 0xf81f, 0xf81f, 0xf81f, 0xf81f, 0xf81f, 0xf81f, 0xf81f, 0xf81f, 0xf81f,
    0xf81f, 0xf81f, 0xf81f, 0xf81f, 0xf81f, 0xf81f, 0xf81f, 0xf81f, 0xf81f, 0xf81f, 0xf81f, 0xf81f,
    0xf81f, 0xf81f, 0xf81f, 0xf81f, 0xf81f, 0xf81f, 0xf81f, 0xf81f, 0xf81f, 0xf81f, 0xf81f, 0xf81f,
    0xf81f, 0xf81f, 0x0000, 0xffff, 0xffff, 0xffff, 0xffff, 0xffff, 0xffff, 0xffff, 0xffff, 0xffff,
    0xffff, 0xffff, 0xbe9c, 0xbe9c, 0x8537, 0x8537, 0x8537, 0x0000, 0xf81f, 0x0000, 0xffff, 0xffff,
    0xffff, 0xbe9c, 0xbe9c, 0xbe9c, 0xbe9c, 0xbe9c, 0xffff, 0xffff, 0x8e19, 0x8e19, 0x8e19, 0x22cc,
    0x2bb0, 0x2bb0, 0x2bb0, 0x22cc, 0x22cc, 0x0000, 0xf81f, 0xf81f, 0xf81f, 0xf81f, 0xf81f, 0xf81f,
    0xf81f, 0xf81f, 0xf81f, 0xf81f, 0xf81f, 0xf81f, 0xf81f, 0xf81f, 0xf81f, 0xf81f, 0xf81f, 0xf81f,
    0xf81f, 0xf81f, 0xf81f, 0xf81f, 0xf81f, 0xf81f, 0xf81f, 0xf81f, 0xf81f, 0xf81f, 0xf81f, 0xf81f,
    0xf81f, 0xf81f, 0xf81f, 0xf81f, 0xf81f, 0xf81f, 0xf81f, 0xf81f, 0xf81f, 0xf81f, 0xf81f, 0xf81f,
    0xf81f, 0xf81f, 0xf81f, 0xf81f, 0xf81f, 0xf81f, 0xf81f, 0xf81f, 0xf81f, 0xf81f, 0xf81f, 0xf81f,
    0xf81f, 0xf81f, 0x0000, 0xffff, 0xffff, 0xffff, 0xffff, 0xffff, 0xffff, 0xffff, 0xffff, 0xffff,
    0xffff, 0xffff, 0xbe9c, 0xbe9c, 0x8537, 0x8537, 0x8537, 0x0000, 0xf81f, 0x0000, 0xffff, 0xffff,
    0xffff, 0xffff, 0xffff, 0xffff, 0xffff, 0xffff, 0xffff, 0xffff, 0xffff, 0xffff, 0x8e19, 0x8e19,
    0x8e19, 0x8e19, 0x8e19, 0xffff, 0xffff, 0x0000, 0xf81f, 0xf81f, 0xf81f, 0xf81f, 0xf81f, 0xf81f,
    0xf81f, 0xf81f, 0xf81f, 0xf81f, 0xf81f, 0xf81f, 0xf81f, 0xf81f, 0xf81f, 0xf81f, 0xf81f, 0xf81f,
    0xf81f, 0xf81f, 0xf81f, 0xf81f, 0xf81f, 0xf81f, 0xf81f, 0xf81f, 0xf81f, 0xf81f, 0xf81f, 0xf81f,
    0xf81f, 0xf81f, 0xf81f, 0xf81f, 0xf81f, 0xf81f, 0xf81f, 0xf81f, 0xf81f, 0xf81f, 0xf81f, 0xf81f,
    0xf81f, 0xf81f, 0xf81f, 0xf81f, 0xf81f, 0xf81f, 0xf81f, 0xf81f, 0xf81f, 0xf81f, 0xf81f, 0xf81f,
    0xf81f, 0xf81f, 0x0000, 0xffff, 0xffff, 0xffff, 0xffff, 0xffff, 0xffff, 0xffff, 0xffff, 0xffff,
    0xffff, 0xffff, 0xbe9c, 0xbe9c, 0x8537, 0x8537, 0x8537, 0x0000, 0xf81f, 0x0000, 0xffff, 0xffff,
    0xffff, 0xffff, 0xffff, 0xffff, 0xffff, 0xffff, 0xffff, 0xffff, 0xffff, 0xffff, 0xffff, 0xffff,
    0xffff, 0xffff, 0xffff, 0xffff, 0xffff, 0x0000, 0xf81f, 0xf81f, 0xf81f, 0xf81f, 0xf81f, 0xf81f,
    0xf81f, 0xf81f, 0xf81f, 0xf81f, 0xf81f, 0xf81f, 0xf81f, 0xf81f, 0xf81f, 0xf81f, 0xf81f, 0xf81f,
    0xf81f, 0xf81f, 0xf81f, 0xf81f, 0xf81f, 0xf81f, 0xf81f, 0xf81f, 0xf81f, 0xf81f, 0xf81f, 0xf81f,
    0xf81f, 0xf81f, 0xf81f, 0xf81f, 0xf81f, 0xf81f, 0xf81f, 0xf81f, 0xf81f, 0xf81f, 0xf81f, 0xf81f,
    0xf81f, 0xf81f, 0xf81f, 0xf81f, 0xf81f, 0xf81f, 0xf81f, 0xf81f, 0xf81f, 0xf81f, 0xf81f, 0xf81f,
    0xf81f, 0xf81f, 0x0000, 0xffff, 0xffff, 0xbe9c, 0xffff, 0xffff, 0xffff, 0xffff, 0xffff, 0xffff,
    0xffff, 0xffff, 0xbe9c, 0xbe9c, 0x8537, 0x8537, 0x8537, 0x0000, 0xf81f, 0x0000, 0xffff, 0xffff,
    0xffff, 0xffff, 0xffff, 0xffff, 0xffff, 0xffff, 0xffff, 0xffff, 0xffff, 0xffff, 0xffff, 0xffff,
    0xffff, 0xffff, 0xffff, 0xffff, 0xffff, 0x0000, 0xf81f, 0xf81f, 0xf81f, 0xf81f, 0xf81f, 0xf81f,
    0xf81f, 0xf81f, 0xf81f, 0xf81f, 0xf81f, 0xf81f, 0xf81f, 0xf81f, 0xf81f, 0xf81f, 0xf81f, 0xf81f,
    0xf81f, 0xf81f, 0xf81f, 0xf81f, 0xf81f, 0xf81f, 0xf81f, 0xf81f, 0xf81f, 0xf81f, 0xf81f, 0xf81f,
    0xf81f, 0xf81f, 0xf81f, 0xf81f, 0xf81f, 0xf81f, 0xf81f, 0xf81f, 0xf81f, 0xf81f, 0xf81f, 0xf81f,
    0xf81f, 0xf81f, 0xf81f, 0xf81f, 0xf81f, 0xf81f, 0xf81f, 0xf81f, 0xf81f, 0xf81f, 0xf81f, 0xf81f,
    0xf81f, 0xf81f, 0x0000, 0xffff, 0xffff, 0xbe9c, 0xbe9c, 0xbe9c, 0xffff, 0xbe9c, 0xffff, 0xffff,
    0xffff, 0xffff, 0xbe9c, 0xbe9c, 0x8537, 0x8537, 0x8537, 0x0000, 0xf81f, 0x0000, 0xffff, 0xffff,
    0xffff, 0xffff, 0xffff, 0xffff, 0xffff, 0xffff, 0xffff, 0xffff, 0xffff, 0xffff, 0xbe9c, 0xbe9c,
    0xbe9c, 0xffff, 0xbe9c, 0xbe9c, 0xffff, 0x0000, 0xf81f, 0xf81f, 0xf81f, 0xf81f, 0xf81f, 0xf81f,
    0xf81f, 0xf81f, 0xf81f, 0xf81f, 0xf81f, 0xf81f, 0xf81f, 0xf81f, 0xf81f, 0xf81f, 0xf81f, 0xf81f,
    0xf81f, 0xf81f, 0xf81f, 0xf81f, 0xf81f, 0xf81f, 0xf81f, 0xf81f, 0xf81f, 0xf81f, 0xf81f, 0xf81f,
    0xf81f, 0xf81f, 0xf81f, 0xf81f, 0xf81f, 0xf81f, 0xf81f, 0xf81f, 0xf81f, 0xf81f, 0xf81f, 0xf81f,
    0xf81f, 0xf81f, 0xf81f, 0xf81f, 0xf81f, 0xf81f, 0xf81f, 0xf81f, 0xf81f, 0xf81f, 0xf81f, 0xf81f,
    0xf81f, 0xf81f, 0x0000, 0xffff, 0xffff, 0xbe9c, 0xbe9c, 0xbe9c, 0xbe9c, 0xffff, 0xffff, 0xffff,
    0xffff, 0xbe9c, 0xbe9c, 0x8537, 0x8537, 0x8537, 0x8537, 0x0000, 0xf81f, 0x0000, 0xffff, 0xffff,
    0xffff, 0xffff, 0xffff, 0xffff, 0xffff, 0xffff, 0xffff, 0xffff, 0xffff, 0xffff, 0xffff, 0xbe9c,
    0xbe9c, 0xbe9c, 0xbe9c, 0xbe9c, 0xffff, 0x0000, 0xf81f, 0xf81f, 0xf81f, 0xf81f, 0xf81f, 0xf81f,
    0xf81f, 0xf81f, 0xf81f, 0xf81f, 0xf81f, 0xf81f, 0xf81f, 0xf81f, 0xf81f, 0xf81f, 0xf81f, 0xf81f,
    0xf81f, 0xf81f, 0xf81f, 0xf81f, 0xf81f, 0xf81f, 0xf81f, 0xf81f, 0xf81f, 0xf81f, 0xf81f, 0xf81f,
    0xf81f, 0xf81f, 0xf81f, 0xf81f, 0xf81f, 0xf81f, 0xf81f, 0xf81f, 0xf81f, 0xf81f, 0xf81f, 0xf81f,
    0xf81f, 0xf81f, 0xf81f, 0xf81f, 0xf81f, 0xf81f, 0xf81f, 0xf81f, 0xf81f, 0xf81f, 0xf81f, 0xf81f,
    0xf81f, 0xf81f, 0x0000, 0xffff, 0xffff, 0xffff, 0xffff, 0xffff, 0xffff, 0xffff, 0xffff, 0xffff,
    0xffff, 0xbe9c, 0xbe9c, 0x8537, 0x8537, 0x8537, 0x8537, 0x0000, 0xf81f, 0x0000, 0xffff, 0xffff,
    0x0000, 0x0000, 0xffff, 0xffff, 0xffff, 0xffff, 0xffff, 0xffff, 0xffff, 0xffff, 0xffff, 0xffff,
    0xffff, 0xffff, 0xffff, 0xffff, 0xffff, 0x0000, 0xf81f, 0xf81f, 0xf81f, 0xf81f, 0xf81f, 0xf81f,
    0xf81f, 0xf81f, 0xf81f, 0xf81f, 0xf81f, 0xf81f, 0xf81f, 0xf81f, 0xf81f, 0xf81f, 0xf81f, 0xf81f,
    0xf81f, 0xf81f, 0xf81f, 0xf81f, 0xf81f, 0xf81f, 0xf81f, 0xf81f, 0xf81f, 0xf81f, 0xf81f, 0xf81f,
    0xf81f, 0xf81f, 0xf81f, 0xf81f, 0xf81f, 0xf81f, 0xf81f, 0xf81f, 0xf81f, 0xf81f, 0xf81f, 0xf81f,
    0xf81f, 0xf81f, 0xf81f, 0xf81f, 0xf81f, 0xf81f, 0xf81f, 0xf81f, 0xf81f, 0xf81f, 0xf81f, 0xf81f,
    0xf81f, 0x0000, 0x0000, 0xffff, 0xffff, 0xffff, 0xffff, 0xffff, 0xffff, 0xffff, 0x0000, 0xffff,
    0xbe9c, 0xbe9c, 0x8537, 0x8537, 0x8537, 0x8537, 0x8537, 0x0000, 0xf81f, 0x0000, 0xffff, 0xffff,
    0x0000, 0x0000, 0xffff, 0xffff, 0xffff, 0xffff, 0xffff, 0xffff, 0xffff, 0x0000, 0xffff, 0xffff,
    0xffff, 0xffff, 0xffff, 0xffff, 0xffff, 0x0000, 0xf81f, 0xf81f, 0xf81f, 0xf81f, 0xf81f, 0xf81f,
    0xf81f, 0xf81f, 0xf81f, 0xf81f, 0xf81f, 0xf81f, 0xf81f, 0xf81f, 0xf81f, 0xf81f, 0xf81f, 0xf81f,
    0xf81f, 0xf81f, 0xf81f, 0xf81f, 0xf81f, 0xf81f, 0xf81f, 0xf81f, 0xf81f, 0xf81f, 0xf81f, 0xf81f,
    0xf81f, 0xf81f, 0xf81f, 0xf81f, 0xf81f, 0xf81f, 0xf81f, 0xf81f, 0xf81f, 0xf81f, 0xf81f, 0xf81f,
    0xf81f, 0xf81f, 0xf81f, 0xf81f, 0xf81f, 0xf81f, 0xf81f, 0xf81f, 0xf81f, 0xf81f, 0xf81f, 0xf81f,
    0xf81f, 0x0000, 0xffff, 0xffff, 0xffff, 0xffff, 0xffff, 0xffff, 0x0000, 0x0000, 0x0000, 0x0000,
    0xbe9c, 0xbe9c, 0x8537, 0x8537, 0x8537, 0x8537, 0x8537, 0x0000, 0xf81f, 0x0000, 0xffff, 0x0000,
    0x0000, 0x0000, 0xffff, 0xffff, 0xffff, 0xffff, 0xffff, 0xffff, 0xffff, 0x0000, 0x0000, 0xffff,
    0xffff, 0xffff, 0xffff, 0xffff, 0xffff, 0x0000, 0xf81f, 0xf81f, 0xf81f, 0xf81f, 0xf81f, 0xf81f,
    0xf81f, 0xf81f, 0xf81f, 0xf81f, 0xf81f, 0xf81f, 0xf81f, 0xf81f, 0xf81f, 0xf81f, 0xf81f, 0xf81f,
    0xf81f, 0xf81f, 0xf81f, 0xf81f, 0xf81f, 0xf81f, 0xf81f, 0xf81f, 0xf81f, 0xf81f, 0xf81f, 0xf81f,
    0xf81f, 0xf81f, 0xf81f, 0xf81f, 0xf81f, 0xf81f, 0xf81f, 0xf81f, 0xf81f, 0xf81f, 0xf81f, 0xf81f,
    0xf81f, 0xf81f, 0xf81f, 0xf81f, 0xf81f, 0xf81f, 0xf81f, 0xf81f, 0xf81f, 0xf81f, 0xf81f, 0xf81f,
    0xf81f, 0x0000, 0xffff, 0xffff, 0xffff, 0xffff, 0xffff, 0x0000, 0x0000, 0x1168, 0x1168, 0x0000,
    0xbe9c, 0xbe9c, 0xbe9c, 0x0000, 0x0000, 0x8537, 0x8537, 0x0000, 0xf81f, 0x0000, 0x0000, 0x0000,
    0x2b10, 0x0000, 0xffff, 0xffff, 0xffff, 0x0000, 0x0000, 0x0000, 0xffff, 0x0000, 0x2b10, 0x0000,
    0xffff, 0xffff, 0xffff, 0xffff, 0xffff, 0x0000, 0xf81f, 0xf81f, 0xf81f, 0xf81f, 0xf81f, 0xf81f,
    0xf81f, 0xf81f, 0xf81f, 0xf81f, 0xf81f, 0xf81f, 0xf81f, 0xf81f, 0xf81f, 0xf81f, 0xf81f, 0xf81f,
    0xf81f, 0xf81f, 0xf81f, 0xf81f, 0xf81f, 0xf81f, 0xf81f, 0xf81f, 0xf81f, 0xf81f, 0xf81f, 0xf81f,
    0xf81f, 0xf81f, 0xf81f, 0xf81f, 0xf81f, 0xf81f, 0xf81f, 0xf81f, 0xf81f, 0xf81f, 0xf81f, 0xf81f,
    0xf81f, 0xf81f, 0xf81f, 0xf81f, 0xf81f, 0xf81f, 0xf81f, 0xf81f, 0xf81f, 0xf81f, 0xf81f, 0xf81f,
    0x0000, 0x0000, 0x0000, 0x0000, 0x0000, 0x0000, 0x1168, 0x1168, 0x1168, 0x2b10, 0x1168, 0x0000,
    0x0000, 0xbe9c, 0x0000, 0x1a2c, 0x1a2c, 0x0000, 0x8537, 0x0000, 0xf81f, 0x0000, 0x0000, 0x2b10,
    0x2b10, 0x0000, 0xffff, 0xffff, 0x0000, 0x0000, 0x2b10, 0x0000, 0x0000, 0x0000, 0x2b10, 0x0000,
    0x0000, 0x0000, 0x0000, 0x0000, 0x0000, 0x0000, 0xf81f, 0xf81f, 0xf81f, 0xf81f, 0xf81f, 0xf81f,
    0xf81f, 0xf81f, 0xf81f, 0xf81f, 0xf81f, 0xf81f, 0xf81f, 0xf81f, 0xf81f, 0xf81f, 0xf81f, 0xf81f,
    0xf81f, 0xf81f, 0xf81f, 0xf81f, 0xf81f, 0xf81f, 0xf81f, 0xf81f, 0xf81f, 0xf81f, 0xf81f, 0xf81f,
    0xf81f, 0xf81f, 0xf81f, 0xf81f, 0xf81f, 0xf81f, 0xf81f, 0xf81f, 0xf81f, 0xf81f, 0xf81f, 0xf81f,
    0xf81f, 0xf81f, 0xf81f, 0xf81f, 0xf81f, 0xf81f, 0xf81f, 0xf81f, 0xf81f, 0xf81f, 0xf81f, 0xf81f,
    0x0000, 0x2b10, 0x2b10, 0x2b10, 0x1168, 0x1168, 0x1168, 0x2b10, 0x2b10, 0x2b10, 0x2b10, 0x1168,
    0x1168, 0x0000, 0x0000, 0x4c56, 0x1a2c, 0x0000, 0x0000, 0x0000, 0xf81f, 0x0000, 0x0000, 0x2b10,
    0x2b10, 0x0000, 0x0000, 0x0000, 0x0000, 0x2b10, 0x2b10, 0x2b10, 0x2b10, 0x2b10, 0x2b10, 0x1168,
    0x2b10, 0x2b10, 0x2b10, 0x2b10, 0x2b10, 0x0000, 0x0000, 0xf81f, 0xf81f, 0xf81f, 0xf81f, 0xf81f,
    0xf81f, 0xf81f, 0xf81f, 0xf81f, 0xf81f, 0xf81f, 0xf81f, 0xf81f, 0xf81f, 0xf81f, 0xf81f, 0xf81f,
    0xf81f, 0xf81f, 0xf81f, 0xf81f, 0xf81f, 0xf81f, 0xf81f, 0xf81f, 0xf81f, 0xf81f, 0xf81f, 0xf81f,
    0xf81f, 0xf81f, 0xf81f, 0xf81f, 0xf81f, 0xf81f, 0xf81f, 0xf81f, 0xf81f, 0xf81f, 0xf81f, 0xf81f,
    0xf81f, 0xf81f, 0xf81f, 0xf81f, 0xf81f, 0xf81f, 0xf81f, 0xf81f, 0xf81f, 0xf81f, 0xf81f, 0x0000,
    0x0000, 0x2b10, 0x2b10, 0x2b10, 0x2b10, 0x2b10, 0x2b10, 0x2b10, 0x2b10, 0x4c56, 0x4c56, 0x4c56,
    0x4c56, 0x2b10, 0x4c56, 0x4c56, 0x1a2c, 0x1a2c, 0x1a2c, 0x1168, 0xf81f, 0x0000, 0x1168, 0x2b10,
    0x2b10, 0x2b10, 0x0000, 0x0000, 0x2b10, 0x2b10, 0x7d9a, 0x2b10, 0x2b10, 0x7d9a, 0x7d9a, 0x1168,
    0x7d9a, 0x7d9a, 0x7d9a, 0x2b10, 0x1168, 0x2b10, 0x0000, 0xf81f, 0xf81f, 0xf81f, 0xf81f, 0xf81f,
    0xf81f, 0xf81f, 0xf81f, 0xf81f, 0xf81f, 0xf81f, 0xf81f, 0xf81f, 0xf81f, 0xf81f, 0xf81f, 0xf81f,
    0xf81f, 0xf81f, 0xf81f, 0xf81f, 0xf81f, 0xf81f, 0xf81f, 0xf81f, 0xf81f, 0xf81f, 0xf81f, 0xf81f,
    0xf81f, 0xf81f, 0xf81f, 0xf81f, 0xf81f, 0xf81f, 0xf81f, 0xf81f, 0xf81f, 0xf81f, 0xf81f, 0xf81f,
    0xf81f, 0xf81f, 0xf81f, 0xf81f, 0xf81f, 0xf81f, 0xf81f, 0xf81f, 0xf81f, 0xf81f, 0xf81f, 0x0000,
    0x2b10, 0x2b10, 0x4c56, 0x7d9a, 0x2b10, 0x2b10, 0x4c56, 0x0000, 0x2b10, 0x7d9a, 0x7d9a, 0x7d9a,
    0x7d9a, 0x7d9a, 0x1168, 0x1a2c, 0x0000, 0x1a2c, 0x1a2c, 0x1168, 0xf81f, 0x0000, 0x1168, 0x2b10,
    0x2b10, 0x7d9a, 0x7d9a, 0x7d9a, 0x7d9a, 0x1168, 0x7d9a, 0x7d9a, 0x7d9a, 0x7d9a, 0x7d9a, 0x7d9a,
    0x7d9a, 0x7d9a, 0x7d9a, 0x7d9a, 0x7d9a, 0x2b10, 0x0000, 0xf81f, 0xf81f, 0xf81f, 0xf81f, 0xf81f,
    0xf81f, 0xf81f, 0xf81f, 0xf81f, 0xf81f, 0xf81f, 0xf81f, 0xf81f, 0xf81f, 0xf81f, 0xf81f, 0xf81f,
    0xf81f, 0xf81f, 0xf81f, 0xf81f, 0xf81f, 0xf81f, 0xf81f, 0xf81f, 0xf81f, 0xf81f, 0xf81f, 0xf81f,
    0xf81f, 0xf81f, 0xf81f, 0xf81f, 0xf81f, 0xf81f, 0xf81f, 0xf81f, 0xf81f, 0xf81f, 0xf81f, 0xf81f,
    0xf81f, 0xf81f, 0xf81f, 0xf81f, 0xf81f, 0xf81f, 0xf81f, 0xf81f, 0xf81f, 0xf81f, 0xf81f, 0x0000,
    0x2b10, 0x4c56, 0x4c56, 0x0000, 0x2b10, 0x4c56, 0x4c56, 0x0000, 0x4c56, 0x7d9a, 0x7d9a, 0x7d9a,
    0x1168, 0x7d9a, 0x7d9a, 0x1a2c, 0x7d9a, 0x7d9a, 0x7d9a, 0x1168, 0xf81f, 0x0000, 0x1168, 0x1168,
    0x2b10, 0x7d9a, 0x7d9a, 0x7d9a, 0x7d9a, 0x1168, 0x1168, 0x7d9a, 0x7d9a, 0x7d9a, 0x0000, 0x1168,
    0x7d9a, 0x7d9a, 0x0000, 0x7d9a, 0x7d9a, 0x1168, 0x0000, 0xf81f, 0xf81f, 0xf81f, 0xf81f, 0xf81f,
    0xf81f, 0xf81f, 0xf81f, 0xf81f, 0xf81f, 0xf81f, 0xf81f, 0xf81f, 0xf81f, 0xf81f, 0xf81f, 0xf81f,
    0xf81f, 0xf81f, 0xf81f, 0xf81f, 0xf81f, 0xf81f, 0xf81f, 0xf81f, 0xf81f, 0xf81f, 0xf81f, 0xf81f,
    0xf81f, 0xf81f, 0xf81f, 0xf81f, 0xf81f, 0xf81f, 0xf81f, 0xf81f, 0xf81f, 0xf81f, 0xf81f, 0xf81f,
    0xf81f, 0xf81f, 0xf81f, 0xf81f, 0xf81f, 0xf81f, 0xf81f, 0xf81f, 0xf81f, 0xf81f, 0xf81f, 0x0000,
    0x0000, 0x4c56, 0x4c56, 0x0000, 0x2b10, 0x4c56, 0x4c56, 0x0000, 0x4c56, 0x4c56, 0x4c56, 0x0000,
    0x1168, 0x1168, 0x1168, 0x1168, 0x0000, 0x7d9a, 0x7d9a, 0x1168, 0xf81f, 0x0000, 0x1168, 0x1168,
    0x1168, 0x0000, 0x1168, 0x7d9a, 0x7d9a, 0x0000, 0x1168, 0x1168, 0x1168, 0x1168, 0x0000, 0x1168,
    0x1168, 0x1168, 0x0000, 0x7d9a, 0x7d9a, 0x1168, 0x0000, 0xf81f, 0xf81f, 0xf81f, 0xf81f, 0xf81f,
    0xf81f, 0xf81f, 0xf81f, 0xf81f, 0xf81f, 0xf81f, 0xf81f, 0xf81f, 0xf81f, 0xf81f, 0xf81f, 0xf81f,
    0xf81f, 0xf81f, 0xf81f, 0xf81f, 0xf81f, 0xf81f, 0xf81f, 0xf81f, 0xf81f, 0xf81f, 0xf81f, 0xf81f,
    0xf81f, 0xf81f, 0xf81f, 0xf81f, 0xf81f, 0xf81f, 0xf81f, 0xf81f, 0xf81f, 0xf81f, 0xf81f, 0xf81f,
    0xf81f, 0xf81f, 0xf81f, 0xf81f, 0xf81f, 0xf81f, 0xf81f, 0xf81f, 0xf81f, 0xf81f, 0xf81f, 0xf81f,
    0x0000, 0x0000, 0x0000, 0x0000, 0x0000, 0x0000, 0x0000, 0x0000, 0x0000, 0x0000, 0x0000, 0x0000,
    0x0000, 0x0000, 0x0000, 0x0000, 0x0000, 0x0000, 0x0000, 0x0000, 0xf81f, 0x0000, 0x0000, 0x0000,
    0x0000, 0x0000, 0x0000, 0x0000, 0x0000, 0x0000, 0x0000, 0x0000, 0x0000, 0x0000, 0x0000, 0x0000,
    0x0000, 0x0000, 0x0000, 0x0000, 0x0000, 0x0000, 0x0000, 0xf81f, 0xf81f, 0xf81f, 0xf81f, 0xf81f,
    0xf81f, 0xf81f, 0xf81f, 0xf81f, 0xf81f, 0xf81f, 0xf81f, 0xf81f, 0xf81f, 0xf81f, 0xf81f, 0xf81f,
    0xf81f, 0xf81f, 0xf81f, 0xf81f, 0xf81f, 0xf81f, 0xf81f, 0xf81f, 0xf81f, 0xf81f, 0xf81f, 0xf81f,
    0xf81f, 0xf81f, 0xf81f, 0xf81f, 0xf81f, 0xf81f, 0xf81f, 0xf81f, 0xf81f, 0xf81f, 0xf81f, 0xf81f,
    0xf81f, 0xf81f, 0xf81f, 0xf81f, 0xf81f, 0xf81f, 0xf81f, 0xf81f, 0xf81f, 0xf81f, 0xf81f, 0xf81f,
    0xf81f, 0xf81f, 0xf81f, 0xf81f, 0xf81f, 0xf81f, 0xf81f, 0xf81f, 0xf81f, 0xf81f, 0xf81f, 0xf81f,
    0xf81f, 0xf81f, 0xf81f, 0xf81f, 0xf81f, 0xf81f, 0xf81f, 0xf81f, 0xf81f, 0xf81f, 0xf81f, 0xf81f,
    0xf81f, 0xf81f, 0xf81f, 0xf81f, 0xf81f, 0xf81f, 0xf81f, 0xf81f, 0xf81f, 0xf81f, 0xf81f, 0xf81f,
    0xf81f, 0xf81f, 0xf81f, 0xf81f, 0xf81f, 0xf81f, 0xf81f, 0xf81f, 0xf81f, 0xf81f, 0xf81f, 0xf81f,
    0xf81f, 0xf81f, 0xf81f, 0xf81f, 0xf81f, 0xf81f, 0xf81f, 0xf81f, 0xf81f, 0xf81f, 0xf81f, 0xf81f,
    0xf81f, 0xf81f, 0xf81f, 0xf81f, 0xf81f, 0xf81f, 0xf81f, 0xf81f, 0xf81f, 0xf81f, 0xf81f, 0xf81f,
    0xf81f, 0xf81f, 0xf81f, 0xf81f, 0xf81f, 0xf81f, 0xf81f, 0xf81f, 0xf81f, 0xf81f, 0xf81f, 0xf81f,
    0xf81f, 0xf81f, 0xf81f, 0xf81f, 0xf81f, 0xf81f, 0xf81f, 0xf81f, 0xf81f, 0xf81f, 0xf81f, 0xf81f,
    0xf81f, 0xf81f, 0xf81f, 0xf81f, 0xf81f, 0xf81f, 0xf81f, 0xf81f, 0xf81f, 0xf81f, 0xf81f, 0xf81f,
    0x0000, 0x0000, 0x0000, 0x0000, 0x0000, 0x0000, 0x0000, 0x0000, 0x0000, 0x0000, 0x0000, 0x0000,
    0x0000, 0xf81f, 0xf81f, 0xf81f, 0xf81f, 0xf81f, 0xf81f, 0xf81f, 0xf81f, 0xf81f, 0xf81f, 0xf81f,
    0xf81f, 0xf81f, 0xf81f, 0xf81f, 0xf81f, 0xf81f, 0xf81f, 0xf81f, 0xf81f, 0xf81f, 0xf81f, 0xf81f,
    0xf81f, 0xf81f, 0xf81f, 0xf81f, 0xf81f, 0xf81f, 0xf81f, 0xf81f, 0xf81f, 0xf81f, 0xf81f, 0xf81f,
    0xf81f, 0xf81f, 0xf81f, 0xf81f, 0xf81f, 0xf81f, 0xf81f, 0xf81f, 0xf81f, 0xf81f, 0xf81f, 0xf81f,
    0xf81f, 0xf81f, 0xf81f, 0xf81f, 0xf81f, 0xf81f, 0xf81f, 0xf81f, 0xf81f, 0xf81f, 0xf81f, 0xf81f,
    0xf81f, 0xf81f, 0xf81f, 0xf81f, 0xf81f, 0xf81f, 0xf81f, 0xf81f, 0xf81f, 0xf81f, 0xf81f, 0xf81f,
    0xf81f, 0xf81f, 0xf81f, 0xf81f, 0xf81f, 0xf81f, 0xf81f, 0xf81f, 0x0000, 0x0000, 0x0000, 0x0000,
    0xffff, 0xffff, 0xffff, 0xffff, 0xffff, 0xffff, 0xffff, 0xffff, 0xffff, 0xffff, 0xffff, 0xffff,
    0x0000, 0x0000, 0x0000, 0x0000, 0x0000, 0x0000, 0x0000, 0xf81f, 0xf81f, 0xf81f, 0xf81f, 0xf81f,
    0xf81f, 0xf81f, 0xf81f, 0xf81f, 0xf81f, 0xf81f, 0xf81f, 0xf81f, 0xf81f, 0xf81f, 0xf81f, 0xf81f,
    0xf81f, 0xf81f, 0xf81f, 0xf81f, 0xf81f, 0xf81f, 0xf81f, 0xf81f, 0xf81f, 0xf81f, 0xf81f, 0xf81f,
    0xf81f, 0xf81f, 0xf81f, 0xf81f, 0xf81f, 0xf81f, 0xf81f, 0xf81f, 0xf81f, 0xf81f, 0xf81f, 0xf81f,
    0xf81f, 0xf81f, 0xf81f, 0xf81f, 0xf81f, 0xf81f, 0xf81f, 0xf81f, 0xf81f, 0xf81f, 0xf81f, 0xf81f,
    0xf81f, 0xf81f, 0xf81f, 0xf81f, 0xf81f, 0xf81f, 0xf81f, 0xf81f, 0xf81f, 0xf81f, 0xf81f, 0xf81f,
    0xf81f, 0xf81f, 0xf81f, 0xf81f, 0xf81f, 0xf81f, 0xf81f, 0x0000, 0x0000, 0xffff, 0xffff, 0xffff,
    0xffff, 0xffff, 0xffff, 0xffff, 0xffff, 0xffff, 0xffff, 0xffff, 0xffff, 0xffff, 0xffff, 0xffff,
    0xffff, 0x8e19, 0x8e19, 0x8e19, 0xffff, 0xffff, 0x0000, 0x0000, 0xf81f, 0xf81f, 0xf81f, 0xf81f,
    0xf81f, 0xf81f, 0xf81f, 0xf81f, 0xf81f, 0xf81f, 0xf81f, 0xf81f, 0xf81f, 0xf81f, 0xf81f, 0xf81f,
    0xf81f, 0xf81f, 0xf81f, 0xf81f, 0xf81f, 0xf81f, 0xf81f, 0xf81f, 0xf81f, 0xf81f, 0xf81f, 0xf81f,
    0xf81f, 0xf81f, 0xf81f, 0xf81f, 0xf81f, 0xf81f, 0xf81f, 0xf81f, 0xf81f, 0xf81f, 0xf81f, 0xf81f,
    0xf81f, 0xf81f, 0xf81f, 0xf81f, 0xf81f, 0xf81f, 0xf81f, 0xf81f, 0xf81f, 0xf81f, 0xf81f, 0xf81f,
    0xf81f, 0xf81f, 0xf81f, 0xf81f, 0xf81f, 0xf81f, 0xf81f, 0xf81f, 0xf81f, 0xf81f, 0xf81f, 0xf81f,
    0xf81f, 0xf81f, 0xf81f, 0xf81f, 0xf81f, 0xf81f, 0x0000, 0x0000, 0xffff, 0xffff, 0xffff, 0xffff,
    0xffff, 0xffff, 0xffff, 0xffff, 0xffff, 0xffff, 0xffff, 0xffff, 0xffff, 0xffff, 0xffff, 0xffff,
    0xffff, 0x8e19, 0x8e19, 0x8e19, 0x8e19, 0x8e19, 0xffff, 0xffff, 0x0000, 0xf81f, 0xf81f, 0xf81f,
    0xf81f, 0xf81f, 0xf81f, 0xf81f, 0xf81f, 0xf81f, 0xf81f, 0xf81f, 0xf81f, 0xf81f, 0xf81f, 0xf81f,
    0xf81f, 0xf81f, 0xf81f, 0xf81f, 0xf81f, 0xf81f, 0xf81f, 0xf81f, 0xf81f, 0xf81f, 0xf81f, 0xf81f,
    0xf81f, 0xf81f, 0xf81f, 0xf81f, 0xf81f, 0xf81f, 0xf81f, 0xf81f, 0xf81f, 0xf81f, 0xf81f, 0xf81f,
    0xf81f, 0xf81f, 0xf81f, 0xf81f, 0xf81f, 0xf81f, 0xf81f, 0xf81f, 0xf81f, 0xf81f, 0xf81f, 0xf81f,
    0xf81f, 0xf81f, 0xf81f, 0xf81f, 0xf81f, 0xf81f, 0xf81f, 0xf81f, 0xf81f, 0xf81f, 0xf81f, 0xf81f,
    0xf81f, 0xf81f, 0xf81f, 0xf81f, 0xf81f, 0xf81f, 0x0000, 0xffff, 0xffff, 0xffff, 0xffff, 0xffff,
    0xffff, 0xffff, 0xffff, 0xffff, 0xffff, 0xffff, 0xffff, 0xffff, 0xffff, 0xffff, 0xffff, 0xffff,
    0xffff, 0x8e19, 0x8e19, 0x8e19, 0x8e19, 0xffff, 0xffff, 0xffff, 0xffff, 0x0000, 0x0000, 0xf81f,
    0xf81f, 0xf81f, 0xf81f, 0xf81f, 0xf81f, 0xf81f, 0xf81f, 0xf81f, 0xf81f, 0xf81f, 0xf81f, 0xf81f,
    0xf81f, 0xf81f, 0xf81f, 0xf81f, 0xf81f, 0xf81f, 0xf81f, 0xf81f, 0xf81f, 0xf81f, 0xf81f, 0xf81f,
    0xf81f, 0xf81f, 0xf81f, 0xf81f, 0xf81f, 0xf81f, 0xf81f, 0xf81f, 0xf81f, 0xf81f, 0xf81f, 0xf81f,
    0xf81f, 0xf81f, 0xf81f, 0xf81f, 0xf81f, 0xf81f, 0xf81f, 0xf81f, 0xf81f, 0xf81f, 0xf81f, 0xf81f,
    0xf81f, 0xf81f, 0xf81f, 0xf81f, 0xf81f, 0xf81f, 0xf81f, 0xf81f, 0xf81f, 0xf81f, 0xf81f, 0xf81f,
    0xf81f, 0xf81f, 0xf81f, 0xf81f, 0xf81f, 0x0000, 0x0000, 0xffff, 0xffff, 0xffff, 0xffff, 0xffff,
    0xffff, 0xffff, 0xffff, 0xffff, 0xffff, 0xffff, 0xffff, 0xffff, 0xffff, 0xffff, 0xffff, 0xffff,
    0xffff, 0xffff, 0xffff, 0xffff, 0xffff, 0xffff, 0xffff, 0xffff, 0xffff, 0xffff, 0x0000, 0xf81f,
    0xf81f, 0xf81f, 0xf81f, 0xf81f, 0xf81f, 0xf81f, 0xf81f, 0xf81f, 0xf81f, 0xf81f, 0xf81f, 0xf81f,
    0xf81f, 0xf81f, 0xf81f, 0xf81f, 0xf81f, 0xf81f, 0xf81f, 0xf81f, 0xf81f, 0xf81f, 0xf81f, 0xf81f,
    0xf81f, 0xf81f, 0xf81f, 0xf81f, 0xf81f, 0xf81f, 0xf81f, 0xf81f, 0xf81f, 0xf81f, 0xf81f, 0xf81f,
    0xf81f, 0xf81f, 0xf81f, 0xf81f, 0xf81f, 0xf81f, 0xf81f, 0xf81f, 0xf81f, 0xf81f, 0xf81f, 0xf81f,
    0xf81f, 0xf81f, 0xf81f, 0xf81f, 0xf81f, 0xf81f, 0xf81f, 0xf81f, 0xf81f, 0xf81f, 0xf81f, 0xf81f,
    0xf81f, 0xf81f, 0xf81f, 0xf81f, 0x0000, 0x0000, 0xffff, 0xffff, 0xffff, 0xffff, 0x8e19, 0x8e19,
    0x8e19, 0x8e19, 0x8e19, 0x8e19, 0x8e19, 0xffff, 0xffff, 0xffff, 0x8e19, 0x8e19, 0x8e19, 0x8e19,
    0x8e19, 0x8e19, 0xffff, 0xffff, 0xffff, 0xffff, 0xffff, 0xffff, 0xffff, 0xffff, 0x0000, 0x0000,
    0xf81f, 0xf81f, 0xf81f, 0xf81f, 0xf81f, 0xf81f, 0xf81f, 0xf81f, 0xf81f, 0xf81f, 0xf81f, 0xf81f,
    0xf81f, 0xf81f, 0xf81f, 0xf81f, 0xf81f, 0xf81f, 0xf81f, 0xf81f, 0xf81f, 0xf81f, 0xf81f, 0xf81f,
    0xf81f, 0xf81f, 0xf81f, 0xf81f, 0xf81f, 0xf81f, 0xf81f, 0xf81f, 0xf81f, 0xf81f, 0xf81f, 0xf81f,
    0xf81f, 0xf81f, 0xf81f, 0xf81f, 0xf81f, 0xf81f, 0xf81f, 0xf81f, 0xf81f, 0xf81f, 0xf81f, 0xf81f,
    0xf81f, 0xf81f, 0xf81f, 0xf81f, 0xf81f, 0xf81f, 0xf81f, 0xf81f, 0xf81f, 0xf81f, 0xf81f, 0xf81f,
    0xf81f, 0xf81f, 0xf81f, 0xf81f, 0x0000, 0xffff, 0xffff, 0xffff, 0xffff, 0x8e19, 0x0000, 0x0000,
    0x0000, 0x0000, 0x0000, 0x0000, 0x0000, 0x8e19, 0xffff, 0x8e19, 0x8e19, 0x0000, 0x0000, 0x0000,
    0x0000, 0x0000, 0x0000, 0x0000, 0xffff, 0xffff, 0xffff, 0xffff, 0xffff, 0xffff, 0xffff, 0x0000,
    0x0000, 0xf81f, 0xf81f, 0xf81f, 0xf81f, 0xf81f, 0xf81f, 0xf81f, 0xf81f, 0xf81f, 0xf81f, 0xf81f,
    0xf81f, 0xf81f, 0xf81f, 0xf81f, 0xf81f, 0xf81f, 0xf81f, 0xf81f, 0xf81f, 0xf81f, 0xf81f, 0xf81f,
    0xf81f, 0xf81f, 0xf81f, 0xf81f, 0xf81f, 0xf81f, 0xf81f, 0xf81f, 0xf81f, 0xf81f, 0xf81f, 0xf81f,
    0xf81f, 0xf81f, 0xf81f, 0xf81f, 0xf81f, 0xf81f, 0xf81f, 0xf81f, 0xf81f, 0xf81f, 0xf81f, 0xf81f,
    0xf81f, 0xf81f, 0xf81f, 0xf81f, 0xf81f, 0xf81f, 0xf81f, 0xf81f, 0xf81f, 0xf81f, 0xf81f, 0xf81f,
    0xf81f, 0xf81f, 0x0000, 0x0000, 0x0000, 0xffff, 0xffff, 0xffff, 0xffff, 0x0000, 0x0000, 0x2b10,
    0x2b10, 0x2b10, 0x2b10, 0x2b10, 0x0000, 0x8e19, 0x8e19, 0x8e19, 0x0000, 0x0000, 0x2b10, 0x2b10,
    0x2b10, 0x2b10, 0x2b10, 0x2b10, 0x0000, 0x0000, 0xffff, 0xffff, 0xffff, 0xffff, 0xffff, 0x8e19,
    0x0000, 0xf81f, 0xf81f, 0xf81f, 0xf81f, 0xf81f, 0xf81f, 0xf81f, 0xf81f, 0xf81f, 0xf81f, 0xf81f,
    0xf81f, 0xf81f, 0xf81f, 0xf81f, 0xf81f, 0xf81f, 0xf81f, 0xf81f, 0xf81f, 0xf81f, 0xf81f, 0xf81f,
    0xf81f, 0xf81f, 0xf81f, 0xf81f, 0xf81f, 0xf81f, 0xf81f, 0xf81f, 0xf81f, 0xf81f, 0xf81f, 0xf81f,
    0xf81f, 0xf81f, 0xf81f, 0xf81f, 0xf81f, 0xf81f, 0xf81f, 0xf81f, 0xf81f, 0xf81f, 0xf81f, 0xf81f,
    0xf81f, 0xf81f, 0xf81f, 0xf81f, 0xf81f, 0xf81f, 0xf81f, 0xf81f, 0xf81f, 0xf81f, 0xf81f, 0xf81f,
    0xf81f, 0xf81f, 0x0000, 0x0000, 0xffff, 0xffff, 0xffff, 0xffff, 0x0000, 0x0000, 0x2b10, 0xbe9c,
    0xbe9c, 0xbe9c, 0x4c56, 0x4c56, 0x2b10, 0x0000, 0x8e19, 0x8e19, 0x0000, 0x2b10, 0x4c56, 0x4c56,
    0xbe9c, 0xbe9c, 0xbe9c, 0xbe9c, 0x2b10, 0x0000, 0x0000, 0xffff, 0xffff, 0xffff, 0xffff, 0x8e19,
    0x8e19, 0x0000, 0xf81f, 0xf81f, 0xf81f, 0xf81f, 0xf81f, 0xf81f, 0xf81f, 0xf81f, 0xf81f, 0xf81f,
    0xf81f, 0xf81f, 0xf81f, 0xf81f, 0xf81f, 0xf81f, 0xf81f, 0xf81f, 0xf81f, 0xf81f, 0xf81f, 0xf81f,
    0xf81f, 0xf81f, 0xf81f, 0xf81f, 0xf81f, 0xf81f, 0xf81f, 0xf81f, 0xf81f, 0xf81f, 0xf81f, 0xf81f,
    0xf81f, 0xf81f, 0xf81f, 0xf81f, 0xf81f, 0xf81f, 0xf81f, 0xf81f, 0xf81f, 0xf81f, 0xf81f, 0xf81f,
    0xf81f, 0xf81f, 0xf81f, 0xf81f, 0xf81f, 0xf81f, 0xf81f, 0xf81f, 0xf81f, 0xf81f, 0xf81f, 0xf81f,
    0xf81f, 0xf81f, 0x0000, 0x8e19, 0xffff, 0xffff, 0xffff, 0xffff, 0x0000, 0x2b10, 0x2b10, 0xbe9c,
    0xbe9c, 0x4c56, 0x4c56, 0x4c56, 0x2b10, 0x2b10, 0x0000, 0x0000, 0x0000, 0x2b10, 0x4c56, 0x4c56,
    0x4c56, 0xbe9c, 0xbe9c, 0xbe9c, 0x2b10, 0x2b10, 0x0000, 0xffff, 0xffff, 0xffff, 0xffff, 0x8e19,
    0x8e19, 0x0000, 0x0000, 0xf81f, 0xf81f, 0xf81f, 0xf81f, 0xf81f, 0xf81f, 0xf81f, 0xf81f, 0xf81f,
    0xf81f, 0xf81f, 0xf81f, 0xf81f, 0xf81f, 0xf81f, 0xf81f, 0xf81f, 0xf81f, 0xf81f, 0xf81f, 0xf81f,
    0xf81f, 0xf81f, 0xf81f, 0xf81f, 0xf81f, 0xf81f, 0xf81f, 0xf81f, 0xf81f, 0xf81f, 0xf81f, 0xf81f,
    0xf81f, 0xf81f, 0xf81f, 0xf81f, 0xf81f, 0xf81f, 0xf81f, 0xf81f, 0xf81f, 0xf81f, 0xf81f, 0xf81f,
    0xf81f, 0xf81f, 0xf81f, 0xf81f, 0xf81f, 0xf81f, 0xf81f, 0xf81f, 0xf81f, 0xf81f, 0xf81f, 0xf81f,
    0xf81f, 0xf81f, 0x0000, 0x8e19, 0xffff, 0xffff, 0xffff, 0xffff, 0x0000, 0x2b10, 0x2b10, 0x2b10,
    0x2b10, 0x2b10, 0x2b10, 0x2b10, 0x2b10, 0x2b10, 0x2b10, 0x2b10, 0x2b10, 0x2b10, 0x2b10, 0x2b10,
    0x2b10, 0x2b10, 0x2b10, 0x2b10, 0x2b10, 0x2b10, 0x2b10, 0x0000, 0xffff, 0xffff, 0xffff, 0x8e19,
    0x8e19, 0xbe9c, 0x0000, 0xf81f, 0xf81f, 0xf81f, 0xf81f, 0xf81f, 0xf81f, 0xf81f, 0xf81f, 0xf81f,
    0xf81f, 0xf81f, 0xf81f, 0xf81f, 0xf81f, 0xf81f, 0xf81f, 0xf81f, 0xf81f, 0xf81f, 0xf81f, 0xf81f,
    0xf81f, 0xf81f, 0xf81f, 0xf81f, 0xf81f, 0xf81f, 0xf81f, 0xf81f, 0xf81f, 0xf81f, 0xf81f, 0xf81f,
    0xf81f, 0xf81f, 0xf81f, 0xf81f, 0xf81f, 0xf81f, 0xf81f, 0xf81f, 0xf81f, 0xf81f, 0xf81f, 0xf81f,
    0xf81f, 0xf81f, 0xf81f, 0xf81f, 0xf81f, 0xf81f, 0xf81f, 0xf81f, 0xf81f, 0xf81f, 0xf81f, 0x0000,
    0x0000, 0x0000, 0x0000, 0x8e19, 0xffff, 0xffff, 0xffff, 0xffff, 0x0000, 0x2b10, 0x2b10, 0x2b10,
    0x2b10, 0x2b10, 0x2b10, 0x2b10, 0x2b10, 0x2b10, 0x2b10, 0x2b10, 0x2b10, 0x2b10, 0x2b10, 0x2b10,
    0x2b10, 0x2b10, 0x2b10, 0x2b10, 0x2b10, 0x2b10, 0x2b10, 0x0000, 0xffff, 0xffff, 0xffff, 0x8e19,
    0x8e19, 0xbe9c, 0x0000, 0x0000, 0x0000, 0x0000, 0xf81f, 0xf81f, 0xf81f, 0xf81f, 0xf81f, 0xf81f,
    0xf81f, 0xf81f, 0xf81f, 0xf81f, 0xf81f, 0xf81f, 0xf81f, 0xf81f, 0xf81f, 0xf81f, 0xf81f, 0xf81f,
    0xf81f, 0xf81f, 0xf81f, 0xf81f, 0xf81f, 0xf81f, 0xf81f, 0xf81f, 0xf81f, 0xf81f, 0xf81f, 0xf81f,
    0xf81f, 0xf81f, 0xf81f, 0xf81f, 0xf81f, 0xf81f, 0xf81f, 0xf81f, 0xf81f, 0xf81f, 0xf81f, 0xf81f,
    0xf81f, 0xf81f, 0xf81f, 0xf81f, 0xf81f, 0xf81f, 0xf81f, 0xf81f, 0xf81f, 0xf81f, 0xf81f, 0x0000,
    0x4c56, 0x4c56, 0x0000, 0x8e19, 0xffff, 0xffff, 0xffff, 0xffff, 0x0000, 0x2b10, 0x2b10, 0x2b10,
    0x2b10, 0x2b10, 0x2b10, 0x2b10, 0x2b10, 0x2b10, 0x2b10, 0x2b10, 0x2b10, 0x2b10, 0x2b10, 0x2b10,
    0x2b10, 0x2b10, 0x2b10, 0x2b10, 0x2b10, 0x2b10, 0x2b10, 0x0000, 0xffff, 0xffff, 0xffff, 0x8e19,
    0xbe9c, 0xbe9c, 0x0000, 0x224c, 0x224c, 0x0000, 0xf81f, 0xf81f, 0xf81f, 0xf81f, 0xf81f, 0xf81f,
    0xf81f, 0xf81f, 0xf81f, 0xf81f, 0xf81f, 0xf81f, 0xf81f, 0xf81f, 0xf81f, 0xf81f, 0xf81f, 0xf81f,
    0xf81f, 0xf81f, 0xf81f, 0xf81f, 0xf81f, 0xf81f, 0xf81f, 0xf81f, 0xf81f, 0xf81f, 0xf81f, 0xf81f,
    0xf81f, 0xf81f, 0xf81f, 0xf81f, 0xf81f, 0xf81f, 0xf81f, 0xf81f, 0xf81f, 0xf81f, 0xf81f, 0xf81f,
    0xf81f, 0xf81f, 0xf81f, 0xf81f, 0xf81f, 0xf81f, 0xf81f, 0xf81f, 0xf81f, 0xf81f, 0xf81f, 0x0000,
    0x4c56, 0x4c56, 0x0000, 0x8e19, 0xffff, 0xffff, 0xffff, 0x0000, 0x0000, 0x2b10, 0x2b10, 0x0000,
    0x0000, 0x0000, 0x0000, 0x0000, 0x2b10, 0x2b10, 0x2b10, 0x4c56, 0x4c56, 0x2b10, 0x2b10, 0x2b10,
    0x0000, 0x0000, 0x0000, 0x0000, 0x0000, 0x2b10, 0x1168, 0x0000, 0xffff, 0xffff, 0xffff, 0x8e19,
    0xbe9c, 0xbe9c, 0x0000, 0x4c56, 0x4c56, 0x0000, 0xf81f, 0xf81f, 0xf81f, 0xf81f, 0xf81f, 0xf81f,
    0xf81f, 0xf81f, 0xf81f, 0xf81f, 0xf81f, 0xf81f, 0xf81f, 0xf81f, 0xf81f, 0xf81f, 0xf81f, 0xf81f,
    0xf81f, 0xf81f, 0xf81f, 0xf81f, 0xf81f, 0xf81f, 0xf81f, 0xf81f, 0xf81f, 0xf81f, 0xf81f, 0xf81f,
    0xf81f, 0xf81f, 0xf81f, 0xf81f, 0xf81f, 0xf81f, 0xf81f, 0xf81f, 0xf81f, 0xf81f, 0xf81f, 0xf81f,
    0xf81f, 0xf81f, 0xf81f, 0xf81f, 0xf81f, 0xf81f, 0xf81f, 0xf81f, 0xf81f, 0xf81f, 0xf81f, 0x0000,
    0x2b10, 0x4c56, 0x0000, 0xffff, 0xffff, 0xffff, 0x0000, 0x0000, 0x1168, 0x1168, 0x2b10, 0x2b10,
    0x08e5, 0x08e5, 0x08e5, 0x08e5, 0x2b10, 0x4c56, 0x4c56, 0x4c56, 0x4c56, 0x4c56, 0x2b10, 0x2b10,
    0x08e5, 0x08e5, 0x08e5, 0x08e5, 0x2b10, 0x2b10, 0x1168, 0x0000, 0x0000, 0xffff, 0xffff, 0xffff,
    0xbe9c, 0xbe9c, 0x0000, 0x4c56, 0x2b10, 0x0000, 0xf81f, 0xf81f, 0xf81f, 0xf81f, 0xf81f, 0xf81f,
    0xf81f, 0xf81f, 0xf81f, 0xf81f, 0xf81f, 0xf81f, 0xf81f, 0xf81f, 0xf81f, 0xf81f, 0xf81f, 0xf81f,
    0xf81f, 0xf81f, 0xf81f, 0xf81f, 0xf81f, 0xf81f, 0xf81f, 0xf81f, 0xf81f, 0xf81f, 0xf81f, 0xf81f,
    0xf81f, 0xf81f, 0xf81f, 0xf81f, 0xf81f, 0xf81f, 0xf81f, 0xf81f, 0xf81f, 0xf81f, 0xf81f, 0xf81f,
    0xf81f, 0xf81f, 0xf81f, 0xf81f, 0xf81f, 0xf81f, 0xf81f, 0xf81f, 0xf81f, 0xf81f, 0xf81f, 0x0000,
    0x2b10, 0x224c, 0x0000, 0xffff, 0x8e19, 0xffff, 0x0000, 0x1168, 0x1168, 0x1168, 0x2b10, 0x4c56,
    0x2b10, 0x2b10, 0x2b10, 0x2b10, 0x4c56, 0x4c56, 0x4c56, 0x4c56, 0x4c56, 0x4c56, 0x4c56, 0x2b10,
    0x2b10, 0x2b10, 0x2b10, 0x2b10, 0x2b10, 0x1168, 0x1168, 0x1168, 0x0000, 0xffff, 0xffff, 0xffff,
    0xbe9c, 0xbe9c, 0x0000, 0x4c56, 0x2b10, 0x0000, 0xf81f, 0xf81f, 0xf81f, 0xf81f, 0xf81f, 0xf81f,
    0xf81f, 0xf81f, 0xf81f, 0xf81f, 0xf81f, 0xf81f, 0xf81f, 0xf81f, 0xf81f, 0xf81f, 0xf81f, 0xf81f,
    0xf81f, 0xf81f, 0xf81f, 0xf81f, 0xf81f, 0xf81f, 0xf81f, 0xf81f, 0xf81f, 0xf81f, 0xf81f, 0xf81f,
    0xf81f, 0xf81f, 0xf81f, 0xf81f, 0xf81f, 0xf81f, 0xf81f, 0xf81f, 0xf81f, 0xf81f, 0xf81f, 0xf81f,
    0xf81f, 0xf81f, 0xf81f, 0xf81f, 0xf81f, 0xf81f, 0xf81f, 0xf81f, 0xf81f, 0xf81f, 0xf81f, 0x0000,
    0x2b10, 0x224c, 0x0000, 0xffff, 0x8e19, 0xffff, 0x0000, 0x1168, 0x1168, 0x4c56, 0x4c56, 0x2b10,
    0x2b10, 0x2b10, 0x2b10, 0x2b10, 0x2b10, 0x0000, 0x0000, 0x0000, 0x0000, 0x0000, 0x0000, 0x2b10,
    0x2b10, 0x2b10, 0x2b10, 0x2b10, 0x4c56, 0x4c56, 0x1168, 0x1168, 0x0000, 0xffff, 0xffff, 0xffff,
    0xbe9c, 0xbe9c, 0x0000, 0x4c56, 0x2b10, 0x0000, 0xf81f, 0xf81f, 0xf81f, 0xf81f, 0xf81f, 0xf81f,
    0xf81f, 0xf81f, 0xf81f, 0xf81f, 0xf81f, 0xf81f, 0xf81f, 0xf81f, 0xf81f, 0xf81f, 0xf81f, 0xf81f,
    0xf81f, 0xf81f, 0xf81f, 0xf81f, 0xf81f, 0xf81f, 0xf81f, 0xf81f, 0xf81f, 0xf81f, 0xf81f, 0xf81f,
    0xf81f, 0xf81f, 0xf81f, 0xf81f, 0xf81f, 0xf81f, 0xf81f, 0xf81f, 0xf81f, 0xf81f, 0xf81f, 0xf81f,
    0xf81f, 0xf81f, 0xf81f, 0xf81f, 0xf81f, 0xf81f, 0xf81f, 0xf81f, 0xf81f, 0xf81f, 0xf81f, 0x0000,
    0x2b10, 0x224c, 0x0000, 0x8e19, 0x8e19, 0xffff, 0x0000, 0x1168, 0x2b10, 0x2b10, 0x2b10, 0x2b10,
    0x2b10, 0x2b10, 0x2b10, 0x2b10, 0x2b10, 0x0000, 0x19ea, 0x19ea, 0x19ea, 0x2b10, 0x0000, 0x2b10,
    0x2b10, 0x2b10, 0x2b10, 0x2b10, 0x2b10, 0x2b10, 0x2b10, 0x1168, 0x0000, 0xffff, 0xffff, 0xffff,
    0xbe9c, 0xbe9c, 0x0000, 0x4c56, 0x2b10, 0x0000, 0xf81f, 0xf81f, 0xf81f, 0xf81f, 0xf81f, 0xf81f,
    0xf81f, 0xf81f, 0xf81f, 0xf81f, 0xf81f, 0xf81f, 0xf81f, 0xf81f, 0xf81f, 0xf81f, 0xf81f, 0xf81f,
    0xf81f, 0xf81f, 0xf81f, 0xf81f, 0xf81f, 0xf81f, 0xf81f, 0xf81f, 0xf81f, 0xf81f, 0xf81f, 0xf81f,
    0xf81f, 0xf81f, 0xf81f, 0xf81f, 0xf81f, 0xf81f, 0xf81f, 0xf81f, 0xf81f, 0xf81f, 0xf81f, 0xf81f,
    0xf81f, 0xf81f, 0xf81f, 0xf81f, 0xf81f, 0xf81f, 0xf81f, 0xf81f, 0xf81f, 0xf81f, 0xf81f, 0x0000,
    0x0000, 0x0000, 0x0000, 0x8e19, 0x8e19, 0xffff, 0x0000, 0x2b10, 0x2b10, 0x2b10, 0x2b10, 0x2b10,
    0x0000, 0x0000, 0x0000, 0x0000, 0x0000, 0x0000, 0x0000, 0x19ea, 0x2b10, 0x0000, 0x0000, 0x0000,
    0x2b10, 0x2b10, 0x2b10, 0x2b10, 0x2b10, 0x2b10, 0x2b10, 0x2b10, 0x0000, 0xffff, 0xffff, 0xffff,
    0xbe9c, 0xbe9c, 0x0000, 0x224c, 0x2b10, 0x0000, 0xf81f, 0xf81f, 0xf81f, 0xf81f, 0xf81f, 0xf81f,
    0xf81f, 0xf81f, 0xf81f, 0xf81f, 0xf81f, 0xf81f, 0xf81f, 0xf81f, 0xf81f, 0xf81f, 0xf81f, 0xf81f,
    0xf81f, 0xf81f, 0xf81f, 0xf81f, 0xf81f, 0xf81f, 0xf81f, 0xf81f, 0xf81f, 0xf81f, 0xf81f, 0xf81f,
    0xf81f, 0xf81f, 0xf81f, 0xf81f, 0xf81f, 0xf81f, 0xf81f, 0xf81f, 0xf81f, 0xf81f, 0xf81f, 0xf81f,
    0xf81f, 0xf81f, 0xf81f, 0xf81f, 0xf81f, 0xf81f, 0xf81f, 0xf81f, 0xf81f, 0xf81f, 0xf81f, 0xf81f,
    0xf81f, 0x0000, 0x0000, 0x8e19, 0x8e19, 0xffff, 0x0000, 0x2b10, 0x2b10, 0x2b10, 0x2b10, 0x0000,
    0x0000, 0xffff, 0xffff, 0xffff, 0xffff, 0xffff, 0xffff, 0x0000, 0x0000, 0xffff, 0xffff, 0x0000,
    0x0000, 0x0000, 0x0000, 0x0000, 0x2b10, 0x2b10, 0x2b10, 0x0000, 0x0000, 0xffff, 0xffff, 0xffff,
    0xbe9c, 0xbe9c, 0x0000, 0x0000, 0x0000, 0x0000, 0xf81f, 0xf81f, 0xf81f, 0xf81f, 0xf81f, 0xf81f,
    0xf81f, 0xf81f, 0xf81f, 0xf81f, 0xf81f, 0xf81f, 0xf81f, 0xf81f, 0xf81f, 0xf81f, 0xf81f, 0xf81f,
    0xf81f, 0xf81f, 0xf81f, 0xf81f, 0xf81f, 0xf81f, 0xf81f, 0xf81f, 0xf81f, 0xf81f, 0xf81f, 0xf81f,
    0xf81f, 0xf81f, 0xf81f, 0xf81f, 0xf81f, 0xf81f, 0xf81f, 0xf81f, 0xf81f, 0xf81f, 0xf81f, 0xf81f,
    0xf81f, 0xf81f, 0xf81f, 0xf81f, 0xf81f, 0xf81f, 0xf81f, 0xf81f, 0xf81f, 0xf81f, 0xf81f, 0xf81f,
    0xf81f, 0x0000, 0x0000, 0x8e19, 0xffff, 0xffff, 0x0000, 0x0000, 0x0000, 0x2b10, 0x0000, 0x0000,
    0xffff, 0xffff, 0xffff, 0xffff, 0xffff, 0xffff, 0xffff, 0x0000, 0x6db8, 0x6db8, 0xffff, 0xffff,
    0xbe9c, 0xbe9c, 0xbe9c, 0x0000, 0x0000, 0x0000, 0x2b10, 0x0000, 0xffff, 0xffff, 0xffff, 0xffff,
    0xbe9c, 0xffff, 0x0000, 0xf81f, 0xf81f, 0xf81f, 0xf81f, 0xf81f, 0xf81f, 0xf81f, 0xf81f, 0xf81f,
    0xf81f, 0xf81f, 0xf81f, 0xf81f, 0xf81f, 0xf81f, 0xf81f, 0xf81f, 0xf81f, 0xf81f, 0xf81f, 0xf81f,
    0xf81f, 0xf81f, 0xf81f, 0xf81f, 0xf81f, 0xf81f, 0xf81f, 0xf81f, 0xf81f, 0xf81f, 0xf81f, 0xf81f,
    0xf81f, 0xf81f, 0xf81f, 0xf81f, 0xf81f, 0xf81f, 0xf81f, 0xf81f, 0xf81f, 0xf81f, 0xf81f, 0xf81f,
    0xf81f, 0xf81f, 0xf81f, 0xf81f, 0xf81f, 0xf81f, 0xf81f, 0xf81f, 0xf81f, 0xf81f, 0xf81f, 0xf81f,
    0xf81f, 0xf81f, 0x0000, 0xffff, 0xffff, 0xffff, 0xffff, 0xffff, 0x0000, 0x0000, 0x0000, 0xffff,
    0xffff, 0xffff, 0xffff, 0xffff, 0xffff, 0x0000, 0x0000, 0x0000, 0x0000, 0x6db8, 0xffff, 0xffff,
    0xbe9c, 0xbe9c, 0xbe9c, 0xbe9c, 0xbe9c, 0x0000, 0x0000, 0xffff, 0xffff, 0xffff, 0xffff, 0xbe9c,
    0xffff, 0xffff, 0x0000, 0xf81f, 0xf81f, 0xf81f, 0xf81f, 0xf81f, 0xf81f, 0xf81f, 0xf81f, 0xf81f,
    0xf81f, 0xf81f, 0xf81f, 0xf81f, 0xf81f, 0xf81f, 0xf81f, 0xf81f, 0xf81f, 0xf81f, 0xf81f, 0xf81f,
    0xf81f, 0xf81f, 0xf81f, 0xf81f, 0xf81f, 0xf81f, 0xf81f, 0xf81f, 0xf81f, 0xf81f, 0xf81f, 0xf81f,
    0xf81f, 0xf81f, 0xf81f, 0xf81f, 0xf81f, 0xf81f, 0xf81f, 0xf81f, 0xf81f, 0xf81f, 0xf81f, 0xf81f,
    0xf81f, 0xf81f, 0xf81f, 0xf81f, 0xf81f, 0xf81f, 0xf81f, 0xf81f, 0xf81f, 0xf81f, 0xf81f, 0xf81f,
    0xf81f, 0xf81f, 0x0000, 0xffff, 0xffff, 0xffff, 0xffff, 0xffff, 0x0000, 0xffff, 0xffff, 0xbe9c,
    0xffff, 0xffff, 0xffff, 0xffff, 0xffff, 0x0000, 0x0000, 0x64d4, 0x0000, 0x6db8, 0xffff, 0xffff,
    0xffff, 0xffff, 0xbe9c, 0xbe9c, 0xbe9c, 0xbe9c, 0x0000, 0xffff, 0xffff, 0xffff, 0xffff, 0xbe9c,
    0xffff, 0x0000, 0x0000, 0xf81f, 0xf81f, 0xf81f, 0xf81f, 0xf81f, 0xf81f, 0xf81f, 0xf81f, 0xf81f,
    0xf81f, 0xf81f, 0xf81f, 0xf81f, 0xf81f, 0xf81f, 0xf81f, 0xf81f, 0xf81f, 0xf81f, 0xf81f, 0xf81f,
    0xf81f, 0xf81f, 0xf81f, 0xf81f, 0xf81f, 0xf81f, 0xf81f, 0xf81f, 0xf81f, 0xf81f, 0xf81f, 0xf81f,
    0xf81f, 0xf81f, 0xf81f, 0xf81f, 0xf81f, 0xf81f, 0xf81f, 0xf81f, 0xf81f, 0xf81f, 0xf81f, 0xf81f,
    0xf81f, 0xf81f, 0xf81f, 0xf81f, 0xf81f, 0xf81f, 0xf81f, 0xf81f, 0xf81f, 0xf81f, 0xf81f, 0xf81f,
    0xf81f, 0xf81f, 0x0000, 0xffff, 0xffff, 0xffff, 0xffff, 0xffff, 0x0000, 0xffff, 0xbe9c, 0xbe9c,
    0xffff, 0xffff, 0xffff, 0xffff, 0x64d4, 0x0000, 0x8e19, 0x64d4, 0x0000, 0x0000, 0x0000, 0xffff,
    0xffff, 0xffff, 0xbe9c, 0xbe9c, 0xbe9c, 0xbe9c, 0x0000, 0xffff, 0xffff, 0xbe9c, 0xffff, 0xbe9c,
    0xffff, 0x0000, 0x0000, 0xf81f, 0xf81f, 0xf81f, 0xf81f, 0xf81f, 0xf81f, 0xf81f, 0xf81f, 0xf81f,
    0xf81f, 0xf81f, 0xf81f, 0xf81f, 0xf81f, 0xf81f, 0xf81f, 0xf81f, 0xf81f, 0xf81f, 0xf81f, 0xf81f,
    0xf81f, 0xf81f, 0xf81f, 0xf81f, 0xf81f, 0xf81f, 0xf81f, 0xf81f, 0xf81f, 0xf81f, 0xf81f, 0xf81f,
    0xf81f, 0xf81f, 0xf81f, 0xf81f, 0xf81f, 0xf81f, 0xf81f, 0xf81f, 0xf81f, 0xf81f, 0xf81f, 0xf81f,
    0xf81f, 0xf81f, 0xf81f, 0xf81f, 0xf81f, 0xf81f, 0xf81f, 0xf81f, 0xf81f, 0xf81f, 0xf81f, 0xf81f,
    0x0000, 0x0000, 0x0000, 0xffff, 0xbe9c, 0xffff, 0xffff, 0xffff, 0x0000, 0xbe9c, 0xbe9c, 0xbe9c,
    0xffff, 0xffff, 0xffff, 0x0000, 0x0000, 0x8e19, 0x8e19, 0x64d4, 0x64d4, 0x64d4, 0x0000, 0x0000,
    0xffff, 0xffff, 0xffff, 0xbe9c, 0xbe9c, 0xbe9c, 0x0000, 0xffff, 0xffff, 0xbe9c, 0xffff, 0xffff,
    0xffff, 0x0000, 0xffff, 0x0000, 0x0000, 0xf81f, 0xf81f, 0xf81f, 0xf81f, 0xf81f, 0xf81f, 0xf81f,
    0xf81f, 0xf81f, 0xf81f, 0xf81f, 0xf81f, 0xf81f, 0xf81f, 0xf81f, 0xf81f, 0xf81f, 0xf81f, 0xf81f,
    0xf81f, 0xf81f, 0xf81f, 0xf81f, 0xf81f, 0xf81f, 0xf81f, 0xf81f, 0xf81f, 0xf81f, 0xf81f, 0xf81f,
    0xf81f, 0xf81f, 0xf81f, 0xf81f, 0xf81f, 0xf81f, 0xf81f, 0xf81f, 0xf81f, 0xf81f, 0xf81f, 0xf81f,
    0xf81f, 0xf81f, 0xf81f, 0xf81f, 0xf81f, 0xf81f, 0xf81f, 0xf81f, 0xf81f, 0xf81f, 0xf81f, 0x0000,
    0x230d, 0x230d, 0x0000, 0x0000, 0xbe9c, 0xbe9c, 0xffff, 0xffff, 0x0000, 0xbe9c, 0xbe9c, 0xbe9c,
    0xffff, 0xffff, 0xffff, 0x0000, 0x8e19, 0x8e19, 0x8e19, 0x8e19, 0x64d4, 0x64d4, 0x64d4, 0x0000,
    0xffff, 0xffff, 0xffff, 0xffff, 0xbe9c, 0xbe9c, 0x0000, 0xffff, 0xffff, 0xbe9c, 0xffff, 0xffff,
    0xffff, 0x0000, 0xffff, 0xffff, 0x0000, 0x0000, 0x0000, 0xf81f, 0xf81f, 0xf81f, 0xf81f, 0xf81f,
    0xf81f, 0xf81f, 0xf81f, 0xf81f, 0xf81f, 0xf81f, 0xf81f, 0xf81f, 0xf81f, 0xf81f, 0xf81f, 0xf81f,
    0xf81f, 0xf81f, 0xf81f, 0xf81f, 0xf81f, 0xf81f, 0xf81f, 0xf81f, 0xf81f, 0xf81f, 0xf81f, 0xf81f,
    0xf81f, 0xf81f, 0xf81f, 0xf81f, 0xf81f, 0xf81f, 0xf81f, 0xf81f, 0xf81f, 0xf81f, 0xf81f, 0xf81f,
    0xf81f, 0xf81f, 0xf81f, 0xf81f, 0xf81f, 0xf81f, 0xf81f, 0xf81f, 0xf81f, 0x0000, 0x0000, 0x0000,
    0x230d, 0x230d, 0x0000, 0x0000, 0x8e19, 0xbe9c, 0xffff, 0xffff, 0x0000, 0xbe9c, 0xbe9c, 0xbe9c,
    0xbe9c, 0x0000, 0x0000, 0x8e19, 0x8e19, 0x8e19, 0x8e19, 0x8e19, 0x8e19, 0x8e19, 0x64d4, 0x64d4,
    0x0000, 0xffff, 0xffff, 0xbe9c, 0xbe9c, 0xbe9c, 0x0000, 0xffff, 0xffff, 0xbe9c, 0xbe9c, 0xffff,
    0x0000, 0x0000, 0xffff, 0xffff, 0xffff, 0x0000, 0x0000, 0x0000, 0xf81f, 0xf81f, 0xf81f, 0xf81f,
    0xf81f, 0xf81f, 0xf81f, 0xf81f, 0xf81f, 0xf81f, 0xf81f, 0xf81f, 0xf81f, 0xf81f, 0xf81f, 0xf81f,
    0xf81f, 0xf81f, 0xf81f, 0xf81f, 0xf81f, 0xf81f, 0xf81f, 0xf81f, 0xf81f, 0xf81f, 0xf81f, 0xf81f,
    0xf81f, 0xf81f, 0xf81f, 0xf81f, 0xf81f, 0xf81f, 0xf81f, 0xf81f, 0xf81f, 0xf81f, 0xf81f, 0xf81f,
    0xf81f, 0xf81f, 0xf81f, 0xf81f, 0xf81f, 0xf81f, 0xf81f, 0xf81f, 0xf81f, 0x0000, 0x0000, 0x6db8,
    0x6db8, 0x230d, 0x0000, 0x0000, 0xbe9c, 0xbe9c, 0xffff, 0xffff, 0x0000, 0x0000, 0x0000, 0x0000,
    0x0000, 0x8e19, 0x8e19, 0x8e19, 0xffff, 0xffff, 0xffff, 0x8e19, 0x8e19, 0x8e19, 0x8e19, 0x8e19,
    0x0000, 0x0000, 0x0000, 0x0000, 0x0000, 0x0000, 0x0000, 0xffff, 0xffff, 0xbe9c, 0xffff, 0xffff,
    0x0000, 0xffff, 0xffff, 0x6db8, 0x6db8, 0x6db8, 0x6db8, 0x8537, 0x0000, 0xf81f, 0xf81f, 0xf81f,
    0xf81f, 0xf81f, 0xf81f, 0xf81f, 0xf81f, 0xf81f, 0xf81f, 0xf81f, 0xf81f, 0xf81f, 0xf81f, 0xf81f,
    0xf81f, 0xf81f, 0xf81f, 0xf81f, 0xf81f, 0xf81f, 0xf81f, 0xf81f, 0xf81f, 0xf81f, 0xf81f, 0xf81f,
    0xf81f, 0xf81f, 0xf81f, 0xf81f, 0xf81f, 0xf81f, 0xf81f, 0xf81f, 0xf81f, 0xf81f, 0xf81f, 0xf81f,
    0xf81f, 0xf81f, 0xf81f, 0xf81f, 0xf81f, 0xf81f, 0xf81f, 0xf81f, 0x0000, 0xffff, 0xffff, 0x6db8,
    0x6db8, 0x230d, 0x230d, 0x0000, 0xffff, 0xbe9c, 0xffff, 0xffff, 0xffff, 0xffff, 0xffff, 0xffff,
    0xffff, 0xffff, 0xffff, 0xffff, 0xffff, 0xffff, 0xffff, 0xffff, 0x8e19, 0x8e19, 0x8e19, 0x8e19,
    0x8e19, 0x8e19, 0x8e19, 0x8e19, 0x8e19, 0xffff, 0xffff, 0xffff, 0xffff, 0xbe9c, 0xffff, 0x0000,
    0x0000, 0xffff, 0xffff, 0x6db8, 0x6db8, 0x6db8, 0x6db8, 0x6db8, 0x0000, 0xf81f, 0xf81f, 0xf81f,
    0xf81f, 0xf81f, 0xf81f, 0xf81f, 0xf81f, 0xf81f, 0xf81f, 0xf81f, 0xf81f, 0xf81f, 0xf81f, 0xf81f,
    0xf81f, 0xf81f, 0xf81f, 0xf81f, 0xf81f, 0xf81f, 0xf81f, 0xf81f, 0xf81f, 0xf81f, 0xf81f, 0xf81f,
    0xf81f, 0xf81f, 0xf81f, 0xf81f, 0xf81f, 0xf81f, 0xf81f, 0xf81f, 0xf81f, 0xf81f, 0xf81f, 0xf81f,
    0xf81f, 0xf81f, 0xf81f, 0xf81f, 0xf81f, 0xf81f, 0xf81f, 0xf81f, 0x0000, 0xffff, 0xffff, 0x6db8,
    0x6db8, 0x230d, 0x230d, 0x0000, 0xffff, 0xbe9c, 0xffff, 0xffff, 0xffff, 0xffff, 0xffff, 0xffff,
    0xffff, 0xffff, 0xffff, 0xffff, 0xffff, 0xffff, 0xffff, 0xffff, 0xffff, 0x8e19, 0x8e19, 0x8e19,
    0x8e19, 0x8e19, 0x8e19, 0x8e19, 0x8e19, 0x8e19, 0x8e19, 0xffff, 0xffff, 0xbe9c, 0xffff, 0x0000,
    0xffff, 0xffff, 0xffff, 0xbe9c, 0xbe9c, 0xbe9c, 0xbe9c, 0x6db8, 0x0000, 0x0000, 0xf81f, 0xf81f,
    0xf81f, 0xf81f, 0xf81f, 0xf81f, 0xf81f, 0xf81f, 0xf81f, 0xf81f, 0xf81f, 0xf81f, 0xf81f, 0xf81f,
    0xf81f, 0xf81f, 0xf81f, 0xf81f, 0xf81f, 0xf81f, 0xf81f, 0xf81f, 0xf81f, 0xf81f, 0xf81f, 0xf81f,
    0xf81f, 0xf81f, 0xf81f, 0xf81f, 0xf81f, 0xf81f, 0xf81f, 0xf81f, 0xf81f, 0xf81f, 0xf81f, 0xf81f,
    0xf81f, 0xf81f, 0xf81f, 0xf81f, 0xf81f, 0xf81f, 0xf81f, 0x0000, 0x0000, 0xffff, 0xffff, 0x6db8,
    0x6db8, 0x230d, 0x230d, 0x0000, 0xffff, 0xffff, 0xffff, 0xffff, 0xffff, 0xffff, 0xffff, 0xffff,
    0xffff, 0xffff, 0xffff, 0xffff, 0xffff, 0xffff, 0xffff, 0xffff, 0xffff, 0xffff, 0xffff, 0xffff,
    0x8e19, 0x8e19, 0x8e19, 0x8e19, 0x8e19, 0x8e19, 0xffff, 0xffff, 0xbe9c, 0x6db8, 0xffff, 0x0000,
    0xffff, 0x6db8, 0xbe9c, 0xbe9c, 0xbe9c, 0xbe9c, 0xbe9c, 0xbe9c, 0xffff, 0x0000, 0xf81f, 0xf81f,
    0xf81f, 0xf81f, 0xf81f, 0xf81f, 0xf81f, 0xf81f, 0xf81f, 0xf81f, 0xf81f, 0xf81f, 0xf81f, 0xf81f,
    0xf81f, 0xf81f, 0xf81f, 0xf81f, 0xf81f, 0xf81f, 0xf81f, 0xf81f, 0xf81f, 0xf81f, 0xf81f, 0xf81f,
    0xf81f, 0xf81f, 0xf81f, 0xf81f, 0xf81f, 0xf81f, 0xf81f, 0xf81f, 0xf81f, 0xf81f, 0xf81f, 0xf81f,
    0xf81f, 0xf81f, 0xf81f, 0xf81f, 0xf81f, 0xf81f, 0xf81f, 0x0000, 0x0000, 0xffff, 0xffff, 0xffff,
    0x8537, 0x230d, 0x230d, 0x0000, 0x0000, 0xffff, 0xffff, 0xffff, 0xffff, 0xffff, 0xffff, 0xffff,
    0xffff, 0xffff, 0xffff, 0xffff, 0xffff, 0xffff, 0xffff, 0xffff, 0xffff, 0xffff, 0xffff, 0xffff,
    0xffff, 0xffff, 0xffff, 0xffff, 0xffff, 0xffff, 0xffff, 0xffff, 0x6db8, 0x6db8, 0x0000, 0x0000,
    0xffff, 0x6db8, 0xbe9c, 0xbe9c, 0xbe9c, 0xbe9c, 0xffff, 0xffff, 0xffff, 0xffff, 0x0000, 0xf81f,
    0xf81f, 0xf81f, 0xf81f, 0xf81f, 0xf81f, 0xf81f, 0xf81f, 0xf81f, 0xf81f, 0xf81f, 0xf81f, 0xf81f,
    0xf81f, 0xf81f, 0xf81f, 0xf81f, 0xf81f, 0xf81f, 0xf81f, 0xf81f, 0xf81f, 0xf81f, 0xf81f, 0xf81f,
    0xf81f, 0xf81f, 0xf81f, 0xf81f, 0xf81f, 0xf81f, 0xf81f, 0xf81f, 0xf81f, 0xf81f, 0xf81f, 0xf81f,
    0xf81f, 0xf81f, 0xf81f, 0xf81f, 0xf81f, 0xf81f, 0xf81f, 0x0000, 0x0000, 0xffff, 0xffff, 0xffff,
    0x8537, 0x6db8, 0x230d, 0x0000, 0x0000, 0x0000, 0xffff, 0xffff, 0xffff, 0xffff, 0xffff, 0xffff,
    0xffff, 0xffff, 0xffff, 0xffff, 0xffff, 0xffff, 0xffff, 0xffff, 0xffff, 0xffff, 0xffff, 0xffff,
    0xffff, 0xffff, 0xffff, 0xffff, 0xffff, 0xffff, 0xbe9c, 0xbe9c, 0x6db8, 0x0000, 0x0000, 0xffff,
    0xffff, 0x8537, 0xffff, 0xffff, 0xffff, 0xffff, 0xffff, 0xffff, 0xffff, 0xffff, 0x0000, 0xf81f,
    0xf81f, 0xf81f, 0xf81f, 0xf81f, 0xf81f, 0xf81f, 0xf81f, 0xf81f, 0xf81f, 0xf81f, 0xf81f, 0xf81f,
    0xf81f, 0xf81f, 0xf81f, 0xf81f, 0xf81f, 0xf81f, 0xf81f, 0xf81f, 0xf81f, 0xf81f, 0xf81f, 0xf81f,
    0xf81f, 0xf81f, 0xf81f, 0xf81f, 0xf81f, 0xf81f, 0xf81f, 0xf81f, 0xf81f, 0xf81f, 0xf81f, 0xf81f,
    0xf81f, 0xf81f, 0xf81f, 0xf81f, 0xf81f, 0xf81f, 0xf81f, 0x0000, 0xffff, 0xffff, 0xffff, 0xbe9c,
    0x8537, 0x6db8, 0x230d, 0x0000, 0x0000, 0x0000, 0xffff, 0xffff, 0xffff, 0xffff, 0xffff, 0xffff,
    0xffff, 0xffff, 0xffff, 0xffff, 0xffff, 0xffff, 0xffff, 0xffff, 0xffff, 0xffff, 0xffff, 0xffff,
    0xffff, 0xffff, 0xffff, 0xffff, 0xffff, 0xbe9c, 0xbe9c, 0x6db8, 0x6db8, 0x0000, 0xffff, 0x8537,
    0x8537, 0x8537, 0xffff, 0xffff, 0xffff, 0xffff, 0xffff, 0xffff, 0xffff, 0xffff, 0x0000, 0x0000,
    0xf81f, 0xf81f, 0xf81f, 0xf81f, 0xf81f, 0xf81f, 0xf81f, 0xf81f, 0xf81f, 0xf81f, 0xf81f, 0xf81f,
    0xf81f, 0xf81f, 0xf81f, 0xf81f, 0xf81f, 0xf81f, 0xf81f, 0xf81f, 0xf81f, 0xf81f, 0xf81f, 0xf81f,
    0xf81f, 0xf81f, 0xf81f, 0xf81f, 0xf81f, 0xf81f, 0xf81f, 0xf81f, 0xf81f, 0xf81f, 0xf81f, 0xf81f,
    0xf81f, 0xf81f, 0xf81f, 0xf81f, 0xf81f, 0xf81f, 0x0000, 0x0000, 0xffff, 0xffff, 0xffff, 0xbe9c,
    0x8537, 0x6db8, 0x230d, 0x0000, 0x2b10, 0x1168, 0x0000, 0xffff, 0xffff, 0xffff, 0xffff, 0xffff,
    0xffff, 0xffff, 0xffff, 0xffff, 0xffff, 0xffff, 0xffff, 0xffff, 0xffff, 0xffff, 0xffff, 0xffff,
    0xffff, 0xffff, 0xffff, 0xffff, 0xffff, 0xbe9c, 0xbe9c, 0x6db8, 0x0000, 0x0000, 0xbe9c, 0x8537,
    0x8537, 0x8537, 0xffff, 0xffff, 0xffff, 0xffff, 0xffff, 0xffff, 0xffff, 0xffff, 0xffff, 0x0000,
    0xf81f, 0xf81f, 0xf81f, 0xf81f, 0xf81f, 0xf81f, 0xf81f, 0xf81f, 0xf81f, 0xf81f, 0xf81f, 0xf81f,
    0xf81f, 0xf81f, 0xf81f, 0xf81f, 0xf81f, 0xf81f, 0xf81f, 0xf81f, 0xf81f, 0xf81f, 0xf81f, 0xf81f,
    0xf81f, 0xf81f, 0xf81f, 0xf81f, 0xf81f, 0xf81f, 0xf81f, 0xf81f, 0xf81f, 0xf81f, 0xf81f, 0xf81f,
    0xf81f, 0xf81f, 0xf81f, 0xf81f, 0xf81f, 0xf81f, 0x0000, 0xffff, 0xffff, 0xffff, 0xffff, 0xbe9c,
    0x8537, 0x230d, 0x230d, 0x0000, 0x2b10, 0x1168, 0x0000, 0x0000, 0xffff, 0xffff, 0xffff, 0xffff,
    0xffff, 0xffff, 0xffff, 0xffff, 0xffff, 0xffff, 0xffff, 0xffff, 0xffff, 0xffff, 0xffff, 0xffff,
    0xffff, 0xffff, 0xffff, 0xffff, 0xbe9c, 0xbe9c, 0x6db8, 0x6db8, 0x0000, 0x0000, 0x8537, 0x8537,
    0x8537, 0xffff, 0xffff, 0xffff, 0xffff, 0xffff, 0xffff, 0xffff, 0xffff, 0xffff, 0xffff, 0x0000,
    0xf81f, 0xf81f, 0xf81f, 0xf81f, 0xf81f, 0xf81f, 0xf81f, 0xf81f, 0xf81f, 0xf81f, 0xf81f, 0xf81f,
    0xf81f, 0xf81f, 0xf81f, 0xf81f, 0xf81f, 0xf81f, 0xf81f, 0xf81f, 0xf81f, 0xf81f, 0xf81f, 0xf81f,
    0xf81f, 0xf81f, 0xf81f, 0xf81f, 0xf81f, 0xf81f, 0xf81f, 0xf81f, 0xf81f, 0xf81f, 0xf81f, 0xf81f,
    0xf81f, 0xf81f, 0xf81f, 0xf81f, 0xf81f, 0xf81f, 0x0000, 0xffff, 0xffff, 0xffff, 0xbe9c, 0xbe9c,
    0x6db8, 0x230d, 0x230d, 0x0000, 0x2b10, 0x1168, 0x1168, 0x0000, 0xffff, 0xffff, 0xffff, 0xffff,
    0xffff, 0xffff, 0xffff, 0xffff, 0xffff, 0xffff, 0xffff, 0xffff, 0xffff, 0xffff, 0xffff, 0xffff,
    0xffff, 0xffff, 0xffff, 0xbe9c, 0xbe9c, 0x6db8, 0x6db8, 0x0000, 0x0000, 0x0000, 0x8537, 0x8537,
    0xffff, 0xffff, 0xffff, 0xffff, 0xffff, 0xffff, 0xffff, 0xffff, 0xffff, 0xffff, 0xffff, 0x0000,
    0xf81f, 0xf81f, 0xf81f, 0xf81f, 0xf81f, 0xf81f, 0xf81f, 0xf81f, 0xf81f, 0xf81f, 0xf81f, 0xf81f,
    0xf81f, 0xf81f, 0xf81f, 0xf81f, 0xf81f, 0xf81f, 0xf81f, 0xf81f, 0xf81f, 0xf81f, 0xf81f, 0xf81f,
    0xf81f, 0xf81f, 0xf81f, 0xf81f, 0xf81f, 0xf81f, 0xf81f, 0xf81f, 0xf81f, 0xf81f, 0xf81f, 0xf81f,
    0xf81f, 0xf81f, 0xf81f, 0xf81f, 0xf81f, 0x0000, 0x0000, 0xffff, 0xffff, 0xffff, 0xbe9c, 0xbe9c,
    0x6db8, 0x6db8, 0x230d, 0x0000, 0x2b10, 0x2b10, 0x1168, 0x0000, 0x0000, 0xffff, 0xffff, 0xffff,
    0xffff, 0xffff, 0xffff, 0xffff, 0xffff, 0xffff, 0xffff, 0xffff, 0xffff, 0xffff, 0xffff, 0xffff,
    0xffff, 0xffff, 0xbe9c, 0xbe9c, 0x6db8, 0x6db8, 0x0000, 0x0000, 0x0000, 0x0000, 0x8537, 0x8537,
    0xffff, 0xffff, 0xffff, 0xffff, 0xffff, 0xffff, 0xffff, 0xffff, 0xffff, 0xffff, 0xffff, 0x0000,
    0xf81f, 0xf81f, 0xf81f, 0xf81f, 0xf81f, 0xf81f, 0xf81f, 0xf81f, 0xf81f, 0xf81f, 0xf81f, 0xf81f,
    0xf81f, 0xf81f, 0xf81f, 0xf81f, 0xf81f, 0xf81f, 0xf81f, 0xf81f, 0xf81f, 0xf81f, 0xf81f, 0xf81f,
    0xf81f, 0xf81f, 0xf81f, 0xf81f, 0xf81f, 0xf81f, 0xf81f, 0xf81f, 0xf81f, 0xf81f, 0xf81f, 0xf81f,
    0xf81f, 0xf81f, 0xf81f, 0xf81f, 0xf81f, 0x0000, 0xffff, 0xffff, 0xffff, 0xffff, 0xbe9c, 0xbe9c,
    0x6db8, 0x6db8, 0x0000, 0x0000, 0x2b10, 0x2b10, 0x2b10, 0x1168, 0x0000, 0x0000, 0xffff, 0xffff,
    0xffff, 0xffff, 0xffff, 0xffff, 0xffff, 0xffff, 0xffff, 0xffff, 0xffff, 0xffff, 0xffff, 0xffff,
    0xbe9c, 0xbe9c, 0xbe9c, 0x6db8, 0x6db8, 0x0000, 0x0000, 0x0000, 0x0000, 0x0000, 0xffff, 0xffff,
    0xffff, 0xffff, 0xffff, 0xffff, 0xffff, 0xffff, 0xffff, 0xffff, 0xffff, 0xffff, 0xffff, 0xffff,
    0x0000, 0xf81f, 0xf81f, 0xf81f, 0xf81f, 0xf81f, 0xf81f, 0xf81f, 0xf81f, 0xf81f, 0xf81f, 0xf81f,
    0xf81f, 0xf81f, 0xf81f, 0xf81f, 0xf81f, 0xf81f, 0xf81f, 0xf81f, 0xf81f, 0xf81f, 0xf81f, 0xf81f,
    0xf81f, 0xf81f, 0xf81f, 0xf81f, 0xf81f, 0xf81f, 0xf81f, 0xf81f, 0xf81f, 0xf81f, 0xf81f, 0xf81f,
    0xf81f, 0xf81f, 0xf81f, 0xf81f, 0xf81f, 0x0000, 0xffff, 0xffff, 0xffff, 0xbe9c, 0xbe9c, 0x8537,
    0x6db8, 0x6db8, 0x0000, 0xffff, 0x0000, 0x2b10, 0x2b10, 0x1168, 0x1168, 0x1168, 0x0000, 0xffff,
    0xffff, 0xffff, 0xffff, 0xffff, 0xffff, 0xffff, 0xffff, 0xffff, 0xffff, 0xffff, 0xffff, 0xbe9c,
    0xbe9c, 0x6db8, 0x6db8, 0x6db8, 0x6db8, 0x0000, 0x1168, 0x1168, 0x0000, 0x0000, 0xffff, 0xffff,
    0xffff, 0xffff, 0xffff, 0xffff, 0xffff, 0xffff, 0xffff, 0xffff, 0xffff, 0xffff, 0xffff, 0xffff,
    0x0000, 0xf81f, 0xf81f, 0xf81f, 0xf81f, 0xf81f, 0xf81f, 0xf81f, 0xf81f, 0xf81f, 0xf81f, 0xf81f,
    0xf81f, 0xf81f, 0xf81f, 0xf81f, 0xf81f, 0xf81f, 0xf81f, 0xf81f, 0xf81f, 0xf81f, 0xf81f, 0xf81f,
    0xf81f, 0xf81f, 0xf81f, 0xf81f, 0xf81f, 0xf81f, 0xf81f, 0xf81f, 0xf81f, 0xf81f, 0xf81f, 0xf81f,
    0xf81f, 0xf81f, 0xf81f, 0xf81f, 0x0000, 0x0000, 0xffff, 0xffff, 0xffff, 0xbe9c, 0xbe9c, 0x6db8,
    0x6db8, 0x8537, 0x0000, 0xffff, 0x0000, 0x2b10, 0x2b10, 0x1168, 0x1168, 0x1168, 0x0000, 0x0000,
    0xffff, 0xffff, 0xffff, 0xffff, 0xffff, 0xffff, 0xffff, 0xffff, 0xffff, 0xffff, 0xbe9c, 0x6db8,
    0x6db8, 0x6db8, 0x6db8, 0x6db8, 0x0000, 0x1168, 0x1168, 0x0000, 0x8e19, 0x0000, 0xffff, 0xffff,
    0xffff, 0xffff, 0xffff, 0xffff, 0xffff, 0xffff, 0xffff, 0xffff, 0xffff, 0xffff, 0xffff, 0xffff,
    0x0000, 0xf81f, 0xf81f, 0xf81f, 0xf81f, 0xf81f, 0xf81f, 0xf81f, 0xf81f, 0xf81f, 0xf81f, 0xf81f,
    0xf81f, 0xf81f, 0xf81f, 0xf81f, 0xf81f, 0xf81f, 0xf81f, 0xf81f, 0xf81f, 0xf81f, 0xf81f, 0xf81f,
    0xf81f, 0xf81f, 0xf81f, 0xf81f, 0xf81f, 0xf81f, 0xf81f, 0xf81f, 0xf81f, 0xf81f, 0xf81f, 0xf81f,
    0xf81f, 0xf81f, 0xf81f, 0xf81f, 0x0000, 0xffff, 0xffff, 0xffff, 0xffff, 0xbe9c, 0xbe9c, 0x6db8,
    0x6db8, 0x0000, 0x0000, 0xffff, 0x0000, 0x2b10, 0x2b10, 0x2b10, 0x1168, 0x1168, 0x1168, 0x0000,
    0x0000, 0xffff, 0xffff, 0xffff, 0xffff, 0xffff, 0xffff, 0xffff, 0xffff, 0xbe9c, 0xbe9c, 0x6db8,
    0x6db8, 0x6db8, 0x6db8, 0x0000, 0x0000, 0x1168, 0x1168, 0x0000, 0x8e19, 0x0000, 0xffff, 0xffff,
    0xffff, 0xffff, 0xffff, 0xffff, 0xffff, 0xffff, 0xffff, 0xffff, 0xffff, 0xffff, 0xffff, 0xffff,
    0x0000, 0xf81f, 0xf81f, 0xf81f, 0xf81f, 0xf81f, 0xf81f, 0xf81f, 0xf81f, 0xf81f, 0xf81f, 0xf81f,
    0xf81f, 0xf81f, 0xf81f, 0xf81f, 0xf81f, 0xf81f, 0xf81f, 0xf81f, 0xf81f, 0xf81f, 0xf81f, 0xf81f,
    0xf81f, 0xf81f, 0xf81f, 0xf81f, 0xf81f, 0xf81f, 0xf81f, 0xf81f, 0xf81f, 0xf81f, 0xf81f, 0xf81f,
    0xf81f, 0xf81f, 0xf81f, 0xf81f, 0x0000, 0xffff, 0xffff, 0xffff, 0xbe9c, 0xbe9c, 0x8537, 0x6db8,
    0x6db8, 0x0000, 0xffff, 0xffff, 0x0000, 0x2b10, 0x2b10, 0x4c56, 0x0000, 0x1168, 0x1168, 0x1168,
    0x1168, 0xffff, 0xffff, 0xffff, 0xffff, 0xffff, 0xffff, 0xffff, 0xbe9c, 0xbe9c, 0x6db8, 0x6db8,
    0x6db8, 0x6db8, 0x0000, 0x1168, 0x1168, 0x1168, 0x0000, 0x8e19, 0x8e19, 0x0000, 0xffff, 0xffff,
    0xffff, 0xffff, 0xffff, 0xffff, 0xffff, 0xffff, 0xffff, 0xffff, 0xffff, 0xffff, 0xffff, 0xffff,
    0xffff, 0x0000, 0xf81f, 0xf81f, 0xf81f, 0xf81f, 0xf81f, 0xf81f, 0xf81f, 0xf81f, 0xf81f, 0xf81f,
    0xf81f, 0xf81f, 0xf81f, 0xf81f, 0xf81f, 0xf81f, 0xf81f, 0xf81f, 0xf81f, 0xf81f, 0xf81f, 0xf81f,
    0xf81f, 0xf81f, 0xf81f, 0xf81f, 0xf81f, 0xf81f, 0xf81f, 0xf81f, 0xf81f, 0xf81f, 0xf81f, 0xf81f,
    0xf81f, 0xf81f, 0xf81f, 0xf81f, 0x0000, 0xffff, 0xffff, 0xffff, 0xbe9c, 0xbe9c, 0x6db8, 0x6db8,
    0x6db8, 0x0000, 0xffff, 0xffff, 0x0000, 0x2b10, 0x2b10, 0x4c56, 0x4c56, 0x1168, 0x1168, 0x1168,
    0x1168, 0x0000, 0xffff, 0xffff, 0xffff, 0xffff, 0xffff, 0xffff, 0xbe9c, 0xbe9c, 0x6db8, 0x6db8,
    0x6db8, 0x6db8, 0x0000, 0x1168, 0x1168, 0x1168, 0x0000, 0xbe9c, 0x8e19, 0x0000, 0xffff, 0xffff,
    0xffff, 0xffff, 0xffff, 0xffff, 0xffff, 0xffff, 0xffff, 0xffff, 0xffff, 0xffff, 0x6db8, 0xffff,
    0xffff, 0x0000, 0xf81f, 0xf81f, 0xf81f, 0xf81f, 0xf81f, 0xf81f, 0xf81f, 0xf81f, 0xf81f, 0xf81f,
    0xf81f, 0xf81f, 0xf81f, 0xf81f, 0xf81f, 0xf81f, 0xf81f, 0xf81f, 0xf81f, 0xf81f, 0xf81f, 0xf81f,
    0xf81f, 0xf81f, 0xf81f, 0xf81f, 0xf81f, 0xf81f, 0xf81f, 0xf81f, 0xf81f, 0xf81f, 0xf81f, 0xf81f,
    0xf81f, 0xf81f, 0xf81f, 0x0000, 0xffff, 0xffff, 0xffff, 0xffff, 0xbe9c, 0x6db8, 0x6db8, 0x6db8,
    0x0000, 0x0000, 0xffff, 0xffff, 0xffff, 0x0000, 0x2b10, 0x2b10, 0x4c56, 0x4c56, 0x1168, 0x1168,
    0x1168, 0x0000, 0x0000, 0xffff, 0xffff, 0xffff, 0xffff, 0xffff, 0xbe9c, 0xbe9c, 0x6db8, 0x6db8,
    0x6db8, 0x0000, 0x1168, 0x1168, 0x7d9a, 0x0000, 0x0000, 0xbe9c, 0x8e19, 0x0000, 0xffff, 0xffff,
    0xffff, 0xffff, 0xffff, 0xffff, 0xffff, 0xffff, 0xffff, 0xffff, 0xffff, 0xffff, 0x6db8, 0xffff,
    0xffff, 0x0000, 0xf81f, 0xf81f, 0xf81f, 0xf81f, 0xf81f, 0xf81f, 0xf81f, 0xf81f, 0xf81f, 0xf81f,
    0xf81f, 0xf81f, 0xf81f, 0xf81f, 0xf81f, 0xf81f, 0xf81f, 0xf81f, 0xf81f, 0xf81f, 0xf81f, 0xf81f,
    0xf81f, 0xf81f, 0xf81f, 0xf81f, 0xf81f, 0xf81f, 0xf81f, 0xf81f, 0xf81f, 0xf81f, 0xf81f, 0xf81f,
    0xf81f, 0xf81f, 0xf81f, 0x0000, 0xffff, 0xffff, 0xffff, 0xffff, 0xbe9c, 0x6db8, 0x6db8, 0x6db8,
    0x0000, 0xffff, 0xffff, 0xffff, 0xffff, 0x0000, 0x0000, 0x2b10, 0x2b10, 0x4c56, 0x4c56, 0x1168,
    0x1168, 0x1168, 0x0000, 0x0000, 0xffff, 0xffff, 0xffff, 0xffff, 0xbe9c, 0xbe9c, 0x6db8, 0x0000,
    0x0000, 0x0000, 0x1168, 0x2b10, 0x7d9a, 0x0000, 0xffff, 0x8e19, 0x8e19, 0x0000, 0xffff, 0xffff,
    0xffff, 0xffff, 0xffff, 0xffff, 0xffff, 0xffff, 0xffff, 0xffff, 0xffff, 0xffff, 0x6db8, 0xbe9c,
    0xffff, 0x0000, 0xf81f, 0xf81f, 0xf81f, 0xf81f, 0xf81f, 0xf81f, 0xf81f, 0xf81f, 0xf81f, 0xf81f,
    0xf81f, 0xf81f, 0xf81f, 0xf81f, 0xf81f, 0xf81f, 0xf81f, 0xf81f, 0xf81f, 0xf81f, 0xf81f, 0xf81f,
    0xf81f, 0xf81f, 0xf81f, 0xf81f, 0xf81f, 0xf81f, 0xf81f, 0xf81f, 0xf81f, 0xf81f, 0xf81f, 0xf81f,
    0xf81f, 0xf81f, 0x0000, 0x0000, 0xffff, 0xffff, 0xffff, 0xffff, 0xbe9c, 0x6db8, 0x6db8, 0x6db8,
    0x0000, 0xffff, 0xffff, 0xffff, 0xffff, 0xffff, 0x0000, 0x0000, 0x2b10, 0x4c56, 0x4c56, 0x4c56,
    0x1168, 0x1168, 0x1168, 0x0000, 0x0000, 0xffff, 0xffff, 0xffff, 0xbe9c, 0xbe9c, 0x0000, 0x0000,
    0x1168, 0x1168, 0x2b10, 0x4c56, 0x0000, 0x0000, 0x8e19, 0x8e19, 0x0000, 0x0000, 0xffff, 0xffff,
    0xffff, 0xffff, 0xffff, 0xffff, 0xffff, 0xffff, 0xffff, 0xffff, 0xffff, 0xffff, 0x6db8, 0xbe9c,
    0xffff, 0x0000, 0x0000, 0xf81f, 0xf81f, 0xf81f, 0xf81f, 0xf81f, 0xf81f, 0xf81f, 0xf81f, 0xf81f,
    0xf81f, 0xf81f, 0xf81f, 0xf81f, 0xf81f, 0xf81f, 0xf81f, 0xf81f, 0xf81f, 0xf81f, 0xf81f, 0xf81f,
    0xf81f, 0xf81f, 0xf81f, 0xf81f, 0xf81f, 0xf81f, 0xf81f, 0xf81f, 0xf81f, 0xf81f, 0xf81f, 0xf81f,
    0xf81f, 0xf81f, 0x0000, 0xffff, 0xffff, 0xffff, 0xffff, 0xffff, 0x8537, 0x6db8, 0x6db8, 0x6db8,
    0x0000, 0xffff, 0xffff, 0xffff, 0xffff, 0xffff, 0xffff, 0x0000, 0x0000, 0x2b10, 0x4c56, 0x4c56,
    0x4c56, 0x1168, 0x1168, 0x1168, 0x0000, 0x0000, 0x0000, 0x0000, 0x0000, 0x0000, 0x1168, 0x1168,
    0x1168, 0x2b10, 0x4c56, 0x0000, 0x0000, 0xffff, 0x8e19, 0x0000, 0x0000, 0xffff, 0xffff, 0xffff,
    0xffff, 0xffff, 0xffff, 0xffff, 0xffff, 0xffff, 0xffff, 0xffff, 0xffff, 0xffff, 0x6db8, 0xbe9c,
    0xffff, 0xffff, 0x0000, 0xf81f, 0xf81f, 0xf81f, 0xf81f, 0xf81f, 0xf81f, 0xf81f, 0xf81f, 0xf81f,
    0xf81f, 0xf81f, 0xf81f, 0xf81f, 0xf81f, 0xf81f, 0xf81f, 0xf81f, 0xf81f, 0xf81f, 0xf81f, 0xf81f,
    0xf81f, 0xf81f, 0xf81f, 0xf81f, 0xf81f, 0xf81f, 0xf81f, 0xf81f, 0xf81f, 0xf81f, 0xf81f, 0xf81f,
    0xf81f, 0xf81f, 0x0000, 0xffff, 0xffff, 0xffff, 0xffff, 0xbe9c, 0x8537, 0x6db8, 0x6db8, 0x0000,
    0x0000, 0xffff, 0xffff, 0xffff, 0xffff, 0xffff, 0xffff, 0xffff, 0x0000, 0x0000, 0x2b10, 0x4c56,
    0x4c56, 0x4c56, 0x1168, 0x1168, 0x1168, 0x1168, 0x1168, 0x1168, 0x1168, 0x1168, 0x1168, 0x2b10,
    0x4c56, 0x4c56, 0x0000, 0x0000, 0xffff, 0x8e19, 0x8e19, 0x0000, 0xffff, 0xffff, 0xffff, 0xffff,
    0xffff, 0xffff, 0xffff, 0xffff, 0xffff, 0xffff, 0xffff, 0xffff, 0xffff, 0xffff, 0x6db8, 0xbe9c,
    0xffff, 0xffff, 0x0000, 0xf81f, 0xf81f, 0xf81f, 0xf81f, 0xf81f, 0xf81f, 0xf81f, 0xf81f, 0xf81f,
    0xf81f, 0xf81f, 0xf81f, 0xf81f, 0xf81f, 0xf81f, 0xf81f, 0xf81f, 0xf81f, 0xf81f, 0xf81f, 0xf81f,
    0xf81f, 0xf81f, 0xf81f, 0xf81f, 0xf81f, 0xf81f, 0xf81f, 0xf81f, 0xf81f, 0xf81f, 0xf81f, 0xf81f,
    0xf81f, 0xf81f, 0x0000, 0xffff, 0xffff, 0xffff, 0xffff, 0xbe9c, 0x8537, 0x6db8, 0x6db8, 0x0000,
    0xffff, 0xffff, 0xffff, 0xffff, 0xffff, 0xffff, 0xffff, 0xffff, 0xffff, 0x0000, 0x0000, 0x2b10,
    0x2b10, 0x2b10, 0x4c56, 0x1168, 0x1168, 0x1168, 0x1168, 0x1168, 0x1168, 0x1168, 0x2b10, 0x4c56,
    0x4c56, 0x0000, 0x0000, 0xffff, 0xbe9c, 0xbe9c, 0x8e19, 0x0000, 0xffff, 0xffff, 0xffff, 0xffff,
    0xffff, 0xffff, 0xffff, 0xffff, 0xffff, 0xffff, 0xffff, 0xffff, 0xffff, 0xffff, 0x6db8, 0xbe9c,
    0xbe9c, 0xffff, 0x0000, 0xf81f, 0xf81f, 0xf81f, 0xf81f, 0xf81f, 0xf81f, 0xf81f, 0xf81f, 0xf81f,
    0xf81f, 0xf81f, 0xf81f, 0xf81f, 0xf81f, 0xf81f, 0xf81f, 0xf81f, 0xf81f, 0xf81f, 0xf81f, 0xf81f,
    0xf81f, 0xf81f, 0xf81f, 0xf81f, 0xf81f, 0xf81f, 0xf81f, 0xf81f, 0xf81f, 0xf81f, 0xf81f, 0xf81f,
    0xf81f, 0x0000, 0x0000, 0xffff, 0xffff, 0xffff, 0xffff, 0xbe9c, 0x8537, 0x8537, 0x6db8, 0x0000,
    0xffff, 0xffff, 0xffff, 0xffff, 0xffff, 0xffff, 0xffff, 0xffff, 0xffff, 0xffff, 0x0000, 0x0000,
    0x2b10, 0x4c56, 0x2b10, 0x2b10, 0x2b10, 0x2b10, 0x2b10, 0x2b10, 0x4c56, 0x4c56, 0x4c56, 0x4c56,
    0x0000, 0x0000, 0xffff, 0xffff, 0xbe9c, 0x8e19, 0x8e19, 0x0000, 0xffff, 0xffff, 0xffff, 0xffff,
    0xffff, 0xffff, 0xffff, 0xffff, 0xffff, 0xffff, 0xffff, 0xffff, 0xffff, 0xffff, 0x6db8, 0xbe9c,
    0xbe9c, 0xffff, 0x0000, 0xf81f, 0xf81f, 0xf81f, 0xf81f, 0xf81f, 0xf81f, 0xf81f, 0xf81f, 0xf81f,
    0xf81f, 0xf81f, 0xf81f, 0xf81f, 0xf81f, 0xf81f, 0xf81f, 0xf81f, 0xf81f, 0xf81f, 0xf81f, 0xf81f,
    0xf81f, 0xf81f, 0xf81f, 0xf81f, 0xf81f, 0xf81f, 0xf81f, 0xf81f, 0xf81f, 0xf81f, 0xf81f, 0xf81f,
    0xf81f, 0x0000, 0xffff, 0xffff, 0xffff, 0xffff, 0xbe9c, 0xbe9c, 0x8537, 0x8537, 0x8537, 0x0000,
    0xffff, 0xffff, 0xffff, 0xffff, 0xffff, 0xbe9c, 0xffff, 0xbe9c, 0xffff, 0xffff, 0xffff, 0x0000,
    0x0000, 0x4c56, 0x4c56, 0x4c56, 0x2b10, 0x2b10, 0x2b10, 0x4c56, 0x4c56, 0x4c56, 0x0000, 0x0000,
    0x0000, 0xffff, 0xffff, 0xbe9c, 0xbe9c, 0x8e19, 0x8e19, 0x0000, 0xffff, 0xffff, 0xffff, 0xffff,
    0xffff, 0xffff, 0xffff, 0xffff, 0xffff, 0xffff, 0xffff, 0xffff, 0xffff, 0x6db8, 0x6db8, 0xbe9c,
    0xbe9c, 0xbe9c, 0x0000, 0xf81f, 0xf81f, 0xf81f, 0xf81f, 0xf81f, 0xf81f, 0xf81f, 0xf81f, 0xf81f,
    0xf81f, 0xf81f, 0xf81f, 0xf81f, 0xf81f, 0xf81f, 0xf81f, 0xf81f, 0xf81f, 0xf81f, 0xf81f, 0xf81f,
    0xf81f, 0xf81f, 0xf81f, 0xf81f, 0xf81f, 0xf81f, 0xf81f, 0xf81f, 0xf81f, 0xf81f, 0xf81f, 0xf81f,
    0xf81f, 0x0000, 0xffff, 0xffff, 0xffff, 0xffff, 0xbe9c, 0xbe9c, 0x8537, 0x8537, 0x8537, 0x0000,
    0xffff, 0xffff, 0xffff, 0xffff, 0xffff, 0xbe9c, 0xffff, 0xbe9c, 0xbe9c, 0xffff, 0xffff, 0xffff,
    0x0000, 0x0000, 0x0000, 0x4c56, 0x4c56, 0x4c56, 0x4c56, 0x4c56, 0x0000, 0x0000, 0x0000, 0xffff,
    0xffff, 0xffff, 0xffff, 0xbe9c, 0xbe9c, 0x8e19, 0x8e19, 0x0000, 0xffff, 0xffff, 0xffff, 0xffff,
    0xffff, 0xffff, 0xffff, 0xffff, 0xffff, 0xffff, 0xffff, 0xffff, 0xffff, 0x6db8, 0x6db8, 0xbe9c,
    0xbe9c, 0xbe9c, 0x0000, 0xf81f, 0xf81f, 0xf81f, 0xf81f, 0xf81f, 0xf81f, 0xf81f, 0xf81f, 0xf81f,
    0xf81f, 0xf81f, 0xf81f, 0xf81f, 0xf81f, 0xf81f, 0xf81f, 0xf81f, 0xf81f, 0xf81f, 0xf81f, 0xf81f,
    0xf81f, 0xf81f, 0xf81f, 0xf81f, 0xf81f, 0xf81f, 0xf81f, 0xf81f, 0xf81f, 0xf81f, 0xf81f, 0xf81f,
    0xf81f, 0x0000, 0xffff, 0xffff, 0xffff, 0xffff, 0xbe9c, 0xbe9c, 0x8537, 0x8537, 0x8537, 0x0000,
    0xffff, 0xffff, 0xffff, 0xffff, 0xffff, 0xbe9c, 0xbe9c, 0xbe9c, 0xbe9c, 0xbe9c, 0xbe9c, 0xffff,
    0xffff, 0xffff, 0x0000, 0x0000, 0x0000, 0x0000, 0x0000, 0x0000, 0x0000, 0xffff, 0xffff, 0xffff,
    0xffff, 0xffff, 0xffff, 0xbe9c, 0x8e19, 0x8e19, 0x8e19, 0x0000, 0xffff, 0xffff, 0xffff, 0xffff,
    0xffff, 0xffff, 0xffff, 0xffff, 0xffff, 0xffff, 0xffff, 0xffff, 0x6db8, 0x6db8, 0x6db8, 0xbe9c,
    0xbe9c, 0xbe9c, 0x0000, 0xf81f, 0xf81f, 0xf81f, 0xf81f, 0xf81f, 0xf81f, 0xf81f, 0xf81f, 0xf81f,
    0xf81f, 0xf81f, 0xf81f, 0xf81f, 0xf81f, 0xf81f, 0xf81f, 0xf81f, 0xf81f, 0xf81f, 0xf81f, 0xf81f,
    0xf81f, 0xf81f, 0xf81f, 0xf81f, 0xf81f, 0xf81f, 0xf81f, 0xf81f, 0xf81f, 0xf81f, 0xf81f, 0xf81f,
    0x0000, 0x0000, 0xffff, 0xffff, 0xffff, 0xffff, 0xbe9c, 0xbe9c, 0x8537, 0x8537, 0x8537, 0x0000,
    0xffff, 0xffff, 0xffff, 0xffff, 0xffff, 0xbe9c, 0xbe9c, 0xbe9c, 0xbe9c, 0xbe9c, 0xbe9c, 0xffff,
    0xffff, 0xffff, 0xffff, 0xffff, 0xffff, 0xffff, 0xffff, 0xffff, 0xbe9c, 0xbe9c, 0xbe9c, 0xbe9c,
    0xbe9c, 0xbe9c, 0xffff, 0xbe9c, 0xbe9c, 0x4452, 0x0000, 0x0000, 0xffff, 0xffff, 0xffff, 0xffff,
    0xffff, 0xffff, 0xffff, 0xffff, 0xffff, 0xffff, 0xffff, 0xffff, 0x6db8, 0x8537, 0x6db8, 0xbe9c,
    0xbe9c, 0xbe9c, 0x0000, 0xf81f, 0xf81f, 0xf81f, 0xf81f, 0xf81f, 0xf81f, 0xf81f, 0xf81f, 0xf81f,
    0xf81f, 0xf81f, 0xf81f, 0xf81f, 0xf81f, 0xf81f, 0xf81f, 0xf81f, 0xf81f, 0xf81f, 0xf81f, 0xf81f,
    0xf81f, 0xf81f, 0xf81f, 0xf81f, 0xf81f, 0xf81f, 0xf81f, 0xf81f, 0xf81f, 0xf81f, 0xf81f, 0xf81f,
    0x0000, 0xffff, 0xffff, 0xffff, 0xffff, 0xffff, 0xbe9c, 0xbe9c, 0x8537, 0x8537, 0x8537, 0x0000,
    0xffff, 0xffff, 0xffff, 0xffff, 0xffff, 0xffff, 0xbe9c, 0xffff, 0xffff, 0xffff, 0xffff, 0xffff,
    0xffff, 0xffff, 0xffff, 0xffff, 0xffff, 0xffff, 0xffff, 0xffff, 0xffff, 0xbe9c, 0xbe9c, 0xbe9c,
    0xffff, 0xffff, 0xffff, 0xbe9c, 0x8e19, 0x4452, 0x0000, 0xffff, 0xffff, 0xffff, 0xffff, 0xffff,
    0xffff, 0xffff, 0xffff, 0xffff, 0xffff, 0xffff, 0xffff, 0xffff, 0x8537, 0x8537, 0x6db8, 0xbe9c,
    0xbe9c, 0x8537, 0x0000, 0xf81f, 0xf81f, 0xf81f, 0xf81f, 0xf81f, 0xf81f, 0xf81f, 0xf81f, 0xf81f,
    0xf81f, 0xf81f, 0xf81f, 0xf81f, 0xf81f, 0xf81f, 0xf81f, 0xf81f, 0xf81f, 0xf81f, 0xf81f, 0xf81f,
    0xf81f, 0xf81f, 0xf81f, 0xf81f, 0xf81f, 0xf81f, 0xf81f, 0xf81f, 0xf81f, 0xf81f, 0xf81f, 0xf81f,
    0x0000, 0xffff, 0xffff, 0xffff, 0xffff, 0xffff, 0xbe9c, 0xbe9c, 0x8537, 0x8537, 0x8537, 0x8537,
    0x0000, 0xffff, 0xffff, 0xffff, 0xffff, 0xffff, 0xffff, 0xffff, 0xffff, 0xffff, 0xffff, 0xffff,
    0xffff, 0xffff, 0xffff, 0xffff, 0xffff, 0xffff, 0xffff, 0xffff, 0xffff, 0xffff, 0xffff, 0xffff,
    0xffff, 0xffff, 0xffff, 0xbe9c, 0x4452, 0x4452, 0x0000, 0xffff, 0xffff, 0xffff, 0xffff, 0xffff,
    0xffff, 0xffff, 0xffff, 0xffff, 0xffff, 0xffff, 0xffff, 0x8537, 0x8537, 0x8537, 0x6db8, 0xbe9c,
    0xbe9c, 0x8537, 0x0000, 0xf81f, 0xf81f, 0xf81f, 0xf81f, 0xf81f, 0xf81f, 0xf81f, 0xf81f, 0xf81f,
    0xf81f, 0xf81f, 0xf81f, 0xf81f, 0xf81f, 0xf81f, 0xf81f, 0xf81f, 0xf81f, 0xf81f, 0xf81f, 0xf81f,
    0xf81f, 0xf81f, 0xf81f, 0xf81f, 0xf81f, 0xf81f, 0xf81f, 0xf81f, 0xf81f, 0xf81f, 0xf81f, 0xf81f,
    0x0000, 0xffff, 0xffff, 0xffff, 0xffff, 0xffff, 0xbe9c, 0xbe9c, 0x8537, 0x8537, 0x8537, 0x8537,
    0x0000, 0xffff, 0xffff, 0xffff, 0xffff, 0xffff, 0xffff, 0xffff, 0xffff, 0xffff, 0xffff, 0xffff,
    0xffff, 0xffff, 0xffff, 0xffff, 0xffff, 0xffff, 0xffff, 0xffff, 0xffff, 0xffff, 0xffff, 0xbe9c,
    0xbe9c, 0xffff, 0xffff, 0xbe9c, 0x4452, 0x4452, 0x0000, 0xffff, 0xffff, 0xffff, 0xffff, 0xffff,
    0xffff, 0xffff, 0xffff, 0xffff, 0xffff, 0xffff, 0xffff, 0x8537, 0x6db8, 0x6db8, 0xbe9c, 0x6db8,
    0x8537, 0x8537, 0x0000, 0xf81f, 0xf81f, 0xf81f, 0xf81f, 0xf81f, 0xf81f, 0xf81f, 0xf81f, 0xf81f,
    0xf81f, 0xf81f, 0xf81f, 0xf81f, 0xf81f, 0xf81f, 0xf81f, 0xf81f, 0xf81f, 0xf81f, 0xf81f, 0xf81f,
    0xf81f, 0xf81f, 0xf81f, 0xf81f, 0xf81f, 0xf81f, 0xf81f, 0xf81f, 0xf81f, 0xf81f, 0xf81f, 0xf81f,
    0x0000, 0xffff, 0xffff, 0xffff, 0xffff, 0xffff, 0xbe9c, 0xbe9c, 0x8537, 0x8537, 0x8537, 0x8537,
    0x0000, 0xffff, 0xffff, 0xffff, 0xffff, 0xffff, 0xffff, 0xffff, 0xffff, 0xffff, 0xffff, 0xffff,
    0xffff, 0xffff, 0xffff, 0xffff, 0xffff, 0xffff, 0xffff, 0xffff, 0xffff, 0xffff, 0xffff, 0xbe9c,
    0xbe9c, 0xbe9c, 0xbe9c, 0xffff, 0x4452, 0x4452, 0x0000, 0xffff, 0xffff, 0xffff, 0xffff, 0xffff,
    0xffff, 0xffff, 0xffff, 0xffff, 0xffff, 0x8537, 0x8537, 0x8537, 0x6db8, 0x6db8, 0x6db8, 0x6db8,
    0x8537, 0x0000, 0x0000, 0xf81f, 0xf81f, 0xf81f, 0xf81f, 0xf81f, 0xf81f, 0xf81f, 0xf81f, 0xf81f,
    0xf81f, 0xf81f, 0xf81f, 0xf81f, 0xf81f, 0xf81f, 0xf81f, 0xf81f, 0xf81f, 0xf81f, 0xf81f, 0xf81f,
    0xf81f, 0xf81f, 0xf81f, 0xf81f, 0xf81f, 0xf81f, 0xf81f, 0xf81f, 0xf81f, 0xf81f, 0xf81f, 0xf81f,
    0x0000, 0xffff, 0xffff, 0xffff, 0xffff, 0xffff, 0xbe9c, 0xbe9c, 0x8537, 0x8537, 0x8537, 0x8537,
    0x0000, 0xffff, 0xffff, 0xffff, 0xffff, 0xffff, 0xffff, 0xffff, 0xffff, 0xffff, 0xffff, 0xffff,
    0xffff, 0xffff, 0xffff, 0xffff, 0xffff, 0xffff, 0xffff, 0xffff, 0xffff, 0xffff, 0xffff, 0xbe9c,
    0xbe9c, 0xbe9c, 0xbe9c, 0xffff, 0x4452, 0x4452, 0x0000, 0xffff, 0xffff, 0xffff, 0xffff, 0xffff,
    0xffff, 0xffff, 0xffff, 0xffff, 0xffff, 0x8537, 0x8537, 0x8537, 0x6db8, 0x6db8, 0x6db8, 0x6db8,
    0x8537, 0x0000, 0x0000, 0xf81f, 0xf81f, 0xf81f, 0xf81f, 0xf81f, 0xf81f, 0xf81f, 0xf81f, 0xf81f,
    0xf81f, 0xf81f, 0xf81f, 0xf81f, 0xf81f, 0xf81f, 0xf81f, 0xf81f, 0xf81f, 0xf81f, 0xf81f, 0xf81f,
    0xf81f, 0xf81f, 0xf81f, 0xf81f, 0xf81f, 0xf81f, 0xf81f, 0xf81f, 0xf81f, 0xf81f, 0xf81f, 0xf81f,
    0xf81f, 0x0000, 0xffff, 0xffff, 0xffff, 0xffff, 0xbe9c, 0xbe9c, 0x8537, 0x8537, 0x8537, 0x8537,
    0x0000, 0xffff, 0xffff, 0xffff, 0xffff, 0xffff, 0xffff, 0xffff, 0xffff, 0xffff, 0xffff, 0xffff,
    0xffff, 0xffff, 0x2bb0, 0x2bb0, 0xffff, 0xffff, 0xffff, 0xffff, 0xffff, 0xffff, 0xffff, 0xffff,
    0xffff, 0xffff, 0xffff, 0xbe9c, 0x4452, 0x4452, 0x0000, 0xffff, 0xffff, 0xffff, 0xffff, 0xffff,
    0xffff, 0xffff, 0xffff, 0xffff, 0x8537, 0x8537, 0x8537, 0x8537, 0x6db8, 0x6db8, 0x6db8, 0x8537,
    0x8537, 0x0000, 0xf81f, 0xf81f, 0xf81f, 0xf81f, 0xf81f, 0xf81f, 0xf81f, 0xf81f, 0xf81f, 0xf81f,
    0xf81f, 0xf81f, 0xf81f, 0xf81f, 0xf81f, 0xf81f, 0xf81f, 0xf81f, 0xf81f, 0xf81f, 0xf81f, 0xf81f,
    0xf81f, 0xf81f, 0xf81f, 0xf81f, 0xf81f, 0xf81f, 0xf81f, 0xf81f, 0xf81f, 0xf81f, 0xf81f, 0xf81f,
    0xf81f, 0x0000, 0xffff, 0x0000, 0x0000, 0x0000, 0xbe9c, 0xbe9c, 0x8537, 0x8537, 0x8537, 0x8537,
    0x0000, 0x0000, 0xffff, 0xffff, 0xffff, 0xffff, 0xffff, 0xffff, 0xffff, 0xffff, 0xffff, 0xffff,
    0xffff, 0xffff, 0x2bb0, 0x2bb0, 0xbe9c, 0xffff, 0xffff, 0xffff, 0xffff, 0xffff, 0xffff, 0xffff,
    0xffff, 0xffff, 0xffff, 0xffff, 0x4452, 0x4452, 0x0000, 0xffff, 0xffff, 0xffff, 0xffff, 0xffff,
    0xffff, 0xffff, 0xffff, 0xffff, 0x8537, 0x8537, 0x8537, 0x8537, 0x6db8, 0x6db8, 0x8537, 0x8537,
    0x0000, 0xf81f, 0xf81f, 0xf81f, 0xf81f, 0xf81f, 0xf81f, 0xf81f, 0xf81f, 0xf81f, 0xf81f, 0xf81f,
    0xf81f, 0xf81f, 0xf81f, 0xf81f, 0xf81f, 0xf81f, 0xf81f, 0xf81f, 0xf81f, 0xf81f, 0xf81f, 0xf81f,
    0xf81f, 0xf81f, 0xf81f, 0xf81f, 0xf81f, 0xf81f, 0xf81f, 0xf81f, 0xf81f, 0xf81f, 0xf81f, 0xf81f,
    0xf81f, 0x0000, 0x0000, 0x0000, 0x2b10, 0x0000, 0x0000, 0xbe9c, 0x8537, 0x8537, 0x8537, 0x8537,
    0x8537, 0x0000, 0xffff, 0xffff, 0xffff, 0xffff, 0xffff, 0xffff, 0xffff, 0xffff, 0xffff, 0xffff,
    0xffff, 0xffff, 0x2bb0, 0x2bb0, 0xbe9c, 0xffff, 0xffff, 0xffff, 0xffff, 0xffff, 0xffff, 0xffff,
    0xffff, 0xffff, 0xffff, 0xffff, 0x4452, 0x4452, 0x0000, 0xffff, 0xffff, 0xffff, 0xffff, 0xffff,
    0xffff, 0xffff, 0xffff, 0x8537, 0x8537, 0x8537, 0x8537, 0x8537, 0x8537, 0x8537, 0x8537, 0x0000,
    0x0000, 0xf81f, 0xf81f, 0xf81f, 0xf81f, 0xf81f, 0xf81f, 0xf81f, 0xf81f, 0xf81f, 0xf81f, 0xf81f,
    0xf81f, 0xf81f, 0xf81f, 0xf81f, 0xf81f, 0xf81f, 0xf81f, 0xf81f, 0xf81f, 0xf81f, 0xf81f, 0xf81f,
    0xf81f, 0xf81f, 0xf81f, 0xf81f, 0xf81f, 0xf81f, 0xf81f, 0xf81f, 0xf81f, 0xf81f, 0xf81f, 0xf81f,
    0xf81f, 0xf81f, 0x0000, 0x0000, 0x2b10, 0x2b10, 0x0000, 0x0000, 0xbe9c, 0x8537, 0x8537, 0x8537,
    0x8537, 0x0000, 0x0000, 0xffff, 0xffff, 0xffff, 0xffff, 0xffff, 0xffff, 0xffff, 0xffff, 0xffff,
    0xffff, 0xffff, 0x2bb0, 0x2bb0, 0x2bb0, 0x2bb0, 0xffff, 0xffff, 0xffff, 0xffff, 0xffff, 0xffff,
    0xffff, 0xffff, 0xffff, 0xffff, 0x4452, 0x4452, 0x0000, 0x0000, 0xffff, 0xffff, 0xffff, 0xffff,
    0x0000, 0x0000, 0x0000, 0x8537, 0x8537, 0x8537, 0x8537, 0x8537, 0x8537, 0x8537, 0x8537, 0x0000,
    0xf81f, 0xf81f, 0xf81f, 0xf81f, 0xf81f, 0xf81f, 0xf81f, 0xf81f, 0xf81f, 0xf81f, 0xf81f, 0xf81f,
    0xf81f, 0xf81f, 0xf81f, 0xf81f, 0xf81f, 0xf81f, 0xf81f, 0xf81f, 0xf81f, 0xf81f, 0xf81f, 0xf81f,
    0xf81f, 0xf81f, 0xf81f, 0xf81f, 0xf81f, 0xf81f, 0xf81f, 0xf81f, 0xf81f, 0xf81f, 0xf81f, 0xf81f,
    0xf81f, 0xf81f, 0xf81f, 0x0000, 0x2b10, 0x2b10, 0x7d9a, 0x7d9a, 0x0000, 0xbe9c, 0xbe9c, 0xbe9c,
    0xbe9c, 0xbe9c, 0x0000, 0xffff, 0xffff, 0xffff, 0xffff, 0xffff, 0xffff, 0xffff, 0xffff, 0xffff,
    0xffff, 0xffff, 0xbe9c, 0xbe9c, 0x2bb0, 0x2bb0, 0x2bb0, 0xffff, 0xffff, 0xffff, 0xffff, 0xffff,
    0xffff, 0xffff, 0xffff, 0xffff, 0x4452, 0x4452, 0x22cc, 0x0000, 0xffff, 0xffff, 0xffff, 0x0000,
    0x2b10, 0x2b10, 0x0000, 0x0000, 0x0000, 0x8537, 0x8537, 0x0000, 0x8537, 0x0000, 0x0000, 0x0000,
    0xf81f, 0xf81f, 0xf81f, 0xf81f, 0xf81f, 0xf81f, 0xf81f, 0xf81f, 0xf81f, 0xf81f, 0xf81f, 0xf81f,
    0xf81f, 0xf81f, 0xf81f, 0xf81f, 0xf81f, 0xf81f, 0xf81f, 0xf81f, 0xf81f, 0xf81f, 0xf81f, 0xf81f,
    0xf81f, 0xf81f, 0xf81f, 0xf81f, 0xf81f, 0xf81f, 0xf81f, 0xf81f, 0xf81f, 0xf81f, 0xf81f, 0xf81f,
    0xf81f, 0xf81f, 0xf81f, 0x0000, 0x2b10, 0x2b10, 0x7d9a, 0x7d9a, 0x1168, 0x0000, 0xbe9c, 0xbe9c,
    0xbe9c, 0xbe9c, 0x0000, 0xffff, 0xffff, 0xffff, 0xffff, 0xffff, 0xffff, 0xffff, 0xffff, 0xffff,
    0xffff, 0xffff, 0xbe9c, 0xbe9c, 0x8537, 0x2bb0, 0x2bb0, 0xffff, 0xffff, 0xffff, 0xffff, 0xffff,
    0xffff, 0xffff, 0xffff, 0xffff, 0x2bb0, 0x4452, 0x4452, 0x0000, 0xffff, 0xffff, 0xffff, 0x0000,
    0x4c56, 0x4c56, 0x2b10, 0x2b10, 0x0000, 0x0000, 0x0000, 0x0000, 0x2b10, 0x2b10, 0x2b10, 0x0000,
    0x0000, 0xf81f, 0xf81f, 0xf81f, 0xf81f, 0xf81f, 0xf81f, 0xf81f, 0xf81f, 0xf81f, 0xf81f, 0xf81f,
    0xf81f, 0xf81f, 0xf81f, 0xf81f, 0xf81f, 0xf81f, 0xf81f, 0xf81f, 0xf81f, 0xf81f, 0xf81f, 0xf81f,
    0xf81f, 0xf81f, 0xf81f, 0xf81f, 0xf81f, 0xf81f, 0xf81f, 0xf81f, 0xf81f, 0xf81f, 0xf81f, 0xf81f,
    0xf81f, 0xf81f, 0xf81f, 0x0000, 0x0000, 0x2b10, 0x7d9a, 0x0000, 0x1168, 0x1168, 0x0000, 0x0000,
    0xbe9c, 0xbe9c, 0x0000, 0xffff, 0xffff, 0xffff, 0xffff, 0xffff, 0xffff, 0xffff, 0xffff, 0xffff,
    0xffff, 0xffff, 0xbe9c, 0xbe9c, 0x2bb0, 0x2bb0, 0x0000, 0x0000, 0xffff, 0xffff, 0xffff, 0xffff,
    0xffff, 0xffff, 0xffff, 0xffff, 0x2bb0, 0x2bb0, 0x4452, 0x0000, 0x0000, 0xffff, 0xffff, 0x0000,
    0x4c56, 0x4c56, 0x2b10, 0x2b10, 0x2b10, 0x2b10, 0x0000, 0x0000, 0x2b10, 0x2b10, 0x2b10, 0x0000,
    0x0000, 0xf81f, 0xf81f, 0xf81f, 0xf81f, 0xf81f, 0xf81f, 0xf81f, 0xf81f, 0xf81f, 0xf81f, 0xf81f,
    0xf81f, 0xf81f, 0xf81f, 0xf81f, 0xf81f, 0xf81f, 0xf81f, 0xf81f, 0xf81f, 0xf81f, 0xf81f, 0xf81f,
    0xf81f, 0xf81f, 0xf81f, 0xf81f, 0xf81f, 0xf81f, 0xf81f, 0xf81f, 0xf81f, 0xf81f, 0xf81f, 0xf81f,
    0xf81f, 0xf81f, 0xf81f, 0xf81f, 0x0000, 0x2b10, 0x7d9a, 0x0000, 0x1168, 0x1168, 0x1168, 0x1168,
    0x0000, 0x0000, 0x0000, 0xffff, 0xffff, 0xffff, 0xffff, 0xffff, 0xffff, 0xffff, 0xffff, 0xffff,
    0xffff, 0xffff, 0xbe9c, 0xbe9c, 0x8537, 0x2bb0, 0x2bb0, 0x0000, 0xffff, 0xffff, 0xffff, 0xffff,
    0xffff, 0xffff, 0xffff, 0xffff, 0x2bb0, 0x2bb0, 0x4452, 0x0000, 0x0000, 0x0000, 0xffff, 0x0000,
    0x4c56, 0x4c56, 0x2b10, 0x2b10, 0x2b10, 0x2b10, 0x2b10, 0x2b10, 0x2b10, 0x2b10, 0x2b10, 0x2b10,
    0x0000, 0xf81f, 0xf81f, 0xf81f, 0xf81f, 0xf81f, 0xf81f, 0xf81f, 0xf81f, 0xf81f, 0xf81f, 0xf81f,
    0xf81f, 0xf81f, 0xf81f, 0xf81f, 0xf81f, 0xf81f, 0xf81f, 0xf81f, 0xf81f, 0xf81f, 0xf81f, 0xf81f,
    0xf81f, 0xf81f, 0xf81f, 0xf81f, 0xf81f, 0xf81f, 0xf81f, 0xf81f, 0xf81f, 0xf81f, 0xf81f, 0xf81f,
    0xf81f, 0xf81f, 0xf81f, 0xf81f, 0x0000, 0x2b10, 0x7d9a, 0x0000, 0x1168, 0x1168, 0x1168, 0x1168,
    0x1168, 0x1168, 0x0000, 0xffff, 0xffff, 0xffff, 0xffff, 0xffff, 0xffff, 0xffff, 0xffff, 0xffff,
    0xffff, 0xffff, 0xbe9c, 0xbe9c, 0x8537, 0x2bb0, 0x2bb0, 0x0000, 0x0000, 0xffff, 0xffff, 0xffff,
    0xffff, 0xffff, 0xffff, 0xffff, 0x2bb0, 0x2bb0, 0x2bb0, 0x0000, 0x1168, 0x0000, 0x0000, 0x0000,
    0x4c56, 0x4c56, 0x2b10, 0x2b10, 0x2b10, 0x2b10, 0x2b10, 0x2b10, 0x2b10, 0x2b10, 0x4c56, 0x2b10,
    0x0000, 0xf81f, 0xf81f, 0xf81f, 0xf81f, 0xf81f, 0xf81f, 0xf81f, 0xf81f, 0xf81f, 0xf81f, 0xf81f,
    0xf81f, 0xf81f, 0xf81f, 0xf81f, 0xf81f, 0xf81f, 0xf81f, 0xf81f, 0xf81f, 0xf81f, 0xf81f, 0xf81f,
    0xf81f, 0xf81f, 0xf81f, 0xf81f, 0xf81f, 0xf81f, 0xf81f, 0xf81f, 0xf81f, 0xf81f, 0xf81f, 0xf81f,
    0xf81f, 0xf81f, 0xf81f, 0xf81f, 0x0000, 0x7d9a, 0x7d9a, 0x0000, 0x1168, 0x1168, 0x0000, 0x1168,
    0x1168, 0x1168, 0x0000, 0xffff, 0xffff, 0xffff, 0xffff, 0xffff, 0xffff, 0xffff, 0xffff, 0xffff,
    0xffff, 0xffff, 0xbe9c, 0xbe9c, 0x8537, 0x8537, 0x2bb0, 0x0000, 0x0000, 0x0000, 0xffff, 0xffff,
    0xffff, 0xffff, 0xffff, 0xffff, 0x2bb0, 0x2bb0, 0x2bb0, 0x0000, 0x1168, 0x1168, 0x0000, 0x0000,
    0x4c56, 0x4c56, 0x4c56, 0x4c56, 0x2b10, 0x4c56, 0x4c56, 0x4c56, 0x4c56, 0x4c56, 0x4c56, 0x4c56,
    0x0000, 0xf81f, 0xf81f, 0xf81f, 0xf81f, 0xf81f, 0xf81f, 0xf81f, 0xf81f, 0xf81f, 0xf81f, 0xf81f,
    0xf81f, 0xf81f, 0xf81f, 0xf81f, 0xf81f, 0xf81f, 0xf81f, 0xf81f, 0xf81f, 0xf81f, 0xf81f, 0xf81f,
    0xf81f, 0xf81f, 0xf81f, 0xf81f, 0xf81f, 0xf81f, 0xf81f, 0xf81f, 0xf81f, 0xf81f, 0xf81f, 0xf81f,
    0xf81f, 0xf81f, 0xf81f, 0xf81f, 0x0000, 0x2b10, 0x2b10, 0x0000, 0x1168, 0x1168, 0x0000, 0x1168,
    0x1168, 0x1168, 0x0000, 0xffff, 0xffff, 0xffff, 0xffff, 0xffff, 0xffff, 0xffff, 0xffff, 0xffff,
    0xffff, 0xffff, 0xbe9c, 0xbe9c, 0x8537, 0x8537, 0x2bb0, 0x0000, 0xf81f, 0x0000, 0xffff, 0xffff,
    0xffff, 0xffff, 0xffff, 0xffff, 0xffff, 0x2bb0, 0x2bb0, 0x0000, 0x1168, 0x1168, 0x1168, 0x0000,
    0x4c56, 0x4c56, 0x4c56, 0x4c56, 0x4c56, 0x4c56, 0x0000, 0x4c56, 0x4c56, 0x0000, 0x4c56, 0x0000,
    0xf81f, 0xf81f, 0xf81f, 0xf81f, 0xf81f, 0xf81f, 0xf81f, 0xf81f, 0xf81f, 0xf81f, 0xf81f, 0xf81f,
    0xf81f, 0xf81f, 0xf81f, 0xf81f, 0xf81f, 0xf81f, 0xf81f, 0xf81f, 0xf81f, 0xf81f, 0xf81f, 0xf81f,
    0xf81f, 0xf81f, 0xf81f, 0xf81f, 0xf81f, 0xf81f, 0xf81f, 0xf81f, 0xf81f, 0xf81f, 0xf81f, 0xf81f,
    0xf81f, 0xf81f, 0xf81f, 0xf81f, 0xf81f, 0x0000, 0x0000, 0x0000, 0x1168, 0x1168, 0x0000, 0x1168,
    0x1168, 0x1168, 0x0000, 0xffff, 0xffff, 0xffff, 0xffff, 0xffff, 0xffff, 0xffff, 0xffff, 0xffff,
    0xffff, 0xffff, 0xbe9c, 0xbe9c, 0x8537, 0x8537, 0x2bb0, 0x0000, 0xf81f, 0x0000, 0xffff, 0xffff,
    0xffff, 0xffff, 0xffff, 0xffff, 0xffff, 0x2bb0, 0x2bb0, 0x0000, 0x0000, 0x1168, 0x1168, 0x0000,
    0x4c56, 0x4c56, 0x4c56, 0x0000, 0x4c56, 0x4c56, 0x0000, 0x4c56, 0x4c56, 0x0000, 0x4c56, 0x0000,
    0xf81f, 0xf81f, 0xf81f, 0xf81f, 0xf81f, 0xf81f, 0xf81f, 0xf81f, 0xf81f, 0xf81f, 0xf81f, 0xf81f,
    0xf81f, 0xf81f, 0xf81f, 0xf81f, 0xf81f, 0xf81f, 0xf81f, 0xf81f, 0xf81f, 0xf81f, 0xf81f, 0xf81f,
    0xf81f, 0xf81f, 0xf81f, 0xf81f, 0xf81f, 0xf81f, 0xf81f, 0xf81f, 0xf81f, 0xf81f, 0xf81f, 0xf81f,
    0xf81f, 0xf81f, 0xf81f, 0xf81f, 0xf81f, 0xf81f, 0xf81f, 0x0000, 0x0000, 0x1168, 0x0000, 0x1168,
    0x1168, 0x1168, 0x0000, 0xffff, 0xbe9c, 0xffff, 0xffff, 0xffff, 0xffff, 0xffff, 0xffff, 0xffff,
    0xffff, 0xffff, 0xbe9c, 0xbe9c, 0x8537, 0x8537, 0x2bb0, 0x0000, 0xf81f, 0x0000, 0xffff, 0xffff,
    0xffff, 0xffff, 0xffff, 0xffff, 0xffff, 0x8e19, 0x2bb0, 0x2bb0, 0x2bb0, 0x0000, 0x0000, 0x0000,
    0x4c56, 0x4c56, 0x4c56, 0x0000, 0x4c56, 0x4c56, 0x0000, 0x4c56, 0x4c56, 0x0000, 0x4c56, 0x0000,
    0xf81f, 0xf81f, 0xf81f, 0xf81f, 0xf81f, 0xf81f, 0xf81f, 0xf81f, 0xf81f, 0xf81f, 0xf81f, 0xf81f,
    0xf81f, 0xf81f, 0xf81f, 0xf81f, 0xf81f, 0xf81f, 0xf81f, 0xf81f, 0xf81f, 0xf81f, 0xf81f, 0xf81f,
    0xf81f, 0xf81f, 0xf81f, 0xf81f, 0xf81f, 0xf81f, 0xf81f, 0xf81f, 0xf81f, 0xf81f, 0xf81f, 0xf81f,
    0xf81f, 0xf81f, 0xf81f, 0xf81f, 0xf81f, 0xf81f, 0xf81f, 0xf81f, 0x0000, 0x1168, 0x0000, 0x1168,
    0x1168, 0x0000, 0x0000, 0xffff, 0xbe9c, 0xbe9c, 0xbe9c, 0xbe9c, 0xbe9c, 0xffff, 0xffff, 0xffff,
    0xffff, 0xffff, 0xbe9c, 0xbe9c, 0x8537, 0x8537, 0x2bb0, 0x0000, 0xf81f, 0x0000, 0xffff, 0xffff,
    0xffff, 0xffff, 0xffff, 0xffff, 0xffff, 0xffff, 0x2bb0, 0x2bb0, 0x2bb0, 0x2bb0, 0x2bb0, 0x0000,
    0x4c56, 0x4c56, 0x4c56, 0x0000, 0x4c56, 0x4c56, 0x0000, 0x4c56, 0x4c56, 0x0000, 0x0000, 0x0000,
    0xf81f, 0xf81f, 0xf81f, 0xf81f, 0xf81f, 0xf81f, 0xf81f, 0xf81f, 0xf81f, 0xf81f, 0xf81f, 0xf81f,
    0xf81f, 0xf81f, 0xf81f, 0xf81f, 0xf81f, 0xf81f, 0xf81f, 0xf81f, 0xf81f, 0xf81f, 0xf81f, 0xf81f,
    0xf81f, 0xf81f, 0xf81f, 0xf81f, 0xf81f, 0xf81f, 0xf81f, 0xf81f, 0xf81f, 0xf81f, 0xf81f, 0xf81f,
    0xf81f, 0xf81f, 0xf81f, 0xf81f, 0xf81f, 0xf81f, 0xf81f, 0xf81f, 0x0000, 0x0000, 0x0000, 0x0000,
    0x0000, 0x0000, 0x0000, 0xffff, 0xbe9c, 0xbe9c, 0xbe9c, 0xbe9c, 0xbe9c, 0xffff, 0xffff, 0xffff,
    0xffff, 0xffff, 0xbe9c, 0xbe9c, 0x8537, 0x8537, 0x8537, 0x0000, 0xf81f, 0x0000, 0xffff, 0xffff,
    0xffff, 0xffff, 0xffff, 0xffff, 0xffff, 0xffff, 0x8e19, 0x2bb0, 0x2bb0, 0x2bb0, 0x2bb0, 0x0000,
    0x0000, 0x0000, 0x0000, 0x0000, 0x0000, 0x0000, 0x0000, 0x0000, 0x0000, 0x0000, 0xf81f, 0xf81f,
    0xf81f, 0xf81f, 0xf81f, 0xf81f, 0xf81f, 0xf81f, 0xf81f, 0xf81f, 0xf81f, 0xf81f, 0xf81f, 0xf81f,
    0xf81f, 0xf81f, 0xf81f, 0xf81f, 0xf81f, 0xf81f, 0xf81f, 0xf81f, 0xf81f, 0xf81f, 0xf81f, 0xf81f,
    0xf81f, 0xf81f, 0xf81f, 0xf81f, 0xf81f, 0xf81f, 0xf81f, 0xf81f, 0xf81f, 0xf81f, 0xf81f, 0xf81f,
    0xf81f, 0xf81f, 0xf81f, 0xf81f, 0xf81f, 0xf81f, 0xf81f, 0xf81f, 0xf81f, 0xf81f, 0xf81f, 0xf81f,
    0xf81f, 0xf81f, 0x0000, 0xffff, 0xffff, 0xbe9c, 0xbe9c, 0xbe9c, 0xbe9c, 0xffff, 0xffff, 0xffff,
    0xffff, 0xffff, 0xbe9c, 0xbe9c, 0x8537, 0x8537, 0x8537, 0x0000, 0xf81f, 0x0000, 0xffff, 0xffff,
    0xffff, 0xbe9c, 0xffff, 0xffff, 0xffff, 0xffff, 0xffff, 0x8e19, 0x2bb0, 0x2bb0, 0x2bb0, 0x2bb0,
    0x2bb0, 0x2bb0, 0x2bb0, 0x2bb0, 0x2bb0, 0x0000, 0xf81f, 0xf81f, 0xf81f, 0xf81f, 0xf81f, 0xf81f,
    0xf81f, 0xf81f, 0xf81f, 0xf81f, 0xf81f, 0xf81f, 0xf81f, 0xf81f, 0xf81f, 0xf81f, 0xf81f, 0xf81f,
    0xf81f, 0xf81f, 0xf81f, 0xf81f, 0xf81f, 0xf81f, 0xf81f, 0xf81f, 0xf81f, 0xf81f, 0xf81f, 0xf81f,
    0xf81f, 0xf81f, 0xf81f, 0xf81f, 0xf81f, 0xf81f, 0xf81f, 0xf81f, 0xf81f, 0xf81f, 0xf81f, 0xf81f,
    0xf81f, 0xf81f, 0xf81f, 0xf81f, 0xf81f, 0xf81f, 0xf81f, 0xf81f, 0xf81f, 0xf81f, 0xf81f, 0xf81f,
    0xf81f, 0xf81f, 0x0000, 0xffff, 0xffff, 0xbe9c, 0xffff, 0xffff, 0xffff, 0xffff, 0xffff, 0xffff,
    0xffff, 0xffff, 0xbe9c, 0xbe9c, 0x8537, 0x8537, 0x8537, 0x0000, 0xf81f, 0x0000, 0xffff, 0xffff,
    0xffff, 0xbe9c, 0xbe9c, 0xbe9c, 0xbe9c, 0xbe9c, 0xffff, 0x8e19, 0x8e19, 0x8e19, 0x2bb0, 0x2bb0,
    0x2bb0, 0x2bb0, 0x2bb0, 0x2bb0, 0x2bb0, 0x0000, 0xf81f, 0xf81f, 0xf81f, 0xf81f, 0xf81f, 0xf81f,
    0xf81f, 0xf81f, 0xf81f, 0xf81f, 0xf81f, 0xf81f, 0xf81f, 0xf81f, 0xf81f, 0xf81f, 0xf81f, 0xf81f,
    0xf81f, 0xf81f, 0xf81f, 0xf81f, 0xf81f, 0xf81f, 0xf81f, 0xf81f, 0xf81f, 0xf81f, 0xf81f, 0xf81f,
    0xf81f, 0xf81f, 0xf81f, 0xf81f, 0xf81f, 0xf81f, 0xf81f, 0xf81f, 0xf81f, 0xf81f, 0xf81f, 0xf81f,
    0xf81f, 0xf81f, 0xf81f, 0xf81f, 0xf81f, 0xf81f, 0xf81f, 0xf81f, 0xf81f, 0xf81f, 0xf81f, 0xf81f,
    0xf81f, 0xf81f, 0x0000, 0xffff, 0xffff, 0xffff, 0xffff, 0xffff, 0xffff, 0xffff, 0xffff, 0xffff,
    0xffff, 0xffff, 0xbe9c, 0xbe9c, 0x8537, 0x8537, 0x8537, 0x0000, 0xf81f, 0x0000, 0xffff, 0xffff,
    0xffff, 0xbe9c, 0xbe9c, 0xbe9c, 0xbe9c, 0xbe9c, 0xffff, 0xffff, 0x8e19, 0x8e19, 0x8e19, 0x22cc,
    0x2bb0, 0x2bb0, 0x2bb0, 0x22cc, 0x22cc, 0x0000, 0xf81f, 0xf81f, 0xf81f, 0xf81f, 0xf81f, 0xf81f,
    0xf81f, 0xf81f, 0xf81f, 0xf81f, 0xf81f, 0xf81f, 0xf81f, 0xf81f, 0xf81f, 0xf81f, 0xf81f, 0xf81f,
    0xf81f, 0xf81f, 0xf81f, 0xf81f, 0xf81f, 0xf81f, 0xf81f, 0xf81f, 0xf81f, 0xf81f, 0xf81f, 0xf81f,
    0xf81f, 0xf81f, 0xf81f, 0xf81f, 0xf81f, 0xf81f, 0xf81f, 0xf81f, 0xf81f, 0xf81f, 0xf81f, 0xf81f,
    0xf81f, 0xf81f, 0xf81f, 0xf81f, 0xf81f, 0xf81f, 0xf81f, 0xf81f, 0xf81f, 0xf81f, 0xf81f, 0xf81f,
    0xf81f, 0xf81f, 0x0000, 0xffff, 0xffff, 0xffff, 0xffff, 0xffff, 0xffff, 0xffff, 0xffff, 0xffff,
    0xffff, 0xffff, 0xbe9c, 0xbe9c, 0x8537, 0x8537, 0x8537, 0x0000, 0xf81f, 0x0000, 0xffff, 0xffff,
    0xffff, 0xffff, 0xffff, 0xffff, 0xffff, 0xffff, 0xffff, 0xffff, 0xffff, 0xffff, 0x8e19, 0x8e19,
    0x8e19, 0x8e19, 0x8e19, 0xffff, 0xffff, 0x0000, 0xf81f, 0xf81f, 0xf81f, 0xf81f, 0xf81f, 0xf81f,
    0xf81f, 0xf81f, 0xf81f, 0xf81f, 0xf81f, 0xf81f, 0xf81f, 0xf81f, 0xf81f, 0xf81f, 0xf81f, 0xf81f,
    0xf81f, 0xf81f, 0xf81f, 0xf81f, 0xf81f, 0xf81f, 0xf81f, 0xf81f, 0xf81f, 0xf81f, 0xf81f, 0xf81f,
    0xf81f, 0xf81f, 0xf81f, 0xf81f, 0xf81f, 0xf81f, 0xf81f, 0xf81f, 0xf81f, 0xf81f, 0xf81f, 0xf81f,
    0xf81f, 0xf81f, 0xf81f, 0xf81f, 0xf81f, 0xf81f, 0xf81f, 0xf81f, 0xf81f, 0xf81f, 0xf81f, 0xf81f,
    0xf81f, 0xf81f, 0x0000, 0xffff, 0xffff, 0xffff, 0xffff, 0xffff, 0xffff, 0xffff, 0xffff, 0xffff,
    0xffff, 0xffff, 0xbe9c, 0xbe9c, 0x8537, 0x8537, 0x8537, 0x0000, 0xf81f, 0x0000, 0xffff, 0xffff,
    0xffff, 0xffff, 0xffff, 0xffff, 0xffff, 0xffff, 0xffff, 0xffff, 0xffff, 0xffff, 0xffff, 0xffff,
    0xffff, 0xffff, 0xffff, 0xffff, 0xffff, 0x0000, 0xf81f, 0xf81f, 0xf81f, 0xf81f, 0xf81f, 0xf81f,
    0xf81f, 0xf81f, 0xf81f, 0xf81f, 0xf81f, 0xf81f, 0xf81f, 0xf81f, 0xf81f, 0xf81f, 0xf81f, 0xf81f,
    0xf81f, 0xf81f, 0xf81f, 0xf81f, 0xf81f, 0xf81f, 0xf81f, 0xf81f, 0xf81f, 0xf81f, 0xf81f, 0xf81f,
    0xf81f, 0xf81f, 0xf81f, 0xf81f, 0xf81f, 0xf81f, 0xf81f, 0xf81f, 0xf81f, 0xf81f, 0xf81f, 0xf81f,
    0xf81f, 0xf81f, 0xf81f, 0xf81f, 0xf81f, 0xf81f, 0xf81f, 0xf81f, 0xf81f, 0xf81f, 0xf81f, 0xf81f,
    0xf81f, 0xf81f, 0x0000, 0xffff, 0xffff, 0xbe9c, 0xffff, 0xffff, 0xffff, 0xffff, 0xffff, 0xffff,
    0xffff, 0xffff, 0xbe9c, 0xbe9c, 0x8537, 0x8537, 0x8537, 0x0000, 0xf81f, 0x0000, 0xffff, 0xffff,
    0xffff, 0xffff, 0xffff, 0xffff, 0xffff, 0xffff, 0xffff, 0xffff, 0xffff, 0xffff, 0xffff, 0xffff,
    0xffff, 0xffff, 0xffff, 0xffff, 0xffff, 0x0000, 0xf81f, 0xf81f, 0xf81f, 0xf81f, 0xf81f, 0xf81f,
    0xf81f, 0xf81f, 0xf81f, 0xf81f, 0xf81f, 0xf81f, 0xf81f, 0xf81f, 0xf81f, 0xf81f, 0xf81f, 0xf81f,
    0xf81f, 0xf81f, 0xf81f, 0xf81f, 0xf81f, 0xf81f, 0xf81f, 0xf81f, 0xf81f, 0xf81f, 0xf81f, 0xf81f,
    0xf81f, 0xf81f, 0xf81f, 0xf81f, 0xf81f, 0xf81f, 0xf81f, 0xf81f, 0xf81f, 0xf81f, 0xf81f, 0xf81f,
    0xf81f, 0xf81f, 0xf81f, 0xf81f, 0xf81f, 0xf81f, 0xf81f, 0xf81f, 0xf81f, 0xf81f, 0xf81f, 0xf81f,
    0xf81f, 0xf81f, 0x0000, 0xffff, 0xffff, 0xbe9c, 0xbe9c, 0xbe9c, 0xffff, 0xbe9c, 0xffff, 0xffff,
    0xffff, 0xffff, 0xbe9c, 0xbe9c, 0x8537, 0x8537, 0x8537, 0x0000, 0xf81f, 0x0000, 0xffff, 0xffff,
    0xffff, 0xffff, 0xffff, 0xffff, 0xffff, 0xffff, 0xffff, 0xffff, 0xffff, 0xffff, 0xbe9c, 0xbe9c,
    0xbe9c, 0xffff, 0xbe9c, 0xbe9c, 0xffff, 0x0000, 0xf81f, 0xf81f, 0xf81f, 0xf81f, 0xf81f, 0xf81f,
    0xf81f, 0xf81f, 0xf81f, 0xf81f, 0xf81f, 0xf81f, 0xf81f, 0xf81f, 0xf81f, 0xf81f, 0xf81f, 0xf81f,
    0xf81f, 0xf81f, 0xf81f, 0xf81f, 0xf81f, 0xf81f, 0xf81f, 0xf81f, 0xf81f, 0xf81f, 0xf81f, 0xf81f,
    0xf81f, 0xf81f, 0xf81f, 0xf81f, 0xf81f, 0xf81f, 0xf81f, 0xf81f, 0xf81f, 0xf81f, 0xf81f, 0xf81f,
    0xf81f, 0xf81f, 0xf81f, 0xf81f, 0xf81f, 0xf81f, 0xf81f, 0xf81f, 0xf81f, 0xf81f, 0xf81f, 0xf81f,
    0xf81f, 0xf81f, 0x0000, 0xffff, 0xffff, 0xbe9c, 0xbe9c, 0xbe9c, 0xbe9c, 0xffff, 0xffff, 0xffff,
    0xffff, 0xbe9c, 0xbe9c, 0x8537, 0x8537, 0x8537, 0x8537, 0x0000, 0xf81f, 0x0000, 0xffff, 0xffff,
    0xffff, 0xffff, 0xffff, 0xffff, 0xffff, 0xffff, 0xffff, 0xffff, 0xffff, 0xffff, 0xffff, 0xbe9c,
    0xbe9c, 0xbe9c, 0xbe9c, 0xbe9c, 0xffff, 0x0000, 0xf81f, 0xf81f, 0xf81f, 0xf81f, 0xf81f, 0xf81f,
    0xf81f, 0xf81f, 0xf81f, 0xf81f, 0xf81f, 0xf81f, 0xf81f, 0xf81f, 0xf81f, 0xf81f, 0xf81f, 0xf81f,
    0xf81f, 0xf81f, 0xf81f, 0xf81f, 0xf81f, 0xf81f, 0xf81f, 0xf81f, 0xf81f, 0xf81f, 0xf81f, 0xf81f,
    0xf81f, 0xf81f, 0xf81f, 0xf81f, 0xf81f, 0xf81f, 0xf81f, 0xf81f, 0xf81f, 0xf81f, 0xf81f, 0xf81f,
    0xf81f, 0xf81f, 0xf81f, 0xf81f, 0xf81f, 0xf81f, 0xf81f, 0xf81f, 0xf81f, 0xf81f, 0xf81f, 0xf81f,
    0xf81f, 0xf81f, 0x0000, 0xffff, 0xffff, 0xffff, 0xffff, 0xffff, 0xffff, 0xffff, 0xffff, 0xffff,
    0xffff, 0xbe9c, 0xbe9c, 0x8537, 0x8537, 0x8537, 0x8537, 0x0000, 0xf81f, 0x0000, 0xffff, 0xffff,
    0x0000, 0x0000, 0xffff, 0xffff, 0xffff, 0xffff, 0xffff, 0xffff, 0xffff, 0xffff, 0xffff, 0xffff,
    0xffff, 0xffff, 0xffff, 0xffff, 0xffff, 0x0000, 0xf81f, 0xf81f, 0xf81f, 0xf81f, 0xf81f, 0xf81f,
    0xf81f, 0xf81f, 0xf81f, 0xf81f, 0xf81f, 0xf81f, 0xf81f, 0xf81f, 0xf81f, 0xf81f, 0xf81f, 0xf81f,
    0xf81f, 0xf81f, 0xf81f, 0xf81f, 0xf81f, 0xf81f, 0xf81f, 0xf81f, 0xf81f, 0xf81f, 0xf81f, 0xf81f,
    0xf81f, 0xf81f, 0xf81f, 0xf81f, 0xf81f, 0xf81f, 0xf81f, 0xf81f, 0xf81f, 0xf81f, 0xf81f, 0xf81f,
    0xf81f, 0xf81f, 0xf81f, 0xf81f, 0xf81f, 0xf81f, 0xf81f, 0xf81f, 0xf81f, 0xf81f, 0xf81f, 0xf81f,
    0xf81f, 0x0000, 0x0000, 0xffff, 0xffff, 0xffff, 0xffff, 0xffff, 0xffff, 0xffff, 0x0000, 0xffff,
    0xbe9c, 0xbe9c, 0x8537, 0x8537, 0x8537, 0x8537, 0x8537, 0x0000, 0xf81f, 0x0000, 0xffff, 0xffff,
    0x0000, 0x0000, 0xffff, 0xffff, 0xffff, 0xffff, 0xffff, 0xffff, 0xffff, 0x0000, 0xffff, 0xffff,
    0xffff, 0xffff, 0xffff, 0xffff, 0xffff, 0x0000, 0xf81f, 0xf81f, 0xf81f, 0xf81f, 0xf81f, 0xf81f,
    0xf81f, 0xf81f, 0xf81f, 0xf81f, 0xf81f, 0xf81f, 0xf81f, 0xf81f, 0xf81f, 0xf81f, 0xf81f, 0xf81f,
    0xf81f, 0xf81f, 0xf81f, 0xf81f, 0xf81f, 0xf81f, 0xf81f, 0xf81f, 0xf81f, 0xf81f, 0xf81f, 0xf81f,
    0xf81f, 0xf81f, 0xf81f, 0xf81f, 0xf81f, 0xf81f, 0xf81f, 0xf81f, 0xf81f, 0xf81f, 0xf81f, 0xf81f,
    0xf81f, 0xf81f, 0xf81f, 0xf81f, 0xf81f, 0xf81f, 0xf81f, 0xf81f, 0xf81f, 0xf81f, 0xf81f, 0xf81f,
    0xf81f, 0x0000, 0xffff, 0xffff, 0xffff, 0xffff, 0xffff, 0xffff, 0x0000, 0x0000, 0x0000, 0x0000,
    0xbe9c, 0xbe9c, 0x8537, 0x8537, 0x8537, 0x8537, 0x8537, 0x0000, 0xf81f, 0x0000, 0xffff, 0x0000,
    0x0000, 0x0000, 0xffff, 0xffff, 0xffff, 0xffff, 0xffff, 0xffff, 0xffff, 0x0000, 0x0000, 0xffff,
    0xffff, 0xffff, 0xffff, 0xffff, 0xffff, 0x0000, 0xf81f, 0xf81f, 0xf81f, 0xf81f, 0xf81f, 0xf81f,
    0xf81f, 0xf81f, 0xf81f, 0xf81f, 0xf81f, 0xf81f, 0xf81f, 0xf81f, 0xf81f, 0xf81f, 0xf81f, 0xf81f,
    0xf81f, 0xf81f, 0xf81f, 0xf81f, 0xf81f, 0xf81f, 0xf81f, 0xf81f, 0xf81f, 0xf81f, 0xf81f, 0xf81f,
    0xf81f, 0xf81f, 0xf81f, 0xf81f, 0xf81f, 0xf81f, 0xf81f, 0xf81f, 0xf81f, 0xf81f, 0xf81f, 0xf81f,
    0xf81f, 0xf81f, 0xf81f, 0xf81f, 0xf81f, 0xf81f, 0xf81f, 0xf81f, 0xf81f, 0xf81f, 0xf81f, 0xf81f,
    0xf81f, 0x0000, 0xffff, 0xffff, 0xffff, 0xffff, 0xffff, 0x0000, 0x0000, 0x1168, 0x1168, 0x0000,
    0xbe9c, 0xbe9c, 0xbe9c, 0x0000, 0x0000, 0x8537, 0x8537, 0x0000, 0xf81f, 0x0000, 0x0000, 0x0000,
    0x2b10, 0x0000, 0xffff, 0xffff, 0xffff, 0x0000, 0x0000, 0x0000, 0xffff, 0x0000, 0x2b10, 0x0000,
    0xffff, 0xffff, 0xffff, 0xffff, 0xffff, 0x0000, 0xf81f, 0xf81f, 0xf81f, 0xf81f, 0xf81f, 0xf81f,
    0xf81f, 0xf81f, 0xf81f, 0xf81f, 0xf81f, 0xf81f, 0xf81f, 0xf81f, 0xf81f, 0xf81f, 0xf81f, 0xf81f,
    0xf81f, 0xf81f, 0xf81f, 0xf81f, 0xf81f, 0xf81f, 0xf81f, 0xf81f, 0xf81f, 0xf81f, 0xf81f, 0xf81f,
    0xf81f, 0xf81f, 0xf81f, 0xf81f, 0xf81f, 0xf81f, 0xf81f, 0xf81f, 0xf81f, 0xf81f, 0xf81f, 0xf81f,
    0xf81f, 0xf81f, 0xf81f, 0xf81f, 0xf81f, 0xf81f, 0xf81f, 0xf81f, 0xf81f, 0xf81f, 0xf81f, 0xf81f,
    0x0000, 0x0000, 0x0000, 0x0000, 0x0000, 0x0000, 0x1168, 0x1168, 0x1168, 0x2b10, 0x1168, 0x0000,
    0x0000, 0xbe9c, 0x0000, 0x1a2c, 0x1a2c, 0x0000, 0x8537, 0x0000, 0xf81f, 0x0000, 0x0000, 0x2b10,
    0x2b10, 0x0000, 0xffff, 0xffff, 0x0000, 0x0000, 0x2b10, 0x0000, 0x0000, 0x0000, 0x2b10, 0x0000,
    0x0000, 0x0000, 0x0000, 0x0000, 0x0000, 0x0000, 0xf81f, 0xf81f, 0xf81f, 0xf81f, 0xf81f, 0xf81f,
    0xf81f, 0xf81f, 0xf81f, 0xf81f, 0xf81f, 0xf81f, 0xf81f, 0xf81f, 0xf81f, 0xf81f, 0xf81f, 0xf81f,
    0xf81f, 0xf81f, 0xf81f, 0xf81f, 0xf81f, 0xf81f, 0xf81f, 0xf81f, 0xf81f, 0xf81f, 0xf81f, 0xf81f,
    0xf81f, 0xf81f, 0xf81f, 0xf81f, 0xf81f, 0xf81f, 0xf81f, 0xf81f, 0xf81f, 0xf81f, 0xf81f, 0xf81f,
    0xf81f, 0xf81f, 0xf81f, 0xf81f, 0xf81f, 0xf81f, 0xf81f, 0xf81f, 0xf81f, 0xf81f, 0xf81f, 0xf81f,
    0x0000, 0x2b10, 0x2b10, 0x2b10, 0x1168, 0x1168, 0x1168, 0x2b10, 0x2b10, 0x2b10, 0x2b10, 0x1168,
    0x1168, 0x0000, 0x0000, 0x4c56, 0x1a2c, 0x0000, 0x0000, 0x0000, 0xf81f, 0x0000, 0x0000, 0x2b10,
    0x2b10, 0x0000, 0x0000, 0x0000, 0x0000, 0x2b10, 0x2b10, 0x2b10, 0x2b10, 0x2b10, 0x2b10, 0x1168,
    0x2b10, 0x2b10, 0x2b10, 0x2b10, 0x2b10, 0x0000, 0x0000, 0xf81f, 0xf81f, 0xf81f, 0xf81f, 0xf81f,
    0xf81f, 0xf81f, 0xf81f, 0xf81f, 0xf81f, 0xf81f, 0xf81f, 0xf81f, 0xf81f, 0xf81f, 0xf81f, 0xf81f,
    0xf81f, 0xf81f, 0xf81f, 0xf81f, 0xf81f, 0xf81f, 0xf81f, 0xf81f, 0xf81f, 0xf81f, 0xf81f, 0xf81f,
    0xf81f, 0xf81f, 0xf81f, 0xf81f, 0xf81f, 0xf81f, 0xf81f, 0xf81f, 0xf81f, 0xf81f, 0xf81f, 0xf81f,
    0xf81f, 0xf81f, 0xf81f, 0xf81f, 0xf81f, 0xf81f, 0xf81f, 0xf81f, 0xf81f, 0xf81f, 0xf81f, 0x0000,
    0x0000, 0x2b10, 0x2b10, 0x2b10, 0x2b10, 0x2b10, 0x2b10, 0x2b10, 0x2b10, 0x4c56, 0x4c56, 0x4c56,
    0x4c56, 0x2b10, 0x4c56, 0x4c56, 0x1a2c, 0x1a2c, 0x1a2c, 0x1168, 0xf81f, 0x0000, 0x1168, 0x2b10,
    0x2b10, 0x2b10, 0x0000, 0x0000, 0x2b10, 0x2b10, 0x7d9a, 0x2b10, 0x2b10, 0x7d9a, 0x7d9a, 0x1168,
    0x7d9a, 0x7d9a, 0x7d9a, 0x2b10, 0x1168, 0x2b10, 0x0000, 0xf81f, 0xf81f, 0xf81f, 0xf81f, 0xf81f,
    0xf81f, 0xf81f, 0xf81f, 0xf81f, 0xf81f, 0xf81f, 0xf81f, 0xf81f, 0xf81f, 0xf81f, 0xf81f, 0xf81f,
    0xf81f, 0xf81f, 0xf81f, 0xf81f, 0xf81f, 0xf81f, 0xf81f, 0xf81f, 0xf81f, 0xf81f, 0xf81f, 0xf81f,
    0xf81f, 0xf81f, 0xf81f, 0xf81f, 0xf81f, 0xf81f, 0xf81f, 0xf81f, 0xf81f, 0xf81f, 0xf81f, 0xf81f,
    0xf81f, 0xf81f, 0xf81f, 0xf81f, 0xf81f, 0xf81f, 0xf81f, 0xf81f, 0xf81f, 0xf81f, 0xf81f, 0x0000,
    0x2b10, 0x2b10, 0x4c56, 0x7d9a, 0x2b10, 0x2b10, 0x4c56, 0x0000, 0x2b10, 0x7d9a, 0x7d9a, 0x7d9a,
    0x7d9a, 0x7d9a, 0x1168, 0x1a2c, 0x0000, 0x1a2c, 0x1a2c, 0x1168, 0xf81f, 0x0000, 0x1168, 0x2b10,
    0x2b10, 0x7d9a, 0x7d9a, 0x7d9a, 0x7d9a, 0x1168, 0x7d9a, 0x7d9a, 0x7d9a, 0x7d9a, 0x7d9a, 0x7d9a,
    0x7d9a, 0x7d9a, 0x7d9a, 0x7d9a, 0x7d9a, 0x2b10, 0x0000, 0xf81f, 0xf81f, 0xf81f, 0xf81f, 0xf81f,
    0xf81f, 0xf81f, 0xf81f, 0xf81f, 0xf81f, 0xf81f, 0xf81f, 0xf81f, 0xf81f, 0xf81f, 0xf81f, 0xf81f,
    0xf81f, 0xf81f, 0xf81f, 0xf81f, 0xf81f, 0xf81f, 0xf81f, 0xf81f, 0xf81f, 0xf81f, 0xf81f, 0xf81f,
    0xf81f, 0xf81f, 0xf81f, 0xf81f, 0xf81f, 0xf81f, 0xf81f, 0xf81f, 0xf81f, 0xf81f, 0xf81f, 0xf81f,
    0xf81f, 0xf81f, 0xf81f, 0xf81f, 0xf81f, 0xf81f, 0xf81f, 0xf81f, 0xf81f, 0xf81f, 0xf81f, 0x0000,
    0x2b10, 0x4c56, 0x4c56, 0x0000, 0x2b10, 0x4c56, 0x4c56, 0x0000, 0x4c56, 0x7d9a, 0x7d9a, 0x7d9a,
    0x1168, 0x7d9a, 0x7d9a, 0x1a2c, 0x7d9a, 0x7d9a, 0x7d9a, 0x1168, 0xf81f, 0x0000, 0x1168, 0x1168,
    0x2b10, 0x7d9a, 0x7d9a, 0x7d9a, 0x7d9a, 0x1168, 0x1168, 0x7d9a, 0x7d9a, 0x7d9a, 0x0000, 0x1168,
    0x7d9a, 0x7d9a, 0x0000, 0x7d9a, 0x7d9a, 0x1168, 0x0000, 0xf81f, 0xf81f, 0xf81f, 0xf81f, 0xf81f,
    0xf81f, 0xf81f, 0xf81f, 0xf81f, 0xf81f, 0xf81f, 0xf81f, 0xf81f, 0xf81f, 0xf81f, 0xf81f, 0xf81f,
    0xf81f, 0xf81f, 0xf81f, 0xf81f, 0xf81f, 0xf81f, 0xf81f, 0xf81f, 0xf81f, 0xf81f, 0xf81f, 0xf81f,
    0xf81f, 0xf81f, 0xf81f, 0xf81f, 0xf81f, 0xf81f, 0xf81f, 0xf81f, 0xf81f, 0xf81f, 0xf81f, 0xf81f,
    0xf81f, 0xf81f, 0xf81f, 0xf81f, 0xf81f, 0xf81f, 0xf81f, 0xf81f, 0xf81f, 0xf81f, 0xf81f, 0x0000,
    0x0000, 0x4c56, 0x4c56, 0x0000, 0x2b10, 0x4c56, 0x4c56, 0x0000, 0x4c56, 0x4c56, 0x4c56, 0x0000,
    0x1168, 0x1168, 0x1168, 0x1168, 0x0000, 0x7d9a, 0x7d9a, 0x1168, 0xf81f, 0x0000, 0x1168, 0x1168,
    0x1168, 0x0000, 0x1168, 0x7d9a, 0x7d9a, 0x0000, 0x1168, 0x1168, 0x1168, 0x1168, 0x0000, 0x1168,
    0x1168, 0x1168, 0x0000, 0x7d9a, 0x7d9a, 0x1168, 0x0000, 0xf81f, 0xf81f, 0xf81f, 0xf81f, 0xf81f,
    0xf81f, 0xf81f, 0xf81f, 0xf81f, 0xf81f, 0xf81f, 0xf81f, 0xf81f, 0xf81f, 0xf81f, 0xf81f, 0xf81f,
    0xf81f, 0xf81f, 0xf81f, 0xf81f, 0xf81f, 0xf81f, 0xf81f, 0xf81f, 0xf81f, 0xf81f, 0xf81f, 0xf81f,
    0xf81f, 0xf81f, 0xf81f, 0xf81f, 0xf81f, 0xf81f, 0xf81f, 0xf81f, 0xf81f, 0xf81f, 0xf81f, 0xf81f,
    0xf81f, 0xf81f, 0xf81f, 0xf81f, 0xf81f, 0xf81f, 0xf81f, 0xf81f, 0xf81f, 0xf81f, 0xf81f, 0xf81f,
    0x0000, 0x0000, 0x0000, 0x0000, 0x0000, 0x0000, 0x0000, 0x0000, 0x0000, 0x0000, 0x0000, 0x0000,
    0x0000, 0x0000, 0x0000, 0x0000, 0x0000, 0x0000, 0x0000, 0x0000, 0xf81f, 0x0000, 0x0000, 0x0000,
    0x0000, 0x0000, 0x0000, 0x0000, 0x0000, 0x0000, 0x0000, 0x0000, 0x0000, 0x0000, 0x0000, 0x0000,
    0x0000, 0x0000, 0x0000, 0x0000, 0x0000, 0x0000, 0x0000, 0xf81f, 0xf81f, 0xf81f, 0xf81f, 0xf81f,
    0xf81f, 0xf81f, 0xf81f, 0xf81f, 0xf81f, 0xf81f, 0xf81f, 0xf81f, 0xf81f, 0xf81f, 0xf81f, 0xf81f,
    0xf81f, 0xf81f, 0xf81f, 0xf81f, 0xf81f, 0xf81f, 0xf81f, 0xf81f, 0xf81f, 0xf81f, 0xf81f, 0xf81f,
    0xf81f, 0xf81f, 0xf81f, 0xf81f, 0xf81f, 0xf81f, 0xf81f, 0xf81f, 0xf81f, 0xf81f, 0xf81f, 0xf81f,
    0xf81f, 0xf81f, 0xf81f, 0xf81f, 0xf81f, 0xf81f, 0xf81f, 0xf81f, 0xf81f, 0xf81f, 0xf81f, 0xf81f,
    0xf81f, 0xf81f, 0xf81f, 0xf81f, 0xf81f, 0xf81f, 0xf81f, 0xf81f, 0xf81f, 0xf81f, 0xf81f, 0xf81f,
    0xf81f, 0xf81f, 0xf81f, 0xf81f, 0xf81f, 0xf81f, 0xf81f, 0xf81f, 0xf81f, 0xf81f, 0xf81f, 0xf81f,
    0xf81f, 0xf81f, 0xf81f, 0xf81f, 0xf81f, 0xf81f, 0xf81f, 0xf81f, 0xf81f, 0xf81f, 0xf81f, 0xf81f,
    0xf81f, 0xf81f, 0xf81f, 0xf81f, 0xf81f, 0xf81f, 0xf81f, 0xf81f, 0xf81f, 0xf81f, 0xf81f, 0xf81f,
    0xf81f, 0xf81f, 0xf81f, 0xf81f, 0xf81f, 0xf81f, 0xf81f, 0xf81f, 0xf81f, 0xf81f, 0xf81f, 0xf81f,
    0xf81f, 0xf81f, 0xf81f, 0xf81f, 0xf81f, 0xf81f, 0xf81f, 0xf81f, 0xf81f, 0xf81f, 0xf81f, 0xf81f,
};

static const Fuchey::SpriteAnim YetiAnim = {
    YetiAnim_data, 96, 96, 12, 10, true,
};
